
Gurobi 12.0.0 (win64) logging started Sat Feb 14 21:47:05 2026

Set parameter LogFile to value "Storage_orig/Logs/log______Sens_truck_cost_multiplier_0.5_2026_02_14_21_47_05.log"
Set parameter MIPGap to value 0.01
Set parameter OutputFlag to value 1
Read solution from file Storage_orig/Solutions/solved________2026_02_14_21_26_11.sol
Gurobi Optimizer version 12.0.0 build v12.0.0rc1 (win64 - Windows 11+.0 (26200.2))

CPU model: Intel(R) Core(TM) i7-9750H CPU @ 2.60GHz, instruction set [SSE2|AVX|AVX2]
Thread count: 6 physical cores, 12 logical processors, using up to 12 threads

Non-default parameters:
MIPGap  0.01
MIPFocus  1

Optimize a model with 6604 rows, 1332 columns and 17992 nonzeros
Model fingerprint: 0x62a9eb31
Variable types: 32 continuous, 1300 integer (724 binary)
Coefficient statistics:
  Matrix range     [2e-01, 1e+03]
  Objective range  [1e+01, 4e+03]
  Bounds range     [1e+00, 1e+00]
  RHS range        [1e+00, 1e+03]

Loaded user MIP start with objective 4774

Presolve removed 4892 rows and 228 columns
Presolve time: 0.02s
Presolved: 1712 rows, 1104 columns, 10516 nonzeros
Variable types: 32 continuous, 1072 integer (624 binary)

Root relaxation: objective 3.302840e+03, 836 iterations, 0.01 seconds (0.02 work units)

    Nodes    |    Current Node    |     Objective Bounds      |     Work
 Expl Unexpl |  Obj  Depth IntInf | Incumbent    BestBd   Gap | It/Node Time

     0     0 3302.84000    0   16 4774.00000 3302.84000  30.8%     -    0s
     0     0 3741.26469    0   46 4774.00000 3741.26469  21.6%     -    0s
     0     0 3750.84408    0   57 4774.00000 3750.84408  21.4%     -    0s
     0     0 3750.84408    0   61 4774.00000 3750.84408  21.4%     -    0s
     0     0 3895.37146    0  112 4774.00000 3895.37146  18.4%     -    0s
     0     0 3920.42008    0  123 4774.00000 3920.42008  17.9%     -    0s
     0     0 3928.71791    0  130 4774.00000 3928.71791  17.7%     -    0s
     0     0 3929.30826    0  123 4774.00000 3929.30826  17.7%     -    0s
     0     0 3929.30826    0  124 4774.00000 3929.30826  17.7%     -    0s
     0     0 3940.32000    0   35 4774.00000 3940.32000  17.5%     -    0s
     0     0 3940.32000    0   38 4774.00000 3940.32000  17.5%     -    0s
     0     0 4215.22827    0   98 4774.00000 4215.22827  11.7%     -    0s
     0     0 4225.22467    0  130 4774.00000 4225.22467  11.5%     -    0s
     0     0 4248.29740    0  135 4774.00000 4248.29740  11.0%     -    0s
     0     0 4249.69255    0  137 4774.00000 4249.69255  11.0%     -    0s
     0     0 4250.19598    0  136 4774.00000 4250.19598  11.0%     -    0s
     0     0 4251.00375    0  138 4774.00000 4251.00375  11.0%     -    0s
     0     0 4258.51077    0  135 4774.00000 4258.51077  10.8%     -    0s
     0     0 4258.51077    0  134 4774.00000 4258.51077  10.8%     -    0s
     0     0 4302.07163    0  202 4774.00000 4302.07163  9.89%     -    0s
     0     2 4305.07163    0  195 4774.00000 4305.07163  9.82%     -    0s
  1853  1145 4677.14530   30   43 4774.00000 4374.37790  8.37%  56.9    5s
  2326  1156 4748.00000   18   12 4774.00000 4447.59491  6.84%  56.8   10s
  3015  1148 4581.84424   32  112 4774.00000 4448.00000  6.83%  51.3   15s
  3987  1361 4448.04950   31    9 4774.00000 4448.00000  6.83%  51.2   20s
  5968  2284 4454.00000   35    4 4774.00000 4448.00000  6.83%  49.6   25s
  6983  2892 4448.00871   27   28 4774.00000 4448.00000  6.83%  49.1   30s
 10144  4968 infeasible   57      4774.00000 4448.01317  6.83%  49.0   35s
 11632  6233 4448.25187   37   15 4774.00000 4448.01681  6.83%  49.4   40s
 15081  7672 4487.33985   55  121 4774.00000 4448.01817  6.83%  49.7   45s
 18604  9480 4587.53847   39   93 4774.00000 4448.02550  6.83%  50.5   50s
 20078 10690 4550.70264   53   86 4774.00000 4448.02562  6.83%  50.7   55s
 22333 11820 4448.15367   40   75 4774.00000 4448.02587  6.83%  51.8   60s
 25030 13448 4519.09248   40  163 4774.00000 4448.02600  6.83%  53.8   66s
 27201 14443 4466.56762   45   34 4774.00000 4448.02700  6.83%  54.3   71s
 29586 15720 4567.61438   34  151 4774.00000 4448.03009  6.83%  55.2   75s
 32233 17162 4493.83742   46   28 4774.00000 4448.03068  6.83%  55.4   80s
 35952 19182 4480.76774   45   44 4774.00000 4448.03886  6.83%  55.1   85s
 38866 20397 4756.04509   53   42 4774.00000 4448.04279  6.83%  55.4   90s
 41777 21451 4512.81264   47  126 4774.00000 4448.05000  6.83%  55.7   95s
 44948 23390     cutoff   57      4774.00000 4448.05050  6.83%  56.2  100s
 46886 23879 4451.46667   39    3 4774.00000 4448.05101  6.83%  56.6  106s
 48166 24951 4448.42174   42   66 4774.00000 4448.05185  6.83%  57.0  110s
 50833 25831 4503.40000   48    6 4774.00000 4448.06000  6.83%  57.1  115s
 53847 27509 4452.93454   42   54 4774.00000 4448.06085  6.83%  58.4  122s
 55867 27693 4524.27882   44  178 4774.00000 4448.06085  6.83%  58.8  125s
 59429 29488 4587.78261   43   36 4774.00000 4448.07343  6.83%  59.0  130s
 60276 30434 4461.71091   68   31 4774.00000 4448.08961  6.83%  59.2  136s
 64353 32052 4599.29531   40  129 4774.00000 4448.10000  6.83%  59.7  141s
 66311 33254 4549.55982   40  109 4774.00000 4448.10000  6.83%  60.1  146s
 69100 34469 4467.73333   39   18 4774.00000 4448.10462  6.83%  60.2  150s
 70800 35393 4488.82795   59   29 4774.00000 4448.10600  6.83%  60.5  155s
 73882 36886     cutoff   39      4774.00000 4448.11460  6.83%  60.6  160s
 77015 38079 4448.27500   38   17 4774.00000 4448.13148  6.83%  60.7  166s
 80359 39039 4519.17409   38   50 4774.00000 4448.14748  6.83%  61.1  172s
 80449 39233 4450.36408   38   22 4774.00000 4448.14748  6.83%  61.2  176s
 81367 39856 infeasible   43      4774.00000 4448.14800  6.83%  61.4  180s
 85145 41597 4576.06548   47  193 4774.00000 4448.14900  6.83%  61.9  185s
 87958 42111 4580.90798   44  152 4774.00000 4448.15375  6.83%  62.1  190s
 90616 44026 4514.33109   62   23 4774.00000 4448.15783  6.83%  62.0  196s
 92939 44378 4494.28952   44   58 4774.00000 4448.17891  6.82%  61.9  201s
 96088 45831 4455.82825   58  143 4774.00000 4448.20333  6.82%  62.2  206s
 97441 46262 4611.60369   57  102 4774.00000 4448.20413  6.82%  62.3  210s
 101709 48017 4449.73508   51   20 4774.00000 4448.20754  6.82%  61.9  215s
 102748 48387 4590.89977   70  143 4774.00000 4448.21667  6.82%  62.0  220s
 106275 50173 4528.32001   55  102 4774.00000 4448.22550  6.82%  62.7  225s
 108334 51279 4612.91442   60   86 4774.00000 4448.22550  6.82%  62.5  231s
 112953 52971 4464.65727   52  121 4774.00000 4448.22733  6.82%  61.7  235s
 115382 53825 4609.48288   67   29 4774.00000 4448.22733  6.82%  61.4  241s
 118579 54639 4559.49439   56  148 4774.00000 4448.24814  6.82%  61.5  245s
 119117 54956 4648.61376   52   30 4774.00000 4448.24902  6.82%  61.5  250s
 121990 55880 4606.73977   51  108 4774.00000 4448.25235  6.82%  61.9  255s
 124454 56326     cutoff   53      4774.00000 4448.25250  6.82%  61.9  260s
 127588 58468 infeasible   52      4774.00000 4448.25483  6.82%  61.8  266s
 130933 58915 4581.01079   51   59 4774.00000 4448.26377  6.82%  61.5  270s
 133412 60159 4684.47913   47  118 4774.00000 4448.26843  6.82%  61.6  275s
 136308 60738 infeasible   52      4774.00000 4448.27828  6.82%  61.8  281s
 137756 61657 4572.78284   51  117 4774.00000 4448.27881  6.82%  61.9  286s
 142095 62468 infeasible   45      4774.00000 4448.28050  6.82%  62.1  291s
 143613 62474 infeasible   48      4774.00000 4448.28325  6.82%  62.0  295s
 144179 62851 4473.12194   52  107 4774.00000 4448.28522  6.82%  62.1  300s
 145683 64037 4631.06079   97   21 4774.00000 4448.29353  6.82%  62.0  305s
 150377 65649 4563.61883   73   35 4774.00000 4448.30556  6.82%  61.8  310s
 152988 66205 4500.14903   66   46 4774.00000 4448.30923  6.82%  61.8  315s
 154967 67471 4486.26770   44  106 4774.00000 4448.31613  6.82%  61.9  320s
 157272 67907     cutoff   47      4774.00000 4448.33132  6.82%  62.2  326s
 158312 68694 infeasible   47      4774.00000 4448.33132  6.82%  62.4  331s
 160885 69680 infeasible   46      4774.00000 4448.33275  6.82%  62.7  335s
 162352 69747 4585.37672   44   69 4774.00000 4448.34287  6.82%  62.7  341s
 163214 70201 4580.68333   53    8 4774.00000 4448.34816  6.82%  62.8  345s
 164724 71070 4590.11591   43  118 4774.00000 4448.37441  6.82%  62.9  351s
 168515 71710 4499.26667   47    5 4774.00000 4448.42032  6.82%  63.2  357s
 169358 72439 4472.37733   39   11 4774.00000 4448.42804  6.82%  63.4  361s
 172639 73111     cutoff   49      4774.00000 4448.46640  6.82%  63.7  366s
 172679 73186 4580.90758   49   70 4774.00000 4448.47067  6.82%  63.8  371s
 174083 74398 4482.66973   60   76 4774.00000 4448.47575  6.82%  64.0  376s
 177584 75423 infeasible   59      4774.00000 4448.50000  6.82%  64.0  380s
 182224 76843 4514.00802   45  163 4774.00000 4448.51948  6.82%  63.9  387s
 182240 81447 4514.26707   46  165 4774.00000 4448.51948  6.82%  63.9  404s
 194240 81454 4559.76873   40   26 4774.00000 4448.54095  6.82%  64.1  406s
 195017 81923 4449.17647   42    8 4774.00000 4448.54095  6.82%  64.1  410s
 198044 82296 4514.95000   55   40 4774.00000 4448.58824  6.82%  64.4  416s
 198887 82787 4631.88417   45   92 4774.00000 4448.60758  6.82%  64.5  420s
 202908 83442 infeasible   48      4774.00000 4448.65007  6.82%  64.9  426s
 203431 84148 4456.29165   48   79 4774.00000 4448.66212  6.81%  64.9  431s
 206294 84837 4448.90058   45   15 4774.00000 4448.70342  6.81%  65.2  435s
 206876 85093 4571.83035   47  162 4774.00000 4448.71189  6.81%  65.4  440s
 209469 85996 infeasible   40      4774.00000 4448.77230  6.81%  65.7  445s
 210974 86006 4615.95375   47   55 4774.00000 4448.80075  6.81%  65.7  450s
 211817 86629 infeasible   59      4774.00000 4448.80383  6.81%  65.7  455s
 215584 87504 4523.99683   59  119 4774.00000 4448.87474  6.81%  65.7  460s
 218669 88725 4583.01940   39   69 4774.00000 4448.90000  6.81%  65.7  465s
 221040 89313 4479.17218   38  110 4774.00000 4448.90950  6.81%  65.6  470s
 224570 90035 4555.08560   41   24 4774.00000 4448.95854  6.81%  65.9  476s
 225476 90496 4656.36800   45   16 4774.00000 4448.97925  6.81%  65.9  480s
 229377 91090 4551.99460   34   91 4774.00000 4449.03478  6.81%  66.1  486s
 230006 91631 4561.15398   47   78 4774.00000 4449.05226  6.81%  66.1  490s
 232934 92478     cutoff   46      4774.00000 4449.09864  6.81%  66.3  495s
 234726 92921 infeasible   40      4774.00000 4449.11458  6.81%  66.2  501s
 237500 94147 4494.73994   55  109 4774.00000 4449.13420  6.80%  66.4  505s
 239764 94567 4629.46612   54   89 4774.00000 4449.15663  6.80%  66.4  510s
 243339 95863 4461.74655   38   80 4774.00000 4449.18861  6.80%  66.4  516s
 244068 95943 infeasible   45      4774.00000 4449.19208  6.80%  66.4  520s
 246643 96875     cutoff   49      4774.00000 4449.23691  6.80%  66.6  526s
 248166 96885 4454.00000   31   15 4774.00000 4449.28014  6.80%  66.7  531s
 248839 97435 4455.06213   42   81 4774.00000 4449.28794  6.80%  66.7  536s
 251268 98741 4519.40182   51  133 4774.00000 4449.34199  6.80%  66.8  540s
 254361 99617 4572.27360   50   91 4774.00000 4449.35952  6.80%  66.9  545s
 257765 100406 4526.47957   45  166 4774.00000 4449.37350  6.80%  66.8  551s
 261308 101793 infeasible   62      4774.00000 4449.43160  6.80%  66.6  556s
 263503 102119 4576.65825   41   18 4774.00000 4449.51680  6.80%  66.7  561s
 265893 103320 4549.06297   50   91 4774.00000 4449.58334  6.80%  66.8  566s
 268243 103692 4579.00000   40    7 4774.00000 4449.65542  6.79%  66.9  570s
 269583 104551 4585.68989   51   83 4774.00000 4449.68996  6.79%  67.0  575s
 273667 105450 4566.95984   53   43 4774.00000 4449.75172  6.79%  67.0  582s
 273696 109709 4657.33350   51   10 4774.00000 4449.75800  6.79%  67.0  596s
 286824 109956 4665.59800   52   25 4774.00000 4449.88068  6.79%  66.9  600s
 289060 110774 4570.58982   49  173 4774.00000 4449.92215  6.79%  67.0  605s
 292010 111556 4499.42825   38  111 4774.00000 4449.99477  6.79%  67.1  611s
 296184 112440 4541.13117   68   45 4774.00000 4450.08658  6.78%  67.1  616s
 299793 113393 4561.35057   43  115 4774.00000 4450.14997  6.78%  67.2  621s
 302067 114012 4491.09501   55  132 4774.00000 4450.18333  6.78%  67.2  625s
 305213 114994 infeasible   45      4774.00000 4450.22270  6.78%  67.3  630s
 309216 116077 4499.80841   50   17 4774.00000 4450.28718  6.78%  67.3  636s
 312591 116870 infeasible   55      4774.00000 4450.34351  6.78%  67.2  640s
 315616 117785     cutoff   59      4774.00000 4450.42314  6.78%  67.3  645s
 318739 118643 4576.75308   43  111 4774.00000 4450.47724  6.78%  67.4  650s
 321297 119471 4478.15921   52  119 4774.00000 4450.50263  6.78%  67.4  656s
 323859 120081 4577.23324   52  116 4774.00000 4450.57985  6.77%  67.4  660s
 328242 121094 4529.75931   36  155 4774.00000 4450.69891  6.77%  67.3  666s
 331278 121529 4584.42500   52   25 4774.00000 4450.79900  6.77%  67.4  670s
 334952 121990 4553.56026   42   68 4774.00000 4450.94163  6.77%  67.4  675s
 337449 122461 4664.48333   73    7 4774.00000 4450.98061  6.77%  67.5  680s
 338684 123108 4671.09985   56   23 4774.00000 4451.00000  6.77%  67.6  685s
 341524 124296 4715.18000   54   73 4774.00000 4451.00000  6.77%  67.7  691s
 343584 125555     cutoff   53      4774.00000 4451.00000  6.77%  67.8  695s
 346684 126934 4558.12330   57   33 4774.00000 4451.00000  6.77%  67.7  700s
 350729 128719 infeasible   52      4774.00000 4451.00000  6.77%  67.7  706s
 353049 129763     cutoff   52      4774.00000 4451.00632  6.77%  67.7  710s
 357252 131340 4482.14729   49   80 4774.00000 4451.02968  6.77%  67.7  716s
 361006 133372 4484.40700   40   10 4774.00000 4451.03861  6.77%  67.8  721s
 364926 135233 4557.57662   50   82 4774.00000 4451.04915  6.76%  67.7  727s
 367712 136534 4457.90000   45   65 4774.00000 4451.04950  6.76%  67.8  730s
 371665 137995 infeasible   54      4774.00000 4451.05835  6.76%  67.8  735s
 375244 139411 4452.90282   46  103 4774.00000 4451.08835  6.76%  67.8  741s
 378369 140712 4451.90000   38   11 4774.00000 4451.10909  6.76%  67.8  746s
 379247 141098 4583.25400   39   18 4774.00000 4451.11010  6.76%  67.8  750s
 382136 142637 4631.28422   49  154 4774.00000 4451.11221  6.76%  68.1  756s
 384763 143424 4547.84119   50  134 4774.00000 4451.11280  6.76%  68.2  761s
 388081 144613 infeasible   59      4774.00000 4451.11360  6.76%  68.5  766s
 390501 145415 4451.39344   46   28 4774.00000 4451.11360  6.76%  68.7  771s
 392754 146200 infeasible   53      4774.00000 4451.11440  6.76%  68.8  775s
 395933 147232 4596.42351   46  202 4774.00000 4451.12560  6.76%  68.9  780s
 398262 148665 4585.31000   70   12 4774.00000 4451.12798  6.76%  69.2  786s
 401134 149494 4463.00000   44   14 4774.00000 4451.12980  6.76%  69.3  791s
 403731 150668 4625.29075   48  173 4774.00000 4451.14100  6.76%  69.4  795s
 406458 151736 4520.92743   59   45 4774.00000 4451.14131  6.76%  69.5  800s
 410257 153195 infeasible   53      4774.00000 4451.14465  6.76%  69.7  806s
 412600 154193 4645.64947   48  106 4774.00000 4451.15400  6.76%  69.7  810s
 417212 155761 4451.52285   41   98 4774.00000 4451.17688  6.76%  69.7  816s
 420082 157068 infeasible   53      4774.00000 4451.18400  6.76%  69.6  821s
 423906 158760 infeasible   63      4774.00000 4451.18800  6.76%  69.6  826s
 427390 159557 4478.12967   41   83 4774.00000 4451.19250  6.76%  69.5  830s
 430260 161004 4451.42857   45   24 4774.00000 4451.20079  6.76%  69.5  835s
 433276 161906 4451.24242   43   22 4774.00000 4451.20168  6.76%  69.7  840s
 436420 162706 4628.29487   48  158 4774.00000 4451.20522  6.76%  69.9  846s
 438791 163766 4626.50116   48  123 4774.00000 4451.21125  6.76%  70.0  851s
 443776 165289 4586.24467   53   12 4774.00000 4451.21400  6.76%  70.0  856s
 445835 166022 4550.33449   44   52 4774.00000 4451.21450  6.76%  70.0  860s
 448586 167162 infeasible   49      4774.00000 4451.21633  6.76%  70.1  865s
 452069 168508 infeasible   45      4774.00000 4451.21725  6.76%  70.2  871s
 454152 169342     cutoff   58      4774.00000 4451.22150  6.76%  70.2  875s
 456954 170117 infeasible   39      4774.00000 4451.22643  6.76%  70.2  880s
 460563 171951 4548.52253   61   35 4774.00000 4451.23542  6.76%  70.3  886s
 463120 172721 4636.24572   45  144 4774.00000 4451.23741  6.76%  70.3  890s
 465842 173466 4562.03850   42  116 4774.00000 4451.23762  6.76%  70.6  896s
 468560 175045 4584.30655   56   63 4774.00000 4451.23786  6.76%  70.5  901s
 471720 176236 4577.34341   49  170 4774.00000 4451.23846  6.76%  70.5  905s
 476325 177824 infeasible   52      4774.00000 4451.23846  6.76%  70.4  910s
 479791 178919 4585.44656   51  155 4774.00000 4451.24000  6.76%  70.4  915s
 482888 180163 4597.13973   65   28 4774.00000 4451.24000  6.76%  70.4  921s
 486757 181248 4579.36737   39   55 4774.00000 4451.24000  6.76%  70.3  926s
 490531 182878 infeasible   58      4774.00000 4451.25291  6.76%  70.3  931s
 493857 184230     cutoff   56      4774.00000 4451.25874  6.76%  70.3  935s
 497855 185810 4558.38700   52   11 4774.00000 4451.26549  6.76%  70.3  941s
 500038 186631 4478.25046   61  125 4774.00000 4451.27157  6.76%  70.4  945s
 503465 187933 4578.77130   58  137 4774.00000 4451.27769  6.76%  70.3  950s
 507189 188991 4548.05561   60  120 4774.00000 4451.28276  6.76%  70.3  956s
 509310 190002 4559.68333   45    9 4774.00000 4451.28712  6.76%  70.4  960s
 513055 191409 4575.87916   43  173 4774.00000 4451.29500  6.76%  70.4  965s
 517212 193013 4595.70920   65   26 4774.00000 4451.29750  6.76%  70.3  971s
 520539 193737 infeasible   50      4774.00000 4451.30092  6.76%  70.4  975s
 522486 194321 infeasible   54      4774.00000 4451.30292  6.76%  70.4  981s
 524967 195376 4455.92775   42   17 4774.00000 4451.31230  6.76%  70.4  985s
 528665 196556 infeasible   44      4774.00000 4451.32706  6.76%  70.5  990s
 531129 197020 infeasible   51      4774.00000 4451.32725  6.76%  70.6  995s
 534972 198656 4509.79822   57   82 4774.00000 4451.33230  6.76%  70.6 1001s
 538047 199747     cutoff   50      4774.00000 4451.33821  6.76%  70.6 1005s
 542328 201123 infeasible   45      4774.00000 4451.35152  6.76%  70.5 1011s
 545384 201895 4559.92957   63   28 4774.00000 4451.36372  6.76%  70.6 1016s
 547310 202578     cutoff   59      4774.00000 4451.37082  6.76%  70.6 1021s
 549210 203469 4592.41226   61  163 4774.00000 4451.38006  6.76%  70.7 1026s
 552014 204135 infeasible   53      4774.00000 4451.39303  6.76%  70.7 1031s
 554507 205271 4452.69492   45   12 4774.00000 4451.39826  6.76%  70.8 1036s
 557397 206063 4596.29001   44  204 4774.00000 4451.42105  6.76%  70.8 1040s
 561012 206569     cutoff   49      4774.00000 4451.43904  6.76%  71.0 1047s
 563180 207252 4453.69037   57    9 4774.00000 4451.45000  6.76%  71.0 1051s
 566017 208323     cutoff   52      4774.00000 4451.46154  6.76%  71.1 1056s
 569850 209142 4555.01605   43   26 4774.00000 4451.47034  6.76%  71.2 1061s
 572233 209713 infeasible   57      4774.00000 4451.48176  6.76%  71.2 1065s
 575877 210927 4452.53623   41   51 4774.00000 4451.49856  6.76%  71.3 1070s
 579294 212003 4593.09253   64   89 4774.00000 4451.51321  6.76%  71.3 1076s
 581140 212738 4454.43992   58   28 4774.00000 4451.51694  6.75%  71.3 1080s
 585353 214152     cutoff   53      4774.00000 4451.53774  6.75%  71.3 1086s
 588495 215115 infeasible   48      4774.00000 4451.55070  6.75%  71.4 1091s
 590682 215641 infeasible   47      4774.00000 4451.56604  6.75%  71.4 1095s
 594345 216963 4481.02354   55   41 4774.00000 4451.57895  6.75%  71.4 1101s
 597085 217849 4555.37433   59   12 4774.00000 4451.59680  6.75%  71.5 1105s
 601402 219191 infeasible   43      4774.00000 4451.62932  6.75%  71.5 1111s
 605292 219721 4451.74140   57   24 4774.00000 4451.67265  6.75%  71.5 1116s
 607447 220233 infeasible   46      4774.00000 4451.69642  6.75%  71.6 1120s
 611330 221405 4540.19227   47   24 4774.00000 4451.73222  6.75%  71.5 1126s
 614942 222291 4559.54184   54  138 4774.00000 4451.77637  6.75%  71.6 1131s
 617387 222835 4477.19787   65   86 4774.00000 4451.80851  6.75%  71.6 1135s
 620994 223552 4477.19787   67   84 4774.00000 4451.85963  6.75%  71.7 1141s
 623518 223622     cutoff   49      4774.00000 4451.87548  6.75%  71.7 1146s
 626219 224294     cutoff   44      4774.00000 4451.89409  6.75%  71.8 1151s
 628369 224970 4556.18548   50  107 4774.00000 4451.90000  6.75%  71.8 1156s
 631592 225812 4582.81000   46   10 4774.00000 4451.91481  6.75%  71.8 1160s
 634121 226670 4524.18924   56   82 4774.00000 4451.94243  6.75%  71.8 1166s
 637406 227392 4563.55576   63   36 4774.00000 4451.96458  6.75%  71.7 1170s
 641096 228238     cutoff   60      4774.00000 4451.99158  6.75%  71.7 1176s
 643673 228678     cutoff   64      4774.00000 4452.01000  6.74%  71.7 1181s
 644436 229313 4640.49608   46  206 4774.00000 4452.01000  6.74%  71.7 1185s
 647392 230124 infeasible   48      4774.00000 4452.02498  6.74%  71.8 1190s
 651802 231414 4455.60133   47    7 4774.00000 4452.05711  6.74%  71.7 1196s
 655987 232218 4592.52133   53   24 4774.00000 4452.08534  6.74%  71.7 1201s
 657291 235030 4528.31493   46   93 4774.00000 4452.10063  6.74%  71.7 1219s
 666291 235030 4680.12000   40   16 4774.00000 4452.10067  6.74%  71.6 1220s
 670724 235499     cutoff   53      4774.00000 4452.19754  6.74%  71.6 1226s
 672444 236076 infeasible   51      4774.00000 4452.21121  6.74%  71.6 1230s
 675763 237043 4508.49704   41   50 4774.00000 4452.28158  6.74%  71.7 1236s
 679799 237706 4582.63563   53   95 4774.00000 4452.34455  6.74%  71.7 1242s
 679860 237724 4589.15904   49   95 4774.00000 4452.35220  6.74%  71.7 1246s
 681314 238162 4594.90071   41  153 4774.00000 4452.37295  6.74%  71.7 1250s
 683765 238915 4579.10156   54   21 4774.00000 4452.39279  6.74%  71.7 1257s
 686456 239543 4518.57614   52   83 4774.00000 4452.42480  6.74%  71.7 1261s
 689655 240266 4613.62667   43   15 4774.00000 4452.49778  6.73%  71.7 1265s
 693339 240958     cutoff   58      4774.00000 4452.55868  6.73%  71.7 1271s
 695690 241595 4457.15400   36   24 4774.00000 4452.59649  6.73%  71.7 1275s
 699393 242380 4604.01120   45   30 4774.00000 4452.65259  6.73%  71.8 1280s
 700654 242393 4453.18333   35   16 4774.00000 4452.66983  6.73%  71.8 1285s
 701318 242868 infeasible   58      4774.00000 4452.67246  6.73%  71.8 1291s
 704320 243896 4580.12051   51  151 4774.00000 4452.70183  6.73%  71.8 1295s
 708736 245322 4697.53717   46  182 4774.00000 4452.72433  6.73%  71.7 1300s
 712501 246676 4453.15672   49   42 4774.00000 4452.73960  6.73%  71.7 1306s
 716805 247703 4521.49346   61  126 4774.00000 4452.77366  6.73%  71.7 1311s
 718292 248131 4690.42582   57  109 4774.00000 4452.78333  6.73%  71.7 1315s
 721010 248829 infeasible   62      4774.00000 4452.80000  6.73%  71.7 1320s
 722711 249178     cutoff   45      4774.00000 4452.82583  6.73%  71.7 1326s
 725275 249670 4575.06333   54   26 4774.00000 4452.86667  6.73%  71.7 1330s
 729314 250634 4479.30000   43    7 4774.00000 4452.90218  6.73%  71.8 1337s
 731487 251568     cutoff   72      4774.00000 4452.91201  6.73%  71.8 1341s
 733003 251673     cutoff   70      4774.00000 4452.93300  6.73%  71.8 1345s
 736433 253039 infeasible   47      4774.00000 4452.97545  6.72%  71.8 1351s
 739339 253631 4681.63945   49  160 4774.00000 4452.99356  6.72%  71.8 1355s
 743027 254574 infeasible   40      4774.00000 4453.05843  6.72%  71.9 1361s
 744469 254647 4471.72251   34  104 4774.00000 4453.07915  6.72%  71.9 1365s
 747280 255556 4614.52533   44   17 4774.00000 4453.11131  6.72%  71.9 1371s
 749749 256281 4456.50732   50  108 4774.00000 4453.13333  6.72%  71.9 1376s
 752210 256882 infeasible   51      4774.00000 4453.16283  6.72%  71.9 1380s
 755137 257275 4550.78434   59   52 4774.00000 4453.18805  6.72%  71.9 1385s
 757523 258310 infeasible   48      4774.00000 4453.20702  6.72%  71.9 1392s
 760534 258786 4453.75125   54   61 4774.00000 4453.24353  6.72%  71.9 1396s
 763092 259444 4617.35471   46   21 4774.00000 4453.26582  6.72%  71.9 1400s
 767534 260285 4552.00000   52   11 4774.00000 4453.33061  6.72%  71.9 1406s
 768772 260541     cutoff   36      4774.00000 4453.34917  6.72%  71.9 1411s
 771751 261328 infeasible   46      4774.00000 4453.39118  6.72%  71.9 1416s
 774706 261818 4453.54745   54   28 4774.00000 4453.45883  6.71%  71.9 1420s
 778947 262420 infeasible   54      4774.00000 4453.51636  6.71%  71.9 1426s
 780475 262760 4682.57522   44  118 4774.00000 4453.55102  6.71%  71.9 1431s
 783064 263154 4585.88898   46   73 4774.00000 4453.59729  6.71%  71.9 1435s
 785749 263828 4583.24878   60   20 4774.00000 4453.62746  6.71%  71.9 1441s
 788149 264177 infeasible   49      4774.00000 4453.66549  6.71%  71.9 1446s
 788842 264566 4627.68082   51  132 4774.00000 4453.66549  6.71%  71.8 1452s
 792318 265331 4754.53398   62   19 4774.00000 4453.72505  6.71%  71.8 1457s
 795895 265811     cutoff   50      4774.00000 4453.78756  6.71%  71.8 1460s
 800185 266497 infeasible   44      4774.00000 4453.90313  6.71%  71.8 1466s
 802246 266673 4582.00000   45   17 4774.00000 4453.93070  6.70%  71.8 1471s
 805451 264678     cutoff   58      4774.00000 4453.98061  6.70%  71.8 1475s
 808143 265087 4648.38793   50   86 4774.00000 4454.00000  6.70%  71.8 1480s
 811934 266583 4465.13752   39   79 4774.00000 4454.00000  6.70%  71.8 1486s
 814489 267095 4606.94882   52   38 4774.00000 4454.01171  6.70%  71.7 1490s
 816711 268196 4465.27614   49   73 4774.00000 4454.03612  6.70%  71.7 1496s
 820651 269473 4457.31330   40   92 4774.00000 4454.06490  6.70%  71.7 1501s
 823964 270209 4585.70093   49   85 4774.00000 4454.09133  6.70%  71.6 1505s
 825849 270759 4597.27660   48  105 4774.00000 4454.11813  6.70%  71.6 1511s
 827686 271991 4479.41081   40   24 4774.00000 4454.12640  6.70%  71.6 1515s
 831842 273711 4589.04314   50  113 4774.00000 4454.13713  6.70%  71.5 1520s
 835761 275614     cutoff   59      4774.00000 4454.14144  6.70%  71.5 1525s
 840063 277139 4595.10639   69   75 4774.00000 4454.15900  6.70%  71.4 1531s
 841485 277485 4504.56238   53   65 4774.00000 4454.15977  6.70%  71.5 1535s
 844166 278686 4456.38828   51   45 4774.00000 4454.16200  6.70%  71.5 1540s
 848288 280025     cutoff   49      4774.00000 4454.18267  6.70%  71.5 1546s
 850311 280838 4456.06780   51   21 4774.00000 4454.18400  6.70%  71.5 1550s
 852187 281862 4510.73524   49  201 4774.00000 4454.18800  6.70%  71.5 1556s
 855545 283123 infeasible   51      4774.00000 4454.19709  6.70%  71.5 1560s
 859837 284593 4591.71283   63   24 4774.00000 4454.20400  6.70%  71.4 1566s
 862350 285666 4459.48423   43  110 4774.00000 4454.20700  6.70%  71.4 1570s
 864836 286348 infeasible   54      4774.00000 4454.20850  6.70%  71.4 1575s
 867910 288002 4704.05734   42  181 4774.00000 4454.21200  6.70%  71.4 1581s
 871389 289035 4454.45614   45   19 4774.00000 4454.21333  6.70%  71.4 1586s
 873199 289742 4598.40559   31  125 4774.00000 4454.21333  6.70%  71.5 1590s
 876702 290664 4491.79558   66   20 4774.00000 4454.22430  6.70%  71.4 1597s
 876716 294636 4495.48467   67   19 4774.00000 4454.22430  6.70%  71.4 1610s
 889725 295056     cutoff   70      4774.00000 4454.25284  6.70%  71.4 1615s
 890053 295565 4558.67881   66   40 4774.00000 4454.25284  6.70%  71.4 1620s
 893634 296819 infeasible   70      4774.00000 4454.26510  6.70%  71.3 1625s
 897398 298310 4590.97500   57   17 4774.00000 4454.26884  6.70%  71.3 1631s
 900629 299417 4628.26978   58   73 4774.00000 4454.27400  6.70%  71.3 1636s
 902930 299713 4531.20978   44  132 4774.00000 4454.28510  6.70%  71.3 1640s
 904423 300598 infeasible   62      4774.00000 4454.29806  6.70%  71.3 1645s
 908074 301874 4553.50649   51  190 4774.00000 4454.30113  6.70%  71.3 1651s
 911327 302969 4680.71942   52  153 4774.00000 4454.30813  6.70%  71.4 1656s
 913959 303310     cutoff   50      4774.00000 4454.31050  6.70%  71.4 1661s
 914202 303862 4586.17131   63   67 4774.00000 4454.31050  6.70%  71.4 1667s
 917176 304700 4621.36835   52  111 4774.00000 4454.31275  6.70%  71.5 1671s
 919685 305618 4502.75153   36  179 4774.00000 4454.32382  6.70%  71.5 1675s
 923855 306682 4455.78059   63  103 4774.00000 4454.34236  6.70%  71.5 1681s
 926901 307604 4555.35950   45    6 4774.00000 4454.34250  6.70%  71.6 1687s
 929671 308847 4686.74592   50   91 4774.00000 4454.35281  6.70%  71.6 1691s
 932164 309727 4478.11878   59   47 4774.00000 4454.36333  6.70%  71.6 1696s
 935515 310338     cutoff   62      4774.00000 4454.39038  6.69%  71.6 1700s
 937663 311680 4585.00000   52    9 4774.00000 4454.40043  6.69%  71.6 1706s
 939817 312505 infeasible   57      4774.00000 4454.40763  6.69%  71.6 1710s
 943387 313741 infeasible   50      4774.00000 4454.42973  6.69%  71.6 1715s
 946850 314575 4520.71271   52  104 4774.00000 4454.43359  6.69%  71.6 1720s
 947935 315136 4635.87393   56  169 4774.00000 4454.44560  6.69%  71.6 1725s
 949646 316048 4674.30189   42  171 4774.00000 4454.45000  6.69%  71.6 1732s
 953996 316909 4524.30089   49   64 4774.00000 4454.46041  6.69%  71.6 1736s
 956825 317570 4500.90463   44  119 4774.00000 4454.47716  6.69%  71.6 1740s
 959120 317996 4509.90104   52   33 4774.00000 4454.49022  6.69%  71.7 1746s
 961063 318680     cutoff   58      4774.00000 4454.50225  6.69%  71.7 1750s
 965737 319764 4470.55272   55  115 4774.00000 4454.52708  6.69%  71.6 1756s
 968603 320565 infeasible   51      4774.00000 4454.53720  6.69%  71.6 1760s
 971968 321082 4459.34653   64   90 4774.00000 4454.55753  6.69%  71.6 1765s
 973370 321769 4553.39417   50   12 4774.00000 4454.57505  6.69%  71.7 1771s
 975588 322373 4665.82206   54  167 4774.00000 4454.57917  6.69%  71.7 1775s
 979196 323192 4552.24645   50   18 4774.00000 4454.61224  6.69%  71.7 1782s
 981688 323625 4632.78613   53  133 4774.00000 4454.66102  6.69%  71.8 1785s
 984232 323690 4570.02200   44   27 4774.00000 4454.68828  6.69%  71.8 1790s
 985802 324466 4572.96967   50  125 4774.00000 4454.71061  6.69%  71.8 1796s
 989502 325057 4455.05625   43   23 4774.00000 4454.76368  6.69%  71.8 1801s
 992042 325502 4542.56333   52   14 4774.00000 4454.80683  6.69%  71.7 1805s
 995835 326171 infeasible   57      4774.00000 4454.85160  6.69%  71.8 1810s
 997509 326499     cutoff   59      4774.00000 4454.86832  6.68%  71.8 1816s
 999624 326951 4456.61000   52   15 4774.00000 4454.90567  6.68%  71.8 1820s
 1002765 327725     cutoff   45      4774.00000 4454.93333  6.68%  71.8 1826s
 1005399 328269 4588.35967   41   10 4774.00000 4454.94737  6.68%  71.8 1830s
 1007415 328387 infeasible   47      4774.00000 4454.98768  6.68%  71.8 1835s
 1008994 329104 4475.16667   44    9 4774.00000 4455.01187  6.68%  71.9 1840s
 1013267 330143 infeasible   41      4774.00000 4455.06168  6.68%  71.9 1846s
 1016455 330785 4691.65269   51   76 4774.00000 4455.08992  6.68%  71.8 1850s
 1020662 331635 4606.89348   58   39 4774.00000 4455.11111  6.68%  71.8 1856s
 1022376 332355 4464.12127   60   71 4774.00000 4455.14224  6.68%  71.8 1862s
 1024843 332849 4460.59540   43  126 4774.00000 4455.17045  6.68%  71.8 1866s
 1028823 333574 4455.91015   60   28 4774.00000 4455.21386  6.68%  71.8 1871s
 1031616 334172 4673.00821   46  148 4774.00000 4455.24956  6.68%  71.8 1875s
 1034283 334596 4482.44931   39  154 4774.00000 4455.26667  6.68%  71.9 1882s
 1034471 334851 4484.06987   41  147 4774.00000 4455.26667  6.68%  71.9 1885s
 1037380 335835     cutoff   57      4774.00000 4455.27458  6.68%  71.9 1891s
 1039988 336224 4457.40861   43   33 4774.00000 4455.31183  6.68%  71.9 1895s
 1043825 336873 4573.59225   45  119 4774.00000 4455.37932  6.67%  71.9 1900s
 1047559 337590 4607.13452   65   66 4774.00000 4455.44218  6.67%  71.9 1906s
 1049632 338029 infeasible   43      4774.00000 4455.47124  6.67%  71.9 1910s
 1053340 338598 4686.67145   52  178 4774.00000 4455.52119  6.67%  71.9 1915s
 1054550 338600 infeasible   52      4774.00000 4455.54796  6.67%  71.9 1920s
 1056422 339238 4603.04352   62   37 4774.00000 4455.58333  6.67%  71.9 1926s
 1058904 340028 infeasible   64      4774.00000 4455.62384  6.67%  71.9 1930s
 1061379 340601 4467.53554   42  122 4774.00000 4455.63842  6.67%  71.9 1935s
 1064676 341552 4554.04978   54  107 4774.00000 4455.67755  6.67%  71.9 1941s
 1067740 341986 4546.75209   41   76 4774.00000 4455.69314  6.67%  71.9 1946s
 1070187 342586 infeasible   51      4774.00000 4455.72518  6.67%  71.9 1950s
 1074393 343452 4686.34567   61   68 4774.00000 4455.75990  6.67%  71.9 1956s
 1075886 343560 4686.88136   58   14 4774.00000 4455.77471  6.67%  71.9 1960s
 1079913 344401 4593.65320   53  150 4774.00000 4455.81641  6.66%  71.9 1965s
 1082911 344981     cutoff   55      4774.00000 4455.84933  6.66%  71.9 1970s
 1086092 344554     cutoff   43      4774.00000 4455.87836  6.66%  71.9 1975s
 1089603 344980 4559.81711   59  115 4774.00000 4455.91763  6.66%  71.9 1980s
 1090951 345548 4683.84933   42   17 4774.00000 4455.93973  6.66%  71.9 1985s
 1093299 345876 infeasible   56      4774.00000 4455.97130  6.66%  71.9 1992s
 1095594 346398     cutoff   58      4774.00000 4455.98722  6.66%  71.9 1996s
 1098180 346813 infeasible   56      4774.00000 4456.04086  6.66%  71.9 2000s
 1099765 346855     cutoff   62      4774.00000 4456.07540  6.66%  71.9 2005s
 1101661 347665 4588.92534   57  136 4774.00000 4456.09897  6.66%  71.9 2011s
 1104705 348392 4462.60507   38   25 4774.00000 4456.13559  6.66%  71.9 2015s
 1109440 349235     cutoff   65      4774.00000 4456.19327  6.66%  71.9 2021s
 1112778 349664 infeasible   57      4774.00000 4456.22461  6.66%  71.9 2025s
 1115068 350339 infeasible   37      4774.00000 4456.28133  6.66%  71.9 2031s
 1118274 350888 4566.64510   57   89 4774.00000 4456.32929  6.65%  71.9 2035s
 1121546 351742 4694.25536   44  106 4774.00000 4456.39373  6.65%  71.9 2041s
 1123762 352071 infeasible   56      4774.00000 4456.43333  6.65%  71.8 2046s
 1126585 352346 4479.90736   40  124 4774.00000 4456.49055  6.65%  71.8 2050s
 1129434 352756 infeasible   45      4774.00000 4456.55110  6.65%  71.8 2055s
 1132719 353452 infeasible   52      4774.00000 4456.61264  6.65%  71.8 2061s
 1134653 353633 infeasible   43      4774.00000 4456.62780  6.65%  71.8 2066s
 1134824 353813 4686.96848   51   72 4774.00000 4456.64154  6.65%  71.9 2070s
 1138551 354363 4554.66153   50   63 4774.00000 4456.72131  6.65%  71.8 2075s
 1141943 354750     cutoff   63      4774.00000 4456.80382  6.64%  71.9 2080s
 1144617 355082 4572.14491   37  100 4774.00000 4456.86442  6.64%  71.9 2085s
 1147231 355310 4607.43426   60   43 4774.00000 4456.93726  6.64%  71.9 2091s
 1149920 355907     cutoff   45      4774.00000 4457.00000  6.64%  71.9 2096s
 1153781 356749 4458.50617   49  105 4774.00000 4457.05156  6.64%  71.9 2101s
 1156429 357055 4457.07016   53   46 4774.00000 4457.07016  6.64%  71.9 2105s
 1156679 357232 4465.81628   57   18 4774.00000 4457.07016  6.64%  71.9 2112s
 1158548 357684 4686.52414   59   54 4774.00000 4457.10895  6.64%  71.9 2116s
 1161825 358525 4564.83192   45   39 4774.00000 4457.14219  6.64%  71.9 2120s
 1166271 359890     cutoff   58      4774.00000 4457.17940  6.64%  71.9 2126s
 1169789 360623     cutoff   70      4774.00000 4457.19091  6.64%  71.9 2130s
 1173594 361424 4613.27174   62   49 4774.00000 4457.22950  6.64%  71.9 2137s
 1175876 362453 4502.81701   48  174 4774.00000 4457.23934  6.64%  71.9 2141s
 1177287 362756 4572.51729   56  170 4774.00000 4457.24138  6.64%  71.9 2145s
 1179105 364049 4459.76536   52   75 4774.00000 4457.24330  6.64%  71.9 2150s
 1183832 365170 4485.73026   51   95 4774.00000 4457.26182  6.63%  71.8 2156s
 1187765 366224 4497.89966   60   81 4774.00000 4457.26550  6.63%  71.8 2162s
 1189187 366265 infeasible   63      4774.00000 4457.26700  6.63%  71.8 2165s
 1191280 367086 4457.36667   49    5 4774.00000 4457.26850  6.63%  71.9 2170s
 1194744 367842 4579.15563   38   26 4774.00000 4457.32665  6.63%  71.8 2175s
 1197943 368718 infeasible   51      4774.00000 4457.34855  6.63%  71.8 2180s
 1200257 369018 infeasible   50      4774.00000 4457.34875  6.63%  71.9 2186s
 1202042 369430 4560.94329   51  173 4774.00000 4457.35100  6.63%  71.9 2190s
 1206151 370223 4461.89925   48  120 4774.00000 4457.37514  6.63%  72.0 2196s
 1209082 371185 4564.53438   57  226 4774.00000 4457.37852  6.63%  72.0 2200s
 1211407 371654 4479.78907   59   36 4774.00000 4457.41176  6.63%  72.0 2205s
 1214292 372441 infeasible   49      4774.00000 4457.44087  6.63%  72.0 2211s
 1218154 373047 4558.38250   54   21 4774.00000 4457.48154  6.63%  72.0 2216s
 1220482 373523 4461.71479   47  194 4774.00000 4457.50852  6.63%  72.0 2220s
 1223508 373725 4468.56041   46   91 4774.00000 4457.56706  6.63%  72.0 2226s
 1225573 374196 4623.90002   48  143 4774.00000 4457.59695  6.63%  72.0 2230s
 1229255 374626 4465.94721   53   18 4774.00000 4457.63642  6.63%  71.9 2235s
 1233892 375364 4471.05556   65   58 4774.00000 4457.70541  6.63%  71.9 2240s
 1236908 375935 4498.74933   59    8 4774.00000 4457.74160  6.62%  71.9 2245s
 1238175 376080 4587.40000   57   13 4774.00000 4457.77064  6.62%  71.9 2250s
 1241551 376751 4463.56093   47  160 4774.00000 4457.81216  6.62%  71.9 2255s
 1245784 377129 4463.91841   46   21 4774.00000 4457.84806  6.62%  71.8 2260s
 1249045 377581 4617.81751   59   50 4774.00000 4457.91667  6.62%  71.8 2266s
 1251098 377826 4590.49009   61   94 4774.00000 4457.94403  6.62%  71.8 2270s
 1253507 378470 4549.10000   53   14 4774.00000 4457.98402  6.62%  71.8 2275s
 1256424 379792 4458.04525   44   14 4774.00000 4458.00000  6.62%  71.8 2281s
 1259903 381108 4459.65500   46   22 4774.00000 4458.00389  6.62%  71.8 2286s
 1261274 384985     cutoff   50      4774.00000 4458.01800  6.62%  71.8 2308s
 1273274 384989 4459.52379   49  109 4774.00000 4458.03033  6.62%  72.0 2311s
 1273320 385166 4459.56670   51   95 4774.00000 4458.03033  6.62%  72.0 2316s
 1274748 385693 infeasible   57      4774.00000 4458.03371  6.62%  72.1 2320s
 1276907 386528 4464.27467   60  109 4774.00000 4458.03468  6.62%  72.2 2325s
 1279522 387374     cutoff   48      4774.00000 4458.05000  6.62%  72.2 2330s
 1283653 388439 4463.07692   47   14 4774.00000 4458.05826  6.62%  72.2 2336s
 1284923 388599 4555.41250   65   23 4774.00000 4458.06394  6.62%  72.2 2340s
 1287931 389694 4581.59484   63   34 4774.00000 4458.09000  6.62%  72.2 2346s
 1290850 390383 infeasible   53      4774.00000 4458.10287  6.62%  72.2 2351s
 1292939 390867 4622.48061   48   92 4774.00000 4458.11773  6.62%  72.2 2355s
 1294807 391237 4558.95750   59   74 4774.00000 4458.13574  6.62%  72.2 2360s
 1296891 392090 4464.55249   51   36 4774.00000 4458.15805  6.62%  72.3 2366s
 1300472 392656 4717.17819   54  186 4774.00000 4458.18411  6.62%  72.2 2370s
 1303147 393658 4507.80408   61   78 4774.00000 4458.20524  6.61%  72.2 2375s
 1306190 394672 infeasible   57      4774.00000 4458.21429  6.61%  72.3 2382s
 1307767 394758 4624.78298   62  129 4774.00000 4458.22586  6.61%  72.3 2385s
 1310156 395569 4621.88075   46   17 4774.00000 4458.24256  6.61%  72.3 2391s
 1312594 396140 4464.04013   43  100 4774.00000 4458.25801  6.61%  72.3 2396s
 1314768 396683 4460.81667   60   15 4774.00000 4458.26578  6.61%  72.3 2400s
 1317934 397205 infeasible   53      4774.00000 4458.28816  6.61%  72.3 2405s
 1321103 397833 4582.76765   58   37 4774.00000 4458.30909  6.61%  72.3 2411s
 1322345 398323 4593.34620   42  115 4774.00000 4458.31831  6.61%  72.3 2415s
 1325094 398871 4550.71041   42   90 4774.00000 4458.34521  6.61%  72.3 2420s
 1327995 399448 infeasible   53      4774.00000 4458.36352  6.61%  72.4 2427s
 1331020 400080 4555.46798   59   21 4774.00000 4458.40028  6.61%  72.4 2431s
 1332650 400235 4459.66674   56   39 4774.00000 4458.41823  6.61%  72.4 2435s
 1335264 401726 4493.71049   55   34 4774.00000 4458.45533  6.61%  72.4 2440s
 1341389 402577 infeasible   54      4774.00000 4458.47684  6.61%  72.1 2446s
 1343690 402940 4701.00397   55  135 4774.00000 4458.47766  6.61%  72.1 2450s
 1347644 403626 4511.56880   58   27 4774.00000 4458.51109  6.61%  72.0 2455s
 1349368 404138     cutoff   62      4774.00000 4458.52000  6.61%  71.9 2460s
 1355469 405186     cutoff   51      4774.00000 4458.58273  6.61%  71.8 2466s
 1358226 405892     cutoff   64      4774.00000 4458.60809  6.61%  71.8 2470s
 1363220 406429 4591.43243   47  113 4774.00000 4458.64258  6.61%  71.6 2475s
 1364453 406726 infeasible   61      4774.00000 4458.65684  6.61%  71.6 2480s
 1367824 407311 4585.81369   53  105 4774.00000 4458.69167  6.60%  71.6 2485s
 1370375 408011 4583.88533   42   25 4774.00000 4458.71980  6.60%  71.5 2491s
 1374042 408523 4511.15189   50  148 4774.00000 4458.80009  6.60%  71.5 2496s
 1375729 408720 infeasible   45      4774.00000 4458.83741  6.60%  71.5 2505s
 1376725 409919 4469.95736   39   98 4774.00000 4458.85000  6.60%  71.5 2512s
 1384919 410471 4491.93834   59   79 4774.00000 4458.97442  6.60%  71.4 2516s
 1388966 411105 infeasible   56      4774.00000 4459.03242  6.60%  71.4 2521s
 1393098 412139 infeasible   50      4774.00000 4459.09815  6.60%  71.4 2526s
 1396801 412379 infeasible   49      4774.00000 4459.17391  6.59%  71.4 2531s
 1398287 412621 4565.82270   42  106 4774.00000 4459.20000  6.59%  71.4 2536s
 1400907 412960     cutoff   51      4774.00000 4459.25495  6.59%  71.4 2540s
 1404923 413499 4546.83560   59   70 4774.00000 4459.33665  6.59%  71.3 2546s
 1407300 413867 4474.68604   54  204 4774.00000 4459.38674  6.59%  71.3 2550s
 1411295 414212     cutoff   59      4774.00000 4459.48179  6.59%  71.3 2556s
 1411318 416380 4586.53967   39   20 4774.00000 4459.48384  6.59%  71.3 2569s
 1423318 416387 infeasible   46      4774.00000 4459.60514  6.59%  71.1 2570s
 1425454 417427     cutoff   62      4774.00000 4459.64969  6.58%  71.1 2575s
 1429452 421685 4478.26845   63   35 4774.00000 4459.66668  6.58%  71.0 2587s
 1443697 423123 4614.28746   63   26 4774.00000 4459.71870  6.58%  70.4 2590s
 1453050 425660     cutoff   64      4774.00000 4459.73057  6.58%  70.0 2595s
 1456694 426529     cutoff   66      4774.00000 4459.73057  6.58%  69.9 2600s
 1458730 426887 4462.93016   55   26 4774.00000 4459.74727  6.58%  69.9 2605s
 1460503 427803 infeasible   50      4774.00000 4459.76296  6.58%  69.8 2610s
 1466122 430702 4521.25511   61   23 4774.00000 4459.77416  6.58%  69.6 2615s
 1477643 432395 4512.11132   60   26 4774.00000 4459.77416  6.58%  69.1 2620s
 1484563 434963     cutoff   58      4774.00000 4459.77416  6.58%  68.8 2625s
 1489308 435500 4632.99935   71   20 4774.00000 4459.78408  6.58%  68.6 2630s
 1495269 437046 4669.52191   90   23 4774.00000 4459.79616  6.58%  68.4 2635s
 1500071 437760 4485.90735   42  166 4774.00000 4459.80862  6.58%  68.2 2640s
 1503146 439485 4459.83797   61   34 4774.00000 4459.83592  6.58%  68.1 2645s
 1515258 441784 4614.89515   65   26 4774.00000 4459.83797  6.58%  67.6 2650s
 1522620 444546 4459.83797   59   34 4774.00000 4459.83797  6.58%  67.3 2655s
 1528577 445024 4669.51008   81   22 4774.00000 4459.83797  6.58%  67.1 2660s
 1531241 446058 4632.66521   70   21 4774.00000 4459.83797  6.58%  67.0 2665s
 1536098 447476     cutoff   62      4774.00000 4459.83797  6.58%  66.8 2670s
 1545789 449606 4518.47429   39  160 4774.00000 4459.84228  6.58%  66.4 2675s
 1548343 450472 4462.32979   41   35 4774.00000 4459.85946  6.58%  66.4 2680s
 1555795 452511 4459.96990   63   33 4774.00000 4459.86005  6.58%  66.1 2685s
 1562443 453787 4569.87258   55  105 4774.00000 4459.87802  6.58%  65.9 2690s
 1570064 455803     cutoff   74      4774.00000 4459.90609  6.58%  65.6 2695s
 1575918 457850 4521.42340   62   23 4774.00000 4459.90609  6.58%  65.4 2700s
 1588581 458855 4632.98284   82   21 4774.00000 4459.90609  6.58%  64.9 2705s
 1591118 459573 4521.33976   62   27 4774.00000 4459.90609  6.58%  64.8 2710s
 1600304 461126 4629.56236   83   26 4774.00000 4459.90609  6.58%  64.5 2715s
 1607917 463037     cutoff   74      4774.00000 4459.90609  6.58%  64.2 2720s
 1617597 465102 4563.87794   83   36 4774.00000 4459.90609  6.58%  63.8 2725s
 1625028 466340     cutoff   66      4774.00000 4459.90609  6.58%  63.6 2730s
 1629235 466857 4502.11533   49  107 4774.00000 4459.91433  6.58%  63.4 2735s
 1632089 468021 4669.63055   76   25 4774.00000 4459.92309  6.58%  63.3 2740s
 1637960 469440     cutoff   62      4774.00000 4459.92559  6.58%  63.1 2745s
 1643869 470319 4592.97024   66   22 4774.00000 4459.96947  6.58%  63.0 2750s
 1647946 472361     cutoff   67      4774.00000 4459.96990  6.58%  62.9 2755s
 1657135 472908 4629.59098   77   26 4774.00000 4459.96990  6.58%  62.5 2760s
 1660310 473706     cutoff   68      4774.00000 4459.96990  6.58%  62.4 2765s
 1665931 475549     cutoff   63      4774.00000 4459.96990  6.58%  62.2 2770s
 1679195 476762 4629.59098   73   22 4774.00000 4459.96990  6.58%  61.8 2775s
 1684210 478536     cutoff   87      4774.00000 4459.96990  6.58%  61.6 2780s
 1691855 479144 4521.39807   60   23 4774.00000 4459.96990  6.58%  61.4 2785s
 1693264 479312 4521.39807   64   23 4774.00000 4459.96990  6.58%  61.3 2790s
 1699955 480662     cutoff   69      4774.00000 4459.96990  6.58%  61.1 2795s
 1709099 482008 4633.07028   74   21 4774.00000 4459.96990  6.58%  60.8 2800s
 1712836 482838 infeasible   81      4774.00000 4459.96990  6.58%  60.7 2805s
 1716284 483722 4474.78555   64   33 4774.00000 4459.98948  6.58%  60.6 2810s
 1720434 484944     cutoff   55      4774.00000 4459.98948  6.58%  60.5 2815s
 1724418 485164 4620.08749   49  185 4774.00000 4459.98948  6.58%  60.4 2820s
 1727085 485837 4460.03802   68   32 4774.00000 4460.02131  6.58%  60.4 2825s
 1735181 487624 4460.52398   70   32 4774.00000 4460.03802  6.58%  60.2 2830s
 1744999 489283 4460.03802   62   32 4774.00000 4460.03802  6.58%  59.9 2835s
 1749515 490509 4460.05498   64   37 4774.00000 4460.03802  6.58%  59.7 2840s
 1755999 491414 4637.48514   86   35 4774.00000 4460.03802  6.58%  59.5 2845s
 1756960 492167 4460.52398   62   32 4774.00000 4460.03802  6.58%  59.5 2850s
 1763599 492812 4462.12035   55   18 4774.00000 4460.04697  6.58%  59.3 2855s
 1770690 494538 4618.33934   48   24 4774.00000 4460.05498  6.58%  59.1 2860s
 1773188 495110 infeasible   48      4774.00000 4460.09625  6.58%  59.1 2865s
 1781265 496419 4460.59002   70   32 4774.00000 4460.10184  6.58%  58.9 2870s
 1790424 497548 4563.90655   65   33 4774.00000 4460.10184  6.58%  58.6 2875s
 1799076 498931     cutoff   68      4774.00000 4460.10184  6.58%  58.4 2880s
 1800300 499069 infeasible   42      4774.00000 4460.10317  6.58%  58.3 2885s
 1806623 500063 4478.26845   61   35 4774.00000 4460.13153  6.57%  58.2 2890s
 1809256 499917 4482.99771   43   57 4774.00000 4460.19056  6.57%  58.2 2895s
 1811759 500111 4592.36464   43  126 4774.00000 4460.22076  6.57%  58.2 2900s
 1817877 501357 4669.63055   77   25 4774.00000 4460.28876  6.57%  58.2 2905s
 1822970 502867 infeasible   95      4774.00000 4460.28876  6.57%  58.0 2910s
 1826272 503624 4488.35946   59   42 4774.00000 4460.33326  6.57%  58.0 2915s
 1833789 504389     cutoff   69      4774.00000 4460.35258  6.57%  57.8 2920s
 1835701 504687 4663.07150   45   19 4774.00000 4460.40000  6.57%  57.8 2925s
 1838468 504920 4460.66667   38   26 4774.00000 4460.41985  6.57%  57.8 2930s
 1841208 505070 4574.49496   70   33 4774.00000 4460.46496  6.57%  57.8 2935s
 1846271 505700 4492.23977   44  134 4774.00000 4460.49746  6.57%  57.7 2940s
 1850435 505750 4587.54157   49   98 4774.00000 4460.53585  6.57%  57.7 2945s
 1854639 506216 4461.54452   43   31 4774.00000 4460.57074  6.57%  57.6 2950s
 1854708 506239 4463.33010   45   25 4774.00000 4460.57074  6.57%  57.6 2955s
 1856996 506734 4741.45378   36   71 4774.00000 4460.64565  6.56%  57.6 2960s
 1859987 507076 infeasible   49      4774.00000 4460.72204  6.56%  57.7 2965s
 1863974 507682 infeasible   46      4774.00000 4460.81667  6.56%  57.7 2971s
 1866721 508188 infeasible   51      4774.00000 4460.84920  6.56%  57.7 2976s
 1868776 508432 4464.77163   53   23 4774.00000 4460.89732  6.56%  57.7 2980s
 1872320 509489 4708.09011   62   28 4774.00000 4461.00000  6.56%  57.8 2986s
 1874381 509900     cutoff   40      4774.00000 4461.00000  6.56%  57.8 2990s
 1876378 511300 infeasible   39      4774.00000 4461.00000  6.56%  57.8 2996s
 1879207 512391 4683.67064   51  174 4774.00000 4461.00000  6.56%  57.9 3001s
 1882088 513568 4464.65255   37   76 4774.00000 4461.00000  6.56%  57.9 3005s
 1886051 514745 4466.64931   64   37 4774.00000 4461.00000  6.56%  57.9 3011s
 1886695 515518 4527.80568   55   52 4774.00000 4461.00000  6.56%  57.9 3015s
 1890474 516951     cutoff   60      4774.00000 4461.00000  6.56%  58.0 3021s
 1892882 518030 4602.33510   67   59 4774.00000 4461.01187  6.56%  58.0 3025s
 1896688 519512     cutoff   43      4774.00000 4461.02417  6.56%  58.0 3031s
 1897577 519662 4646.01199   58   86 4774.00000 4461.02506  6.56%  58.0 3035s
 1900995 521802 infeasible   65      4774.00000 4461.02799  6.56%  58.1 3041s
 1904231 523319 4498.92119   64   28 4774.00000 4461.02983  6.56%  58.1 3045s
 1908806 524954     cutoff   48      4774.00000 4461.03266  6.56%  58.1 3050s
 1910598 525304 4477.86667   62   16 4774.00000 4461.03314  6.56%  58.1 3055s
 1912771 526228 4541.16867   59   12 4774.00000 4461.03323  6.56%  58.1 3061s
 1913984 526482 infeasible   64      4774.00000 4461.03363  6.56%  58.1 3066s
 1915258 527022 infeasible   53      4774.00000 4461.03470  6.56%  58.1 3070s
 1918311 527608 4464.88056   51   26 4774.00000 4461.03617  6.56%  58.2 3075s
 1920225 528782 4574.36709   54  100 4774.00000 4461.03672  6.56%  58.2 3081s
 1923393 529754 4464.12168   43   99 4774.00000 4461.04117  6.56%  58.2 3085s
 1926533 530955 4522.44553   56  212 4774.00000 4461.04375  6.56%  58.3 3091s
 1929561 531501 4707.24781   63  144 4774.00000 4461.04542  6.56%  58.3 3096s
 1929977 532211 4462.57597   65   49 4774.00000 4461.04701  6.56%  58.3 3100s
 1932825 533025 4464.17462   61   58 4774.00000 4461.05000  6.56%  58.3 3105s
 1936936 534445 4485.04158   44  111 4774.00000 4461.05172  6.56%  58.4 3112s
 1939785 535576     cutoff   47      4774.00000 4461.05263  6.56%  58.4 3116s
 1941422 535768 4615.19114   56   92 4774.00000 4461.05276  6.56%  58.4 3120s
 1945226 537513 4586.79536   69  115 4774.00000 4461.05577  6.56%  58.4 3125s
 1947969 538318 4463.41766   68   62 4774.00000 4461.05714  6.56%  58.4 3130s
 1948804 538577 4461.05845   58  113 4774.00000 4461.05815  6.56%  58.4 3135s
 1949499 538929 infeasible   68      4774.00000 4461.05817  6.56%  58.4 3142s
 1951225 539891     cutoff   63      4774.00000 4461.05910  6.56%  58.4 3146s
 1954291 540995 4595.88983   66   11 4774.00000 4461.06067  6.56%  58.4 3151s
 1956549 541293 infeasible   68      4774.00000 4461.06189  6.56%  58.4 3156s
 1958050 541731 4466.54758   58   59 4774.00000 4461.06295  6.56%  58.5 3161s
 1958714 542166 4496.33349   73   23 4774.00000 4461.06552  6.55%  58.5 3167s
 1961302 542860 4462.16932   51  108 4774.00000 4461.06997  6.55%  58.5 3171s
 1964670 544573 4600.23767   50   16 4774.00000 4461.08185  6.55%  58.5 3176s
 1968814 545529 4634.43298   71   71 4774.00000 4461.09131  6.55%  58.5 3182s
 1969038 545674 4461.59072   65   21 4774.00000 4461.09131  6.55%  58.5 3185s
 1971586 546678 4470.13610   52   27 4774.00000 4461.09976  6.55%  58.5 3190s
 1974032 547307 infeasible   68      4774.00000 4461.10704  6.55%  58.5 3195s
 1976254 547799 4463.81887   55   33 4774.00000 4461.11119  6.55%  58.5 3201s
 1977533 548275 4602.45617   56   15 4774.00000 4461.11268  6.55%  58.5 3206s
 1979556 548737 4556.06102   62   25 4774.00000 4461.11938  6.55%  58.6 3210s
 1982417 549608 4461.13137   49   29 4774.00000 4461.12631  6.55%  58.6 3215s
 1985968 551397 4492.23031   60   53 4774.00000 4461.12872  6.55%  58.5 3220s
 1989437 552800 4588.32316   45   17 4774.00000 4461.13423  6.55%  58.6 3226s
 1992978 553828     cutoff   65      4774.00000 4461.14295  6.55%  58.6 3231s
 1996794 554535 4604.27344   65   21 4774.00000 4461.15738  6.55%  58.6 3236s
 1997100 554767 4462.60572   71   56 4774.00000 4461.15738  6.55%  58.6 3240s
 2000636 555611 4475.31059   49   52 4774.00000 4461.16302  6.55%  58.6 3245s
 2003930 556972 4595.40694   65  141 4774.00000 4461.16751  6.55%  58.6 3250s
 2008556 558204 infeasible   66      4774.00000 4461.17647  6.55%  58.5 3255s
 2012397 559060 4724.75176   58  127 4774.00000 4461.18621  6.55%  58.5 3260s
 2014465 559500 4689.85071   46  168 4774.00000 4461.19378  6.55%  58.5 3266s
 2016150 560909 4596.59529   53   72 4774.00000 4461.19572  6.55%  58.6 3273s
 2019552 561269     cutoff   37      4774.00000 4461.19750  6.55%  58.6 3275s
 2022677 562464 4607.11373   55   30 4774.00000 4461.19924  6.55%  58.6 3281s
 2026585 563056 4461.29333   65   18 4774.00000 4461.20026  6.55%  58.6 3285s
 2027556 563122 4461.50446   53   16 4774.00000 4461.20100  6.55%  58.6 3290s
 2029231 564290 4465.11991   50   24 4774.00000 4461.20276  6.55%  58.6 3295s
 2033828 565010 4684.28418   55  197 4774.00000 4461.20600  6.55%  58.6 3300s
 2037737 566038     cutoff   46      4774.00000 4461.20875  6.55%  58.5 3306s
 2040536 566897 4462.34670   55   29 4774.00000 4461.21000  6.55%  58.6 3312s
 2042335 567259     cutoff   45      4774.00000 4461.21000  6.55%  58.6 3316s
 2043950 567654 4465.30909   50   19 4774.00000 4461.21000  6.55%  58.6 3320s
 2047342 568367 4645.45452   66   32 4774.00000 4461.22203  6.55%  58.6 3326s
 2050518 569246 4531.29167   69   17 4774.00000 4461.22653  6.55%  58.6 3330s
 2055014 569604 4622.96468   54  192 4774.00000 4461.23335  6.55%  58.6 3335s
 2057959 570081 infeasible   58      4774.00000 4461.23738  6.55%  58.5 3340s
 2061159 570764 infeasible   69      4774.00000 4461.24449  6.55%  58.5 3345s
 2061677 570973     cutoff   68      4774.00000 4461.24480  6.55%  58.5 3350s
 2064229 571476 4464.22867   55   26 4774.00000 4461.25100  6.55%  58.5 3356s
 2065401 571942 infeasible   68      4774.00000 4461.25289  6.55%  58.5 3360s
 2069763 572726 4461.90000   57   12 4774.00000 4461.26316  6.55%  58.5 3365s
 2072761 573188     cutoff   37      4774.00000 4461.27351  6.55%  58.5 3371s
 2073813 573729 4689.94400   64   21 4774.00000 4461.27744  6.55%  58.6 3375s
 2079008 574990 infeasible   57      4774.00000 4461.29333  6.55%  58.6 3381s
 2080917 575535 4462.92621   60   51 4774.00000 4461.29865  6.55%  58.6 3385s
 2084105 576712 4463.37466   53  121 4774.00000 4461.30000  6.55%  58.6 3391s
 2085306 576922 4537.98472   60   33 4774.00000 4461.30000  6.55%  58.6 3395s
 2088970 578057 4661.67567   64  159 4774.00000 4461.31069  6.55%  58.6 3401s
 2094170 579071 4465.25449   71   16 4774.00000 4461.32267  6.55%  58.6 3405s
 2096695 579620 4658.75845   50  163 4774.00000 4461.32550  6.55%  58.6 3411s
 2098394 579701 infeasible   55      4774.00000 4461.33000  6.55%  58.6 3416s
 2100390 580459 4569.39083   47  104 4774.00000 4461.33000  6.55%  58.6 3420s
 2103471 581605 4461.44463   36  143 4774.00000 4461.35922  6.55%  58.6 3425s
 2106573 582543 4684.92950   47   64 4774.00000 4461.37400  6.55%  58.6 3430s
 2110234 583189     cutoff   49      4774.00000 4461.40000  6.55%  58.6 3436s
 2110296 583324 4464.06954   65   51 4774.00000 4461.40000  6.55%  58.6 3441s
 2112292 583904 4592.10000   57   12 4774.00000 4461.40500  6.55%  58.6 3445s
 2115541 584480 4500.11506   40  127 4774.00000 4461.42000  6.55%  58.6 3451s
 2119634 585480 4606.03615   63  117 4774.00000 4461.45212  6.55%  58.6 3456s
 2121566 585992 4466.24213   58   41 4774.00000 4461.46110  6.55%  58.6 3460s
 2125800 587021 4480.89672   51   44 4774.00000 4461.49483  6.55%  58.7 3466s
 2129175 587493 4599.51255   57  116 4774.00000 4461.50612  6.55%  58.7 3471s
 2129865 587901 4479.42158   56  153 4774.00000 4461.50800  6.55%  58.7 3475s
 2133501 588489 4474.86667   44    3 4774.00000 4461.52686  6.55%  58.7 3481s
 2136108 589326 infeasible   70      4774.00000 4461.55266  6.54%  58.7 3485s
 2140447 589877 4573.41860   57   76 4774.00000 4461.57521  6.54%  58.7 3490s
 2142131 590359     cutoff   68      4774.00000 4461.59072  6.54%  58.7 3496s
 2144835 590816 4631.26077   56   52 4774.00000 4461.61321  6.54%  58.7 3500s
 2148700 591566 4590.14574   60   75 4774.00000 4461.64649  6.54%  58.8 3505s
 2151759 592083 4461.67297   64   25 4774.00000 4461.66765  6.54%  58.8 3510s
 2154008 592388 4483.54553   41   90 4774.00000 4461.69019  6.54%  58.8 3516s
 2155061 592823 4582.34958   42  145 4774.00000 4461.71104  6.54%  58.8 3520s
 2159058 593729 4512.88333   49   22 4774.00000 4461.74974  6.54%  58.8 3525s
 2162791 594276 infeasible   55      4774.00000 4461.77251  6.54%  58.8 3531s
 2164904 594332 infeasible   47      4774.00000 4461.79425  6.54%  58.8 3536s
 2164939 594355 4672.95924   49   78 4774.00000 4461.79425  6.54%  58.8 3540s
 2167616 595097 4631.25185   42  201 4774.00000 4461.83868  6.54%  58.8 3546s
 2170731 595458 infeasible   60      4774.00000 4461.87335  6.54%  58.9 3550s
 2173093 595735     cutoff   58      4774.00000 4461.89887  6.54%  58.9 3555s
 2176857 596428 4465.52157   49   93 4774.00000 4461.93764  6.54%  58.9 3561s
 2179560 596858     cutoff   52      4774.00000 4461.98113  6.54%  58.9 3565s
 2183200 597558 4545.26909   59  125 4774.00000 4462.02805  6.53%  58.9 3571s
 2187145 597887     cutoff   58      4774.00000 4462.08810  6.53%  58.9 3576s
 2187668 598386 4483.15486   40  164 4774.00000 4462.08931  6.53%  58.9 3580s
 2191462 598979 infeasible   52      4774.00000 4462.12292  6.53%  58.9 3586s
 2193635 599456 infeasible   61      4774.00000 4462.13333  6.53%  59.0 3590s
 2197555 600167 4570.70153   61  102 4774.00000 4462.18904  6.53%  59.0 3596s
 2199198 600417 4571.85483   50   33 4774.00000 4462.20879  6.53%  59.0 3601s
 2201654 600813 4690.02058   61  116 4774.00000 4462.23047  6.53%  59.0 3605s
 2205388 601323 4541.16667   40   17 4774.00000 4462.27922  6.53%  59.0 3611s
 2207779 601413 4566.45965   55   68 4774.00000 4462.30787  6.53%  59.0 3615s
 2210236 601794 4648.75000   59   67 4774.00000 4462.34976  6.53%  59.0 3621s
 2211231 602117 4476.05719   56  115 4774.00000 4462.36457  6.53%  59.0 3625s
 2215266 602808 infeasible   68      4774.00000 4462.42065  6.53%  59.1 3631s
 2217104 603047 4604.56667   53    6 4774.00000 4462.44725  6.53%  59.1 3636s
 2219695 603300 4546.02050   58   20 4774.00000 4462.48148  6.53%  59.1 3640s
 2220968 603872 4568.61375   64   36 4774.00000 4462.50020  6.52%  59.1 3645s
 2225231 604356 4694.93929   48   97 4774.00000 4462.55525  6.52%  59.1 3652s
 2227563 605217 4481.49585   60  174 4774.00000 4462.57928  6.52%  59.1 3656s
 2230333 606122 4519.52612   70   40 4774.00000 4462.58656  6.52%  59.2 3660s
 2232347 606815 4573.36842   56   12 4774.00000 4462.58656  6.52%  59.2 3666s
 2234603 607842 4542.63691   67   36 4774.00000 4462.58656  6.52%  59.2 3671s
 2237883 608512 4561.24539   61  154 4774.00000 4462.59864  6.52%  59.2 3675s
 2241975 609210 infeasible   50      4774.00000 4462.64615  6.52%  59.2 3680s
 2243673 609542 4641.14795   47  111 4774.00000 4462.66667  6.52%  59.3 3686s
 2246490 609968 4464.24691   58   25 4774.00000 4462.69527  6.52%  59.3 3690s
 2250023 610926 4671.70193   62  139 4774.00000 4462.71983  6.52%  59.3 3696s
 2254355 611403 4570.31942   52   90 4774.00000 4462.76643  6.52%  59.3 3701s
 2254687 611716 4465.66600   50    9 4774.00000 4462.76992  6.52%  59.3 3705s
 2258995 612666 4598.67222   54   20 4774.00000 4462.80570  6.52%  59.3 3710s
 2263702 613483 4488.23567   45   18 4774.00000 4462.85526  6.52%  59.3 3715s
 2267765 614428 4495.88366   46   82 4774.00000 4462.89796  6.52%  59.3 3720s
 2272239 615195 4564.35583   41   21 4774.00000 4462.92809  6.52%  59.3 3725s
 2276949 616045     cutoff   64      4774.00000 4462.98246  6.51%  59.4 3730s
 2280093 616670 infeasible   60      4774.00000 4463.00741  6.51%  59.4 3735s
 2285661 617714 4557.59724   58   78 4774.00000 4463.04150  6.51%  59.4 3741s
 2290008 618388     cutoff   54      4774.00000 4463.06586  6.51%  59.4 3745s
 2293879 618950 4590.90600   52   63 4774.00000 4463.11420  6.51%  59.4 3750s
 2297624 619594 4565.48351   45   28 4774.00000 4463.14597  6.51%  59.4 3755s
 2300772 620305 4550.91384   59  141 4774.00000 4463.17105  6.51%  59.4 3760s
 2306040 620926 4634.56242   56   22 4774.00000 4463.23240  6.51%  59.4 3766s
 2310503 621638 infeasible   57      4774.00000 4463.26483  6.51%  59.4 3770s
 2315111 622341 4477.09615   50    9 4774.00000 4463.31489  6.51%  59.4 3775s
 2320652 622832     cutoff   38      4774.00000 4463.36618  6.51%  59.4 3780s
 2325611 623361 4467.22499   46   91 4774.00000 4463.40734  6.51%  59.4 3786s
 2329682 623647 4531.57668   65   20 4774.00000 4463.44375  6.51%  59.4 3790s
 2334317 623510     cutoff   70      4774.00000 4463.50128  6.50%  59.4 3795s
 2339237 623663 4572.09730   60   85 4774.00000 4463.53985  6.50%  59.4 3800s
 2344248 623455 4580.56617   51   39 4774.00000 4463.60000  6.50%  59.4 3806s
 2347842 623799     cutoff   58      4774.00000 4463.65503  6.50%  59.4 3810s
 2351306 624439 4485.48540   40  126 4774.00000 4463.72482  6.50%  59.4 3815s
 2356376 624838     cutoff   63      4774.00000 4463.79420  6.50%  59.5 3820s
 2360476 624952 4566.18697   73   47 4774.00000 4463.85742  6.50%  59.5 3825s
 2363785 625421 infeasible   45      4774.00000 4463.91921  6.50%  59.5 3830s
 2368819 626273 4626.76900   63   11 4774.00000 4464.00000  6.49%  59.5 3836s
 2372174 627190 infeasible   65      4774.00000 4464.00000  6.49%  59.5 3841s
 2375869 628311 4572.22512   45  101 4774.00000 4464.00000  6.49%  59.6 3846s
 2379757 629668 4464.23748   50   93 4774.00000 4464.00000  6.49%  59.6 3850s
 2383454 630940 4666.27136   47  167 4774.00000 4464.00000  6.49%  59.6 3856s
 2387149 632319 4568.18152   48   98 4774.00000 4464.00000  6.49%  59.6 3860s
 2390701 633696 4617.80050   56  126 4774.00000 4464.00000  6.49%  59.7 3865s
 2393884 634713 4506.08333   46   11 4774.00000 4464.00000  6.49%  59.7 3870s
 2397128 635753 4476.61426   60  117 4774.00000 4464.00000  6.49%  59.7 3875s
 2401275 636746 4565.77273   63   35 4774.00000 4464.00763  6.49%  59.8 3880s
 2404929 638142 4555.00000   56   29 4774.00000 4464.03083  6.49%  59.8 3885s
 2408075 639449 4472.13067   62   97 4774.00000 4464.03217  6.49%  59.8 3890s
 2411457 640648 4567.19732   60  137 4774.00000 4464.03300  6.49%  59.9 3895s
 2415467 642010 4567.04826   68   71 4774.00000 4464.03592  6.49%  59.9 3900s
 2418555 644211 4466.16633   46   11 4774.00000 4464.04802  6.49%  59.9 3909s
 2422126 644754     cutoff   54      4774.00000 4464.04846  6.49%  59.9 3911s
 2424749 645548 infeasible   50      4774.00000 4464.04846  6.49%  59.9 3915s
 2428874 647383 4497.09517   51    9 4774.00000 4464.04871  6.49%  60.0 3920s
 2432582 648718 infeasible   52      4774.00000 4464.04906  6.49%  60.0 3925s
 2436269 649867 4703.71125   68   27 4774.00000 4464.05364  6.49%  60.1 3930s
 2440385 651170     cutoff   66      4774.00000 4464.05882  6.49%  60.1 3935s
 2444265 652680     cutoff   45      4774.00000 4464.06629  6.49%  60.1 3940s
 2448995 653971 infeasible   43      4774.00000 4464.08212  6.49%  60.1 3945s
 2453763 655124 4650.84929   67   60 4774.00000 4464.10902  6.49%  60.1 3950s
 2457809 656125 infeasible   53      4774.00000 4464.13412  6.49%  60.1 3955s
 2460914 656753 4544.64000   71   75 4774.00000 4464.15135  6.49%  60.2 3960s
 2463786 657610 4474.92785   43  122 4774.00000 4464.15673  6.49%  60.2 3965s
 2468810 659063 infeasible   49      4774.00000 4464.18981  6.49%  60.2 3971s
 2473277 660429 4465.83809   66   27 4774.00000 4464.19800  6.49%  60.2 3976s
 2477421 661320 4491.81744   66   66 4774.00000 4464.22000  6.49%  60.2 3981s
 2480892 662409 4618.75739   74   31 4774.00000 4464.23912  6.49%  60.2 3985s
 2485990 664149 4480.64734   71   67 4774.00000 4464.24378  6.49%  60.2 3990s
 2489584 664897 4674.17450   52   17 4774.00000 4464.25757  6.49%  60.2 3995s
 2492017 665852 4515.38109   68  105 4774.00000 4464.26362  6.49%  60.2 4000s
 2495970 666723 4474.94673   38  127 4774.00000 4464.27530  6.49%  60.3 4005s
 2501053 668120     cutoff   72      4774.00000 4464.29200  6.49%  60.3 4010s
 2504586 669153 4465.03750   62   27 4774.00000 4464.29529  6.49%  60.3 4015s
 2509176 670388 4698.29596   50  101 4774.00000 4464.30000  6.49%  60.3 4021s
 2513738 671661 4499.77732   53  133 4774.00000 4464.31333  6.49%  60.3 4026s
 2517524 672925 4495.61528   57   73 4774.00000 4464.32314  6.49%  60.3 4030s
 2520536 674426 4464.37350   47   20 4774.00000 4464.32314  6.49%  60.4 4035s
 2523669 675225 infeasible   57      4774.00000 4464.32314  6.49%  60.4 4040s
 2526793 676245 infeasible   52      4774.00000 4464.32333  6.49%  60.5 4045s
 2529999 677240 infeasible   50      4774.00000 4464.32333  6.49%  60.5 4051s
 2532544 678131 4597.72584   57   86 4774.00000 4464.32500  6.49%  60.6 4055s
 2536578 679321     cutoff   58      4774.00000 4464.32939  6.49%  60.6 4060s
 2540332 680387     cutoff   68      4774.00000 4464.33557  6.49%  60.6 4066s
 2543071 681213 4486.81874   47   60 4774.00000 4464.34641  6.49%  60.6 4070s
 2547041 682520 4584.33731   47  144 4774.00000 4464.35250  6.49%  60.7 4075s
 2550582 683213 4607.62942   58  152 4774.00000 4464.35400  6.49%  60.7 4081s
 2552429 683995     cutoff   66      4774.00000 4464.35400  6.49%  60.7 4085s
 2554741 684682 infeasible   47      4774.00000 4464.35606  6.49%  60.8 4090s
 2558700 685544 4598.42917   66   16 4774.00000 4464.35806  6.49%  60.8 4096s
 2562314 686355 infeasible   55      4774.00000 4464.36259  6.49%  60.9 4100s
 2566211 687307     cutoff   62      4774.00000 4464.37506  6.49%  60.9 4105s
 2570290 688030 infeasible   47      4774.00000 4464.39167  6.49%  60.9 4110s
 2574789 689079 4468.07947   48   25 4774.00000 4464.41955  6.48%  60.9 4116s
 2578376 689754 4606.49947   53   66 4774.00000 4464.45000  6.48%  60.9 4120s
 2582118 690785 4469.22403   51  118 4774.00000 4464.45997  6.48%  60.9 4125s
 2586214 691681 4468.41236   57  147 4774.00000 4464.47229  6.48%  61.0 4130s
 2590119 692706 4501.75488   60   47 4774.00000 4464.49500  6.48%  61.0 4135s
 2594498 693359 infeasible   49      4774.00000 4464.51770  6.48%  61.0 4140s
 2599380 694151 infeasible   62      4774.00000 4464.55205  6.48%  61.0 4146s
 2603186 694959 4650.39978   68   66 4774.00000 4464.57465  6.48%  61.0 4151s
 2606741 695569 infeasible   58      4774.00000 4464.61594  6.48%  61.0 4156s
 2610404 696251 infeasible   63      4774.00000 4464.65128  6.48%  61.1 4161s
 2613975 697011 4523.38891   65  110 4774.00000 4464.67617  6.48%  61.1 4166s
 2618102 697502 4520.25677   49   99 4774.00000 4464.72928  6.48%  61.1 4171s
 2622153 697919     cutoff   53      4774.00000 4464.78213  6.48%  61.1 4176s
 2626434 698783 4505.93812   49   70 4774.00000 4464.82295  6.48%  61.1 4181s
 2629936 699248 4601.12847   46  138 4774.00000 4464.86163  6.48%  61.1 4185s
 2633628 699697 4558.73333   57   23 4774.00000 4464.90309  6.47%  61.1 4190s
 2638059 700188 4624.65742   47  127 4774.00000 4464.96827  6.47%  61.2 4196s
 2639585 700796     cutoff   44      4774.00000 4464.97339  6.47%  61.2 4200s
 2643697 702215 4466.71675   43   27 4774.00000 4465.00000  6.47%  61.2 4205s
 2647947 703821 4571.17968   40  106 4774.00000 4465.01820  6.47%  61.2 4210s
 2652733 705588 infeasible   50      4774.00000 4465.03750  6.47%  61.2 4216s
 2656752 706978 4667.60662   54  143 4774.00000 4465.04925  6.47%  61.2 4221s
 2660523 708184     cutoff   51      4774.00000 4465.05455  6.47%  61.2 4226s
 2664961 709426 4465.07901   34   69 4774.00000 4465.07467  6.47%  61.2 4231s
 2668918 710689     cutoff   49      4774.00000 4465.08815  6.47%  61.3 4236s
 2672909 711547 4491.75392   48  119 4774.00000 4465.11162  6.47%  61.3 4240s
 2676904 712125     cutoff   46      4774.00000 4465.14918  6.47%  61.3 4245s
 2680318 712746 4686.97876   45  179 4774.00000 4465.19138  6.47%  61.3 4250s
 2685482 713465 infeasible   46      4774.00000 4465.24735  6.47%  61.3 4256s
 2689341 714008 4481.70817   37   42 4774.00000 4465.27925  6.47%  61.3 4260s
 2692720 714472     cutoff   47      4774.00000 4465.32257  6.47%  61.3 4265s
 2695908 714968 4578.78902   67   66 4774.00000 4465.35298  6.47%  61.4 4270s
 2700013 715674 4561.58379   63   59 4774.00000 4465.40237  6.46%  61.4 4275s
 2703719 716200 infeasible   48      4774.00000 4465.42351  6.46%  61.4 4280s
 2708942 717219 4548.83942   51   96 4774.00000 4465.49044  6.46%  61.4 4286s
 2713283 717796 4480.06667   57   10 4774.00000 4465.53320  6.46%  61.4 4291s
 2716017 717944 4491.55046   47   22 4774.00000 4465.56993  6.46%  61.4 4296s
 2719068 718560 infeasible   48      4774.00000 4465.60536  6.46%  61.4 4300s
 2722849 719224 4502.50925   47   86 4774.00000 4465.63438  6.46%  61.4 4305s
 2726735 719865     cutoff   48      4774.00000 4465.67094  6.46%  61.4 4310s
 2730559 720629 4500.54550   70   12 4774.00000 4465.70256  6.46%  61.5 4315s
 2735871 721481 4569.63129   62  143 4774.00000 4465.74608  6.46%  61.5 4321s
 2739957 721882 infeasible   64      4774.00000 4465.78046  6.46%  61.5 4325s
 2744661 722755 infeasible   50      4774.00000 4465.82975  6.46%  61.5 4331s
 2748599 723350 4493.23488   63   34 4774.00000 4465.86877  6.45%  61.5 4336s
 2752713 723812 4596.78500   55    7 4774.00000 4465.91430  6.45%  61.5 4340s
 2757019 724289     cutoff   50      4774.00000 4465.96184  6.45%  61.5 4346s
 2760793 724967     cutoff   52      4774.00000 4465.99302  6.45%  61.5 4350s
 2764407 725731 4575.93435   51   56 4774.00000 4466.02771  6.45%  61.5 4355s
 2767817 726452 4669.10050   45   15 4774.00000 4466.03927  6.45%  61.6 4360s
 2772920 727300 4546.68156   49   31 4774.00000 4466.07778  6.45%  61.6 4366s
 2776762 727827 infeasible   60      4774.00000 4466.11479  6.45%  61.6 4371s
 2780753 728270     cutoff   62      4774.00000 4466.15640  6.45%  61.6 4375s
 2784481 729184 4532.15778   53  145 4774.00000 4466.16447  6.45%  61.6 4381s
 2788465 729889     cutoff   54      4774.00000 4466.20004  6.45%  61.7 4386s
 2792035 730328 4482.08457   37   91 4774.00000 4466.23746  6.45%  61.7 4391s
 2796023 730659 infeasible   52      4774.00000 4466.28200  6.45%  61.7 4395s
 2799190 730982     cutoff   44      4774.00000 4466.31917  6.44%  61.7 4400s
 2803660 731593 4595.52453   52  118 4774.00000 4466.35659  6.44%  61.7 4406s
 2807211 732081     cutoff   52      4774.00000 4466.38620  6.44%  61.7 4410s
 2812565 732518     cutoff   52      4774.00000 4466.44709  6.44%  61.7 4415s
 2816217 732869 4661.05080   56   34 4774.00000 4466.49394  6.44%  61.7 4420s
 2820473 733425 4546.42657   47   93 4774.00000 4466.53743  6.44%  61.7 4425s
 2824379 733742 4581.44293   68  120 4774.00000 4466.58757  6.44%  61.7 4430s
 2829296 734387 infeasible   52      4774.00000 4466.65569  6.44%  61.7 4435s
 2833915 735066 infeasible   52      4774.00000 4466.70801  6.44%  61.7 4441s
 2837394 735336 infeasible   61      4774.00000 4466.74772  6.44%  61.7 4445s
 2841241 735710 4540.51347   40   64 4774.00000 4466.79629  6.43%  61.7 4450s
 2846136 736169 4485.88318   48   37 4774.00000 4466.85228  6.43%  61.8 4456s
 2850099 736388 infeasible   68      4774.00000 4466.91821  6.43%  61.8 4460s
 2854308 736910 4466.99103   55   35 4774.00000 4466.97639  6.43%  61.8 4465s
 2857144 737503 4671.33286   57   86 4774.00000 4467.00000  6.43%  61.8 4470s
 2860833 738432 4678.68929   49   85 4774.00000 4467.00000  6.43%  61.8 4475s
 2864955 739153 infeasible   54      4774.00000 4467.00573  6.43%  61.9 4481s
 2868898 739631 4526.26739   48   34 4774.00000 4467.08139  6.43%  61.9 4486s
 2872280 739945 4695.88049   43   82 4774.00000 4467.12798  6.43%  61.9 4491s
 2876276 740541 infeasible   57      4774.00000 4467.16217  6.43%  61.9 4496s
 2880478 742072     cutoff   64      4774.00000 4467.20598  6.43%  61.9 4500s
 2884668 743061 4678.83598   73   70 4774.00000 4467.23333  6.43%  61.9 4505s
 2888750 743822     cutoff   51      4774.00000 4467.26356  6.43%  61.9 4510s
 2893037 744944 4469.31481   63   21 4774.00000 4467.28267  6.42%  61.9 4516s
 2897026 746196     cutoff   45      4774.00000 4467.30552  6.42%  61.9 4521s
 2900707 746623 4620.75045   49  170 4774.00000 4467.33555  6.42%  61.9 4525s
 2903893 747124 4683.32343   42  130 4774.00000 4467.36667  6.42%  61.9 4530s
 2908779 747937 infeasible   74      4774.00000 4467.40544  6.42%  62.0 4536s
 2912873 748545     cutoff   57      4774.00000 4467.43998  6.42%  62.0 4541s
 2915566 749194 4595.00000   48    6 4774.00000 4467.46667  6.42%  62.0 4545s
 2919972 749923     cutoff   51      4774.00000 4467.49957  6.42%  62.0 4550s
 2924163 750474     cutoff   64      4774.00000 4467.53516  6.42%  62.0 4555s
 2929713 750916 4563.61328   48   83 4774.00000 4467.59338  6.42%  62.0 4560s
 2933503 751291 4633.87767   60   23 4774.00000 4467.64105  6.42%  61.9 4566s
 2939002 751647 4576.96134   45   66 4774.00000 4467.71217  6.42%  61.9 4571s
 2943013 752147 4596.78485   57   47 4774.00000 4467.76038  6.41%  61.9 4576s
 2948155 752592 infeasible   78      4774.00000 4467.79665  6.41%  61.9 4580s
 2954138 753203 4470.12857   56  155 4774.00000 4467.84787  6.41%  61.9 4586s
 2957079 753968     cutoff   42      4774.00000 4467.87500  6.41%  61.9 4590s
 2962340 754183 4697.21764   52  112 4774.00000 4467.92270  6.41%  61.9 4596s
 2966023 754628 4614.94065   58   57 4774.00000 4467.97031  6.41%  61.9 4600s
 2969592 756114 4569.46400   45   20 4774.00000 4468.00000  6.41%  61.9 4605s
 2976655 759486 4650.44767   63   18 4774.00000 4468.00000  6.41%  61.8 4610s
 2983219 762248 4476.25417   57   84 4774.00000 4468.00000  6.41%  61.8 4615s
 2992103 765666 4518.00000   58   13 4774.00000 4468.00000  6.41%  61.7 4620s
 2999451 768826 4488.08293   64   26 4774.00000 4468.00000  6.41%  61.6 4625s
 3004792 771256 infeasible   73      4774.00000 4468.00000  6.41%  61.6 4630s
 3010668 772974 4578.35356   43   97 4774.00000 4468.00000  6.41%  61.5 4635s
 3014231 773872     cutoff   51      4774.00000 4468.02268  6.41%  61.6 4640s
 3018992 775703 4648.98102   62   28 4774.00000 4468.04116  6.41%  61.6 4645s
 3023617 777421 4700.00526   53  145 4774.00000 4468.04790  6.41%  61.6 4651s
 3026158 778025 4521.57110   57   16 4774.00000 4468.05000  6.41%  61.6 4655s
 3029901 779162 4483.48404   42  122 4774.00000 4468.07317  6.41%  61.6 4660s
 3034124 780705 4468.09142   41   74 4774.00000 4468.08133  6.41%  61.6 4665s
 3036954 781090 infeasible   47      4774.00000 4468.09067  6.41%  61.6 4670s
 3041462 782477     cutoff   56      4774.00000 4468.11213  6.41%  61.6 4675s
 3046660 784480 4488.11348   64   11 4774.00000 4468.11673  6.41%  61.6 4680s
 3053606 786905     cutoff   62      4774.00000 4468.12250  6.41%  61.6 4685s
 3059507 789195 4481.00000   61   36 4774.00000 4468.12250  6.41%  61.5 4690s
 3068810 791277 4591.41333   67   19 4774.00000 4468.12350  6.41%  61.4 4695s
 3075346 792904 infeasible   52      4774.00000 4468.12837  6.41%  61.3 4700s
 3080559 794559 4643.51592   55  141 4774.00000 4468.15144  6.41%  61.3 4705s
 3083951 795556     cutoff   51      4774.00000 4468.16213  6.41%  61.3 4710s
 3089850 797635 4518.01230   59   21 4774.00000 4468.18425  6.41%  61.3 4715s
 3097020 800963 4578.15675   58   97 4774.00000 4468.20250  6.41%  61.3 4721s
 3104132 802694 4488.22000   61   13 4774.00000 4468.20417  6.41%  61.2 4725s
 3112601 805498 infeasible   65      4774.00000 4468.20583  6.41%  61.1 4730s
 3119387 807688 infeasible   60      4774.00000 4468.20667  6.41%  61.0 4735s
 3125054 809041     cutoff   60      4774.00000 4468.21750  6.41%  61.0 4740s
 3131100 810143 infeasible   58      4774.00000 4468.22890  6.40%  61.0 4745s
 3136363 810930 infeasible   64      4774.00000 4468.26589  6.40%  60.9 4750s
 3141438 812428 4484.49625   58   40 4774.00000 4468.30559  6.40%  60.9 4756s
 3146669 813539 4573.21532   41  159 4774.00000 4468.34186  6.40%  60.9 4760s
 3150428 814125 4499.16907   51   53 4774.00000 4468.38043  6.40%  60.9 4765s
 3154385 814835     cutoff   63      4774.00000 4468.42192  6.40%  60.9 4770s
 3159685 815625 4657.10642   41  131 4774.00000 4468.46821  6.40%  60.9 4775s
 3163175 816740 4565.06375   58   10 4774.00000 4468.50250  6.40%  60.9 4780s
 3165602 817191 4601.65703   60   60 4774.00000 4468.50646  6.40%  60.9 4785s
 3171044 819641 4548.26151   64   80 4774.00000 4468.52000  6.40%  60.9 4790s
 3179201 821317 infeasible   64      4774.00000 4468.54545  6.40%  60.9 4795s
 3183052 821803 4634.04289   50  116 4774.00000 4468.59338  6.40%  60.9 4800s
 3188393 822965 infeasible   70      4774.00000 4468.66006  6.40%  60.9 4805s
 3193617 823851 4696.28320   73   28 4774.00000 4468.69499  6.40%  60.8 4811s
 3197971 824481 4542.86240   56  167 4774.00000 4468.74730  6.39%  60.8 4816s
 3203354 825927 4488.00000   62   13 4774.00000 4468.80248  6.39%  60.8 4821s
 3207686 826382     cutoff   52      4774.00000 4468.82374  6.39%  60.8 4825s
 3212960 827571 4695.36667   39   29 4774.00000 4468.89167  6.39%  60.8 4830s
 3218655 828472 infeasible   61      4774.00000 4468.92535  6.39%  60.8 4835s
 3223463 829092     cutoff   63      4774.00000 4468.97326  6.39%  60.8 4840s
 3228819 830084 4585.20000   41    7 4774.00000 4469.01539  6.39%  60.7 4845s
 3234051 830877 4573.20061   50  114 4774.00000 4469.04796  6.39%  60.7 4851s
 3239074 831776     cutoff   68      4774.00000 4469.08736  6.39%  60.7 4855s
 3243991 832385 4679.45477   59   37 4774.00000 4469.12791  6.39%  60.7 4860s
 3249175 833150     cutoff   46      4774.00000 4469.18092  6.38%  60.7 4865s
 3253249 833605 infeasible   49      4774.00000 4469.21876  6.38%  60.7 4870s
 3256622 833962     cutoff   55      4774.00000 4469.25588  6.38%  60.7 4875s
 3262122 834816 4474.23564   54   24 4774.00000 4469.32638  6.38%  60.7 4881s
 3266401 835418 4692.54157   41  179 4774.00000 4469.36056  6.38%  60.7 4885s
 3272086 836092 4627.46784   57  155 4774.00000 4469.44391  6.38%  60.7 4891s
 3276215 836891     cutoff   60      4774.00000 4469.48908  6.38%  60.7 4896s
 3283492 839063 4619.00000   65    4 4774.00000 4469.50000  6.38%  60.6 4900s
 3287898 839855 4689.28677   60   93 4774.00000 4469.53577  6.38%  60.6 4905s
 3294001 841261 4581.95428   33  208 4774.00000 4469.58103  6.38%  60.6 4910s
 3298252 842170 4569.87806   53   82 4774.00000 4469.61722  6.38%  60.6 4915s
 3304161 842982 infeasible   56      4774.00000 4469.66667  6.37%  60.6 4920s
 3309986 844021 infeasible   63      4774.00000 4469.72886  6.37%  60.6 4926s
 3315983 845446 infeasible   60      4774.00000 4469.75848  6.37%  60.5 4931s
 3321194 846474 infeasible   55      4774.00000 4469.78878  6.37%  60.5 4935s
 3326863 848071 4694.24333   61   18 4774.00000 4469.82120  6.37%  60.5 4940s
 3332357 849438 4476.83504   52   92 4774.00000 4469.82422  6.37%  60.4 4945s
 3335282 849838 4603.24201   56   90 4774.00000 4469.83811  6.37%  60.4 4950s
 3341109 851595 4669.31303   65   75 4774.00000 4469.88165  6.37%  60.4 4955s
 3345984 852635     cutoff   38      4774.00000 4469.92507  6.37%  60.4 4960s
 3350576 853373     cutoff   69      4774.00000 4469.97906  6.37%  60.4 4965s
 3356788 854557 4520.00000   57   22 4774.00000 4470.00000  6.37%  60.3 4970s
 3359696 855218 4512.72354   40   65 4774.00000 4470.01739  6.37%  60.3 4975s
 3364886 856161 4549.05500   59   17 4774.00000 4470.07953  6.37%  60.3 4980s
 3368701 857060 infeasible   62      4774.00000 4470.12333  6.37%  60.3 4985s
 3373640 858254 4618.57608   56   74 4774.00000 4470.13333  6.37%  60.3 4990s
 3379161 859320 infeasible   68      4774.00000 4470.15900  6.36%  60.2 4995s
 3384434 860245 4475.10083   56   17 4774.00000 4470.20065  6.36%  60.2 5000s
 3387282 858961     cutoff   57      4774.00000 4470.21568  6.36%  60.2 5005s
 3390246 856332 infeasible   62      4774.00000 4470.21568  6.36%  60.3 5011s
 3392358 854617     cutoff   39      4774.00000 4470.21568  6.36%  60.3 5015s
 3394045 854209     cutoff   48      4774.00000 4470.21568  6.36%  60.4 5020s
 3399215 854876 4701.81649   53   95 4774.00000 4470.26000  6.36%  60.3 5025s
 3402881 855359 4641.42616   51  149 4774.00000 4470.30648  6.36%  60.3 5030s
 3405511 855630 infeasible   43      4774.00000 4470.33356  6.36%  60.3 5035s
 3411266 856171 infeasible   70      4774.00000 4470.42460  6.36%  60.3 5040s
 3415887 856847 4473.81317   40   40 4774.00000 4470.48767  6.36%  60.3 5045s
 3420939 858095 4646.06549   58   10 4774.00000 4470.49931  6.36%  60.3 5050s
 3428689 860261 4532.70000   63    5 4774.00000 4470.51040  6.36%  60.2 5055s
 3433350 861313 4645.34127   61   15 4774.00000 4470.52082  6.36%  60.2 5060s
 3438873 861920     cutoff   63      4774.00000 4470.57120  6.36%  60.2 5065s
 3443870 862542 infeasible   72      4774.00000 4470.62106  6.35%  60.2 5070s
 3448016 863150 4471.20267   57   60 4774.00000 4470.67822  6.35%  60.1 5075s
 3452238 863798 4674.15991   57  149 4774.00000 4470.72821  6.35%  60.1 5080s
 3455419 864821 4471.37208   42   22 4774.00000 4470.73333  6.35%  60.1 5086s
 3459022 865318 4670.56874   59   21 4774.00000 4470.76563  6.35%  60.1 5091s
 3463942 865923 4572.35805   53  115 4774.00000 4470.82109  6.35%  60.1 5096s
 3467442 866241     cutoff   54      4774.00000 4470.86738  6.35%  60.1 5100s
 3472011 866936 4548.10000   47    8 4774.00000 4470.92788  6.35%  60.1 5105s
 3475545 867355 4492.79554   49   83 4774.00000 4470.95296  6.35%  60.1 5110s
 3480302 868545     cutoff   62      4774.00000 4471.00000  6.35%  60.1 5116s
 3483572 869645 4472.82746   57   28 4774.00000 4471.00000  6.35%  60.1 5120s
 3487745 870853     cutoff   49      4774.00000 4471.02813  6.35%  60.1 5125s
 3496073 872569 4563.50000   62   20 4774.00000 4471.04702  6.35%  60.0 5130s
 3500741 873274 infeasible   71      4774.00000 4471.07217  6.35%  60.0 5135s
 3504635 873604 4504.89007   64   27 4774.00000 4471.10000  6.34%  60.0 5140s
 3508391 874037     cutoff   54      4774.00000 4471.13366  6.34%  60.0 5145s
 3511518 874406 infeasible   68      4774.00000 4471.15965  6.34%  60.0 5150s
 3518269 876116     cutoff   68      4774.00000 4471.18908  6.34%  59.9 5156s
 3523385 877612 infeasible   63      4774.00000 4471.21935  6.34%  59.9 5161s
 3528389 878627 4487.13782   61   67 4774.00000 4471.23333  6.34%  59.9 5165s
 3534654 880750 4682.32752   66   21 4774.00000 4471.23417  6.34%  59.8 5170s
 3539681 882149 4556.46483   65   17 4774.00000 4471.23583  6.34%  59.8 5175s
 3544777 883554 4472.85218   63   31 4774.00000 4471.23583  6.34%  59.8 5180s
 3549492 884628 4487.55862   60   22 4774.00000 4471.24752  6.34%  59.7 5185s
 3554430 885836 infeasible   65      4774.00000 4471.26502  6.34%  59.7 5190s
 3559032 887120 infeasible   55      4774.00000 4471.26836  6.34%  59.7 5195s
 3565301 888744 4623.28858   74   34 4774.00000 4471.27667  6.34%  59.6 5200s
 3570894 889924 infeasible   64      4774.00000 4471.29500  6.34%  59.6 5205s
 3575603 891485 4487.73816   62   25 4774.00000 4471.29875  6.34%  59.6 5210s
 3581668 892695 4558.20333   66   16 4774.00000 4471.31148  6.34%  59.5 5215s
 3587259 894479 infeasible   71      4774.00000 4471.32588  6.34%  59.5 5220s
 3593282 896611 4487.65882   72   60 4774.00000 4471.32863  6.34%  59.5 5225s
 3598009 897611 4649.12450   47  131 4774.00000 4471.33827  6.34%  59.4 5230s
 3603708 898559 4553.18535   64   41 4774.00000 4471.37847  6.34%  59.4 5236s
 3607944 899572 infeasible   50      4774.00000 4471.39583  6.34%  59.4 5240s
 3613708 900913 4582.75519   52   25 4774.00000 4471.41667  6.34%  59.4 5246s
 3617102 901754 4562.77619   68   20 4774.00000 4471.43152  6.34%  59.4 5250s
 3622343 902420     cutoff   63      4774.00000 4471.47482  6.34%  59.4 5255s
 3628198 903453 infeasible   69      4774.00000 4471.50455  6.34%  59.3 5260s
 3633245 904338 4473.35372   56   14 4774.00000 4471.53513  6.34%  59.3 5266s
 3638276 905330 4521.59000   70    8 4774.00000 4471.57278  6.33%  59.3 5270s
 3642859 906365 4487.68500   61   10 4774.00000 4471.59250  6.33%  59.3 5275s
 3647002 907358 infeasible   52      4774.00000 4471.61386  6.33%  59.2 5280s
 3651844 908062     cutoff   74      4774.00000 4471.66366  6.33%  59.2 5285s
 3657568 908776 infeasible   70      4774.00000 4471.68989  6.33%  59.2 5290s
 3663412 909849 4472.01097   55   24 4774.00000 4471.72452  6.33%  59.2 5295s
 3668028 910837 infeasible   61      4774.00000 4471.76213  6.33%  59.1 5300s
 3672879 911804 4538.39116   64   99 4774.00000 4471.78500  6.33%  59.1 5305s
 3678775 914147 4471.83300   57   34 4774.00000 4471.81495  6.33%  59.1 5311s
 3683316 914655 infeasible   52      4774.00000 4471.82857  6.33%  59.1 5315s
 3688323 915881     cutoff   51      4774.00000 4471.86919  6.33%  59.0 5321s
 3693088 916304 4568.81753   47  108 4774.00000 4471.89726  6.33%  59.0 5325s
 3698102 917479 4512.44167   64   58 4774.00000 4471.92792  6.33%  59.0 5330s
 3704200 918869 infeasible   67      4774.00000 4471.95292  6.33%  58.9 5335s
 3710303 919828 4474.89091   63   11 4774.00000 4471.98681  6.33%  58.9 5340s
 3715935 920978 4492.85633   67   20 4774.00000 4472.01695  6.33%  58.9 5345s
 3721433 921816 infeasible   59      4774.00000 4472.05360  6.32%  58.9 5351s
 3725152 922733 infeasible   59      4774.00000 4472.08267  6.32%  58.8 5356s
 3731163 923206 4720.42188   65   80 4774.00000 4472.11572  6.32%  58.8 5360s
 3737309 923825 4542.60823   58   37 4774.00000 4472.15714  6.32%  58.8 5365s
 3740874 924486 infeasible   53      4774.00000 4472.18219  6.32%  58.8 5370s
 3745987 925307 infeasible   49      4774.00000 4472.23339  6.32%  58.7 5375s
 3753076 926689 4487.83607   59   24 4774.00000 4472.26400  6.32%  58.7 5381s
 3757485 927448 4488.07586   62   22 4774.00000 4472.29696  6.32%  58.7 5385s
 3762606 928186 4669.82166   65   39 4774.00000 4472.33867  6.32%  58.7 5391s
 3766870 929100 4472.65421   57   22 4774.00000 4472.36748  6.32%  58.6 5395s
 3772424 930037 4594.60962   45  115 4774.00000 4472.39577  6.32%  58.6 5400s
 3777916 930818 4703.21469   60  132 4774.00000 4472.42767  6.32%  58.6 5405s
 3782678 931347 4475.26085   60   40 4774.00000 4472.46560  6.32%  58.5 5410s
 3789685 932567 infeasible   68      4774.00000 4472.52090  6.32%  58.5 5415s
 3795638 933743     cutoff   56      4774.00000 4472.53333  6.31%  58.4 5420s
 3801495 934441 4472.58390   60   53 4774.00000 4472.56618  6.31%  58.4 5425s
 3803783 935015     cutoff   61      4774.00000 4472.59143  6.31%  58.4 5430s
 3811144 936062     cutoff   66      4774.00000 4472.63603  6.31%  58.3 5435s
 3817527 936832 4518.22000   55   16 4774.00000 4472.66865  6.31%  58.3 5440s
 3823212 938026 4716.66375   61   73 4774.00000 4472.69385  6.31%  58.3 5445s
 3829396 939110 4488.12438   35  140 4774.00000 4472.72361  6.31%  58.2 5450s
 3833740 939669 infeasible   56      4774.00000 4472.74139  6.31%  58.2 5456s
 3837713 940419 4488.98333   61   55 4774.00000 4472.77935  6.31%  58.2 5460s
 3845303 941370 4525.22754   62   29 4774.00000 4472.83004  6.31%  58.2 5465s
 3850438 942179 4472.87681   58   51 4774.00000 4472.85960  6.31%  58.1 5470s
 3855016 942861 infeasible   76      4774.00000 4472.87426  6.31%  58.1 5475s
 3862171 943772 4590.22750   61   44 4774.00000 4472.92257  6.31%  58.0 5480s
 3867747 944240 infeasible   46      4774.00000 4472.96567  6.31%  58.0 5485s
 3872870 944629 infeasible   80      4774.00000 4473.00049  6.30%  58.0 5490s
 3877572 944920 4748.96304   65   47 4774.00000 4473.03320  6.30%  58.0 5495s
 3882311 945626 4488.18854   62   63 4774.00000 4473.08169  6.30%  57.9 5500s
 3888137 946510 4610.49869   62   96 4774.00000 4473.12698  6.30%  57.9 5505s
 3893154 947563 4532.20000   71    5 4774.00000 4473.15408  6.30%  57.9 5511s
 3898235 948299 4593.38551   59  179 4774.00000 4473.19308  6.30%  57.9 5515s
 3903863 948931 4679.54262   47  188 4774.00000 4473.23203  6.30%  57.8 5520s
 3909018 949546 4493.62000   72   11 4774.00000 4473.27351  6.30%  57.8 5525s
 3914295 950072 4637.18098   57  100 4774.00000 4473.31831  6.30%  57.8 5530s
 3919700 950669 4613.33310   42  154 4774.00000 4473.36929  6.30%  57.8 5535s
 3924654 951053     cutoff   53      4774.00000 4473.42303  6.30%  57.7 5541s
 3928194 951448 4552.26866   51   20 4774.00000 4473.46573  6.30%  57.7 5545s
 3932393 951783 4562.00000   52    7 4774.00000 4473.52591  6.29%  57.7 5550s
 3937467 952527 infeasible   64      4774.00000 4473.57669  6.29%  57.7 5555s
 3942747 953022 4652.78932   45   84 4774.00000 4473.62417  6.29%  57.7 5560s
 3946848 953308 4474.96698   59   54 4774.00000 4473.68114  6.29%  57.7 5565s
 3951842 953958 4507.05184   61   59 4774.00000 4473.73333  6.29%  57.7 5570s
 3957134 954588 4499.40339   48  113 4774.00000 4473.78809  6.29%  57.6 5576s
 3960232 954841     cutoff   70      4774.00000 4473.83384  6.29%  57.6 5580s
 3965262 955451 4696.29603   50  114 4774.00000 4473.90000  6.29%  57.6 5585s
 3970238 955785 infeasible   64      4774.00000 4473.95385  6.29%  57.6 5591s
 3975910 956429 infeasible   45      4774.00000 4474.01289  6.28%  57.6 5596s
 3982427 957428 4543.59475   53  142 4774.00000 4474.05882  6.28%  57.6 5601s
 3987239 957802 infeasible   72      4774.00000 4474.09450  6.28%  57.5 5605s
 3993326 958573 4657.74712   66   91 4774.00000 4474.12817  6.28%  57.5 5610s
 3999737 960254     cutoff   72      4774.00000 4474.15950  6.28%  57.4 5615s
 4004662 960847 4522.04325   71   15 4774.00000 4474.18285  6.28%  57.4 5620s
 4010225 961533 infeasible   63      4774.00000 4474.23775  6.28%  57.4 5625s
 4014339 962398 4491.28058   60   51 4774.00000 4474.24510  6.28%  57.4 5630s
 4020754 964228 4494.50863   72   24 4774.00000 4474.27500  6.28%  57.3 5636s
 4025633 965096 infeasible   71      4774.00000 4474.30078  6.28%  57.3 5640s
 4032137 967317 infeasible   67      4774.00000 4474.30600  6.28%  57.3 5645s
 4037575 969053 4484.94000   65   35 4774.00000 4474.30713  6.28%  57.2 5650s
 4043864 970907     cutoff   70      4774.00000 4474.30825  6.28%  57.2 5655s
 4049421 972490 4490.18521   65   83 4774.00000 4474.30938  6.28%  57.2 5660s
 4054085 973424 4484.82000   68   34 4774.00000 4474.31162  6.28%  57.2 5665s
 4059467 974377 4575.00000   65   12 4774.00000 4474.33750  6.28%  57.2 5670s
 4066242 975559 4484.82000   67   36 4774.00000 4474.34125  6.28%  57.1 5675s
 4072196 976477 4642.98228   63   43 4774.00000 4474.34625  6.28%  57.1 5680s
 4075518 977330 infeasible   67      4774.00000 4474.36547  6.28%  57.1 5686s
 4081152 977875 infeasible   60      4774.00000 4474.38603  6.28%  57.1 5690s
 4085880 978422 4660.15982   52  139 4774.00000 4474.41692  6.28%  57.0 5695s
 4090501 979391 infeasible   60      4774.00000 4474.44444  6.27%  57.0 5700s
 4096854 980471 4563.75892   58   72 4774.00000 4474.47368  6.27%  57.0 5705s
 4101915 980995 4526.90133   65    9 4774.00000 4474.49141  6.27%  57.0 5710s
 4106826 980760     cutoff   67      4774.00000 4474.49386  6.27%  57.0 5715s
 4111974 981167 4512.80182   71   25 4774.00000 4474.50000  6.27%  56.9 5721s
 4117861 981999     cutoff   53      4774.00000 4474.53652  6.27%  56.9 5725s
 4122605 983167 4490.40600   66   23 4774.00000 4474.56161  6.27%  56.9 5730s
 4126887 983812 4664.94915   54  152 4774.00000 4474.58976  6.27%  56.9 5735s
 4132428 984300 infeasible   64      4774.00000 4474.63694  6.27%  56.9 5740s
 4136985 984882 4474.67750   65   16 4774.00000 4474.67697  6.27%  56.8 5745s
 4141397 985745 4574.88635   58   51 4774.00000 4474.69558  6.27%  56.8 5750s
 4147757 986157 4523.17837   60   62 4774.00000 4474.75903  6.27%  56.8 5756s
 4152718 986417 4539.28014   73   45 4774.00000 4474.79907  6.27%  56.8 5760s
 4155666 986837 4601.91668   60   86 4774.00000 4474.80084  6.27%  56.8 5765s
 4161008 987748 4487.14173   67   57 4774.00000 4474.86327  6.27%  56.8 5770s
 4166850 988372 4594.24760   51  120 4774.00000 4474.92074  6.26%  56.7 5775s
 4172352 989071 4478.73333   68    5 4774.00000 4474.96467  6.26%  56.7 5780s
 4177740 990027 infeasible   43      4774.00000 4475.00000  6.26%  56.7 5785s
 4180784 990963 4476.16709   42  125 4774.00000 4475.00000  6.26%  56.7 5790s
 4184348 991751 4482.85283   63   83 4774.00000 4475.01839  6.26%  56.7 5796s
 4189308 992299 infeasible   52      4774.00000 4475.05668  6.26%  56.7 5800s
 4193395 993261     cutoff   63      4774.00000 4475.08323  6.26%  56.7 5805s
 4197747 993930 4665.43827   74   31 4774.00000 4475.10600  6.26%  56.7 5810s
 4202032 994418 4484.90000   70   31 4774.00000 4475.13608  6.26%  56.7 5816s
 4207072 994868     cutoff   73      4774.00000 4475.17375  6.26%  56.6 5820s
 4212985 995996 4645.86370   59  125 4774.00000 4475.22267  6.26%  56.6 5825s
 4217583 996608     cutoff   65      4774.00000 4475.26054  6.26%  56.6 5830s
 4223010 998915 4481.28687   60   52 4774.00000 4475.29698  6.26%  56.6 5836s
 4229749 1001209 4475.29704   58   28 4774.00000 4475.29704  6.26%  56.5 5840s
 4237513 1003718     cutoff   76      4774.00000 4475.29948  6.26%  56.5 5845s
 4240980 1004551 4492.54573   60   20 4774.00000 4475.32961  6.26%  56.5 5850s
 4246879 1005144     cutoff   72      4774.00000 4475.36559  6.26%  56.4 5855s
 4251999 1005802 4684.19187   68   74 4774.00000 4475.40000  6.25%  56.4 5860s
 4256941 1006565 infeasible   72      4774.00000 4475.43333  6.25%  56.4 5866s
 4261183 1007805 infeasible   46      4774.00000 4475.45816  6.25%  56.4 5870s
 4266253 1008579     cutoff   76      4774.00000 4475.48899  6.25%  56.4 5875s
 4272910 1009715 4651.33145   62   83 4774.00000 4475.52986  6.25%  56.3 5880s
 4279437 1011923 4662.65743   76   20 4774.00000 4475.54931  6.25%  56.3 5886s
 4285614 1012691 4491.63333   67   39 4774.00000 4475.58258  6.25%  56.3 5890s
 4289841 1013211     cutoff   61      4774.00000 4475.61818  6.25%  56.3 5895s
 4296332 1014067 infeasible   59      4774.00000 4475.68403  6.25%  56.2 5900s
 4302318 1014982 4531.25066   71   19 4774.00000 4475.71724  6.25%  56.2 5905s
 4307751 1015758 4495.20145   64   60 4774.00000 4475.76120  6.25%  56.2 5910s
 4312280 1016523 infeasible   63      4774.00000 4475.79194  6.25%  56.2 5915s
 4318943 1017781 4486.35196   64   55 4774.00000 4475.83849  6.25%  56.1 5920s
 4323909 1018795 4524.85714   66   20 4774.00000 4475.86441  6.24%  56.1 5925s
 4329324 1019538     cutoff   62      4774.00000 4475.91206  6.24%  56.1 5931s
 4333075 1020604 4648.68333   72   11 4774.00000 4475.94762  6.24%  56.1 5935s
 4340089 1021335 4502.60170   61   49 4774.00000 4475.97919  6.24%  56.0 5940s
 4345462 1021734 4476.07993   59   59 4774.00000 4476.02186  6.24%  56.0 5945s
 4350855 1022118 4523.58621   60   13 4774.00000 4476.05842  6.24%  56.0 5951s
 4356323 1023390 4627.29650   72   16 4774.00000 4476.13452  6.24%  56.0 5956s
 4362126 1025082 4496.13452   72   21 4774.00000 4476.13452  6.24%  55.9 5960s
 4367178 1025702 infeasible   46      4774.00000 4476.16061  6.24%  55.9 5966s
 4372708 1026424 4569.00000   53   14 4774.00000 4476.21786  6.24%  55.9 5971s
 4377013 1026749 infeasible   75      4774.00000 4476.24141  6.24%  55.9 5975s
 4382434 1027535 4656.72975   53  143 4774.00000 4476.28200  6.24%  55.9 5980s
 4387895 1028288 4624.81702   71   36 4774.00000 4476.31579  6.24%  55.8 5986s
 4392243 1028900 4499.14213   71   13 4774.00000 4476.35919  6.23%  55.8 5990s
 4397630 1029535     cutoff   78      4774.00000 4476.40606  6.23%  55.8 5995s
 4401424 1029776 4571.94465   63   41 4774.00000 4476.43287  6.23%  55.8 6000s
 4405560 1030208     cutoff   61      4774.00000 4476.50000  6.23%  55.8 6005s
 4411129 1030586 4591.82550   65   47 4774.00000 4476.55535  6.23%  55.8 6010s
 4415853 1031268 infeasible   62      4774.00000 4476.60000  6.23%  55.8 6015s
 4420043 1031798 infeasible   48      4774.00000 4476.63478  6.23%  55.8 6020s
 4425615 1033021 4552.81287   69   85 4774.00000 4476.68829  6.23%  55.7 6025s
 4432258 1033479 4478.19091   36  118 4774.00000 4476.75000  6.23%  55.7 6031s
 4436679 1033751 4478.30769   44   17 4774.00000 4476.79107  6.23%  55.7 6036s
 4439786 1034280     cutoff   68      4774.00000 4476.80910  6.23%  55.7 6040s
 4446646 1035710 4598.34490   57   53 4774.00000 4476.85611  6.22%  55.7 6045s
 4453426 1038338 4486.63060   64   51 4774.00000 4476.86053  6.22%  55.6 6050s
 4459227 1038642     cutoff   61      4774.00000 4476.90672  6.22%  55.6 6055s
 4463423 1039622 4669.49330   86   26 4774.00000 4476.93333  6.22%  55.6 6060s
 4471069 1040477 4553.01822   70   40 4774.00000 4476.96924  6.22%  55.5 6065s
 4475638 1040896 infeasible   63      4774.00000 4477.00606  6.22%  55.5 6070s
 4481426 1041764 4573.38325   69   68 4774.00000 4477.05000  6.22%  55.5 6075s
 4486793 1042438 4565.70805   49   91 4774.00000 4477.09566  6.22%  55.5 6080s
 4489164 1042694 4626.47938   54   53 4774.00000 4477.10899  6.22%  55.5 6085s
 4495177 1043665     cutoff   75      4774.00000 4477.16842  6.22%  55.5 6090s
 4500631 1044455 4524.61650   65   14 4774.00000 4477.20555  6.22%  55.5 6095s
 4507740 1045445 4571.93333   51    7 4774.00000 4477.24299  6.22%  55.4 6100s
 4512210 1046040 4754.35000   53   29 4774.00000 4477.26901  6.22%  55.4 6105s
 4517235 1047558 4489.83800   63   59 4774.00000 4477.30771  6.21%  55.4 6110s
 4525139 1048773     cutoff   71      4774.00000 4477.34538  6.21%  55.3 6115s
 4530687 1049178 4587.16424   59   34 4774.00000 4477.36904  6.21%  55.3 6120s
 4534621 1049549     cutoff   50      4774.00000 4477.40307  6.21%  55.3 6125s
 4539688 1050149 4580.07178   46   47 4774.00000 4477.44426  6.21%  55.3 6130s
 4545255 1050966 infeasible   46      4774.00000 4477.50214  6.21%  55.3 6135s
 4550592 1051376 4573.15137   60  125 4774.00000 4477.53503  6.21%  55.2 6140s
 4554651 1051776     cutoff   58      4774.00000 4477.55927  6.21%  55.2 6145s
 4561854 1052272     cutoff   51      4774.00000 4477.66014  6.21%  55.2 6151s
 4565310 1052788 4481.44126   47  135 4774.00000 4477.70787  6.21%  55.2 6155s
 4570549 1053140 infeasible   66      4774.00000 4477.77458  6.20%  55.2 6160s
 4576858 1055371 4518.86667   67    8 4774.00000 4477.81356  6.20%  55.2 6165s
 4582204 1056185 4479.79998   59   52 4774.00000 4477.83633  6.20%  55.1 6170s
 4586903 1056572 4499.04728   42   29 4774.00000 4477.90072  6.20%  55.1 6175s
 4592110 1057611 4482.31102   49  104 4774.00000 4477.93333  6.20%  55.1 6180s
 4597420 1058267 4515.08148   58   16 4774.00000 4477.98262  6.20%  55.1 6185s
 4600982 1059219 4511.28052   39   26 4774.00000 4478.00000  6.20%  55.1 6190s
 4604631 1060304 4547.21806   55   81 4774.00000 4478.00000  6.20%  55.1 6196s
 4607717 1061359 4595.41168   44  162 4774.00000 4478.00000  6.20%  55.1 6200s
 4610708 1062240 4535.82449   53  172 4774.00000 4478.00000  6.20%  55.2 6205s
 4614540 1064331 4481.93315   60   84 4774.00000 4478.00000  6.20%  55.2 6211s
 4618545 1065785 4483.30634   61   83 4774.00000 4478.00000  6.20%  55.1 6215s
 4624855 1068623     cutoff   77      4774.00000 4478.00000  6.20%  55.1 6220s
 4631909 1070792 infeasible   31      4774.00000 4478.00487  6.20%  55.1 6225s
 4635530 1071701     cutoff   50      4774.00000 4478.03400  6.20%  55.1 6230s
 4638476 1072790 infeasible   65      4774.00000 4478.04226  6.20%  55.1 6235s
 4643680 1074497 4478.06089   74   30 4774.00000 4478.05146  6.20%  55.1 6240s
 4649946 1076590     cutoff   71      4774.00000 4478.06075  6.20%  55.1 6245s
 4655135 1078420 4478.09614   49   61 4774.00000 4478.06105  6.20%  55.0 6250s
 4659881 1080297 infeasible   59      4774.00000 4478.06658  6.20%  55.0 6255s
 4663758 1081918 4511.66464   63   58 4774.00000 4478.06866  6.20%  55.0 6260s
 4669742 1083319 4492.34867   50  107 4774.00000 4478.07359  6.20%  55.0 6265s
 4673971 1084806 4478.10873   54   30 4774.00000 4478.07883  6.20%  55.0 6271s
 4677947 1085607     cutoff   47      4774.00000 4478.08171  6.20%  55.0 6275s
 4681916 1086699 infeasible   64      4774.00000 4478.09303  6.20%  55.0 6280s
 4684112 1088884 4482.01932   58   50 4774.00000 4478.09599  6.20%  55.0 6290s
 4693927 1090203 infeasible   71      4774.00000 4478.12143  6.20%  55.0 6296s
 4698365 1091203 4478.50450   67   15 4774.00000 4478.13865  6.20%  55.0 6300s
 4704579 1092356 4593.55271   66   36 4774.00000 4478.16530  6.20%  54.9 6305s
 4708477 1092940 4484.88965   54   28 4774.00000 4478.18141  6.20%  54.9 6310s
 4713580 1093589 4585.44733   50   82 4774.00000 4478.22315  6.20%  54.9 6315s
 4717236 1094248 4481.00000   39   17 4774.00000 4478.23214  6.20%  54.9 6321s
 4723237 1095057 4652.16800   60   17 4774.00000 4478.26646  6.19%  54.9 6325s
 4731344 1098098 infeasible   68      4774.00000 4478.28564  6.19%  54.9 6330s
 4737231 1100122 4604.89910   62  104 4774.00000 4478.28885  6.19%  54.8 6335s
 4742681 1101026 4511.65234   78   22 4774.00000 4478.30071  6.19%  54.8 6340s
 4749010 1102524 4526.89030   69   34 4774.00000 4478.31230  6.19%  54.8 6345s
 4753875 1103308 infeasible   60      4774.00000 4478.33648  6.19%  54.8 6350s
 4757324 1103910 infeasible   51      4774.00000 4478.34927  6.19%  54.8 6355s
 4763093 1105363 4528.04975   63   12 4774.00000 4478.36667  6.19%  54.8 6361s
 4768450 1106493     cutoff   37      4774.00000 4478.36893  6.19%  54.7 6365s
 4772398 1107028     cutoff   59      4774.00000 4478.38474  6.19%  54.7 6370s
 4778372 1108232 4739.96025   50   71 4774.00000 4478.40419  6.19%  54.7 6375s
 4781894 1108974 4558.96225   54  100 4774.00000 4478.42763  6.19%  54.7 6380s
 4788042 1109993 4480.94706   62   27 4774.00000 4478.46160  6.19%  54.7 6386s
 4792735 1111511 4484.53304   64   83 4774.00000 4478.47712  6.19%  54.7 6390s
 4799462 1112894 4558.00000   61   10 4774.00000 4478.48941  6.19%  54.7 6395s
 4804329 1113853 4494.41754   59   36 4774.00000 4478.50572  6.19%  54.6 6400s
 4809129 1115278 4496.10207   63   33 4774.00000 4478.51118  6.19%  54.6 6405s
 4812613 1116331 4565.00000   43    4 4774.00000 4478.51667  6.19%  54.6 6410s
 4817901 1116953 infeasible   46      4774.00000 4478.54008  6.19%  54.6 6415s
 4823904 1118661 4479.34098   66   31 4774.00000 4478.55902  6.19%  54.6 6421s
 4829269 1119423     cutoff   42      4774.00000 4478.58918  6.19%  54.6 6425s
 4834520 1119723 4565.06331   50  104 4774.00000 4478.63626  6.19%  54.6 6430s
 4840088 1120898 4498.43850   50   17 4774.00000 4478.65707  6.19%  54.5 6435s
 4843569 1121522 4542.70000   67    8 4774.00000 4478.67477  6.19%  54.5 6440s
 4850017 1122590 4539.11433   68   14 4774.00000 4478.72144  6.19%  54.5 6445s
 4857239 1123369 4479.36190   46  108 4774.00000 4478.75022  6.18%  54.5 6451s
 4860914 1123934 4478.78895   64   36 4774.00000 4478.78316  6.18%  54.5 6455s
 4868010 1124658 4604.54348   50  120 4774.00000 4478.82031  6.18%  54.4 6461s
 4871957 1125214 4640.96589   78   25 4774.00000 4478.84897  6.18%  54.4 6465s
 4876173 1125578 4512.49384   46   55 4774.00000 4478.87767  6.18%  54.4 6470s
 4881228 1126056 4579.03850   51    9 4774.00000 4478.92505  6.18%  54.4 6475s
 4887354 1126707 4505.71412   63   49 4774.00000 4478.97167  6.18%  54.4 6481s
 4892335 1127504 4479.63097   59   19 4774.00000 4478.99073  6.18%  54.4 6486s
 4897037 1128334 infeasible   42      4774.00000 4479.02101  6.18%  54.4 6490s
 4902344 1128721     cutoff   55      4774.00000 4479.07326  6.18%  54.3 6495s
 4908548 1129427 infeasible   59      4774.00000 4479.11303  6.18%  54.3 6500s
 4913688 1130523 4479.20131   47   21 4774.00000 4479.15680  6.18%  54.3 6505s
 4918798 1130999 4495.30000   68    5 4774.00000 4479.19289  6.18%  54.3 6510s
 4924941 1131651 4481.94962   52   26 4774.00000 4479.24908  6.17%  54.3 6516s
 4929030 1132026 4589.11395   52   61 4774.00000 4479.27917  6.17%  54.3 6520s
 4935461 1132697 4498.01754   67   31 4774.00000 4479.32491  6.17%  54.3 6525s
 4941536 1133362 infeasible   52      4774.00000 4479.34879  6.17%  54.2 6530s
 4946439 1133673 4575.56771   48  133 4774.00000 4479.38899  6.17%  54.2 6535s
 4951822 1134365 4619.42088   42   19 4774.00000 4479.42667  6.17%  54.2 6540s
 4958382 1135019 infeasible   50      4774.00000 4479.47983  6.17%  54.2 6545s
 4963898 1135634 4672.82652   58   97 4774.00000 4479.53333  6.17%  54.2 6550s
 4968842 1136311     cutoff   66      4774.00000 4479.58202  6.17%  54.2 6556s
 4974725 1137545 4495.90800   72   23 4774.00000 4479.60446  6.17%  54.2 6560s
 4981105 1138611 4498.06132   67   36 4774.00000 4479.64222  6.17%  54.1 6566s
 4987252 1139636 infeasible   75      4774.00000 4479.67199  6.17%  54.1 6570s
 4992755 1140472 infeasible   71      4774.00000 4479.70690  6.16%  54.1 6575s
 4999732 1141393 4586.06999   45   33 4774.00000 4479.73394  6.16%  54.1 6581s
 5005044 1142392 4734.27895   46   79 4774.00000 4479.76165  6.16%  54.1 6586s
 5011267 1143216 4479.82492   61   55 4774.00000 4479.79397  6.16%  54.0 6590s
 5016688 1143745 4593.21707   64   22 4774.00000 4479.81301  6.16%  54.0 6595s
 5022904 1144952     cutoff   66      4774.00000 4479.84228  6.16%  54.0 6600s
 5029260 1146034 4501.47534   71   31 4774.00000 4479.85952  6.16%  54.0 6605s
 5036114 1147365 4708.60000   59   93 4774.00000 4479.89301  6.16%  54.0 6611s
 5042458 1148200     cutoff   53      4774.00000 4479.92581  6.16%  53.9 6615s
 5048536 1149012     cutoff   55      4774.00000 4479.96750  6.16%  53.9 6620s
 5055227 1150503 4485.50000   68   32 4774.00000 4480.00000  6.16%  53.9 6626s
 5061942 1150965     cutoff   54      4774.00000 4480.02690  6.16%  53.9 6630s
 5068504 1151853     cutoff   81      4774.00000 4480.06154  6.16%  53.8 6635s
 5074152 1152828 4599.94000   67   94 4774.00000 4480.08100  6.16%  53.8 6640s
 5081029 1153774 4565.87838   60   23 4774.00000 4480.13178  6.16%  53.8 6646s
 5092586 1156128 4672.89541   83   21 4774.00000 4480.13662  6.16%  53.7 6651s
 5100202 1156632 4493.61599   69   34 4774.00000 4480.15039  6.16%  53.6 6655s
 5106394 1157366 infeasible   67      4774.00000 4480.18674  6.15%  53.6 6660s
 5112262 1158061 4501.91168   65   58 4774.00000 4480.22427  6.15%  53.6 6665s
 5117360 1158350 4595.07521   51   26 4774.00000 4480.28074  6.15%  53.6 6670s
 5124631 1158856 4531.77008   63   36 4774.00000 4480.33502  6.15%  53.6 6675s
 5130609 1159705 4564.85000   57   21 4774.00000 4480.37720  6.15%  53.5 6680s
 5137835 1160191 4577.22067   46   20 4774.00000 4480.41314  6.15%  53.5 6685s
 5144322 1160825 4569.69766   53  110 4774.00000 4480.45949  6.15%  53.5 6690s
 5150144 1161717 4689.50238   62   40 4774.00000 4480.48912  6.15%  53.5 6695s
 5155069 1162187 infeasible   47      4774.00000 4480.51105  6.15%  53.5 6700s
 5159183 1162546 4483.41157   56   92 4774.00000 4480.54760  6.15%  53.5 6705s
 5165259 1163007 4519.67181   48   81 4774.00000 4480.57170  6.15%  53.4 6711s
 5171087 1163682 4498.37963   58   65 4774.00000 4480.60867  6.15%  53.4 6715s
 5177391 1164667 infeasible   54      4774.00000 4480.64643  6.14%  53.4 6720s
 5183993 1165546 4645.24251   55   24 4774.00000 4480.68784  6.14%  53.4 6726s
 5189243 1165901 infeasible   51      4774.00000 4480.70599  6.14%  53.3 6730s
 5195376 1166558     cutoff   47      4774.00000 4480.77838  6.14%  53.3 6735s
 5202370 1167449 infeasible   76      4774.00000 4480.81527  6.14%  53.3 6741s
 5208110 1168010     cutoff   66      4774.00000 4480.87369  6.14%  53.3 6745s
 5215425 1168808 4480.91970   59   59 4774.00000 4480.91318  6.14%  53.3 6750s
 5220608 1169514     cutoff   71      4774.00000 4480.94983  6.14%  53.2 6755s
 5226800 1170040     cutoff   59      4774.00000 4480.99498  6.14%  53.2 6760s
 5229891 1170603 4619.84480   55   69 4774.00000 4481.00000  6.14%  53.2 6765s
 5233079 1171416 infeasible   59      4774.00000 4481.00000  6.14%  53.2 6770s
 5236942 1172359 4622.01221   60   41 4774.00000 4481.00000  6.14%  53.2 6775s
 5241438 1173688 4696.61849   63  122 4774.00000 4481.00000  6.14%  53.3 6781s
 5245676 1175167 4689.39886   63   56 4774.00000 4481.00000  6.14%  53.3 6785s
 5253319 1177695 4501.00000   64   14 4774.00000 4481.00000  6.14%  53.2 6790s
 5260599 1180094 4486.98773   64  120 4774.00000 4481.00000  6.14%  53.2 6795s
 5267950 1182715 4531.08880   63   24 4774.00000 4481.00000  6.14%  53.2 6800s
 5275065 1185349 4501.00000   65   20 4774.00000 4481.00000  6.14%  53.1 6806s
 5281042 1187292 infeasible   77      4774.00000 4481.00000  6.14%  53.1 6810s
 5286375 1188583 infeasible   49      4774.00000 4481.00155  6.14%  53.1 6815s
 5290804 1189873 4497.11200   66   20 4774.00000 4481.01300  6.14%  53.1 6820s
 5295660 1190704 infeasible   76      4774.00000 4481.02565  6.14%  53.1 6826s
 5300474 1191499     cutoff   68      4774.00000 4481.04654  6.14%  53.1 6830s
 5306877 1192715 4565.85466   49  108 4774.00000 4481.07595  6.14%  53.1 6835s
 5311656 1193576 4713.22274   54   80 4774.00000 4481.08650  6.14%  53.1 6840s
 5316856 1194200 4540.47393   66   41 4774.00000 4481.11731  6.13%  53.1 6845s
 5322142 1195001 4600.73085   72   62 4774.00000 4481.15265  6.13%  53.1 6850s
 5328101 1195617 4666.90133   65   12 4774.00000 4481.17614  6.13%  53.1 6855s
 5333904 1196416 4680.05350   52   24 4774.00000 4481.20684  6.13%  53.1 6860s
 5340824 1197347 infeasible   66      4774.00000 4481.23182  6.13%  53.0 6865s
 5345523 1197921 4481.28088   58   60 4774.00000 4481.24602  6.13%  53.0 6870s
 5352451 1199716 4515.61484   44   33 4774.00000 4481.28296  6.13%  53.0 6875s
 5359651 1201007 4531.00000   62   20 4774.00000 4481.29937  6.13%  53.0 6880s
 5362094 1201246     cutoff   53      4774.00000 4481.30743  6.13%  53.0 6885s
 5366913 1202373 infeasible   65      4774.00000 4481.31477  6.13%  53.0 6891s
 5372702 1202883 4486.33866   56   66 4774.00000 4481.33915  6.13%  53.0 6895s
 5378678 1203879 4647.49540   76   43 4774.00000 4481.38025  6.13%  53.0 6900s
 5385023 1204954 4482.44505   42  122 4774.00000 4481.40708  6.13%  52.9 6905s
 5390249 1205781 infeasible   58      4774.00000 4481.43453  6.13%  52.9 6910s
 5397045 1207113 4486.16667   62    7 4774.00000 4481.47426  6.13%  52.9 6915s
 5402583 1208159 4534.03000   66    3 4774.00000 4481.48153  6.13%  52.9 6920s
 5409778 1208761     cutoff   68      4774.00000 4481.52055  6.13%  52.9 6925s
 5416011 1209519 infeasible   62      4774.00000 4481.55031  6.13%  52.9 6930s
 5422616 1210801 4495.69119   60   52 4774.00000 4481.58240  6.13%  52.8 6936s
 5428817 1212068 4582.81441   66   17 4774.00000 4481.60579  6.12%  52.8 6940s
 5434744 1212538 infeasible   67      4774.00000 4481.62726  6.12%  52.8 6945s
 5440450 1213153 infeasible   53      4774.00000 4481.66359  6.12%  52.8 6950s
 5447077 1213724     cutoff   53      4774.00000 4481.70976  6.12%  52.8 6955s
 5452265 1214017 infeasible   58      4774.00000 4481.75785  6.12%  52.8 6960s
 5458491 1214964 4494.30000   70   35 4774.00000 4481.80545  6.12%  52.8 6965s
 5465755 1215894 4501.86538   74   18 4774.00000 4481.84112  6.12%  52.7 6970s
 5471515 1216489 4582.00000   51   16 4774.00000 4481.87478  6.12%  52.7 6975s
 5476446 1217170 4554.00097   41  101 4774.00000 4481.90137  6.12%  52.7 6980s
 5483219 1218039 4686.00000   58   18 4774.00000 4481.94647  6.12%  52.7 6985s
 5489869 1218671 infeasible   68      4774.00000 4481.99935  6.12%  52.7 6990s
 5494942 1219471 4482.05479   63   48 4774.00000 4482.03151  6.12%  52.7 6995s
 5502333 1220718 4671.36373   67   43 4774.00000 4482.08313  6.11%  52.6 7000s
 5508638 1221725 4708.15434   61  115 4774.00000 4482.10800  6.11%  52.6 7005s
 5513115 1222802     cutoff   62      4774.00000 4482.13515  6.11%  52.6 7010s
 5522461 1223629     cutoff   68      4774.00000 4482.16003  6.11%  52.5 7015s
 5528021 1224374 4668.30886   58   21 4774.00000 4482.18966  6.11%  52.5 7020s
 5535382 1225724 infeasible   74      4774.00000 4482.21155  6.11%  52.5 7025s
 5543265 1226675 4544.37230   62   33 4774.00000 4482.21667  6.11%  52.4 7030s
 5549626 1227236 4483.22083   64   43 4774.00000 4482.24706  6.11%  52.4 7035s
 5557428 1228448     cutoff   64      4774.00000 4482.27192  6.11%  52.4 7040s
 5565006 1229370     cutoff   55      4774.00000 4482.28279  6.11%  52.3 7045s
 5574528 1231610 4634.41767   79   25 4774.00000 4482.30549  6.11%  52.3 7050s
 5580768 1232463 4482.37335   60   44 4774.00000 4482.33996  6.11%  52.2 7055s
 5588103 1233166 4540.11946   62   35 4774.00000 4482.35641  6.11%  52.2 7061s
 5593431 1233350 4672.42454   55   79 4774.00000 4482.39875  6.11%  52.2 7065s
 5599189 1233825 infeasible   63      4774.00000 4482.41442  6.11%  52.2 7070s
 5604396 1234617 infeasible   58      4774.00000 4482.44684  6.11%  52.1 7075s
 5611779 1235751 4485.15000   63   42 4774.00000 4482.46109  6.11%  52.1 7080s
 5616593 1236234 4482.51547   67   42 4774.00000 4482.48881  6.11%  52.1 7085s
 5622091 1237002     cutoff   63      4774.00000 4482.50454  6.11%  52.1 7091s
 5628856 1237549     cutoff   63      4774.00000 4482.52055  6.11%  52.0 7095s
 5634547 1237884 4482.80140   58   28 4774.00000 4482.56668  6.10%  52.0 7100s
 5639760 1238191 infeasible   62      4774.00000 4482.60854  6.10%  52.0 7105s
 5646278 1238973 4562.20000   56    9 4774.00000 4482.65420  6.10%  52.0 7110s
 5651890 1239340 infeasible   61      4774.00000 4482.68333  6.10%  52.0 7115s
 5656770 1239908 4675.23925   59   10 4774.00000 4482.72179  6.10%  52.0 7120s
 5663848 1240449 4671.79557   52   45 4774.00000 4482.77278  6.10%  52.0 7125s
 5669199 1240965 4571.90522   70  117 4774.00000 4482.82410  6.10%  52.0 7130s
 5675141 1241471 4501.52256   64   43 4774.00000 4482.87216  6.10%  52.0 7135s
 5680644 1242116 infeasible   83      4774.00000 4482.90771  6.10%  51.9 7140s
 5687098 1242723 infeasible   48      4774.00000 4482.96486  6.10%  51.9 7145s
 5692145 1243214     cutoff   75      4774.00000 4483.00965  6.10%  51.9 7150s
 5697721 1243379 4558.45592   50   85 4774.00000 4483.04931  6.09%  51.9 7155s
 5703803 1243618 4682.68771   64   87 4774.00000 4483.10992  6.09%  51.9 7161s
 5708619 1243684 4617.68311   77   40 4774.00000 4483.16747  6.09%  51.9 7165s
 5713117 1244131 infeasible   62      4774.00000 4483.21260  6.09%  51.9 7170s
 5718485 1244333 infeasible   51      4774.00000 4483.25748  6.09%  51.9 7175s
 5724403 1245148 infeasible   66      4774.00000 4483.29851  6.09%  51.9 7180s
 5729507 1245438     cutoff   72      4774.00000 4483.32937  6.09%  51.9 7185s
 5736452 1245740     cutoff   74      4774.00000 4483.38954  6.09%  51.9 7190s
 5741615 1245765 infeasible   44      4774.00000 4483.45116  6.09%  51.9 7195s
 5746509 1245791 infeasible   62      4774.00000 4483.50226  6.08%  51.9 7200s
 5751737 1246172 4579.60323   48  114 4774.00000 4483.56456  6.08%  51.9 7205s
 5758118 1246387 4584.05118   60   19 4774.00000 4483.62687  6.08%  51.8 7210s
 5763725 1246891 4724.28860   54   64 4774.00000 4483.66882  6.08%  51.8 7215s
 5769032 1247206 4533.81193   63   33 4774.00000 4483.73691  6.08%  51.8 7220s
 5774874 1247504 infeasible   55      4774.00000 4483.78605  6.08%  51.8 7225s
 5780485 1247678     cutoff   64      4774.00000 4483.85574  6.08%  51.8 7230s
 5786589 1247933     cutoff   67      4774.00000 4483.94240  6.08%  51.8 7235s
 5791557 1248591     cutoff   51      4774.00000 4484.00000  6.07%  51.8 7240s
 5796157 1250395 4484.00000   59   15 4774.00000 4484.00000  6.07%  51.8 7246s
 5802590 1252663     cutoff   65      4774.00000 4484.00000  6.07%  51.8 7250s
 5809528 1254887 infeasible   70      4774.00000 4484.00000  6.07%  51.7 7255s
 5816935 1257227 infeasible   70      4774.00000 4484.00000  6.07%  51.7 7260s
 5823115 1259164 infeasible   67      4774.00000 4484.00000  6.07%  51.7 7265s
 5830486 1261526 4504.05263   70   24 4774.00000 4484.00000  6.07%  51.7 7270s
 5836498 1263285 4504.36250   70   13 4774.00000 4484.00000  6.07%  51.6 7275s
 5842056 1265151 4727.74875   51  155 4774.00000 4484.00000  6.07%  51.6 7280s
 5849520 1267130 infeasible   68      4774.00000 4484.00000  6.07%  51.6 7285s
 5855904 1268951 4549.65816   56   92 4774.00000 4484.00000  6.07%  51.6 7290s
 5861624 1270344 4500.20000   69    8 4774.00000 4484.03208  6.07%  51.6 7295s
 5866430 1271728 4575.74519   77   33 4774.00000 4484.03225  6.07%  51.6 7300s
 5872451 1273023 4500.13267   72   34 4774.00000 4484.03308  6.07%  51.6 7305s
 5878157 1274315     cutoff   58      4774.00000 4484.06115  6.07%  51.6 7310s
 5884319 1275115 infeasible   44      4774.00000 4484.10000  6.07%  51.6 7315s
 5889974 1275358 infeasible   74      4774.00000 4484.15000  6.07%  51.6 7320s
 5895502 1275325     cutoff   72      4774.00000 4484.19013  6.07%  51.6 7325s
 5900997 1276065 4549.48121   60  142 4774.00000 4484.21390  6.07%  51.6 7330s
 5905828 1276136 infeasible   54      4774.00000 4484.26612  6.07%  51.5 7335s
 5912992 1276356 infeasible   54      4774.00000 4484.31435  6.07%  51.5 7340s
 5919105 1276768 4484.39372   65   23 4774.00000 4484.33920  6.07%  51.5 7345s
 5924537 1277175 4602.91712   59   40 4774.00000 4484.37544  6.07%  51.5 7350s
 5928921 1277201     cutoff   66      4774.00000 4484.41250  6.07%  51.5 7355s
 5935407 1277033 4580.64041   35   90 4774.00000 4484.46570  6.06%  51.5 7361s
 5939542 1277401 4536.77883   62   19 4774.00000 4484.49732  6.06%  51.5 7365s
 5945340 1277761 4679.65255   68  115 4774.00000 4484.50000  6.06%  51.5 7370s
 5952265 1279564     cutoff   51      4774.00000 4484.50847  6.06%  51.5 7375s
 5957866 1279898 4622.35846   49  153 4774.00000 4484.54138  6.06%  51.5 7380s
 5965176 1281029 4484.64096   61   34 4774.00000 4484.55148  6.06%  51.4 7385s
 5971210 1281967 infeasible   70      4774.00000 4484.57546  6.06%  51.4 7390s
 5978166 1282211 4664.20092   61   26 4774.00000 4484.60877  6.06%  51.4 7395s
 5983995 1282870 4504.64480   78   21 4774.00000 4484.64653  6.06%  51.4 7400s
 5987694 1283573 infeasible   73      4774.00000 4484.65400  6.06%  51.4 7405s
 5992206 1284034     cutoff   65      4774.00000 4484.68440  6.06%  51.4 7410s
 5998939 1284541     cutoff   65      4774.00000 4484.73648  6.06%  51.4 7415s
 6005776 1285636 4608.00000   73    4 4774.00000 4484.78229  6.06%  51.4 7420s
 6012554 1287504 4621.86667   71   16 4774.00000 4484.79605  6.06%  51.3 7425s
 6019018 1288866 4565.00000   70    4 4774.00000 4484.79662  6.06%  51.3 7430s
 6025971 1290356 4590.82087   55   92 4774.00000 4484.81572  6.06%  51.3 7435s
 6033545 1292637 infeasible   71      4774.00000 4484.81915  6.06%  51.3 7440s
 6040469 1292678     cutoff   67      4774.00000 4484.82000  6.06%  51.3 7445s
 6047172 1293264 4566.30586   37  141 4774.00000 4484.84988  6.06%  51.2 7450s
 6053176 1294226     cutoff   56      4774.00000 4484.90221  6.06%  51.2 7455s
 6060879 1295476 4507.34828   55  113 4774.00000 4484.93100  6.06%  51.2 7460s
 6065763 1296124 infeasible   67      4774.00000 4484.95077  6.05%  51.2 7465s
 6071987 1296234 4685.50030   51   76 4774.00000 4485.00000  6.05%  51.2 7470s
 6079048 1298124 4505.03750   64   18 4774.00000 4485.03725  6.05%  51.1 7475s
 6086386 1300594 4505.03750   64   20 4774.00000 4485.03742  6.05%  51.1 7480s
 6093520 1302876     cutoff   70      4774.00000 4485.03758  6.05%  51.1 7485s
 6099368 1304251 4505.05600   62   13 4774.00000 4485.05588  6.05%  51.1 7490s
 6104362 1305125 4589.28861   51   34 4774.00000 4485.06667  6.05%  51.1 7495s
 6111430 1306159 4659.91234   67   41 4774.00000 4485.08824  6.05%  51.1 7500s
 6117494 1307164     cutoff   87      4774.00000 4485.11650  6.05%  51.1 7505s
 6123249 1308284 4503.04361   64  121 4774.00000 4485.14937  6.05%  51.0 7510s
 6129177 1309926     cutoff   77      4774.00000 4485.15013  6.05%  51.0 7515s
 6136683 1311976     cutoff   67      4774.00000 4485.15122  6.05%  51.0 7520s
 6143382 1313551 4532.13947   47   85 4774.00000 4485.16262  6.05%  51.0 7525s
 6150813 1314898 4509.56538   73   12 4774.00000 4485.17476  6.05%  51.0 7530s
 6156409 1315580 infeasible   60      4774.00000 4485.20356  6.05%  50.9 7535s
 6163582 1316300 4486.60394   64   19 4774.00000 4485.23533  6.05%  50.9 7540s
 6169288 1316518     cutoff   64      4774.00000 4485.23846  6.05%  50.9 7545s
 6176094 1317633 4747.84539   60   42 4774.00000 4485.25017  6.05%  50.9 7550s
 6180946 1318928 4612.66416   68   11 4774.00000 4485.26774  6.05%  50.9 7555s
 6187733 1320207 infeasible   76      4774.00000 4485.28683  6.05%  50.9 7560s
 6195798 1321496     cutoff   70      4774.00000 4485.31371  6.05%  50.9 7565s
 6201405 1322112 infeasible   66      4774.00000 4485.33962  6.05%  50.9 7570s
 6208509 1323552 4486.22358   63   74 4774.00000 4485.36458  6.05%  50.8 7575s
 6214663 1325151 4642.64099   79   24 4774.00000 4485.37153  6.05%  50.8 7580s
 6221114 1326343 4502.44203   64   24 4774.00000 4485.38594  6.05%  50.8 7585s
 6227559 1327078 4500.63860   76   38 4774.00000 4485.41071  6.05%  50.8 7590s
 6233455 1328221 infeasible   74      4774.00000 4485.43501  6.04%  50.8 7595s
 6241273 1329738 4640.88088   61   33 4774.00000 4485.46050  6.04%  50.8 7600s
 6246718 1331240 4584.02717   63   19 4774.00000 4485.48876  6.04%  50.7 7605s
 6255067 1332315     cutoff   47      4774.00000 4485.50624  6.04%  50.7 7610s
 6262443 1333564 infeasible   75      4774.00000 4485.53289  6.04%  50.7 7615s
 6267853 1334212 4578.51687   44   95 4774.00000 4485.56342  6.04%  50.7 7620s
 6274122 1335154 4535.03750   60   18 4774.00000 4485.59650  6.04%  50.7 7625s
 6282142 1335986     cutoff   66      4774.00000 4485.60422  6.04%  50.6 7630s
 6287876 1337297 4485.65829   64   38 4774.00000 4485.61414  6.04%  50.6 7635s
 6295826 1339019 4666.05167   73   16 4774.00000 4485.63077  6.04%  50.6 7640s
 6301217 1340108     cutoff   61      4774.00000 4485.65387  6.04%  50.6 7646s
 6309005 1341250 infeasible   71      4774.00000 4485.65695  6.04%  50.6 7650s
 6315190 1342261 4502.34237   65   42 4774.00000 4485.65695  6.04%  50.6 7655s
 6321878 1343448 4498.01091   67   57 4774.00000 4485.67513  6.04%  50.5 7660s
 6327350 1344226 infeasible   51      4774.00000 4485.69830  6.04%  50.5 7665s
 6334733 1344999 4566.29355   68   61 4774.00000 4485.72681  6.04%  50.5 7670s
 6340866 1345577 4551.40000   68    8 4774.00000 4485.74415  6.04%  50.5 7675s
 6348073 1346151 4518.17967   60   24 4774.00000 4485.80000  6.04%  50.5 7680s
 6355189 1346512 4486.10000   62   15 4774.00000 4485.83077  6.04%  50.5 7685s
 6362204 1347548 4566.96236   62   24 4774.00000 4485.86153  6.04%  50.4 7690s
 6368999 1347886 4596.68044   70   12 4774.00000 4485.88864  6.04%  50.4 7695s
 6373849 1348705 4538.51353   71   33 4774.00000 4485.91498  6.03%  50.4 7700s
 6380250 1351346 infeasible   48      4774.00000 4485.91498  6.03%  50.4 7705s
 6388990 1352512 4653.46046   34  163 4774.00000 4485.92120  6.03%  50.3 7710s
 6395554 1353835 4487.87542   59   45 4774.00000 4485.93494  6.03%  50.3 7715s
 6401532 1354500 4518.95719   62   31 4774.00000 4485.97047  6.03%  50.3 7720s
 6407831 1355552 4585.38374   47   28 4774.00000 4485.99803  6.03%  50.3 7725s
 6415367 1356923     cutoff   71      4774.00000 4486.02610  6.03%  50.3 7730s
 6422157 1357442 4486.06667   66   39 4774.00000 4486.04746  6.03%  50.3 7735s
 6428619 1357802 infeasible   72      4774.00000 4486.08500  6.03%  50.3 7741s
 6435524 1358288 4563.87794   64   33 4774.00000 4486.12574  6.03%  50.2 7745s
 6443420 1360311 4505.72847   71   18 4774.00000 4486.13527  6.03%  50.2 7750s
 6450430 1361240 infeasible   63      4774.00000 4486.15578  6.03%  50.2 7755s
 6457390 1361675 infeasible   49      4774.00000 4486.20175  6.03%  50.2 7760s
 6466019 1362808 infeasible   75      4774.00000 4486.23445  6.03%  50.1 7766s
 6472643 1364220     cutoff   71      4774.00000 4486.26373  6.03%  50.1 7770s
 6479035 1365154 4568.92276   70   22 4774.00000 4486.26373  6.03%  50.1 7775s
 6484281 1365388     cutoff   47      4774.00000 4486.30844  6.03%  50.1 7780s
 6491408 1365588     cutoff   50      4774.00000 4486.36798  6.02%  50.1 7785s
 6497125 1366096 4675.59517   44   23 4774.00000 4486.40837  6.02%  50.1 7790s
 6502416 1366318 4680.79151   43   34 4774.00000 4486.44346  6.02%  50.1 7795s
 6508334 1366330 infeasible   61      4774.00000 4486.50000  6.02%  50.1 7800s
 6511642 1366399     cutoff   66      4774.00000 4486.53300  6.02%  50.1 7805s
 6517808 1366675 4654.71993   54  126 4774.00000 4486.60149  6.02%  50.1 7811s
 6523156 1367007 4529.76182   73   27 4774.00000 4486.64213  6.02%  50.1 7815s
 6529980 1367816 4621.25280   69   31 4774.00000 4486.69872  6.02%  50.0 7820s
 6535882 1367982 4691.11061   46  123 4774.00000 4486.75525  6.02%  50.0 7825s
 6543594 1368668 4592.64017   67   15 4774.00000 4486.80318  6.02%  50.0 7830s
 6549246 1368844 infeasible   47      4774.00000 4486.84115  6.02%  50.0 7835s
 6556187 1369412 4567.48039   62   32 4774.00000 4486.88742  6.01%  50.0 7840s
 6563061 1369649 infeasible   67      4774.00000 4486.93250  6.01%  50.0 7845s
 6570525 1369797     cutoff   64      4774.00000 4486.97498  6.01%  49.9 7850s
 6576331 1370064 4551.04695   65   20 4774.00000 4487.00887  6.01%  49.9 7855s
 6583582 1370098     cutoff   59      4774.00000 4487.07778  6.01%  49.9 7860s
 6590902 1369774     cutoff   60      4774.00000 4487.12091  6.01%  49.9 7865s
 6598571 1369656 4556.97014   52   80 4774.00000 4487.15688  6.01%  49.9 7870s
 6604851 1370177     cutoff   50      4774.00000 4487.20405  6.01%  49.8 7875s
 6610474 1370794 4578.40055   54  135 4774.00000 4487.23980  6.01%  49.8 7880s
 6617336 1371768     cutoff   57      4774.00000 4487.27224  6.01%  49.8 7885s
 6623483 1372583 infeasible   65      4774.00000 4487.31650  6.01%  49.8 7890s
 6630125 1372797 infeasible   75      4774.00000 4487.33500  6.00%  49.8 7895s
 6635823 1372974 infeasible   62      4774.00000 4487.36602  6.00%  49.8 7900s
 6643262 1373500 4622.76704   66   24 4774.00000 4487.41313  6.00%  49.8 7905s
 6649446 1373175 4584.46230   49  166 4774.00000 4487.46034  6.00%  49.7 7910s
 6656746 1373591 4512.65855   78   33 4774.00000 4487.52065  6.00%  49.7 7915s
 6663183 1373926 4502.44644   67   32 4774.00000 4487.56590  6.00%  49.7 7920s
 6669665 1373899 4494.14734   47   90 4774.00000 4487.62030  6.00%  49.7 7925s
 6676012 1373495     cutoff   51      4774.00000 4487.68182  6.00%  49.7 7930s
 6681464 1373627 4641.71567   74   23 4774.00000 4487.73816  6.00%  49.7 7935s
 6685967 1373955 4494.33780   49  118 4774.00000 4487.76175  6.00%  49.7 7940s
 6691214 1373806 4491.72973   71   14 4774.00000 4487.82690  5.99%  49.7 7945s
 6697009 1374041 4579.07700   53   21 4774.00000 4487.86557  5.99%  49.7 7950s
 6703849 1373965 infeasible   58      4774.00000 4487.93228  5.99%  49.7 7955s
 6709814 1374132 4610.28705   55   77 4774.00000 4487.99142  5.99%  49.7 7960s
 6716657 1375683 infeasible   72      4774.00000 4488.00000  5.99%  49.7 7966s
 6722795 1377224 infeasible   65      4774.00000 4488.00000  5.99%  49.6 7970s
 6732401 1379425 infeasible   66      4774.00000 4488.00000  5.99%  49.6 7975s
 6740057 1381453 4490.19350   83    8 4774.00000 4488.00000  5.99%  49.6 7980s
 6747656 1383423 infeasible   70      4774.00000 4488.00000  5.99%  49.6 7985s
 6756754 1385276 infeasible   66      4774.00000 4488.00000  5.99%  49.5 7990s
 6762927 1386695 4582.79061   71   27 4774.00000 4488.00000  5.99%  49.5 7995s
 6768331 1388110 4488.50890   67   26 4774.00000 4488.00000  5.99%  49.5 8000s
 6774806 1389653     cutoff   65      4774.00000 4488.00000  5.99%  49.5 8005s
 6782754 1391792 4488.04067   70   15 4774.00000 4488.00763  5.99%  49.5 8010s
 6790462 1393984 4663.02337   72   16 4774.00000 4488.00800  5.99%  49.5 8015s
 6798710 1396551 4551.40752   76   27 4774.00000 4488.00807  5.99%  49.4 8020s
 6808411 1399404 infeasible   85      4774.00000 4488.00813  5.99%  49.4 8025s
 6816710 1401187 4669.80578   85   25 4774.00000 4488.00972  5.99%  49.3 8030s
 6824928 1402788 infeasible   82      4774.00000 4488.01080  5.99%  49.3 8035s
 6832512 1404192 infeasible   88      4774.00000 4488.01220  5.99%  49.3 8040s
 6841808 1406133 4494.16067   69   21 4774.00000 4488.01240  5.99%  49.3 8045s
 6849569 1407595 4620.90000   68    7 4774.00000 4488.01667  5.99%  49.2 8050s
 6857504 1408764 4491.17625   67   24 4774.00000 4488.01818  5.99%  49.2 8056s
 6865057 1409581 4489.00000   69   18 4774.00000 4488.02033  5.99%  49.2 8060s
 6872596 1410119 infeasible   87      4774.00000 4488.02050  5.99%  49.2 8065s
 6878432 1410526 4488.56604   71   15 4774.00000 4488.02050  5.99%  49.2 8070s
 6884880 1410891 infeasible   79      4774.00000 4488.02050  5.99%  49.1 8076s
 6890290 1411107 4614.10495   70   28 4774.00000 4488.02050  5.99%  49.1 8080s
 6896434 1411361 4620.64967   87   16 4774.00000 4488.02067  5.99%  49.1 8085s
 6903030 1411970     cutoff   71      4774.00000 4488.02500  5.99%  49.1 8090s
 6911655 1413389 4616.12800   68   11 4774.00000 4488.02521  5.99%  49.1 8095s
 6919461 1414470 4592.22000   89   16 4774.00000 4488.02550  5.99%  49.0 8100s
 6924469 1415157 4502.08929   83   20 4774.00000 4488.02611  5.99%  49.0 8105s
 6931248 1415962 4488.02700   65    9 4774.00000 4488.02700  5.99%  49.0 8110s
 6940295 1416772 4548.66667   71   14 4774.00000 4488.02755  5.99%  49.0 8115s
 6948019 1417717 4626.64983   71   14 4774.00000 4488.02984  5.99%  49.0 8120s
 6955551 1418550     cutoff   89      4774.00000 4488.03050  5.99%  48.9 8125s
 6964307 1419579 4653.57518   67   32 4774.00000 4488.03075  5.99%  48.9 8130s
 6972271 1420679 4492.83340   72   30 4774.00000 4488.03100  5.99%  48.9 8135s
 6979669 1421441 4622.00247   64   19 4774.00000 4488.03400  5.99%  48.9 8140s
 6987057 1422297 4603.05607   74   34 4774.00000 4488.03798  5.99%  48.8 8145s
 6995456 1423467     cutoff   79      4774.00000 4488.04067  5.99%  48.8 8150s
 7003646 1424868 4489.37350   70   14 4774.00000 4488.04100  5.99%  48.8 8156s
 7011748 1425683 4513.00000   69    5 4774.00000 4488.04100  5.99%  48.7 8160s
 7019992 1426980 infeasible   70      4774.00000 4488.04133  5.99%  48.7 8165s
 7027618 1428184     cutoff   70      4774.00000 4488.04250  5.99%  48.7 8170s
 7035755 1428903 4491.00000   81   15 4774.00000 4488.04674  5.99%  48.7 8175s
 7043290 1429608 4503.40541   72   14 4774.00000 4488.05000  5.99%  48.6 8180s
 7050678 1430212 4494.23850   68   13 4774.00000 4488.05000  5.99%  48.6 8185s
 7058505 1431317 4494.21200   65   18 4774.00000 4488.05000  5.99%  48.6 8191s
 7066791 1432070 4636.60326   73   27 4774.00000 4488.05000  5.99%  48.6 8195s
 7074267 1433119 infeasible   78      4774.00000 4488.05000  5.99%  48.5 8200s
 7082034 1434134 4503.66667   71    7 4774.00000 4488.05000  5.99%  48.5 8205s
 7088836 1434671 infeasible   82      4774.00000 4488.05015  5.99%  48.5 8210s
 7095552 1435990     cutoff   82      4774.00000 4488.05172  5.99%  48.5 8215s
 7104989 1436823 4488.59898   84   20 4774.00000 4488.05217  5.99%  48.5 8220s
 7112324 1437826 4620.38167   69   16 4774.00000 4488.05263  5.99%  48.4 8225s
 7119789 1438113 infeasible   74      4774.00000 4488.05450  5.99%  48.4 8230s
 7125884 1438350 4514.20904   41  103 4774.00000 4488.05897  5.99%  48.4 8235s
 7134493 1439253     cutoff   75      4774.00000 4488.06150  5.99%  48.4 8240s
 7142568 1440351 infeasible   83      4774.00000 4488.06557  5.99%  48.4 8245s
 7150407 1441215 4488.77667   98   20 4774.00000 4488.07063  5.99%  48.3 8251s
 7158175 1441760 4575.78231   73   26 4774.00000 4488.07948  5.99%  48.3 8255s
 7165076 1442159 4619.33333   70   15 4774.00000 4488.08845  5.99%  48.3 8260s
 7172100 1442560 4515.09500   76   12 4774.00000 4488.10000  5.99%  48.3 8265s
 7180246 1442969 infeasible   76      4774.00000 4488.10462  5.99%  48.2 8270s
 7186697 1443509 4562.34102   77   22 4774.00000 4488.10734  5.99%  48.2 8275s
 7195107 1443838 infeasible   80      4774.00000 4488.11500  5.99%  48.2 8280s
 7203223 1444158 infeasible   82      4774.00000 4488.12200  5.99%  48.2 8285s
 7210845 1444678 4556.65624   67   23 4774.00000 4488.13105  5.99%  48.2 8290s
 7217961 1444975 infeasible   76      4774.00000 4488.14168  5.99%  48.1 8295s
 7226125 1445471 infeasible   70      4774.00000 4488.15030  5.99%  48.1 8300s
 7233475 1445235 infeasible   87      4774.00000 4488.15500  5.99%  48.1 8305s
 7239248 1445400 4621.39267   76   18 4774.00000 4488.16638  5.99%  48.1 8310s
 7248392 1445673     cutoff   71      4774.00000 4488.17121  5.99%  48.1 8315s
 7255627 1445775 4630.06698   76   26 4774.00000 4488.18483  5.99%  48.1 8320s
 7262907 1445757 infeasible   92      4774.00000 4488.20000  5.99%  48.0 8325s
 7269656 1446066 4488.25774   79   25 4774.00000 4488.20500  5.99%  48.0 8330s
 7277430 1447311 4488.23007   62   19 4774.00000 4488.20872  5.99%  48.0 8335s
 7286493 1447769 4590.80267   92   10 4774.00000 4488.21750  5.99%  48.0 8340s
 7293789 1448030 4582.55758   64   25 4774.00000 4488.22300  5.99%  47.9 8345s
 7302808 1448206     cutoff   66      4774.00000 4488.23463  5.99%  47.9 8350s
 7309384 1448644 4562.40000   72   10 4774.00000 4488.24783  5.99%  47.9 8355s
 7317119 1448713 4565.00000   41   12 4774.00000 4488.25508  5.99%  47.9 8360s
 7323777 1449014     cutoff   72      4774.00000 4488.27027  5.99%  47.9 8365s
 7332088 1449313 4488.64706   70   10 4774.00000 4488.27775  5.98%  47.8 8371s
 7339627 1449392 4488.51304   76   29 4774.00000 4488.28576  5.98%  47.8 8375s
 7347208 1450191 4563.84285   67   31 4774.00000 4488.29513  5.98%  47.8 8380s
 7354239 1450399 4619.13526   74   17 4774.00000 4488.30250  5.98%  47.8 8385s
 7361831 1451183 4488.58789   65   48 4774.00000 4488.31360  5.98%  47.8 8390s
 7368031 1451550 4492.33408   51  103 4774.00000 4488.32500  5.98%  47.8 8395s
 7376278 1452409 4504.70711   69   76 4774.00000 4488.34831  5.98%  47.7 8400s
 7383199 1452837 4592.00000   81    9 4774.00000 4488.36925  5.98%  47.7 8405s
 7391532 1454416 4510.14067   73    4 4774.00000 4488.38177  5.98%  47.7 8410s
 7399892 1455740 infeasible   91      4774.00000 4488.38820  5.98%  47.7 8415s
 7406746 1455905 infeasible   63      4774.00000 4488.40970  5.98%  47.7 8420s
 7415033 1456918 4488.42373   63   22 4774.00000 4488.42373  5.98%  47.7 8425s
 7422300 1456999     cutoff   62      4774.00000 4488.44669  5.98%  47.6 8430s
 7429626 1457262     cutoff   87      4774.00000 4488.45138  5.98%  47.6 8435s
 7436507 1459418 4565.72000   67   10 4774.00000 4488.45517  5.98%  47.6 8440s
 7442739 1460134     cutoff   77      4774.00000 4488.46842  5.98%  47.6 8445s
 7449855 1461057 4488.87118   84   18 4774.00000 4488.47017  5.98%  47.6 8450s
 7457889 1461826 infeasible   79      4774.00000 4488.48853  5.98%  47.6 8455s
 7465352 1462410 4561.48474   78   22 4774.00000 4488.50259  5.98%  47.5 8461s
 7472993 1463229 4543.05277   67   60 4774.00000 4488.51786  5.98%  47.5 8465s
 7480489 1464064 infeasible   69      4774.00000 4488.52632  5.98%  47.5 8470s
 7486439 1464331 infeasible   84      4774.00000 4488.53248  5.98%  47.5 8475s
 7494048 1464467 infeasible   58      4774.00000 4488.55480  5.98%  47.5 8480s
 7500525 1464963     cutoff   61      4774.00000 4488.57375  5.98%  47.5 8485s
 7508209 1465656 4673.37517   76   18 4774.00000 4488.58889  5.98%  47.4 8490s
 7512805 1466108 4495.13333   81    3 4774.00000 4488.60360  5.98%  47.4 8495s
 7519751 1466474 4518.05172   76   11 4774.00000 4488.62731  5.98%  47.4 8500s
 7526960 1467040     cutoff   56      4774.00000 4488.65106  5.98%  47.4 8505s
 7535352 1467812 4489.13155   77   21 4774.00000 4488.66667  5.98%  47.4 8510s
 7543230 1470137 infeasible   75      4774.00000 4488.67457  5.98%  47.4 8515s
 7550392 1471126 infeasible   74      4774.00000 4488.67576  5.98%  47.4 8520s
 7555907 1471373 infeasible   84      4774.00000 4488.68964  5.98%  47.3 8525s
 7562846 1471520 4536.73333   71    3 4774.00000 4488.73706  5.98%  47.3 8530s
 7569059 1471713 infeasible   75      4774.00000 4488.77143  5.97%  47.3 8535s
 7575762 1471902 4619.75457   69   50 4774.00000 4488.82000  5.97%  47.3 8540s
 7581751 1472162 infeasible   81      4774.00000 4488.84752  5.97%  47.3 8545s
 7589547 1473470 infeasible   71      4774.00000 4488.87858  5.97%  47.3 8550s
 7596137 1473950 4491.40385   50   17 4774.00000 4488.89544  5.97%  47.3 8555s
 7603250 1474181 4622.63195   60   34 4774.00000 4488.92520  5.97%  47.3 8560s
 7610059 1474149 4556.28333   66   12 4774.00000 4488.97002  5.97%  47.3 8566s
 7617360 1475031 infeasible   73      4774.00000 4489.01530  5.97%  47.2 8570s
 7623390 1476184 4500.19322   66   47 4774.00000 4489.03430  5.97%  47.2 8575s
 7631103 1477973 4491.11360   67   22 4774.00000 4489.04182  5.97%  47.2 8580s
 7638462 1478530     cutoff   45      4774.00000 4489.06667  5.97%  47.2 8585s
 7644565 1478624 4575.49786   61   72 4774.00000 4489.10000  5.97%  47.2 8590s
 7652524 1478789     cutoff   60      4774.00000 4489.12783  5.97%  47.2 8595s
 7659433 1478825 4593.89017   70   12 4774.00000 4489.17446  5.97%  47.2 8600s
 7665368 1479456 4490.06164   51   98 4774.00000 4489.20076  5.97%  47.2 8605s
 7672009 1480043 4611.78525   76   12 4774.00000 4489.24459  5.96%  47.1 8610s
 7679516 1479915 4542.17053   80   19 4774.00000 4489.25185  5.96%  47.1 8615s
 7685474 1480115 4720.20783   49   14 4774.00000 4489.27906  5.96%  47.1 8620s
 7690552 1480173     cutoff   68      4774.00000 4489.32000  5.96%  47.1 8625s
 7697612 1480427 4600.24082   67   21 4774.00000 4489.36233  5.96%  47.1 8630s
 7706892 1481230 4589.65749   78   26 4774.00000 4489.37353  5.96%  47.1 8635s
 7712563 1481414 4494.23789   75   26 4774.00000 4489.42275  5.96%  47.1 8640s
 7718752 1481372 4513.33164   58   86 4774.00000 4489.47535  5.96%  47.1 8645s
 7726553 1481788     cutoff   76      4774.00000 4489.50000  5.96%  47.0 8650s
 7734041 1483355 4555.19800   38   20 4774.00000 4489.51904  5.96%  47.0 8655s
 7740213 1483977 4494.12336   70   23 4774.00000 4489.52941  5.96%  47.0 8660s
 7746898 1484565 4597.46750   71   15 4774.00000 4489.56111  5.96%  47.0 8665s
 7754243 1486149 4505.87939   68   38 4774.00000 4489.57467  5.96%  47.0 8670s
 7761726 1486578 4598.28567   60   11 4774.00000 4489.60000  5.96%  47.0 8675s
 7767153 1487540 4513.27273   70   15 4774.00000 4489.63094  5.96%  47.0 8680s
 7773518 1488997 4538.99009   70   34 4774.00000 4489.63333  5.96%  47.0 8685s
 7779563 1489791 infeasible   71      4774.00000 4489.65123  5.96%  47.0 8690s
 7786468 1490074 4596.23833   65   51 4774.00000 4489.68673  5.96%  46.9 8695s
 7794103 1490201     cutoff   71      4774.00000 4489.73710  5.95%  46.9 8700s
 7800488 1491092 4507.73455   72   35 4774.00000 4489.75569  5.95%  46.9 8705s
 7807547 1491676 4602.63750   71   16 4774.00000 4489.76398  5.95%  46.9 8710s
 7812469 1491640 4595.35600   83    8 4774.00000 4489.78333  5.95%  46.9 8715s
 7818200 1491844 4640.14562   76   26 4774.00000 4489.80505  5.95%  46.9 8720s
 7825716 1492124 4497.76667   71   56 4774.00000 4489.85391  5.95%  46.9 8725s
 7832172 1492743 4662.65064   72   30 4774.00000 4489.89560  5.95%  46.9 8730s
 7838253 1493304 4593.18327   58   35 4774.00000 4489.92433  5.95%  46.9 8735s
 7845738 1493713 4568.50000   62    8 4774.00000 4489.96565  5.95%  46.9 8740s
 7852603 1494150 4566.54060   71   36 4774.00000 4490.00000  5.95%  46.8 8745s
 7860138 1494303 4495.45667   67   54 4774.00000 4490.05060  5.95%  46.8 8750s
 7866238 1495366 infeasible   70      4774.00000 4490.09202  5.95%  46.8 8755s
 7873997 1496205     cutoff   73      4774.00000 4490.11072  5.95%  46.8 8760s
 7880266 1496775 4624.93333   75   10 4774.00000 4490.13333  5.95%  46.8 8765s
 7888647 1497929 4598.93333   46   10 4774.00000 4490.13836  5.95%  46.8 8770s
 7893883 1498137 infeasible   65      4774.00000 4490.15710  5.95%  46.8 8775s
 7900679 1498316 infeasible   74      4774.00000 4490.18333  5.95%  46.8 8781s
 7904607 1498542 4490.43712   72   17 4774.00000 4490.19161  5.94%  46.8 8785s
 7912938 1499398 infeasible   72      4774.00000 4490.21648  5.94%  46.7 8790s
 7920329 1500118 4490.50050   60   10 4774.00000 4490.23729  5.94%  46.7 8795s
 7925963 1500586 4506.86168   66   37 4774.00000 4490.26166  5.94%  46.7 8800s
 7934267 1500644     cutoff   54      4774.00000 4490.30895  5.94%  46.7 8805s
 7941946 1501471 infeasible   76      4774.00000 4490.34185  5.94%  46.7 8810s
 7949003 1501983 4562.46962   65   45 4774.00000 4490.37375  5.94%  46.7 8815s
 7956177 1502756 4512.64045   67   29 4774.00000 4490.40166  5.94%  46.7 8820s
 7962014 1502467 4574.95308   65   39 4774.00000 4490.42472  5.94%  46.6 8825s
 7970990 1504195 infeasible   78      4774.00000 4490.44287  5.94%  46.6 8830s
 7978641 1504926 4599.69792   69   11 4774.00000 4490.46514  5.94%  46.6 8835s
 7986891 1505282 4669.72284   63   43 4774.00000 4490.50000  5.94%  46.6 8840s
 7993372 1505632 infeasible   63      4774.00000 4490.51667  5.94%  46.6 8845s
 8000770 1506010 4607.28319   74   45 4774.00000 4490.57522  5.94%  46.6 8850s
 8007597 1505518     cutoff   62      4774.00000 4490.62523  5.94%  46.5 8855s
 8014827 1505474 infeasible   44      4774.00000 4490.65996  5.94%  46.5 8860s
 8021418 1505889 4595.66667   71    7 4774.00000 4490.68401  5.93%  46.5 8865s
 8028066 1506252 infeasible   63      4774.00000 4490.71925  5.93%  46.5 8870s
 8035646 1507979 4510.73333   69   17 4774.00000 4490.73333  5.93%  46.5 8875s
 8043428 1509046 4507.07035   67   27 4774.00000 4490.75514  5.93%  46.5 8880s
 8048541 1509552 4517.43302   66   94 4774.00000 4490.76395  5.93%  46.5 8885s
 8054439 1510123 4496.16216   61   79 4774.00000 4490.79188  5.93%  46.5 8890s
 8061261 1510291 infeasible   72      4774.00000 4490.83797  5.93%  46.5 8895s
 8068458 1510378     cutoff   66      4774.00000 4490.88451  5.93%  46.4 8900s
 8074582 1510559     cutoff   37      4774.00000 4490.93333  5.93%  46.4 8906s
 8081263 1510729 4555.21468   38   24 4774.00000 4490.99068  5.93%  46.4 8910s
 8088056 1511731 4601.37067   90   18 4774.00000 4491.00000  5.93%  46.4 8915s
 8095470 1512482 infeasible   67      4774.00000 4491.00000  5.93%  46.4 8920s
 8102321 1513193 4622.13339   87   12 4774.00000 4491.00000  5.93%  46.4 8925s
 8108903 1513914 infeasible   76      4774.00000 4491.00000  5.93%  46.4 8930s
 8116421 1514426 infeasible   76      4774.00000 4491.00000  5.93%  46.4 8935s
 8123173 1514867 infeasible   71      4774.00000 4491.00000  5.93%  46.4 8940s
 8130052 1515439     cutoff   76      4774.00000 4491.00000  5.93%  46.4 8945s
 8135166 1515791 4534.83333   64    5 4774.00000 4491.00000  5.93%  46.4 8950s
 8143080 1516397 4498.18125   70   28 4774.00000 4491.00000  5.93%  46.3 8955s
 8149843 1516945 4492.53925   70   12 4774.00000 4491.00000  5.93%  46.3 8960s
 8157247 1517499 4518.05033   73   14 4774.00000 4491.00000  5.93%  46.3 8965s
 8163184 1517994 4624.28358   68   33 4774.00000 4491.00000  5.93%  46.3 8970s
 8168416 1518554 4614.40644   66   30 4774.00000 4491.00000  5.93%  46.3 8975s
 8174578 1519216 4493.92270   58   66 4774.00000 4491.00000  5.93%  46.3 8980s
 8181510 1519962 4632.16600   86   16 4774.00000 4491.00000  5.93%  46.3 8985s
 8188288 1520791 4542.36746   64   56 4774.00000 4491.00000  5.93%  46.3 8990s
 8193747 1521379     cutoff   70      4774.00000 4491.00000  5.93%  46.3 8995s
 8199670 1522278     cutoff   66      4774.00000 4491.00000  5.93%  46.3 9000s
 8206635 1522857     cutoff   56      4774.00000 4491.00525  5.93%  46.3 9005s
 8212942 1524080 4520.79114   68   13 4774.00000 4491.01967  5.93%  46.3 9010s
 8219331 1524922     cutoff   73      4774.00000 4491.02100  5.93%  46.2 9015s
 8227945 1525529 4620.87600   78   17 4774.00000 4491.02656  5.93%  46.2 9020s
 8234657 1525825 4614.46321   72   41 4774.00000 4491.04004  5.93%  46.2 9025s
 8241376 1527250 4571.90335   68   67 4774.00000 4491.04872  5.93%  46.2 9030s
 8247937 1527851 4505.84635   68   25 4774.00000 4491.05200  5.93%  46.2 9035s
 8255262 1528734 infeasible   70      4774.00000 4491.06000  5.93%  46.2 9041s
 8261152 1529115 4491.19746   82   26 4774.00000 4491.08048  5.93%  46.2 9045s
 8267722 1529779 4493.87350   72   10 4774.00000 4491.10227  5.93%  46.2 9050s
 8273432 1530652 4536.93333   69    9 4774.00000 4491.11200  5.93%  46.2 9055s
 8282006 1531309 infeasible   53      4774.00000 4491.11800  5.93%  46.1 9060s
 8289083 1531683 4491.14147   69   24 4774.00000 4491.14000  5.93%  46.1 9065s
 8297038 1532786 4491.19884   87   25 4774.00000 4491.14875  5.92%  46.1 9070s
 8304196 1533781 4517.50000   67    7 4774.00000 4491.15400  5.92%  46.1 9075s
 8310127 1534395     cutoff   70      4774.00000 4491.16098  5.92%  46.1 9080s
 8319144 1535073 4597.15114   47   33 4774.00000 4491.17256  5.92%  46.1 9085s
 8327086 1535488 4491.17833   62   27 4774.00000 4491.17750  5.92%  46.0 9090s
 8334449 1535771 4507.95114   69   40 4774.00000 4491.18933  5.92%  46.0 9095s
 8340503 1536108 infeasible   77      4774.00000 4491.19667  5.92%  46.0 9100s
 8347975 1536273 4674.49181   73   55 4774.00000 4491.20491  5.92%  46.0 9105s
 8355493 1536653 infeasible   69      4774.00000 4491.22018  5.92%  46.0 9110s
 8363592 1537062 infeasible   73      4774.00000 4491.23333  5.92%  46.0 9115s
 8370936 1537114 infeasible   72      4774.00000 4491.23511  5.92%  46.0 9120s
 8378635 1537347     cutoff   67      4774.00000 4491.23881  5.92%  45.9 9125s
 8386016 1537768 4501.41053   60   28 4774.00000 4491.24819  5.92%  45.9 9130s
 8392755 1538052 infeasible   78      4774.00000 4491.26250  5.92%  45.9 9135s
 8401258 1538331 4626.28795   73   31 4774.00000 4491.26775  5.92%  45.9 9140s
 8409033 1538815 infeasible   83      4774.00000 4491.27515  5.92%  45.9 9145s
 8416280 1538661 infeasible   69      4774.00000 4491.29230  5.92%  45.9 9150s
 8423585 1538353 infeasible   43      4774.00000 4491.30000  5.92%  45.8 9155s
 8430697 1538567 4491.48539   76   21 4774.00000 4491.31169  5.92%  45.8 9160s
 8436659 1538874 4518.00000   76    4 4774.00000 4491.32129  5.92%  45.8 9165s
 8443785 1538918     cutoff   75      4774.00000 4491.33021  5.92%  45.8 9170s
 8451156 1538731 4612.46667   76   10 4774.00000 4491.35712  5.92%  45.8 9175s
 8457478 1538747 infeasible   74      4774.00000 4491.38933  5.92%  45.8 9180s
 8465250 1539508     cutoff   49      4774.00000 4491.40000  5.92%  45.8 9185s
 8473649 1540103     cutoff   66      4774.00000 4491.41667  5.92%  45.8 9190s
 8480822 1540389 4494.45102   66   29 4774.00000 4491.44150  5.92%  45.8 9196s
 8487970 1540527 4652.64447   61  102 4774.00000 4491.45112  5.92%  45.7 9200s
 8494999 1540559 4543.37763   67   31 4774.00000 4491.47228  5.92%  45.7 9205s
 8503303 1540674 4504.41064   69   42 4774.00000 4491.48333  5.92%  45.7 9210s
 8509580 1540451     cutoff   72      4774.00000 4491.50167  5.92%  45.7 9215s
 8516864 1540586 4646.13850   62   21 4774.00000 4491.53066  5.92%  45.7 9220s
 8523786 1540771 4491.57227   46   23 4774.00000 4491.55102  5.92%  45.7 9225s
 8530923 1540915 4491.58352   50   20 4774.00000 4491.57346  5.92%  45.7 9230s
 8536764 1540895 4555.51731   73   24 4774.00000 4491.60790  5.92%  45.7 9235s
 8543418 1541233 4517.48083   45   96 4774.00000 4491.64678  5.91%  45.7 9240s
 8549245 1541110 4641.71567   74   24 4774.00000 4491.68159  5.91%  45.6 9245s
 8556412 1541537 4513.43011   56   78 4774.00000 4491.72903  5.91%  45.6 9250s
 8562425 1542148 4519.16639   50   57 4774.00000 4491.75420  5.91%  45.6 9255s
 8568033 1542750 4697.21942   51  143 4774.00000 4491.77883  5.91%  45.6 9260s
 8574164 1542906     cutoff   67      4774.00000 4491.78986  5.91%  45.6 9265s
 8582591 1543938 4653.28248   48  125 4774.00000 4491.82194  5.91%  45.6 9270s
 8588715 1544151     cutoff   70      4774.00000 4491.84749  5.91%  45.6 9275s
 8590349 1544990 4491.91478   80   25 4774.00000 4491.85593  5.91%  45.6 9283s
 8598982 1545315 infeasible   84      4774.00000 4491.87500  5.91%  45.6 9285s
 8608008 1546086 4491.88589   74   17 4774.00000 4491.88295  5.91%  45.5 9290s
 8619449 1546661 4505.34237   68   26 4774.00000 4491.88895  5.91%  45.5 9295s
 8626112 1547837 4632.06900   77   10 4774.00000 4491.89857  5.91%  45.5 9300s
 8633187 1547679 4492.83089   75   18 4774.00000 4491.93568  5.91%  45.5 9305s
 8641038 1548063     cutoff   76      4774.00000 4491.97419  5.91%  45.5 9310s
 8647602 1549238 infeasible   80      4774.00000 4491.99611  5.91%  45.5 9315s
 8654454 1550852 4528.21186   70   22 4774.00000 4492.01563  5.91%  45.5 9320s
 8661346 1551452 4519.30917   59   58 4774.00000 4492.02046  5.91%  45.4 9325s
 8667868 1551835 4657.31942   56   79 4774.00000 4492.05000  5.91%  45.4 9330s
 8674404 1552674 infeasible   71      4774.00000 4492.07000  5.91%  45.4 9335s
 8682300 1553451 4714.66136   76   27 4774.00000 4492.10778  5.90%  45.4 9341s
 8688295 1554388 4559.70500   51   40 4774.00000 4492.11607  5.90%  45.4 9345s
 8695150 1554625     cutoff   66      4774.00000 4492.14296  5.90%  45.4 9350s
 8703374 1555160 4503.06275   62   65 4774.00000 4492.16868  5.90%  45.4 9355s
 8711043 1555625 4492.64048   68   21 4774.00000 4492.20000  5.90%  45.4 9360s
 8718154 1555542 4496.94400   72   14 4774.00000 4492.23276  5.90%  45.4 9365s
 8724891 1556100 4514.70085   64   61 4774.00000 4492.27539  5.90%  45.3 9370s
 8731793 1557224 infeasible   49      4774.00000 4492.28097  5.90%  45.3 9375s
 8739244 1557915 infeasible   72      4774.00000 4492.29646  5.90%  45.3 9381s
 8746824 1558018 4598.34400   74   11 4774.00000 4492.32883  5.90%  45.3 9385s
 8753177 1557889 4496.14698   62   66 4774.00000 4492.36406  5.90%  45.3 9390s
 8759564 1558101 4617.36388   52   83 4774.00000 4492.40265  5.90%  45.3 9395s
 8766460 1558074 infeasible   86      4774.00000 4492.44190  5.90%  45.3 9400s
 8773620 1558390 4616.13880   61   17 4774.00000 4492.47917  5.90%  45.3 9405s
 8781772 1558803 4497.25762   66   25 4774.00000 4492.51285  5.90%  45.2 9410s
 8787124 1558698 infeasible   69      4774.00000 4492.56522  5.90%  45.2 9415s
 8795238 1559492 infeasible   78      4774.00000 4492.61332  5.89%  45.2 9421s
 8801967 1559496 4510.76577   73   22 4774.00000 4492.65455  5.89%  45.2 9425s
 8808158 1559521 4582.85030   65   20 4774.00000 4492.70256  5.89%  45.2 9430s
 8813558 1559390 4604.36757   52   64 4774.00000 4492.72569  5.89%  45.2 9435s
 8821427 1559193 infeasible   68      4774.00000 4492.76170  5.89%  45.2 9440s
 8827435 1559148 infeasible   67      4774.00000 4492.80720  5.89%  45.2 9445s
 8834436 1559081 infeasible   76      4774.00000 4492.85079  5.89%  45.2 9450s
 8840496 1558643 4493.34558   81    6 4774.00000 4492.89563  5.89%  45.2 9455s
 8847060 1558418 4547.00099   72   24 4774.00000 4492.95241  5.89%  45.2 9460s
 8851906 1558393 4510.93333   68   15 4774.00000 4492.98747  5.89%  45.2 9465s
 8860303 1558868     cutoff   65      4774.00000 4493.02000  5.89%  45.2 9470s
 8866979 1558935 4563.56606   72   15 4774.00000 4493.05287  5.88%  45.2 9475s
 8873982 1559126 infeasible   47      4774.00000 4493.08810  5.88%  45.1 9480s
 8881495 1559378 4509.68736   65   48 4774.00000 4493.12584  5.88%  45.1 9485s
 8888054 1559263 4494.94409   82   13 4774.00000 4493.15866  5.88%  45.1 9490s
 8894759 1559006 4582.11918   70   26 4774.00000 4493.21017  5.88%  45.1 9495s
 8900897 1558625 4493.27000   67   19 4774.00000 4493.26658  5.88%  45.1 9500s
 8907072 1558715 4570.43916   54   96 4774.00000 4493.30839  5.88%  45.1 9505s
 8913882 1559103 infeasible   79      4774.00000 4493.35765  5.88%  45.1 9510s
 8919322 1559484 infeasible   56      4774.00000 4493.36987  5.88%  45.1 9515s
 8927039 1560019 infeasible   72      4774.00000 4493.40678  5.88%  45.1 9520s
 8932671 1560153 infeasible   48      4774.00000 4493.44644  5.88%  45.1 9525s
 8940579 1560777 4571.20130   59   21 4774.00000 4493.49052  5.88%  45.1 9530s
 8947596 1561306 4497.58996   70   36 4774.00000 4493.53637  5.87%  45.1 9535s
 8953461 1561386 4568.52052   68   22 4774.00000 4493.58000  5.87%  45.0 9540s
 8959232 1561888 4688.85781   69   77 4774.00000 4493.61111  5.87%  45.0 9545s
 8965838 1562029 4522.94579   64   26 4774.00000 4493.66221  5.87%  45.0 9550s
 8972543 1562193 4523.12100   70    6 4774.00000 4493.70658  5.87%  45.0 9555s
 8980269 1562037 4495.21694   45   97 4774.00000 4493.77234  5.87%  45.0 9560s
 8985661 1562710 4608.48905   79   27 4774.00000 4493.80727  5.87%  45.0 9565s
 8992740 1563201     cutoff   69      4774.00000 4493.84695  5.87%  45.0 9570s
 8997741 1563578 4494.25000   66   20 4774.00000 4493.88334  5.87%  45.0 9575s
 9005105 1563796     cutoff   72      4774.00000 4493.92847  5.87%  45.0 9580s
 9011490 1563801     cutoff   63      4774.00000 4493.99014  5.87%  45.0 9585s
 9019102 1564109 4496.76141   53   70 4774.00000 4494.00000  5.87%  45.0 9590s
 9026406 1564091 4507.57911   65   27 4774.00000 4494.00000  5.87%  45.0 9595s
 9033361 1564063     cutoff   73      4774.00000 4494.00000  5.87%  45.0 9600s
 9039591 1564179 4494.30825   78   16 4774.00000 4494.00000  5.87%  45.0 9605s
 9044978 1564443     cutoff   67      4774.00000 4494.00000  5.87%  45.0 9610s
 9051428 1565135 4518.80000   84    4 4774.00000 4494.01176  5.86%  45.0 9615s
 9058617 1565922     cutoff   79      4774.00000 4494.01806  5.86%  44.9 9620s
 9067871 1566507 infeasible   77      4774.00000 4494.03556  5.86%  44.9 9625s
 9076766 1567254 infeasible   68      4774.00000 4494.04155  5.86%  44.9 9631s
 9086890 1569118     cutoff   96      4774.00000 4494.04603  5.86%  44.9 9635s
 9101062 1572501 infeasible  108      4774.00000 4494.04603  5.86%  44.8 9640s
 9112670 1575614     cutoff   97      4774.00000 4494.04603  5.86%  44.8 9645s
 9126759 1577092     cutoff   93      4774.00000 4494.04603  5.86%  44.7 9650s
 9139192 1579487 4509.17358  104   32 4774.00000 4494.04603  5.86%  44.6 9655s
 9153903 1582959     cutoff   81      4774.00000 4494.04603  5.86%  44.6 9660s
 9167490 1585822 4494.04603   84   33 4774.00000 4494.04603  5.86%  44.5 9666s
 9179299 1587447 4565.01791   84   22 4774.00000 4494.04603  5.86%  44.5 9670s
 9190496 1589961 4494.04603  100   37 4774.00000 4494.04603  5.86%  44.4 9675s
 9202569 1592914 4561.92866  107   25 4774.00000 4494.04603  5.86%  44.4 9680s
 9216713 1595276     cutoff  105      4774.00000 4494.04603  5.86%  44.3 9685s
 9228442 1597444 4537.67060  101   31 4774.00000 4494.04603  5.86%  44.3 9690s
 9239806 1600619 4509.17358  100   32 4774.00000 4494.04603  5.86%  44.2 9695s
 9255241 1602559     cutoff  102      4774.00000 4494.04603  5.86%  44.2 9700s
 9266047 1604013     cutoff  106      4774.00000 4494.04603  5.86%  44.1 9705s
 9275477 1605893     cutoff  104      4774.00000 4494.04603  5.86%  44.1 9710s
 9291335 1607823 4508.12542  105   31 4774.00000 4494.04603  5.86%  44.0 9715s
 9302249 1609172 4502.52659   83   35 4774.00000 4494.05203  5.86%  44.0 9720s
 9310430 1610049 infeasible   61      4774.00000 4494.05845  5.86%  44.0 9725s
 9316776 1610273 4494.07475   72   23 4774.00000 4494.06879  5.86%  44.0 9730s
 9327812 1610707 4514.22909   67   56 4774.00000 4494.07581  5.86%  43.9 9735s
 9335050 1611504 4598.69409   74   35 4774.00000 4494.10000  5.86%  43.9 9740s
 9343018 1611888 4723.79567   77   24 4774.00000 4494.11839  5.86%  43.9 9745s
 9349534 1612020 4516.36842   69    9 4774.00000 4494.13700  5.86%  43.9 9750s
 9357869 1612412 infeasible   66      4774.00000 4494.15775  5.86%  43.9 9755s
 9362748 1612422 infeasible   73      4774.00000 4494.15983  5.86%  43.9 9760s
 9369399 1612469 infeasible   79      4774.00000 4494.18674  5.86%  43.9 9765s
 9377479 1612645 infeasible   79      4774.00000 4494.21649  5.86%  43.9 9770s
 9384410 1612627 4503.41665   71   56 4774.00000 4494.23850  5.86%  43.8 9775s
 9393188 1612991 4629.59744   68   40 4774.00000 4494.26144  5.86%  43.8 9780s
 9401213 1613248 4510.05000   64   44 4774.00000 4494.27709  5.86%  43.8 9785s
 9408794 1613434 infeasible   60      4774.00000 4494.30190  5.86%  43.8 9790s
 9416847 1613224 4514.43183   65   24 4774.00000 4494.31169  5.86%  43.8 9795s
 9423947 1613899 4608.14600   70   26 4774.00000 4494.34990  5.86%  43.8 9800s
 9431721 1613879     cutoff   67      4774.00000 4494.36734  5.86%  43.8 9805s
 9438207 1613917 4562.29431   71   67 4774.00000 4494.38814  5.86%  43.8 9810s
 9445136 1614179 infeasible   77      4774.00000 4494.41563  5.86%  43.8 9815s
 9452683 1614619 4602.75374   76   18 4774.00000 4494.43913  5.86%  43.7 9820s
 9458962 1614693 4608.80982   69  119 4774.00000 4494.46398  5.86%  43.7 9825s
 9466513 1614820 4595.35100   71   20 4774.00000 4494.48362  5.85%  43.7 9830s
 9474571 1615600     cutoff   49      4774.00000 4494.50863  5.85%  43.7 9835s
 9480580 1615451 4623.65203   68   34 4774.00000 4494.54167  5.85%  43.7 9840s
 9489008 1615970 infeasible   62      4774.00000 4494.56965  5.85%  43.7 9845s
 9496693 1615820 4494.79551   70   23 4774.00000 4494.60885  5.85%  43.7 9850s
 9503850 1615892 4539.88117   51   16 4774.00000 4494.64457  5.85%  43.7 9855s
 9509763 1615994 4513.19913   68   21 4774.00000 4494.68966  5.85%  43.7 9860s
 9516673 1616703     cutoff   62      4774.00000 4494.73417  5.85%  43.7 9865s
 9521535 1617250 4510.19789   59   68 4774.00000 4494.74074  5.85%  43.7 9870s
 9522290 1617266 infeasible   71      4774.00000 4494.74126  5.85%  43.7 9875s
 9527882 1616558 4585.74532   59   59 4774.00000 4494.77929  5.85%  43.7 9880s
 9535126 1616450 4593.20350   73   43 4774.00000 4494.82656  5.85%  43.6 9885s
 9544732 1618888     cutoff   70      4774.00000 4494.84863  5.85%  43.6 9890s
 9557198 1622009 4568.92084   66   33 4774.00000 4494.84863  5.85%  43.6 9895s
 9569803 1624949 4621.25280   68   31 4774.00000 4494.84863  5.85%  43.5 9900s
 9582497 1627929 4563.87794   80   36 4774.00000 4494.84863  5.85%  43.5 9905s
 9594491 1631420 4568.92084   66   33 4774.00000 4494.84863  5.85%  43.4 9910s
 9606347 1634421     cutoff   64      4774.00000 4494.84863  5.85%  43.4 9915s
 9616926 1637439 4672.38881   71   35 4774.00000 4494.84863  5.85%  43.3 9920s
 9626814 1641382 4563.87794   74   33 4774.00000 4494.84863  5.85%  43.3 9925s
 9641760 1644424 4563.87794   71   36 4774.00000 4494.84863  5.85%  43.2 9930s
 9649130 1644609     cutoff   73      4774.00000 4494.87500  5.85%  43.2 9935s
 9660436 1647565 4663.84293   69   36 4774.00000 4494.88898  5.85%  43.2 9940s
 9672908 1650403 4515.97500   73   35 4774.00000 4494.89169  5.85%  43.1 9945s
 9680252 1650671 infeasible   76      4774.00000 4494.92483  5.85%  43.1 9950s
 9687488 1650862 4714.56385   67   33 4774.00000 4494.97079  5.84%  43.1 9955s
 9693848 1650994 infeasible   66      4774.00000 4495.01711  5.84%  43.1 9960s
 9699435 1650930 4646.15401   62   23 4774.00000 4495.07550  5.84%  43.1 9965s
 9707110 1651697 4638.00000   68   12 4774.00000 4495.10132  5.84%  43.1 9970s
 9714877 1652027 4514.76159   72   61 4774.00000 4495.14657  5.84%  43.1 9975s
 9722487 1652579 infeasible   71      4774.00000 4495.16942  5.84%  43.1 9980s
 9729307 1652931 4521.93333   63    3 4774.00000 4495.20351  5.84%  43.1 9985s
 9737330 1653425 infeasible   67      4774.00000 4495.22265  5.84%  43.0 9990s
 9744487 1654156 4609.43733   72    8 4774.00000 4495.24937  5.84%  43.0 9995s
 9752112 1654621 4575.11467   70   20 4774.00000 4495.27329  5.84%  43.0 10000s
 9759762 1655151     cutoff   56      4774.00000 4495.30537  5.84%  43.0 10005s
 9766916 1654915 infeasible   62      4774.00000 4495.36705  5.84%  43.0 10010s
 9772973 1655157 infeasible   66      4774.00000 4495.41793  5.84%  43.0 10015s
 9780222 1655553 infeasible   67      4774.00000 4495.45460  5.83%  43.0 10020s
 9787552 1655508 4598.87366   70   30 4774.00000 4495.50000  5.83%  43.0 10025s
 9794186 1655963 infeasible   78      4774.00000 4495.54053  5.83%  43.0 10030s
 9802983 1656167 infeasible   50      4774.00000 4495.58970  5.83%  43.0 10035s
 9810692 1657009 4622.07000   77   13 4774.00000 4495.61880  5.83%  43.0 10040s
 9816703 1656918     cutoff   71      4774.00000 4495.68333  5.83%  42.9 10045s
 9825154 1657138 4665.53158   74   19 4774.00000 4495.73333  5.83%  42.9 10050s
 9832423 1657038 4545.85403   47   83 4774.00000 4495.77857  5.83%  42.9 10055s
 9838757 1657038     cutoff   63      4774.00000 4495.83536  5.83%  42.9 10060s
 9844008 1656747     cutoff   55      4774.00000 4495.89796  5.83%  42.9 10065s
 9851709 1656043 4661.93726   66   24 4774.00000 4495.96611  5.82%  42.9 10070s
 9858956 1655866 4629.02400   66   12 4774.00000 4496.02640  5.82%  42.9 10075s
 9865681 1655527 infeasible   79      4774.00000 4496.07366  5.82%  42.9 10080s
 9873347 1654972 infeasible   47      4774.00000 4496.14258  5.82%  42.9 10085s
 9879704 1654716     cutoff   61      4774.00000 4496.20000  5.82%  42.9 10090s
 9886038 1654595 4496.49029   49   72 4774.00000 4496.25796  5.82%  42.9 10095s
 9892664 1654797 infeasible   49      4774.00000 4496.29983  5.82%  42.9 10100s
 9899475 1654928 infeasible   68      4774.00000 4496.35237  5.82%  42.9 10105s
 9906172 1654800 infeasible   76      4774.00000 4496.41248  5.81%  42.9 10110s
 9912662 1654846     cutoff   54      4774.00000 4496.46852  5.81%  42.9 10115s
 9918472 1655113 4642.55854   73  149 4774.00000 4496.53175  5.81%  42.9 10120s
 9925893 1655070 infeasible   41      4774.00000 4496.61743  5.81%  42.8 10125s
 9931963 1654948 infeasible   71      4774.00000 4496.68759  5.81%  42.8 10130s
 9938780 1654880     cutoff   66      4774.00000 4496.75957  5.81%  42.8 10135s
 9946018 1654680 4638.74177   67   23 4774.00000 4496.82788  5.81%  42.8 10140s
 9953160 1654841 infeasible   57      4774.00000 4496.89384  5.80%  42.8 10145s
 9959666 1654681     cutoff   73      4774.00000 4496.97707  5.80%  42.8 10150s
 9965847 1654256     cutoff   82      4774.00000 4497.05750  5.80%  42.8 10155s
 9970988 1653794 4647.06783   60   76 4774.00000 4497.11179  5.80%  42.8 10160s
 9977804 1653632 infeasible   68      4774.00000 4497.16313  5.80%  42.8 10166s
 9983354 1653824 4625.00000   62    6 4774.00000 4497.22740  5.80%  42.8 10170s
 9990865 1653107 4545.75100   74   30 4774.00000 4497.30446  5.80%  42.8 10175s
 9995847 1653287 4506.08481   65   44 4774.00000 4497.35254  5.79%  42.8 10180s
 10003808 1653668 infeasible   70      4774.00000 4497.37993  5.79%  42.8 10185s
 10009342 1653654 infeasible   63      4774.00000 4497.41651  5.79%  42.8 10190s
 10015702 1653581 4662.36267   75   19 4774.00000 4497.46900  5.79%  42.8 10195s
 10021983 1653588 4517.46255   64   44 4774.00000 4497.52630  5.79%  42.8 10200s
 10029726 1653992     cutoff   47      4774.00000 4497.58889  5.79%  42.8 10205s
 10033123 1653975 4658.49933   59   21 4774.00000 4497.61844  5.79%  42.8 10210s
 10039956 1653920 infeasible   66      4774.00000 4497.68540  5.79%  42.8 10215s
 10045402 1654249 infeasible   65      4774.00000 4497.74074  5.79%  42.8 10220s
 10053528 1654053 4598.44093   49  107 4774.00000 4497.80189  5.79%  42.7 10225s
 10060301 1654182 4595.00000   66    7 4774.00000 4497.84877  5.78%  42.7 10230s
 10069276 1654476 4586.01777   52   76 4774.00000 4497.87864  5.78%  42.7 10235s
 10074690 1654241 4627.05298   64   32 4774.00000 4497.93422  5.78%  42.7 10240s
 10081797 1654606 4498.20450   71   19 4774.00000 4498.00000  5.78%  42.7 10245s
 10088616 1656008 4503.84856   58   53 4774.00000 4498.00000  5.78%  42.7 10250s
 10096069 1657206 4579.54599   69   33 4774.00000 4498.00000  5.78%  42.7 10255s
 10103387 1658455 4498.07250   76   21 4774.00000 4498.01451  5.78%  42.7 10260s
 10110775 1660013 4499.50000   72   22 4774.00000 4498.01548  5.78%  42.7 10265s
 10121117 1662076 4498.55000   85   23 4774.00000 4498.01646  5.78%  42.7 10270s
 10128478 1663668 4502.88067   97   12 4774.00000 4498.01744  5.78%  42.6 10275s
 10137586 1664871 4501.00000   84   18 4774.00000 4498.01980  5.78%  42.6 10280s
 10146447 1666185 4602.06525   82    8 4774.00000 4498.01980  5.78%  42.6 10286s
 10153990 1666960 4602.00000   74    4 4774.00000 4498.01990  5.78%  42.6 10290s
 10162611 1668025 4498.03317   70   24 4774.00000 4498.02402  5.78%  42.6 10295s
 10169813 1669055 4602.03550   94   19 4774.00000 4498.02568  5.78%  42.6 10300s
 10178128 1670417 4500.23860   79   19 4774.00000 4498.02617  5.78%  42.6 10305s
 10187024 1671523 infeasible   83      4774.00000 4498.02703  5.78%  42.6 10310s
 10194358 1672218 4657.42955   69   18 4774.00000 4498.02903  5.78%  42.5 10315s
 10200122 1672687 4546.58407   79   19 4774.00000 4498.03300  5.78%  42.5 10320s
 10207507 1673037 4639.53707   75   44 4774.00000 4498.03317  5.78%  42.5 10325s
 10215327 1674124     cutoff   68      4774.00000 4498.03383  5.78%  42.5 10330s
 10223730 1675602 4500.10000   64    8 4774.00000 4498.03421  5.78%  42.5 10335s
 10232761 1676178 infeasible   82      4774.00000 4498.03628  5.78%  42.5 10340s
 10238626 1676778 4595.26500   64   17 4774.00000 4498.04067  5.78%  42.5 10345s
 10248744 1677521 4647.03417   54   32 4774.00000 4498.04950  5.78%  42.4 10350s
 10255741 1677525 infeasible   92      4774.00000 4498.05000  5.78%  42.4 10355s
 10263238 1677875 4571.85107   74   31 4774.00000 4498.05000  5.78%  42.4 10360s
 10270105 1677845 4641.05388   72   27 4774.00000 4498.05099  5.78%  42.4 10365s
 10277681 1678140 4501.00000   69   19 4774.00000 4498.05319  5.78%  42.4 10370s
 10285359 1678649 4564.60000   99    3 4774.00000 4498.05630  5.78%  42.4 10375s
 10292839 1679370 4685.27367   81   20 4774.00000 4498.06050  5.78%  42.4 10380s
 10301033 1679836 4498.10098   65   28 4774.00000 4498.06558  5.78%  42.4 10385s
 10307898 1680300 infeasible   74      4774.00000 4498.06750  5.78%  42.4 10390s
 10314343 1680625 4498.07031   68   19 4774.00000 4498.06938  5.78%  42.4 10395s
 10323431 1681324 4498.12444   96   17 4774.00000 4498.07123  5.78%  42.3 10400s
 10331115 1681640 4498.07208   75   20 4774.00000 4498.07200  5.78%  42.3 10406s
 10338525 1681647     cutoff   86      4774.00000 4498.07250  5.78%  42.3 10410s
 10344969 1681635 4633.76828   72   26 4774.00000 4498.07416  5.78%  42.3 10415s
 10348339 1681824 4740.84829   48   53 4774.00000 4498.07806  5.78%  42.3 10420s
 10356134 1681916     cutoff  107      4774.00000 4498.09421  5.78%  42.3 10425s
 10366755 1681876     cutoff  109      4774.00000 4498.09544  5.78%  42.3 10430s
 10373451 1681853 4635.79775   68   36 4774.00000 4498.10435  5.78%  42.3 10435s
 10380280 1682296 4498.14283   74   24 4774.00000 4498.11189  5.78%  42.2 10440s
 10387943 1682955     cutoff   66      4774.00000 4498.11950  5.78%  42.2 10445s
 10393978 1684620 infeasible   64      4774.00000 4498.12465  5.78%  42.2 10450s
 10399116 1686604 4503.90713   51   89 4774.00000 4498.12465  5.78%  42.2 10456s
 10406421 1687335 4498.26667   83   18 4774.00000 4498.13003  5.78%  42.2 10460s
 10413986 1687786 4498.56604   82    8 4774.00000 4498.14168  5.78%  42.2 10465s
 10420309 1687732 4518.55741   66   16 4774.00000 4498.15023  5.78%  42.2 10470s
 10426870 1687736 4509.64706   63    8 4774.00000 4498.16153  5.78%  42.2 10475s
 10435585 1687890 infeasible   75      4774.00000 4498.17617  5.78%  42.2 10480s
 10443746 1688417 4498.23035   82   23 4774.00000 4498.18947  5.78%  42.2 10485s
 10450324 1688892     cutoff   71      4774.00000 4498.19892  5.78%  42.2 10490s
 10456420 1690844 4503.35537   44  144 4774.00000 4498.20083  5.78%  42.2 10495s
 10461414 1692045 infeasible   75      4774.00000 4498.20083  5.78%  42.2 10500s
 10468917 1692441 4501.79242   71   18 4774.00000 4498.21818  5.78%  42.2 10505s
 10475873 1692557 4517.86815   61   45 4774.00000 4498.24354  5.78%  42.1 10510s
 10484090 1692824 4498.85857   69   27 4774.00000 4498.26919  5.78%  42.1 10515s
 10492757 1693297 infeasible   70      4774.00000 4498.28898  5.78%  42.1 10520s
 10499912 1693558     cutoff   50      4774.00000 4498.29875  5.78%  42.1 10525s
 10507236 1693750 4638.05126   75   27 4774.00000 4498.32591  5.77%  42.1 10530s
 10514110 1693865 4612.75400   73    9 4774.00000 4498.34815  5.77%  42.1 10535s
 10525734 1695303 4533.97058   90   34 4774.00000 4498.37084  5.77%  42.1 10540s
 10538508 1696821 4537.68779  105   33 4774.00000 4498.37084  5.77%  42.0 10546s
 10551393 1697929 infeasible  106      4774.00000 4498.37084  5.77%  42.0 10550s
 10563834 1699219 4498.37084   96   33 4774.00000 4498.37084  5.77%  41.9 10555s
 10574711 1700739     cutoff  106      4774.00000 4498.37084  5.77%  41.9 10560s
 10588575 1701981 4533.97058   99   37 4774.00000 4498.37084  5.77%  41.9 10565s
 10600904 1703327 4548.89923   94   32 4774.00000 4498.37084  5.77%  41.8 10570s
 10611374 1704803     cutoff   91      4774.00000 4498.37084  5.77%  41.8 10575s
 10625187 1706044     cutoff   91      4774.00000 4498.37084  5.77%  41.7 10580s
 10636818 1707473     cutoff   94      4774.00000 4498.37084  5.77%  41.7 10585s
 10647984 1709281     cutoff  105      4774.00000 4498.37084  5.77%  41.7 10590s
 10661269 1710369 4533.97058   99   37 4774.00000 4498.37084  5.77%  41.6 10595s
 10672642 1711345 4498.37084  101   35 4774.00000 4498.37084  5.77%  41.6 10600s
 10684279 1712440     cutoff   86      4774.00000 4498.37084  5.77%  41.5 10605s
 10697222 1713351 4534.03305  105   30 4774.00000 4498.37084  5.77%  41.5 10610s
 10709601 1714498     cutoff  107      4774.00000 4498.37084  5.77%  41.5 10615s
 10720863 1716322 4577.11687  102   31 4774.00000 4498.37084  5.77%  41.4 10620s
 10727829 1716245 infeasible   76      4774.00000 4498.39128  5.77%  41.4 10625s
 10735612 1716606 infeasible   80      4774.00000 4498.43400  5.77%  41.4 10630s
 10741458 1718348 4507.65775   56   87 4774.00000 4498.45307  5.77%  41.4 10635s
 10747480 1719401 infeasible   64      4774.00000 4498.46764  5.77%  41.4 10640s
 10753538 1720525 4506.83333   66   48 4774.00000 4498.49242  5.77%  41.4 10645s
 10761042 1721019 4571.63483   57   43 4774.00000 4498.53614  5.77%  41.4 10650s
 10768971 1721285 4596.75218   59   65 4774.00000 4498.58579  5.77%  41.4 10655s
 10776089 1721227 infeasible   55      4774.00000 4498.64450  5.77%  41.4 10660s
 10782488 1721070     cutoff   61      4774.00000 4498.69855  5.77%  41.4 10665s
 10789257 1721897 infeasible   70      4774.00000 4498.75561  5.77%  41.4 10670s
 10797488 1721946 4501.98496   74   26 4774.00000 4498.78103  5.76%  41.4 10675s
 10805463 1721696     cutoff   61      4774.00000 4498.82771  5.76%  41.3 10680s
 10813893 1722163     cutoff   69      4774.00000 4498.87717  5.76%  41.3 10685s
 10819913 1722706 4643.77008   57   94 4774.00000 4498.90899  5.76%  41.3 10690s
 10826293 1723481 4504.30073   50  128 4774.00000 4498.97638  5.76%  41.3 10695s
 10831606 1724453     cutoff   52      4774.00000 4498.98784  5.76%  41.3 10700s
 10837633 1724628 infeasible   67      4774.00000 4499.03500  5.76%  41.3 10705s
 10843886 1724754 4507.47956   56   88 4774.00000 4499.07460  5.76%  41.3 10710s
 10849895 1725137     cutoff   57      4774.00000 4499.11605  5.76%  41.3 10715s
 10856913 1725435 4658.52265   78   30 4774.00000 4499.18024  5.76%  41.3 10720s
 10864336 1725707     cutoff   61      4774.00000 4499.22275  5.76%  41.3 10725s
 10870837 1725850 4606.21667   61   14 4774.00000 4499.28913  5.75%  41.3 10730s
 10876279 1726500 4515.06300   61   21 4774.00000 4499.32121  5.75%  41.3 10735s
 10883089 1726624 infeasible   77      4774.00000 4499.38165  5.75%  41.3 10740s
 10890334 1726656 infeasible   70      4774.00000 4499.43054  5.75%  41.3 10745s
 10897205 1727508     cutoff   79      4774.00000 4499.47322  5.75%  41.3 10750s
 10905560 1728944 4518.68757   68   38 4774.00000 4499.48869  5.75%  41.3 10755s
 10914121 1729937 4502.39613   77   23 4774.00000 4499.50222  5.75%  41.3 10760s
 10919983 1730067 4641.03427   66   40 4774.00000 4499.53600  5.75%  41.3 10765s
 10927728 1730658 4610.25696   52  135 4774.00000 4499.57250  5.75%  41.3 10770s
 10934720 1730773 4606.21000   75   10 4774.00000 4499.61636  5.75%  41.2 10775s
 10942593 1731005 4502.38281   65   60 4774.00000 4499.65462  5.75%  41.2 10780s
 10949373 1731343 4544.33710   69   41 4774.00000 4499.70304  5.75%  41.2 10785s
 10958526 1732034 4605.23364   58   87 4774.00000 4499.74460  5.74%  41.2 10790s
 10965219 1732500 4521.46667   66    7 4774.00000 4499.78333  5.74%  41.2 10795s
 10969937 1732715 4504.81699   53  146 4774.00000 4499.81255  5.74%  41.2 10800s
 10976103 1732731 4514.30924   71   54 4774.00000 4499.86957  5.74%  41.2 10805s
 10984065 1733347 4621.25280   71   31 4774.00000 4499.92182  5.74%  41.2 10810s
 10993255 1734111 infeasible   81      4774.00000 4499.94229  5.74%  41.2 10815s
 10998547 1734801 infeasible   74      4774.00000 4499.95818  5.74%  41.2 10820s
 11005242 1735286 infeasible   78      4774.00000 4500.00000  5.74%  41.2 10825s
 11013641 1735394 4622.19848   82   21 4774.00000 4500.03305  5.74%  41.2 10830s
 11020597 1735772 infeasible   65      4774.00000 4500.07562  5.74%  41.2 10835s
 11029774 1732821 infeasible   62      4774.00000 4500.10000  5.74%  41.1 10840s
 11037918 1731194 4500.12950   69   42 4774.00000 4500.12900  5.74%  41.1 10845s
 11044604 1730974 4505.74371   50  122 4774.00000 4500.16468  5.74%  41.1 10850s
 11049892 1730854     cutoff   57      4774.00000 4500.18978  5.74%  41.1 10855s
 11058615 1730750 4500.24949   66   44 4774.00000 4500.24849  5.73%  41.1 10860s
 11064369 1730548     cutoff   68      4774.00000 4500.28323  5.73%  41.1 10865s
 11071552 1730119 4668.55130   74   22 4774.00000 4500.35489  5.73%  41.1 10870s
 11077616 1730238 4516.50086   60   31 4774.00000 4500.40204  5.73%  41.1 10875s
 11084424 1730263 4508.10000   76    3 4774.00000 4500.43967  5.73%  41.1 10880s
 11091714 1730478 infeasible   72      4774.00000 4500.48485  5.73%  41.1 10885s
 11099074 1731138 infeasible   63      4774.00000 4500.52695  5.73%  41.1 10890s
 11107200 1731879     cutoff   74      4774.00000 4500.56056  5.73%  41.1 10895s
 11113485 1731955 infeasible   55      4774.00000 4500.61004  5.73%  41.0 10900s
 11122141 1732763 infeasible   45      4774.00000 4500.62641  5.73%  41.0 10905s
 11127272 1732979 4500.68684   60   46 4774.00000 4500.65806  5.73%  41.0 10910s
 11135571 1733482     cutoff   71      4774.00000 4500.68684  5.73%  41.0 10915s
 11143414 1733998 infeasible   50      4774.00000 4500.73519  5.72%  41.0 10920s
 11151482 1734431 4514.25253   68   41 4774.00000 4500.77408  5.72%  41.0 10925s
 11159219 1734898 4514.71720   69   40 4774.00000 4500.81009  5.72%  41.0 10930s
 11167072 1734855 4568.20318   76   40 4774.00000 4500.87053  5.72%  40.9 10935s
 11175086 1735128 4510.15267   59   93 4774.00000 4500.89241  5.72%  40.9 10941s
 11181979 1734995 infeasible   55      4774.00000 4500.93701  5.72%  40.9 10945s
 11189190 1735328 4609.49054   61   43 4774.00000 4500.97939  5.72%  40.9 10950s
 11198160 1736118 4634.53150   82   17 4774.00000 4501.00000  5.72%  40.9 10955s
 11205824 1737024 4508.78846   71   20 4774.00000 4501.00000  5.72%  40.9 10960s
 11212101 1737515 infeasible   71      4774.00000 4501.00000  5.72%  40.9 10965s
 11220649 1737603 4586.96755   82   23 4774.00000 4501.00000  5.72%  40.9 10970s
 11227278 1737596 4616.37287   88   23 4774.00000 4501.00000  5.72%  40.9 10975s
 11234505 1737657 4502.80000   77   12 4774.00000 4501.00000  5.72%  40.9 10980s
 11242292 1737805 4602.00000   91    4 4774.00000 4501.00000  5.72%  40.9 10985s
 11248597 1738082 4501.00050   79   22 4774.00000 4501.00000  5.72%  40.9 10990s
 11255821 1738310 4505.29167   72   16 4774.00000 4501.00000  5.72%  40.9 10995s
 11263775 1738407 4501.75128   85   31 4774.00000 4501.00000  5.72%  40.8 11000s
 11271149 1738495     cutoff   82      4774.00000 4501.00000  5.72%  40.8 11005s
 11276403 1738778 4501.00000   65    4 4774.00000 4501.00000  5.72%  40.8 11010s
 11283127 1739056 4502.50000   68    4 4774.00000 4501.00000  5.72%  40.8 11015s
 11289983 1739469 4632.00000   72    8 4774.00000 4501.00000  5.72%  40.8 11020s
 11296545 1739814 4501.00000   75   17 4774.00000 4501.00000  5.72%  40.8 11025s
 11303109 1740129 infeasible   83      4774.00000 4501.00000  5.72%  40.8 11030s
 11310514 1740408 4557.16862   80   22 4774.00000 4501.00000  5.72%  40.8 11035s
 11318315 1740739 4506.50667   78   16 4774.00000 4501.00000  5.72%  40.8 11040s
 11325748 1741097     cutoff   70      4774.00000 4501.00000  5.72%  40.8 11045s
 11333323 1741570 infeasible   71      4774.00000 4501.00000  5.72%  40.8 11050s
 11341005 1741925 4607.76067   79   17 4774.00000 4501.00000  5.72%  40.8 11056s
 11348206 1742098 4692.66652   53   80 4774.00000 4501.00634  5.72%  40.8 11060s
 11356066 1742888 4620.77998   99   29 4774.00000 4501.02113  5.72%  40.8 11065s
 11363497 1743572 infeasible   74      4774.00000 4501.02161  5.72%  40.7 11070s
 11371236 1743795 4602.12800   88   12 4774.00000 4501.02337  5.72%  40.7 11075s
 11379242 1744542 4557.01639   95   18 4774.00000 4501.02659  5.72%  40.7 11080s
 11387199 1745217 infeasible   73      4774.00000 4501.02684  5.72%  40.7 11085s
 11393489 1745453 4501.05828   57   48 4774.00000 4501.02901  5.72%  40.7 11090s
 11401098 1745952 infeasible   80      4774.00000 4501.03022  5.72%  40.7 11095s
 11408102 1745953 4607.29775   76   12 4774.00000 4501.03617  5.72%  40.7 11100s
 11415864 1746764 4510.02975   68   41 4774.00000 4501.03994  5.72%  40.7 11105s
 11423037 1749082 4556.38667   69   17 4774.00000 4501.04006  5.72%  40.7 11110s
 11427619 1750388 4508.33000   67   41 4774.00000 4501.04006  5.72%  40.7 11115s
 11433791 1752122     cutoff   72      4774.00000 4501.04013  5.72%  40.7 11120s
 11440056 1753783 4521.08345   75   21 4774.00000 4501.04019  5.72%  40.7 11126s
 11445070 1754882     cutoff   74      4774.00000 4501.04019  5.72%  40.7 11130s
 11451448 1756354 4517.10000   70   18 4774.00000 4501.04031  5.72%  40.7 11135s
 11457223 1756758 4715.11993   80   35 4774.00000 4501.04471  5.72%  40.7 11140s
 11464897 1756652 4504.35400   74   14 4774.00000 4501.05000  5.72%  40.7 11145s
 11472432 1756665     cutoff   75      4774.00000 4501.05350  5.72%  40.6 11150s
 11478922 1756720 infeasible   99      4774.00000 4501.06350  5.72%  40.6 11155s
 11487596 1757132 4507.20882   68   76 4774.00000 4501.06459  5.72%  40.6 11160s
 11493426 1758030 4501.09489   74   19 4774.00000 4501.06509  5.72%  40.6 11165s
 11500525 1759067 4625.64250   75   14 4774.00000 4501.07269  5.72%  40.6 11170s
 11508330 1759461     cutoff   75      4774.00000 4501.07838  5.72%  40.6 11175s
 11516148 1760230 4540.67111   54  119 4774.00000 4501.08118  5.72%  40.6 11180s
 11523478 1761098 infeasible   75      4774.00000 4501.08529  5.72%  40.6 11185s
 11532087 1761412 4501.09014   88   26 4774.00000 4501.08920  5.72%  40.6 11190s
 11540266 1762458 infeasible   82      4774.00000 4501.09296  5.72%  40.6 11195s
 11548238 1763987 4501.11471   95   30 4774.00000 4501.09296  5.72%  40.6 11200s
 11557273 1765081 infeasible   93      4774.00000 4501.09453  5.72%  40.5 11205s
 11564815 1765574     cutoff   95      4774.00000 4501.09552  5.72%  40.5 11210s
 11571902 1765966 infeasible   75      4774.00000 4501.09560  5.72%  40.5 11215s
 11579964 1766345 4501.09764   78   30 4774.00000 4501.09560  5.72%  40.5 11220s
 11588330 1767867 infeasible   88      4774.00000 4501.09693  5.72%  40.5 11225s
 11596116 1769137 4501.11096   77   20 4774.00000 4501.09764  5.72%  40.5 11230s
 11605619 1770099 4529.30000   95    8 4774.00000 4501.09900  5.72%  40.5 11235s
 11612846 1770316 infeasible   90      4774.00000 4501.09960  5.72%  40.5 11240s
 11619909 1770729 4571.75000   84   18 4774.00000 4501.09960  5.72%  40.5 11245s
 11627547 1771421 4501.27516   71   25 4774.00000 4501.10090  5.72%  40.5 11250s
 11636705 1772988 4501.10962   88   30 4774.00000 4501.10090  5.72%  40.5 11255s
 11643702 1773647 4567.47633   92   21 4774.00000 4501.10212  5.72%  40.4 11260s
 11652489 1774188 infeasible   85      4774.00000 4501.10292  5.72%  40.4 11265s
 11659450 1774600 infeasible  102      4774.00000 4501.10360  5.72%  40.4 11270s
 11666687 1774595 infeasible   82      4774.00000 4501.10586  5.72%  40.4 11275s
 11675631 1774846 infeasible   89      4774.00000 4501.10658  5.72%  40.4 11280s
 11683685 1775091 4638.94033   93   18 4774.00000 4501.10899  5.72%  40.4 11285s
 11686802 1775171 4504.00000   90   11 4774.00000 4501.10962  5.72%  40.4 11290s
 11696679 1775213 4501.48214   79   14 4774.00000 4501.11072  5.72%  40.4 11295s
 11704682 1774927 4501.15489   76   16 4774.00000 4501.11123  5.72%  40.4 11300s
 11712974 1774925 4565.14983  100   10 4774.00000 4501.11306  5.72%  40.4 11305s
 11719519 1774734 infeasible   75      4774.00000 4501.11499  5.72%  40.4 11310s
 11726688 1774151 4613.29426   84   24 4774.00000 4501.11672  5.72%  40.4 11315s
 11732993 1773869     cutoff   78      4774.00000 4501.11997  5.72%  40.3 11320s
 11740608 1773226 4501.13750   61   20 4774.00000 4501.12659  5.72%  40.3 11325s
 11747395 1772583 4502.26556   73   21 4774.00000 4501.13717  5.72%  40.3 11330s
 11755065 1772542 infeasible   84      4774.00000 4501.15276  5.72%  40.3 11335s
 11763821 1772564     cutoff   67      4774.00000 4501.17238  5.71%  40.3 11340s
 11769668 1772613 infeasible   70      4774.00000 4501.19653  5.71%  40.3 11345s
 11778138 1773058 4634.25931   77   43 4774.00000 4501.22163  5.71%  40.3 11350s
 11786058 1773102 infeasible   73      4774.00000 4501.25300  5.71%  40.3 11355s
 11793447 1773028     cutoff   52      4774.00000 4501.27000  5.71%  40.3 11360s
 11800301 1772878 4501.46766   74   21 4774.00000 4501.28037  5.71%  40.3 11365s
 11805585 1772701 4608.35300   86    5 4774.00000 4501.29517  5.71%  40.3 11370s
 11815850 1772892 4659.21201   82   16 4774.00000 4501.31226  5.71%  40.3 11375s
 11823590 1772928 infeasible   73      4774.00000 4501.32562  5.71%  40.3 11380s
 11832111 1773090     cutoff   99      4774.00000 4501.34320  5.71%  40.2 11385s
 11839489 1773015 4656.55662   65   24 4774.00000 4501.36275  5.71%  40.2 11390s
 11843885 1772967 4633.19019   67   34 4774.00000 4501.37811  5.71%  40.2 11395s
 11851548 1773947 4564.02492   73   58 4774.00000 4501.39002  5.71%  40.2 11400s
 11858458 1774544 4554.00000   71    9 4774.00000 4501.39014  5.71%  40.2 11405s
 11863981 1775052 4534.03212   44  108 4774.00000 4501.39125  5.71%  40.2 11410s
 11872927 1774762 4501.41994   92   28 4774.00000 4501.41715  5.71%  40.2 11416s
 11879934 1775215 4510.42267   72   46 4774.00000 4501.42803  5.71%  40.2 11420s
 11887016 1775271 4602.57375   72   19 4774.00000 4501.44782  5.71%  40.2 11425s
 11894734 1775264 4501.56815   60   46 4774.00000 4501.46989  5.71%  40.2 11430s
 11901995 1775218 4506.52538   53   81 4774.00000 4501.49472  5.71%  40.2 11435s
 11908675 1775203 infeasible   42      4774.00000 4501.52041  5.71%  40.2 11440s
 11916978 1775027     cutoff   73      4774.00000 4501.55643  5.71%  40.2 11445s
 11924187 1775028 infeasible   85      4774.00000 4501.57808  5.71%  40.2 11450s
 11932197 1775210 infeasible   95      4774.00000 4501.59279  5.71%  40.2 11455s
 11938795 1775981 4516.86923   56   45 4774.00000 4501.61198  5.71%  40.2 11460s
 11944415 1776991 infeasible   76      4774.00000 4501.62240  5.71%  40.2 11465s
 11951970 1776962 infeasible   81      4774.00000 4501.64889  5.70%  40.2 11470s
 11957341 1777032 4653.36405   64   27 4774.00000 4501.67442  5.70%  40.2 11475s
 11965494 1777472 infeasible   71      4774.00000 4501.70451  5.70%  40.2 11480s
 11971844 1777288 infeasible   72      4774.00000 4501.74524  5.70%  40.2 11485s
 11976968 1777514 4506.91433   69   56 4774.00000 4501.77942  5.70%  40.1 11490s
 11983671 1777792 infeasible   62      4774.00000 4501.80753  5.70%  40.1 11495s
 11990279 1777746 4547.51936   46  130 4774.00000 4501.85708  5.70%  40.1 11500s
 11997078 1778218 4606.22933   70   13 4774.00000 4501.88827  5.70%  40.1 11505s
 12005039 1778423     cutoff   57      4774.00000 4501.92112  5.70%  40.1 11510s
 12012371 1777970 infeasible   71      4774.00000 4501.97158  5.70%  40.1 11515s
 12020638 1778466 4602.85384   73   16 4774.00000 4502.00586  5.70%  40.1 11520s
 12027477 1779588 4655.15000   67   12 4774.00000 4502.03567  5.70%  40.1 11525s
 12035735 1781359 4508.79690   61   85 4774.00000 4502.06108  5.70%  40.1 11530s
 12043174 1781253 4522.07000   72   11 4774.00000 4502.10885  5.70%  40.1 11535s
 12049882 1782646 4628.00000   73   10 4774.00000 4502.12796  5.69%  40.1 11541s
 12055171 1783055 infeasible   64      4774.00000 4502.14774  5.69%  40.1 11545s
 12062034 1783111 4636.46747   71   40 4774.00000 4502.20319  5.69%  40.1 11550s
 12067543 1782513 infeasible   97      4774.00000 4502.23981  5.69%  40.1 11555s
 12074588 1783055 infeasible   78      4774.00000 4502.27406  5.69%  40.1 11560s
 12080674 1783871 4522.31767   59   15 4774.00000 4502.31208  5.69%  40.1 11565s
 12083911 1784567 4523.96770   54  137 4774.00000 4502.32428  5.69%  40.1 11570s
 12091938 1784746 infeasible   59      4774.00000 4502.35000  5.69%  40.1 11575s
 12100174 1786145 infeasible   68      4774.00000 4502.37103  5.69%  40.1 11580s
 12107349 1786505     cutoff   63      4774.00000 4502.38991  5.69%  40.1 11585s
 12113560 1786763 4669.64972   71   24 4774.00000 4502.42782  5.69%  40.1 11590s
 12121962 1786291 infeasible   82      4774.00000 4502.46945  5.69%  40.1 11595s
 12127934 1786168 4581.97545   68   27 4774.00000 4502.50354  5.69%  40.1 11600s
 12134865 1786129 4623.75117   61   31 4774.00000 4502.54159  5.69%  40.0 11605s
 12142117 1787144 4549.70488   65   35 4774.00000 4502.56604  5.69%  40.0 11610s
 12148180 1788019 4513.28271   67   43 4774.00000 4502.58845  5.69%  40.0 11615s
 12154953 1788434 4532.05714   80   31 4774.00000 4502.61099  5.68%  40.0 11620s
 12162583 1788159 infeasible   45      4774.00000 4502.66003  5.68%  40.0 11625s
 12169401 1788758     cutoff   64      4774.00000 4502.68996  5.68%  40.0 11630s
 12175946 1789317     cutoff   62      4774.00000 4502.70933  5.68%  40.0 11635s
 12184204 1789812 infeasible   73      4774.00000 4502.75472  5.68%  40.0 11640s
 12190882 1790362 4523.63639   73   18 4774.00000 4502.77515  5.68%  40.0 11645s
 12198518 1790679 4668.97275   44  118 4774.00000 4502.80967  5.68%  40.0 11650s
 12205503 1790581 4518.76058   60   30 4774.00000 4502.84812  5.68%  40.0 11655s
 12212896 1790517 4635.15012   76   17 4774.00000 4502.88437  5.68%  40.0 11660s
 12219656 1790445 infeasible   79      4774.00000 4502.91411  5.68%  40.0 11665s
 12229090 1790067     cutoff   48      4774.00000 4502.93571  5.68%  40.0 11670s
 12235256 1790083 infeasible   77      4774.00000 4502.97058  5.68%  40.0 11675s
 12244309 1789726 infeasible   73      4774.00000 4503.00000  5.68%  40.0 11680s
 12251204 1789007 4568.62173   66   41 4774.00000 4503.02842  5.68%  39.9 11685s
 12258728 1789525     cutoff   69      4774.00000 4503.05877  5.68%  39.9 11690s
 12264833 1789238 4542.89756   68   45 4774.00000 4503.07868  5.67%  39.9 11695s
 12273789 1789364 4550.83360   50   26 4774.00000 4503.11258  5.67%  39.9 11700s
 12279917 1789718 4654.59777   42   99 4774.00000 4503.13200  5.67%  39.9 11705s
 12287631 1789925 4553.15800   52   20 4774.00000 4503.15600  5.67%  39.9 11710s
 12292867 1790011 infeasible   79      4774.00000 4503.16800  5.67%  39.9 11715s
 12300239 1790363 4656.25033   67   25 4774.00000 4503.17555  5.67%  39.9 11720s
 12308654 1790064     cutoff   71      4774.00000 4503.19346  5.67%  39.9 11725s
 12313508 1790207 4617.00000   76    8 4774.00000 4503.23403  5.67%  39.9 11730s
 12321719 1790234 infeasible   65      4774.00000 4503.26667  5.67%  39.9 11735s
 12329397 1790453 infeasible   71      4774.00000 4503.32210  5.67%  39.9 11740s
 12336397 1790641 infeasible   64      4774.00000 4503.37555  5.67%  39.9 11745s
 12343132 1790127 4601.33554   47   76 4774.00000 4503.42517  5.67%  39.9 11750s
 12350435 1790776     cutoff   76      4774.00000 4503.45633  5.67%  39.9 11755s
 12357363 1790688     cutoff   80      4774.00000 4503.48438  5.67%  39.9 11760s
 12365942 1790844     cutoff   68      4774.00000 4503.53452  5.67%  39.8 11765s
 12373840 1790518     cutoff   71      4774.00000 4503.57691  5.66%  39.8 11770s
 12381392 1790750 infeasible   74      4774.00000 4503.64286  5.66%  39.8 11775s
 12387844 1790600     cutoff   72      4774.00000 4503.69731  5.66%  39.8 11780s
 12395848 1790717 4505.14085   60   15 4774.00000 4503.75490  5.66%  39.8 11785s
 12401726 1790881 4568.91943   68   18 4774.00000 4503.79915  5.66%  39.8 11790s
 12409159 1791165     cutoff   65      4774.00000 4503.85317  5.66%  39.8 11795s
 12415733 1790897 4531.16499   69   22 4774.00000 4503.90795  5.66%  39.8 11800s
 12423276 1790603 4727.83514   70   27 4774.00000 4503.96685  5.66%  39.8 11805s
 12431468 1790389 infeasible   72      4774.00000 4504.00000  5.66%  39.8 11810s
 12438181 1789827 infeasible   79      4774.00000 4504.00000  5.66%  39.8 11815s
 12446192 1789314 infeasible   78      4774.00000 4504.00000  5.66%  39.8 11820s
 12453176 1788933 infeasible   73      4774.00000 4504.00000  5.66%  39.8 11825s
 12459550 1788448 infeasible   74      4774.00000 4504.00000  5.66%  39.8 11830s
 12467073 1788388 infeasible   77      4774.00000 4504.00000  5.66%  39.8 11835s
 12474257 1788752 4642.28717   73   12 4774.00000 4504.00000  5.66%  39.8 11840s
 12481468 1788723 4504.03624   62   59 4774.00000 4504.00000  5.66%  39.8 11845s
 12490267 1788912 4508.74679   70   58 4774.00000 4504.01964  5.66%  39.7 11850s
 12496539 1789437     cutoff   76      4774.00000 4504.01964  5.66%  39.7 11855s
 12504373 1790133 4504.03650   70   17 4774.00000 4504.01966  5.66%  39.7 11860s
 12511908 1790498 4504.02603   98   25 4774.00000 4504.01966  5.66%  39.7 11865s
 12519478 1790823 4504.41000   81   17 4774.00000 4504.01966  5.66%  39.7 11870s
 12527723 1790800 4504.03600   71   13 4774.00000 4504.01966  5.66%  39.7 11875s
 12534013 1790119 4541.55827   67   16 4774.00000 4504.02038  5.66%  39.7 11880s
 12539757 1789466 4717.51667   71   12 4774.00000 4504.02359  5.66%  39.7 11885s
 12546390 1789163 infeasible   71      4774.00000 4504.03000  5.66%  39.7 11890s
 12553119 1789833 4670.86829   77   52 4774.00000 4504.03624  5.65%  39.7 11895s
 12558798 1790294 4624.10496   73   56 4774.00000 4504.03624  5.65%  39.6 11900s
 12565893 1790899 4641.39511  106   17 4774.00000 4504.03624  5.65%  39.6 11905s
 12574023 1790402     cutoff  107      4774.00000 4504.04100  5.65%  39.6 11910s
 12580732 1789586     cutoff   93      4774.00000 4504.05000  5.65%  39.6 11915s
 12586979 1788950 4629.11650   73   70 4774.00000 4504.05850  5.65%  39.6 11920s
 12593098 1788662 infeasible   75      4774.00000 4504.08887  5.65%  39.6 11925s
 12599609 1788665 4504.37223   61   49 4774.00000 4504.11240  5.65%  39.6 11930s
 12607619 1788905 4508.41091   77   60 4774.00000 4504.11240  5.65%  39.6 11935s
 12617514 1789735 infeasible   73      4774.00000 4504.15300  5.65%  39.6 11941s
 12624841 1789733 4548.67500   75   18 4774.00000 4504.15760  5.65%  39.6 11945s
 12630819 1789811     cutoff   65      4774.00000 4504.17011  5.65%  39.6 11950s
 12638631 1790095 4544.79833   57   46 4774.00000 4504.19700  5.65%  39.5 11955s
 12646965 1790278 4642.12046   64   31 4774.00000 4504.21708  5.65%  39.5 11960s
 12653796 1791248 4520.06100   58   66 4774.00000 4504.23250  5.65%  39.5 11966s
 12660264 1791603 infeasible   81      4774.00000 4504.24625  5.65%  39.5 11970s
 12668170 1791827 4566.08104   70   63 4774.00000 4504.25398  5.65%  39.5 11975s
 12676178 1791933 4596.83485   65  126 4774.00000 4504.26667  5.65%  39.5 11980s
 12683213 1791909 4566.56392   38  134 4774.00000 4504.28914  5.65%  39.5 11985s
 12690614 1792002 infeasible   75      4774.00000 4504.30414  5.65%  39.5 11990s
 12697367 1792241 4635.46571   74   42 4774.00000 4504.32711  5.65%  39.5 11995s
 12702301 1794317 4507.81452   51   68 4774.00000 4504.32711  5.65%  39.5 12000s
 12705949 1796028 4580.91427   65  142 4774.00000 4504.32804  5.65%  39.5 12005s
 12711608 1797285 infeasible   69      4774.00000 4504.33333  5.65%  39.5 12010s
 12719563 1797857     cutoff   58      4774.00000 4504.35050  5.65%  39.5 12015s
 12726384 1798691 4565.15469   82   20 4774.00000 4504.36667  5.65%  39.5 12020s
 12735555 1798786 4524.23200   67   15 4774.00000 4504.39263  5.65%  39.5 12025s
 12742760 1798636 infeasible   43      4774.00000 4504.41198  5.65%  39.5 12030s
 12748354 1799042 4696.59468   63   77 4774.00000 4504.42649  5.65%  39.5 12035s
 12755478 1799190     cutoff   76      4774.00000 4504.45801  5.65%  39.5 12040s
 12763208 1798912     cutoff   72      4774.00000 4504.49378  5.65%  39.5 12045s
 12770123 1798640 4614.13757   55   31 4774.00000 4504.52858  5.64%  39.5 12050s
 12777810 1799976 infeasible  104      4774.00000 4504.53175  5.64%  39.5 12055s
 12788160 1800463 infeasible  102      4774.00000 4504.55182  5.64%  39.5 12060s
 12798915 1800930 4611.71619  108   15 4774.00000 4504.55790  5.64%  39.4 12065s
 12809959 1801966 infeasible   93      4774.00000 4504.56022  5.64%  39.4 12070s
 12818970 1802902 4605.11950   90   10 4774.00000 4504.56948  5.64%  39.4 12075s
 12828184 1802986 4510.82825   58   54 4774.00000 4504.57114  5.64%  39.4 12080s
 12837228 1803017 4554.56176   61   24 4774.00000 4504.59583  5.64%  39.4 12085s
 12843698 1803166 infeasible   53      4774.00000 4504.62712  5.64%  39.4 12090s
 12855461 1803823 4609.35667  106   13 4774.00000 4504.64551  5.64%  39.4 12095s
 12867642 1805200 4676.39638   80   29 4774.00000 4504.65470  5.64%  39.3 12100s
 12879422 1807380 4529.61974   94   35 4774.00000 4504.65470  5.64%  39.3 12105s
 12891010 1807204     cutoff   69      4774.00000 4504.67290  5.64%  39.3 12110s
 12900416 1807391 infeasible  108      4774.00000 4504.68752  5.64%  39.3 12115s
 12911566 1807603 infeasible  101      4774.00000 4504.69131  5.64%  39.3 12120s
 12920970 1808593 4605.00000   96   11 4774.00000 4504.69270  5.64%  39.2 12125s
 12928100 1808944 4504.70806   76   59 4774.00000 4504.70806  5.64%  39.2 12130s
 12936556 1809423     cutoff   65      4774.00000 4504.74442  5.64%  39.2 12135s
 12946287 1810140     cutoff   48      4774.00000 4504.76187  5.64%  39.2 12140s
 12953599 1810039 4611.53067   72   18 4774.00000 4504.79779  5.64%  39.2 12145s
 12961211 1810151 4504.81467   94   18 4774.00000 4504.81467  5.64%  39.2 12150s
 12969085 1810067 infeasible   78      4774.00000 4504.84067  5.64%  39.2 12155s
 12976901 1809979 infeasible   65      4774.00000 4504.87508  5.64%  39.2 12160s
 12984659 1810409 infeasible   93      4774.00000 4504.88625  5.64%  39.2 12165s
 12993904 1810119 infeasible   85      4774.00000 4504.93147  5.64%  39.2 12171s
 12999303 1810162 4505.69772   79   22 4774.00000 4504.95734  5.64%  39.2 12175s
 13006859 1810136 4667.65036   51   65 4774.00000 4505.00524  5.63%  39.2 12180s
 13014363 1810903 4509.48438   70   29 4774.00000 4505.03717  5.63%  39.2 12185s
 13021876 1810931 infeasible   78      4774.00000 4505.03733  5.63%  39.2 12190s
 13028571 1810703 4631.81942   70   35 4774.00000 4505.03750  5.63%  39.1 12195s
 13034837 1810532 infeasible   54      4774.00000 4505.03767  5.63%  39.1 12200s
 13041229 1810269 4593.10513   64   23 4774.00000 4505.05600  5.63%  39.1 12205s
 13048134 1809808     cutoff   70      4774.00000 4505.07433  5.63%  39.1 12210s
 13054396 1809076 4585.61348   54   23 4774.00000 4505.08933  5.63%  39.1 12215s
 13061264 1809346     cutoff   47      4774.00000 4505.10873  5.63%  39.1 12220s
 13068691 1809216 4520.43001   64   58 4774.00000 4505.12766  5.63%  39.1 12226s
 13074487 1810155 4521.23625   60   15 4774.00000 4505.14507  5.63%  39.1 12230s
 13079633 1811188 4525.15308   60   15 4774.00000 4505.15308  5.63%  39.1 12235s
 13086445 1811479 4505.23529   70   13 4774.00000 4505.16827  5.63%  39.1 12240s
 13092481 1811131 infeasible   59      4774.00000 4505.17476  5.63%  39.1 12245s
 13097641 1811000 4605.39041   72   18 4774.00000 4505.20033  5.63%  39.1 12250s
 13104693 1810436 4505.61201   71   16 4774.00000 4505.24471  5.63%  39.1 12255s
 13111666 1810388 4553.33159   55  203 4774.00000 4505.27778  5.63%  39.1 12260s
 13117690 1810694 infeasible   42      4774.00000 4505.29126  5.63%  39.1 12265s
 13123923 1811166 4589.75898   75   52 4774.00000 4505.31212  5.63%  39.1 12270s
 13132079 1812448 infeasible   73      4774.00000 4505.32898  5.63%  39.1 12275s
 13140112 1813048 infeasible   74      4774.00000 4505.34086  5.63%  39.1 12280s
 13148549 1813148 infeasible   80      4774.00000 4505.35778  5.63%  39.1 12285s
 13154766 1813138 infeasible   66      4774.00000 4505.37759  5.63%  39.1 12290s
 13162936 1812768 4561.57937   60   13 4774.00000 4505.41743  5.63%  39.1 12295s
 13170770 1813364 4511.09878   69   22 4774.00000 4505.45155  5.63%  39.1 12300s
 13177569 1814236 4645.83733   60   16 4774.00000 4505.47066  5.62%  39.1 12305s
 13184795 1814425     cutoff   65      4774.00000 4505.49995  5.62%  39.1 12310s
 13192531 1814262 infeasible   53      4774.00000 4505.53507  5.62%  39.1 12315s
 13197379 1814139     cutoff   61      4774.00000 4505.57143  5.62%  39.1 12320s
 13205880 1813960 4505.63333   72   11 4774.00000 4505.62460  5.62%  39.1 12325s
 13213452 1813355 4520.11667   73    6 4774.00000 4505.67014  5.62%  39.0 12330s
 13220204 1812971 4516.13443   65   23 4774.00000 4505.70852  5.62%  39.0 12335s
 13229706 1813745 4506.39443   73   23 4774.00000 4505.72899  5.62%  39.0 12340s
 13236889 1813847 infeasible   62      4774.00000 4505.74168  5.62%  39.0 12345s
 13245527 1814303 4552.04000   47   30 4774.00000 4505.77220  5.62%  39.0 12350s
 13253001 1814108 infeasible   79      4774.00000 4505.81140  5.62%  39.0 12355s
 13259606 1814133 4623.23067   75   17 4774.00000 4505.83729  5.62%  39.0 12360s
 13268656 1813894 infeasible   67      4774.00000 4505.89708  5.62%  39.0 12365s
 13274969 1813842 4506.46669   60   47 4774.00000 4505.93387  5.62%  39.0 12370s
 13282823 1813963 4602.06350   70   11 4774.00000 4505.95975  5.61%  39.0 12375s
 13290036 1813989 4518.80401   64   47 4774.00000 4506.00265  5.61%  39.0 12380s
 13297747 1813956 4611.20286   65   47 4774.00000 4506.04944  5.61%  39.0 12385s
 13305968 1813377 infeasible   78      4774.00000 4506.09877  5.61%  39.0 12390s
 13313030 1813263 4524.36667   62   15 4774.00000 4506.15000  5.61%  39.0 12395s
 13320691 1813160 4699.99050   48   11 4774.00000 4506.20000  5.61%  39.0 12400s
 13328047 1813051 infeasible   82      4774.00000 4506.26288  5.61%  39.0 12405s
 13335807 1813689 4611.61527   56   71 4774.00000 4506.29395  5.61%  39.0 12410s
 13339386 1814437 4517.13998   64   41 4774.00000 4506.31458  5.61%  39.0 12415s
 13345591 1815249 4507.52056   57   89 4774.00000 4506.33142  5.61%  39.0 12420s
 13351631 1815026 4556.17539   62   34 4774.00000 4506.37171  5.61%  39.0 12425s
 13358203 1815155 4610.18110   63  111 4774.00000 4506.41712  5.61%  39.0 12430s
 13366451 1815328 4605.43863   72   19 4774.00000 4506.48626  5.60%  39.0 12435s
 13372128 1815384 4700.33894   46   97 4774.00000 4506.52640  5.60%  39.0 12440s
 13378541 1815160 4512.52919   54   73 4774.00000 4506.59843  5.60%  38.9 12445s
 13386946 1814921 infeasible   64      4774.00000 4506.67828  5.60%  38.9 12450s
 13395303 1815303     cutoff   60      4774.00000 4506.72258  5.60%  38.9 12455s
 13402660 1815192 infeasible   65      4774.00000 4506.78333  5.60%  38.9 12460s
 13409195 1815291 infeasible   45      4774.00000 4506.82348  5.60%  38.9 12465s
 13417765 1815397 4647.60881   71   45 4774.00000 4506.86845  5.60%  38.9 12470s
 13424270 1815257 4523.75601   72   31 4774.00000 4506.90909  5.59%  38.9 12475s
 13432456 1815370 4608.30100  104   17 4774.00000 4506.94535  5.59%  38.9 12480s
 13439654 1814786     cutoff   72      4774.00000 4506.98929  5.59%  38.9 12485s
 13447148 1813271 4537.10894   72   14 4774.00000 4507.00000  5.59%  38.9 12490s
 13453291 1813235 4605.05085   73   16 4774.00000 4507.02694  5.59%  38.9 12495s
 13460866 1813732 4518.42713   67   45 4774.00000 4507.05184  5.59%  38.9 12500s
 13468439 1814220 4507.05184   70   59 4774.00000 4507.05184  5.59%  38.9 12505s
 13477949 1814438 infeasible   70      4774.00000 4507.08949  5.59%  38.9 12510s
 13482811 1814442 4512.73511   62   17 4774.00000 4507.11212  5.59%  38.9 12515s
 13490167 1815284     cutoff   72      4774.00000 4507.15259  5.59%  38.8 12520s
 13499155 1816447 4593.27013   78   48 4774.00000 4507.15259  5.59%  38.8 12525s
 13507797 1816762 4635.76426   73   31 4774.00000 4507.15990  5.59%  38.8 12530s
 13515554 1816646 4507.22487   57   47 4774.00000 4507.20629  5.59%  38.8 12535s
 13523625 1817095 4547.85236   77   53 4774.00000 4507.25900  5.59%  38.8 12541s
 13530593 1817102 infeasible   78      4774.00000 4507.26981  5.59%  38.8 12545s
 13537975 1817097 4556.32300   53   14 4774.00000 4507.30417  5.59%  38.8 12550s
 13545127 1817485 4524.92515   71   57 4774.00000 4507.32936  5.59%  38.8 12555s
 13554077 1818094 4652.57237   70   24 4774.00000 4507.35217  5.59%  38.8 12560s
 13561585 1818063 infeasible   62      4774.00000 4507.37244  5.58%  38.8 12565s
 13569688 1818522     cutoff   76      4774.00000 4507.40533  5.58%  38.7 12570s
 13576676 1818642 infeasible   80      4774.00000 4507.43726  5.58%  38.7 12575s
 13584169 1818467 4564.59251   65   28 4774.00000 4507.47959  5.58%  38.7 12580s
 13591238 1819527 4649.42019   72   32 4774.00000 4507.49114  5.58%  38.7 12585s
 13598924 1819412 infeasible   73      4774.00000 4507.53500  5.58%  38.7 12590s
 13605697 1819437 4508.47425   53   80 4774.00000 4507.56652  5.58%  38.7 12595s
 13613700 1819055 infeasible   84      4774.00000 4507.60526  5.58%  38.7 12600s
 13619921 1819318 4510.30303   72   26 4774.00000 4507.64774  5.58%  38.7 12605s
 13628242 1819963 infeasible   74      4774.00000 4507.68328  5.58%  38.7 12610s
 13635739 1819471 4539.76000   57   38 4774.00000 4507.72761  5.58%  38.7 12615s
 13642935 1819377 4598.60337   74   23 4774.00000 4507.76230  5.58%  38.7 12620s
 13648595 1819607     cutoff   73      4774.00000 4507.76667  5.58%  38.7 12626s
 13656575 1819144 4646.43373   79   16 4774.00000 4507.81154  5.58%  38.7 12630s
 13663367 1818671 infeasible   76      4774.00000 4507.85192  5.57%  38.7 12635s
 13671305 1817906     cutoff   74      4774.00000 4507.91276  5.57%  38.7 12640s
 13678540 1817415 4605.05085   72   23 4774.00000 4507.96936  5.57%  38.7 12645s
 13687063 1818102     cutoff   67      4774.00000 4507.99915  5.57%  38.7 12650s
 13693800 1817361 4629.12712   70   18 4774.00000 4508.00000  5.57%  38.7 12655s
 13701527 1817210 infeasible   73      4774.00000 4508.05157  5.57%  38.7 12660s
 13709482 1816288 4508.12542  105   31 4774.00000 4508.12306  5.57%  38.7 12666s
 13716497 1815807 infeasible   76      4774.00000 4508.16333  5.57%  38.7 12670s
 13723962 1815573 4719.26325   60  125 4774.00000 4508.23019  5.57%  38.7 12675s
 13730739 1815711     cutoff   52      4774.00000 4508.26667  5.57%  38.6 12680s
 13737964 1815216 4605.30097   74   21 4774.00000 4508.32881  5.56%  38.6 12685s
 13746200 1815839 4515.33052   65   47 4774.00000 4508.36598  5.56%  38.6 12690s
 13756192 1817039     cutoff   77      4774.00000 4508.36598  5.56%  38.6 12695s
 13766250 1818115     cutoff   74      4774.00000 4508.36598  5.56%  38.6 12700s
 13776748 1819061 4701.17409   73   41 4774.00000 4508.36598  5.56%  38.6 12705s
 13786121 1819844 4528.99459   68   44 4774.00000 4508.36598  5.56%  38.5 12710s
 13796975 1820693 infeasible   73      4774.00000 4508.36598  5.56%  38.5 12715s
 13806722 1821573 4515.33052   71   47 4774.00000 4508.36598  5.56%  38.5 12720s
 13816842 1822533 4628.00004   77   44 4774.00000 4508.36598  5.56%  38.5 12725s
 13826741 1822975     cutoff   64      4774.00000 4508.36598  5.56%  38.5 12730s
 13837765 1823916 infeasible   71      4774.00000 4508.37764  5.56%  38.4 12735s
 13845728 1824447 4508.37764   78   45 4774.00000 4508.37764  5.56%  38.4 12740s
 13853970 1825102 4508.37764   73   45 4774.00000 4508.37764  5.56%  38.4 12745s
 13863666 1825331 infeasible   41      4774.00000 4508.37764  5.56%  38.4 12750s
 13868929 1825197     cutoff   67      4774.00000 4508.43443  5.56%  38.4 12755s
 13874810 1826110 4616.58580   67   31 4774.00000 4508.46750  5.56%  38.4 12760s
 13882648 1826050     cutoff   68      4774.00000 4508.50841  5.56%  38.4 12765s
 13890189 1825598     cutoff   74      4774.00000 4508.54425  5.56%  38.4 12770s
 13897433 1825790 4508.59091   61   15 4774.00000 4508.57143  5.56%  38.3 12775s
 13908026 1826369     cutoff   75      4774.00000 4508.58809  5.56%  38.3 12780s
 13918351 1826268 infeasible   76      4774.00000 4508.60665  5.56%  38.3 12785s
 13926010 1826578 4640.16647   87   20 4774.00000 4508.63681  5.56%  38.3 12790s
 13934356 1827347 infeasible   73      4774.00000 4508.65703  5.56%  38.3 12795s
 13942148 1827399 4658.88639   70   67 4774.00000 4508.69950  5.56%  38.3 12800s
 13951219 1828442 4515.74212   63   46 4774.00000 4508.70849  5.56%  38.3 12805s
 13961128 1829180     cutoff   83      4774.00000 4508.70849  5.56%  38.2 12810s
 13971899 1830058     cutoff   82      4774.00000 4508.70849  5.56%  38.2 12815s
 13981441 1830767 infeasible   77      4774.00000 4508.70849  5.56%  38.2 12820s
 13989619 1831670 4701.61007   67   38 4774.00000 4508.70849  5.56%  38.2 12825s
 13999717 1832519     cutoff   79      4774.00000 4508.70849  5.56%  38.2 12830s
 14009939 1833509 4508.70849   75   45 4774.00000 4508.70849  5.56%  38.1 12835s
 14014288 1833891     cutoff   74      4774.00000 4508.70849  5.56%  38.1 12840s
 14023620 1834888 4508.70849   79   45 4774.00000 4508.70849  5.56%  38.1 12845s
 14033019 1835724     cutoff   72      4774.00000 4508.70849  5.56%  38.1 12850s
 14041724 1836389 4508.72016   68   46 4774.00000 4508.72016  5.56%  38.1 12855s
 14051512 1837140 4531.59314   66   44 4774.00000 4508.72016  5.56%  38.1 12860s
 14059982 1837985 4548.53201   74   47 4774.00000 4508.72016  5.56%  38.0 12865s
 14070328 1838463     cutoff   70      4774.00000 4508.72016  5.56%  38.0 12870s
 14077383 1838132 4526.09387   76   57 4774.00000 4508.74115  5.56%  38.0 12875s
 14085601 1838292 4515.35585   66   44 4774.00000 4508.76135  5.56%  38.0 12880s
 14092862 1838586 infeasible   70      4774.00000 4508.80948  5.55%  38.0 12885s
 14098416 1838726 4513.24319   71   36 4774.00000 4508.85174  5.55%  38.0 12890s
 14105510 1838295 4513.74236   66   53 4774.00000 4508.90631  5.55%  38.0 12895s
 14115456 1838968     cutoff   75      4774.00000 4508.91218  5.55%  38.0 12900s
 14124580 1840023 infeasible   71      4774.00000 4508.91602  5.55%  37.9 12905s
 14134879 1840337 infeasible   78      4774.00000 4508.93066  5.55%  37.9 12910s
 14145293 1839867     cutoff   72      4774.00000 4508.94868  5.55%  37.9 12915s
 14152528 1839549     cutoff   71      4774.00000 4508.96952  5.55%  37.9 12920s
 14160603 1840188 4553.13273   51   89 4774.00000 4508.99498  5.55%  37.9 12925s
 14170152 1840805 infeasible   80      4774.00000 4509.00663  5.55%  37.9 12930s
 14178071 1840288 4551.33656   66   21 4774.00000 4509.08184  5.55%  37.9 12935s
 14185850 1840729 4516.30753   66   56 4774.00000 4509.08946  5.55%  37.9 12940s
 14193254 1840970 4676.10579   56   49 4774.00000 4509.10000  5.55%  37.8 12945s
 14200665 1840305 4664.21017   98   21 4774.00000 4509.17358  5.55%  37.8 12950s
 14211473 1839415     cutoff  106      4774.00000 4509.17358  5.55%  37.8 12955s
 14222697 1838615     cutoff   97      4774.00000 4509.17358  5.55%  37.8 12960s
 14233989 1837837 4664.21017   93   21 4774.00000 4509.17358  5.55%  37.8 12965s
 14245358 1837019 4537.67060   83   31 4774.00000 4509.17358  5.55%  37.7 12970s
 14256651 1836289     cutoff  103      4774.00000 4509.17358  5.55%  37.7 12975s
 14267300 1835571 4703.99235  106   21 4774.00000 4509.17358  5.55%  37.7 12980s
 14278551 1834757     cutoff  101      4774.00000 4509.17358  5.55%  37.7 12985s
 14285826 1834839 infeasible   76      4774.00000 4509.21937  5.55%  37.7 12990s
 14294849 1834357 infeasible   67      4774.00000 4509.27617  5.55%  37.7 12995s
 14301912 1834200 4569.65200   83   25 4774.00000 4509.34648  5.54%  37.7 13000s
 14308945 1833821 4604.27128   56  132 4774.00000 4509.40095  5.54%  37.7 13005s
 14315264 1833563 4537.48366   68   46 4774.00000 4509.43992  5.54%  37.7 13010s
 14322615 1832816 4706.82401   70   66 4774.00000 4509.50000  5.54%  37.6 13015s
 14330614 1833522 4509.53487   71   56 4774.00000 4509.53487  5.54%  37.6 13020s
 14338552 1833686 infeasible   84      4774.00000 4509.55000  5.54%  37.6 13025s
 14345879 1832942 4696.30478   57   43 4774.00000 4509.63076  5.54%  37.6 13030s
 14353183 1833160     cutoff   70      4774.00000 4509.69109  5.54%  37.6 13035s
 14360016 1832917     cutoff   59      4774.00000 4509.73718  5.54%  37.6 13040s
 14365495 1832395 4525.34717   67   28 4774.00000 4509.79960  5.53%  37.6 13045s
 14371338 1831691 4563.99429   46   25 4774.00000 4509.86052  5.53%  37.6 13050s
 14379093 1832325 4533.31284   75   55 4774.00000 4509.87765  5.53%  37.6 13055s
 14387327 1832312 infeasible   50      4774.00000 4509.90000  5.53%  37.6 13060s
 14395291 1831883 infeasible   72      4774.00000 4509.97504  5.53%  37.6 13065s
 14402742 1831313 4522.41579   74   24 4774.00000 4510.03961  5.53%  37.6 13070s
 14409912 1831034 4534.90833   64   27 4774.00000 4510.12263  5.53%  37.6 13075s
 14416731 1830829     cutoff   73      4774.00000 4510.18679  5.53%  37.6 13080s
 14424563 1830453     cutoff   45      4774.00000 4510.26861  5.52%  37.6 13085s
 14432791 1829495     cutoff   56      4774.00000 4510.33800  5.52%  37.6 13090s
 14439488 1828987     cutoff   66      4774.00000 4510.39394  5.52%  37.6 13095s
 14446808 1828522 infeasible   65      4774.00000 4510.46667  5.52%  37.6 13100s
 14455120 1828171 4611.78525   74   18 4774.00000 4510.51969  5.52%  37.6 13105s
 14461515 1828248 infeasible   72      4774.00000 4510.57111  5.52%  37.6 13110s
 14467822 1828100 4612.00000   65    9 4774.00000 4510.60374  5.52%  37.6 13115s
 14474168 1828115 4542.42643   63   42 4774.00000 4510.66856  5.52%  37.5 13120s
 14482178 1828045     cutoff   74      4774.00000 4510.73333  5.51%  37.5 13125s
 14489388 1829695 4618.35382   55   90 4774.00000 4510.75666  5.51%  37.5 13130s
 14496440 1829383 4621.68333   72   10 4774.00000 4510.82159  5.51%  37.5 13135s
 14503549 1828688 4541.50388   61   44 4774.00000 4510.90409  5.51%  37.5 13140s
 14511667 1828722 4585.11813   77   21 4774.00000 4510.94545  5.51%  37.5 13145s
 14520531 1829033 4511.97375   67   28 4774.00000 4510.97547  5.51%  37.5 13150s
 14528520 1828885     cutoff   72      4774.00000 4511.00000  5.51%  37.5 13155s
 14537084 1828987 4646.35000   73   11 4774.00000 4511.00000  5.51%  37.5 13160s
 14544521 1829411 4591.11859   71   38 4774.00000 4511.01217  5.51%  37.5 13165s
 14551444 1828495 infeasible   66      4774.00000 4511.06075  5.51%  37.5 13170s
 14552243 1829105     cutoff   64      4774.00000 4511.06075  5.51%  37.5 13175s
 14557154 1830141 4666.55659   76   20 4774.00000 4511.06125  5.51%  37.5 13180s
 14565960 1831667 infeasible   80      4774.00000 4511.10909  5.51%  37.5 13186s
 14572620 1831913 infeasible   65      4774.00000 4511.12792  5.51%  37.5 13190s
 14580951 1832454 4643.79827   77   40 4774.00000 4511.15509  5.51%  37.5 13195s
 14588532 1833046 infeasible   77      4774.00000 4511.15509  5.51%  37.5 13200s
 14597708 1835469 4516.39891   58   85 4774.00000 4511.16362  5.51%  37.5 13205s
 14604771 1838131 4516.75830   57   87 4774.00000 4511.16842  5.51%  37.5 13210s
 14610234 1839937 4515.28233   59  116 4774.00000 4511.17976  5.51%  37.5 13215s
 14616994 1840528 4512.01090   64   57 4774.00000 4511.21443  5.50%  37.5 13220s
 14623686 1840459 4582.01379   47   63 4774.00000 4511.28294  5.50%  37.5 13225s
 14630135 1840618 4605.63759   71   61 4774.00000 4511.33692  5.50%  37.5 13230s
 14636871 1841499 4561.40050   59   17 4774.00000 4511.40163  5.50%  37.5 13235s
 14642728 1841754 4523.35000   59   33 4774.00000 4511.44687  5.50%  37.5 13240s
 14648221 1842037 4511.49822   66   56 4774.00000 4511.49679  5.50%  37.5 13245s
 14656041 1842374 4640.77664   78   44 4774.00000 4511.49822  5.50%  37.4 13250s
 14664932 1842772 4623.72500   78   18 4774.00000 4511.52043  5.50%  37.4 13255s
 14671535 1842259 4580.71921   70   72 4774.00000 4511.56982  5.50%  37.4 13260s
 14678897 1842892 infeasible   66      4774.00000 4511.62129  5.50%  37.4 13265s
 14686920 1843658 4537.31225   68   66 4774.00000 4511.68333  5.49%  37.4 13270s
 14694038 1844048     cutoff   67      4774.00000 4511.68780  5.49%  37.4 13275s
 14700888 1844408 4635.39443   78   65 4774.00000 4511.68780  5.49%  37.4 13280s
 14707790 1844428 infeasible   87      4774.00000 4511.75699  5.49%  37.4 13285s
 14716333 1844698 4686.15850   64   21 4774.00000 4511.76239  5.49%  37.4 13290s
 14725729 1844651     cutoff   74      4774.00000 4511.78881  5.49%  37.4 13295s
 14733763 1844279 4533.08231   67   56 4774.00000 4511.80415  5.49%  37.4 13300s
 14740742 1844332     cutoff   70      4774.00000 4511.85971  5.49%  37.4 13305s
 14748857 1844175     cutoff   55      4774.00000 4511.91776  5.49%  37.3 13310s
 14755862 1843741 4518.07143   73   37 4774.00000 4511.96472  5.49%  37.3 13315s
 14761914 1843966 4559.68094   82   23 4774.00000 4512.00990  5.49%  37.3 13320s
 14770891 1843537 4619.00253   74   16 4774.00000 4512.05263  5.49%  37.3 13325s
 14778386 1843108 infeasible   53      4774.00000 4512.12229  5.49%  37.3 13330s
 14785877 1843118 4562.07277   68    8 4774.00000 4512.14528  5.49%  37.3 13335s
 14792542 1843171 4536.43260   70   57 4774.00000 4512.20459  5.48%  37.3 13340s
 14802460 1844724 4575.78424   84   55 4774.00000 4512.20459  5.48%  37.3 13345s
 14810964 1845372 4626.00167   71   17 4774.00000 4512.21102  5.48%  37.3 13350s
 14819205 1845833     cutoff   69      4774.00000 4512.21761  5.48%  37.3 13355s
 14826145 1845584 infeasible   66      4774.00000 4512.25000  5.48%  37.3 13360s
 14832718 1844949     cutoff   53      4774.00000 4512.30929  5.48%  37.3 13365s
 14840179 1844521     cutoff   72      4774.00000 4512.39334  5.48%  37.3 13371s
 14847858 1845275 4521.36053   77   57 4774.00000 4512.39334  5.48%  37.3 13375s
 14855745 1846390     cutoff   72      4774.00000 4512.39334  5.48%  37.2 13380s
 14864246 1847730     cutoff   60      4774.00000 4512.39334  5.48%  37.2 13385s
 14871892 1848921 4552.13859   70   59 4774.00000 4512.39334  5.48%  37.2 13390s
 14879405 1849890 4521.32802   68   59 4774.00000 4512.39334  5.48%  37.2 13395s
 14883479 1850377 4699.57171   76   54 4774.00000 4512.39334  5.48%  37.2 13400s
 14883874 1850470 4637.44214   77   56 4774.00000 4512.39334  5.48%  37.2 13405s
 14889830 1851538 4670.90578   77   54 4774.00000 4512.39334  5.48%  37.2 13410s
 14898475 1852341     cutoff   78      4774.00000 4512.39334  5.48%  37.2 13415s
 14905755 1852714 4670.90578   77   54 4774.00000 4512.39974  5.48%  37.2 13420s
 14913212 1853442 4539.59731   71   57 4774.00000 4512.40500  5.48%  37.1 13425s
 14922008 1853950     cutoff   73      4774.00000 4512.40500  5.48%  37.1 13430s
 14930878 1854792 4521.37549   73   57 4774.00000 4512.40500  5.48%  37.1 13435s
 14939757 1855461 4539.59731   76   57 4774.00000 4512.40500  5.48%  37.1 13440s
 14947235 1856208 4561.03130   71   57 4774.00000 4512.40500  5.48%  37.1 13445s
 14954814 1856118 infeasible   46      4774.00000 4512.42100  5.48%  37.1 13450s
 14961943 1855012 4602.00000   76    9 4774.00000 4512.48762  5.48%  37.1 13455s
 14971039 1856008 4552.26173   67   58 4774.00000 4512.51648  5.48%  37.0 13460s
 14980243 1856787     cutoff   75      4774.00000 4512.51648  5.48%  37.0 13465s
 14988294 1857715     cutoff   71      4774.00000 4512.51648  5.48%  37.0 13470s
 14997888 1859069     cutoff   74      4774.00000 4512.51648  5.48%  37.0 13475s
 15006638 1860474 infeasible   73      4774.00000 4512.51648  5.48%  37.0 13480s
 15015520 1861328     cutoff   72      4774.00000 4512.51648  5.48%  37.0 13485s
 15025008 1862764 4521.31495   75   58 4774.00000 4512.51648  5.48%  36.9 13490s
 15033803 1863755     cutoff   80      4774.00000 4512.52294  5.48%  36.9 13495s
 15042590 1864329 4512.52813   69   59 4774.00000 4512.52813  5.48%  36.9 13500s
 15050752 1865170 4521.38753   75   57 4774.00000 4512.52813  5.48%  36.9 13505s
 15059639 1865878 4521.38753   74   57 4774.00000 4512.52813  5.48%  36.9 13511s
 15067126 1866604 4512.54701   80   28 4774.00000 4512.52813  5.48%  36.9 13515s
 15074415 1867516 infeasible   76      4774.00000 4512.52813  5.48%  36.9 13520s
 15081119 1868513     cutoff   80      4774.00000 4512.53459  5.48%  36.8 13525s
 15089606 1868731 4541.81195   73   49 4774.00000 4512.55138  5.48%  36.8 13530s
 15098585 1869500 4541.81195   73   49 4774.00000 4512.55138  5.48%  36.8 13535s
 15107174 1869776 infeasible   72      4774.00000 4512.55138  5.48%  36.8 13540s
 15116134 1869301 4670.47400   74   12 4774.00000 4512.62800  5.47%  36.8 13545s
 15123198 1869639 4561.21480   75   57 4774.00000 4512.66896  5.47%  36.8 13550s
 15132433 1870192 4521.57390   77   57 4774.00000 4512.68061  5.47%  36.8 13555s
 15139873 1869492 infeasible   43      4774.00000 4512.73947  5.47%  36.8 13560s
 15145840 1869300 4685.21922   42  180 4774.00000 4512.81453  5.47%  36.8 13565s
 15152682 1869159 4576.28497   73   51 4774.00000 4512.86898  5.47%  36.8 13570s
 15160037 1869399     cutoff   80      4774.00000 4512.89484  5.47%  36.7 13575s
 15168450 1869751 infeasible   75      4774.00000 4512.89484  5.47%  36.7 13580s
 15175783 1870174 4628.54643   79   41 4774.00000 4512.89484  5.47%  36.7 13585s
 15184349 1870056 4552.37641   73   57 4774.00000 4512.91936  5.47%  36.7 13590s
 15191196 1870059 4548.08333   82   14 4774.00000 4512.99004  5.47%  36.7 13595s
 15198098 1869872 infeasible   60      4774.00000 4513.03333  5.47%  36.7 13600s
 15206232 1869540 4653.83520   64   24 4774.00000 4513.11561  5.46%  36.7 13605s
 15212647 1868870     cutoff   44      4774.00000 4513.18421  5.46%  36.7 13610s
 15220075 1869090     cutoff   76      4774.00000 4513.21835  5.46%  36.7 13615s
 15228487 1868499 4672.77296   70   26 4774.00000 4513.26704  5.46%  36.7 13620s
 15234975 1867618 4718.27341   48  151 4774.00000 4513.34286  5.46%  36.7 13625s
 15242774 1866602 4536.15502   71   67 4774.00000 4513.36930  5.46%  36.7 13630s
 15251160 1866599 4574.90000   70   19 4774.00000 4513.37267  5.46%  36.6 13635s
 15259163 1866063 infeasible   68      4774.00000 4513.50000  5.46%  36.6 13640s
 15266040 1865227 4590.24539   63   41 4774.00000 4513.58900  5.45%  36.6 13645s
 15273859 1864006 4524.83741   69   27 4774.00000 4513.68770  5.45%  36.6 13650s
 15282307 1863876 infeasible   79      4774.00000 4513.75174  5.45%  36.6 13656s
 15289818 1863475 4561.28067   67   24 4774.00000 4513.81876  5.45%  36.6 13660s
 15296054 1864092 4652.65334   70   52 4774.00000 4513.85965  5.45%  36.6 13665s
 15303655 1864507 infeasible   77      4774.00000 4513.86106  5.45%  36.6 13670s
 15313134 1865086     cutoff   82      4774.00000 4513.93292  5.45%  36.6 13675s
 15321187 1864037 infeasible   80      4774.00000 4513.98933  5.45%  36.6 13680s
 15329571 1863984 4539.94684   80   48 4774.00000 4514.01708  5.45%  36.6 13685s
 15337634 1864526 4566.87763   85   55 4774.00000 4514.04878  5.45%  36.6 13690s
 15344440 1864729 4622.00000   72   11 4774.00000 4514.08257  5.44%  36.6 13695s
 15352579 1866212 4515.60000   58   14 4774.00000 4514.13195  5.44%  36.6 13700s
 15359202 1867449 infeasible   67      4774.00000 4514.13667  5.44%  36.6 13705s
 15367159 1867787 infeasible   71      4774.00000 4514.16667  5.44%  36.6 13710s
 15373262 1868321 4592.90000   66   54 4774.00000 4514.19912  5.44%  36.6 13715s
 15380076 1868863 infeasible   65      4774.00000 4514.22153  5.44%  36.6 13720s
 15387944 1869396 4603.72033   68   59 4774.00000 4514.25667  5.44%  36.6 13725s
 15393537 1870018     cutoff   74      4774.00000 4514.30375  5.44%  36.6 13730s
 15399993 1870062 4571.22896   59   20 4774.00000 4514.36130  5.44%  36.6 13735s
 15406398 1870396 4637.35600   74   16 4774.00000 4514.41771  5.44%  36.6 13740s
 15414261 1870415 infeasible   53      4774.00000 4514.50000  5.44%  36.6 13745s
 15421006 1870942 4584.53496   54  115 4774.00000 4514.54432  5.43%  36.6 13750s
 15426522 1871412     cutoff   86      4774.00000 4514.56332  5.43%  36.6 13756s
 15433123 1871355 4679.42097   44   60 4774.00000 4514.56332  5.43%  36.5 13760s
 15440438 1871306     cutoff   68      4774.00000 4514.64989  5.43%  36.5 13765s
 15447713 1871694 infeasible   43      4774.00000 4514.68549  5.43%  36.5 13770s
 15454905 1871237     cutoff   68      4774.00000 4514.77286  5.43%  36.5 13775s
 15462090 1871299     cutoff   70      4774.00000 4514.80083  5.43%  36.5 13780s
 15470148 1871429 4531.16425   64   23 4774.00000 4514.89034  5.43%  36.5 13785s
 15477336 1871477 4686.61183   69   18 4774.00000 4514.95326  5.43%  36.5 13790s
 15485160 1870391 4551.49862   74   17 4774.00000 4515.00000  5.43%  36.5 13795s
 15492088 1869726 4516.75000   75   15 4774.00000 4515.00000  5.43%  36.5 13800s
 15500135 1869066 infeasible   73      4774.00000 4515.00000  5.43%  36.5 13805s
 15507226 1868144 4517.50000   67   18 4774.00000 4515.05000  5.42%  36.5 13810s
 15514502 1869950 4519.31583   45   88 4774.00000 4515.06017  5.42%  36.5 13815s
 15520300 1870744 4640.05933   75   14 4774.00000 4515.06983  5.42%  36.5 13820s
 15527041 1870859 infeasible   78      4774.00000 4515.09917  5.42%  36.5 13825s
 15534530 1872007 infeasible   82      4774.00000 4515.11864  5.42%  36.5 13830s
 15542891 1872047     cutoff   54      4774.00000 4515.14250  5.42%  36.5 13835s
 15549901 1871551 4648.30910   70   30 4774.00000 4515.20000  5.42%  36.5 13840s
 15557673 1871360     cutoff   53      4774.00000 4515.25103  5.42%  36.5 13845s
 15563731 1870908 4605.01930   76   44 4774.00000 4515.30962  5.42%  36.5 13850s
 15574398 1870977 4528.99459   77   44 4774.00000 4515.35585  5.42%  36.5 13855s
 15578554 1870878 4552.29392   78   24 4774.00000 4515.38225  5.42%  36.5 13860s
 15584344 1870262 4522.32567   62   51 4774.00000 4515.44557  5.42%  36.5 13865s
 15592404 1869763 4632.29100   78   19 4774.00000 4515.51646  5.41%  36.5 13870s
 15600038 1869155 infeasible   74      4774.00000 4515.56393  5.41%  36.5 13875s
 15605859 1868896     cutoff   52      4774.00000 4515.62372  5.41%  36.5 13880s
 15613666 1868887 4519.50032   68  113 4774.00000 4515.70300  5.41%  36.5 13885s
 15621287 1869318 infeasible   79      4774.00000 4515.74576  5.41%  36.5 13890s
 15629636 1868508 4692.44167   76   21 4774.00000 4515.78664  5.41%  36.5 13895s
 15637229 1868154 4662.02861   72   20 4774.00000 4515.88317  5.41%  36.5 13900s
 15645562 1868478     cutoff   66      4774.00000 4515.94134  5.41%  36.5 13905s
 15653635 1868202     cutoff   50      4774.00000 4515.99882  5.40%  36.5 13910s
 15660018 1867861 4586.16515   69   84 4774.00000 4516.05303  5.40%  36.5 13915s
 15668302 1867783 infeasible   70      4774.00000 4516.12385  5.40%  36.5 13920s
 15674853 1867704 infeasible   49      4774.00000 4516.16980  5.40%  36.4 13925s
 15681797 1867544 4652.34584   74   52 4774.00000 4516.21478  5.40%  36.5 13930s
 15687818 1867121 4597.41208   59   50 4774.00000 4516.28901  5.40%  36.4 13935s
 15695159 1866875 4524.86667   68    6 4774.00000 4516.34052  5.40%  36.4 13940s
 15701669 1866650 4619.22642   73    9 4774.00000 4516.40000  5.40%  36.4 13945s
 15709219 1865850 4532.36217   60   37 4774.00000 4516.47457  5.39%  36.4 13950s
 15717138 1865297     cutoff   71      4774.00000 4516.57414  5.39%  36.4 13955s
 15724766 1864722 infeasible   81      4774.00000 4516.67857  5.39%  36.4 13960s
 15731281 1864441 4621.16000   89   12 4774.00000 4516.74183  5.39%  36.4 13965s
 15739029 1863788 4571.21935   61   55 4774.00000 4516.81652  5.39%  36.4 13970s
 15746344 1863393     cutoff   70      4774.00000 4516.91111  5.39%  36.4 13975s
 15754608 1863019 4560.25389   63   54 4774.00000 4516.97805  5.38%  36.4 13980s
 15761467 1862537     cutoff   54      4774.00000 4517.06222  5.38%  36.4 13985s
 15769549 1861950     cutoff   44      4774.00000 4517.10077  5.38%  36.4 13990s
 15777035 1861271 infeasible   63      4774.00000 4517.16069  5.38%  36.4 13995s
 15784158 1861012 infeasible   63      4774.00000 4517.25422  5.38%  36.4 14000s
 15790911 1860513     cutoff   63      4774.00000 4517.30500  5.38%  36.4 14005s
 15794981 1860124 4616.09950   77   15 4774.00000 4517.35058  5.38%  36.4 14010s
 15801464 1860053 4696.15096   54   87 4774.00000 4517.42061  5.37%  36.4 14015s
 15808454 1860519     cutoff   58      4774.00000 4517.47818  5.37%  36.4 14020s
 15816504 1860467 4525.47657   64   65 4774.00000 4517.54148  5.37%  36.4 14025s
 15823150 1860187 4572.89398   63  103 4774.00000 4517.58816  5.37%  36.4 14030s
 15830864 1859471 infeasible   71      4774.00000 4517.68194  5.37%  36.4 14035s
 15837673 1858728     cutoff   68      4774.00000 4517.76700  5.37%  36.4 14040s
 15844616 1858163 infeasible   51      4774.00000 4517.86410  5.37%  36.4 14046s
 15851376 1860511 4551.29297   68   33 4774.00000 4517.89959  5.36%  36.4 14050s
 15859676 1863816 4570.03860   65   20 4774.00000 4517.90049  5.36%  36.4 14055s
 15866344 1866558 4537.66717   65   25 4774.00000 4517.90049  5.36%  36.4 14060s
 15873695 1867614 4531.29545   60   23 4774.00000 4517.93852  5.36%  36.4 14065s
 15881963 1867834 4542.03509   69   13 4774.00000 4517.98551  5.36%  36.4 14070s
 15889455 1867008 4558.42917   74   13 4774.00000 4518.00000  5.36%  36.4 14075s
 15896985 1866338 infeasible   61      4774.00000 4518.00000  5.36%  36.4 14080s
 15903400 1867619 4550.10924   68   91 4774.00000 4518.00000  5.36%  36.4 14085s
 15910085 1868418 4574.94907   65   37 4774.00000 4518.00000  5.36%  36.4 14090s
 15916642 1868625 4619.04800   72   14 4774.00000 4518.00000  5.36%  36.4 14095s
 15923623 1868146 infeasible   74      4774.00000 4518.00000  5.36%  36.4 14100s
 15931251 1867880 4520.23600   71   17 4774.00000 4518.00000  5.36%  36.4 14105s
 15938004 1868533 4520.66367   62   10 4774.00000 4518.01822  5.36%  36.4 14110s
 15945260 1869022 4622.58033   64   19 4774.00000 4518.04026  5.36%  36.4 14115s
 15952458 1869165 4549.41262   64   24 4774.00000 4518.05475  5.36%  36.4 14120s
 15959536 1868921     cutoff   63      4774.00000 4518.07755  5.36%  36.4 14125s
 15967868 1868411 4548.65333   79   21 4774.00000 4518.11590  5.36%  36.4 14130s
 15975373 1868436 4619.15550   70   25 4774.00000 4518.12420  5.36%  36.4 14135s
 15982969 1868338 infeasible   70      4774.00000 4518.17786  5.36%  36.3 14140s
 15990677 1868646 4625.50881   65   13 4774.00000 4518.20000  5.36%  36.3 14145s
 15998942 1872154 4672.91133   73   18 4774.00000 4518.20194  5.36%  36.3 14150s
 16005969 1875140 infeasible   69      4774.00000 4518.20194  5.36%  36.3 14155s
 16013906 1876178 4532.32855   59  126 4774.00000 4518.20738  5.36%  36.3 14160s
 16020080 1877675 infeasible   63      4774.00000 4518.21682  5.36%  36.3 14165s
 16025334 1878010 4651.87474   43  191 4774.00000 4518.24324  5.36%  36.3 14170s
 16032280 1877977     cutoff   55      4774.00000 4518.27843  5.36%  36.3 14175s
 16039631 1878235 4531.29545   59   23 4774.00000 4518.33838  5.36%  36.3 14180s
 16046450 1878806 infeasible   48      4774.00000 4518.34782  5.36%  36.3 14185s
 16053003 1878324 infeasible   81      4774.00000 4518.40557  5.35%  36.3 14190s
 16060764 1877903 4518.50000   56   10 4774.00000 4518.47257  5.35%  36.3 14195s
 16068245 1877673 4673.43664   78   42 4774.00000 4518.52250  5.35%  36.3 14200s
 16076209 1877694 4518.56769   69   39 4774.00000 4518.56733  5.35%  36.3 14205s
 16083681 1877441     cutoff   58      4774.00000 4518.61987  5.35%  36.3 14210s
 16092242 1877103 4677.57148   76   25 4774.00000 4518.69136  5.35%  36.3 14215s
 16100786 1878258 infeasible   69      4774.00000 4518.71181  5.35%  36.3 14220s
 16108362 1877697 infeasible   65      4774.00000 4518.78915  5.35%  36.3 14225s
 16115495 1877398 4519.57873   81   33 4774.00000 4518.85859  5.34%  36.3 14230s
 16122537 1877695 infeasible   69      4774.00000 4518.85859  5.34%  36.3 14235s
 16129380 1878336 infeasible   72      4774.00000 4518.91909  5.34%  36.3 14240s
 16137440 1878285 4706.32358   59   92 4774.00000 4519.00000  5.34%  36.3 14245s
 16144451 1878115     cutoff   59      4774.00000 4519.04682  5.34%  36.3 14250s
 16150395 1878178 4521.50369   69   32 4774.00000 4519.08619  5.34%  36.3 14255s
 16157483 1878276 4640.89103   75   29 4774.00000 4519.11847  5.34%  36.3 14260s
 16165031 1877869 4605.42467   75   26 4774.00000 4519.19197  5.34%  36.3 14265s
 16173874 1878295 infeasible   70      4774.00000 4519.22203  5.34%  36.3 14270s
 16181043 1877693     cutoff   72      4774.00000 4519.28323  5.34%  36.3 14275s
 16187375 1877179 infeasible   54      4774.00000 4519.35403  5.33%  36.3 14280s
 16195574 1876888 4730.70018   80   28 4774.00000 4519.44072  5.33%  36.3 14285s
 16199742 1876750 4590.61932   72   16 4774.00000 4519.48006  5.33%  36.3 14290s
 16206383 1878183     cutoff   65      4774.00000 4519.50000  5.33%  36.3 14295s
 16213096 1878352 infeasible   59      4774.00000 4519.53092  5.33%  36.3 14300s
 16220908 1878109 4566.46010   47  105 4774.00000 4519.60922  5.33%  36.3 14305s
 16229081 1880986 4537.45074   64   34 4774.00000 4519.62397  5.33%  36.3 14310s
 16236402 1882339 4548.00000   63   15 4774.00000 4519.64476  5.33%  36.3 14315s
 16244024 1881894 4601.98668   47   92 4774.00000 4519.69548  5.33%  36.2 14320s
 16251978 1881428     cutoff   67      4774.00000 4519.76141  5.33%  36.2 14325s
 16259973 1881267 4637.99950   76   17 4774.00000 4519.82329  5.32%  36.2 14330s
 16266359 1881353 4623.73999   70   31 4774.00000 4519.87838  5.32%  36.2 14335s
 16274666 1881195     cutoff   69      4774.00000 4519.91848  5.32%  36.2 14340s
 16282638 1880516 4555.65373   59   82 4774.00000 4519.98010  5.32%  36.2 14345s
 16289888 1882161 4543.49945   69   26 4774.00000 4520.00243  5.32%  36.2 14350s
 16296144 1883451 4606.12302   71   53 4774.00000 4520.00625  5.32%  36.2 14355s
 16303565 1883103 4520.66667   57   21 4774.00000 4520.07279  5.32%  36.2 14360s
 16311242 1882664 4524.40136   70   21 4774.00000 4520.15531  5.32%  36.2 14365s
 16319189 1882996     cutoff   78      4774.00000 4520.20126  5.32%  36.2 14370s
 16327087 1881441 4671.75283   49   19 4774.00000 4520.28911  5.31%  36.2 14375s
 16334349 1880673     cutoff   51      4774.00000 4520.34409  5.31%  36.2 14380s
 16342523 1880033 4642.35976   74   30 4774.00000 4520.43314  5.31%  36.2 14385s
 16349028 1879679 infeasible   81      4774.00000 4520.50489  5.31%  36.2 14390s
 16356124 1879160 4545.32911   74   49 4774.00000 4520.57229  5.31%  36.2 14395s
 16361045 1878803 4554.92032   66   18 4774.00000 4520.60193  5.31%  36.2 14400s
 16371335 1879074 4579.94617   65   74 4774.00000 4520.65606  5.31%  36.2 14405s
 16378283 1878327 4580.01422   71   40 4774.00000 4520.74138  5.30%  36.2 14410s
 16386268 1877540 4571.66758   46   20 4774.00000 4520.83385  5.30%  36.2 14415s
 16392843 1877563     cutoff   56      4774.00000 4520.91842  5.30%  36.2 14420s
 16403533 1881247 infeasible   70      4774.00000 4520.93333  5.30%  36.2 14425s
 16411748 1884228 4601.87853   67   20 4774.00000 4520.93333  5.30%  36.2 14430s
 16420113 1886345     cutoff   43      4774.00000 4520.93384  5.30%  36.2 14435s
 16427727 1887078 infeasible   63      4774.00000 4521.00000  5.30%  36.1 14440s
 16435435 1887070 4554.67789   61   14 4774.00000 4521.00000  5.30%  36.1 14445s
 16441411 1887311 4527.26233   63   15 4774.00000 4521.00000  5.30%  36.1 14450s
 16449288 1887707 4537.83333   76   17 4774.00000 4521.00000  5.30%  36.1 14455s
 16455773 1888246 4604.11436   62   89 4774.00000 4521.00000  5.30%  36.1 14460s
 16462400 1889365 4669.18246   71   25 4774.00000 4521.00000  5.30%  36.1 14465s
 16469398 1890312 4568.40769   64   57 4774.00000 4521.00000  5.30%  36.1 14470s
 16475992 1891065 4521.30000   62   15 4774.00000 4521.00000  5.30%  36.1 14475s
 16484067 1891450 4594.37383   68   19 4774.00000 4521.00000  5.30%  36.1 14480s
 16491390 1891957 infeasible   69      4774.00000 4521.00000  5.30%  36.1 14485s
 16498270 1892195 4635.50000   63    6 4774.00000 4521.00000  5.30%  36.1 14490s
 16506084 1892610 infeasible   65      4774.00000 4521.00000  5.30%  36.1 14495s
 16511901 1892576 infeasible   55      4774.00000 4521.03550  5.30%  36.1 14500s
 16517432 1892347 infeasible   48      4774.00000 4521.06328  5.30%  36.1 14505s
 16524342 1892904     cutoff   78      4774.00000 4521.09383  5.30%  36.1 14510s
 16533239 1892345 4634.23381   78   56 4774.00000 4521.12618  5.30%  36.1 14515s
 16540660 1892209 infeasible   68      4774.00000 4521.16301  5.30%  36.1 14520s
 16551016 1894124 4560.17392   63   25 4774.00000 4521.20000  5.30%  36.1 14525s
 16562777 1895461     cutoff   67      4774.00000 4521.20935  5.30%  36.1 14530s
 16571884 1896092 infeasible   90      4774.00000 4521.25511  5.29%  36.1 14535s
 16585036 1897664 4629.52191   73   26 4774.00000 4521.25511  5.29%  36.0 14540s
 16598312 1899165 4560.21426   71   25 4774.00000 4521.25511  5.29%  36.0 14545s
 16613221 1900306 4629.56236   70   23 4774.00000 4521.25716  5.29%  36.0 14550s
 16626959 1902835 infeasible   83      4774.00000 4521.25716  5.29%  36.0 14555s
 16639982 1904963     cutoff   79      4774.00000 4521.25716  5.29%  35.9 14560s
 16654221 1907577 4521.25716   59   27 4774.00000 4521.25716  5.29%  35.9 14565s
 16668734 1911032     cutoff   79      4774.00000 4521.25770  5.29%  35.9 14570s
 16679908 1913044 4632.89541   70   21 4774.00000 4521.27967  5.29%  35.9 14575s
 16695413 1915251     cutoff   73      4774.00000 4521.28045  5.29%  35.8 14580s
 16709145 1917345 4629.53375   85   25 4774.00000 4521.28045  5.29%  35.8 14585s
 16727304 1919843 4629.53375   80   23 4774.00000 4521.28045  5.29%  35.8 14591s
 16741716 1921138 4563.63406   75   22 4774.00000 4521.28045  5.29%  35.8 14595s
 16755705 1923396     cutoff   72      4774.00000 4521.28252  5.29%  35.7 14600s
 16769974 1924829 4672.74880   77   21 4774.00000 4521.28252  5.29%  35.7 14605s
 16785096 1926690     cutoff   69      4774.00000 4521.28252  5.29%  35.7 14610s
 16800118 1929557     cutoff   68      4774.00000 4521.28308  5.29%  35.6 14615s
 16806004 1930697 4521.29091   64    6 4774.00000 4521.29091  5.29%  35.6 14620s
 16812279 1931247 4526.40010   64   44 4774.00000 4521.29091  5.29%  35.6 14625s
 16822675 1932973 4678.30000   95   21 4774.00000 4521.31223  5.29%  35.6 14630s
 16836179 1935596 4521.31439   60   27 4774.00000 4521.31223  5.29%  35.6 14635s
 16851767 1938303 4632.92368   74   21 4774.00000 4521.31439  5.29%  35.6 14640s
 16865583 1940515 4561.02568   84   56 4774.00000 4521.31495  5.29%  35.5 14645s
 16876809 1942899 4678.30674   84   18 4774.00000 4521.31496  5.29%  35.5 14650s
 16886907 1943614     cutoff   79      4774.00000 4521.32802  5.29%  35.5 14655s
 16895172 1944318 4552.13859   71   58 4774.00000 4521.32802  5.29%  35.5 14660s
 16903077 1945198 4666.84017   64    9 4774.00000 4521.33333  5.29%  35.5 14665s
 16910499 1947120 4524.88672   59   28 4774.00000 4521.33333  5.29%  35.5 14670s
 16919537 1949105 4521.33976   62   26 4774.00000 4521.33757  5.29%  35.5 14675s
 16934209 1951691     cutoff   87      4774.00000 4521.33757  5.29%  35.5 14680s
 16949826 1954786 4521.33757   61   22 4774.00000 4521.33757  5.29%  35.4 14685s
 16963580 1957239 4669.48146   83   24 4774.00000 4521.33757  5.29%  35.4 14690s
 16976194 1959569     cutoff   79      4774.00000 4521.33757  5.29%  35.4 14695s
 16990188 1961913     cutoff   93      4774.00000 4521.33757  5.29%  35.4 14700s
 17000838 1963959     cutoff   90      4774.00000 4521.33757  5.29%  35.3 14705s
 17016637 1966439     cutoff   76      4774.00000 4521.33757  5.29%  35.3 14710s
 17029264 1968337 4672.83624   89   21 4774.00000 4521.33757  5.29%  35.3 14715s
 17042584 1970387     cutoff   67      4774.00000 4521.33900  5.29%  35.3 14720s
 17055471 1972886 4560.26646   64   24 4774.00000 4521.33976  5.29%  35.2 14725s
 17070483 1975237 4629.56236   62   23 4774.00000 4521.33976  5.29%  35.2 14730s
 17083435 1977600 4669.52191   81   22 4774.00000 4521.33976  5.29%  35.2 14735s
 17098528 1979707     cutoff   66      4774.00000 4521.33976  5.29%  35.2 14740s
 17110940 1982322     cutoff   66      4774.00000 4521.33976  5.29%  35.1 14745s
 17123918 1983651     cutoff   73      4774.00000 4521.34047  5.29%  35.1 14750s
 17133563 1984544     cutoff   81      4774.00000 4521.34047  5.29%  35.1 14755s
 17141313 1984787 4524.39165   64   23 4774.00000 4521.34650  5.29%  35.1 14760s
 17149659 1984661 4637.60424   77   56 4774.00000 4521.36053  5.29%  35.1 14765s
 17156256 1984066 4637.60424   75   56 4774.00000 4521.36053  5.29%  35.1 14770s
 17170172 1986891     cutoff   92      4774.00000 4521.36291  5.29%  35.0 14775s
 17181131 1988383     cutoff   61      4774.00000 4521.36291  5.29%  35.0 14780s
 17194371 1990535 4629.57420   75   23 4774.00000 4521.36291  5.29%  35.0 14785s
 17207300 1993178 4629.57420   76   24 4774.00000 4521.36513  5.29%  35.0 14790s
 17219293 1994345 4703.49320   68   23 4774.00000 4521.37143  5.29%  35.0 14795s
 17225431 1993507 4538.75498   75   57 4774.00000 4521.37257  5.29%  35.0 14800s
 17233672 1992387 4539.59731   74   57 4774.00000 4521.37549  5.29%  34.9 14805s
 17240618 1991604 infeasible   62      4774.00000 4521.39000  5.29%  34.9 14810s
 17252900 1993376 4678.30674   86   24 4774.00000 4521.39807  5.29%  34.9 14815s
 17267147 1995507 4630.65800   80   22 4774.00000 4521.39807  5.29%  34.9 14820s
 17281191 1997816 4629.59098   73   25 4774.00000 4521.39807  5.29%  34.9 14825s
 17293925 1999678 4521.39807   60   23 4774.00000 4521.39807  5.29%  34.8 14830s
 17306495 2001714     cutoff   69      4774.00000 4521.40030  5.29%  34.8 14835s
 17320761 2004050     cutoff   65      4774.00000 4521.40030  5.29%  34.8 14840s
 17330769 2004475 4523.89153   72   22 4774.00000 4521.42234  5.29%  34.8 14845s
 17344063 2006490 4560.26646   67   25 4774.00000 4521.42340  5.29%  34.8 14850s
 17359157 2008455     cutoff   78      4774.00000 4521.42340  5.29%  34.7 14855s
 17369733 2011179     cutoff   87      4774.00000 4521.42340  5.29%  34.7 14860s
 17386647 2013098     cutoff   73      4774.00000 4521.42340  5.29%  34.7 14865s
 17401423 2014937 4633.12944   68   21 4774.00000 4521.42340  5.29%  34.7 14870s
 17414661 2017312 4633.12944   69   21 4774.00000 4521.42567  5.29%  34.6 14875s
 17429365 2018828 4591.04297   64   17 4774.00000 4521.42769  5.29%  34.6 14880s
 17437473 2018664 4613.19554   67   28 4774.00000 4521.46789  5.29%  34.6 14885s
 17445116 2018789 infeasible   66      4774.00000 4521.49624  5.29%  34.6 14890s
 17451703 2018470 4650.19438   58   84 4774.00000 4521.51956  5.29%  34.6 14895s
 17458396 2018165 4621.39573   70   26 4774.00000 4521.55997  5.29%  34.6 14900s
 17465474 2018012     cutoff   73      4774.00000 4521.60000  5.29%  34.6 14905s
 17472650 2017728 infeasible   46      4774.00000 4521.65819  5.29%  34.6 14910s
 17481729 2017401 4566.08593   41  140 4774.00000 4521.70898  5.28%  34.6 14915s
 17490063 2017421 4627.51838   66   27 4774.00000 4521.74326  5.28%  34.6 14920s
 17499071 2017385     cutoff   63      4774.00000 4521.80000  5.28%  34.6 14925s
 17506379 2017012     cutoff   64      4774.00000 4521.85878  5.28%  34.6 14930s
 17513928 2016422 4665.76051   65   51 4774.00000 4521.91400  5.28%  34.6 14935s
 17520896 2015616 infeasible   75      4774.00000 4521.94900  5.28%  34.6 14940s
 17528697 2015107 4576.74268   51   83 4774.00000 4522.01185  5.28%  34.6 14945s
 17537889 2015585     cutoff   80      4774.00000 4522.04743  5.28%  34.6 14950s
 17546671 2015682 4655.33247   65   31 4774.00000 4522.07655  5.28%  34.6 14955s
 17554568 2015819 4678.29996   83   18 4774.00000 4522.12007  5.28%  34.5 14960s
 17561675 2015560 infeasible   71      4774.00000 4522.16169  5.28%  34.5 14965s
 17571192 2015704 infeasible   68      4774.00000 4522.19949  5.27%  34.5 14970s
 17580607 2016337     cutoff   72      4774.00000 4522.19998  5.27%  34.5 14975s
 17587087 2016305 4582.04389   65   24 4774.00000 4522.22941  5.27%  34.5 14980s
 17594451 2015809 4619.50152   63   19 4774.00000 4522.24367  5.27%  34.5 14985s
 17601040 2015629 4541.43652   94   35 4774.00000 4522.26844  5.27%  34.5 14990s
 17608463 2015802     cutoff   72      4774.00000 4522.30345  5.27%  34.5 14995s
 17616684 2015598 4643.71935   62   32 4774.00000 4522.36667  5.27%  34.5 15000s
 17624069 2015990 4622.30959   47   78 4774.00000 4522.39976  5.27%  34.5 15005s
 17631898 2015314 4620.51086   53   87 4774.00000 4522.48502  5.27%  34.5 15010s
 17639522 2014785     cutoff   61      4774.00000 4522.56077  5.27%  34.5 15015s
 17644971 2014682 4703.42056   50  131 4774.00000 4522.60216  5.27%  34.5 15020s
 17652096 2015008 4622.09750   71   19 4774.00000 4522.66667  5.26%  34.5 15025s
 17661163 2014957 infeasible   75      4774.00000 4522.71909  5.26%  34.5 15030s
 17669061 2015464 4619.10042   64   18 4774.00000 4522.75467  5.26%  34.5 15035s
 17678713 2016446 infeasible   77      4774.00000 4522.76244  5.26%  34.5 15040s
 17688479 2016977 4522.77222   80   28 4774.00000 4522.76662  5.26%  34.5 15045s
 17696533 2016957 4622.63000   72   17 4774.00000 4522.79222  5.26%  34.5 15050s
 17704467 2016869 4595.87662   64   25 4774.00000 4522.84654  5.26%  34.5 15055s
 17712886 2016574 4605.94104   77   45 4774.00000 4522.86957  5.26%  34.5 15060s
 17717536 2016592 infeasible   41      4774.00000 4522.91667  5.26%  34.5 15065s
 17724693 2015907 infeasible   64      4774.00000 4522.97944  5.26%  34.5 15070s
 17731522 2015504 4626.50870   66   20 4774.00000 4523.04286  5.26%  34.5 15075s
 17739514 2015634 4546.87824   64   37 4774.00000 4523.10792  5.26%  34.5 15080s
 17746223 2015464 4666.03383   67   15 4774.00000 4523.16516  5.25%  34.5 15085s
 17752832 2015511 infeasible   73      4774.00000 4523.22082  5.25%  34.5 15090s
 17760915 2015572 4577.62227   66   36 4774.00000 4523.29032  5.25%  34.5 15095s
 17768289 2015141 4604.54042   73   36 4774.00000 4523.37073  5.25%  34.5 15100s
 17774213 2015054 infeasible   65      4774.00000 4523.42969  5.25%  34.5 15105s
 17781802 2014465 4658.77333   71   15 4774.00000 4523.50774  5.25%  34.5 15110s
 17789842 2014832 4524.15321   64   38 4774.00000 4523.56731  5.25%  34.5 15115s
 17797237 2014984 infeasible   72      4774.00000 4523.62049  5.24%  34.5 15120s
 17803852 2014881 infeasible   67      4774.00000 4523.67397  5.24%  34.4 15125s
 17810543 2014416     cutoff   65      4774.00000 4523.74240  5.24%  34.4 15130s
 17817976 2014501 4626.79031   59   23 4774.00000 4523.80010  5.24%  34.4 15135s
 17825098 2014513 4523.89153   71   22 4774.00000 4523.85953  5.24%  34.4 15140s
 17832204 2014013 infeasible   66      4774.00000 4523.93375  5.24%  34.4 15145s
 17838604 2013563 4644.10455   50   25 4774.00000 4523.98445  5.24%  34.4 15150s
 17846133 2013827     cutoff   65      4774.00000 4524.00000  5.24%  34.4 15155s
 17853191 2014460 infeasible   65      4774.00000 4524.00000  5.24%  34.4 15160s
 17858691 2014050 infeasible   68      4774.00000 4524.00252  5.24%  34.4 15165s
 17866016 2013883 4576.30024   65   30 4774.00000 4524.06880  5.24%  34.4 15170s
 17874517 2014227 4524.21220   70   40 4774.00000 4524.12764  5.23%  34.4 15175s
 17882571 2014334 4525.91667   39   16 4774.00000 4524.16215  5.23%  34.4 15180s
 17889661 2014292     cutoff   70      4774.00000 4524.21220  5.23%  34.4 15185s
 17896541 2014075     cutoff   56      4774.00000 4524.27505  5.23%  34.4 15190s
 17904255 2013651 4524.45992   54   28 4774.00000 4524.33288  5.23%  34.4 15195s
 17911062 2012766 infeasible   48      4774.00000 4524.39165  5.23%  34.4 15200s
 17918422 2012892 infeasible   95      4774.00000 4524.44028  5.23%  34.4 15205s
 17928726 2014429 4619.15000   70   12 4774.00000 4524.45026  5.23%  34.4 15210s
 17935180 2015590 infeasible   67      4774.00000 4524.45160  5.23%  34.4 15215s
 17945998 2016106 4645.80000   85   20 4774.00000 4524.45323  5.23%  34.4 15220s
 17954812 2016207 4659.07113   66   47 4774.00000 4524.46667  5.23%  34.4 15225s
 17963454 2017082 4524.50032   60   32 4774.00000 4524.50032  5.23%  34.4 15230s
 17972470 2017415 4616.58012   87   29 4774.00000 4524.50586  5.23%  34.4 15235s
 17981404 2017725 4524.54669   67   26 4774.00000 4524.52238  5.23%  34.4 15240s
 17990002 2020352 4662.17217   66   24 4774.00000 4524.53513  5.23%  34.4 15245s
 17997120 2021084 4536.12510   64   28 4774.00000 4524.54728  5.23%  34.3 15250s
 18007150 2020832 infeasible   69      4774.00000 4524.56669  5.22%  34.3 15255s
 18015001 2020962 4657.83914   82   27 4774.00000 4524.57884  5.22%  34.3 15260s
 18023832 2020570 infeasible   68      4774.00000 4524.60188  5.22%  34.3 15265s
 18031554 2020460 4665.63677   73   37 4774.00000 4524.65565  5.22%  34.3 15270s
 18038546 2020285 infeasible   80      4774.00000 4524.69028  5.22%  34.3 15275s
 18047568 2020261 infeasible   67      4774.00000 4524.73500  5.22%  34.3 15280s
 18055033 2019936 4530.52992   72   42 4774.00000 4524.77711  5.22%  34.3 15285s
 18062588 2019131 4572.58333   63    9 4774.00000 4524.84375  5.22%  34.3 15290s
 18070065 2018567 4585.87012   50   96 4774.00000 4524.90689  5.22%  34.3 15295s
 18076593 2018290 4595.08183   44   14 4774.00000 4524.96667  5.22%  34.3 15300s
 18083395 2018165     cutoff   62      4774.00000 4525.00215  5.22%  34.3 15305s
 18092620 2018745 4605.00000   74    7 4774.00000 4525.04575  5.21%  34.3 15310s
 18100001 2018339     cutoff   76      4774.00000 4525.10479  5.21%  34.3 15315s
 18107034 2018184 4661.71367   69   20 4774.00000 4525.14517  5.21%  34.3 15320s
 18115718 2018153     cutoff   71      4774.00000 4525.18096  5.21%  34.3 15325s
 18122212 2017895 4555.03333   67   18 4774.00000 4525.21809  5.21%  34.3 15330s
 18130188 2018223 infeasible   79      4774.00000 4525.27395  5.21%  34.3 15335s
 18137806 2018298 4595.08412   58   86 4774.00000 4525.34980  5.21%  34.3 15340s
 18144942 2018261 4594.94586   48   43 4774.00000 4525.38902  5.21%  34.3 15345s
 18151462 2018021 infeasible   59      4774.00000 4525.45639  5.21%  34.3 15350s
 18158885 2017319 4646.53446   64   24 4774.00000 4525.53335  5.20%  34.3 15355s
 18167010 2016850 4541.87117   63   11 4774.00000 4525.59213  5.20%  34.3 15360s
 18174106 2016746 infeasible   65      4774.00000 4525.66241  5.20%  34.3 15365s
 18181766 2016526 infeasible   68      4774.00000 4525.72201  5.20%  34.3 15370s
 18190603 2016807     cutoff   58      4774.00000 4525.76667  5.20%  34.3 15375s
 18196393 2016673 infeasible   70      4774.00000 4525.81478  5.20%  34.3 15380s
 18204886 2016862 infeasible   66      4774.00000 4525.87037  5.20%  34.3 15385s
 18212063 2016719 4693.75929   46  119 4774.00000 4525.91674  5.20%  34.3 15390s
 18219687 2016025     cutoff   66      4774.00000 4525.94635  5.20%  34.3 15395s
 18228172 2014646 4563.66833   55   10 4774.00000 4526.00435  5.19%  34.3 15400s
 18236162 2014514 4568.31591   50   92 4774.00000 4526.04099  5.19%  34.3 15405s
 18244940 2014522 infeasible   70      4774.00000 4526.08463  5.19%  34.3 15410s
 18254879 2015207     cutoff   75      4774.00000 4526.13229  5.19%  34.3 15415s
 18264380 2015257 4600.25461   68   27 4774.00000 4526.19034  5.19%  34.2 15420s
 18271962 2014954 infeasible   73      4774.00000 4526.26253  5.19%  34.2 15425s
 18278990 2014515     cutoff   59      4774.00000 4526.34223  5.19%  34.2 15430s
 18286962 2014478 4591.63304   69   54 4774.00000 4526.41058  5.19%  34.2 15435s
 18294156 2013755 4660.53961   77   14 4774.00000 4526.46083  5.19%  34.2 15440s
 18300778 2013429 4598.97939   46   23 4774.00000 4526.53683  5.18%  34.2 15445s
 18308461 2013221 4630.46503   74   36 4774.00000 4526.62536  5.18%  34.2 15450s
 18317768 2013801     cutoff   67      4774.00000 4526.66372  5.18%  34.2 15455s
 18330734 2014688 infeasible   85      4774.00000 4526.69395  5.18%  34.2 15460s
 18343882 2015918 infeasible   85      4774.00000 4526.71744  5.18%  34.2 15465s
 18355153 2016517 4669.48146   76   25 4774.00000 4526.75327  5.18%  34.2 15470s
 18366520 2016754 4569.58455   62   45 4774.00000 4526.78593  5.18%  34.2 15475s
 18374911 2017287 4588.01019   53  140 4774.00000 4526.83120  5.18%  34.2 15480s
 18384020 2016909 infeasible   73      4774.00000 4526.90586  5.18%  34.2 15485s
 18391952 2016468 4564.11403   63   45 4774.00000 4526.96950  5.17%  34.1 15490s
 18400230 2016521 4560.26646   67   26 4774.00000 4527.03110  5.17%  34.1 15495s
 18409365 2016310 infeasible   61      4774.00000 4527.08925  5.17%  34.1 15500s
 18416206 2014674 4589.06348   50   89 4774.00000 4527.15000  5.17%  34.1 15505s
 18424497 2014719 infeasible   72      4774.00000 4527.19645  5.17%  34.1 15510s
 18431825 2013661 infeasible   68      4774.00000 4527.27200  5.17%  34.1 15515s
 18441072 2014935 4557.67391   71   25 4774.00000 4527.30567  5.17%  34.1 15520s
 18446475 2015241 infeasible   65      4774.00000 4527.34049  5.17%  34.1 15525s
 18455283 2015911 4561.38414   72   31 4774.00000 4527.37311  5.17%  34.1 15530s
 18464967 2015810     cutoff   67      4774.00000 4527.41829  5.17%  34.1 15535s
 18474253 2017501 4564.60832   59   41 4774.00000 4527.44426  5.16%  34.1 15540s
 18482141 2017511 infeasible   74      4774.00000 4527.48502  5.16%  34.1 15545s
 18493326 2018332 4577.20154   86   30 4774.00000 4527.52484  5.16%  34.1 15550s
 18505722 2019573 4563.11979   90   35 4774.00000 4527.55324  5.16%  34.1 15555s
 18516316 2020297 4563.11979   68   32 4774.00000 4527.55897  5.16%  34.0 15560s
 18527554 2020524 4681.73596   71   19 4774.00000 4527.60394  5.16%  34.0 15565s
 18533115 2020296     cutoff   73      4774.00000 4527.65507  5.16%  34.0 15570s
 18543483 2020852 4578.63192   78   23 4774.00000 4527.68889  5.16%  34.0 15575s
 18551824 2021163     cutoff   72      4774.00000 4527.76910  5.16%  34.0 15580s
 18560203 2021650 4651.48382   68   30 4774.00000 4527.81904  5.16%  34.0 15585s
 18569368 2021919 4533.34868   57   40 4774.00000 4527.87390  5.16%  34.0 15590s
 18578566 2023190     cutoff  107      4774.00000 4527.92811  5.15%  34.0 15595s
 18586310 2024909     cutoff   72      4774.00000 4527.93333  5.15%  34.0 15600s
 18592692 2025515 infeasible   92      4774.00000 4527.94686  5.15%  34.0 15605s
 18601362 2024729 4636.68178   78   17 4774.00000 4528.00000  5.15%  34.0 15610s
 18608552 2024609 infeasible   67      4774.00000 4528.00000  5.15%  34.0 15615s
 18615173 2024544 infeasible   78      4774.00000 4528.00000  5.15%  34.0 15620s
 18621985 2024540 4584.44271   48   32 4774.00000 4528.02471  5.15%  34.0 15625s
 18628912 2024554 infeasible   69      4774.00000 4528.05382  5.15%  34.0 15630s
 18636766 2024725 infeasible   77      4774.00000 4528.07967  5.15%  34.0 15635s
 18645140 2024393 4734.66101   52  139 4774.00000 4528.12750  5.15%  34.0 15640s
 18651582 2023888 infeasible   84      4774.00000 4528.19889  5.15%  34.0 15645s
 18660071 2023568 4684.15754   64   68 4774.00000 4528.27482  5.15%  34.0 15650s
 18666693 2023638 4672.83624   74   21 4774.00000 4528.31786  5.15%  34.0 15655s
 18675125 2024455 infeasible   71      4774.00000 4528.33416  5.15%  34.0 15660s
 18683974 2024528 4637.68267   68   14 4774.00000 4528.38123  5.14%  34.0 15665s
 18693263 2024312 infeasible   55      4774.00000 4528.45833  5.14%  34.0 15670s
 18699702 2024453 4605.32097   69   26 4774.00000 4528.52857  5.14%  34.0 15675s
 18707207 2024053     cutoff   71      4774.00000 4528.58929  5.14%  34.0 15680s
 18712457 2023724 infeasible   68      4774.00000 4528.64447  5.14%  34.0 15685s
 18720599 2023289     cutoff   68      4774.00000 4528.72748  5.14%  34.0 15690s
 18729055 2023879     cutoff   65      4774.00000 4528.78540  5.14%  33.9 15695s
 18739898 2024893     cutoff   62      4774.00000 4528.83750  5.14%  33.9 15701s
 18748634 2024604 4528.89129   68   48 4774.00000 4528.87595  5.13%  33.9 15705s
 18756665 2025721 4670.53108   80   22 4774.00000 4528.90566  5.13%  33.9 15710s
 18765083 2026184 infeasible   69      4774.00000 4528.93455  5.13%  33.9 15715s
 18777601 2028470 4633.07028   89   21 4774.00000 4528.95776  5.13%  33.9 15720s
 18787478 2028562 4529.02592   69   31 4774.00000 4529.00041  5.13%  33.9 15725s
 18795876 2029607 infeasible   60      4774.00000 4529.04178  5.13%  33.9 15730s
 18805218 2030181 4731.52800   56  164 4774.00000 4529.07892  5.13%  33.9 15735s
 18811641 2029694 4560.03033   66   25 4774.00000 4529.14581  5.13%  33.9 15740s
 18818530 2028810 4539.44257   67   29 4774.00000 4529.22788  5.13%  33.9 15745s
 18827670 2029984     cutoff   74      4774.00000 4529.28549  5.13%  33.9 15750s
 18835492 2030523 infeasible   75      4774.00000 4529.32830  5.13%  33.9 15755s
 18843865 2030739 4579.02082   63   82 4774.00000 4529.37725  5.12%  33.9 15760s
 18851995 2030460 4696.07000   70   20 4774.00000 4529.44954  5.12%  33.8 15765s
 18858433 2030918     cutoff   72      4774.00000 4529.50000  5.12%  33.8 15770s
 18866404 2031456     cutoff   64      4774.00000 4529.51543  5.12%  33.8 15775s
 18870485 2030876 infeasible   69      4774.00000 4529.56549  5.12%  33.8 15780s
 18877660 2030689 infeasible   75      4774.00000 4529.64143  5.12%  33.8 15785s
 18884129 2028116     cutoff   56      4774.00000 4529.66283  5.12%  33.8 15790s
 18892807 2018724     cutoff   70      4774.00000 4529.66283  5.12%  33.8 15795s
 18900579 2011474 infeasible   70      4774.00000 4529.66283  5.12%  33.8 15800s
 18907467 2004301     cutoff   70      4774.00000 4529.66283  5.12%  33.8 15806s
 18911501 2000142 infeasible   65      4774.00000 4529.66283  5.12%  33.9 15810s
 18917236 1994310 4749.51715   43   66 4774.00000 4529.66283  5.12%  33.9 15815s
 18923381 1988351     cutoff   63      4774.00000 4529.66283  5.12%  33.9 15821s
 18928192 1984306     cutoff   70      4774.00000 4529.66283  5.12%  33.9 15825s
 18932741 1979652     cutoff   64      4774.00000 4529.66283  5.12%  33.9 15830s
 18937925 1974845     cutoff   68      4774.00000 4529.66283  5.12%  33.9 15835s
 18943257 1969864     cutoff   48      4774.00000 4529.66283  5.12%  33.9 15841s
 18948815 1964173     cutoff   70      4774.00000 4529.66283  5.12%  33.9 15847s
 18951861 1961478     cutoff   57      4774.00000 4529.66283  5.12%  33.9 15850s
 18957867 1956417 infeasible   61      4774.00000 4529.66283  5.12%  33.9 15856s
 18960643 1953888     cutoff   63      4774.00000 4529.66283  5.12%  33.9 15860s
 18965833 1949874     cutoff   57      4774.00000 4529.66283  5.12%  33.9 15867s
 18967895 1948516 4724.96750   38   74 4774.00000 4529.66283  5.12%  33.9 15871s
 18971538 1949423     cutoff   71      4774.00000 4529.66667  5.12%  34.0 15876s
 18980666 1949499 4561.50825   73    9 4774.00000 4529.66667  5.12%  33.9 15880s
 18987811 1949140 4592.92517   72   47 4774.00000 4529.72494  5.12%  33.9 15885s
 18994657 1948852 infeasible   49      4774.00000 4529.79746  5.12%  33.9 15890s
 19001602 1949235 infeasible   80      4774.00000 4529.85921  5.11%  33.9 15896s
 19009760 1949591 4582.05200   72   13 4774.00000 4529.91681  5.11%  33.9 15900s
 19021503 1949704 4546.20485   68   48 4774.00000 4529.97805  5.11%  33.9 15906s
 19030148 1950474 infeasible   83      4774.00000 4530.01618  5.11%  33.9 15910s
 19046022 1951344 infeasible   72      4774.00000 4530.05074  5.11%  33.9 15916s
 19052477 1951850 4530.11315   72   34 4774.00000 4530.09838  5.11%  33.9 15920s
 19060361 1951677 4600.31559   77   22 4774.00000 4530.15436  5.11%  33.9 15925s
 19065672 1951227 infeasible   70      4774.00000 4530.21609  5.11%  33.9 15930s
 19072692 1950988 infeasible   61      4774.00000 4530.31488  5.10%  33.9 15935s
 19079698 1950513 infeasible   49      4774.00000 4530.40728  5.10%  33.9 15940s
 19087645 1950402 infeasible   53      4774.00000 4530.49622  5.10%  33.9 15945s
 19094476 1950043 infeasible   74      4774.00000 4530.54598  5.10%  33.9 15950s
 19100769 1949956 infeasible   60      4774.00000 4530.60902  5.10%  33.9 15955s
 19110885 1949438 infeasible   48      4774.00000 4530.70091  5.10%  33.9 15962s
 19118586 1949171 infeasible   53      4774.00000 4530.77671  5.09%  33.9 15967s
 19125296 1948788 4587.60678   76   24 4774.00000 4530.85774  5.09%  33.9 15971s
 19132244 1948674     cutoff   71      4774.00000 4530.93656  5.09%  33.9 15975s
 19139567 1948365 4558.17750   66   17 4774.00000 4531.00000  5.09%  33.9 15981s
 19147074 1948626     cutoff   68      4774.00000 4531.00000  5.09%  33.9 15986s
 19154031 1948992 4594.63428   69   27 4774.00000 4531.00000  5.09%  33.9 15991s
 19161610 1949488 4661.10782   71   50 4774.00000 4531.00000  5.09%  33.9 15996s
 19168030 1950130 4652.24393   68   79 4774.00000 4531.00000  5.09%  33.9 16001s
 19174679 1950732 4575.75833   64   16 4774.00000 4531.00000  5.09%  33.9 16007s
 19178074 1950880     cutoff   70      4774.00000 4531.00000  5.09%  33.9 16010s
 19184198 1951181 4532.39732   63   21 4774.00000 4531.00000  5.09%  33.9 16016s
 19192809 1952288 4531.10524   76   35 4774.00000 4531.02250  5.09%  33.9 16022s
 19200891 1952127 4649.64049   75   48 4774.00000 4531.05718  5.09%  33.9 16026s
 19206955 1952638 4637.46332   75   21 4774.00000 4531.06877  5.09%  33.9 16031s
 19216014 1954361 4531.13950   71   25 4774.00000 4531.07346  5.09%  33.9 16036s
 19222910 1955577 infeasible   85      4774.00000 4531.07632  5.09%  33.9 16040s
 19235206 1957130 infeasible   86      4774.00000 4531.07917  5.09%  33.9 16046s
 19241795 1957957 4571.16190   80   23 4774.00000 4531.08068  5.09%  33.9 16050s
 19248379 1958720 infeasible   70      4774.00000 4531.08706  5.09%  33.9 16055s
 19256855 1959272 infeasible   72      4774.00000 4531.09171  5.09%  33.9 16060s
 19267574 1960662 4618.87692   79   39 4774.00000 4531.09701  5.09%  33.9 16067s
 19276231 1961296 4621.29259   71   34 4774.00000 4531.10000  5.09%  33.8 16071s
 19283578 1962074 4535.86667   84   18 4774.00000 4531.10098  5.09%  33.8 16075s
 19292679 1962658 4561.53867   84   17 4774.00000 4531.10494  5.09%  33.8 16080s
 19302161 1963172 infeasible   78      4774.00000 4531.11080  5.09%  33.8 16086s
 19310044 1963349 4560.85022   81    7 4774.00000 4531.11800  5.09%  33.8 16091s
 19310095 1963284 infeasible   82      4774.00000 4531.11809  5.09%  33.8 16096s
 19316735 1963034     cutoff   88      4774.00000 4531.12431  5.09%  33.8 16101s
 19324020 1962762 4531.15148   97   22 4774.00000 4531.14825  5.09%  33.8 16106s
 19332443 1964199 4534.00000   73   12 4774.00000 4531.16020  5.09%  33.8 16111s
 19339728 1964806 infeasible   92      4774.00000 4531.16218  5.09%  33.8 16115s
 19345572 1965557 4574.57033   75   21 4774.00000 4531.16356  5.09%  33.8 16120s
 19355287 1967052 4531.16756   68   21 4774.00000 4531.16360  5.09%  33.8 16125s
 19363875 1969093 4531.43444   77   11 4774.00000 4531.16425  5.09%  33.8 16131s
 19371904 1969529 4531.19500   71   22 4774.00000 4531.16634  5.09%  33.8 16135s
 19382112 1970310 4531.43444   95   14 4774.00000 4531.16682  5.09%  33.8 16142s
 19385906 1970836 4635.71540   74   19 4774.00000 4531.16756  5.09%  33.8 16145s
 19396815 1971873 4659.60968   73   21 4774.00000 4531.16756  5.09%  33.8 16151s
 19405151 1972245 infeasible   78      4774.00000 4531.17473  5.09%  33.8 16156s
 19411808 1972225     cutoff   79      4774.00000 4531.18009  5.09%  33.8 16161s
 19417457 1972001 infeasible   79      4774.00000 4531.18780  5.09%  33.8 16165s
 19427300 1971788 4531.43444   85   11 4774.00000 4531.19848  5.09%  33.8 16172s
 19433899 1971586 4531.29759   75   21 4774.00000 4531.21861  5.09%  33.8 16176s
 19438805 1971100 4635.55587   71   61 4774.00000 4531.24225  5.08%  33.8 16181s
 19447098 1970739 4635.53138   69   33 4774.00000 4531.26604  5.08%  33.8 16186s
 19454352 1970676 infeasible   83      4774.00000 4531.29000  5.08%  33.8 16190s
 19462070 1970934 infeasible   68      4774.00000 4531.30476  5.08%  33.8 16195s
 19472763 1970484     cutoff   82      4774.00000 4531.36202  5.08%  33.8 16201s
 19478630 1970351 4534.00000   72   15 4774.00000 4531.39150  5.08%  33.8 16205s
 19487955 1969557 4665.48589   71   28 4774.00000 4531.44054  5.08%  33.8 16212s
 19495093 1970269 4547.35556   65   21 4774.00000 4531.46996  5.08%  33.8 16217s
 19503310 1970171 4605.78016   76   34 4774.00000 4531.48909  5.08%  33.8 16221s
 19509542 1969760 4641.45600   82   20 4774.00000 4531.51212  5.08%  33.8 16225s
 19518757 1969217 4665.45517   56   17 4774.00000 4531.58440  5.08%  33.8 16231s
 19524784 1968935 infeasible   74      4774.00000 4531.62152  5.08%  33.8 16236s
 19531605 1968915 infeasible   66      4774.00000 4531.66836  5.08%  33.8 16241s
 19537686 1968507 4551.40475   64   14 4774.00000 4531.73333  5.07%  33.8 16245s
 19545512 1968833     cutoff   63      4774.00000 4531.80000  5.07%  33.8 16250s
 19553129 1969024     cutoff   73      4774.00000 4531.84762  5.07%  33.8 16255s
 19562817 1968951 infeasible   77      4774.00000 4531.90955  5.07%  33.8 16261s
 19570065 1968923 infeasible   71      4774.00000 4531.96451  5.07%  33.8 16265s
 19575947 1968727 4565.79698   50   94 4774.00000 4532.03127  5.07%  33.8 16270s
 19583007 1968561     cutoff   74      4774.00000 4532.08475  5.07%  33.8 16275s
 19589998 1968521 infeasible   73      4774.00000 4532.15374  5.07%  33.8 16280s
 19590243 1967915     cutoff   65      4774.00000 4532.15374  5.07%  33.8 16288s
 19602243 1967704 infeasible   61      4774.00000 4532.25510  5.06%  33.8 16291s
 19606011 1967771 infeasible   77      4774.00000 4532.29530  5.06%  33.8 16296s
 19613855 1967551     cutoff   62      4774.00000 4532.35008  5.06%  33.8 16301s
 19619779 1967454 4594.18841   69   31 4774.00000 4532.41882  5.06%  33.8 16305s
 19628929 1966630 infeasible   76      4774.00000 4532.50740  5.06%  33.8 16311s
 19634828 1966204 4624.53042   71   41 4774.00000 4532.57270  5.06%  33.8 16315s
 19641404 1966183 infeasible   73      4774.00000 4532.64286  5.06%  33.8 16320s
 19648017 1965841 infeasible   81      4774.00000 4532.69211  5.05%  33.8 16325s
 19658217 1966857 4633.85137   73   27 4774.00000 4532.77186  5.05%  33.8 16331s
 19665553 1967455 infeasible   78      4774.00000 4532.81067  5.05%  33.7 16336s
 19673166 1968918 infeasible   73      4774.00000 4532.84009  5.05%  33.7 16341s
 19680711 1969638 4532.85082   62   37 4774.00000 4532.85082  5.05%  33.7 16345s
 19692131 1970583 4532.97421   65   49 4774.00000 4532.88951  5.05%  33.7 16351s
 19699387 1971404 4560.61630   63   45 4774.00000 4532.90831  5.05%  33.7 16355s
 19711901 1972901 4630.88032   68   28 4774.00000 4532.93238  5.05%  33.7 16361s
 19718061 1973386 infeasible   76      4774.00000 4532.95209  5.05%  33.7 16365s
 19727758 1973943     cutoff   70      4774.00000 4532.98912  5.05%  33.7 16371s
 19732448 1974553 infeasible   74      4774.00000 4532.99932  5.05%  33.7 16375s
 19739698 1975059 4552.87219   45   81 4774.00000 4533.01667  5.05%  33.7 16380s
 19746907 1975499     cutoff   74      4774.00000 4533.04637  5.05%  33.7 16385s
 19755217 1976568 infeasible   74      4774.00000 4533.04637  5.05%  33.7 16390s
 19767470 1978201     cutoff   77      4774.00000 4533.06122  5.05%  33.7 16395s
 19778263 1979254 infeasible   76      4774.00000 4533.08734  5.05%  33.6 16402s
 19785875 1980324 4594.21479   70   21 4774.00000 4533.10397  5.05%  33.6 16405s
 19797031 1981460 4652.42494   65   26 4774.00000 4533.12343  5.05%  33.6 16411s
 19804420 1981776 infeasible   72      4774.00000 4533.13876  5.05%  33.6 16415s
 19811007 1982210 4538.20000   58   13 4774.00000 4533.14800  5.05%  33.6 16420s
 19821051 1982555 infeasible   78      4774.00000 4533.15600  5.04%  33.6 16426s
 19826791 1982687 infeasible   76      4774.00000 4533.16000  5.04%  33.6 16431s
 19832105 1983081     cutoff   79      4774.00000 4533.16198  5.04%  33.6 16437s
 19840078 1983760 4546.85712   72   33 4774.00000 4533.18773  5.04%  33.6 16441s
 19847865 1983872 4534.31971   71   47 4774.00000 4533.19931  5.04%  33.6 16445s
 19856074 1984874 4547.63356   62   20 4774.00000 4533.23441  5.04%  33.6 16450s
 19864908 1985368 infeasible   76      4774.00000 4533.26338  5.04%  33.6 16455s
 19871330 1985416 infeasible   72      4774.00000 4533.30000  5.04%  33.6 16460s
 19878543 1985270 4632.35477   77   16 4774.00000 4533.35309  5.04%  33.6 16466s
 19883494 1985075     cutoff   73      4774.00000 4533.37498  5.04%  33.6 16471s
 19890780 1985441     cutoff   65      4774.00000 4533.41705  5.04%  33.6 16476s
 19898223 1985270 4606.75229   65  228 4774.00000 4533.45267  5.04%  33.6 16480s
 19906342 1984716 4568.78792   82   13 4774.00000 4533.52125  5.04%  33.6 16485s
 19914787 1984646     cutoff   54      4774.00000 4533.57805  5.04%  33.6 16491s
 19921669 1984600     cutoff   65      4774.00000 4533.62576  5.04%  33.6 16496s
 19928253 1984868 4555.59070   61   36 4774.00000 4533.68800  5.03%  33.6 16500s
 19938098 1985012 4533.95919   70   48 4774.00000 4533.74954  5.03%  33.6 16507s
 19945330 1985373 4581.98237   62   37 4774.00000 4533.80106  5.03%  33.6 16510s
 19952244 1986127 infeasible   60      4774.00000 4533.81538  5.03%  33.6 16516s
 19959828 1986084 infeasible   60      4774.00000 4533.85000  5.03%  33.6 16521s
 19966478 1985935 infeasible   71      4774.00000 4533.90003  5.03%  33.6 16525s
 19976640 1985711 4564.14740   60   38 4774.00000 4533.93333  5.03%  33.6 16531s
 19987440 1986692 4617.60002   88   31 4774.00000 4533.97058  5.03%  33.5 16536s
 19996083 1988208 4617.60002  101   31 4774.00000 4533.97058  5.03%  33.5 16540s
 20015327 1990072 4617.60002  102   31 4774.00000 4533.97058  5.03%  33.5 16546s
 20028318 1991101 4617.60002   97   31 4774.00000 4533.97058  5.03%  33.5 16550s
 20044023 1992284     cutoff   89      4774.00000 4533.97058  5.03%  33.5 16556s
 20053242 1993461 4538.23853  101   33 4774.00000 4533.97058  5.03%  33.5 16560s
 20069384 1994823 4617.60002   96   31 4774.00000 4533.97058  5.03%  33.4 16565s
 20085712 1996307     cutoff  105      4774.00000 4533.97058  5.03%  33.4 16570s
 20098612 1997344 4533.97058  102   36 4774.00000 4533.97058  5.03%  33.4 16575s
 20110422 1998442 4548.89923   99   32 4774.00000 4533.97058  5.03%  33.4 16580s
 20126331 1999593 4533.97058   97   37 4774.00000 4533.97058  5.03%  33.4 16585s
 20142109 2000725     cutoff   93      4774.00000 4533.97058  5.03%  33.4 16590s
 20149363 2002494     cutoff  106      4774.00000 4533.97058  5.03%  33.3 16595s
 20168082 2004694     cutoff  100      4774.00000 4533.97058  5.03%  33.3 16601s
 20180831 2006235     cutoff  102      4774.00000 4533.97058  5.03%  33.3 16605s
 20193321 2007779     cutoff  100      4774.00000 4533.97058  5.03%  33.3 16610s
 20205940 2009380     cutoff  102      4774.00000 4533.97058  5.03%  33.3 16616s
 20218933 2010047     cutoff  106      4774.00000 4533.97058  5.03%  33.3 16620s
 20231739 2011130     cutoff  107      4774.00000 4533.97058  5.03%  33.2 16625s
 20242174 2012114 4617.60002  105   31 4774.00000 4533.97058  5.03%  33.2 16630s
 20254737 2013246     cutoff  105      4774.00000 4533.97058  5.03%  33.2 16635s
 20264198 2014454 4538.23853   99   33 4774.00000 4533.97058  5.03%  33.2 16640s
 20282500 2015423 4548.89923   98   32 4774.00000 4533.97058  5.03%  33.2 16647s
 20282910 2016269     cutoff   99      4774.00000 4533.97058  5.03%  33.2 16651s
 20301775 2017426     cutoff  105      4774.00000 4533.97058  5.03%  33.2 16657s
 20312687 2018099 4617.60002   97   31 4774.00000 4533.97058  5.03%  33.1 16660s
 20321999 2019058 4617.60002   98   31 4774.00000 4533.97058  5.03%  33.1 16665s
 20337315 2020154 4548.89923   97   32 4774.00000 4533.97058  5.03%  33.1 16670s
 20353140 2021329 4617.60002  105   31 4774.00000 4533.97058  5.03%  33.1 16675s
 20366065 2021980 4617.60002   96   31 4774.00000 4533.97058  5.03%  33.1 16680s
 20377269 2022860 4533.97058   98   37 4774.00000 4533.97058  5.03%  33.1 16686s
 20392856 2023626 4617.60002  105   31 4774.00000 4533.97058  5.03%  33.1 16690s
 20406430 2025228 4617.60002   96   31 4774.00000 4533.97058  5.03%  33.0 16696s
 20416261 2026232 4533.97058  103   37 4774.00000 4533.97058  5.03%  33.0 16700s
 20434855 2027630 4646.31860  106   30 4774.00000 4533.97058  5.03%  33.0 16707s
 20447482 2027870     cutoff   93      4774.00000 4533.97058  5.03%  33.0 16710s
 20462795 2029128     cutoff   97      4774.00000 4533.97058  5.03%  33.0 16715s
 20472098 2030913 4617.60002  105   31 4774.00000 4533.97058  5.03%  33.0 16720s
 20491301 2032627 4533.97058   95   36 4774.00000 4533.97058  5.03%  32.9 16725s
 20504381 2034365     cutoff   91      4774.00000 4533.97058  5.03%  32.9 16731s
 20512135 2037358     cutoff   95      4774.00000 4533.97058  5.03%  32.9 16736s
 20521617 2037434     cutoff  107      4774.00000 4533.97058  5.03%  32.9 16740s
 20532278 2038494     cutoff  107      4774.00000 4533.97058  5.03%  32.9 16745s
 20550332 2040211 4617.60002   89   31 4774.00000 4533.97058  5.03%  32.9 16752s
 20563664 2041396     cutoff   87      4774.00000 4533.97058  5.03%  32.9 16755s
 20577248 2043404 4533.97058   93   33 4774.00000 4533.97058  5.03%  32.8 16760s
 20586946 2045375 infeasible  106      4774.00000 4533.97058  5.03%  32.8 16765s
 20604647 2045989     cutoff  101      4774.00000 4533.97058  5.03%  32.8 16771s
 20618014 2047188 4533.97058   96   37 4774.00000 4533.97058  5.03%  32.8 16775s
 20631868 2049632     cutoff   97      4774.00000 4533.97058  5.03%  32.8 16780s
 20641223 2050623 4617.60002  104   31 4774.00000 4533.97058  5.03%  32.8 16785s
 20659255 2053874 4715.42294  101   29 4774.00000 4533.97058  5.03%  32.7 16792s
 20672366 2054666 4548.89923   87   32 4774.00000 4533.97058  5.03%  32.7 16795s
 20687654 2056403 4548.89923   95   32 4774.00000 4533.97058  5.03%  32.7 16800s
 20695014 2059356 4617.60002  103   31 4774.00000 4533.97058  5.03%  32.7 16805s
 20713006 2059854 4617.60002   98   31 4774.00000 4533.97058  5.03%  32.7 16811s
 20726322 2060615 4548.89923  103   32 4774.00000 4533.97058  5.03%  32.7 16815s
 20738701 2062152 4548.89923   86   32 4774.00000 4533.97058  5.03%  32.6 16820s
 20750482 2063852 4533.97058   83   33 4774.00000 4533.97058  5.03%  32.6 16825s
 20766415 2066012     cutoff  104      4774.00000 4533.97058  5.03%  32.6 16830s
 20779808 2067526     cutoff  101      4774.00000 4533.97058  5.03%  32.6 16835s
 20793388 2069027 4674.46532  100   21 4774.00000 4533.97058  5.03%  32.6 16840s
 20802032 2069502 4646.31860   88   30 4774.00000 4533.97058  5.03%  32.6 16845s
 20813671 2070037 4533.97058   94   36 4774.00000 4533.97058  5.03%  32.6 16850s
 20826688 2070719 4548.89923   97   32 4774.00000 4533.97058  5.03%  32.5 16856s
 20842081 2072357 4646.31860   89   30 4774.00000 4533.97058  5.03%  32.5 16860s
 20855178 2074343 4548.89923   95   32 4774.00000 4533.97058  5.03%  32.5 16865s
 20864538 2076817     cutoff   97      4774.00000 4533.97058  5.03%  32.5 16870s
 20881353 2077653 4600.74381  106   22 4774.00000 4533.97058  5.03%  32.5 16875s
 20894989 2079970 4604.61177  108   21 4774.00000 4533.97058  5.03%  32.5 16880s
 20906343 2082577 4548.89923   87   32 4774.00000 4533.97058  5.03%  32.5 16886s
 20923148 2082982 4533.97058   93   33 4774.00000 4533.97058  5.03%  32.4 16890s
 20935403 2084028 4538.23853   86   35 4774.00000 4533.97058  5.03%  32.4 16895s
 20949843 2086512 4547.86272  105   31 4774.00000 4533.97058  5.03%  32.4 16901s
 20961391 2087543 4617.60002  102   31 4774.00000 4533.97058  5.03%  32.4 16905s
 20974360 2089358     cutoff  102      4774.00000 4533.97058  5.03%  32.4 16910s
 20984568 2090072 4547.86272  105   31 4774.00000 4533.97058  5.03%  32.4 16915s
 21001998 2091182     cutoff  102      4774.00000 4533.97058  5.03%  32.3 16920s
 21013530 2092266 4533.97058  100   37 4774.00000 4533.97058  5.03%  32.3 16925s
 21025503 2093227 4573.99268  106   29 4774.00000 4533.97058  5.03%  32.3 16930s
 21038219 2093691     cutoff   93      4774.00000 4533.97058  5.03%  32.3 16935s
 21050805 2094320 4533.97058   95   37 4774.00000 4533.97058  5.03%  32.3 16940s
 21062651 2095397     cutoff  103      4774.00000 4533.97058  5.03%  32.3 16946s
 21074373 2096387 4686.30081   95   30 4774.00000 4533.97058  5.03%  32.3 16950s
 21083793 2097496 4600.74381  105   22 4774.00000 4533.97058  5.03%  32.3 16959s
 21090793 2097496     cutoff  108      4774.00000 4533.97058  5.03%  32.2 16960s
 21108356 2098485 4548.89923  102   32 4774.00000 4533.97058  5.03%  32.2 16966s
 21117311 2099105 4617.60002  103   31 4774.00000 4533.97058  5.03%  32.2 16970s
 21131957 2100234     cutoff  101      4774.00000 4533.97058  5.03%  32.2 16976s
 21142942 2101541 4617.60002   86   31 4774.00000 4533.97058  5.03%  32.2 16981s
 21155244 2102642 infeasible  107      4774.00000 4533.97058  5.03%  32.2 16985s
 21169734 2104181 4686.69954   95   30 4774.00000 4533.97058  5.03%  32.2 16991s
 21181750 2105412 4570.95899  105   30 4774.00000 4533.97058  5.03%  32.1 16996s
 21192966 2106637 4570.95899  105   30 4774.00000 4533.97058  5.03%  32.1 17000s
 21205363 2107607 4533.97058   98   37 4774.00000 4533.97058  5.03%  32.1 17005s
 21219337 2110224 4715.42294  103   29 4774.00000 4533.97058  5.03%  32.1 17012s
 21231344 2110464 4547.86272  101   31 4774.00000 4533.97058  5.03%  32.1 17015s
 21244216 2111803 infeasible  102      4774.00000 4533.97058  5.03%  32.1 17020s
 21256412 2113146 4686.30081   95   30 4774.00000 4533.97058  5.03%  32.1 17025s
 21268399 2113952     cutoff   94      4774.00000 4533.97058  5.03%  32.0 17030s
 21278681 2115160 4600.74381  105   22 4774.00000 4533.97058  5.03%  32.0 17035s
 21292922 2116866     cutoff  100      4774.00000 4533.97058  5.03%  32.0 17040s
 21308253 2118697 4533.97058   98   37 4774.00000 4533.97058  5.03%  32.0 17045s
 21317853 2119660 4547.86272  105   31 4774.00000 4533.97058  5.03%  32.0 17050s
 21334728 2121545 4686.69954  105   30 4774.00000 4533.97058  5.03%  32.0 17055s
 21346296 2122669 4673.99235  107   21 4774.00000 4533.97058  5.03%  32.0 17060s
 21356182 2123933 4570.95899  105   30 4774.00000 4533.97058  5.03%  31.9 17066s
 21363008 2124280 4617.60002  104   31 4774.00000 4533.97058  5.03%  31.9 17071s
 21374383 2126125 infeasible   94      4774.00000 4533.97058  5.03%  31.9 17076s
 21388035 2126978 infeasible  102      4774.00000 4533.97058  5.03%  31.9 17080s
 21398297 2128041 4533.99807  104   31 4774.00000 4533.97058  5.03%  31.9 17085s
 21412392 2129580 4573.92273  103   31 4774.00000 4533.97058  5.03%  31.9 17091s
 21426785 2131175 4538.23853  102   33 4774.00000 4533.97058  5.03%  31.9 17095s
 21437987 2132564 4674.46532  103   21 4774.00000 4533.97058  5.03%  31.9 17100s
 21451918 2135250 4732.55634   93   27 4774.00000 4533.97058  5.03%  31.8 17106s
 21463240 2135667     cutoff  107      4774.00000 4533.97058  5.03%  31.8 17111s
 21472508 2136522     cutoff   97      4774.00000 4533.97058  5.03%  31.8 17115s
 21486510 2138830 4533.97058   97   37 4774.00000 4533.97058  5.03%  31.8 17120s
 21499828 2140661     cutoff  106      4774.00000 4533.97058  5.03%  31.8 17125s
 21510649 2143475 4573.89513   90   33 4774.00000 4533.97058  5.03%  31.8 17131s
 21524013 2144221 4533.97058  101   37 4774.00000 4533.97058  5.03%  31.8 17135s
 21536974 2146252 4646.31860  106   30 4774.00000 4533.97058  5.03%  31.7 17140s
 21548671 2148380     cutoff  106      4774.00000 4533.97058  5.03%  31.7 17145s
 21562197 2150346     cutoff  103      4774.00000 4533.97058  5.03%  31.7 17150s
 21575748 2151991 4755.41186   94   29 4774.00000 4533.97058  5.03%  31.7 17155s
 21586249 2152871     cutoff  104      4774.00000 4533.97058  5.03%  31.7 17160s
 21597371 2153670 4538.23853  101   35 4774.00000 4533.97058  5.03%  31.7 17165s
 21605919 2154530 4612.64277  106   28 4774.00000 4533.97058  5.03%  31.7 17170s
 21622536 2156262 4617.60002  101   31 4774.00000 4533.97058  5.03%  31.7 17175s
 21632559 2157340 4617.60002   99   31 4774.00000 4533.97058  5.03%  31.6 17180s
 21643360 2158862 4533.97058  100   36 4774.00000 4533.97058  5.03%  31.6 17185s
 21651511 2159141 infeasible  102      4774.00000 4533.97058  5.03%  31.6 17190s
 21662833 2160265 4548.89923   93   32 4774.00000 4533.97058  5.03%  31.6 17196s
 21676138 2161491 4533.97058  102   37 4774.00000 4533.97058  5.03%  31.6 17200s
 21683401 2162760 4548.89923  104   32 4774.00000 4533.97058  5.03%  31.6 17205s
 21696414 2164218 4674.46532  106   21 4774.00000 4533.97058  5.03%  31.6 17210s
 21709379 2165618 4600.74381  106   22 4774.00000 4533.97058  5.03%  31.6 17215s
 21718612 2166948 4533.97058   89   33 4774.00000 4533.97058  5.03%  31.6 17220s
 21731703 2168895 4570.95899  105   30 4774.00000 4533.97058  5.03%  31.5 17225s
 21741304 2170058     cutoff  104      4774.00000 4533.97058  5.03%  31.5 17230s
 21757138 2171778 4617.60002   94   31 4774.00000 4533.97058  5.03%  31.5 17235s
 21766820 2173223 4617.60002  105   31 4774.00000 4533.97058  5.03%  31.5 17240s
 21778058 2174980 4617.60002   99   31 4774.00000 4533.97058  5.03%  31.5 17245s
 21793202 2176848     cutoff   87      4774.00000 4533.97058  5.03%  31.5 17250s
 21803518 2178518 4686.69954   92   30 4774.00000 4533.97058  5.03%  31.5 17255s
 21816438 2180026     cutoff   96      4774.00000 4533.97058  5.03%  31.4 17260s
 21828578 2180995     cutoff  101      4774.00000 4533.97058  5.03%  31.4 17265s
 21837779 2182080 4533.97058  102   37 4774.00000 4533.97058  5.03%  31.4 17270s
 21851837 2183556 4574.02766  107   28 4774.00000 4533.97058  5.03%  31.4 17275s
 21866826 2185697 4548.89923  100   32 4774.00000 4533.97058  5.03%  31.4 17280s
 21878368 2187449 4573.89513   91   36 4774.00000 4533.97058  5.03%  31.4 17285s
 21892358 2188983 4573.89513   87   33 4774.00000 4533.97058  5.03%  31.4 17290s
 21904905 2190520 4533.97058   91   33 4774.00000 4533.97058  5.03%  31.4 17295s
 21917949 2192273 4548.89923  103   32 4774.00000 4533.97058  5.03%  31.3 17300s
 21924088 2192440 4646.31860   96   30 4774.00000 4533.97058  5.03%  31.3 17305s
 21934670 2193433 4617.60002   96   31 4774.00000 4533.97058  5.03%  31.3 17310s
 21948187 2195615 4617.60002  101   31 4774.00000 4533.97058  5.03%  31.3 17316s
 21961098 2197332 4617.60002  105   31 4774.00000 4533.97058  5.03%  31.3 17320s
 21972781 2199186 4732.55634   86   27 4774.00000 4533.97058  5.03%  31.3 17325s
 21986695 2201738 4548.89923   95   32 4774.00000 4533.97058  5.03%  31.3 17331s
 21999141 2203046 4533.97058  101   36 4774.00000 4533.97058  5.03%  31.3 17335s
 22012149 2205331 4537.96647  104   34 4774.00000 4533.97058  5.03%  31.2 17340s
 22024728 2207119 4533.97058   79   34 4774.00000 4533.97058  5.03%  31.2 17345s
 22038472 2208973     cutoff  106      4774.00000 4533.97058  5.03%  31.2 17350s
 22049288 2210512 4533.97058   94   33 4774.00000 4533.97058  5.03%  31.2 17355s
 22059643 2211937 4533.97058  102   36 4774.00000 4533.97058  5.03%  31.2 17360s
 22071798 2213683 4534.00502   99   36 4774.00000 4533.97058  5.03%  31.2 17365s
 22084432 2216066 infeasible   97      4774.00000 4533.97058  5.03%  31.2 17370s
 22097345 2217553 4533.97058   97   37 4774.00000 4533.97058  5.03%  31.2 17375s
 22109661 2218660     cutoff  107      4774.00000 4533.97058  5.03%  31.1 17380s
 22123607 2219934     cutoff   92      4774.00000 4533.97058  5.03%  31.1 17385s
 22135976 2221423 4533.97058   90   33 4774.00000 4533.97058  5.03%  31.1 17390s
 22148388 2223151     cutoff   94      4774.00000 4533.97058  5.03%  31.1 17395s
 22161656 2224933 4538.23853   96   35 4774.00000 4533.97058  5.03%  31.1 17400s
 22174677 2226994     cutoff  100      4774.00000 4533.97058  5.03%  31.1 17405s
 22185760 2228648 4533.97058   88   34 4774.00000 4533.97058  5.03%  31.1 17410s
 22194481 2231085 4533.97058   95   37 4774.00000 4533.97058  5.03%  31.1 17415s
 22203540 2231329 4646.31860   94   30 4774.00000 4533.97058  5.03%  31.0 17420s
 22211333 2231812 4646.31860  102   30 4774.00000 4533.97058  5.03%  31.0 17425s
 22224458 2233373 infeasible   97      4774.00000 4533.97058  5.03%  31.0 17430s
 22234089 2234537 4537.96647  104   34 4774.00000 4533.97058  5.03%  31.0 17435s
 22246374 2235719 4547.86272  105   31 4774.00000 4533.97058  5.03%  31.0 17440s
 22258082 2237952     cutoff   96      4774.00000 4533.97058  5.03%  31.0 17445s
 22267796 2239125 4533.97058   92   36 4774.00000 4533.97058  5.03%  31.0 17450s
 22278898 2240794 4533.97058   90   33 4774.00000 4533.97058  5.03%  31.0 17455s
 22286917 2242325 4533.97058  100   37 4774.00000 4533.97058  5.03%  31.0 17460s
 22294887 2243453     cutoff  100      4774.00000 4533.97058  5.03%  31.0 17465s
 22307173 2244601     cutoff   97      4774.00000 4533.97058  5.03%  30.9 17470s
 22318385 2246579 4547.86272  105   31 4774.00000 4533.97058  5.03%  30.9 17475s
 22327161 2247543 4573.89513   97   37 4774.00000 4533.97058  5.03%  30.9 17480s
 22339365 2249123 4533.97058   85   33 4774.00000 4533.97058  5.03%  30.9 17485s
 22349822 2250917 4533.97058   95   36 4774.00000 4533.97058  5.03%  30.9 17490s
 22362355 2252381     cutoff   97      4774.00000 4533.97058  5.03%  30.9 17495s
 22375122 2254335 4548.89923   92   32 4774.00000 4533.97058  5.03%  30.9 17500s
 22387768 2256417 4673.99235  106   21 4774.00000 4533.97058  5.03%  30.9 17505s
 22401349 2258074     cutoff   98      4774.00000 4533.97058  5.03%  30.8 17510s
 22414505 2260455 infeasible   94      4774.00000 4533.97058  5.03%  30.8 17515s
 22427546 2262167 4533.97058   97   37 4774.00000 4533.97058  5.03%  30.8 17520s
 22440331 2263758 4533.97058   93   36 4774.00000 4533.97058  5.03%  30.8 17525s
 22453120 2266182 4732.55634  101   27 4774.00000 4533.97058  5.03%  30.8 17530s
 22467568 2267777 4732.55634  102   27 4774.00000 4533.97058  5.03%  30.8 17535s
 22479547 2269457 4573.89513   99   37 4774.00000 4533.97058  5.03%  30.8 17541s
 22486587 2270020 4573.89513   93   37 4774.00000 4533.97058  5.03%  30.8 17546s
 22491988 2270593 infeasible   93      4774.00000 4533.97058  5.03%  30.8 17550s
 22504908 2271407     cutoff  100      4774.00000 4533.97058  5.03%  30.7 17555s
 22517369 2273956 4533.97058   99   37 4774.00000 4533.97058  5.03%  30.7 17561s
 22529520 2275109 4732.55634   94   27 4774.00000 4533.97058  5.03%  30.7 17565s
 22542532 2277042 4755.41186   94   29 4774.00000 4533.97058  5.03%  30.7 17570s
 22554671 2279183 4548.89923  104   32 4774.00000 4533.97058  5.03%  30.7 17575s
 22568862 2281529 4732.55634  105   27 4774.00000 4533.97058  5.03%  30.7 17580s
 22581614 2283367     cutoff   99      4774.00000 4533.97058  5.03%  30.7 17585s
 22591238 2284810 4646.31860  102   30 4774.00000 4533.97058  5.03%  30.7 17590s
 22607370 2287038     cutoff  107      4774.00000 4533.97058  5.03%  30.6 17595s
 22618254 2287975 4548.89923   93   32 4774.00000 4533.97058  5.03%  30.6 17600s
 22628368 2289348     cutoff  106      4774.00000 4533.97058  5.03%  30.6 17605s
 22643262 2291181 4548.89923   93   32 4774.00000 4533.97058  5.03%  30.6 17610s
 22657478 2293404     cutoff   96      4774.00000 4533.97058  5.03%  30.6 17615s
 22669721 2294879     cutoff  104      4774.00000 4533.97058  5.03%  30.6 17620s
 22682113 2295659 4533.97058  101   37 4774.00000 4533.97058  5.03%  30.6 17625s
 22694766 2297640     cutoff   84      4774.00000 4533.97058  5.03%  30.6 17630s
 22706802 2299505 4533.97058   93   36 4774.00000 4533.97058  5.03%  30.5 17635s
 22719061 2301122 4533.97058   85   34 4774.00000 4533.97058  5.03%  30.5 17640s
 22731375 2302647 4548.89923  103   32 4774.00000 4533.97058  5.03%  30.5 17645s
 22744245 2304255 4617.60002   93   31 4774.00000 4533.97058  5.03%  30.5 17650s
 22756172 2305678 4533.97058   95   36 4774.00000 4533.97058  5.03%  30.5 17655s
 22766660 2306972 4533.97058   97   37 4774.00000 4533.97058  5.03%  30.5 17660s
 22781388 2308579     cutoff   92      4774.00000 4533.97058  5.03%  30.5 17665s
 22792028 2309329     cutoff  101      4774.00000 4533.97058  5.03%  30.5 17670s
 22803394 2310258     cutoff  104      4774.00000 4533.97058  5.03%  30.4 17675s
 22813439 2311899 4673.99235  106   21 4774.00000 4533.97058  5.03%  30.4 17680s
 22828838 2313319 4538.23853  101   33 4774.00000 4533.97058  5.03%  30.4 17685s
 22840256 2314630 4538.23853  101   33 4774.00000 4533.97058  5.03%  30.4 17690s
 22851152 2315452     cutoff  100      4774.00000 4533.97058  5.03%  30.4 17695s
 22866374 2317187 infeasible  102      4774.00000 4533.97058  5.03%  30.4 17700s
 22876481 2318353     cutoff  107      4774.00000 4533.97058  5.03%  30.4 17705s
 22888429 2320294 4715.42294  104   29 4774.00000 4533.97058  5.03%  30.4 17710s
 22899990 2321757 4533.97058   98   37 4774.00000 4533.97058  5.03%  30.4 17715s
 22912428 2323551 4617.60002   98   31 4774.00000 4533.97058  5.03%  30.3 17720s
 22924268 2324983     cutoff  106      4774.00000 4533.97058  5.03%  30.3 17725s
 22937183 2326610 4533.97058  101   36 4774.00000 4533.97058  5.03%  30.3 17730s
 22949026 2328143     cutoff   94      4774.00000 4533.97058  5.03%  30.3 17735s
 22960722 2329780 infeasible   94      4774.00000 4533.97058  5.03%  30.3 17740s
 22973182 2331339 4573.99268  105   29 4774.00000 4533.97058  5.03%  30.3 17745s
 22985911 2332720     cutoff  106      4774.00000 4533.97058  5.03%  30.3 17750s
 22996587 2333778 4548.89923  104   32 4774.00000 4533.97058  5.03%  30.3 17755s
 23002836 2334406     cutoff  107      4774.00000 4533.97058  5.03%  30.3 17760s
 23015881 2335115     cutoff  100      4774.00000 4533.97058  5.03%  30.2 17766s
 23027309 2335834 4548.89923   96   32 4774.00000 4533.97058  5.03%  30.2 17770s
 23038978 2336886 4538.23853  102   33 4774.00000 4533.97058  5.03%  30.2 17775s
 23050692 2338249     cutoff  106      4774.00000 4533.97058  5.03%  30.2 17780s
 23062548 2339509 4674.46532  105   21 4774.00000 4533.97058  5.03%  30.2 17785s
 23074453 2340990     cutoff   97      4774.00000 4533.97058  5.03%  30.2 17790s
 23086979 2342625 4533.97058  103   33 4774.00000 4533.97058  5.03%  30.2 17795s
 23098062 2343607     cutoff  106      4774.00000 4533.97058  5.03%  30.2 17800s
 23110459 2344846 4686.69954  103   30 4774.00000 4533.97058  5.03%  30.2 17805s
 23122884 2345851 4573.89513   89   36 4774.00000 4533.97058  5.03%  30.1 17810s
 23133527 2346777 4603.05607  100   36 4774.00000 4533.97058  5.03%  30.1 17815s
 23143844 2348137 4686.69954   95   30 4774.00000 4533.97058  5.03%  30.1 17820s
 23158059 2349664 4570.95899  105   30 4774.00000 4533.97058  5.03%  30.1 17825s
 23169942 2351188 4538.23853  100   33 4774.00000 4533.97058  5.03%  30.1 17830s
 23184030 2352752     cutoff  100      4774.00000 4533.97058  5.03%  30.1 17835s
 23194587 2353709 4573.99268  104   29 4774.00000 4533.97058  5.03%  30.1 17840s
 23206020 2354938     cutoff  107      4774.00000 4533.97058  5.03%  30.1 17845s
 23216217 2356269 4600.74381  106   22 4774.00000 4533.97058  5.03%  30.1 17850s
 23229874 2358108     cutoff  101      4774.00000 4533.97058  5.03%  30.0 17855s
 23241617 2359508 4548.89923  102   32 4774.00000 4533.97058  5.03%  30.0 17860s
 23252504 2360887 4533.97058  102   33 4774.00000 4533.97058  5.03%  30.0 17865s
 23263489 2362246 4686.69954  105   30 4774.00000 4533.97058  5.03%  30.0 17870s
 23273183 2363529 4573.99268  105   29 4774.00000 4533.97058  5.03%  30.0 17881s
 23292160 2364454 4573.92273   98   31 4774.00000 4533.97058  5.03%  30.0 17886s
 23305355 2365676     cutoff  100      4774.00000 4533.97058  5.03%  30.0 17890s
 23316703 2367260 4573.95770  104   30 4774.00000 4533.97058  5.03%  30.0 17895s
 23327661 2368851 4674.46532  107   21 4774.00000 4533.97058  5.03%  29.9 17900s
 23337806 2369346 4533.97058  100   37 4774.00000 4533.97058  5.03%  29.9 17905s
 23350205 2370981 4548.89923   94   32 4774.00000 4533.97058  5.03%  29.9 17910s
 23361325 2372257 4538.23853  103   33 4774.00000 4533.97058  5.03%  29.9 17915s
 23373687 2373614     cutoff   99      4774.00000 4533.97058  5.03%  29.9 17920s
 23385884 2374923 4686.69954  104   30 4774.00000 4533.97058  5.03%  29.9 17925s
 23398079 2376306 4548.89923  104   32 4774.00000 4533.97058  5.03%  29.9 17930s
 23410499 2377301 4600.74381  105   22 4774.00000 4533.97058  5.03%  29.9 17935s
 23422152 2378686 4548.89923   98   32 4774.00000 4533.97058  5.03%  29.9 17940s
 23433197 2380066 4538.23853   99   36 4774.00000 4533.97058  5.03%  29.9 17945s
 23445362 2381142 4533.97058   99   33 4774.00000 4533.97058  5.03%  29.8 17950s
 23456772 2382652 4548.89923  103   32 4774.00000 4533.97058  5.03%  29.8 17956s
 23467124 2383056     cutoff  106      4774.00000 4533.97058  5.03%  29.8 17960s
 23479113 2384100 4533.97058   98   33 4774.00000 4533.97058  5.03%  29.8 17965s
 23489819 2385033 4548.89923   90   32 4774.00000 4533.97058  5.03%  29.8 17970s
 23501742 2386242 infeasible  102      4774.00000 4533.97058  5.03%  29.8 17975s
 23513324 2387231 4548.89923   90   32 4774.00000 4533.97058  5.03%  29.8 17980s
 23524781 2388366 4617.60002   99   31 4774.00000 4533.97058  5.03%  29.8 17985s
 23534590 2389071 4533.97058   99   37 4774.00000 4533.97058  5.03%  29.8 17990s
 23546831 2390089 4533.97058  100   37 4774.00000 4533.97058  5.03%  29.7 17995s
 23550618 2390291 4533.97058  100   36 4774.00000 4533.97058  5.03%  29.7 18000s
 23564355 2391051     cutoff  102      4774.00000 4533.97058  5.03%  29.7 18005s
 23577056 2392453 4686.69954  102   30 4774.00000 4533.97058  5.03%  29.7 18010s
 23587071 2393171 4573.95770  105   30 4774.00000 4533.97058  5.03%  29.7 18015s
 23600258 2394337 infeasible  105      4774.00000 4533.97058  5.03%  29.7 18020s
 23610007 2395174 4573.95770  104   30 4774.00000 4533.97058  5.03%  29.7 18025s
 23622169 2396288 4617.60002  101   31 4774.00000 4533.97058  5.03%  29.7 18030s
 23633420 2397434     cutoff  107      4774.00000 4533.97058  5.03%  29.7 18035s
 23644813 2398406     cutoff  107      4774.00000 4533.97058  5.03%  29.7 18040s
 23655722 2399444 infeasible  101      4774.00000 4533.97058  5.03%  29.6 18045s
 23667438 2400599     cutoff  106      4774.00000 4533.97058  5.03%  29.6 18050s
 23679128 2401709     cutoff  102      4774.00000 4533.97058  5.03%  29.6 18055s
 23690489 2402673 4617.60002  101   31 4774.00000 4533.97058  5.03%  29.6 18060s
 23702428 2403865 4570.95899  105   30 4774.00000 4533.97058  5.03%  29.6 18065s
 23714064 2404853 4548.89923  101   32 4774.00000 4533.97058  5.03%  29.6 18070s
 23725387 2405815 4715.42294  101   29 4774.00000 4533.97058  5.03%  29.6 18075s
 23735411 2406642     cutoff  107      4774.00000 4533.97058  5.03%  29.6 18080s
 23747054 2407759 4732.55634  102   27 4774.00000 4533.97058  5.03%  29.6 18085s
 23757915 2408472 4570.95899  104   30 4774.00000 4533.97058  5.03%  29.6 18090s
 23769134 2409270     cutoff  103      4774.00000 4533.97058  5.03%  29.5 18095s
 23781029 2410219 4617.60002  103   31 4774.00000 4533.97058  5.03%  29.5 18100s
 23791736 2411305 4646.31860  104   30 4774.00000 4533.97058  5.03%  29.5 18105s
 23800922 2411908 4600.74381  106   22 4774.00000 4533.97058  5.03%  29.5 18110s
 23808085 2412215     cutoff  107      4774.00000 4533.97058  5.03%  29.5 18115s
 23819511 2412916 4533.97058  100   33 4774.00000 4533.97058  5.03%  29.5 18120s
 23830393 2413909 4715.42294  105   29 4774.00000 4533.97058  5.03%  29.5 18125s
 23841563 2414839 4548.89923   97   32 4774.00000 4533.97058  5.03%  29.5 18130s
 23853245 2415945 4573.89513   96   33 4774.00000 4533.97058  5.03%  29.5 18135s
 23863926 2416819 4548.89923  103   32 4774.00000 4533.97058  5.03%  29.5 18140s
 23876865 2417939 4617.60002  105   31 4774.00000 4533.97058  5.03%  29.5 18145s
 23888017 2418901 4533.97058  102   37 4774.00000 4533.97058  5.03%  29.4 18150s
 23899026 2419956 4617.60002  102   31 4774.00000 4533.97058  5.03%  29.4 18155s
 23910346 2420725     cutoff  106      4774.00000 4533.97058  5.03%  29.4 18160s
 23921100 2421480 infeasible  100      4774.00000 4533.97058  5.03%  29.4 18165s
 23931530 2422336     cutoff   91      4774.00000 4533.97058  5.03%  29.4 18170s
 23942754 2422990     cutoff  104      4774.00000 4533.97058  5.03%  29.4 18175s
 23952673 2424021 infeasible  107      4774.00000 4533.97058  5.03%  29.4 18180s
 23965733 2425108 4533.97058   96   37 4774.00000 4533.97058  5.03%  29.4 18185s
 23977337 2425998 4538.23853  102   35 4774.00000 4533.97058  5.03%  29.4 18190s
 23987380 2426870     cutoff  103      4774.00000 4533.97058  5.03%  29.4 18195s
 23999100 2428127 4546.80292  106   30 4774.00000 4533.97058  5.03%  29.3 18200s
 24010985 2429113 4674.46532  107   21 4774.00000 4533.97058  5.03%  29.3 18205s
 24022649 2431002 4533.97058   98   33 4774.00000 4533.97058  5.03%  29.3 18210s
 24034079 2433444 4548.89923   82   32 4774.00000 4533.97058  5.03%  29.3 18215s
 24044969 2435726 4533.97058   99   37 4774.00000 4533.97058  5.03%  29.3 18220s
 24057884 2437827 4533.97058   84   33 4774.00000 4533.97058  5.03%  29.3 18225s
 24069332 2439686 4548.89923   88   32 4774.00000 4533.97058  5.03%  29.3 18230s
 24072440 2439954 infeasible   96      4774.00000 4533.97058  5.03%  29.3 18235s
 24084238 2441239 4646.31860   84   30 4774.00000 4533.97058  5.03%  29.3 18240s
 24096795 2444336     cutoff   86      4774.00000 4533.97058  5.03%  29.3 18245s
 24108738 2447357 4533.97058   93   34 4774.00000 4533.97058  5.03%  29.2 18250s
 24121655 2450640 4533.97058   97   37 4774.00000 4533.97058  5.03%  29.2 18255s
 24132219 2452520 4548.89923   92   32 4774.00000 4533.97058  5.03%  29.2 18260s
 24144010 2454409 4715.42294  105   29 4774.00000 4533.97058  5.03%  29.2 18265s
 24155127 2456443 4538.23853   89   33 4774.00000 4533.97058  5.03%  29.2 18270s
 24167325 2458549 4533.97058   93   33 4774.00000 4533.97058  5.03%  29.2 18275s
 24179234 2460351 4610.52128   99   30 4774.00000 4533.97058  5.03%  29.2 18280s
 24189042 2462074 4533.97058  100   36 4774.00000 4533.97058  5.03%  29.2 18285s
 24200828 2463530 4533.97058   99   37 4774.00000 4533.97058  5.03%  29.2 18290s
 24212487 2465002 4538.23853   99   35 4774.00000 4533.97058  5.03%  29.2 18295s
 24225493 2466822 4533.97058   94   34 4774.00000 4533.97058  5.03%  29.1 18301s
 24236095 2468125 4533.97058   90   36 4774.00000 4533.97058  5.03%  29.1 18305s
 24246340 2469692 4686.69954  100   30 4774.00000 4533.97058  5.03%  29.1 18310s
 24258115 2471435 infeasible  104      4774.00000 4533.97058  5.03%  29.1 18315s
 24269485 2473127 4533.97058  103   37 4774.00000 4533.97058  5.03%  29.1 18320s
 24283146 2476319 4533.97058   96   37 4774.00000 4533.97058  5.03%  29.1 18325s
 24291515 2477059 4617.60002   97   31 4774.00000 4533.97058  5.03%  29.1 18330s
 24303125 2478960 4548.89923   89   32 4774.00000 4533.97058  5.03%  29.1 18335s
 24317045 2480361 4533.97058   94   36 4774.00000 4533.97058  5.03%  29.1 18340s
 24329868 2482710     cutoff   98      4774.00000 4533.97058  5.03%  29.1 18345s
 24340559 2483912 4533.97058  100   37 4774.00000 4533.97058  5.03%  29.0 18350s
 24352039 2485687 4573.99268  105   29 4774.00000 4533.97058  5.03%  29.0 18355s
 24363833 2487752 4533.97058   92   36 4774.00000 4533.97058  5.03%  29.0 18360s
 24370528 2488559 4548.89923   99   32 4774.00000 4533.97058  5.03%  29.0 18365s
 24379290 2489670 infeasible  101      4774.00000 4533.97058  5.03%  29.0 18370s
 24390076 2491631     cutoff  103      4774.00000 4533.97058  5.03%  29.0 18375s
 24403221 2494003 4533.97058   96   33 4774.00000 4533.97058  5.03%  29.0 18380s
 24415192 2496004 infeasible  106      4774.00000 4533.97058  5.03%  29.0 18385s
 24426972 2498342 4533.97058  100   37 4774.00000 4533.97058  5.03%  29.0 18391s
 24438399 2499607 4538.23853   93   35 4774.00000 4533.97058  5.03%  29.0 18395s
 24449674 2501346 4533.99807  103   31 4774.00000 4533.97058  5.03%  29.0 18400s
 24461894 2503675 4617.60002  100   31 4774.00000 4533.97058  5.03%  28.9 18405s
 24472498 2505430 4548.89923  101   32 4774.00000 4533.97058  5.03%  28.9 18410s
 24485305 2507734 infeasible  105      4774.00000 4533.97058  5.03%  28.9 18415s
 24497468 2510119 4548.89923  104   32 4774.00000 4533.97058  5.03%  28.9 18420s
 24509513 2512115     cutoff  101      4774.00000 4533.97058  5.03%  28.9 18425s
 24519290 2513333 4573.99268  105   29 4774.00000 4533.97058  5.03%  28.9 18430s
 24531346 2515073 4547.86272  105   31 4774.00000 4533.97058  5.03%  28.9 18435s
 24543984 2517308 infeasible   88      4774.00000 4533.97058  5.03%  28.9 18440s
 24555943 2519063 4617.60002   96   31 4774.00000 4533.97058  5.03%  28.9 18446s
 24566729 2520788 4617.60002  102   31 4774.00000 4533.97058  5.03%  28.9 18450s
 24578394 2522743 4538.23853   92   35 4774.00000 4533.97058  5.03%  28.8 18455s
 24590950 2524545     cutoff  101      4774.00000 4533.97058  5.03%  28.8 18460s
 24603419 2526405 4533.97058   92   36 4774.00000 4533.97058  5.03%  28.8 18465s
 24615026 2528644 4715.42294  104   29 4774.00000 4533.97058  5.03%  28.8 18470s
 24626759 2530648 infeasible  104      4774.00000 4533.97058  5.03%  28.8 18475s
 24640121 2532472     cutoff  102      4774.00000 4533.97058  5.03%  28.8 18480s
 24651670 2534315 4715.42294  104   29 4774.00000 4533.97058  5.03%  28.8 18485s
 24663799 2536417 4686.30081  105   30 4774.00000 4533.97058  5.03%  28.8 18490s
 24675853 2537951 4674.46532   94   21 4774.00000 4533.97058  5.03%  28.8 18495s
 24686405 2539125     cutoff  107      4774.00000 4533.97058  5.03%  28.8 18500s
 24691860 2539599 4573.95770  104   30 4774.00000 4533.97058  5.03%  28.8 18505s
 24702698 2541167 4548.89923   82   32 4774.00000 4533.97058  5.03%  28.7 18510s
 24714262 2542622 4573.89513   91   34 4774.00000 4533.97058  5.03%  28.7 18515s
 24723990 2544117 4573.92958  103   36 4774.00000 4533.97058  5.03%  28.7 18520s
 24736255 2546255     cutoff  104      4774.00000 4533.97058  5.03%  28.7 18525s
 24746927 2547379 4548.89923   98   32 4774.00000 4533.97058  5.03%  28.7 18530s
 24759991 2549192     cutoff  102      4774.00000 4533.97058  5.03%  28.7 18535s
 24770276 2550743 infeasible  104      4774.00000 4533.97058  5.03%  28.7 18540s
 24782565 2552454     cutoff  104      4774.00000 4533.97058  5.03%  28.7 18545s
 24793244 2553865 4538.23853  101   33 4774.00000 4533.97058  5.03%  28.7 18550s
 24804317 2554833 4548.89923  104   32 4774.00000 4533.97058  5.03%  28.7 18555s
 24815575 2556413 4673.99235  106   21 4774.00000 4533.97058  5.03%  28.7 18560s
 24826827 2557834 4573.99268  105   29 4774.00000 4533.97058  5.03%  28.6 18565s
 24837478 2559279 4573.89513   89   37 4774.00000 4533.97058  5.03%  28.6 18570s
 24847997 2560911 4533.97058   94   36 4774.00000 4533.97058  5.03%  28.6 18575s
 24860053 2562827 4533.97058   94   36 4774.00000 4533.97058  5.03%  28.6 18580s
 24871616 2564373 4533.97058   95   36 4774.00000 4533.97058  5.03%  28.6 18585s
 24882760 2565897 4548.89923   96   32 4774.00000 4533.97058  5.03%  28.6 18590s
 24893130 2567850 4686.69954  104   30 4774.00000 4533.97058  5.03%  28.6 18595s
 24903173 2569928 infeasible  103      4774.00000 4533.97058  5.03%  28.6 18600s
 24913739 2571007 4686.69954  103   30 4774.00000 4533.97058  5.03%  28.6 18605s
 24925360 2572169     cutoff   95      4774.00000 4533.97058  5.03%  28.6 18610s
 24938812 2573632 4570.95899  105   30 4774.00000 4533.97058  5.03%  28.6 18616s
 24945459 2574435 4533.97058   99   37 4774.00000 4533.97058  5.03%  28.5 18620s
 24954252 2575149 4617.60002  105   31 4774.00000 4533.97058  5.03%  28.5 18625s
 24965551 2576442 4537.96647  103   34 4774.00000 4533.97058  5.03%  28.5 18630s
 24976750 2578099 4533.97058  100   36 4774.00000 4533.97058  5.03%  28.5 18635s
 24988381 2579854 4533.97058   98   37 4774.00000 4533.97058  5.03%  28.5 18640s
 25000375 2581026 4646.31860   99   30 4774.00000 4533.97058  5.03%  28.5 18645s
 25013610 2582280 4533.97058   99   33 4774.00000 4533.97058  5.03%  28.5 18650s
 25025036 2583624 infeasible  102      4774.00000 4533.97058  5.03%  28.5 18655s
 25038575 2584907     cutoff  108      4774.00000 4533.97058  5.03%  28.5 18660s
 25050749 2586442 4548.89923  102   32 4774.00000 4533.97058  5.03%  28.5 18665s
 25062678 2587852     cutoff  107      4774.00000 4533.97058  5.03%  28.5 18670s
 25075414 2589167 infeasible  104      4774.00000 4533.97058  5.03%  28.4 18675s
 25086810 2590073 4548.89923  104   32 4774.00000 4533.97058  5.03%  28.4 18680s
 25097453 2591089 4570.95899  105   30 4774.00000 4533.97058  5.03%  28.4 18685s
 25109700 2592233 4674.46532  105   21 4774.00000 4533.97058  5.03%  28.4 18690s
 25121140 2593544 4538.23853  101   35 4774.00000 4533.97058  5.03%  28.4 18696s
 25132596 2594661     cutoff  103      4774.00000 4533.97058  5.03%  28.4 18700s
 25144496 2595685 infeasible  103      4774.00000 4533.97058  5.03%  28.4 18705s
 25156845 2596879 infeasible  107      4774.00000 4533.97058  5.03%  28.4 18710s
 25169673 2598022 4533.97058   85   34 4774.00000 4533.97058  5.03%  28.4 18715s
 25183069 2599924 4686.69954  105   30 4774.00000 4533.97058  5.03%  28.4 18720s
 25196882 2602082 4533.97058   96   37 4774.00000 4533.97058  5.03%  28.3 18725s
 25209716 2603370 4548.89923   94   32 4774.00000 4533.97058  5.03%  28.3 18730s
 25221984 2604071 4674.46532  107   21 4774.00000 4533.97058  5.03%  28.3 18735s
 25227598 2604581 4548.89923   98   32 4774.00000 4533.97058  5.03%  28.3 18741s
 25234835 2605226 4547.86272  105   31 4774.00000 4533.97058  5.03%  28.3 18745s
 25248444 2606239     cutoff  107      4774.00000 4533.97058  5.03%  28.3 18750s
 25260269 2607897 4600.74381  106   22 4774.00000 4533.97058  5.03%  28.3 18755s
 25272330 2609324 4547.86272  105   31 4774.00000 4533.97058  5.03%  28.3 18760s
 25284749 2610792 4533.97058   97   36 4774.00000 4533.97058  5.03%  28.3 18765s
 25298022 2612229 4732.55634  105   27 4774.00000 4533.97058  5.03%  28.3 18770s
 25311552 2613688     cutoff  105      4774.00000 4533.97058  5.03%  28.3 18775s
 25323051 2614655     cutoff   95      4774.00000 4533.97058  5.03%  28.2 18780s
 25335781 2616361     cutoff   96      4774.00000 4533.97058  5.03%  28.2 18785s
 25348354 2617826 4617.60002  105   31 4774.00000 4533.97058  5.03%  28.2 18790s
 25361562 2619355 4533.97058  101   33 4774.00000 4533.97058  5.03%  28.2 18795s
 25373000 2621079 4533.97058   84   33 4774.00000 4533.97058  5.03%  28.2 18800s
 25385750 2622828     cutoff  105      4774.00000 4533.97058  5.03%  28.2 18805s
 25398838 2624197     cutoff  106      4774.00000 4533.97058  5.03%  28.2 18810s
 25411994 2625954 4533.97058   99   37 4774.00000 4533.97058  5.03%  28.2 18815s
 25425240 2627992 4600.74381  106   22 4774.00000 4533.97058  5.03%  28.2 18820s
 25435399 2629842 4573.89513   97   37 4774.00000 4533.97058  5.03%  28.2 18825s
 25447983 2630679     cutoff   95      4774.00000 4533.97058  5.03%  28.1 18830s
 25460059 2631639 4617.60002   96   31 4774.00000 4533.97058  5.03%  28.1 18835s
 25471655 2633259     cutoff   91      4774.00000 4533.97058  5.03%  28.1 18840s
 25485542 2635638 4533.97058   84   36 4774.00000 4533.97058  5.03%  28.1 18845s
 25498151 2637479     cutoff  103      4774.00000 4533.97058  5.03%  28.1 18850s
 25511424 2639813     cutoff  100      4774.00000 4533.97058  5.03%  28.1 18855s
 25523128 2641862 4548.89923   94   32 4774.00000 4533.97058  5.03%  28.1 18860s
 25534958 2643730 4686.30081  103   30 4774.00000 4533.97058  5.03%  28.1 18865s
 25547290 2645665     cutoff  107      4774.00000 4533.97058  5.03%  28.1 18870s
 25561307 2647613 4533.97058   82   34 4774.00000 4533.97058  5.03%  28.1 18875s
 25573451 2649271 4538.23853   94   33 4774.00000 4533.97058  5.03%  28.0 18880s
 25584961 2651396     cutoff   97      4774.00000 4533.97058  5.03%  28.0 18885s
 25597123 2653006 4533.97058  102   37 4774.00000 4533.97058  5.03%  28.0 18890s
 25609935 2655300     cutoff  108      4774.00000 4533.97058  5.03%  28.0 18895s
 25623075 2657611 4715.42294   99   29 4774.00000 4533.97058  5.03%  28.0 18900s
 25635030 2659623 4617.60002  102   31 4774.00000 4533.97058  5.03%  28.0 18905s
 25647105 2660732 4533.97058  100   36 4774.00000 4533.97058  5.03%  28.0 18910s
 25660112 2661819     cutoff  106      4774.00000 4533.97058  5.03%  28.0 18915s
 25670456 2663222 4617.60002  103   31 4774.00000 4533.97058  5.03%  28.0 18920s
 25682559 2664779 4646.31860  103   30 4774.00000 4533.97058  5.03%  28.0 18925s
 25694254 2666317     cutoff  106      4774.00000 4533.97058  5.03%  28.0 18930s
 25706308 2668182 4537.96647  104   34 4774.00000 4533.97058  5.03%  27.9 18935s
 25714461 2670037 4533.97058  100   36 4774.00000 4533.97058  5.03%  27.9 18940s
 25727582 2672930 4533.97058   85   36 4774.00000 4533.97058  5.03%  27.9 18945s
 25733853 2673645 4617.60002   83   31 4774.00000 4533.97058  5.03%  27.9 18950s
 25746350 2674703 4617.60002   87   31 4774.00000 4533.97058  5.03%  27.9 18955s
 25759736 2677183     cutoff   99      4774.00000 4533.97058  5.03%  27.9 18960s
 25772060 2679361 4715.42294  101   29 4774.00000 4533.97058  5.03%  27.9 18965s
 25784542 2682158 4533.97058   83   36 4774.00000 4533.97058  5.03%  27.9 18970s
 25798164 2683642     cutoff   87      4774.00000 4533.97058  5.03%  27.9 18975s
 25809468 2685194 4548.89923   95   32 4774.00000 4533.97058  5.03%  27.9 18980s
 25822095 2687319 4617.60002   94   31 4774.00000 4533.97058  5.03%  27.9 18985s
 25833310 2689175 4537.96647  104   32 4774.00000 4533.97058  5.03%  27.9 18990s
 25845434 2691233 4548.89923   89   32 4774.00000 4533.97058  5.03%  27.8 18995s
 25858447 2693785     cutoff   91      4774.00000 4533.97058  5.03%  27.8 19000s
 25871168 2695605 4533.97058   82   34 4774.00000 4533.97058  5.03%  27.8 19005s
 25882853 2697922 4533.97058  103   37 4774.00000 4533.97058  5.03%  27.8 19010s
 25895730 2700771 infeasible   95      4774.00000 4533.97058  5.03%  27.8 19015s
 25906642 2701905 4732.55634  105   27 4774.00000 4533.97058  5.03%  27.8 19020s
 25920000 2703991 infeasible  106      4774.00000 4533.97058  5.03%  27.8 19025s
 25931470 2706859 4538.23853   97   33 4774.00000 4533.97058  5.03%  27.8 19030s
 25943328 2708159 4674.46532   99   21 4774.00000 4533.97058  5.03%  27.8 19035s
 25955856 2710014 4617.60002  105   31 4774.00000 4533.97058  5.03%  27.8 19040s
 25968258 2712081     cutoff  106      4774.00000 4533.97058  5.03%  27.7 19045s
 25982295 2715117 4533.97058   96   37 4774.00000 4533.97058  5.03%  27.7 19050s
 25989321 2716529 4646.31860  104   30 4774.00000 4533.97058  5.03%  27.7 19055s
 25998356 2718071 4533.97058   98   37 4774.00000 4533.97058  5.03%  27.7 19060s
 26011068 2719436 4533.99807  104   31 4774.00000 4533.97058  5.03%  27.7 19065s
 26022031 2721925 4674.46532   99   21 4774.00000 4533.97058  5.03%  27.7 19070s
 26035012 2723021 4617.60002   99   31 4774.00000 4533.97058  5.03%  27.7 19075s
 26046719 2724192 4674.46532  105   21 4774.00000 4533.97058  5.03%  27.7 19080s
 26058659 2725672 4548.89923  104   32 4774.00000 4533.97058  5.03%  27.7 19085s
 26072775 2727142 4548.89923   97   32 4774.00000 4533.97058  5.03%  27.7 19090s
 26085647 2728668 4732.55634   95   27 4774.00000 4533.97058  5.03%  27.7 19095s
 26096678 2729950     cutoff  103      4774.00000 4533.97058  5.03%  27.7 19100s
 26109069 2732069 4732.55634  101   27 4774.00000 4533.97058  5.03%  27.6 19105s
 26121829 2733782 4538.23853   94   33 4774.00000 4533.97058  5.03%  27.6 19110s
 26133921 2735273 4617.60002  102   31 4774.00000 4533.97058  5.03%  27.6 19115s
 26145831 2736548     cutoff  102      4774.00000 4533.97058  5.03%  27.6 19120s
 26158785 2738568 4548.89923  101   32 4774.00000 4533.97058  5.03%  27.6 19125s
 26171169 2740547 4538.23853   84   33 4774.00000 4533.97058  5.03%  27.6 19130s
 26183687 2741577     cutoff  103      4774.00000 4533.97058  5.03%  27.6 19135s
 26196289 2743147 4603.05607  101   36 4774.00000 4533.97058  5.03%  27.6 19140s
 26207539 2744663 4533.97058  103   37 4774.00000 4533.97058  5.03%  27.6 19145s
 26220815 2746220 4533.97058  103   37 4774.00000 4533.97058  5.03%  27.6 19150s
 26232285 2747730 4617.60002  105   31 4774.00000 4533.97058  5.03%  27.6 19155s
 26242336 2748986 4533.97058   86   35 4774.00000 4533.97058  5.03%  27.5 19160s
 26255826 2750588 4548.89923  101   32 4774.00000 4533.97058  5.03%  27.5 19165s
 26267825 2751832 4646.31860  105   30 4774.00000 4533.97058  5.03%  27.5 19170s
 26276478 2752311     cutoff  107      4774.00000 4533.97058  5.03%  27.5 19175s
 26276502 2752961 4547.86272  105   31 4774.00000 4533.97058  5.03%  27.5 19180s
 26295445 2753681 4573.95770  105   30 4774.00000 4533.97058  5.03%  27.5 19185s
 26306926 2754902 4548.89923  104   32 4774.00000 4533.97058  5.03%  27.5 19190s
 26319753 2756123     cutoff   99      4774.00000 4533.97058  5.03%  27.5 19195s
 26330301 2757665     cutoff  104      4774.00000 4533.97058  5.03%  27.5 19200s
 26342752 2758662 4600.74381  106   22 4774.00000 4533.97058  5.03%  27.5 19205s
 26354185 2759859 4533.97058   96   37 4774.00000 4533.97058  5.03%  27.5 19210s
 26367031 2760719     cutoff   98      4774.00000 4533.97058  5.03%  27.5 19215s
 26378402 2761729 4617.60002  101   31 4774.00000 4533.97058  5.03%  27.4 19220s
 26390049 2762965     cutoff  106      4774.00000 4533.97058  5.03%  27.4 19225s
 26401754 2763924 4715.42294  100   29 4774.00000 4533.97058  5.03%  27.4 19230s
 26413519 2764733 4538.23853   97   33 4774.00000 4533.97058  5.03%  27.4 19235s
 26425614 2765754     cutoff  103      4774.00000 4533.97058  5.03%  27.4 19240s
 26435542 2766697 4533.97058  100   37 4774.00000 4533.97058  5.03%  27.4 19245s
 26447056 2767905 infeasible  106      4774.00000 4533.97058  5.03%  27.4 19250s
 26458597 2768771 4538.23853  101   33 4774.00000 4533.97058  5.03%  27.4 19255s
 26469443 2769721 infeasible  102      4774.00000 4533.97058  5.03%  27.4 19260s
 26481550 2771046 4715.42294  105   29 4774.00000 4533.97058  5.03%  27.4 19265s
 26495531 2772292     cutoff  107      4774.00000 4533.97058  5.03%  27.4 19270s
 26506783 2773645     cutoff  106      4774.00000 4533.97058  5.03%  27.4 19275s
 26519829 2775285 infeasible  106      4774.00000 4533.97058  5.03%  27.3 19280s
 26532885 2776880 4573.89513   97   37 4774.00000 4533.97058  5.03%  27.3 19285s
 26544893 2777865 4646.31860  102   30 4774.00000 4533.97058  5.03%  27.3 19290s
 26556094 2778821 4646.31860   98   30 4774.00000 4533.97058  5.03%  27.3 19295s
 26563385 2779615 4573.89513   95   37 4774.00000 4533.97058  5.03%  27.3 19300s
 26573596 2780170     cutoff  105      4774.00000 4533.97058  5.03%  27.3 19305s
 26586656 2781688 4534.00502   93   35 4774.00000 4533.97058  5.03%  27.3 19310s
 26599657 2783251 4704.10406  107   21 4774.00000 4533.97058  5.03%  27.3 19315s
 26614343 2785324 4533.97058   91   36 4774.00000 4533.97058  5.03%  27.3 19320s
 26624838 2786550     cutoff  106      4774.00000 4533.97058  5.03%  27.3 19325s
 26639051 2788830 4547.86272  105   31 4774.00000 4533.97058  5.03%  27.3 19330s
 26651844 2790222 4617.60002  101   31 4774.00000 4533.97058  5.03%  27.3 19335s
 26662737 2791880 4686.30081  100   30 4774.00000 4533.97058  5.03%  27.2 19340s
 26676592 2793513     cutoff   98      4774.00000 4533.97058  5.03%  27.2 19345s
 26687939 2794435 4732.55634   95   27 4774.00000 4533.97058  5.03%  27.2 19350s
 26700330 2795643     cutoff  106      4774.00000 4533.97058  5.03%  27.2 19355s
 26711890 2796631     cutoff   95      4774.00000 4533.97058  5.03%  27.2 19360s
 26724008 2797438 4686.30081  106   30 4774.00000 4533.97058  5.03%  27.2 19365s
 26733933 2798178 4533.97058   96   37 4774.00000 4533.97058  5.03%  27.2 19370s
 26748432 2799411     cutoff  106      4774.00000 4533.97058  5.03%  27.2 19375s
 26761137 2800489 4732.55634   99   27 4774.00000 4533.97058  5.03%  27.2 19380s
 26772336 2801233 4686.69954  103   30 4774.00000 4533.97058  5.03%  27.2 19385s
 26784218 2802224     cutoff  105      4774.00000 4533.97058  5.03%  27.2 19390s
 26794304 2802796     cutoff  105      4774.00000 4533.97058  5.03%  27.2 19395s
 26805214 2803607 4548.89923  103   32 4774.00000 4533.97058  5.03%  27.1 19400s
 26816889 2804288 4573.99268  105   29 4774.00000 4533.97058  5.03%  27.1 19405s
 26829649 2805343 4570.95899  105   30 4774.00000 4533.97058  5.03%  27.1 19410s
 26833756 2805657     cutoff  107      4774.00000 4533.97058  5.03%  27.1 19415s
 26846009 2806653 4533.97058   87   36 4774.00000 4533.97058  5.03%  27.1 19420s
 26860278 2808408 4548.89923   90   32 4774.00000 4533.97058  5.03%  27.1 19425s
 26872435 2809693 4533.97058   95   37 4774.00000 4533.97058  5.03%  27.1 19430s
 26884583 2811044 4548.89923  103   32 4774.00000 4533.97058  5.03%  27.1 19435s
 26896172 2812711     cutoff   98      4774.00000 4533.97058  5.03%  27.1 19440s
 26909945 2814262     cutoff  100      4774.00000 4533.97058  5.03%  27.1 19445s
 26921203 2816423 4533.97058   95   36 4774.00000 4533.97058  5.03%  27.1 19450s
 26933456 2818225 4617.60002   99   31 4774.00000 4533.97058  5.03%  27.1 19455s
 26946812 2820027 infeasible  105      4774.00000 4533.97058  5.03%  27.0 19460s
 26959152 2821246     cutoff  106      4774.00000 4533.97058  5.03%  27.0 19465s
 26973259 2823844 4573.99268  105   29 4774.00000 4533.97058  5.03%  27.0 19470s
 26985853 2825438     cutoff  106      4774.00000 4533.97058  5.03%  27.0 19475s
 26997809 2827216     cutoff  105      4774.00000 4533.97058  5.03%  27.0 19480s
 27009785 2828527     cutoff  103      4774.00000 4533.97058  5.03%  27.0 19485s
 27022407 2830322 4533.97058   87   36 4774.00000 4533.97058  5.03%  27.0 19490s
 27035003 2832590 4617.60002  105   31 4774.00000 4533.97058  5.03%  27.0 19495s
 27047695 2834746     cutoff  104      4774.00000 4533.97058  5.03%  27.0 19500s
 27060045 2836292 4573.99268  105   29 4774.00000 4533.97058  5.03%  27.0 19505s
 27072426 2837935 4548.89923   96   32 4774.00000 4533.97058  5.03%  27.0 19510s
 27085395 2839691 4686.69954   96   30 4774.00000 4533.97058  5.03%  26.9 19515s
 27096276 2841286 4570.95899  105   30 4774.00000 4533.97058  5.03%  26.9 19520s
 27109686 2842404 4533.97058   91   33 4774.00000 4533.97058  5.03%  26.9 19525s
 27114479 2843016 infeasible  103      4774.00000 4533.97058  5.03%  26.9 19530s
 27124468 2844046     cutoff  105      4774.00000 4533.97058  5.03%  26.9 19535s
 27136976 2845639 4538.23853   90   35 4774.00000 4533.97058  5.03%  26.9 19540s
 27150628 2847404 4732.55634   89   27 4774.00000 4533.97058  5.03%  26.9 19545s
 27163685 2849243 4686.69954  104   30 4774.00000 4533.97058  5.03%  26.9 19550s
 27174203 2850509     cutoff  106      4774.00000 4533.97058  5.03%  26.9 19555s
 27188875 2852391 4686.69954  104   30 4774.00000 4533.97058  5.03%  26.9 19560s
 27201942 2854192 4538.23853   95   36 4774.00000 4533.97058  5.03%  26.9 19565s
 27211986 2855430     cutoff   97      4774.00000 4533.97058  5.03%  26.9 19570s
 27225016 2856896 4533.97058  100   37 4774.00000 4533.97058  5.03%  26.9 19575s
 27236117 2858588 4686.69954   99   30 4774.00000 4533.97058  5.03%  26.8 19580s
 27248851 2860841 4617.60002   92   31 4774.00000 4533.97058  5.03%  26.8 19585s
 27261906 2862585 4533.97058   95   37 4774.00000 4533.97058  5.03%  26.8 19590s
 27274489 2864094 4646.31860  102   30 4774.00000 4533.97058  5.03%  26.8 19595s
 27288550 2865831     cutoff  105      4774.00000 4533.97058  5.03%  26.8 19600s
 27300944 2867533 4573.89513   92   37 4774.00000 4533.97058  5.03%  26.8 19605s
 27313924 2869235 4533.97058  100   37 4774.00000 4533.97058  5.03%  26.8 19610s
 27326148 2870752 infeasible  107      4774.00000 4533.97058  5.03%  26.8 19615s
 27337479 2872244 4533.97058  101   37 4774.00000 4533.97058  5.03%  26.8 19620s
 27343963 2872671 4604.89496  106   22 4774.00000 4533.97058  5.03%  26.8 19625s
 27356571 2874125 4538.23853   93   36 4774.00000 4533.97058  5.03%  26.8 19630s
 27368512 2875248 4533.97058   97   37 4774.00000 4533.97058  5.03%  26.8 19635s
 27379771 2876421 4646.31860  103   30 4774.00000 4533.97058  5.03%  26.7 19640s
 27392375 2877589 infeasible  100      4774.00000 4533.97058  5.03%  26.7 19645s
 27404705 2878899 4548.89923   89   32 4774.00000 4533.97058  5.03%  26.7 19650s
 27417124 2880122     cutoff  106      4774.00000 4533.97058  5.03%  26.7 19655s
 27424160 2880671 4646.31860  103   30 4774.00000 4533.97058  5.03%  26.7 19660s
 27431582 2880960 4617.60002  104   31 4774.00000 4533.97058  5.03%  26.7 19665s
 27443852 2882106     cutoff  106      4774.00000 4533.97058  5.03%  26.7 19670s
 27454286 2883028 4604.93027  107   22 4774.00000 4533.97058  5.03%  26.7 19675s
 27466890 2884348 4573.99268  105   29 4774.00000 4533.97058  5.03%  26.7 19680s
 27478736 2885613     cutoff  105      4774.00000 4533.97058  5.03%  26.7 19685s
 27490303 2886625 4673.99235  106   21 4774.00000 4533.97058  5.03%  26.7 19690s
 27501974 2887721     cutoff  105      4774.00000 4533.97058  5.03%  26.7 19695s
 27512642 2888523 4686.69954  102   30 4774.00000 4533.97058  5.03%  26.7 19700s
 27525486 2889515 4686.69954  101   30 4774.00000 4533.97058  5.03%  26.7 19705s
 27536430 2890655     cutoff   99      4774.00000 4533.97058  5.03%  26.6 19710s
 27546615 2891689 infeasible  105      4774.00000 4533.97058  5.03%  26.6 19715s
 27558852 2892712 4548.89923  100   32 4774.00000 4533.97058  5.03%  26.6 19720s
 27570877 2893745 4533.97058   99   37 4774.00000 4533.97058  5.03%  26.6 19725s
 27581728 2894754 4617.60002  103   31 4774.00000 4533.97058  5.03%  26.6 19730s
 27593749 2895726 4548.89923  103   32 4774.00000 4533.97058  5.03%  26.6 19735s
 27604899 2896660 infeasible  104      4774.00000 4533.97058  5.03%  26.6 19740s
 27616187 2897885 infeasible  106      4774.00000 4533.97058  5.03%  26.6 19745s
 27627603 2898739 4573.99268  105   29 4774.00000 4533.97058  5.03%  26.6 19750s
 27634970 2899311     cutoff  103      4774.00000 4533.97058  5.03%  26.6 19755s
 27646973 2900288 4573.92958  104   35 4774.00000 4533.97058  5.03%  26.6 19760s
 27658579 2901235 4610.52128  104   30 4774.00000 4533.97058  5.03%  26.6 19765s
 27670458 2902146 4538.23853  101   35 4774.00000 4533.97058  5.03%  26.6 19770s
 27681230 2902982 4547.86272  105   31 4774.00000 4533.97058  5.03%  26.5 19775s
 27692626 2903558     cutoff  103      4774.00000 4533.97058  5.03%  26.5 19780s
 27696311 2903766 4537.96647  104   34 4774.00000 4533.97058  5.03%  26.5 19785s
 27708260 2904168 infeasible  107      4774.00000 4533.97058  5.03%  26.5 19790s
 27718973 2905128 infeasible  105      4774.00000 4533.97058  5.03%  26.5 19795s
 27730126 2905923     cutoff  107      4774.00000 4533.97058  5.03%  26.5 19800s
 27740190 2906848 4533.97058  102   36 4774.00000 4533.97058  5.03%  26.5 19805s
 27751169 2907635     cutoff   97      4774.00000 4533.97058  5.03%  26.5 19810s
 27762246 2908859 4674.46532  102   21 4774.00000 4533.97058  5.03%  26.5 19815s
 27774452 2910144 4548.89923  103   32 4774.00000 4533.97058  5.03%  26.5 19820s
 27787279 2911705 4538.23853   96   35 4774.00000 4533.97058  5.03%  26.5 19825s
 27796349 2912471 4617.60002  101   31 4774.00000 4533.97058  5.03%  26.5 19830s
 27808148 2913722 4617.60002   98   31 4774.00000 4533.97058  5.03%  26.5 19835s
 27819860 2914662     cutoff  105      4774.00000 4533.97058  5.03%  26.5 19840s
 27830662 2915996 4533.97058   98   37 4774.00000 4533.97058  5.03%  26.5 19845s
 27842771 2917236 4547.86272  105   31 4774.00000 4533.97058  5.03%  26.4 19850s
 27854622 2918129 infeasible  101      4774.00000 4533.97058  5.03%  26.4 19855s
 27865571 2918991 4548.89923  103   32 4774.00000 4533.97058  5.03%  26.4 19860s
 27876811 2920288 4548.89923   98   32 4774.00000 4533.97058  5.03%  26.4 19865s
 27889059 2921081 4533.97058   98   37 4774.00000 4533.97058  5.03%  26.4 19870s
 27899802 2921918 4533.97058  102   36 4774.00000 4533.97058  5.03%  26.4 19875s
 27911074 2923142 4533.97058  102   37 4774.00000 4533.97058  5.03%  26.4 19880s
 27922484 2923947 4533.97058  103   37 4774.00000 4533.97058  5.03%  26.4 19885s
 27932841 2925213 infeasible  107      4774.00000 4533.97058  5.03%  26.4 19890s
 27941061 2925734     cutoff  104      4774.00000 4533.97058  5.03%  26.4 19895s
 27946625 2925994     cutoff  106      4774.00000 4533.97058  5.03%  26.4 19900s
 27958114 2926424     cutoff  105      4774.00000 4533.97058  5.03%  26.4 19905s
 27969812 2927641 4674.46532  101   21 4774.00000 4533.97058  5.03%  26.4 19910s
 27980092 2928472 infeasible  100      4774.00000 4533.97058  5.03%  26.4 19915s
 27990336 2929281 4548.89923  102   32 4774.00000 4533.97058  5.03%  26.3 19920s
 28003235 2930773 4600.74381  105   22 4774.00000 4533.97058  5.03%  26.3 19925s
 28014706 2931958 4533.97058   97   37 4774.00000 4533.97058  5.03%  26.3 19930s
 28024391 2932983 4533.99807  104   31 4774.00000 4533.97058  5.03%  26.3 19935s
 28032857 2933588 4617.60002  103   31 4774.00000 4533.97058  5.03%  26.3 19940s
 28043523 2934791     cutoff  100      4774.00000 4533.97058  5.03%  26.3 19945s
 28054984 2935824 4538.23853  100   36 4774.00000 4533.97058  5.03%  26.3 19950s
 28065841 2935814 4612.64277  106   28 4774.00000 4533.99807  5.03%  26.3 19955s
 28073363 2935316 4612.64277  106   28 4774.00000 4533.99807  5.03%  26.3 19960s
 28083420 2934643     cutoff  105      4774.00000 4533.99807  5.03%  26.3 19965s
 28092299 2934084     cutoff  107      4774.00000 4533.99807  5.03%  26.3 19970s
 28103005 2933468     cutoff  104      4774.00000 4533.99807  5.03%  26.3 19975s
 28111686 2932922     cutoff  106      4774.00000 4533.99807  5.03%  26.3 19980s
 28121149 2932363     cutoff  106      4774.00000 4533.99807  5.03%  26.3 19985s
 28130819 2931716 4534.03305  105   30 4774.00000 4533.99807  5.03%  26.3 19990s
 28139970 2931161 infeasible  107      4774.00000 4533.99807  5.03%  26.3 19995s
 28147776 2930703 4547.86272  105   31 4774.00000 4533.99807  5.03%  26.3 20000s
 28157310 2930072 4572.68314  106   29 4774.00000 4533.99807  5.03%  26.2 20005s
 28167883 2929531 4537.96647  104   34 4774.00000 4533.99807  5.03%  26.2 20010s
 28178000 2928991 infeasible  106      4774.00000 4533.99807  5.03%  26.2 20015s
 28187537 2928442     cutoff  105      4774.00000 4533.99807  5.03%  26.2 20020s
 28194847 2927978 4612.64277  106   28 4774.00000 4533.99807  5.03%  26.2 20025s
 28203375 2927499     cutoff  107      4774.00000 4533.99807  5.03%  26.2 20030s
 28208620 2927132     cutoff  106      4774.00000 4533.99807  5.03%  26.2 20035s
 28219297 2926336 infeasible  106      4774.00000 4533.99807  5.03%  26.2 20040s
 28228911 2925682 infeasible  106      4774.00000 4533.99807  5.03%  26.2 20045s
 28238514 2924994     cutoff  107      4774.00000 4533.99807  5.03%  26.2 20050s
 28248980 2924151 4533.99807  103   31 4774.00000 4533.99807  5.03%  26.2 20055s
 28258035 2923477 4572.68314  106   29 4774.00000 4533.99807  5.03%  26.2 20060s
 28265848 2922975     cutoff  105      4774.00000 4533.99807  5.03%  26.2 20065s
 28275919 2922349 4537.96647  104   34 4774.00000 4533.99807  5.03%  26.2 20070s
 28285668 2921217     cutoff  104      4774.00000 4533.99807  5.03%  26.2 20075s
 28286895 2921201 infeasible  105      4774.00000 4533.99807  5.03%  26.2 20080s
 28293533 2920362 4600.74381  104   22 4774.00000 4533.99807  5.03%  26.2 20085s
 28303123 2919699     cutoff  107      4774.00000 4533.99807  5.03%  26.2 20090s
 28313840 2919548 4533.99807  102   31 4774.00000 4533.99807  5.03%  26.2 20095s
 28324303 2919360     cutoff  109      4774.00000 4533.99807  5.03%  26.1 20100s
 28336020 2919346 4640.71524  111   20 4774.00000 4533.99807  5.03%  26.1 20105s
 28349178 2919474 4547.86272  105   31 4774.00000 4533.99807  5.03%  26.1 20110s
 28359559 2918765 4570.95899  102   30 4774.00000 4533.99807  5.03%  26.1 20115s
 28370784 2918514     cutoff  103      4774.00000 4533.99807  5.03%  26.1 20120s
 28381433 2918374 4533.99807  103   31 4774.00000 4533.99807  5.03%  26.1 20125s
 28393482 2918228 infeasible  106      4774.00000 4533.99807  5.03%  26.1 20130s
 28405925 2918248 4547.86272  105   31 4774.00000 4533.99807  5.03%  26.1 20135s
 28418554 2918195     cutoff   83      4774.00000 4534.00000  5.03%  26.1 20140s
 28421238 2918215 infeasible   69      4774.00000 4534.00000  5.03%  26.1 20145s
 28424994 2918090 4534.36437   71   10 4774.00000 4534.00000  5.03%  26.1 20150s
 28431964 2918185 infeasible   86      4774.00000 4534.00000  5.03%  26.1 20155s
 28439146 2918235 4665.00000   66    6 4774.00000 4534.00000  5.03%  26.1 20160s
 28446122 2918234     cutoff   65      4774.00000 4534.00000  5.03%  26.1 20165s
 28452861 2918401 4545.33333   82   14 4774.00000 4534.00000  5.03%  26.1 20170s
 28459498 2918526 4584.59155   47   74 4774.00000 4534.00000  5.03%  26.1 20175s
 28466187 2918623     cutoff   67      4774.00000 4534.00000  5.03%  26.1 20180s
 28475394 2917989 infeasible   62      4774.00000 4534.00502  5.03%  26.1 20185s
 28486369 2918868 infeasible   86      4774.00000 4534.02852  5.03%  26.1 20190s
 28495670 2918526 infeasible  105      4774.00000 4534.03305  5.03%  26.1 20195s
 28507095 2918362 4625.06546   85   32 4774.00000 4534.04021  5.03%  26.1 20200s
 28515199 2918589 4537.56879   83   37 4774.00000 4534.04027  5.03%  26.1 20205s
 28521035 2918139 4605.35859   86   28 4774.00000 4534.04676  5.03%  26.1 20210s
 28528943 2917544 infeasible   68      4774.00000 4534.06803  5.03%  26.1 20215s
 28535045 2917488 infeasible   63      4774.00000 4534.08425  5.03%  26.1 20220s
 28542998 2917887 infeasible   64      4774.00000 4534.10640  5.03%  26.1 20225s
 28550442 2918325 4599.26548   65   25 4774.00000 4534.11992  5.02%  26.1 20230s
 28558077 2918897 infeasible   65      4774.00000 4534.13602  5.02%  26.1 20235s
 28567357 2919276 4593.10039   71   27 4774.00000 4534.17820  5.02%  26.1 20240s
 28577240 2921566 4696.89102   65   26 4774.00000 4534.18741  5.02%  26.1 20245s
 28585855 2922130     cutoff   73      4774.00000 4534.20414  5.02%  26.1 20250s
 28595026 2923470 infeasible   81      4774.00000 4534.20668  5.02%  26.1 20255s
 28602657 2924764 4634.46734   65   80 4774.00000 4534.22392  5.02%  26.1 20260s
 28612961 2926405     cutoff   84      4774.00000 4534.23120  5.02%  26.1 20265s
 28620261 2927182     cutoff   63      4774.00000 4534.24056  5.02%  26.1 20270s
 28632861 2930255 4588.20740   60   32 4774.00000 4534.24056  5.02%  26.1 20275s
 28634117 2930439     cutoff   65      4774.00000 4534.24056  5.02%  26.1 20280s
 28641001 2930935 4611.62966   68   49 4774.00000 4534.24750  5.02%  26.1 20285s
 28649828 2930899 4592.65000   76    8 4774.00000 4534.26040  5.02%  26.1 20290s
 28659593 2932446 4631.39700   66   28 4774.00000 4534.26995  5.02%  26.1 20295s
 28667858 2932943 4667.95273   95   31 4774.00000 4534.28740  5.02%  26.1 20300s
 28675153 2931953 4645.42528   72   32 4774.00000 4534.29914  5.02%  26.1 20305s
 28685801 2934020 4630.90879   70   28 4774.00000 4534.32153  5.02%  26.0 20310s
 28695883 2936044 infeasible   67      4774.00000 4534.32153  5.02%  26.0 20315s
 28706286 2938334 4534.35101   75   36 4774.00000 4534.32153  5.02%  26.0 20320s
 28718220 2940785 4535.72834   64   36 4774.00000 4534.32153  5.02%  26.0 20325s
 28727537 2941407 infeasible   75      4774.00000 4534.33528  5.02%  26.0 20330s
 28737324 2942415 4631.42547   71   27 4774.00000 4534.35101  5.02%  26.0 20335s
 28743104 2943217 infeasible   79      4774.00000 4534.35101  5.02%  26.0 20340s
 28752891 2943493 infeasible   76      4774.00000 4534.38960  5.02%  26.0 20345s
 28765455 2946044 4534.38960   69   34 4774.00000 4534.38960  5.02%  26.0 20350s
 28776496 2948050     cutoff   79      4774.00000 4534.38960  5.02%  26.0 20355s
 28787019 2949832 4558.34988   72   23 4774.00000 4534.38960  5.02%  26.0 20360s
 28798107 2951371 4739.92698   71   25 4774.00000 4534.38960  5.02%  26.0 20365s
 28807460 2951895 infeasible   70      4774.00000 4534.41574  5.02%  26.0 20370s
 28815864 2952417 4616.37148   84   22 4774.00000 4534.42322  5.02%  26.0 20375s
 28824190 2952745 4632.38700   68   22 4774.00000 4534.46667  5.02%  26.0 20380s
 28831629 2954189 4534.47057   70   34 4774.00000 4534.47057  5.02%  26.0 20385s
 28844719 2956350 4593.84450   65   27 4774.00000 4534.47057  5.02%  26.0 20390s
 28856380 2958076 4649.69506   68   33 4774.00000 4534.47057  5.02%  26.0 20395s
 28867743 2959904 4649.69506   66   33 4774.00000 4534.47057  5.02%  25.9 20400s
 28879231 2961413 infeasible   73      4774.00000 4534.47057  5.02%  25.9 20405s
 28888276 2962730 4640.44276   60   38 4774.00000 4534.47133  5.02%  25.9 20410s
 28896973 2963217 4636.76153   76   35 4774.00000 4534.49680  5.02%  25.9 20415s
 28905798 2963735 4538.02578   69   21 4774.00000 4534.50194  5.02%  25.9 20420s
 28911779 2963762 4534.56504   70   17 4774.00000 4534.51644  5.02%  25.9 20425s
 28916019 2963672     cutoff   70      4774.00000 4534.52169  5.02%  25.9 20430s
 28927294 2965004 4549.84626   67   33 4774.00000 4534.53863  5.02%  25.9 20435s
 28938085 2966314 infeasible   68      4774.00000 4534.53863  5.02%  25.9 20440s
 28947835 2967411     cutoff  100      4774.00000 4534.53863  5.02%  25.9 20445s
 28956757 2968626 4568.35140   70   34 4774.00000 4534.53863  5.02%  25.9 20450s
 28964998 2969005     cutoff   70      4774.00000 4534.56148  5.02%  25.9 20455s
 28974904 2969115     cutoff   86      4774.00000 4534.57344  5.02%  25.9 20460s
 28983023 2969486 4612.70630   65   30 4774.00000 4534.61960  5.01%  25.9 20465s
 28991442 2970460 4534.64253   65   38 4774.00000 4534.61960  5.01%  25.9 20470s
 29002777 2971723 4589.69506   73   33 4774.00000 4534.61960  5.01%  25.9 20475s
 29012087 2972629 4568.40893   71   36 4774.00000 4534.61960  5.01%  25.9 20480s
 29021822 2973011 infeasible   70      4774.00000 4534.63870  5.01%  25.9 20485s
 29024755 2973510 infeasible   75      4774.00000 4534.64253  5.01%  25.9 20490s
 29032826 2973986 4545.03168   73   32 4774.00000 4534.67180  5.01%  25.9 20495s
 29041300 2974079 4568.40893   70   35 4774.00000 4534.70556  5.01%  25.9 20500s
 29048893 2974229     cutoff   69      4774.00000 4534.74968  5.01%  25.9 20505s
 29057182 2974762 4649.42019   70   34 4774.00000 4534.77329  5.01%  25.9 20510s
 29067762 2975558 4603.81431   67   32 4774.00000 4534.77329  5.01%  25.9 20515s
 29080323 2976493     cutoff   70      4774.00000 4534.77329  5.01%  25.8 20520s
 29093035 2977421     cutoff   75      4774.00000 4534.77329  5.01%  25.8 20525s
 29105783 2978281 4603.16371   65   62 4774.00000 4534.77409  5.01%  25.8 20530s
 29112881 2978003 4535.19885   64   51 4774.00000 4534.81911  5.01%  25.8 20535s
 29121829 2978089 4553.75843   62   33 4774.00000 4534.86905  5.01%  25.8 20540s
 29127943 2978164 4648.00000   74   18 4774.00000 4534.89659  5.01%  25.8 20545s
 29136881 2978604 infeasible   77      4774.00000 4534.92471  5.01%  25.8 20550s
 29143528 2978394 4557.56744   60   56 4774.00000 4534.96166  5.01%  25.8 20555s
 29152749 2978526 4639.24875   67   19 4774.00000 4535.00641  5.01%  25.8 20560s
 29160089 2978778 infeasible   64      4774.00000 4535.06000  5.01%  25.8 20565s
 29164822 2979472     cutoff   63      4774.00000 4535.06000  5.01%  25.8 20570s
 29171291 2979407     cutoff   72      4774.00000 4535.07500  5.00%  25.8 20575s
 29177511 2979647 infeasible   82      4774.00000 4535.09813  5.00%  25.8 20580s
 29180908 2979782     cutoff   73      4774.00000 4535.11111  5.00%  25.8 20585s
 29186685 2980379 4535.11321   70   17 4774.00000 4535.11321  5.00%  25.8 20590s
 29193418 2980770     cutoff   67      4774.00000 4535.11321  5.00%  25.8 20595s
 29201017 2980621     cutoff   68      4774.00000 4535.16171  5.00%  25.8 20600s
 29209491 2981076 4535.18078   72   38 4774.00000 4535.17909  5.00%  25.8 20605s
 29217618 2981033 infeasible   71      4774.00000 4535.20501  5.00%  25.8 20610s
 29225064 2981198 4593.24086   83   50 4774.00000 4535.23333  5.00%  25.8 20615s
 29231921 2980612     cutoff   70      4774.00000 4535.31860  5.00%  25.8 20620s
 29239104 2980315     cutoff   70      4774.00000 4535.38873  5.00%  25.8 20625s
 29247123 2979969 infeasible   85      4774.00000 4535.44083  5.00%  25.8 20630s
 29254451 2979928 4593.50505   79   25 4774.00000 4535.50814  5.00%  25.8 20635s
 29262394 2979933 4649.64246   74   31 4774.00000 4535.56534  4.99%  25.8 20640s
 29269213 2979250 4566.18352   62   77 4774.00000 4535.60330  4.99%  25.8 20645s
 29276873 2980637 4578.76249   77   36 4774.00000 4535.63664  4.99%  25.8 20650s
 29285547 2981566 4653.00540   67   26 4774.00000 4535.66001  4.99%  25.8 20655s
 29291802 2981037 4653.74316   65   40 4774.00000 4535.68835  4.99%  25.8 20660s
 29298598 2980650     cutoff   65      4774.00000 4535.73567  4.99%  25.8 20665s
 29306071 2980521 4544.50000   83   23 4774.00000 4535.79027  4.99%  25.8 20670s
 29315382 2982345     cutoff   86      4774.00000 4535.81587  4.99%  25.8 20675s
 29323013 2982998 4594.35800   76   49 4774.00000 4535.83821  4.99%  25.8 20680s
 29333055 2984652 4540.20996   74   54 4774.00000 4535.83821  4.99%  25.8 20685s
 29340619 2984831     cutoff   40      4774.00000 4535.88639  4.99%  25.8 20690s
 29347176 2985109 infeasible   65      4774.00000 4535.93219  4.99%  25.8 20695s
 29351786 2985065 4665.14700   72   21 4774.00000 4535.96643  4.99%  25.8 20700s
 29360190 2985802 4658.46896   65   29 4774.00000 4536.00000  4.99%  25.8 20705s
 29366317 2985682 4536.06566   56   43 4774.00000 4536.03140  4.98%  25.8 20710s
 29373607 2985660 4643.26667   75    9 4774.00000 4536.10169  4.98%  25.8 20715s
 29380517 2985974     cutoff   63      4774.00000 4536.14140  4.98%  25.8 20720s
 29387656 2985055 infeasible   69      4774.00000 4536.17537  4.98%  25.8 20725s
 29393264 2985621 4573.20000   68    7 4774.00000 4536.19911  4.98%  25.8 20730s
 29400878 2987359 4539.72735   71   55 4774.00000 4536.20536  4.98%  25.8 20735s
 29409975 2987533     cutoff   82      4774.00000 4536.24294  4.98%  25.8 20740s
 29417450 2987197 4567.62135   66   20 4774.00000 4536.29943  4.98%  25.8 20745s
 29425077 2986962     cutoff   47      4774.00000 4536.36122  4.98%  25.8 20750s
 29433279 2988010 4610.09737   74   13 4774.00000 4536.40146  4.98%  25.8 20755s
 29441559 2987807 4609.58665   65   42 4774.00000 4536.43577  4.98%  25.8 20760s
 29448200 2987396 4597.09554   58   39 4774.00000 4536.50000  4.97%  25.8 20765s
 29454505 2987327 infeasible   67      4774.00000 4536.55000  4.97%  25.8 20770s
 29460331 2987516 4572.51927   71   96 4774.00000 4536.58139  4.97%  25.8 20775s
 29467442 2987827 infeasible   72      4774.00000 4536.62703  4.97%  25.8 20780s
 29471643 2986888     cutoff   66      4774.00000 4536.66182  4.97%  25.8 20785s
 29479933 2986799 infeasible   48      4774.00000 4536.70613  4.97%  25.8 20790s
 29489248 2986317 4633.24692   50   17 4774.00000 4536.78472  4.97%  25.8 20795s
 29490469 2985702 4536.80048   69   35 4774.00000 4536.79833  4.97%  25.8 20803s
 29499137 2985805 4537.03333   61   11 4774.00000 4536.83333  4.97%  25.8 20805s
 29506662 2986670     cutoff   53      4774.00000 4536.85141  4.97%  25.8 20810s
 29514803 2986579 4635.53000   74   17 4774.00000 4536.89746  4.97%  25.8 20815s
 29522200 2986635 4594.78271   69   49 4774.00000 4536.95482  4.97%  25.8 20820s
 29530215 2986726 4649.73742   67   54 4774.00000 4537.00000  4.96%  25.8 20825s
 29535324 2986347     cutoff   68      4774.00000 4537.00579  4.96%  25.8 20830s
 29543390 2985861 4747.85137   46   61 4774.00000 4537.04125  4.96%  25.8 20835s
 29551606 2985215     cutoff   65      4774.00000 4537.10907  4.96%  25.8 20840s
 29558464 2984894 infeasible   64      4774.00000 4537.16667  4.96%  25.8 20845s
 29570141 2985321 4560.70286   67   58 4774.00000 4537.20887  4.96%  25.8 20850s
 29578674 2984882 4656.79833   71   22 4774.00000 4537.23666  4.96%  25.8 20855s
 29586366 2985194 4649.34173   75   45 4774.00000 4537.27830  4.96%  25.8 20860s
 29593875 2984711 4578.97549   61   34 4774.00000 4537.34667  4.96%  25.8 20865s
 29601290 2984122 4649.50860   58   77 4774.00000 4537.35223  4.96%  25.8 20870s
 29605071 2983438 4567.37467   70   13 4774.00000 4537.38000  4.96%  25.8 20878s
 29612563 2983344 infeasible   82      4774.00000 4537.42105  4.96%  25.8 20880s
 29614768 2982809 4558.95544   69   28 4774.00000 4537.44122  4.96%  25.8 20885s
 29625051 2982954 infeasible   88      4774.00000 4537.47497  4.95%  25.8 20890s
 29632508 2982617 4603.71718   74   53 4774.00000 4537.53833  4.95%  25.8 20895s
 29639699 2982083 4548.55814   69   19 4774.00000 4537.60159  4.95%  25.8 20900s
 29648826 2983746 4537.62686   70   57 4774.00000 4537.62686  4.95%  25.8 20905s
 29657091 2983913     cutoff   52      4774.00000 4537.65539  4.95%  25.8 20910s
 29666339 2982857 4626.51286   62   32 4774.00000 4537.69732  4.95%  25.8 20915s
 29674271 2982284 4582.59608   55   50 4774.00000 4537.78310  4.95%  25.8 20920s
 29683109 2982937 4549.11318   77   42 4774.00000 4537.78854  4.95%  25.8 20925s
 29692198 2983795 4537.78854   68   44 4774.00000 4537.78854  4.95%  25.8 20930s
 29697933 2984764     cutoff   79      4774.00000 4537.78854  4.95%  25.8 20935s
 29707443 2985107 infeasible   74      4774.00000 4537.80214  4.95%  25.8 20940s
 29715712 2984568 4615.13333   72   10 4774.00000 4537.86070  4.95%  25.8 20945s
 29724682 2983797 4537.96647  104   34 4774.00000 4537.94243  4.94%  25.8 20950s
 29733432 2983050     cutoff  107      4774.00000 4537.96647  4.94%  25.8 20955s
 29740907 2982308 4537.96647  104   32 4774.00000 4537.96647  4.94%  25.7 20960s
 29749484 2981547     cutoff  106      4774.00000 4537.96647  4.94%  25.7 20965s
 29757762 2980730 4537.96647  104   32 4774.00000 4537.96647  4.94%  25.7 20970s
 29766761 2979902 4547.86272  105   31 4774.00000 4537.96647  4.94%  25.7 20975s
 29775355 2980935 4537.97033   69   50 4774.00000 4537.97033  4.94%  25.7 20980s
 29783621 2981826 infeasible   71      4774.00000 4537.98718  4.94%  25.7 20985s
 29791331 2982206 4582.32397   66   69 4774.00000 4538.00000  4.94%  25.7 20990s
 29796196 2982255 4558.01683   71   17 4774.00000 4538.00000  4.94%  25.7 20995s
 29800029 2982196 infeasible   63      4774.00000 4538.00000  4.94%  25.7 21000s
 29805522 2982464 4687.05717   63   54 4774.00000 4538.00600  4.94%  25.7 21005s
 29814414 2983441 4614.14101   70   41 4774.00000 4538.02313  4.94%  25.7 21010s
 29823059 2983976     cutoff   78      4774.00000 4538.02313  4.94%  25.7 21015s
 29832814 2984688 4555.54156   70   41 4774.00000 4538.04846  4.94%  25.7 21020s
 29842075 2985702 4541.10698   73   42 4774.00000 4538.04846  4.94%  25.7 21025s
 29850300 2986627 infeasible   67      4774.00000 4538.05357  4.94%  25.7 21030s
 29861637 2988342 4677.78415   73   38 4774.00000 4538.05684  4.94%  25.7 21036s
 29870369 2989003 4612.85280   64   40 4774.00000 4538.05684  4.94%  25.7 21040s
 29873548 2989803     cutoff   67      4774.00000 4538.05684  4.94%  25.7 21045s
 29881626 2990968 4612.85280   81   40 4774.00000 4538.05684  4.94%  25.7 21050s
 29890394 2992307     cutoff   73      4774.00000 4538.05684  4.94%  25.7 21055s
 29899418 2993309 infeasible   83      4774.00000 4538.05825  4.94%  25.7 21060s
 29909516 2993654 infeasible   93      4774.00000 4538.07041  4.94%  25.7 21065s
 29920816 2994089 4538.07042   83   20 4774.00000 4538.07042  4.94%  25.7 21070s
 29930900 2994571 4538.12245   93   15 4774.00000 4538.07042  4.94%  25.7 21075s
 29942460 2995641     cutoff   80      4774.00000 4538.07702  4.94%  25.7 21080s
 29952374 2997319 4549.87964   78   46 4774.00000 4538.07702  4.94%  25.6 21085s
 29961447 2999035 4579.12026   75   32 4774.00000 4538.07702  4.94%  25.6 21090s
 29970970 3000191     cutoff   73      4774.00000 4538.07702  4.94%  25.6 21095s
 29978668 2999384     cutoff   52      4774.00000 4538.12245  4.94%  25.6 21100s
 29987363 2998979 4608.68715   81   21 4774.00000 4538.19537  4.94%  25.6 21105s
 29995788 2998398 4548.89923  104   32 4774.00000 4538.23853  4.94%  25.6 21110s
 30003649 2998057 4548.89923  104   32 4774.00000 4538.23853  4.94%  25.6 21115s
 30009652 2997619 4538.23853   95   36 4774.00000 4538.23853  4.94%  25.6 21120s
 30019602 2996994 infeasible  104      4774.00000 4538.23853  4.94%  25.6 21125s
 30029312 2996755 4538.23853   93   33 4774.00000 4538.23853  4.94%  25.6 21130s
 30039561 2996647 4538.23853  103   35 4774.00000 4538.23853  4.94%  25.6 21135s
 30050597 2996716 4538.23853   95   36 4774.00000 4538.23853  4.94%  25.6 21140s
 30060070 2996289 4646.31860   99   30 4774.00000 4538.23853  4.94%  25.6 21145s
 30068524 2996208 4617.60002  100   31 4774.00000 4538.23853  4.94%  25.6 21150s
 30080531 2995896 infeasible   96      4774.00000 4538.23853  4.94%  25.6 21155s
 30090289 2995500 4573.89513   82   34 4774.00000 4538.23853  4.94%  25.6 21160s
 30101626 2995377     cutoff   85      4774.00000 4538.23853  4.94%  25.6 21165s
 30111658 2995098 infeasible  102      4774.00000 4538.23853  4.94%  25.6 21170s
 30122113 2995108 4686.30081  106   30 4774.00000 4538.23853  4.94%  25.6 21175s
 30133538 2995050     cutoff  107      4774.00000 4538.23853  4.94%  25.6 21180s
 30144041 2995002 4548.89923  104   32 4774.00000 4538.23853  4.94%  25.6 21185s
 30153637 2994808 infeasible   96      4774.00000 4538.23853  4.94%  25.5 21190s
 30162820 2994627 4573.89513   83   36 4774.00000 4538.23853  4.94%  25.5 21195s
 30172809 2994223 infeasible   97      4774.00000 4538.23853  4.94%  25.5 21200s
 30182294 2994024     cutoff   88      4774.00000 4538.23853  4.94%  25.5 21205s
 30193415 2993867 4715.42294   86   29 4774.00000 4538.23853  4.94%  25.5 21210s
 30203263 2993664 infeasible   99      4774.00000 4538.23853  4.94%  25.5 21215s
 30213664 2993230 4617.60002   91   31 4774.00000 4538.23853  4.94%  25.5 21220s
 30222901 2992848     cutoff   94      4774.00000 4538.23853  4.94%  25.5 21225s
 30231239 2992725 4538.23853   86   35 4774.00000 4538.23853  4.94%  25.5 21230s
 30241999 2992516 4538.23853  100   35 4774.00000 4538.23853  4.94%  25.5 21235s
 30247894 2992392 4548.89923  101   32 4774.00000 4538.23853  4.94%  25.5 21240s
 30253071 2992176 4617.60002   97   31 4774.00000 4538.23853  4.94%  25.5 21245s
 30262730 2991866 infeasible   87      4774.00000 4538.23853  4.94%  25.5 21250s
 30272084 2991542     cutoff   92      4774.00000 4538.23853  4.94%  25.5 21255s
 30282541 2991398 4617.60002  102   31 4774.00000 4538.23853  4.94%  25.5 21260s
 30291540 2991122 4538.23853   95   35 4774.00000 4538.23853  4.94%  25.5 21265s
 30301089 2990872 4646.31860   91   30 4774.00000 4538.23853  4.94%  25.5 21270s
 30310420 2990802 4617.60002   92   31 4774.00000 4538.23853  4.94%  25.5 21275s
 30319989 2990445     cutoff   92      4774.00000 4538.23853  4.94%  25.5 21280s
 30329949 2990042 4588.62488  104   32 4774.00000 4538.23853  4.94%  25.5 21285s
 30339585 2989614 4573.89513   89   33 4774.00000 4538.23853  4.94%  25.4 21290s
 30348929 2989256     cutoff  107      4774.00000 4538.23853  4.94%  25.4 21295s
 30358820 2988944 4548.89923  102   32 4774.00000 4538.23853  4.94%  25.4 21300s
 30368931 2988594 4617.60002   97   31 4774.00000 4538.23853  4.94%  25.4 21305s
 30377230 2988227     cutoff  106      4774.00000 4538.23853  4.94%  25.4 21310s
 30386880 2987885 4732.55634   92   27 4774.00000 4538.23853  4.94%  25.4 21315s
 30395161 2987340 4538.23853   92   33 4774.00000 4538.23853  4.94%  25.4 21320s
 30402760 2987055 infeasible  104      4774.00000 4538.23853  4.94%  25.4 21325s
 30412473 2986848 4548.89923  103   32 4774.00000 4538.23853  4.94%  25.4 21330s
 30422894 2986532     cutoff  106      4774.00000 4538.23853  4.94%  25.4 21335s
 30431752 2986260 4573.89513  101   36 4774.00000 4538.23853  4.94%  25.4 21340s
 30440394 2985968 4686.69954   95   30 4774.00000 4538.23853  4.94%  25.4 21345s
 30449914 2985933 4617.60002  104   31 4774.00000 4538.23853  4.94%  25.4 21350s
 30460718 2985802 4573.89513  101   36 4774.00000 4538.23853  4.94%  25.4 21355s
 30469504 2985650     cutoff   97      4774.00000 4538.23853  4.94%  25.4 21360s
 30476664 2985394 infeasible   93      4774.00000 4538.23853  4.94%  25.4 21365s
 30481466 2985386 4548.89923   94   32 4774.00000 4538.23853  4.94%  25.4 21371s
 30485589 2985045 infeasible   93      4774.00000 4538.23853  4.94%  25.4 21375s
 30494011 2984616     cutoff  106      4774.00000 4538.23853  4.94%  25.4 21380s
 30503515 2984182 4548.89923  102   32 4774.00000 4538.23853  4.94%  25.4 21385s
 30512274 2983612 4538.23853   89   35 4774.00000 4538.23853  4.94%  25.4 21390s
 30520111 2983156     cutoff   97      4774.00000 4538.23853  4.94%  25.4 21395s
 30528896 2982803 infeasible  104      4774.00000 4538.23853  4.94%  25.4 21400s
 30539486 2982376     cutoff   94      4774.00000 4538.23853  4.94%  25.3 21405s
 30546589 2981870     cutoff   95      4774.00000 4538.23853  4.94%  25.3 21410s
 30555552 2981558 4573.89513   94   33 4774.00000 4538.23853  4.94%  25.3 21415s
 30563174 2981315 4686.69954  104   30 4774.00000 4538.23853  4.94%  25.3 21420s
 30572827 2980846 4548.89923  103   32 4774.00000 4538.23853  4.94%  25.3 21425s
 30581274 2980315 4612.23255  104   29 4774.00000 4538.23853  4.94%  25.3 21430s
 30591289 2979844 infeasible  101      4774.00000 4538.23853  4.94%  25.3 21435s
 30596052 2979299 infeasible  102      4774.00000 4538.23853  4.94%  25.3 21440s
 30606149 2979027 4732.55634  104   27 4774.00000 4538.23853  4.94%  25.3 21445s
 30616792 2978662 4646.31860  102   30 4774.00000 4538.23853  4.94%  25.3 21450s
 30626214 2978322     cutoff  101      4774.00000 4538.23853  4.94%  25.3 21455s
 30634564 2977813     cutoff  103      4774.00000 4538.23853  4.94%  25.3 21460s
 30643456 2977432 4548.89923   95   32 4774.00000 4538.23853  4.94%  25.3 21465s
 30652295 2976972     cutoff  103      4774.00000 4538.23853  4.94%  25.3 21470s
 30662402 2976782 4538.23853   94   35 4774.00000 4538.23853  4.94%  25.3 21475s
 30673182 2976485 4538.23853   98   36 4774.00000 4538.23853  4.94%  25.3 21481s
 30681657 2976088 4538.23853   96   35 4774.00000 4538.23853  4.94%  25.3 21485s
 30689219 2975415     cutoff  106      4774.00000 4538.23853  4.94%  25.3 21490s
 30698967 2974870 4538.23853  103   35 4774.00000 4538.23853  4.94%  25.3 21495s
 30706856 2974611 infeasible  104      4774.00000 4538.23853  4.94%  25.3 21500s
 30715311 2974475 4538.23853   96   33 4774.00000 4538.23853  4.94%  25.3 21505s
 30724329 2974278 4573.92273  103   31 4774.00000 4538.23853  4.94%  25.3 21510s
 30733924 2974255 4538.23853   97   33 4774.00000 4538.23853  4.94%  25.3 21515s
 30743609 2974138 infeasible  104      4774.00000 4538.23853  4.94%  25.2 21520s
 30754045 2974050     cutoff  107      4774.00000 4538.23853  4.94%  25.2 21525s
 30762663 2973970 4646.31860  105   30 4774.00000 4538.23853  4.94%  25.2 21530s
 30769977 2973817 4548.89923  103   32 4774.00000 4538.23853  4.94%  25.2 21535s
 30780861 2973623 4715.42294   98   29 4774.00000 4538.23853  4.94%  25.2 21540s
 30790665 2973430     cutoff  104      4774.00000 4538.23853  4.94%  25.2 21545s
 30798368 2973226 4548.89923  102   32 4774.00000 4538.23853  4.94%  25.2 21550s
 30809067 2972810 4646.31860  105   30 4774.00000 4538.23853  4.94%  25.2 21555s
 30817281 2972464 4538.23853  103   33 4774.00000 4538.23853  4.94%  25.2 21560s
 30825538 2972286 4573.95770  104   30 4774.00000 4538.23853  4.94%  25.2 21565s
 30834722 2971949 4548.89923  103   32 4774.00000 4538.23853  4.94%  25.2 21570s
 30844497 2971662 infeasible  104      4774.00000 4538.23853  4.94%  25.2 21575s
 30853852 2971352 4674.46532  106   21 4774.00000 4538.23853  4.94%  25.2 21580s
 30863784 2970932     cutoff  100      4774.00000 4538.23853  4.94%  25.2 21585s
 30873221 2970647 4617.60002  104   31 4774.00000 4538.23853  4.94%  25.2 21590s
 30880677 2970143     cutoff   99      4774.00000 4538.23853  4.94%  25.2 21595s
 30884797 2970034     cutoff   99      4774.00000 4538.23853  4.94%  25.2 21600s
 30889310 2969599 4617.60002  104   31 4774.00000 4538.23853  4.94%  25.2 21605s
 30897421 2968868 4548.89923  103   32 4774.00000 4538.23853  4.94%  25.2 21610s
 30905398 2968277     cutoff  105      4774.00000 4538.23853  4.94%  25.2 21615s
 30914142 2967568 4538.23853   97   33 4774.00000 4538.23853  4.94%  25.2 21620s
 30922263 2967064 4538.23853  100   33 4774.00000 4538.23853  4.94%  25.2 21625s
 30930021 2966617 4548.89923   99   32 4774.00000 4538.23853  4.94%  25.2 21630s
 30935120 2965893 4573.89513  102   36 4774.00000 4538.23853  4.94%  25.2 21637s
 30944442 2965830 4548.89923  104   32 4774.00000 4538.23853  4.94%  25.1 21640s
 30954803 2965490 4538.23853  102   35 4774.00000 4538.23853  4.94%  25.1 21645s
 30964627 2965216     cutoff  104      4774.00000 4538.23853  4.94%  25.1 21650s
 30974493 2965075 4538.23853   94   35 4774.00000 4538.23853  4.94%  25.1 21655s
 30984309 2964782 infeasible  103      4774.00000 4538.23853  4.94%  25.1 21660s
 30992342 2964622 4674.46532  100   21 4774.00000 4538.23853  4.94%  25.1 21665s
 31002789 2964352 4617.60002  100   31 4774.00000 4538.23853  4.94%  25.1 21670s
 31011066 2963899 4538.23853   99   35 4774.00000 4538.23853  4.94%  25.1 21675s
 31014243 2963295 infeasible  102      4774.00000 4538.23853  4.94%  25.1 21681s
 31026534 2963151 4538.23853   97   33 4774.00000 4538.23853  4.94%  25.1 21685s
 31036370 2962573 4646.31860  105   30 4774.00000 4538.23853  4.94%  25.1 21690s
 31045214 2962228 infeasible  100      4774.00000 4538.23853  4.94%  25.1 21695s
 31052437 2961784     cutoff  100      4774.00000 4538.23853  4.94%  25.1 21700s
 31062016 2961354     cutoff  101      4774.00000 4538.23853  4.94%  25.1 21705s
 31071010 2960873     cutoff   89      4774.00000 4538.23853  4.94%  25.1 21710s
 31080745 2960657 infeasible  105      4774.00000 4538.23853  4.94%  25.1 21715s
 31088885 2960511     cutoff  105      4774.00000 4538.23853  4.94%  25.1 21720s
 31099552 2960367 4686.69954  103   30 4774.00000 4538.23853  4.94%  25.1 21725s
 31109303 2960391     cutoff  104      4774.00000 4538.23853  4.94%  25.1 21730s
 31118865 2960205 infeasible   98      4774.00000 4538.23853  4.94%  25.1 21735s
 31127611 2960022 4573.89513   98   37 4774.00000 4538.23853  4.94%  25.1 21740s
 31135175 2959682 infeasible  101      4774.00000 4538.23853  4.94%  25.1 21745s
 31144024 2959123 4715.42294   95   29 4774.00000 4538.23853  4.94%  25.1 21750s
 31153786 2958938 4674.46532   94   21 4774.00000 4538.23853  4.94%  25.0 21755s
 31164868 2958760 4573.89513   94   34 4774.00000 4538.23853  4.94%  25.0 21760s
 31175272 2958624 4573.89513   94   37 4774.00000 4538.23853  4.94%  25.0 21765s
 31183933 2958506 4538.23853  101   33 4774.00000 4538.23853  4.94%  25.0 21770s
 31193945 2958458     cutoff   99      4774.00000 4538.23853  4.94%  25.0 21775s
 31202054 2958360     cutoff  105      4774.00000 4538.23853  4.94%  25.0 21780s
 31210679 2958187 4715.42294   91   29 4774.00000 4538.23853  4.94%  25.0 21785s
 31218215 2957823     cutoff  105      4774.00000 4538.23853  4.94%  25.0 21790s
 31227510 2957690 4617.60002  105   31 4774.00000 4538.23853  4.94%  25.0 21795s
 31238822 2957601 infeasible   98      4774.00000 4538.23853  4.94%  25.0 21800s
 31248636 2957534 4548.89923   99   32 4774.00000 4538.23853  4.94%  25.0 21805s
 31257525 2957378 4686.69954  101   30 4774.00000 4538.23853  4.94%  25.0 21810s
 31268043 2957037     cutoff  106      4774.00000 4538.23853  4.94%  25.0 21815s
 31275053 2956747 infeasible  105      4774.00000 4538.23853  4.94%  25.0 21820s
 31285002 2956376     cutoff  104      4774.00000 4538.23853  4.94%  25.0 21825s
 31290834 2956283 4538.23853  102   36 4774.00000 4538.23853  4.94%  25.0 21830s
 31295098 2955941 4538.23853  100   33 4774.00000 4538.23853  4.94%  25.0 21835s
 31304938 2955482 4573.95770  104   30 4774.00000 4538.23853  4.94%  25.0 21840s
 31313250 2955127 4538.23853  103   36 4774.00000 4538.23853  4.94%  25.0 21845s
 31323811 2954914 4548.89923   94   32 4774.00000 4538.23853  4.94%  25.0 21850s
 31332778 2954637     cutoff  101      4774.00000 4538.23853  4.94%  25.0 21855s
 31342105 2954300     cutoff  106      4774.00000 4538.23853  4.94%  25.0 21861s
 31350829 2954048 infeasible   98      4774.00000 4538.23853  4.94%  25.0 21865s
 31360400 2953723     cutoff  101      4774.00000 4538.23853  4.94%  24.9 21870s
 31368665 2953395     cutoff  106      4774.00000 4538.23853  4.94%  24.9 21875s
 31378078 2953084 4573.89513  100   37 4774.00000 4538.23853  4.94%  24.9 21880s
 31387411 2952837     cutoff  104      4774.00000 4538.23853  4.94%  24.9 21885s
 31396860 2952495     cutoff  102      4774.00000 4538.23853  4.94%  24.9 21890s
 31404938 2952297 4573.95770  103   30 4774.00000 4538.23853  4.94%  24.9 21895s
 31416179 2951894     cutoff   99      4774.00000 4538.23853  4.94%  24.9 21900s
 31423968 2951574 4732.55634   98   27 4774.00000 4538.23853  4.94%  24.9 21905s
 31432744 2951112 4548.89923   97   32 4774.00000 4538.23853  4.94%  24.9 21910s
 31441561 2950737 4617.60002   99   31 4774.00000 4538.23853  4.94%  24.9 21915s
 31450729 2950446 4715.42294  106   29 4774.00000 4538.23853  4.94%  24.9 21920s
 31458425 2950128 4548.89923  100   32 4774.00000 4538.23853  4.94%  24.9 21925s
 31468911 2949477 infeasible   98      4774.00000 4538.23853  4.94%  24.9 21930s
 31477533 2949150 4617.60002  104   31 4774.00000 4538.23853  4.94%  24.9 21935s
 31485828 2948749 4686.30081  106   30 4774.00000 4538.23853  4.94%  24.9 21940s
 31496059 2948184     cutoff  102      4774.00000 4538.23853  4.94%  24.9 21945s
 31503189 2947746 4548.89923  101   32 4774.00000 4538.23853  4.94%  24.9 21950s
 31507625 2947372 infeasible   99      4774.00000 4538.23853  4.94%  24.9 21955s
 31515386 2946732 4617.60002  103   31 4774.00000 4538.23853  4.94%  24.9 21960s
 31523856 2946218 4674.46532  107   21 4774.00000 4538.23853  4.94%  24.9 21965s
 31533727 2945808     cutoff  105      4774.00000 4538.23853  4.94%  24.9 21970s
 31540039 2945512 4538.23853   93   35 4774.00000 4538.23853  4.94%  24.9 21975s
 31547809 2945111     cutoff  104      4774.00000 4538.23853  4.94%  24.9 21980s
 31558024 2944682 4573.89513  101   36 4774.00000 4538.23853  4.94%  24.9 21985s
 31568249 2944299     cutoff  104      4774.00000 4538.23853  4.94%  24.9 21990s
 31578505 2943706 infeasible  103      4774.00000 4538.23853  4.94%  24.8 21995s
 31586938 2943252 4732.55634  100   27 4774.00000 4538.23853  4.94%  24.8 22000s
 31593320 2942759 4538.23853  102   34 4774.00000 4538.23853  4.94%  24.8 22005s
 31601475 2942162 4548.89923   99   32 4774.00000 4538.23853  4.94%  24.8 22010s
 31610707 2941887 4573.89513   99   33 4774.00000 4538.23853  4.94%  24.8 22015s
 31619723 2941705 4538.23853   93   33 4774.00000 4538.23853  4.94%  24.8 22020s
 31629327 2941351 4538.23853   99   35 4774.00000 4538.23853  4.94%  24.8 22025s
 31638793 2941003     cutoff  100      4774.00000 4538.23853  4.94%  24.8 22030s
 31649096 2940795 4686.30081   94   30 4774.00000 4538.23853  4.94%  24.8 22035s
 31657170 2940554 4538.23853   96   35 4774.00000 4538.23853  4.94%  24.8 22040s
 31666296 2940408 infeasible   88      4774.00000 4538.23853  4.94%  24.8 22045s
 31674658 2940198     cutoff  102      4774.00000 4538.23853  4.94%  24.8 22050s
 31682775 2939635 4617.60002  105   31 4774.00000 4538.23853  4.94%  24.8 22055s
 31692712 2939378 4573.89513   99   37 4774.00000 4538.23853  4.94%  24.8 22060s
 31700273 2939173     cutoff   87      4774.00000 4538.23853  4.94%  24.8 22066s
 31702635 2938967 4548.89923  101   32 4774.00000 4538.23853  4.94%  24.8 22070s
 31710424 2938530     cutoff  105      4774.00000 4538.23853  4.94%  24.8 22075s
 31716880 2938218 infeasible   99      4774.00000 4538.23853  4.94%  24.8 22080s
 31724926 2937580 4538.23853   96   36 4774.00000 4538.23853  4.94%  24.8 22085s
 31733127 2937040 4548.89923   99   32 4774.00000 4538.23853  4.94%  24.8 22090s
 31741334 2936549 4548.89923   90   32 4774.00000 4538.23853  4.94%  24.8 22095s
 31751416 2936042 4538.23853   98   33 4774.00000 4538.23853  4.94%  24.8 22100s
 31759360 2935478 4617.60002  103   31 4774.00000 4538.23853  4.94%  24.8 22105s
 31768578 2935011 4732.55634  101   27 4774.00000 4538.23853  4.94%  24.8 22110s
 31777762 2934513 infeasible   93      4774.00000 4538.23853  4.94%  24.8 22115s
 31787298 2934068 4617.60002   90   31 4774.00000 4538.23853  4.94%  24.8 22120s
 31795080 2933690     cutoff  106      4774.00000 4538.23853  4.94%  24.7 22125s
 31805033 2933534 4538.23853  102   35 4774.00000 4538.23853  4.94%  24.7 22130s
 31812477 2933121 4538.23853   97   35 4774.00000 4538.23853  4.94%  24.7 22135s
 31820520 2932722     cutoff   93      4774.00000 4538.23853  4.94%  24.7 22140s
 31830868 2932332 infeasible  102      4774.00000 4538.23853  4.94%  24.7 22145s
 31841310 2931888     cutoff   96      4774.00000 4538.23853  4.94%  24.7 22150s
 31848814 2931458 4548.89923   98   32 4774.00000 4538.23853  4.94%  24.7 22155s
 31857355 2930838 4617.60002   97   31 4774.00000 4538.23853  4.94%  24.7 22160s
 31866262 2930298     cutoff   97      4774.00000 4538.23853  4.94%  24.7 22165s
 31871933 2929901     cutoff   60      4774.00000 4538.28686  4.94%  24.7 22170s
 31880973 2931195 4599.45443   76   49 4774.00000 4538.30004  4.94%  24.7 22175s
 31891357 2931342     cutoff   65      4774.00000 4538.34500  4.94%  24.7 22180s
 31900124 2932130 4611.43127   78   45 4774.00000 4538.37636  4.94%  24.7 22185s
 31908030 2932384 infeasible   62      4774.00000 4538.39467  4.94%  24.7 22190s
 31914816 2932299 infeasible   58      4774.00000 4538.47272  4.93%  24.7 22195s
 31923956 2933085     cutoff   76      4774.00000 4538.50685  4.93%  24.7 22200s
 31933159 2932906     cutoff   49      4774.00000 4538.53333  4.93%  24.7 22205s
 31939043 2932603 infeasible   73      4774.00000 4538.60328  4.93%  24.7 22210s
 31947606 2932221 4625.40950   62   12 4774.00000 4538.68554  4.93%  24.7 22215s
 31953905 2932467     cutoff   75      4774.00000 4538.74580  4.93%  24.7 22220s
 31962480 2933100 4542.17681   66   42 4774.00000 4538.80194  4.93%  24.7 22225s
 31972286 2934503 4565.00000   70   14 4774.00000 4538.80194  4.93%  24.7 22230s
 31981919 2935724 infeasible   74      4774.00000 4538.80194  4.93%  24.7 22235s
 31992797 2936944 infeasible   76      4774.00000 4538.80485  4.93%  24.7 22240s
 32002095 2937545 4542.19174   68   42 4774.00000 4538.81360  4.93%  24.7 22245s
 32012542 2938729 4542.17967   78   43 4774.00000 4538.81360  4.93%  24.7 22250s
 32020954 2939687     cutoff   80      4774.00000 4538.81360  4.93%  24.7 22255s
 32028886 2939626 infeasible   66      4774.00000 4538.86005  4.93%  24.7 22260s
 32032979 2939678 4599.32747   64   40 4774.00000 4538.89500  4.92%  24.7 22265s
 32044401 2939542     cutoff   70      4774.00000 4538.96423  4.92%  24.7 22270s
 32046506 2940216     cutoff   78      4774.00000 4538.96469  4.92%  24.7 22278s
 32058523 2940220     cutoff   70      4774.00000 4539.00000  4.92%  24.7 22280s
 32063463 2939980 4658.38853   68   31 4774.00000 4539.04167  4.92%  24.7 22285s
 32070624 2940257     cutoff   65      4774.00000 4539.07279  4.92%  24.7 22290s
 32078368 2940152 infeasible   77      4774.00000 4539.13268  4.92%  24.7 22295s
 32087655 2941331 4542.85745   68   46 4774.00000 4539.17553  4.92%  24.7 22300s
 32097522 2943028 4542.85745   75   46 4774.00000 4539.17553  4.92%  24.7 22305s
 32107761 2944660     cutoff   77      4774.00000 4539.17553  4.92%  24.6 22310s
 32117342 2946106 4615.00628   74   40 4774.00000 4539.17553  4.92%  24.6 22315s
 32127285 2948148 4650.29154   84   45 4774.00000 4539.17553  4.92%  24.6 22320s
 32137603 2949672 4615.00628   80   40 4774.00000 4539.17553  4.92%  24.6 22325s
 32147333 2950705 4655.50232   62   40 4774.00000 4539.17553  4.92%  24.6 22330s
 32157074 2951464 4615.02954   75   40 4774.00000 4539.18719  4.92%  24.6 22335s
 32165818 2952744 4542.87243   67   46 4774.00000 4539.18719  4.92%  24.6 22340s
 32175154 2954227     cutoff   81      4774.00000 4539.18719  4.92%  24.6 22345s
 32184151 2955099 4599.82522   84   42 4774.00000 4539.18719  4.92%  24.6 22350s
 32191855 2956108 infeasible   86      4774.00000 4539.19667  4.92%  24.6 22355s
 32201068 2956048 4539.28014   70   54 4774.00000 4539.23655  4.92%  24.6 22360s
 32211228 2956826 4542.17009   76   40 4774.00000 4539.24521  4.92%  24.6 22365s
 32220299 2957355 4554.48140   78   40 4774.00000 4539.24521  4.92%  24.6 22370s
 32229519 2958007     cutoff   82      4774.00000 4539.24521  4.92%  24.6 22375s
 32236122 2958196     cutoff   79      4774.00000 4539.24521  4.92%  24.6 22380s
 32245376 2958547 4619.15350   77   22 4774.00000 4539.25514  4.92%  24.6 22385s
 32254423 2959083 infeasible   69      4774.00000 4539.29808  4.92%  24.6 22390s
 32263652 2959485 4549.70017   62   14 4774.00000 4539.33857  4.92%  24.6 22395s
 32274799 2959513     cutoff   78      4774.00000 4539.38178  4.91%  24.6 22400s
 32287795 2960225 4625.63136   60   49 4774.00000 4539.40659  4.91%  24.6 22405s
 32295400 2960339     cutoff   78      4774.00000 4539.44735  4.91%  24.6 22410s
 32306449 2960707     cutoff   52      4774.00000 4539.45227  4.91%  24.5 22415s
 32313062 2960654     cutoff   74      4774.00000 4539.47019  4.91%  24.5 22420s
 32320536 2960559 4539.54463   59   49 4774.00000 4539.54295  4.91%  24.5 22425s
 32329576 2960331 4547.61584   69   42 4774.00000 4539.58803  4.91%  24.5 22430s
 32337905 2961483 4541.48902   67   45 4774.00000 4539.59330  4.91%  24.5 22435s
 32347413 2962660     cutoff   79      4774.00000 4539.59330  4.91%  24.5 22440s
 32357369 2963847     cutoff   75      4774.00000 4539.59330  4.91%  24.5 22445s
 32367224 2965364 4596.88552   71   37 4774.00000 4539.59330  4.91%  24.5 22450s
 32376160 2966606 4547.61584   72   42 4774.00000 4539.59330  4.91%  24.5 22455s
 32386418 2967680     cutoff   74      4774.00000 4539.59330  4.91%  24.5 22460s
 32396296 2968252     cutoff   71      4774.00000 4539.59569  4.91%  24.5 22465s
 32403965 2969011 infeasible   68      4774.00000 4539.60495  4.91%  24.5 22470s
 32410705 2970103     cutoff   69      4774.00000 4539.60495  4.91%  24.5 22475s
 32419698 2971296 infeasible   72      4774.00000 4539.60495  4.91%  24.5 22480s
 32429946 2971756     cutoff   82      4774.00000 4539.61899  4.91%  24.5 22485s
 32439183 2972440 4562.93283   69   24 4774.00000 4539.61899  4.91%  24.5 22490s
 32447919 2972433 infeasible   65      4774.00000 4539.63775  4.91%  24.5 22495s
 32452902 2972455 infeasible   70      4774.00000 4539.66587  4.91%  24.5 22500s
 32459651 2972608     cutoff   65      4774.00000 4539.68960  4.91%  24.5 22505s
 32467453 2971988 infeasible   53      4774.00000 4539.74881  4.91%  24.5 22510s
 32476545 2972999 infeasible   75      4774.00000 4539.77774  4.91%  24.5 22515s
 32488503 2974522 4600.50590   69   43 4774.00000 4539.77774  4.91%  24.5 22520s
 32499019 2975588 4661.00599   79   40 4774.00000 4539.77774  4.91%  24.5 22525s
 32510436 2976516 4553.20986   73   47 4774.00000 4539.77774  4.91%  24.5 22530s
 32521644 2977690 4651.52063   79   46 4774.00000 4539.77774  4.91%  24.5 22535s
 32531707 2979095     cutoff   82      4774.00000 4539.77774  4.91%  24.5 22540s
 32541842 2980306 4539.78940   63   49 4774.00000 4539.77774  4.91%  24.5 22545s
 32551985 2980794     cutoff   72      4774.00000 4539.78940  4.91%  24.4 22550s
 32563020 2981792 4651.54386   71   46 4774.00000 4539.78940  4.91%  24.4 22555s
 32572799 2982674 4543.95022   76   49 4774.00000 4539.78940  4.91%  24.4 22560s
 32581812 2984043 4651.54386   83   46 4774.00000 4539.78940  4.91%  24.4 22565s
 32591293 2985069 4553.23308   66   47 4774.00000 4539.78940  4.91%  24.4 22570s
 32600936 2985960 4652.88106   75   36 4774.00000 4539.78940  4.91%  24.4 22575s
 32605270 2986066 4539.79862   80   46 4774.00000 4539.78940  4.91%  24.4 22580s
 32612810 2985643 4649.53181   66   49 4774.00000 4539.84098  4.90%  24.4 22585s
 32620807 2986286 infeasible   81      4774.00000 4539.85997  4.90%  24.4 22590s
 32629884 2987678     cutoff   71      4774.00000 4539.89496  4.90%  24.4 22595s
 32637422 2988846 4544.18513   74   47 4774.00000 4539.90272  4.90%  24.4 22600s
 32646443 2989633     cutoff   74      4774.00000 4539.90272  4.90%  24.4 22605s
 32656131 2991003 4553.42187   68   47 4774.00000 4539.90272  4.90%  24.4 22611s
 32662925 2991867     cutoff   82      4774.00000 4539.90272  4.90%  24.4 22615s
 32672122 2992747 4544.18513   69   47 4774.00000 4539.90272  4.90%  24.4 22620s
 32681025 2993935 4539.91188   77   46 4774.00000 4539.90272  4.90%  24.4 22625s
 32690070 2994924 4539.91188   76   46 4774.00000 4539.90272  4.90%  24.4 22630s
 32699865 2995824     cutoff   76      4774.00000 4539.90272  4.90%  24.4 22635s
 32708580 2996565 4553.30581   80   45 4774.00000 4539.90272  4.90%  24.4 22640s
 32716896 2996639 4607.13249   77   26 4774.00000 4539.91188  4.90%  24.4 22645s
 32726138 2997962 infeasible   75      4774.00000 4539.91439  4.90%  24.4 22650s
 32734134 2998761     cutoff   77      4774.00000 4539.91439  4.90%  24.4 22655s
 32742219 2999620 4544.16968   79   46 4774.00000 4539.91439  4.90%  24.4 22660s
 32751272 3000308 4539.91439   66   49 4774.00000 4539.91439  4.90%  24.4 22665s
 32758492 3001794 4544.20011   76   47 4774.00000 4539.91439  4.90%  24.4 22676s
 32772601 3001818 4544.16968   87   46 4774.00000 4539.92235  4.90%  24.3 22680s
 32781090 3001695 4571.74749   48   21 4774.00000 4539.97356  4.90%  24.3 22685s
 32786763 3000698 4670.34833   84   15 4774.00000 4540.03187  4.90%  24.3 22690s
 32792198 3001415 4541.73251   62   45 4774.00000 4540.06284  4.90%  24.3 22695s
 32799919 3000858 4667.40266   65   34 4774.00000 4540.12698  4.90%  24.3 22700s
 32807867 3001325     cutoff   79      4774.00000 4540.16827  4.90%  24.3 22705s
 32816968 3001775 4542.85745   76   46 4774.00000 4540.16827  4.90%  24.3 22710s
 32826778 3002061 4542.87243   74   46 4774.00000 4540.18081  4.90%  24.3 22715s
 32834652 3001964 4541.48902   63   45 4774.00000 4540.23368  4.90%  24.3 22720s
 32844201 3002284     cutoff   59      4774.00000 4540.29553  4.90%  24.3 22725s
 32857138 3002918     cutoff   74      4774.00000 4540.34547  4.89%  24.3 22730s
 32867742 3003699 4544.00898   66   46 4774.00000 4540.36435  4.89%  24.3 22735s
 32877018 3004138 4686.89558   71  138 4774.00000 4540.36748  4.89%  24.3 22740s
 32887365 3005275 4670.35299   96   23 4774.00000 4540.41426  4.89%  24.3 22745s
 32895434 3005901 4672.41945   77   21 4774.00000 4540.45216  4.89%  24.3 22750s
 32906883 3006322 4573.22770   63   51 4774.00000 4540.49697  4.89%  24.3 22755s
 32919219 3007280 4667.50246   67   68 4774.00000 4540.53205  4.89%  24.3 22760s
 32927941 3007308     cutoff   78      4774.00000 4540.57645  4.89%  24.3 22765s
 32936853 3007249     cutoff   71      4774.00000 4540.62948  4.89%  24.3 22770s
 32946765 3008169 4543.84505   74   53 4774.00000 4540.66084  4.89%  24.3 22775s
 32956436 3009880 4650.83115   79   51 4774.00000 4540.66167  4.89%  24.3 22780s
 32965023 3010637 4571.11029   75   28 4774.00000 4540.67083  4.89%  24.3 22785s
 32972746 3011294 infeasible   78      4774.00000 4540.68518  4.89%  24.3 22790s
 32981285 3012227 infeasible   74      4774.00000 4540.68518  4.89%  24.3 22795s
 32981314 3013528 infeasible   77      4774.00000 4540.68518  4.89%  24.3 22804s
 32985866 3013528 4540.71669   68   50 4774.00000 4540.68518  4.89%  24.3 22805s
 32999608 3014323 4653.16651   76   46 4774.00000 4540.71669  4.89%  24.3 22810s
 33009234 3015597 4653.16651   77   46 4774.00000 4540.71669  4.89%  24.3 22815s
 33020627 3016427 4545.57563   71   48 4774.00000 4540.71669  4.89%  24.3 22820s
 33029675 3017425 4673.53467   80   22 4774.00000 4540.71669  4.89%  24.3 22825s
 33039255 3017764 4545.60828   66   47 4774.00000 4540.72821  4.89%  24.3 22830s
 33048080 3018893 4554.83690   68   47 4774.00000 4540.72835  4.89%  24.3 22835s
 33057453 3019790 4545.60828   76   47 4774.00000 4540.72835  4.89%  24.2 22840s
 33066270 3020518 4745.37608   73   47 4774.00000 4540.72835  4.89%  24.2 22845s
 33074029 3021125 4542.62333   42   80 4774.00000 4540.72835  4.89%  24.2 22850s
 33082361 3020965     cutoff   78      4774.00000 4540.74322  4.89%  24.2 22855s
 33091167 3020025 infeasible   95      4774.00000 4540.78002  4.89%  24.2 22860s
 33098689 3019892 4549.11318   81   42 4774.00000 4540.83519  4.88%  24.2 22865s
 33107038 3019616 4625.11466   58   96 4774.00000 4540.88457  4.88%  24.2 22870s
 33115845 3019338 4711.32156   67   83 4774.00000 4540.97755  4.88%  24.2 22875s
 33123347 3019150 4728.18816   65   80 4774.00000 4541.00000  4.88%  24.2 22881s
 33130041 3018874 infeasible   74      4774.00000 4541.05435  4.88%  24.2 22885s
 33139546 3018712 4549.97225   71   42 4774.00000 4541.10698  4.88%  24.2 22890s
 33147018 3018272 infeasible   68      4774.00000 4541.16000  4.88%  24.2 22895s
 33155128 3018518     cutoff   74      4774.00000 4541.19449  4.88%  24.2 22900s
 33156961 3019565 infeasible   79      4774.00000 4541.19449  4.88%  24.2 22908s
 33168961 3019714     cutoff   71      4774.00000 4541.19449  4.88%  24.2 22910s
 33178516 3020664     cutoff   76      4774.00000 4541.19449  4.88%  24.2 22915s
 33184270 3021101 4556.91698   78   47 4774.00000 4541.19449  4.88%  24.2 22920s
 33192271 3021515     cutoff   72      4774.00000 4541.24230  4.88%  24.2 22925s
 33201288 3021573 4549.84598   72   46 4774.00000 4541.28356  4.87%  24.2 22930s
 33210568 3021847 4563.76515   66   49 4774.00000 4541.29032  4.87%  24.2 22935s
 33219090 3022283 infeasible   82      4774.00000 4541.31718  4.87%  24.2 22940s
 33228593 3022497     cutoff   55      4774.00000 4541.34423  4.87%  24.2 22945s
 33238461 3022799     cutoff   69      4774.00000 4541.39231  4.87%  24.2 22950s
 33247709 3022946 infeasible   65      4774.00000 4541.41420  4.87%  24.2 22955s
 33253321 3022577 4640.43710   70   16 4774.00000 4541.43774  4.87%  24.2 22960s
 33261674 3022843 4569.74283  100   15 4774.00000 4541.48544  4.87%  24.2 22965s
 33271257 3022761 4583.53768   65   46 4774.00000 4541.57085  4.87%  24.2 22970s
 33282273 3023170 4552.07449   79   41 4774.00000 4541.57199  4.87%  24.2 22975s
 33293937 3023496     cutoff   78      4774.00000 4541.57199  4.87%  24.2 22980s
 33303753 3023623     cutoff   78      4774.00000 4541.57199  4.87%  24.2 22985s
 33313422 3023661 4590.16253   61   19 4774.00000 4541.61398  4.87%  24.2 22990s
 33321280 3023706 infeasible   64      4774.00000 4541.65470  4.87%  24.2 22995s
 33329388 3023671 infeasible   71      4774.00000 4541.70124  4.87%  24.2 23000s
 33334712 3023412 4674.79201   38  102 4774.00000 4541.74345  4.87%  24.2 23005s
 33341028 3023585 4541.87983   73   53 4774.00000 4541.77500  4.86%  24.2 23010s
 33350609 3023115     cutoff   72      4774.00000 4541.80000  4.86%  24.2 23015s
 33358413 3021246 4556.61417   48   24 4774.00000 4541.85511  4.86%  24.2 23020s
 33367243 3020819 4552.07449   74   41 4774.00000 4541.92359  4.86%  24.2 23025s
 33374091 3020720 4611.42290   66   31 4774.00000 4542.00000  4.86%  24.2 23030s
 33378608 3021369     cutoff   69      4774.00000 4542.02578  4.86%  24.2 23035s
 33385817 3021622 infeasible   65      4774.00000 4542.03509  4.86%  24.2 23040s
 33391857 3021271 4642.26438   66   25 4774.00000 4542.05000  4.86%  24.2 23045s
 33398922 3020770 4542.06852   70   43 4774.00000 4542.06667  4.86%  24.2 23050s
 33407441 3020815 infeasible   79      4774.00000 4542.10000  4.86%  24.2 23055s
 33414471 3020972 infeasible   53      4774.00000 4542.15283  4.86%  24.2 23060s
 33423008 3020053 infeasible   72      4774.00000 4542.17147  4.86%  24.2 23065s
 33431624 3021238 infeasible   84      4774.00000 4542.18355  4.86%  24.2 23070s
 33441003 3022166 4545.91847   81   57 4774.00000 4542.18355  4.86%  24.2 23075s
 33451173 3023192 4554.71944   84   56 4774.00000 4542.18355  4.86%  24.1 23080s
 33459504 3024244     cutoff   82      4774.00000 4542.18355  4.86%  24.1 23085s
 33467437 3024751 4602.67824   69   35 4774.00000 4542.19920  4.86%  24.1 23090s
 33475729 3024144 infeasible   69      4774.00000 4542.25600  4.85%  24.1 23095s
 33483794 3023878 4607.69544   48   76 4774.00000 4542.32887  4.85%  24.1 23100s
 33490911 3023507 4569.85400   76   12 4774.00000 4542.38516  4.85%  24.1 23105s
 33496196 3023405 4649.00981   72   18 4774.00000 4542.40000  4.85%  24.1 23110s
 33504000 3022858 4569.89502   68   23 4774.00000 4542.46468  4.85%  24.1 23115s
 33511073 3022232     cutoff   69      4774.00000 4542.54832  4.85%  24.1 23120s
 33520180 3020424 4552.09149   74   52 4774.00000 4542.60000  4.85%  24.1 23125s
 33528782 3020281     cutoff   76      4774.00000 4542.64672  4.85%  24.1 23130s
 33534886 3020319 4550.44283   71   42 4774.00000 4542.65069  4.85%  24.1 23135s
 33545113 3020980 4612.50109   79   40 4774.00000 4542.68192  4.85%  24.1 23140s
 33553340 3021192 4670.96180   70   54 4774.00000 4542.70000  4.84%  24.1 23145s
 33565970 3021698 4629.56236   86   26 4774.00000 4542.72769  4.84%  24.1 23150s
 33576463 3022286     cutoff   69      4774.00000 4542.75190  4.84%  24.1 23155s
 33586652 3022355 4563.87794   73   36 4774.00000 4542.81799  4.84%  24.1 23160s
 33596559 3022589 infeasible   65      4774.00000 4542.84232  4.84%  24.1 23165s
 33607579 3022900 4636.70399   63   33 4774.00000 4542.86202  4.84%  24.1 23170s
 33615428 3023191 4632.98284   74   21 4774.00000 4542.90679  4.84%  24.1 23175s
 33626268 3023553 4546.58943   53  103 4774.00000 4542.96129  4.84%  24.1 23180s
 33634813 3022664 4595.97034   66   27 4774.00000 4543.02695  4.84%  24.1 23185s
 33642730 3022524     cutoff   74      4774.00000 4543.09288  4.84%  24.1 23190s
 33646252 3022576 4605.63255   79   41 4774.00000 4543.13417  4.84%  24.1 23195s
 33648514 3022330 infeasible   47      4774.00000 4543.14911  4.84%  24.1 23201s
 33655125 3022789 4543.19769   66   60 4774.00000 4543.19769  4.83%  24.1 23205s
 33663194 3023332     cutoff   73      4774.00000 4543.19769  4.83%  24.1 23210s
 33670626 3023372 4543.22508   71   35 4774.00000 4543.19769  4.83%  24.1 23215s
 33679331 3023004 4563.78333   52    8 4774.00000 4543.25888  4.83%  24.1 23220s
 33686569 3022661 4642.14021   65   17 4774.00000 4543.31099  4.83%  24.1 23225s
 33689016 3022477 4666.55270   75   33 4774.00000 4543.32263  4.83%  24.1 23230s
 33697521 3021943 4574.49329   62   38 4774.00000 4543.40417  4.83%  24.1 23235s
 33704871 3021351 infeasible   92      4774.00000 4543.47977  4.83%  24.1 23240s
 33711944 3020837     cutoff   63      4774.00000 4543.55901  4.83%  24.1 23245s
 33718254 3020454     cutoff   67      4774.00000 4543.60362  4.83%  24.1 23250s
 33725824 3020531     cutoff   58      4774.00000 4543.66671  4.82%  24.1 23255s
 33734148 3021089     cutoff   77      4774.00000 4543.70234  4.82%  24.1 23260s
 33742303 3021589 infeasible   67      4774.00000 4543.72316  4.82%  24.1 23265s
 33751508 3021548 4548.15046   77   50 4774.00000 4543.74850  4.82%  24.1 23270s
 33759679 3021637 4663.55846   79   56 4774.00000 4543.77769  4.82%  24.1 23275s
 33767371 3022053     cutoff   79      4774.00000 4543.77769  4.82%  24.1 23280s
 33775251 3022355     cutoff   68      4774.00000 4543.77769  4.82%  24.1 23285s
 33782655 3022580 4543.77769   74   60 4774.00000 4543.77769  4.82%  24.1 23290s
 33791496 3023111     cutoff   82      4774.00000 4543.77769  4.82%  24.1 23295s
 33799340 3022708     cutoff   77      4774.00000 4543.82779  4.82%  24.1 23300s
 33806680 3023238 4548.19729   73   58 4774.00000 4543.85382  4.82%  24.1 23305s
 33814557 3023697 4548.19729   77   58 4774.00000 4543.85382  4.82%  24.1 23310s
 33822375 3023913     cutoff   80      4774.00000 4543.85382  4.82%  24.1 23315s
 33829967 3023846 4658.21378   76   61 4774.00000 4543.89704  4.82%  24.1 23320s
 33838716 3024127     cutoff   81      4774.00000 4543.93525  4.82%  24.1 23325s
 33848265 3024831     cutoff   84      4774.00000 4543.95000  4.82%  24.1 23330s
 33857581 3024611 4553.20986   67   47 4774.00000 4543.95038  4.82%  24.1 23335s
 33867108 3024329 4553.23308   76   47 4774.00000 4543.96535  4.82%  24.0 23340s
 33874386 3023941 4605.70960   77   25 4774.00000 4544.01833  4.82%  24.0 23345s
 33882769 3023728 4736.90214   57   99 4774.00000 4544.09472  4.82%  24.0 23350s
 33890629 3023820     cutoff   81      4774.00000 4544.15606  4.81%  24.0 23355s
 33899914 3024216 4544.16961   70   49 4774.00000 4544.16961  4.81%  24.0 23360s
 33907972 3024439 4544.18513   69   47 4774.00000 4544.16961  4.81%  24.0 23365s
 33916296 3024468 4544.18513   74   47 4774.00000 4544.18457  4.81%  24.0 23370s
 33923326 3023472 4553.42187   77   47 4774.00000 4544.18513  4.81%  24.0 23375s
 33930399 3023100 4544.20011   75   47 4774.00000 4544.20011  4.81%  24.0 23380s
 33930579 3023074 4553.44510   73   47 4774.00000 4544.20011  4.81%  24.0 23385s
 33931897 3022692 4553.44510   79   47 4774.00000 4544.20011  4.81%  24.0 23390s
 33936766 3022298     cutoff   81      4774.00000 4544.20011  4.81%  24.0 23395s
 33943201 3022002 4585.84427   79   53 4774.00000 4544.25098  4.81%  24.0 23400s
 33951809 3021186 4659.01600   77   14 4774.00000 4544.30838  4.81%  24.0 23405s
 33960759 3021393     cutoff   73      4774.00000 4544.35632  4.81%  24.0 23410s
 33963551 3021310 4554.52451   71   40 4774.00000 4544.36667  4.81%  24.0 23415s
 33968639 3021266 4632.04250   74   19 4774.00000 4544.38788  4.81%  24.0 23420s
 33975503 3021441 4549.12982   72   58 4774.00000 4544.43422  4.81%  24.0 23425s
 33983284 3021925     cutoff   80      4774.00000 4544.43422  4.81%  24.0 23430s
 33991276 3022402 4549.12982   79   58 4774.00000 4544.43422  4.81%  24.0 23435s
 34000246 3022544 4616.76976   62   46 4774.00000 4544.47068  4.81%  24.0 23440s
 34007930 3022775 4544.51561   72   34 4774.00000 4544.51558  4.81%  24.0 23445s
 34016734 3021170 4544.55629   65   30 4774.00000 4544.55135  4.81%  24.0 23450s
 34025427 3021597 4577.76543   69   46 4774.00000 4544.56578  4.81%  24.0 23455s
 34033078 3021876     cutoff   65      4774.00000 4544.57975  4.81%  24.0 23460s
 34041768 3022080     cutoff   72      4774.00000 4544.60997  4.80%  24.0 23465s
 34050760 3022313 4594.91223   73   30 4774.00000 4544.64840  4.80%  24.0 23470s
 34058589 3022057 infeasible   62      4774.00000 4544.71526  4.80%  24.0 23475s
 34061867 3022088 infeasible   71      4774.00000 4544.75439  4.80%  24.0 23480s
 34069449 3022939 4559.59892   74   49 4774.00000 4544.76899  4.80%  24.0 23485s
 34079162 3024392 4546.25497   66   45 4774.00000 4544.80926  4.80%  24.0 23490s
 34089209 3024984 4544.82104   73   51 4774.00000 4544.82104  4.80%  24.0 23495s
 34097055 3024711 4676.62833   51   25 4774.00000 4544.89318  4.80%  24.0 23500s
 34104782 3024843     cutoff   74      4774.00000 4544.95846  4.80%  24.0 23505s
 34112702 3024959 4615.28949   69   46 4774.00000 4544.99691  4.80%  24.0 23510s
 34119599 3025201 infeasible   67      4774.00000 4545.00000  4.80%  24.0 23515s
 34126102 3025410 infeasible   60      4774.00000 4545.00000  4.80%  24.0 23520s
 34133636 3026093 infeasible   66      4774.00000 4545.00000  4.80%  24.0 23525s
 34142065 3027252 infeasible   73      4774.00000 4545.00835  4.80%  24.0 23530s
 34151301 3028065 infeasible   65      4774.00000 4545.02492  4.80%  24.0 23535s
 34159880 3027198 infeasible   67      4774.00000 4545.08333  4.80%  24.0 23540s
 34168195 3027193 4598.79217   53   17 4774.00000 4545.12000  4.79%  24.0 23545s
 34176431 3026953     cutoff   51      4774.00000 4545.19297  4.79%  24.0 23550s
 34183994 3026286 4663.66594   79   23 4774.00000 4545.26155  4.79%  24.0 23555s
 34192600 3025967 infeasible   58      4774.00000 4545.32000  4.79%  24.0 23560s
 34200432 3026107 4650.90295   67   58 4774.00000 4545.38465  4.79%  24.0 23565s
 34207959 3026232 infeasible   72      4774.00000 4545.43665  4.79%  24.0 23570s
 34217403 3026386     cutoff   67      4774.00000 4545.49234  4.79%  24.0 23575s
 34224832 3026344 4619.07981   72   19 4774.00000 4545.52661  4.79%  24.0 23580s
 34230749 3026426 4753.53819   68   41 4774.00000 4545.57401  4.78%  24.0 23585s
 34238865 3026428 4663.18902   71   35 4774.00000 4545.58027  4.78%  24.0 23590s
 34246554 3025617     cutoff   68      4774.00000 4545.59330  4.78%  24.0 23595s
 34254567 3024951 4554.31646   53  135 4774.00000 4545.62280  4.78%  24.0 23600s
 34262773 3025286 4656.52385   89   34 4774.00000 4545.70111  4.78%  24.0 23605s
 34270593 3024920 4590.97895   69   18 4774.00000 4545.76108  4.78%  24.0 23610s
 34278555 3025000 4545.82964   79   41 4774.00000 4545.82365  4.78%  24.0 23615s
 34286120 3024971 4615.33280   64   46 4774.00000 4545.87232  4.78%  24.0 23620s
 34296158 3025430 4546.86667   42   15 4774.00000 4545.91640  4.78%  24.0 23625s
 34302442 3025557 4557.81500   69   33 4774.00000 4545.94914  4.78%  24.0 23630s
 34308595 3025565     cutoff   73      4774.00000 4545.99297  4.78%  24.0 23635s
 34317997 3025974 4565.08179   78   49 4774.00000 4546.01328  4.78%  24.0 23640s
 34326526 3026170 4615.80707   79   52 4774.00000 4546.03330  4.78%  24.0 23645s
 34334274 3026351 4550.20679   79   53 4774.00000 4546.07612  4.77%  24.0 23650s
 34342520 3027138     cutoff   77      4774.00000 4546.11110  4.77%  24.0 23655s
 34353037 3026725 4659.43457   77   50 4774.00000 4546.14673  4.77%  24.0 23660s
 34361077 3027204 4590.52125   66   39 4774.00000 4546.16415  4.77%  24.0 23665s
 34369499 3027208 4546.20276   66   46 4774.00000 4546.20000  4.77%  24.0 23670s
 34377785 3027590 4606.03934   82   52 4774.00000 4546.23949  4.77%  24.0 23675s
 34386480 3028082     cutoff   81      4774.00000 4546.24719  4.77%  23.9 23680s
 34396527 3028204 infeasible   73      4774.00000 4546.28281  4.77%  23.9 23685s
 34404261 3028037 4654.61860   61   37 4774.00000 4546.33333  4.77%  23.9 23690s
 34407219 3027848     cutoff   69      4774.00000 4546.35172  4.77%  23.9 23695s
 34416269 3027612     cutoff   72      4774.00000 4546.39393  4.77%  23.9 23700s
 34424653 3027805 4589.10195   51   97 4774.00000 4546.39947  4.77%  23.9 23705s
 34434616 3028096 4552.35916   72   51 4774.00000 4546.42955  4.77%  23.9 23711s
 34442449 3028011 4612.49144   53   55 4774.00000 4546.45290  4.77%  23.9 23715s
 34450134 3027988 infeasible   44      4774.00000 4546.48107  4.77%  23.9 23720s
 34455177 3028685 infeasible   48      4774.00000 4546.49262  4.77%  23.9 23725s
 34463544 3028893 4574.90847   72   28 4774.00000 4546.54398  4.76%  23.9 23730s
 34472039 3029023 4629.72662   72   40 4774.00000 4546.57191  4.76%  23.9 23735s
 34482161 3029061 4698.81607   85   20 4774.00000 4546.61180  4.76%  23.9 23740s
 34490354 3028886 4586.75749   52  109 4774.00000 4546.65000  4.76%  23.9 23745s
 34499230 3028692 4627.30990   78   26 4774.00000 4546.69235  4.76%  23.9 23750s
 34506887 3029075 4617.67643   60  138 4774.00000 4546.72620  4.76%  23.9 23755s
 34514066 3029099     cutoff   80      4774.00000 4546.78511  4.76%  23.9 23760s
 34521627 3029250 4552.39051   76   56 4774.00000 4546.79695  4.76%  23.9 23765s
 34530245 3029509 4631.34095   79   55 4774.00000 4546.79695  4.76%  23.9 23770s
 34537622 3029708 infeasible   80      4774.00000 4546.79695  4.76%  23.9 23775s
 34546505 3029646 4549.12074   71   20 4774.00000 4546.80403  4.76%  23.9 23780s
 34553416 3029481 4588.21562   60   25 4774.00000 4546.87546  4.76%  23.9 23785s
 34563451 3030442 4552.52221   69   55 4774.00000 4546.89787  4.76%  23.9 23790s
 34572901 3031440 infeasible   79      4774.00000 4546.89787  4.76%  23.9 23795s
 34575726 3031653 4570.06815   77   55 4774.00000 4546.89787  4.76%  23.9 23800s
 34586187 3032335     cutoff   76      4774.00000 4546.89787  4.76%  23.9 23805s
 34596477 3032736     cutoff   75      4774.00000 4546.89787  4.76%  23.9 23810s
 34605629 3033034 4552.52221   74   55 4774.00000 4546.89787  4.76%  23.9 23815s
 34614612 3033163 4592.69351   75   25 4774.00000 4546.91380  4.76%  23.9 23820s
 34622531 3033118 infeasible   64      4774.00000 4546.97614  4.76%  23.9 23825s
 34629351 3033292 4572.53156   76   56 4774.00000 4547.00725  4.75%  23.9 23830s
 34638027 3033291 infeasible   78      4774.00000 4547.00725  4.75%  23.9 23835s
 34645094 3033440     cutoff   59      4774.00000 4547.00725  4.75%  23.9 23840s
 34651879 3033350 4723.17438   51  143 4774.00000 4547.03824  4.75%  23.9 23845s
 34659242 3032762 4626.81683   64   17 4774.00000 4547.13300  4.75%  23.9 23850s
 34666870 3032193 4677.02694   57   95 4774.00000 4547.21103  4.75%  23.9 23855s
 34675760 3031203     cutoff   42      4774.00000 4547.30834  4.75%  23.9 23860s
 34683261 3029871 infeasible   55      4774.00000 4547.36667  4.75%  23.9 23865s
 34691970 3029659 4640.06269   64   39 4774.00000 4547.43900  4.75%  23.9 23870s
 34698825 3029247 4651.70336   79   16 4774.00000 4547.47706  4.74%  23.9 23875s
 34707569 3028715 4570.11493   49  119 4774.00000 4547.56289  4.74%  23.9 23880s
 34714811 3028200     cutoff   68      4774.00000 4547.63743  4.74%  23.9 23885s
 34722392 3027740 infeasible   66      4774.00000 4547.70736  4.74%  23.9 23890s
 34729783 3028212     cutoff   84      4774.00000 4547.73766  4.74%  23.9 23895s
 34739577 3028071 infeasible   49      4774.00000 4547.73766  4.74%  23.9 23900s
 34746440 3027778 4587.57978   66   52 4774.00000 4547.81828  4.74%  23.9 23905s
 34749268 3026856 4693.78356   53  210 4774.00000 4547.85684  4.74%  23.9 23910s
 34757998 3025082     cutoff  106      4774.00000 4547.86272  4.74%  23.9 23915s
 34764687 3024081 4617.72845   53  140 4774.00000 4547.86678  4.74%  23.9 23920s
 34768829 3024021 infeasible   61      4774.00000 4547.90784  4.74%  23.9 23925s
 34777303 3025899     cutoff   73      4774.00000 4547.92463  4.74%  23.9 23930s
 34785719 3025797     cutoff   71      4774.00000 4547.98851  4.73%  23.9 23935s
 34793463 3025783     cutoff   64      4774.00000 4548.00000  4.73%  23.9 23940s
 34799632 3025825     cutoff   71      4774.00000 4548.00000  4.73%  23.9 23945s
 34807329 3025925 infeasible   63      4774.00000 4548.00000  4.73%  23.9 23950s
 34814091 3025165 4706.37676   64   47 4774.00000 4548.00365  4.73%  23.9 23955s
 34818878 3025380 infeasible   76      4774.00000 4548.03096  4.73%  23.9 23960s
 34827964 3025193 infeasible   76      4774.00000 4548.05455  4.73%  23.9 23965s
 34835939 3024596 4621.67672   72   29 4774.00000 4548.10686  4.73%  23.9 23970s
 34842670 3024304 4551.60033   65   23 4774.00000 4548.15759  4.73%  23.9 23975s
 34855053 3026116     cutoff   82      4774.00000 4548.17782  4.73%  23.9 23980s
 34866289 3027911 4669.72863   79   36 4774.00000 4548.17782  4.73%  23.9 23985s
 34876973 3029348 4548.17782   66   45 4774.00000 4548.17782  4.73%  23.8 23990s
 34886087 3030360 4555.10460   77   44 4774.00000 4548.17782  4.73%  23.8 23995s
 34896817 3031253     cutoff   81      4774.00000 4548.17782  4.73%  23.8 24000s
 34905775 3032175 4669.72863   68   36 4774.00000 4548.17782  4.73%  23.8 24005s
 34910859 3032357 4555.10460   76   44 4774.00000 4548.17782  4.73%  23.8 24010s
 34915626 3033032 4555.10460   77   44 4774.00000 4548.17782  4.73%  23.8 24015s
 34924685 3033804 4548.17782   77   48 4774.00000 4548.17782  4.73%  23.8 24020s
 34935253 3034693     cutoff   78      4774.00000 4548.17782  4.73%  23.8 24025s
 34946227 3035632 4548.17782   68   46 4774.00000 4548.17782  4.73%  23.8 24030s
 34956446 3036642 4645.84492   74   40 4774.00000 4548.17782  4.73%  23.8 24035s
 34965560 3037548 4631.32681   82   37 4774.00000 4548.17782  4.73%  23.8 24040s
 34975904 3038343 4555.10460   76   44 4774.00000 4548.17782  4.73%  23.8 24045s
 34984802 3038997 4685.10356   73   31 4774.00000 4548.17782  4.73%  23.8 24050s
 34993988 3039695     cutoff   79      4774.00000 4548.17782  4.73%  23.8 24055s
 35003970 3040769 infeasible   70      4774.00000 4548.17782  4.73%  23.8 24060s
 35013976 3041972 4568.58606   80   44 4774.00000 4548.17782  4.73%  23.8 24065s
 35025050 3043039 infeasible   81      4774.00000 4548.17782  4.73%  23.8 24070s
 35033710 3044148     cutoff   81      4774.00000 4548.17782  4.73%  23.8 24075s
 35044480 3044989     cutoff   82      4774.00000 4548.17782  4.73%  23.8 24080s
 35053320 3045930     cutoff   71      4774.00000 4548.17782  4.73%  23.8 24085s
 35063919 3047002 4568.58606   71   44 4774.00000 4548.17782  4.73%  23.7 24090s
 35075097 3047772 4548.17782   67   46 4774.00000 4548.17782  4.73%  23.7 24095s
 35085204 3048774 4548.17782   72   46 4774.00000 4548.17782  4.73%  23.7 24100s
 35093925 3049714     cutoff   76      4774.00000 4548.17782  4.73%  23.7 24105s
 35103341 3050588 4555.10460   80   44 4774.00000 4548.17782  4.73%  23.7 24110s
 35113761 3051793 4555.10460   72   44 4774.00000 4548.17782  4.73%  23.7 24115s
 35119051 3052274 4631.32681   78   37 4774.00000 4548.17782  4.73%  23.7 24120s
 35128630 3053273 4548.17782   77   47 4774.00000 4548.17782  4.73%  23.7 24125s
 35139009 3054257 4548.17782   76   46 4774.00000 4548.17782  4.73%  23.7 24130s
 35148421 3055088     cutoff   80      4774.00000 4548.17782  4.73%  23.7 24135s
 35158962 3055859     cutoff   81      4774.00000 4548.17782  4.73%  23.7 24140s
 35168324 3056829     cutoff   80      4774.00000 4548.17782  4.73%  23.7 24145s
 35177695 3057740 4548.17782   75   45 4774.00000 4548.17782  4.73%  23.7 24150s
 35186761 3058808 4548.17782   71   47 4774.00000 4548.17782  4.73%  23.7 24155s
 35197558 3059899 4667.09630   77   43 4774.00000 4548.17782  4.73%  23.7 24160s
 35206829 3060739 4548.17782   68   46 4774.00000 4548.17782  4.73%  23.7 24165s
 35216950 3061890     cutoff   79      4774.00000 4548.17782  4.73%  23.7 24170s
 35226577 3062747     cutoff   78      4774.00000 4548.17782  4.73%  23.7 24175s
 35237651 3063400     cutoff   77      4774.00000 4548.17782  4.73%  23.7 24180s
 35247701 3064349 4548.17782   78   48 4774.00000 4548.17782  4.73%  23.7 24185s
 35257551 3065319 4555.10460   74   44 4774.00000 4548.17782  4.73%  23.7 24190s
 35267395 3066147 4669.72863   80   36 4774.00000 4548.17782  4.73%  23.6 24195s
 35276849 3066989 4613.77520   82   40 4774.00000 4548.17782  4.73%  23.6 24200s
 35286142 3067795     cutoff   76      4774.00000 4548.17782  4.73%  23.6 24205s
 35297384 3068781 4548.17782   73   47 4774.00000 4548.17782  4.73%  23.6 24210s
 35306629 3069738 4568.58606   76   44 4774.00000 4548.17782  4.73%  23.6 24215s
 35317188 3070475 4568.58606   79   44 4774.00000 4548.17782  4.73%  23.6 24220s
 35321896 3070946 4631.32681   79   37 4774.00000 4548.17782  4.73%  23.6 24225s
 35332259 3071704 4548.17782   75   47 4774.00000 4548.17782  4.73%  23.6 24230s
 35341449 3072377     cutoff   80      4774.00000 4548.17782  4.73%  23.6 24235s
 35350977 3073134 4568.58606   77   44 4774.00000 4548.17782  4.73%  23.6 24240s
 35352534 3073147     cutoff   78      4774.00000 4548.17782  4.73%  23.6 24245s
 35352659 3073167 4555.10460   75   44 4774.00000 4548.17782  4.73%  23.6 24250s
 35352784 3073166     cutoff   78      4774.00000 4548.17782  4.73%  23.6 24255s
 35354774 3073497 4555.10460   72   44 4774.00000 4548.17782  4.73%  23.6 24260s
 35365189 3074291 4548.17782   67   47 4774.00000 4548.17782  4.73%  23.6 24265s
 35373972 3075014 4555.07949   77   46 4774.00000 4548.17782  4.73%  23.6 24270s
 35384137 3075757     cutoff   83      4774.00000 4548.17782  4.73%  23.6 24275s
 35393185 3076430 4613.77520   78   40 4774.00000 4548.17782  4.73%  23.6 24280s
 35403568 3077423     cutoff   83      4774.00000 4548.17782  4.73%  23.6 24285s
 35413269 3078348     cutoff   82      4774.00000 4548.17782  4.73%  23.6 24290s
 35423767 3079133     cutoff   77      4774.00000 4548.17782  4.73%  23.6 24295s
 35431870 3079607 4568.58606   80   44 4774.00000 4548.17782  4.73%  23.6 24300s
 35438341 3080302 4631.32681   80   37 4774.00000 4548.17782  4.73%  23.6 24305s
 35448426 3081252 4568.58606   72   44 4774.00000 4548.17782  4.73%  23.6 24310s
 35458376 3082035 4555.10460   73   44 4774.00000 4548.17782  4.73%  23.5 24315s
 35468464 3082849 infeasible   80      4774.00000 4548.17782  4.73%  23.5 24320s
 35478051 3083511     cutoff   74      4774.00000 4548.17782  4.73%  23.5 24325s
 35487833 3084308 infeasible   78      4774.00000 4548.17782  4.73%  23.5 24330s
 35492963 3084755 4555.07949   71   47 4774.00000 4548.17782  4.73%  23.5 24335s
 35502459 3085581 infeasible   73      4774.00000 4548.17782  4.73%  23.5 24340s
 35512767 3086761 4568.58606   81   44 4774.00000 4548.17782  4.73%  23.5 24345s
 35522290 3087590 4631.32681   79   37 4774.00000 4548.17782  4.73%  23.5 24350s
 35532722 3088366 4548.17782   71   46 4774.00000 4548.17782  4.73%  23.5 24355s
 35542149 3089156 4555.07949   77   46 4774.00000 4548.17782  4.73%  23.5 24360s
 35551149 3089828 4568.58606   67   44 4774.00000 4548.17782  4.73%  23.5 24365s
 35561846 3090769 4668.96518   75   31 4774.00000 4548.17782  4.73%  23.5 24370s
 35570836 3091541 4667.09630   79   43 4774.00000 4548.17782  4.73%  23.5 24375s
 35581790 3092416 4555.10460   76   44 4774.00000 4548.17782  4.73%  23.5 24380s
 35590895 3093217 4555.07949   77   47 4774.00000 4548.17782  4.73%  23.5 24385s
 35600049 3094054 4555.10460   74   44 4774.00000 4548.17782  4.73%  23.5 24390s
 35610595 3095098 4555.10460   80   44 4774.00000 4548.17782  4.73%  23.5 24395s
 35620013 3095797 4613.77520   81   40 4774.00000 4548.17782  4.73%  23.5 24400s
 35630653 3096885     cutoff   84      4774.00000 4548.17782  4.73%  23.5 24405s
 35640480 3097569 4631.32681   79   37 4774.00000 4548.17782  4.73%  23.5 24410s
 35649349 3098473 4631.32681   83   37 4774.00000 4548.17782  4.73%  23.5 24415s
 35659264 3099207     cutoff   83      4774.00000 4548.17782  4.73%  23.4 24420s
 35669678 3100389 4587.98966   72   46 4774.00000 4548.17782  4.73%  23.4 24425s
 35679632 3101002 4667.09630   81   43 4774.00000 4548.17782  4.73%  23.4 24430s
 35689108 3101792 4548.17782   73   47 4774.00000 4548.17782  4.73%  23.4 24435s
 35698984 3102610 4555.10460   79   44 4774.00000 4548.17782  4.73%  23.4 24440s
 35708365 3103554 4555.07949   74   46 4774.00000 4548.17782  4.73%  23.4 24445s
 35718227 3104261 4555.10460   79   44 4774.00000 4548.17782  4.73%  23.4 24450s
 35722693 3104756     cutoff   80      4774.00000 4548.17782  4.73%  23.4 24455s
 35731674 3105393 4568.58606   80   44 4774.00000 4548.17782  4.73%  23.4 24460s
 35741135 3106247     cutoff   83      4774.00000 4548.17782  4.73%  23.4 24465s
 35751581 3106919     cutoff   80      4774.00000 4548.17782  4.73%  23.4 24470s
 35760213 3107657 infeasible   81      4774.00000 4548.18405  4.73%  23.4 24475s
 35771484 3108722     cutoff   79      4774.00000 4548.18948  4.73%  23.4 24480s
 35776244 3109177 4555.11958   74   44 4774.00000 4548.18948  4.73%  23.4 24485s
 35786111 3109970 4568.60930   81   44 4774.00000 4548.18948  4.73%  23.4 24490s
 35797222 3110818 4555.11958   73   44 4774.00000 4548.18948  4.73%  23.4 24495s
 35807430 3111684 4555.11958   74   44 4774.00000 4548.18948  4.73%  23.4 24500s
 35817422 3112423     cutoff   77      4774.00000 4548.18948  4.73%  23.4 24505s
 35827439 3113288 4555.11958   68   44 4774.00000 4548.18948  4.73%  23.4 24510s
 35836181 3114076 4548.18948   72   45 4774.00000 4548.18948  4.73%  23.4 24515s
 35846576 3114701 4555.11958   74   44 4774.00000 4548.18948  4.73%  23.4 24520s
 35855886 3115467 4613.79827   73   40 4774.00000 4548.18948  4.73%  23.4 24525s
 35866188 3116434 4555.09446   66   47 4774.00000 4548.18948  4.73%  23.3 24530s
 35876323 3117071     cutoff   82      4774.00000 4548.18948  4.73%  23.3 24535s
 35886504 3118120 4555.11958   77   44 4774.00000 4548.18948  4.73%  23.3 24540s
 35895840 3118772 4555.11958   79   44 4774.00000 4548.18948  4.73%  23.3 24545s
 35906594 3119994 4667.11954   78   43 4774.00000 4548.18948  4.73%  23.3 24550s
 35916790 3120784 4555.11958   76   44 4774.00000 4548.18948  4.73%  23.3 24555s
 35925456 3121492     cutoff   78      4774.00000 4548.18948  4.73%  23.3 24560s
 35933248 3121993 4555.11958   77   44 4774.00000 4548.18948  4.73%  23.3 24565s
 35933272 3123082     cutoff   78      4774.00000 4548.18948  4.73%  23.3 24571s
 35947799 3123389     cutoff   82      4774.00000 4548.18948  4.73%  23.3 24575s
 35958457 3124278 4555.09446   79   47 4774.00000 4548.18948  4.73%  23.3 24580s
 35968170 3125140 4613.79827   78   40 4774.00000 4548.18948  4.73%  23.3 24585s
 35978226 3125712     cutoff   74      4774.00000 4548.18948  4.73%  23.3 24590s
 35988171 3126522     cutoff   77      4774.00000 4548.18948  4.73%  23.3 24595s
 35997751 3126921 infeasible   79      4774.00000 4548.18948  4.73%  23.3 24600s
 36007400 3127808 infeasible   80      4774.00000 4548.18948  4.73%  23.3 24605s
 36017279 3128576 4555.11958   78   44 4774.00000 4548.18948  4.73%  23.3 24610s
 36027398 3129499 4555.09446   79   46 4774.00000 4548.18948  4.73%  23.3 24615s
 36037112 3130437 4548.18948   79   47 4774.00000 4548.18948  4.73%  23.3 24620s
 36047201 3131333 infeasible   81      4774.00000 4548.18948  4.73%  23.3 24625s
 36057655 3132149 4583.51413   53  165 4774.00000 4548.18948  4.73%  23.3 24630s
 36066363 3132522 4568.58606   72   44 4774.00000 4548.19773  4.73%  23.2 24635s
 36076796 3133258     cutoff   70      4774.00000 4548.19773  4.73%  23.2 24640s
 36085566 3133723 infeasible   51      4774.00000 4548.19773  4.73%  23.2 24645s
 36095170 3134487     cutoff   84      4774.00000 4548.20938  4.73%  23.2 24650s
 36103005 3135024     cutoff   80      4774.00000 4548.20938  4.73%  23.2 24655s
 36109586 3135592 4613.79827   80   40 4774.00000 4548.20938  4.73%  23.2 24660s
 36119303 3136007 4568.58606   73   44 4774.00000 4548.20938  4.73%  23.2 24665s
 36126940 3135985     cutoff   72      4774.00000 4548.26288  4.73%  23.2 24670s
 36135474 3133258 4647.46267   64   15 4774.00000 4548.32667  4.73%  23.2 24675s
 36137623 3133199 4659.29245   72   38 4774.00000 4548.33333  4.73%  23.2 24680s
 36145829 3132540     cutoff   79      4774.00000 4548.39023  4.73%  23.2 24685s
 36152688 3131984 4555.28482   70   47 4774.00000 4548.42350  4.73%  23.2 24690s
 36163520 3132962     cutoff   74      4774.00000 4548.42379  4.73%  23.2 24695s
 36172905 3133984 4568.62744   73   47 4774.00000 4548.42379  4.73%  23.2 24700s
 36181935 3134907     cutoff   74      4774.00000 4548.42379  4.73%  23.2 24705s
 36191455 3135987     cutoff   77      4774.00000 4548.42379  4.73%  23.2 24710s
 36201380 3136909     cutoff   76      4774.00000 4548.42379  4.73%  23.2 24715s
 36209869 3137968 4579.92251   73   45 4774.00000 4548.42379  4.73%  23.2 24720s
 36220513 3139223 4555.28482   72   47 4774.00000 4548.42379  4.73%  23.2 24725s
 36229493 3140134     cutoff   69      4774.00000 4548.42379  4.73%  23.2 24730s
 36238929 3141076 4668.94660   73   38 4774.00000 4548.42379  4.73%  23.2 24735s
 36248046 3141946 4639.76818   74   41 4774.00000 4548.42379  4.73%  23.2 24740s
 36256812 3142588 4667.37191   79   30 4774.00000 4548.42625  4.73%  23.2 24745s
 36266253 3143587 4548.43545   68   48 4774.00000 4548.43545  4.72%  23.2 24750s
 36275964 3144270 4667.16089   76   46 4774.00000 4548.43545  4.72%  23.2 24755s
 36284474 3144820     cutoff   72      4774.00000 4548.43545  4.72%  23.2 24760s
 36293857 3145497     cutoff   70      4774.00000 4548.43545  4.72%  23.2 24765s
 36304809 3146222 infeasible   78      4774.00000 4548.43545  4.72%  23.2 24770s
 36312696 3146771 4613.84035   76   43 4774.00000 4548.43545  4.72%  23.2 24775s
 36322346 3147665 4613.84035   70   43 4774.00000 4548.43545  4.72%  23.1 24780s
 36331648 3148266 4666.12150   76   12 4774.00000 4548.43545  4.72%  23.1 24785s
 36339013 3148897 4568.09249   77   40 4774.00000 4548.45083  4.72%  23.1 24790s
 36346175 3149793 infeasible   84      4774.00000 4548.45083  4.72%  23.1 24795s
 36354898 3150651 4554.52451   76   40 4774.00000 4548.45083  4.72%  23.1 24800s
 36363507 3151321 4667.60768   76   38 4774.00000 4548.45083  4.72%  23.1 24805s
 36372574 3152014 4617.62591   82   40 4774.00000 4548.45083  4.72%  23.1 24810s
 36382684 3152997 4623.55666   76   40 4774.00000 4548.45083  4.72%  23.1 24815s
 36391437 3153617 4548.45083   78   41 4774.00000 4548.45083  4.72%  23.1 24820s
 36400748 3154297     cutoff   79      4774.00000 4548.45083  4.72%  23.1 24825s
 36408943 3154690 4548.45083   71   41 4774.00000 4548.45083  4.72%  23.1 24830s
 36416548 3155286 4554.52451   78   40 4774.00000 4548.45083  4.72%  23.1 24835s
 36420391 3155612 4568.09249   74   40 4774.00000 4548.45083  4.72%  23.1 24840s
 36431068 3156087     cutoff   70      4774.00000 4548.45083  4.72%  23.1 24845s
 36439362 3156344 infeasible   60      4774.00000 4548.47663  4.72%  23.1 24850s
 36449809 3157416 infeasible   77      4774.00000 4548.49116  4.72%  23.1 24855s
 36458954 3158075 4589.19218   73   43 4774.00000 4548.49116  4.72%  23.1 24860s
 36467618 3158614     cutoff   76      4774.00000 4548.49116  4.72%  23.1 24865s
 36476633 3159235 infeasible   73      4774.00000 4548.49116  4.72%  23.1 24870s
 36485846 3159790     cutoff   73      4774.00000 4548.49116  4.72%  23.1 24875s
 36493999 3160172 infeasible   77      4774.00000 4548.49116  4.72%  23.1 24880s
 36503462 3160577 4554.58660   71   40 4774.00000 4548.49116  4.72%  23.1 24885s
 36512441 3161223     cutoff   75      4774.00000 4548.49116  4.72%  23.1 24890s
 36521486 3161625 4568.20318   77   40 4774.00000 4548.49116  4.72%  23.1 24895s
 36529507 3161871 4610.27000   73   23 4774.00000 4548.50664  4.72%  23.0 24900s
 36533408 3161924 4574.44368   70   56 4774.00000 4548.50664  4.72%  23.0 24905s
 36540737 3162198 4548.50664   69   59 4774.00000 4548.50664  4.72%  23.0 24910s
 36548926 3162839 4669.07933   71   46 4774.00000 4548.51184  4.72%  23.0 24915s
 36557496 3163489 4716.82402   80   47 4774.00000 4548.52035  4.72%  23.0 24920s
 36567230 3164223 4555.51647   78   44 4774.00000 4548.52035  4.72%  23.0 24925s
 36577193 3164884 4571.16165   75   44 4774.00000 4548.52035  4.72%  23.0 24930s
 36587025 3165475     cutoff   85      4774.00000 4548.52035  4.72%  23.0 24935s
 36595237 3166049 4642.12752   81   35 4774.00000 4548.52035  4.72%  23.0 24940s
 36604453 3166574 4571.16165   80   44 4774.00000 4548.52035  4.72%  23.0 24945s
 36613903 3167335     cutoff   81      4774.00000 4548.52035  4.72%  23.0 24950s
 36622483 3167845     cutoff   67      4774.00000 4548.52035  4.72%  23.0 24955s
 36632411 3168511 4571.16165   75   44 4774.00000 4548.52035  4.72%  23.0 24960s
 36641775 3169120 4654.54871   84   36 4774.00000 4548.52035  4.72%  23.0 24965s
 36651342 3169700 4571.16165   71   44 4774.00000 4548.52035  4.72%  23.0 24970s
 36660682 3170313 4647.85531   81   45 4774.00000 4548.52035  4.72%  23.0 24975s
 36670169 3171061 4669.03958   79   43 4774.00000 4548.52035  4.72%  23.0 24980s
 36679147 3171665 4555.51647   82   44 4774.00000 4548.52035  4.72%  23.0 24985s
 36688933 3172372 4555.51647   81   44 4774.00000 4548.52035  4.72%  23.0 24990s
 36698468 3173123 4555.51647   76   44 4774.00000 4548.52035  4.72%  23.0 24995s
 36708702 3173628 4555.51647   81   44 4774.00000 4548.52035  4.72%  23.0 25000s
 36719147 3174343 infeasible   85      4774.00000 4548.52035  4.72%  23.0 25005s
 36727805 3174910     cutoff   77      4774.00000 4548.52035  4.72%  23.0 25010s
 36737047 3175624 4672.91907   75   31 4774.00000 4548.52035  4.72%  23.0 25015s
 36746775 3176245     cutoff   79      4774.00000 4548.52035  4.72%  23.0 25020s
 36757384 3176861 4548.52035   80   45 4774.00000 4548.52035  4.72%  22.9 25026s
 36757405 3177654 4555.49112   81   46 4774.00000 4548.52035  4.72%  22.9 25034s
 36769405 3177744     cutoff   83      4774.00000 4548.52035  4.72%  22.9 25036s
 36771345 3177805     cutoff   80      4774.00000 4548.52035  4.72%  22.9 25040s
 36779967 3178565 4555.49112   78   46 4774.00000 4548.52035  4.72%  22.9 25045s
 36789295 3179227     cutoff   81      4774.00000 4548.52035  4.72%  22.9 25050s
 36797799 3179798 4548.52035   70   47 4774.00000 4548.52035  4.72%  22.9 25055s
 36807002 3180378     cutoff   73      4774.00000 4548.52035  4.72%  22.9 25060s
 36816907 3180991 4555.51647   80   44 4774.00000 4548.52035  4.72%  22.9 25065s
 36826963 3181565 infeasible   74      4774.00000 4548.52035  4.72%  22.9 25070s
 36835294 3182096     cutoff   85      4774.00000 4548.52035  4.72%  22.9 25075s
 36845633 3182906 4642.12752   83   35 4774.00000 4548.52035  4.72%  22.9 25080s
 36853961 3183298     cutoff   80      4774.00000 4548.52035  4.72%  22.9 25085s
 36862920 3184061     cutoff   79      4774.00000 4548.52035  4.72%  22.9 25090s
 36872815 3184603     cutoff   77      4774.00000 4548.52035  4.72%  22.9 25095s
 36882842 3185247 4571.16165   77   44 4774.00000 4548.52035  4.72%  22.9 25100s
 36892474 3185804 4637.34829   82   38 4774.00000 4548.52035  4.72%  22.9 25105s
 36901903 3186631     cutoff   83      4774.00000 4548.52035  4.72%  22.9 25110s
 36912391 3187406     cutoff   84      4774.00000 4548.52035  4.72%  22.9 25115s
 36922401 3188128 4548.52035   75   47 4774.00000 4548.52035  4.72%  22.9 25120s
 36932118 3188885 4555.51647   74   44 4774.00000 4548.52035  4.72%  22.9 25125s
 36940889 3189458 4571.16165   79   44 4774.00000 4548.52035  4.72%  22.9 25130s
 36949500 3190075 4555.51647   70   44 4774.00000 4548.52035  4.72%  22.9 25135s
 36958584 3190643 4548.52035   79   46 4774.00000 4548.52035  4.72%  22.9 25140s
 36967618 3191153     cutoff   81      4774.00000 4548.52035  4.72%  22.9 25145s
 36976585 3192025 4672.65565   83   33 4774.00000 4548.52035  4.72%  22.9 25150s
 36986023 3192592 4555.49112   79   46 4774.00000 4548.52035  4.72%  22.8 25155s
 36996466 3193162     cutoff   81      4774.00000 4548.52035  4.72%  22.8 25160s
 37005860 3193819 4571.16165   78   44 4774.00000 4548.52035  4.72%  22.8 25165s
 37014565 3194289 4654.51295   84   35 4774.00000 4548.52035  4.72%  22.8 25170s
 37023981 3194924 4555.51647   78   44 4774.00000 4548.52035  4.72%  22.8 25175s
 37032640 3195342 infeasible   83      4774.00000 4548.52035  4.72%  22.8 25180s
 37043252 3196283     cutoff   79      4774.00000 4548.52035  4.72%  22.8 25185s
 37052142 3196669     cutoff   81      4774.00000 4548.52035  4.72%  22.8 25190s
 37061129 3197606     cutoff   84      4774.00000 4548.52035  4.72%  22.8 25195s
 37072076 3198370     cutoff   81      4774.00000 4548.52035  4.72%  22.8 25200s
 37081248 3199037     cutoff   79      4774.00000 4548.52035  4.72%  22.8 25205s
 37092283 3199634     cutoff   81      4774.00000 4548.52035  4.72%  22.8 25210s
 37101078 3200220     cutoff   79      4774.00000 4548.52035  4.72%  22.8 25215s
 37110674 3201034 4548.52035   75   47 4774.00000 4548.52035  4.72%  22.8 25220s
 37117364 3201443     cutoff   79      4774.00000 4548.52035  4.72%  22.8 25225s
 37124444 3202001     cutoff   75      4774.00000 4548.52035  4.72%  22.8 25230s
 37133813 3202523 4555.51647   77   44 4774.00000 4548.52035  4.72%  22.8 25235s
 37143877 3203155 4555.49112   75   46 4774.00000 4548.52035  4.72%  22.8 25240s
 37154438 3203966     cutoff   78      4774.00000 4548.52035  4.72%  22.8 25245s
 37157943 3204343     cutoff   80      4774.00000 4548.52035  4.72%  22.8 25250s
 37167629 3204816 4571.16165   80   44 4774.00000 4548.52035  4.72%  22.8 25255s
 37177497 3205523 4555.49112   75   46 4774.00000 4548.52035  4.72%  22.8 25260s
 37186487 3206197     cutoff   74      4774.00000 4548.52035  4.72%  22.8 25265s
 37194471 3206949 4571.16165   77   44 4774.00000 4548.52035  4.72%  22.8 25270s
 37205671 3207658     cutoff   79      4774.00000 4548.52035  4.72%  22.8 25275s
 37215337 3208170     cutoff   82      4774.00000 4548.52035  4.72%  22.7 25280s
 37224864 3208941 4555.51647   79   44 4774.00000 4548.52035  4.72%  22.7 25285s
 37234783 3209717     cutoff   80      4774.00000 4548.52035  4.72%  22.7 25290s
 37244392 3210316     cutoff   82      4774.00000 4548.52035  4.72%  22.7 25295s
 37253300 3211083     cutoff   76      4774.00000 4548.52035  4.72%  22.7 25300s
 37261626 3211674 4637.34829   82   38 4774.00000 4548.52035  4.72%  22.7 25305s
 37271405 3212590 4555.51647   80   44 4774.00000 4548.52035  4.72%  22.7 25310s
 37280476 3213282     cutoff   76      4774.00000 4548.52035  4.72%  22.7 25315s
 37290175 3214014 4555.51647   74   44 4774.00000 4548.52035  4.72%  22.7 25320s
 37301065 3214862     cutoff   82      4774.00000 4548.52035  4.72%  22.7 25325s
 37310394 3215670 4548.52035   78   47 4774.00000 4548.52035  4.72%  22.7 25330s
 37321274 3216581     cutoff   82      4774.00000 4548.52035  4.72%  22.7 25335s
 37329516 3217245 4555.51647   75   44 4774.00000 4548.52035  4.72%  22.7 25340s
 37339271 3218024 4548.52035   75   47 4774.00000 4548.52035  4.72%  22.7 25345s
 37348859 3218692     cutoff   81      4774.00000 4548.52035  4.72%  22.7 25350s
 37357958 3219509     cutoff   81      4774.00000 4548.52035  4.72%  22.7 25355s
 37368525 3220381     cutoff   75      4774.00000 4548.52035  4.72%  22.7 25360s
 37377769 3220873     cutoff   81      4774.00000 4548.52035  4.72%  22.7 25366s
 37377786 3221991     cutoff   82      4774.00000 4548.52035  4.72%  22.7 25374s
 37389786 3222067     cutoff   81      4774.00000 4548.52035  4.72%  22.7 25376s
 37397078 3222811 4637.34829   79   38 4774.00000 4548.52035  4.72%  22.7 25380s
 37406807 3223477 4555.51647   71   44 4774.00000 4548.52035  4.72%  22.7 25385s
 37417180 3224350 4555.51647   79   44 4774.00000 4548.52035  4.72%  22.7 25390s
 37425971 3225130 4548.52035   68   47 4774.00000 4548.52035  4.72%  22.7 25395s
 37435183 3225903 4548.52035   75   46 4774.00000 4548.52035  4.72%  22.6 25400s
 37444659 3226753 4555.49112   74   47 4774.00000 4548.52035  4.72%  22.6 25405s
 37446086 3226763 4555.49112   68   47 4774.00000 4548.52035  4.72%  22.6 25410s
 37446168 3226775     cutoff   72      4774.00000 4548.52035  4.72%  22.6 25415s
 37446316 3226800     cutoff   80      4774.00000 4548.52035  4.72%  22.6 25420s
 37446817 3226907     cutoff   77      4774.00000 4548.52035  4.72%  22.6 25426s
 37450839 3227213 4555.49112   76   46 4774.00000 4548.52035  4.72%  22.6 25430s
 37460004 3227830 4548.52035   72   47 4774.00000 4548.52035  4.72%  22.6 25435s
 37469084 3228570 4555.49112   71   47 4774.00000 4548.52035  4.72%  22.6 25440s
 37478912 3229638 4672.65565   81   35 4774.00000 4548.52035  4.72%  22.6 25445s
 37487740 3230489     cutoff   82      4774.00000 4548.52035  4.72%  22.6 25450s
 37497555 3231278     cutoff   80      4774.00000 4548.52035  4.72%  22.6 25455s
 37507274 3231913 infeasible   83      4774.00000 4548.52035  4.72%  22.6 25460s
 37517624 3232574 infeasible   82      4774.00000 4548.52035  4.72%  22.6 25465s
 37528074 3233173 4571.16165   81   44 4774.00000 4548.52035  4.72%  22.6 25470s
 37536713 3233810 infeasible   75      4774.00000 4548.52035  4.72%  22.6 25475s
 37545737 3234584 4571.16165   80   44 4774.00000 4548.52035  4.72%  22.6 25480s
 37556543 3235200 4548.52035   72   47 4774.00000 4548.52035  4.72%  22.6 25485s
 37566797 3236072 4555.51647   73   44 4774.00000 4548.52035  4.72%  22.6 25490s
 37575986 3236652 4642.10948   80   38 4774.00000 4548.52035  4.72%  22.6 25495s
 37585497 3237075 4637.34829   78   38 4774.00000 4548.52035  4.72%  22.6 25500s
 37595431 3237799 4555.49112   75   46 4774.00000 4548.52035  4.72%  22.6 25505s
 37603586 3238408 4672.91907   76   31 4774.00000 4548.52035  4.72%  22.6 25510s
 37613027 3239084 4548.53148   70   41 4774.00000 4548.53148  4.72%  22.6 25515s
 37623685 3239982 4548.53201   79   46 4774.00000 4548.53201  4.72%  22.6 25520s
 37631800 3240338     cutoff   83      4774.00000 4548.53201  4.72%  22.6 25525s
 37642255 3241298 4555.53145   79   44 4774.00000 4548.53201  4.72%  22.6 25530s
 37652077 3241924 4548.53201   74   47 4774.00000 4548.53201  4.72%  22.6 25535s
 37661938 3242650 4571.18489   81   44 4774.00000 4548.53201  4.72%  22.5 25540s
 37671301 3243273     cutoff   81      4774.00000 4548.53201  4.72%  22.5 25545s
 37680603 3243980     cutoff   76      4774.00000 4548.53201  4.72%  22.5 25550s
 37689344 3244591 4571.18489   80   44 4774.00000 4548.53201  4.72%  22.5 25555s
 37699855 3245368 4555.50608   77   47 4774.00000 4548.53201  4.72%  22.5 25560s
 37708656 3245866 4571.18489   74   44 4774.00000 4548.53201  4.72%  22.5 25565s
 37719271 3246523 4571.18489   80   44 4774.00000 4548.53201  4.72%  22.5 25570s
 37729055 3246899     cutoff   81      4774.00000 4548.53201  4.72%  22.5 25575s
 37739225 3247802 4555.53145   80   44 4774.00000 4548.53201  4.72%  22.5 25580s
 37749500 3248258     cutoff   78      4774.00000 4548.53201  4.72%  22.5 25585s
 37752605 3248547 infeasible   84      4774.00000 4548.53201  4.72%  22.5 25590s
 37761891 3249082     cutoff   80      4774.00000 4548.53201  4.72%  22.5 25595s
 37770566 3249785     cutoff   79      4774.00000 4548.53201  4.72%  22.5 25600s
 37779129 3250244     cutoff   77      4774.00000 4548.53201  4.72%  22.5 25605s
 37788848 3250739 4571.18489   83   44 4774.00000 4548.53201  4.72%  22.5 25610s
 37798566 3251215 4555.53145   75   44 4774.00000 4548.53201  4.72%  22.5 25615s
 37808232 3251739     cutoff   82      4774.00000 4548.53201  4.72%  22.5 25620s
 37817500 3252162 4548.53201   75   47 4774.00000 4548.53201  4.72%  22.5 25625s
 37827599 3252774 4555.53145   74   44 4774.00000 4548.53201  4.72%  22.5 25630s
 37836531 3253401     cutoff   74      4774.00000 4548.53201  4.72%  22.5 25635s
 37845362 3253912 4723.20033   81   37 4774.00000 4548.53201  4.72%  22.5 25640s
 37854679 3254432 4548.53201   78   47 4774.00000 4548.53201  4.72%  22.5 25645s
 37864240 3255115     cutoff   82      4774.00000 4548.53201  4.72%  22.5 25650s
 37873718 3255687 4642.14252   72   35 4774.00000 4548.53201  4.72%  22.5 25655s
 37883432 3256109 4719.14565   78   30 4774.00000 4548.53201  4.72%  22.5 25660s
 37892744 3256639     cutoff   83      4774.00000 4548.53201  4.72%  22.4 25665s
 37903199 3257257     cutoff   80      4774.00000 4548.53201  4.72%  22.4 25670s
 37911161 3257823 4548.53201   69   46 4774.00000 4548.53201  4.72%  22.4 25675s
 37921593 3258243     cutoff   80      4774.00000 4548.53201  4.72%  22.4 25680s
 37929804 3258661 4571.18489   73   44 4774.00000 4548.53201  4.72%  22.4 25685s
 37940108 3259222     cutoff   78      4774.00000 4548.53201  4.72%  22.4 25690s
 37950344 3259695 4669.06283   82   43 4774.00000 4548.53201  4.72%  22.4 25695s
 37959479 3260138 4555.50608   76   47 4774.00000 4548.53201  4.72%  22.4 25700s
 37968909 3260802 4555.53145   74   44 4774.00000 4548.53201  4.72%  22.4 25705s
 37979149 3261261 4548.54026   76   48 4774.00000 4548.53201  4.72%  22.4 25710s
 37984298 3261505 4654.57199   77   36 4774.00000 4548.53201  4.72%  22.4 25715s
 37990726 3261829 4555.53145   80   44 4774.00000 4548.53201  4.72%  22.4 25720s
 37999498 3262321 4642.12752   81   35 4774.00000 4548.54026  4.72%  22.4 25725s
 38007733 3262963 4571.16165   79   44 4774.00000 4548.54026  4.72%  22.4 25730s
 38016879 3263427 4548.55192   75   48 4774.00000 4548.54026  4.72%  22.4 25735s
 38025633 3263720 infeasible   53      4774.00000 4548.54026  4.72%  22.4 25740s
 38035339 3264166     cutoff   77      4774.00000 4548.55192  4.72%  22.4 25745s
 38043800 3264721     cutoff   81      4774.00000 4548.55192  4.72%  22.4 25750s
 38053382 3265067     cutoff   82      4774.00000 4548.55192  4.72%  22.4 25755s
 38061721 3265316 4672.67085   81   34 4774.00000 4548.55192  4.72%  22.4 25760s
 38069835 3265165     cutoff   74      4774.00000 4548.58347  4.72%  22.4 25765s
 38079533 3265098     cutoff   75      4774.00000 4548.58347  4.72%  22.4 25770s
 38087837 3265305     cutoff   71      4774.00000 4548.60757  4.72%  22.4 25775s
 38095995 3265502 4548.65766   71   58 4774.00000 4548.65766  4.72%  22.4 25780s
 38105156 3265736 4555.18742   72   55 4774.00000 4548.65766  4.72%  22.4 25785s
 38114677 3265875 4652.85514   78   45 4774.00000 4548.65766  4.72%  22.4 25790s
 38123127 3266062 4572.84812   76   55 4774.00000 4548.65766  4.72%  22.4 25795s
 38131719 3266064 infeasible   68      4774.00000 4548.65766  4.72%  22.4 25800s
 38139595 3265360 infeasible   56      4774.00000 4548.72297  4.72%  22.4 25805s
 38148248 3265185 4548.77342   73   49 4774.00000 4548.77342  4.72%  22.4 25810s
 38157331 3266306 4555.70373   73   47 4774.00000 4548.77342  4.72%  22.3 25815s
 38165217 3267389     cutoff   74      4774.00000 4548.77342  4.72%  22.3 25820s
 38174115 3268272 4555.67860   77   49 4774.00000 4548.77342  4.72%  22.3 25825s
 38179102 3268825 4555.70373   72   47 4774.00000 4548.77342  4.72%  22.3 25830s
 38186323 3269874     cutoff   74      4774.00000 4548.77342  4.72%  22.3 25835s
 38195357 3270675 4571.20142   76   47 4774.00000 4548.77342  4.72%  22.3 25840s
 38203249 3271640 4672.89702   83   33 4774.00000 4548.77342  4.72%  22.3 25845s
 38212570 3272923 4571.20142   72   47 4774.00000 4548.77342  4.72%  22.3 25850s
 38220667 3273771 4669.09850   77   35 4774.00000 4548.77342  4.72%  22.3 25855s
 38229579 3274694     cutoff   83      4774.00000 4548.77342  4.72%  22.3 25860s
 38238047 3275424     cutoff   79      4774.00000 4548.77342  4.72%  22.3 25865s
 38247356 3276424     cutoff   82      4774.00000 4548.77342  4.72%  22.3 25870s
 38256458 3277424 4555.70373   78   47 4774.00000 4548.77342  4.72%  22.3 25875s
 38264798 3278541     cutoff   82      4774.00000 4548.77342  4.72%  22.3 25880s
 38273613 3279506 4548.78103   79   46 4774.00000 4548.77342  4.72%  22.3 25885s
 38282143 3280230     cutoff   80      4774.00000 4548.77342  4.72%  22.3 25890s
 38290504 3280989 4669.07933   78   46 4774.00000 4548.77342  4.72%  22.3 25895s
 38299011 3282056 4548.77342   79   49 4774.00000 4548.77342  4.72%  22.3 25900s
 38307823 3283067     cutoff   79      4774.00000 4548.77342  4.72%  22.3 25905s
 38316197 3283987     cutoff   73      4774.00000 4548.77342  4.72%  22.3 25910s
 38325357 3284833     cutoff   79      4774.00000 4548.77342  4.72%  22.3 25915s
 38333743 3285851 4555.67860   73   48 4774.00000 4548.77342  4.72%  22.3 25920s
 38342563 3287096 4571.20142   79   47 4774.00000 4548.77342  4.72%  22.3 25925s
 38351085 3287917 4555.67860   76   49 4774.00000 4548.77342  4.72%  22.3 25930s
 38359604 3289353     cutoff   75      4774.00000 4548.77342  4.72%  22.3 25935s
 38367041 3290400 4719.08364   79   30 4774.00000 4548.77342  4.72%  22.3 25940s
 38374995 3291225     cutoff   82      4774.00000 4548.77342  4.72%  22.3 25945s
 38382869 3292148     cutoff   77      4774.00000 4548.77342  4.72%  22.3 25950s
 38390027 3293044     cutoff   74      4774.00000 4548.77342  4.72%  22.3 25955s
 38398028 3294087     cutoff   79      4774.00000 4548.77342  4.72%  22.3 25960s
 38407024 3294804     cutoff   83      4774.00000 4548.77342  4.72%  22.2 25965s
 38415906 3295085     cutoff   84      4774.00000 4548.78103  4.72%  22.2 25970s
 38423881 3295156     cutoff   82      4774.00000 4548.78103  4.72%  22.2 25975s
 38427592 3295336 4555.65652   78   48 4774.00000 4548.78103  4.72%  22.2 25980s
 38436922 3294820 4672.65691   80   33 4774.00000 4548.78103  4.72%  22.2 25985s
 38445428 3294122 4548.78506   76   48 4774.00000 4548.78103  4.72%  22.2 25990s
 38454916 3295208 infeasible   70      4774.00000 4548.78508  4.72%  22.2 25995s
 38463682 3296046 4669.10256   80   46 4774.00000 4548.78508  4.72%  22.2 26000s
 38473120 3296803     cutoff   78      4774.00000 4548.78508  4.72%  22.2 26005s
 38481012 3297537 4555.69356   66   49 4774.00000 4548.78508  4.72%  22.2 26010s
 38489698 3298201 4548.78508   73   49 4774.00000 4548.78508  4.72%  22.2 26015s
 38497851 3298786     cutoff   83      4774.00000 4548.78508  4.72%  22.2 26020s
 38506540 3299432 infeasible   73      4774.00000 4548.78508  4.72%  22.2 26025s
 38515573 3300422 4647.80660   76   45 4774.00000 4548.78508  4.72%  22.2 26030s
 38522978 3301213 4571.22465   72   47 4774.00000 4548.78508  4.72%  22.2 26035s
 38531425 3302144     cutoff   77      4774.00000 4548.78508  4.72%  22.2 26040s
 38540693 3303056 4555.69356   77   48 4774.00000 4548.78508  4.72%  22.2 26045s
 38549674 3303612     cutoff   80      4774.00000 4548.78508  4.72%  22.2 26050s
 38557304 3304503 4548.78508   70   49 4774.00000 4548.78508  4.72%  22.2 26055s
 38566078 3305275 4555.69356   73   49 4774.00000 4548.78508  4.72%  22.2 26060s
 38573552 3306031 4588.56353   75   49 4774.00000 4548.78508  4.72%  22.2 26065s
 38582333 3306726     cutoff   79      4774.00000 4548.78508  4.72%  22.2 26070s
 38589201 3307152     cutoff   77      4774.00000 4548.78508  4.72%  22.2 26075s
 38597763 3307720 4571.22465   71   47 4774.00000 4548.78508  4.72%  22.2 26080s
 38607123 3308271     cutoff   80      4774.00000 4548.78508  4.72%  22.2 26085s
 38614911 3308958     cutoff   75      4774.00000 4548.78508  4.72%  22.2 26090s
 38624981 3308623 4548.79268   79   46 4774.00000 4548.79268  4.72%  22.2 26095s
 38633605 3308004 4571.10857   82   44 4774.00000 4548.79268  4.72%  22.2 26100s
 38636576 3307824 4555.69029   81   46 4774.00000 4548.79268  4.72%  22.2 26105s
 38643772 3307193 4632.13275   69   24 4774.00000 4548.80450  4.72%  22.2 26110s
 38654884 3307489 4555.70373   72   47 4774.00000 4548.82260  4.72%  22.2 26115s
 38662398 3307337 4571.20142   78   47 4774.00000 4548.82848  4.72%  22.2 26120s
 38670956 3307596 4555.96107   78   56 4774.00000 4548.83257  4.72%  22.1 26125s
 38679877 3307922 4575.43695   72   56 4774.00000 4548.83475  4.72%  22.1 26130s
 38687815 3308147     cutoff   79      4774.00000 4548.83475  4.72%  22.1 26135s
 38696281 3308375 4548.83475   75   59 4774.00000 4548.83475  4.72%  22.1 26140s
 38703903 3308643 4609.78997   78   54 4774.00000 4548.83475  4.72%  22.1 26145s
 38713001 3308545 4571.22465   75   47 4774.00000 4548.84016  4.72%  22.1 26150s
 38720630 3309005     cutoff   75      4774.00000 4548.84540  4.72%  22.1 26155s
 38730048 3310166     cutoff   78      4774.00000 4548.84540  4.72%  22.1 26160s
 38739214 3310680 4654.50410   80   32 4774.00000 4548.84540  4.72%  22.1 26165s
 38747780 3309531     cutoff   97      4774.00000 4548.89923  4.72%  22.1 26170s
 38755912 3308193 4617.98722   95   31 4774.00000 4548.89923  4.72%  22.1 26175s
 38763554 3306914     cutoff   97      4774.00000 4548.89923  4.72%  22.1 26180s
 38772423 3305429 4617.98722   96   31 4774.00000 4548.89923  4.72%  22.1 26185s
 38781024 3303965     cutoff  104      4774.00000 4548.89923  4.72%  22.1 26190s
 38789692 3302519     cutoff   95      4774.00000 4548.89923  4.72%  22.1 26195s
 38796848 3301308     cutoff  102      4774.00000 4548.89923  4.72%  22.1 26200s
 38805468 3299857     cutoff  104      4774.00000 4548.89923  4.72%  22.1 26205s
 38814113 3298407     cutoff  103      4774.00000 4548.89923  4.72%  22.1 26210s
 38821205 3297216     cutoff  102      4774.00000 4548.89923  4.72%  22.1 26215s
 38829730 3295776     cutoff  105      4774.00000 4548.89923  4.72%  22.1 26220s
 38838303 3294334 4617.98722  103   31 4774.00000 4548.89923  4.72%  22.1 26225s
 38846858 3292880     cutoff  104      4774.00000 4548.89923  4.72%  22.1 26230s
 38855390 3291435     cutoff  104      4774.00000 4548.89923  4.72%  22.1 26235s
 38862609 3290459     cutoff  104      4774.00000 4548.89923  4.72%  22.1 26240s
 38863144 3290212     cutoff   97      4774.00000 4548.89923  4.72%  22.1 26245s
 38870536 3288904     cutoff  104      4774.00000 4548.89923  4.72%  22.1 26250s
 38879537 3287407     cutoff  100      4774.00000 4548.89923  4.72%  22.1 26255s
 38888312 3285950     cutoff   97      4774.00000 4548.89923  4.72%  22.1 26260s
 38896980 3284508     cutoff   97      4774.00000 4548.89923  4.72%  22.1 26265s
 38905551 3283053     cutoff  104      4774.00000 4548.89923  4.72%  22.1 26270s
 38912697 3281837     cutoff  104      4774.00000 4548.89923  4.72%  22.1 26275s
 38921237 3280391 4617.98722  103   31 4774.00000 4548.89923  4.72%  22.1 26280s
 38929840 3278961     cutoff  104      4774.00000 4548.89923  4.72%  22.1 26285s
 38937013 3277748     cutoff  104      4774.00000 4548.89923  4.72%  22.1 26290s
 38945553 3276321     cutoff   98      4774.00000 4548.89923  4.72%  22.1 26295s
 38954061 3274875     cutoff   96      4774.00000 4548.89923  4.72%  22.1 26300s
 38962673 3273432     cutoff  104      4774.00000 4548.89923  4.72%  22.1 26305s
 38971213 3271992 4617.98722  103   31 4774.00000 4548.89923  4.72%  22.1 26310s
 38979794 3270538     cutoff  102      4774.00000 4548.89923  4.72%  22.1 26315s
 38988320 3269071     cutoff  101      4774.00000 4548.89923  4.72%  22.1 26320s
 38995403 3267876     cutoff  105      4774.00000 4548.89923  4.72%  22.1 26325s
 39003975 3266423     cutoff   98      4774.00000 4548.89923  4.72%  22.1 26330s
 39012572 3264996     cutoff  102      4774.00000 4548.89923  4.72%  22.0 26335s
 39021133 3263565     cutoff   98      4774.00000 4548.89923  4.72%  22.0 26340s
 39029689 3262127     cutoff  105      4774.00000 4548.89923  4.72%  22.0 26345s
 39038253 3260680     cutoff   98      4774.00000 4548.89923  4.72%  22.0 26350s
 39046848 3259248     cutoff  102      4774.00000 4548.89923  4.72%  22.0 26355s
 39054013 3258046     cutoff   98      4774.00000 4548.89923  4.72%  22.0 26360s
 39062568 3256614     cutoff  102      4774.00000 4548.89923  4.72%  22.0 26365s
 39069735 3255406 4617.98722  100   31 4774.00000 4548.89923  4.72%  22.0 26370s
 39078271 3253960     cutoff  103      4774.00000 4548.89923  4.72%  22.0 26375s
 39086881 3252522     cutoff   99      4774.00000 4548.89923  4.72%  22.0 26380s
 39095415 3251095     cutoff   98      4774.00000 4548.89923  4.72%  22.0 26385s
 39104018 3249651     cutoff  104      4774.00000 4548.89923  4.72%  22.0 26390s
 39112588 3248223     cutoff  101      4774.00000 4548.89923  4.72%  22.0 26395s
 39121072 3246774     cutoff   99      4774.00000 4548.89923  4.72%  22.0 26400s
 39128189 3245554 4617.98722  100   31 4774.00000 4548.89923  4.72%  22.0 26405s
 39136818 3244089     cutoff  103      4774.00000 4548.89923  4.72%  22.0 26410s
 39145439 3242643     cutoff   86      4774.00000 4548.89923  4.72%  22.0 26415s
 39153958 3241194     cutoff   98      4774.00000 4548.89923  4.72%  22.0 26420s
 39162475 3239752 4617.98722  100   31 4774.00000 4548.89923  4.72%  22.0 26425s
 39171120 3238292 4617.98722   98   31 4774.00000 4548.89923  4.72%  22.0 26430s
 39179716 3236843     cutoff  100      4774.00000 4548.89923  4.72%  22.0 26435s
 39186792 3235645     cutoff  101      4774.00000 4548.89923  4.72%  22.0 26440s
 39195345 3234201 4617.98722   98   31 4774.00000 4548.89923  4.72%  22.0 26445s
 39203967 3232762     cutoff   95      4774.00000 4548.89923  4.72%  22.0 26450s
 39211111 3231558     cutoff   90      4774.00000 4548.89923  4.72%  22.0 26455s
 39219697 3230136     cutoff  100      4774.00000 4548.89923  4.72%  22.0 26460s
 39228293 3228708     cutoff   92      4774.00000 4548.89923  4.72%  22.0 26465s
 39236755 3227285     cutoff   92      4774.00000 4548.89923  4.72%  22.0 26470s
 39245394 3225840     cutoff  103      4774.00000 4548.89923  4.72%  22.0 26475s
 39253925 3224400     cutoff  101      4774.00000 4548.89923  4.72%  22.0 26480s
 39262493 3222969     cutoff   99      4774.00000 4548.89923  4.72%  22.0 26485s
 39270957 3221535     cutoff  103      4774.00000 4548.89923  4.72%  22.0 26490s
 39279471 3220098     cutoff   87      4774.00000 4548.89923  4.72%  22.0 26495s
 39286650 3218891     cutoff  102      4774.00000 4548.89923  4.72%  22.0 26500s
 39295270 3217433     cutoff  103      4774.00000 4548.89923  4.72%  22.0 26505s
 39303856 3215986     cutoff  104      4774.00000 4548.89923  4.72%  22.0 26510s
 39312337 3214559     cutoff  102      4774.00000 4548.89923  4.72%  22.0 26515s
 39319519 3213592     cutoff  103      4774.00000 4548.89923  4.72%  22.0 26520s
 39323523 3212620     cutoff  103      4774.00000 4548.89923  4.72%  22.0 26525s
 39332768 3211082     cutoff   99      4774.00000 4548.89923  4.72%  22.0 26530s
 39340180 3209866     cutoff   97      4774.00000 4548.89923  4.72%  22.0 26535s
 39348853 3208405     cutoff   96      4774.00000 4548.89923  4.72%  22.0 26540s
 39356006 3207203     cutoff  100      4774.00000 4548.89923  4.72%  22.0 26545s
 39364577 3205772     cutoff   98      4774.00000 4548.89923  4.72%  22.0 26550s
 39373193 3204316 4617.98722   97   31 4774.00000 4548.89923  4.72%  21.9 26555s
 39381726 3202877 4617.98722  101   31 4774.00000 4548.89923  4.72%  21.9 26560s
 39390275 3201447     cutoff  104      4774.00000 4548.89923  4.72%  21.9 26565s
 39397436 3200243     cutoff   98      4774.00000 4548.89923  4.72%  21.9 26570s
 39406060 3198783     cutoff   95      4774.00000 4548.89923  4.72%  21.9 26575s
 39413204 3197578     cutoff   98      4774.00000 4548.89923  4.72%  21.9 26580s
 39421737 3196136 4617.98722   99   31 4774.00000 4548.89923  4.72%  21.9 26585s
 39430357 3194680     cutoff   99      4774.00000 4548.89923  4.72%  21.9 26590s
 39438891 3193234     cutoff  100      4774.00000 4548.89923  4.72%  21.9 26595s
 39447412 3192051     cutoff  105      4774.00000 4548.89923  4.72%  21.9 26600s
 39451899 3191038     cutoff   93      4774.00000 4548.89923  4.72%  21.9 26605s
 39460947 3189547 4617.98722   94   31 4774.00000 4548.89923  4.72%  21.9 26610s
 39468246 3188342     cutoff  101      4774.00000 4548.89923  4.72%  21.9 26615s
 39476916 3186907 4617.98722   91   31 4774.00000 4548.89923  4.72%  21.9 26620s
 39485526 3185484     cutoff   88      4774.00000 4548.89923  4.72%  21.9 26625s
 39494098 3184295     cutoff   94      4774.00000 4548.89923  4.72%  21.9 26630s
 39498408 3183314     cutoff   91      4774.00000 4548.89923  4.72%  21.9 26635s
 39507456 3181828     cutoff   98      4774.00000 4548.89923  4.72%  21.9 26640s
 39514700 3180591     cutoff   94      4774.00000 4548.89923  4.72%  21.9 26645s
 39523366 3179151     cutoff   94      4774.00000 4548.89923  4.72%  21.9 26650s
 39529282 3178171 4617.98722   97   31 4774.00000 4548.89923  4.72%  21.9 26655s
 39538065 3176705     cutoff   94      4774.00000 4548.89923  4.72%  21.9 26660s
 39545265 3175758     cutoff   88      4774.00000 4548.89923  4.72%  21.9 26665s
 39548073 3175012     cutoff   95      4774.00000 4548.89923  4.72%  21.9 26670s
 39557566 3173482     cutoff  103      4774.00000 4548.89923  4.72%  21.9 26675s
 39565116 3172228     cutoff   93      4774.00000 4548.89923  4.72%  21.9 26680s
 39573519 3170823     cutoff   92      4774.00000 4548.89923  4.72%  21.9 26685s
 39581581 3169480     cutoff   86      4774.00000 4548.89923  4.72%  21.9 26690s
 39589026 3168249     cutoff   96      4774.00000 4548.89923  4.72%  21.9 26695s
 39596202 3167046     cutoff   88      4774.00000 4548.89923  4.72%  21.9 26700s
 39603533 3165815     cutoff   94      4774.00000 4548.89923  4.72%  21.9 26705s
 39612271 3164381 4617.98722   93   31 4774.00000 4548.89923  4.72%  21.9 26710s
 39620869 3162938     cutoff  100      4774.00000 4548.89923  4.72%  21.9 26715s
 39629151 3161562     cutoff   99      4774.00000 4548.89923  4.72%  21.9 26720s
 39637887 3160275     cutoff  100      4774.00000 4548.89923  4.72%  21.9 26725s
 39644238 3159027     cutoff  102      4774.00000 4548.89923  4.72%  21.9 26730s
 39653046 3157563 4617.98722   94   31 4774.00000 4548.89923  4.72%  21.9 26735s
 39659336 3156503     cutoff   85      4774.00000 4548.89923  4.72%  21.9 26740s
 39668226 3155034     cutoff   92      4774.00000 4548.89923  4.72%  21.9 26745s
 39676823 3153784 4617.98722   91   31 4774.00000 4548.89923  4.72%  21.9 26750s
 39684682 3152292     cutoff   91      4774.00000 4548.89923  4.72%  21.9 26755s
 39691924 3151079     cutoff   90      4774.00000 4548.89923  4.72%  21.9 26760s
 39701155 3149538 4617.98722   99   31 4774.00000 4548.89923  4.72%  21.9 26765s
 39708441 3148331 4617.98722   98   31 4774.00000 4548.89923  4.72%  21.9 26770s
 39715709 3147287     cutoff  103      4774.00000 4548.89923  4.72%  21.9 26775s
 39723622 3145815     cutoff   96      4774.00000 4548.89923  4.72%  21.9 26780s
 39730493 3145207 infeasible   51      4774.00000 4548.95362  4.71%  21.9 26785s
 39737400 3145111 4577.99750   62   16 4774.00000 4549.00000  4.71%  21.9 26790s
 39745460 3145625 4613.24026   66   16 4774.00000 4549.00565  4.71%  21.9 26795s
 39749614 3146165 4612.78702   46  204 4774.00000 4549.02800  4.71%  21.9 26800s
 39750122 3146278     cutoff   58      4774.00000 4549.02800  4.71%  21.9 26805s
 39753559 3147282     cutoff   49      4774.00000 4549.03100  4.71%  21.9 26810s
 39758143 3147965 4558.90052   31   33 4774.00000 4549.04154  4.71%  21.9 26815s
 39760735 3148175 4555.83051   67   27 4774.00000 4549.04450  4.71%  21.9 26821s
 39767611 3148864 infeasible   65      4774.00000 4549.05500  4.71%  21.9 26826s
 39772973 3149272 4597.36072   72   35 4774.00000 4549.07830  4.71%  21.9 26830s
 39779774 3150005 4553.56871   51   76 4774.00000 4549.10000  4.71%  21.9 26835s
 39784423 3150674 4549.92361   81   21 4774.00000 4549.11628  4.71%  21.9 26840s
 39790958 3150415 4599.15152   52  101 4774.00000 4549.14356  4.71%  21.9 26845s
 39797308 3150722 4608.98277   72   45 4774.00000 4549.17482  4.71%  21.9 26850s
 39807874 3151930     cutoff   85      4774.00000 4549.18245  4.71%  21.9 26855s
 39814521 3152499 infeasible   40      4774.00000 4549.19417  4.71%  21.9 26860s
 39821523 3152376 4578.93422   76   54 4774.00000 4549.23000  4.71%  21.9 26865s
 39829681 3152529 4554.83727   76   40 4774.00000 4549.26276  4.71%  21.9 26871s
 39836803 3152977     cutoff   79      4774.00000 4549.27060  4.71%  21.9 26875s
 39846121 3153481 4615.38163   77   50 4774.00000 4549.27060  4.71%  21.9 26880s
 39855646 3154047     cutoff   76      4774.00000 4549.27060  4.71%  21.9 26885s
 39864632 3154556 4556.56577   74   54 4774.00000 4549.27060  4.71%  21.9 26890s
 39869849 3155132 4599.97462   67   31 4774.00000 4549.29198  4.71%  21.9 26895s
 39875013 3155799 infeasible   52      4774.00000 4549.30198  4.71%  21.9 26900s
 39881107 3156128 4582.17223   45  133 4774.00000 4549.32121  4.71%  21.9 26905s
 39886134 3156317 4576.48833   67   28 4774.00000 4549.35290  4.71%  21.9 26911s
 39893513 3157289 infeasible   83      4774.00000 4549.37560  4.71%  21.9 26915s
 39903227 3159114     cutoff   82      4774.00000 4549.37560  4.71%  21.9 26920s
 39909942 3158730     cutoff   83      4774.00000 4549.38227  4.71%  21.9 26925s
 39912658 3158739 infeasible   85      4774.00000 4549.38600  4.70%  21.9 26930s
 39918713 3159169 4551.40756   49  132 4774.00000 4549.41661  4.70%  21.9 26935s
 39926875 3159712     cutoff   62      4774.00000 4549.44235  4.70%  21.9 26940s
 39934470 3160030 4555.52784   65   50 4774.00000 4549.47085  4.70%  21.9 26945s
 39941918 3160402 4654.63179   58   29 4774.00000 4549.48150  4.70%  21.9 26950s
 39946744 3160299 infeasible   53      4774.00000 4549.50771  4.70%  21.9 26955s
 39953322 3161013 infeasible   59      4774.00000 4549.54932  4.70%  21.9 26960s
 39960485 3161584 4656.45900   65   12 4774.00000 4549.56964  4.70%  21.9 26965s
 39967527 3162059 4551.21403   63   18 4774.00000 4549.58846  4.70%  21.9 26970s
 39974313 3162472 4670.65714   77   53 4774.00000 4549.60767  4.70%  21.9 26975s
 39981145 3162805 4549.61340   76   56 4774.00000 4549.61340  4.70%  21.9 26980s
 39991036 3163096     cutoff   78      4774.00000 4549.61340  4.70%  21.9 26985s
 40000236 3163162 infeasible   78      4774.00000 4549.61340  4.70%  21.9 26990s
 40008358 3163255 infeasible   82      4774.00000 4549.61340  4.70%  21.9 26995s
 40016731 3163272 4647.30996   65   34 4774.00000 4549.62987  4.70%  21.9 27000s
 40022455 3163974 4612.25807   74   38 4774.00000 4549.66374  4.70%  21.9 27005s
 40029444 3164055 infeasible   64      4774.00000 4549.69362  4.70%  21.9 27010s
 40037036 3164570 4612.31176   76   38 4774.00000 4549.72071  4.70%  21.9 27015s
 40045658 3164795     cutoff   53      4774.00000 4549.75139  4.70%  21.9 27020s
 40051682 3164760 4552.48381   58   86 4774.00000 4549.78692  4.70%  21.9 27025s
 40060557 3164653 4551.00668   48   31 4774.00000 4549.81424  4.70%  21.9 27030s
 40067603 3164792 4586.58674   54  115 4774.00000 4549.85959  4.70%  21.9 27035s
 40070934 3164811     cutoff   83      4774.00000 4549.87964  4.69%  21.9 27040s
 40070964 3168075 4637.80534   76   25 4774.00000 4549.88013  4.69%  21.9 27046s
 40087131 3169206 infeasible   67      4774.00000 4549.88042  4.69%  21.9 27050s
 40092883 3168972     cutoff   48      4774.00000 4549.94000  4.69%  21.9 27055s
 40100944 3168749 infeasible   70      4774.00000 4549.99617  4.69%  21.9 27060s
 40108910 3168995 4663.73776   74   37 4774.00000 4550.03513  4.69%  21.9 27065s
 40116600 3169360 4550.03513   73   54 4774.00000 4550.03513  4.69%  21.9 27070s
 40125574 3169725     cutoff   86      4774.00000 4550.03513  4.69%  21.9 27075s
 40133119 3170185 4565.30422   71   52 4774.00000 4550.03513  4.69%  21.9 27080s
 40141727 3170454     cutoff   59      4774.00000 4550.03513  4.69%  21.9 27085s
 40146754 3169648     cutoff   73      4774.00000 4550.09825  4.69%  21.9 27090s
 40154780 3169533 4564.43811   70   34 4774.00000 4550.16380  4.69%  21.9 27095s
 40161639 3168937 infeasible   85      4774.00000 4550.22229  4.69%  21.9 27100s
 40168843 3168221 4552.60120   71   17 4774.00000 4550.29032  4.69%  21.9 27105s
 40176600 3168164     cutoff   71      4774.00000 4550.35750  4.68%  21.9 27110s
 40186870 3168252 4673.85754   49  142 4774.00000 4550.35858  4.68%  21.9 27115s
 40194893 3167723     cutoff   70      4774.00000 4550.40000  4.68%  21.9 27120s
 40203598 3168144 4629.52191   77   24 4774.00000 4550.46048  4.68%  21.9 27125s
 40213955 3167926 4565.30422   68   52 4774.00000 4550.50359  4.68%  21.9 27130s
 40227288 3169421     cutoff   76      4774.00000 4550.51946  4.68%  21.9 27135s
 40230664 3169386 4613.24000   61   14 4774.00000 4550.52950  4.68%  21.9 27141s
 40235104 3168880 4669.55053   74   25 4774.00000 4550.56487  4.68%  21.9 27145s
 40245520 3168878     cutoff   58      4774.00000 4550.60062  4.68%  21.9 27150s
 40250302 3168648 4553.88139   62   53 4774.00000 4550.63839  4.68%  21.9 27155s
 40257429 3169097 4624.68210   80   57 4774.00000 4550.65639  4.68%  21.9 27160s
 40263660 3169655 4662.04424   61   44 4774.00000 4550.65639  4.68%  21.9 27165s
 40271814 3170227 infeasible   71      4774.00000 4550.65639  4.68%  21.9 27170s
 40279522 3170833 4574.88585   72   66 4774.00000 4550.68247  4.68%  21.8 27175s
 40288752 3170903 4656.46000   80   13 4774.00000 4550.68247  4.68%  21.8 27180s
 40296665 3170759 4567.65590   83   61 4774.00000 4550.69940  4.68%  21.8 27185s
 40304714 3170391     cutoff   71      4774.00000 4550.77720  4.68%  21.8 27190s
 40312646 3170651 4558.25327   76   54 4774.00000 4550.78653  4.68%  21.8 27195s
 40320803 3170821 4638.20077   77   44 4774.00000 4550.78653  4.68%  21.8 27200s
 40328838 3170922     cutoff   78      4774.00000 4550.78653  4.68%  21.8 27205s
 40335638 3170888 infeasible   72      4774.00000 4550.78653  4.68%  21.8 27210s
 40343372 3170907 infeasible   50      4774.00000 4550.84511  4.67%  21.8 27215s
 40351346 3170387 4580.37212   74   16 4774.00000 4550.91667  4.67%  21.8 27220s
 40359259 3170270 4638.11584   60   74 4774.00000 4550.96677  4.67%  21.8 27225s
 40367109 3169971 4614.37807   65   33 4774.00000 4551.00000  4.67%  21.8 27230s
 40374406 3169845 4561.54988   66   48 4774.00000 4551.00000  4.67%  21.8 27235s
 40380394 3169579 4668.85800   69   15 4774.00000 4551.02599  4.67%  21.8 27240s
 40388634 3168814     cutoff   72      4774.00000 4551.07517  4.67%  21.8 27245s
 40395005 3168607     cutoff   81      4774.00000 4551.12874  4.67%  21.8 27250s
 40404256 3169129 infeasible   80      4774.00000 4551.12969  4.67%  21.8 27255s
 40413458 3169649 4578.93422   68   54 4774.00000 4551.12969  4.67%  21.8 27260s
 40421012 3169953     cutoff   74      4774.00000 4551.12969  4.67%  21.8 27265s
 40430562 3170386 4558.66921   71   54 4774.00000 4551.12969  4.67%  21.8 27270s
 40438444 3170305 4622.82850   63   13 4774.00000 4551.12969  4.67%  21.8 27275s
 40446006 3170251 4563.92912   60   89 4774.00000 4551.19360  4.67%  21.8 27280s
 40451807 3170099     cutoff   67      4774.00000 4551.23323  4.67%  21.8 27285s
 40458049 3169784 infeasible   55      4774.00000 4551.29272  4.67%  21.8 27290s
 40465311 3169114     cutoff   78      4774.00000 4551.33333  4.66%  21.8 27295s
 40472735 3168939 4559.44810   84   67 4774.00000 4551.36783  4.66%  21.8 27300s
 40481117 3169046 infeasible   89      4774.00000 4551.36870  4.66%  21.8 27305s
 40489723 3169211     cutoff   84      4774.00000 4551.36870  4.66%  21.8 27310s
 40499516 3169197 4551.36870   72   70 4774.00000 4551.36870  4.66%  21.8 27315s
 40503713 3169433 4551.36870   82   70 4774.00000 4551.36870  4.66%  21.8 27320s
 40512912 3169484 infeasible   72      4774.00000 4551.39378  4.66%  21.8 27325s
 40522317 3169472 4551.81078   47   17 4774.00000 4551.43702  4.66%  21.8 27330s
 40529771 3170123     cutoff   80      4774.00000 4551.47646  4.66%  21.8 27335s
 40538314 3170321     cutoff   72      4774.00000 4551.50759  4.66%  21.8 27340s
 40547044 3170259 infeasible   77      4774.00000 4551.50759  4.66%  21.8 27345s
 40554846 3170290     cutoff   76      4774.00000 4551.54667  4.66%  21.8 27350s
 40562479 3170125     cutoff   78      4774.00000 4551.56799  4.66%  21.8 27355s
 40570680 3169717     cutoff   67      4774.00000 4551.63233  4.66%  21.8 27360s
 40578940 3169769 4551.71885   60   53 4774.00000 4551.66667  4.66%  21.8 27365s
 40587048 3169560     cutoff   66      4774.00000 4551.70695  4.66%  21.8 27370s
 40595255 3169023 infeasible   80      4774.00000 4551.77937  4.65%  21.8 27375s
 40601061 3168629 infeasible   57      4774.00000 4551.82208  4.65%  21.8 27380s
 40607917 3168316 4555.01029   72   40 4774.00000 4551.87463  4.65%  21.8 27385s
 40616384 3168383 4579.00000   68   28 4774.00000 4551.93249  4.65%  21.8 27390s
 40622489 3168556 4560.76767   87   56 4774.00000 4551.94985  4.65%  21.8 27395s
 40632005 3169759 4560.75603   79   56 4774.00000 4551.94985  4.65%  21.8 27400s
 40641186 3170621 4674.23487   81   47 4774.00000 4551.94985  4.65%  21.8 27405s
 40650972 3171257 4551.95633   78   56 4774.00000 4551.94985  4.65%  21.8 27410s
 40660631 3171834 4560.78202   76   57 4774.00000 4551.94985  4.65%  21.8 27415s
 40669218 3172479 4551.94985   68   59 4774.00000 4551.94985  4.65%  21.8 27420s
 40678004 3173163 4551.95633   78   56 4774.00000 4551.94985  4.65%  21.8 27426s
 40678313 3173184 4551.94985   71   59 4774.00000 4551.94985  4.65%  21.8 27430s
 40686473 3173446 4560.75000   75   59 4774.00000 4551.94985  4.65%  21.8 27435s
 40695308 3173915     cutoff   80      4774.00000 4551.94985  4.65%  21.8 27440s
 40704009 3174348 4560.75603   79   56 4774.00000 4551.94985  4.65%  21.8 27445s
 40714468 3175246 4551.94985   75   59 4774.00000 4551.94985  4.65%  21.8 27450s
 40724085 3176349 4560.75000   75   58 4774.00000 4551.94985  4.65%  21.8 27455s
 40731561 3177126 4560.75000   74   58 4774.00000 4551.94985  4.65%  21.8 27460s
 40741466 3177789 4551.94985   77   59 4774.00000 4551.94985  4.65%  21.8 27465s
 40751544 3178357 4575.86532   78   57 4774.00000 4551.94985  4.65%  21.8 27470s
 40758837 3179194 4560.78202   75   57 4774.00000 4551.94985  4.65%  21.8 27475s
 40768416 3180035     cutoff   76      4774.00000 4551.94985  4.65%  21.8 27480s
 40776793 3180872 4575.86532   76   57 4774.00000 4551.94985  4.65%  21.8 27485s
 40786002 3181236     cutoff   79      4774.00000 4551.94985  4.65%  21.8 27490s
 40795024 3181854     cutoff   78      4774.00000 4551.94985  4.65%  21.8 27495s
 40805040 3182700     cutoff   77      4774.00000 4551.94985  4.65%  21.8 27500s
 40811793 3183471     cutoff   66      4774.00000 4551.94985  4.65%  21.8 27505s
 40821281 3183644 infeasible   80      4774.00000 4551.95633  4.65%  21.8 27510s
 40829232 3183872 4551.95633   77   56 4774.00000 4551.95633  4.65%  21.8 27515s
 40838388 3184040 4551.96798   84   56 4774.00000 4551.95633  4.65%  21.7 27520s
 40847724 3183203 4560.72780   82   57 4774.00000 4551.95815  4.65%  21.7 27525s
 40856338 3183995 4630.43247   80   46 4774.00000 4551.96150  4.65%  21.7 27530s
 40864525 3184448 4560.76495   81   58 4774.00000 4551.96150  4.65%  21.7 27535s
 40873711 3185007 4591.71329   82   56 4774.00000 4551.96150  4.65%  21.7 27540s
 40880947 3185355 4575.88850   84   57 4774.00000 4551.96150  4.65%  21.7 27545s
 40890223 3185767     cutoff   85      4774.00000 4551.96150  4.65%  21.7 27550s
 40898419 3186276 4551.96798   82   56 4774.00000 4551.96150  4.65%  21.7 27555s
 40907137 3186616 4575.88850   79   57 4774.00000 4551.96150  4.65%  21.7 27560s
 40915500 3186987 4575.88850   79   57 4774.00000 4551.96150  4.65%  21.7 27565s
 40924354 3187137 4575.77264   88   55 4774.00000 4551.96798  4.65%  21.7 27570s
 40933077 3187689 4551.96798   85   56 4774.00000 4551.96798  4.65%  21.7 27575s
 40941589 3188332     cutoff   90      4774.00000 4551.96798  4.65%  21.7 27580s
 40950472 3188246     cutoff   91      4774.00000 4551.96798  4.65%  21.7 27585s
 40961261 3188442 infeasible   89      4774.00000 4551.97963  4.65%  21.7 27590s
 40971858 3188791     cutoff   85      4774.00000 4551.97963  4.65%  21.7 27595s
 40978566 3188981 4659.04234   59   91 4774.00000 4551.97963  4.65%  21.7 27600s
 40986987 3189652 infeasible   46      4774.00000 4552.00000  4.65%  21.7 27605s
 40991373 3190405 infeasible   50      4774.00000 4552.00000  4.65%  21.7 27610s
 40996119 3191088 4590.84313   50   16 4774.00000 4552.00000  4.65%  21.7 27615s
 40999852 3191271 4574.17824   71   27 4774.00000 4552.00000  4.65%  21.7 27620s
 41002212 3191813 4669.57281   53  121 4774.00000 4552.00000  4.65%  21.7 27625s
 41006698 3192383 4553.27895   51  138 4774.00000 4552.00000  4.65%  21.7 27630s
 41012115 3192568 infeasible   68      4774.00000 4552.01808  4.65%  21.7 27635s
 41015012 3193079 4559.64268   43   32 4774.00000 4552.02713  4.65%  21.7 27640s
 41020463 3193565 4552.04567   46   21 4774.00000 4552.03200  4.65%  21.7 27645s
 41026386 3193912 infeasible   49      4774.00000 4552.04600  4.65%  21.7 27650s
 41029757 3194435 4585.96582   40   98 4774.00000 4552.05125  4.65%  21.7 27656s
 41032730 3194823 4552.06250   61   10 4774.00000 4552.05150  4.65%  21.7 27660s
 41037169 3195381 infeasible   45      4774.00000 4552.05950  4.65%  21.7 27665s
 41041128 3195588 infeasible   41      4774.00000 4552.06284  4.65%  21.8 27670s
 41047074 3196277 infeasible   55      4774.00000 4552.08509  4.65%  21.8 27675s
 41052091 3196591     cutoff   75      4774.00000 4552.09125  4.65%  21.8 27680s
 41060542 3196789     cutoff   78      4774.00000 4552.09149  4.65%  21.8 27685s
 41070877 3197076 infeasible   78      4774.00000 4552.09149  4.65%  21.7 27690s
 41079769 3197226     cutoff   79      4774.00000 4552.09149  4.65%  21.7 27695s
 41088605 3197344     cutoff   78      4774.00000 4552.09149  4.65%  21.7 27700s
 41096908 3197526 infeasible   79      4774.00000 4552.09149  4.65%  21.7 27705s
 41105631 3197765     cutoff   74      4774.00000 4552.09149  4.65%  21.7 27710s
 41107649 3197798 4637.95367   79   54 4774.00000 4552.09149  4.65%  21.7 27715s
 41116626 3198048     cutoff   78      4774.00000 4552.09149  4.65%  21.7 27720s
 41123578 3198623 4552.27404   53  144 4774.00000 4552.10000  4.65%  21.7 27725s
 41128143 3199075 4554.47595   62   25 4774.00000 4552.10422  4.65%  21.7 27730s
 41133787 3199508 4561.03010   71   58 4774.00000 4552.12174  4.65%  21.7 27735s
 41142832 3200249     cutoff   75      4774.00000 4552.13146  4.65%  21.7 27740s
 41152205 3200574 4552.13859   73   59 4774.00000 4552.13859  4.65%  21.7 27745s
 41157832 3200922     cutoff   67      4774.00000 4552.13859  4.65%  21.7 27750s
 41170550 3201524 4552.14505   76   56 4774.00000 4552.13859  4.65%  21.7 27755s
 41181615 3202262     cutoff   79      4774.00000 4552.13859  4.65%  21.7 27760s
 41193013 3202798 4655.29630   75   56 4774.00000 4552.13859  4.65%  21.7 27765s
 41203111 3203381 4579.00722   75   57 4774.00000 4552.13859  4.65%  21.7 27770s
 41211935 3203671 4552.13859   71   58 4774.00000 4552.13859  4.65%  21.7 27775s
 41223578 3204333 4579.00722   73   57 4774.00000 4552.13859  4.65%  21.7 27780s
 41232525 3204739 4657.39676   78   53 4774.00000 4552.13859  4.65%  21.7 27785s
 41242332 3205355     cutoff   81      4774.00000 4552.13859  4.65%  21.7 27790s
 41251077 3205780 infeasible   81      4774.00000 4552.13859  4.65%  21.7 27795s
 41261276 3206423 4552.13859   76   59 4774.00000 4552.13859  4.65%  21.7 27800s
 41271422 3206784     cutoff   80      4774.00000 4552.13859  4.65%  21.7 27805s
 41275579 3206926     cutoff   76      4774.00000 4552.13859  4.65%  21.7 27810s
 41284702 3207512 4579.00722   73   57 4774.00000 4552.13859  4.65%  21.7 27815s
 41294336 3207894 4579.00722   77   57 4774.00000 4552.13859  4.65%  21.7 27820s
 41303333 3208257 4561.01635   76   57 4774.00000 4552.13859  4.65%  21.7 27825s
 41313408 3208783 4655.29630   72   56 4774.00000 4552.13859  4.65%  21.7 27830s
 41321724 3209145 4561.00197   80   56 4774.00000 4552.13859  4.65%  21.7 27835s
 41332135 3209618 infeasible   78      4774.00000 4552.13859  4.65%  21.7 27840s
 41341930 3210285 4579.00722   77   57 4774.00000 4552.13859  4.65%  21.7 27845s
 41351551 3210650     cutoff   77      4774.00000 4552.13859  4.65%  21.7 27850s
 41361695 3210957 4591.88384   73   58 4774.00000 4552.13859  4.65%  21.7 27855s
 41371664 3211439     cutoff   76      4774.00000 4552.13859  4.65%  21.7 27860s
 41380011 3211881 4552.13859   75   59 4774.00000 4552.13859  4.65%  21.7 27865s
 41390272 3212494 4591.90200   78   56 4774.00000 4552.13859  4.65%  21.7 27870s
 41399505 3212988     cutoff   78      4774.00000 4552.13859  4.65%  21.7 27875s
 41408193 3213483 4552.13859   75   59 4774.00000 4552.13859  4.65%  21.7 27880s
 41417360 3213906 4591.88384   74   59 4774.00000 4552.13859  4.65%  21.7 27885s
 41427374 3214230     cutoff   77      4774.00000 4552.13859  4.65%  21.6 27890s
 41436049 3214543     cutoff   72      4774.00000 4552.13859  4.65%  21.6 27895s
 41444804 3215058 4561.01635   71   57 4774.00000 4552.13859  4.65%  21.6 27900s
 41455061 3215468 4552.13859   75   59 4774.00000 4552.13859  4.65%  21.6 27905s
 41459475 3215633 infeasible   79      4774.00000 4552.13859  4.65%  21.6 27910s
 41465868 3215921     cutoff   78      4774.00000 4552.13859  4.65%  21.6 27915s
 41474806 3216419 infeasible   79      4774.00000 4552.13859  4.65%  21.6 27920s
 41483795 3216654     cutoff   77      4774.00000 4552.13859  4.65%  21.6 27925s
 41492212 3216960     cutoff   75      4774.00000 4552.13859  4.65%  21.6 27930s
 41502308 3217277     cutoff   79      4774.00000 4552.13859  4.65%  21.6 27935s
 41511175 3217651 4561.01635   75   57 4774.00000 4552.13859  4.65%  21.6 27940s
 41520339 3217982 4552.13859   71   58 4774.00000 4552.13859  4.65%  21.6 27945s
 41530555 3218282 4591.88384   68   58 4774.00000 4552.13859  4.65%  21.6 27950s
 41539173 3218810 4560.98416   70   58 4774.00000 4552.13859  4.65%  21.6 27955s
 41547594 3219151 4733.42745   77   50 4774.00000 4552.13859  4.65%  21.6 27960s
 41557427 3219675 4561.01635   77   57 4774.00000 4552.13859  4.65%  21.6 27965s
 41565845 3219989 4552.13859   71   59 4774.00000 4552.13859  4.65%  21.6 27970s
 41576303 3220312 4579.00722   76   57 4774.00000 4552.13859  4.65%  21.6 27975s
 41584488 3220610 infeasible   78      4774.00000 4552.13859  4.65%  21.6 27980s
 41593572 3221100 infeasible   81      4774.00000 4552.13859  4.65%  21.6 27985s
 41602457 3221489     cutoff   74      4774.00000 4552.13859  4.65%  21.6 27990s
 41611295 3222005 4579.00722   75   57 4774.00000 4552.13859  4.65%  21.6 27995s
 41619875 3222530 infeasible   78      4774.00000 4552.13859  4.65%  21.6 28000s
 41629390 3223057 4552.13859   73   58 4774.00000 4552.13859  4.65%  21.6 28005s
 41633354 3223300 4560.98416   75   58 4774.00000 4552.13859  4.65%  21.6 28010s
 41642404 3223755 4579.00722   71   57 4774.00000 4552.13859  4.65%  21.6 28015s
 41652504 3224253 4552.13859   62   59 4774.00000 4552.13859  4.65%  21.6 28020s
 41663183 3225015 4561.01635   71   57 4774.00000 4552.13859  4.65%  21.6 28025s
 41672393 3225387     cutoff   74      4774.00000 4552.13859  4.65%  21.6 28030s
 41683021 3226035 4579.00722   77   57 4774.00000 4552.13859  4.65%  21.6 28035s
 41693872 3226347 4724.80543   76   52 4774.00000 4552.13859  4.65%  21.6 28040s
 41700361 3226606     cutoff   79      4774.00000 4552.13859  4.65%  21.6 28045s
 41708476 3227047     cutoff   78      4774.00000 4552.13859  4.65%  21.6 28050s
 41719191 3227543 4561.00197   79   56 4774.00000 4552.13859  4.65%  21.6 28055s
 41729741 3228079 4703.74959   79   47 4774.00000 4552.13859  4.65%  21.6 28060s
 41739993 3228688     cutoff   76      4774.00000 4552.13859  4.65%  21.6 28065s
 41750673 3229112 4561.01635   68   57 4774.00000 4552.13859  4.65%  21.6 28070s
 41760815 3229523 4552.15670   76   56 4774.00000 4552.13859  4.65%  21.5 28075s
 41770527 3229934 4552.13859   73   59 4774.00000 4552.13859  4.65%  21.5 28080s
 41781689 3230476 4657.38544   71   53 4774.00000 4552.13859  4.65%  21.5 28085s
 41791184 3230842 infeasible   77      4774.00000 4552.13859  4.65%  21.5 28090s
 41800153 3231182 infeasible   72      4774.00000 4552.13859  4.65%  21.5 28095s
 41811939 3231690     cutoff   78      4774.00000 4552.13859  4.65%  21.5 28100s
 41821248 3232179 4669.52519   72   56 4774.00000 4552.13859  4.65%  21.5 28105s
 41832907 3232582 infeasible   76      4774.00000 4552.13859  4.65%  21.5 28110s
 41842998 3233065 4560.98416   75   59 4774.00000 4552.13859  4.65%  21.5 28115s
 41853304 3233499 4552.13859   74   58 4774.00000 4552.13859  4.65%  21.5 28120s
 41862290 3233916 4655.29630   73   56 4774.00000 4552.13859  4.65%  21.5 28125s
 41866858 3234179     cutoff   74      4774.00000 4552.13859  4.65%  21.5 28130s
 41876692 3234837 4655.29630   74   56 4774.00000 4552.13859  4.65%  21.5 28135s
 41885758 3235273     cutoff   75      4774.00000 4552.13859  4.65%  21.5 28140s
 41896478 3235750 4552.13859   71   59 4774.00000 4552.13859  4.65%  21.5 28145s
 41906959 3236183 4669.52519   72   56 4774.00000 4552.13859  4.65%  21.5 28150s
 41917239 3236782     cutoff   68      4774.00000 4552.13859  4.65%  21.5 28155s
 41927978 3237211 4655.29630   75   56 4774.00000 4552.13859  4.65%  21.5 28160s
 41936934 3237674 infeasible   77      4774.00000 4552.13859  4.65%  21.5 28165s
 41947456 3238284 4561.01635   75   57 4774.00000 4552.13859  4.65%  21.5 28170s
 41957916 3238680     cutoff   81      4774.00000 4552.13859  4.65%  21.5 28175s
 41968485 3239046 4561.01635   75   57 4774.00000 4552.13859  4.65%  21.5 28180s
 41978200 3239448 4552.15670   77   56 4774.00000 4552.13859  4.65%  21.5 28185s
 41988193 3239943     cutoff   77      4774.00000 4552.13859  4.65%  21.5 28190s
 41999155 3240374 4552.14477   64   26 4774.00000 4552.13859  4.65%  21.5 28195s
 42009306 3241050 4552.13859   71   58 4774.00000 4552.13859  4.65%  21.5 28200s
 42020072 3241548 4552.13859   74   59 4774.00000 4552.13859  4.65%  21.5 28205s
 42020087 3241972 4561.01635   75   57 4774.00000 4552.13859  4.65%  21.5 28213s
 42032087 3242080 4561.01635   72   57 4774.00000 4552.13859  4.65%  21.5 28215s
 42041601 3242452 4579.00722   72   57 4774.00000 4552.13859  4.65%  21.5 28220s
 42050807 3242773 infeasible   73      4774.00000 4552.13859  4.65%  21.5 28225s
 42059228 3243130 4552.14505   74   56 4774.00000 4552.14505  4.65%  21.5 28230s
 42063827 3242948 infeasible   82      4774.00000 4552.14505  4.65%  21.5 28235s
 42074570 3243364 infeasible   82      4774.00000 4552.14505  4.65%  21.5 28240s
 42084030 3243773 infeasible   81      4774.00000 4552.14505  4.65%  21.4 28245s
 42092340 3244051 infeasible   82      4774.00000 4552.14505  4.65%  21.4 28250s
 42101432 3244388 infeasible   82      4774.00000 4552.14505  4.65%  21.4 28255s
 42111406 3244885 4552.15022   76   57 4774.00000 4552.14505  4.65%  21.4 28260s
 42120146 3245133 4657.40843   80   53 4774.00000 4552.14505  4.65%  21.4 28265s
 42129325 3245298     cutoff   77      4774.00000 4552.14505  4.65%  21.4 28270s
 42139474 3244718 4560.96196   76   58 4774.00000 4552.14505  4.65%  21.4 28275s
 42148668 3244524 infeasible   78      4774.00000 4552.14505  4.65%  21.4 28280s
 42158166 3244373 4552.14505   75   56 4774.00000 4552.14505  4.65%  21.4 28285s
 42169221 3244344     cutoff   79      4774.00000 4552.14505  4.65%  21.4 28290s
 42179234 3244365     cutoff   79      4774.00000 4552.14505  4.65%  21.4 28295s
 42189364 3244062 4552.14505   75   56 4774.00000 4552.14505  4.65%  21.4 28300s
 42200014 3243707     cutoff   80      4774.00000 4552.14505  4.65%  21.4 28305s
 42209945 3242849 4561.00197   78   56 4774.00000 4552.14505  4.65%  21.4 28310s
 42215385 3242822 infeasible   48      4774.00000 4552.14782  4.65%  21.4 28315s
 42228483 3243214 4552.15024   72   58 4774.00000 4552.15024  4.65%  21.4 28320s
 42239911 3243713 4579.03041   71   57 4774.00000 4552.15024  4.65%  21.4 28325s
 42249507 3244194 4552.15024   75   58 4774.00000 4552.15024  4.65%  21.4 28330s
 42257974 3244431     cutoff   79      4774.00000 4552.15024  4.65%  21.4 28335s
 42269173 3244796 4579.03041   78   57 4774.00000 4552.15024  4.65%  21.4 28340s
 42274957 3244898     cutoff   75      4774.00000 4552.15024  4.65%  21.4 28345s
 42281982 3245012 4552.15024   70   59 4774.00000 4552.15024  4.65%  21.4 28350s
 42292285 3245335 4561.03130   70   57 4774.00000 4552.15024  4.65%  21.4 28355s
 42301947 3245620 4560.99911   75   59 4774.00000 4552.15024  4.65%  21.4 28360s
 42310654 3245848 4552.15024   74   59 4774.00000 4552.15024  4.65%  21.4 28365s
 42319149 3246071 4657.35921   78   51 4774.00000 4552.15024  4.65%  21.4 28370s
 42324468 3246230     cutoff   78      4774.00000 4552.15024  4.65%  21.4 28375s
 42332496 3246494 4579.03041   72   57 4774.00000 4552.15024  4.65%  21.4 28380s
 42341830 3246837     cutoff   72      4774.00000 4552.15024  4.65%  21.4 28385s
 42352212 3247059 infeasible   75      4774.00000 4552.15024  4.65%  21.4 28390s
 42362262 3247290     cutoff   74      4774.00000 4552.15024  4.65%  21.4 28395s
 42371598 3247585 4560.99911   71   59 4774.00000 4552.15024  4.65%  21.4 28400s
 42381775 3247895     cutoff   77      4774.00000 4552.15024  4.65%  21.4 28405s
 42390006 3248060 4591.89549   73   58 4774.00000 4552.15024  4.65%  21.4 28410s
 42400552 3248266 4722.20378   75   48 4774.00000 4552.15024  4.65%  21.4 28415s
 42411247 3248481 4561.00197   77   56 4774.00000 4552.15024  4.65%  21.3 28420s
 42421319 3248814 4722.20378   76   48 4774.00000 4552.15024  4.65%  21.3 28425s
 42429881 3248975 4595.55691   46  158 4774.00000 4552.15024  4.65%  21.3 28430s
 42439900 3249366 4552.15024   67   59 4774.00000 4552.15024  4.65%  21.3 28435s
 42450286 3249504     cutoff   77      4774.00000 4552.15024  4.65%  21.3 28440s
 42460417 3249706 4608.26363   77   53 4774.00000 4552.15024  4.65%  21.3 28445s
 42471470 3250010 4552.15024   72   59 4774.00000 4552.15024  4.65%  21.3 28450s
 42471510 3250395 4561.03130   74   57 4774.00000 4552.15024  4.65%  21.3 28457s
 42486282 3250458 4579.03041   73   57 4774.00000 4552.15024  4.65%  21.3 28460s
 42496074 3250735     cutoff   75      4774.00000 4552.15024  4.65%  21.3 28465s
 42505848 3251058     cutoff   76      4774.00000 4552.15024  4.65%  21.3 28470s
 42515020 3251248 infeasible   77      4774.00000 4552.15024  4.65%  21.3 28475s
 42524620 3251560     cutoff   55      4774.00000 4552.15024  4.65%  21.3 28480s
 42533558 3252578 4560.97360   78   58 4774.00000 4552.15670  4.65%  21.3 28485s
 42541287 3253315 4669.79423   82   53 4774.00000 4552.15670  4.65%  21.3 28490s
 42551251 3253495 4560.97360   77   58 4774.00000 4552.15670  4.65%  21.3 28495s
 42560247 3253347 4608.26363   78   53 4774.00000 4552.15670  4.65%  21.3 28500s
 42569600 3253095 4655.28046   81   55 4774.00000 4552.15670  4.65%  21.3 28505s
 42579714 3252990     cutoff   80      4774.00000 4552.15670  4.65%  21.3 28510s
 42589188 3252656     cutoff   82      4774.00000 4552.15670  4.65%  21.3 28515s
 42592511 3252575 infeasible   80      4774.00000 4552.15670  4.65%  21.3 28520s
 42601221 3252704 4669.43249   79   54 4774.00000 4552.15670  4.65%  21.3 28525s
 42609705 3252756 4677.44662   84   59 4774.00000 4552.15670  4.65%  21.3 28530s
 42618295 3253331 4552.90000   46    4 4774.00000 4552.16213  4.65%  21.3 28535s
 42622364 3254295 4562.90918   56   24 4774.00000 4552.16730  4.65%  21.3 28540s
 42633244 3254195 infeasible   81      4774.00000 4552.16834  4.65%  21.3 28545s
 42641626 3254142 4552.16834   79   56 4774.00000 4552.16834  4.65%  21.3 28550s
 42649471 3254511 4610.37021   54   89 4774.00000 4552.17100  4.65%  21.3 28555s
 42650610 3254888 4700.95759   65   45 4774.00000 4552.17121  4.65%  21.3 28560s
 42656171 3255960 4582.09483   47   28 4774.00000 4552.17635  4.65%  21.3 28565s
 42661142 3256594 infeasible   57      4774.00000 4552.18433  4.65%  21.3 28571s
 42665330 3256919 4552.27923   49   35 4774.00000 4552.19213  4.65%  21.3 28575s
 42670146 3257504 infeasible   64      4774.00000 4552.20163  4.65%  21.3 28581s
 42674283 3257989     cutoff   63      4774.00000 4552.20884  4.65%  21.3 28585s
 42680406 3258528     cutoff   82      4774.00000 4552.21751  4.65%  21.3 28590s
 42684554 3259218 4552.22917   52   19 4774.00000 4552.22725  4.65%  21.3 28595s
 42690684 3260582 4724.61359   61  117 4774.00000 4552.23053  4.65%  21.3 28600s
 42694145 3261160 4552.54121   46   89 4774.00000 4552.23303  4.65%  21.3 28605s
 42698726 3261771     cutoff   49      4774.00000 4552.23894  4.65%  21.3 28610s
 42703689 3262228 4581.21033   48   12 4774.00000 4552.24741  4.65%  21.3 28615s
 42708256 3263096 4664.28991   78   40 4774.00000 4552.25311  4.64%  21.3 28620s
 42713588 3263915 infeasible   50      4774.00000 4552.25799  4.64%  21.3 28625s
 42720517 3264936 4552.26173   65   58 4774.00000 4552.26173  4.64%  21.3 28630s
 42732733 3265348     cutoff   71      4774.00000 4552.26173  4.64%  21.3 28635s
 42743364 3266270     cutoff   75      4774.00000 4552.26173  4.64%  21.3 28640s
 42755285 3266930 4561.02836   73   57 4774.00000 4552.26173  4.64%  21.3 28645s
 42766464 3267112     cutoff   76      4774.00000 4552.26173  4.64%  21.3 28650s
 42777290 3267656 4552.26173   71   59 4774.00000 4552.26173  4.64%  21.3 28655s
 42782046 3267967 4561.01404   82   56 4774.00000 4552.26173  4.64%  21.3 28660s
 42792647 3268455 infeasible   87      4774.00000 4552.26173  4.64%  21.3 28665s
 42803558 3268836     cutoff   68      4774.00000 4552.26173  4.64%  21.3 28670s
 42808979 3269038 4561.02836   73   57 4774.00000 4552.26173  4.64%  21.3 28675s
 42818473 3269363     cutoff   80      4774.00000 4552.26173  4.64%  21.3 28680s
 42829020 3269739 4552.26173   69   59 4774.00000 4552.26173  4.64%  21.3 28685s
 42840220 3270313 4552.26825   77   56 4774.00000 4552.26173  4.64%  21.3 28690s
 42849181 3270674 4578.08356   79   55 4774.00000 4552.26173  4.64%  21.3 28695s
 42860516 3271291 4552.26173   65   59 4774.00000 4552.26173  4.64%  21.3 28700s
 42869309 3271833 4658.43128   78   45 4774.00000 4552.26173  4.64%  21.3 28705s
 42879934 3272335 4552.26173   75   59 4774.00000 4552.26173  4.64%  21.3 28710s
 42889426 3272697 4658.46114   77   47 4774.00000 4552.26173  4.64%  21.3 28715s
 42898362 3272907     cutoff   76      4774.00000 4552.26173  4.64%  21.3 28720s
 42907724 3273236 4560.99658   75   58 4774.00000 4552.26173  4.64%  21.3 28725s
 42916855 3273543     cutoff   78      4774.00000 4552.26173  4.64%  21.3 28730s
 42924606 3273791     cutoff   78      4774.00000 4552.26173  4.64%  21.3 28735s
 42935171 3274134 4561.02836   75   57 4774.00000 4552.26173  4.64%  21.3 28740s
 42944472 3274344     cutoff   79      4774.00000 4552.26173  4.64%  21.3 28745s
 42953293 3274665 4592.01356   76   56 4774.00000 4552.26173  4.64%  21.3 28750s
 42962305 3274957     cutoff   76      4774.00000 4552.26173  4.64%  21.3 28755s
 42971214 3275279 4561.01404   83   56 4774.00000 4552.26173  4.64%  21.3 28760s
 42980496 3275581     cutoff   75      4774.00000 4552.26173  4.64%  21.3 28765s
 42984782 3275673     cutoff   77      4774.00000 4552.26173  4.64%  21.3 28770s
 42993176 3275950 4561.02836   75   57 4774.00000 4552.26173  4.64%  21.3 28775s
 43002191 3276451 4561.02836   75   57 4774.00000 4552.26173  4.64%  21.3 28780s
 43012438 3276946 infeasible   74      4774.00000 4552.26173  4.64%  21.3 28785s
 43021848 3277403 infeasible   75      4774.00000 4552.26173  4.64%  21.3 28790s
 43031703 3277615 infeasible   79      4774.00000 4552.26173  4.64%  21.3 28795s
 43041551 3277892     cutoff   75      4774.00000 4552.26173  4.64%  21.3 28800s
 43050483 3278400 4578.08356   79   55 4774.00000 4552.26173  4.64%  21.2 28805s
 43060152 3278582     cutoff   77      4774.00000 4552.26173  4.64%  21.2 28810s
 43069327 3278845 4592.00699   72   59 4774.00000 4552.26173  4.64%  21.2 28815s
 43078733 3279120 4658.46114   76   47 4774.00000 4552.26173  4.64%  21.2 28820s
 43087339 3279311 4592.00699   75   59 4774.00000 4552.26173  4.64%  21.2 28825s
 43097409 3280001 4578.18784   75   57 4774.00000 4552.26173  4.64%  21.2 28830s
 43107302 3280191 4561.02836   74   57 4774.00000 4552.26173  4.64%  21.2 28835s
 43117611 3280436 4560.99658   74   58 4774.00000 4552.26173  4.64%  21.2 28840s
 43120415 3280640 4578.18784   77   57 4774.00000 4552.26173  4.64%  21.2 28845s
 43131378 3281053 4658.46114   77   47 4774.00000 4552.26173  4.64%  21.2 28850s
 43139479 3281197     cutoff   76      4774.00000 4552.26173  4.64%  21.2 28855s
 43149604 3281516 4578.08356   79   55 4774.00000 4552.26173  4.64%  21.2 28860s
 43160804 3281945 4561.02836   68   57 4774.00000 4552.26173  4.64%  21.2 28865s
 43168964 3282194 4561.02836   75   57 4774.00000 4552.26173  4.64%  21.2 28870s
 43178793 3282553 infeasible   76      4774.00000 4552.26173  4.64%  21.2 28875s
 43186462 3282696 4561.02836   77   57 4774.00000 4552.26173  4.64%  21.2 28880s
 43191292 3282998     cutoff   80      4774.00000 4552.26173  4.64%  21.2 28885s
 43202258 3283220     cutoff   78      4774.00000 4552.26173  4.64%  21.2 28890s
 43210982 3283451 4592.01356   76   56 4774.00000 4552.26173  4.64%  21.2 28895s
 43220297 3283614 4561.02836   77   57 4774.00000 4552.26173  4.64%  21.2 28900s
 43230137 3284120 4658.46114   75   47 4774.00000 4552.26173  4.64%  21.2 28905s
 43239267 3284437 4560.99658   76   58 4774.00000 4552.26173  4.64%  21.2 28910s
 43247711 3284703 infeasible   81      4774.00000 4552.26173  4.64%  21.2 28915s
 43256599 3284999 infeasible   77      4774.00000 4552.26173  4.64%  21.2 28920s
 43265256 3285432 4592.00699   69   59 4774.00000 4552.26173  4.64%  21.2 28925s
 43275039 3285735     cutoff   76      4774.00000 4552.26173  4.64%  21.2 28930s
 43284290 3286180 infeasible   77      4774.00000 4552.26173  4.64%  21.2 28935s
 43292659 3286627 4560.99658   72   58 4774.00000 4552.26173  4.64%  21.2 28940s
 43302581 3287007 infeasible   79      4774.00000 4552.26173  4.64%  21.2 28945s
 43311516 3287212 4561.00241   76   56 4774.00000 4552.26173  4.64%  21.2 28950s
 43320757 3287658 4592.02521   78   56 4774.00000 4552.26173  4.64%  21.2 28955s
 43328725 3287933 infeasible   81      4774.00000 4552.26173  4.64%  21.2 28960s
 43337878 3288218 infeasible   75      4774.00000 4552.26173  4.64%  21.2 28965s
 43347785 3288522 4688.50100   74   47 4774.00000 4552.26173  4.64%  21.2 28970s
 43356605 3288919     cutoff   74      4774.00000 4552.26173  4.64%  21.2 28975s
 43366495 3289213 4638.56770   73   47 4774.00000 4552.26173  4.64%  21.2 28980s
 43375546 3289488 infeasible   73      4774.00000 4552.26173  4.64%  21.2 28985s
 43381488 3289641     cutoff   85      4774.00000 4552.26173  4.64%  21.2 28990s
 43389210 3289844 infeasible   78      4774.00000 4552.26173  4.64%  21.2 28995s
 43394002 3289912 4733.15193   75   51 4774.00000 4552.26173  4.64%  21.2 29000s
 43404043 3290280 4560.99658   74   59 4774.00000 4552.26173  4.64%  21.2 29005s
 43413527 3290518 infeasible   76      4774.00000 4552.26173  4.64%  21.2 29010s
 43422413 3290888 4578.09516   83   55 4774.00000 4552.26173  4.64%  21.2 29015s
 43431567 3291282     cutoff   77      4774.00000 4552.26173  4.64%  21.2 29020s
 43440848 3291597     cutoff   73      4774.00000 4552.26173  4.64%  21.1 29025s
 43450243 3291829     cutoff   75      4774.00000 4552.26173  4.64%  21.1 29030s
 43459440 3292232 4560.99658   70   59 4774.00000 4552.26173  4.64%  21.1 29035s
 43468172 3292682     cutoff   79      4774.00000 4552.26173  4.64%  21.1 29040s
 43478461 3293109 4592.00699   73   59 4774.00000 4552.26173  4.64%  21.1 29045s
 43487926 3293383     cutoff   76      4774.00000 4552.26173  4.64%  21.1 29050s
 43497244 3293925 4655.65909   79   44 4774.00000 4552.26173  4.64%  21.1 29055s
 43506095 3294338 4578.18784   74   57 4774.00000 4552.26173  4.64%  21.1 29060s
 43514715 3294712     cutoff   78      4774.00000 4552.26173  4.64%  21.1 29065s
 43523677 3295091 4578.08356   77   55 4774.00000 4552.26173  4.64%  21.1 29070s
 43533873 3295461     cutoff   74      4774.00000 4552.26173  4.64%  21.1 29075s
 43544444 3295767 4578.18784   76   57 4774.00000 4552.26173  4.64%  21.1 29080s
 43553068 3296109     cutoff   73      4774.00000 4552.26173  4.64%  21.1 29085s
 43562814 3296490     cutoff   76      4774.00000 4552.26173  4.64%  21.1 29090s
 43572499 3296761 4708.36935   75   45 4774.00000 4552.26173  4.64%  21.1 29095s
 43573084 3296785 4708.36935   75   45 4774.00000 4552.26173  4.64%  21.1 29100s
 43581745 3297145     cutoff   75      4774.00000 4552.26173  4.64%  21.1 29105s
 43589570 3297410 4708.36935   75   45 4774.00000 4552.26173  4.64%  21.1 29110s
 43599409 3297792 infeasible   77      4774.00000 4552.26173  4.64%  21.1 29115s
 43609771 3297914     cutoff   74      4774.00000 4552.26173  4.64%  21.1 29120s
 43618241 3298221     cutoff   79      4774.00000 4552.26173  4.64%  21.1 29125s
 43627083 3298866 4552.32250   52   31 4774.00000 4552.26173  4.64%  21.1 29130s
 43632634 3300604 4555.93034   60   82 4774.00000 4552.26350  4.64%  21.1 29135s
 43637241 3300706 infeasible   51      4774.00000 4552.26549  4.64%  21.1 29140s
 43646021 3301512 4552.27336   75   58 4774.00000 4552.26825  4.64%  21.1 29145s
 43657353 3301729 4578.09516   80   55 4774.00000 4552.26825  4.64%  21.1 29150s
 43664728 3301759 infeasible   81      4774.00000 4552.26825  4.64%  21.1 29155s
 43674488 3301948 4552.27990   85   56 4774.00000 4552.26825  4.64%  21.1 29160s
 43683128 3302174     cutoff   79      4774.00000 4552.26825  4.64%  21.1 29165s
 43692927 3302414 4655.66165   80   44 4774.00000 4552.26825  4.64%  21.1 29170s
 43697848 3302485 4658.43463   80   45 4774.00000 4552.26825  4.64%  21.1 29175s
 43707182 3302656 4592.03685   78   56 4774.00000 4552.26825  4.64%  21.1 29180s
 43716858 3302877     cutoff   88      4774.00000 4552.26825  4.64%  21.1 29185s
 43726876 3303116 4592.03685   78   56 4774.00000 4552.26825  4.64%  21.1 29190s
 43737204 3301232 infeasible   78      4774.00000 4552.26825  4.64%  21.1 29195s
 43745713 3301072 4708.37268   77   45 4774.00000 4552.26825  4.64%  21.1 29200s
 43754568 3301329 4592.03685   76   56 4774.00000 4552.26825  4.64%  21.1 29205s
 43764551 3301459 4578.09516   84   55 4774.00000 4552.26825  4.64%  21.1 29210s
 43772420 3301114 4666.17345   81   57 4774.00000 4552.26825  4.64%  21.1 29215s
 43781247 3300796     cutoff   83      4774.00000 4552.26825  4.64%  21.1 29220s
 43791789 3300798     cutoff   80      4774.00000 4552.26825  4.64%  21.1 29225s
 43800432 3300845 4578.09516   80   55 4774.00000 4552.26825  4.64%  21.1 29230s
 43809749 3300815     cutoff   80      4774.00000 4552.26825  4.64%  21.1 29235s
 43819331 3300963     cutoff   81      4774.00000 4552.26825  4.64%  21.1 29240s
 43829547 3300818 4561.01404   85   56 4774.00000 4552.26825  4.64%  21.1 29245s
 43838058 3301093 4552.85088   83   21 4774.00000 4552.27085  4.64%  21.1 29250s
 43846837 3301472 4561.01404   78   56 4774.00000 4552.27336  4.64%  21.1 29255s
 43857111 3301860 4578.21102   74   57 4774.00000 4552.27338  4.64%  21.1 29260s
 43865127 3301967 4578.21102   77   57 4774.00000 4552.27338  4.64%  21.1 29265s
 43875951 3302132     cutoff   72      4774.00000 4552.27338  4.64%  21.0 29270s
 43885004 3302239 4552.27338   74   59 4774.00000 4552.27338  4.64%  21.0 29276s
 43885554 3302264 4578.21102   77   57 4774.00000 4552.27338  4.64%  21.0 29280s
 43895886 3302364 4561.04332   71   57 4774.00000 4552.27338  4.64%  21.0 29285s
 43906735 3302733     cutoff   76      4774.00000 4552.27338  4.64%  21.0 29290s
 43915959 3302995 infeasible   77      4774.00000 4552.27338  4.64%  21.0 29295s
 43925106 3303150 4578.21102   65   57 4774.00000 4552.27338  4.64%  21.0 29300s
 43935479 3303250 4561.04332   76   57 4774.00000 4552.27338  4.64%  21.0 29305s
 43944308 3303408 4552.27338   73   59 4774.00000 4552.27338  4.64%  21.0 29310s
 43954595 3303653 4578.21102   77   57 4774.00000 4552.27338  4.64%  21.0 29315s
 43964560 3303849 4561.01404   78   56 4774.00000 4552.27338  4.64%  21.0 29320s
 43968673 3303924 4578.21102   72   57 4774.00000 4552.27338  4.64%  21.0 29325s
 43978640 3304406 4578.21102   78   57 4774.00000 4552.27338  4.64%  21.0 29330s
 43988917 3304573 4552.27338   75   59 4774.00000 4552.27338  4.64%  21.0 29335s
 44000528 3304852     cutoff   75      4774.00000 4552.27338  4.64%  21.0 29340s
 44009088 3305011 4578.21102   75   57 4774.00000 4552.27338  4.64%  21.0 29345s
 44019279 3305182     cutoff   73      4774.00000 4552.27338  4.64%  21.0 29350s
 44027460 3305526 4561.04332   75   57 4774.00000 4552.27338  4.64%  21.0 29355s
 44036282 3305803     cutoff   77      4774.00000 4552.27338  4.64%  21.0 29360s
 44045528 3305963 4552.27338   74   59 4774.00000 4552.27338  4.64%  21.0 29365s
 44055707 3306112 4578.21102   76   57 4774.00000 4552.27338  4.64%  21.0 29370s
 44064874 3306354     cutoff   71      4774.00000 4552.27338  4.64%  21.0 29375s
 44074586 3306752 4552.27338   73   58 4774.00000 4552.27338  4.64%  21.0 29380s
 44083863 3306962 4578.09516   79   55 4774.00000 4552.27338  4.64%  21.0 29385s
 44093521 3307260     cutoff   76      4774.00000 4552.27338  4.64%  21.0 29390s
 44102130 3307447 4578.09516   77   55 4774.00000 4552.27338  4.64%  21.0 29395s
 44111520 3307612     cutoff   76      4774.00000 4552.27338  4.64%  21.0 29400s
 44120463 3307782     cutoff   78      4774.00000 4552.27338  4.64%  21.0 29405s
 44130723 3308022 4578.21102   72   57 4774.00000 4552.27338  4.64%  21.0 29410s
 44139632 3308217 4578.21102   75   57 4774.00000 4552.27338  4.64%  21.0 29415s
 44148901 3308417     cutoff   78      4774.00000 4552.27338  4.64%  21.0 29420s
 44156296 3308721 4552.27990   80   56 4774.00000 4552.27840  4.64%  21.0 29425s
 44166569 3309116 4560.98602   78   57 4774.00000 4552.27990  4.64%  21.0 29430s
 44175237 3310237 4561.01404   78   56 4774.00000 4552.27990  4.64%  21.0 29435s
 44184242 3310258     cutoff   79      4774.00000 4552.27990  4.64%  21.0 29440s
 44194978 3310253 4578.09516   77   55 4774.00000 4552.27990  4.64%  21.0 29445s
 44203938 3310127 4578.09516   77   55 4774.00000 4552.27990  4.64%  21.0 29450s
 44212301 3310015 4552.27990   76   56 4774.00000 4552.27990  4.64%  21.0 29455s
 44215424 3309959 4552.27990   76   56 4774.00000 4552.27990  4.64%  21.0 29460s
 44223858 3309776 4552.28501   75   58 4774.00000 4552.27990  4.64%  21.0 29465s
 44233559 3308793 infeasible   85      4774.00000 4552.27990  4.64%  21.0 29470s
 44242814 3309259     cutoff   86      4774.00000 4552.27990  4.64%  21.0 29475s
 44252308 3309388 infeasible   82      4774.00000 4552.27990  4.64%  21.0 29480s
 44257083 3309612     cutoff   85      4774.00000 4552.27990  4.64%  20.9 29485s
 44267194 3310103 4560.98602   78   57 4774.00000 4552.27990  4.64%  20.9 29490s
 44276820 3310369 4684.64722   85   45 4774.00000 4552.27990  4.64%  20.9 29495s
 44285483 3310551 4578.09516   82   55 4774.00000 4552.27990  4.64%  20.9 29500s
 44295709 3311178 infeasible   85      4774.00000 4552.27990  4.64%  20.9 29505s
 44304242 3312244 4578.09516   83   55 4774.00000 4552.27990  4.64%  20.9 29510s
 44312936 3312506     cutoff   85      4774.00000 4552.27990  4.64%  20.9 29515s
 44318805 3312890 4552.29155   75   56 4774.00000 4552.29155  4.64%  20.9 29520s
 44328907 3313101 4560.99766   79   58 4774.00000 4552.29155  4.64%  20.9 29525s
 44340885 3313360 4552.29155   83   56 4774.00000 4552.29155  4.64%  20.9 29530s
 44351402 3313591 4560.99766   84   57 4774.00000 4552.29155  4.64%  20.9 29535s
 44361565 3313893 infeasible   85      4774.00000 4552.29155  4.64%  20.9 29540s
 44371856 3314099 infeasible   82      4774.00000 4552.29155  4.64%  20.9 29545s
 44382669 3314145     cutoff   86      4774.00000 4552.29155  4.64%  20.9 29550s
 44393191 3314473 4552.29155   82   56 4774.00000 4552.29155  4.64%  20.9 29555s
 44397542 3314747 4578.10676   83   55 4774.00000 4552.29155  4.64%  20.9 29560s
 44405611 3315336 4552.60216   57   30 4774.00000 4552.29155  4.64%  20.9 29565s
 44415707 3315768 4552.29155   79   56 4774.00000 4552.29155  4.64%  20.9 29570s
 44425164 3316096 4560.99766   83   58 4774.00000 4552.29155  4.64%  20.9 29575s
 44435287 3316360 4662.72159   81   44 4774.00000 4552.29155  4.64%  20.9 29580s
 44445580 3316679     cutoff   82      4774.00000 4552.29155  4.64%  20.9 29585s
 44450898 3317095 infeasible   56      4774.00000 4552.29953  4.64%  20.9 29590s
 44457600 3317353     cutoff   65      4774.00000 4552.30814  4.64%  20.9 29595s
 44461625 3317507 infeasible   46      4774.00000 4552.31500  4.64%  20.9 29600s
 44466187 3317772 4651.31111   53   15 4774.00000 4552.32250  4.64%  20.9 29605s
 44470244 3318111     cutoff   50      4774.00000 4552.32700  4.64%  20.9 29611s
 44475088 3318223 4684.20533   48   17 4774.00000 4552.33716  4.64%  20.9 29615s
 44479463 3318741 infeasible   53      4774.00000 4552.34787  4.64%  20.9 29621s
 44484502 3319236 infeasible   55      4774.00000 4552.36630  4.64%  20.9 29625s
 44491206 3319312     cutoff   64      4774.00000 4552.37641  4.64%  20.9 29630s
 44497592 3319437 4590.05220   53  118 4774.00000 4552.39329  4.64%  20.9 29635s
 44504120 3319344     cutoff   74      4774.00000 4552.41335  4.64%  20.9 29640s
 44507810 3319274 infeasible   75      4774.00000 4552.41426  4.64%  20.9 29645s
 44511778 3319091 infeasible   70      4774.00000 4552.41426  4.64%  20.9 29650s
 44518659 3318898 4552.43496   68   51 4774.00000 4552.43077  4.64%  20.9 29655s
 44527230 3319373 4552.43496   72   52 4774.00000 4552.43496  4.64%  20.9 29660s
 44536744 3319609     cutoff   74      4774.00000 4552.43496  4.64%  20.9 29665s
 44544617 3319925 4560.05024   73   50 4774.00000 4552.43496  4.64%  20.9 29670s
 44554256 3320122 infeasible   78      4774.00000 4552.43496  4.64%  20.9 29675s
 44563440 3320373     cutoff   80      4774.00000 4552.43496  4.64%  20.9 29680s
 44572546 3320588 4640.53481   77   54 4774.00000 4552.43496  4.64%  20.9 29685s
 44581782 3320811     cutoff   76      4774.00000 4552.43496  4.64%  20.9 29690s
 44589612 3320996     cutoff   78      4774.00000 4552.43496  4.64%  20.9 29695s
 44598260 3321303     cutoff   83      4774.00000 4552.44406  4.64%  20.9 29700s
 44606650 3321674 4552.46686   45   16 4774.00000 4552.45003  4.64%  20.9 29705s
 44610511 3322094 4583.23881   56  136 4774.00000 4552.46131  4.64%  20.9 29710s
 44613866 3322257 infeasible   64      4774.00000 4552.46782  4.64%  20.9 29715s
 44618887 3322053 4576.00693   54   77 4774.00000 4552.49701  4.64%  20.9 29720s
 44624079 3322584 infeasible   56      4774.00000 4552.51257  4.64%  20.9 29725s
 44631537 3322404 4552.52774   58   42 4774.00000 4552.52221  4.64%  20.9 29730s
 44639873 3322945 4581.43527   48  132 4774.00000 4552.53862  4.64%  20.9 29735s
 44644883 3323120 4615.32256   54   45 4774.00000 4552.55870  4.64%  20.9 29740s
 44651160 3323533 infeasible   73      4774.00000 4552.58103  4.64%  20.9 29745s
 44657697 3323906 4629.56236   66   22 4774.00000 4552.60000  4.64%  20.9 29750s
 44661793 3324249 4552.63674   65   57 4774.00000 4552.60796  4.64%  20.9 29755s
 44667433 3324607     cutoff   67      4774.00000 4552.62059  4.64%  20.9 29760s
 44673486 3324450     cutoff   57      4774.00000 4552.63103  4.64%  20.9 29765s
 44681345 3324514 4627.65819   49   18 4774.00000 4552.66873  4.64%  20.9 29770s
 44690778 3325560     cutoff   73      4774.00000 4552.67770  4.64%  20.9 29775s
 44697272 3325527 infeasible   45      4774.00000 4552.70985  4.64%  20.9 29780s
 44705176 3325446     cutoff   79      4774.00000 4552.73454  4.63%  20.9 29785s
 44709886 3325532 4657.19550   68   22 4774.00000 4552.75428  4.63%  20.9 29790s
 44719485 3325686 infeasible   66      4774.00000 4552.78962  4.63%  20.9 29795s
 44726130 3326105 4634.28541   68   21 4774.00000 4552.81759  4.63%  20.9 29800s
 44734299 3325678 4668.25890   64   34 4774.00000 4552.86056  4.63%  20.9 29805s
 44739479 3325494 infeasible   52      4774.00000 4552.88522  4.63%  20.9 29810s
 44743888 3325580 4623.79075   75   64 4774.00000 4552.91506  4.63%  20.9 29815s
 44751862 3325730 4574.08403   75   66 4774.00000 4552.91593  4.63%  20.9 29820s
 44760269 3325956 4672.27600   76   65 4774.00000 4552.91593  4.63%  20.9 29825s
 44770446 3326025 4574.08403   72   66 4774.00000 4552.91593  4.63%  20.9 29830s
 44777533 3326187 4623.79075   74   64 4774.00000 4552.91593  4.63%  20.9 29835s
 44785540 3326145 4616.65084   72   16 4774.00000 4552.94860  4.63%  20.9 29840s
 44792217 3326188 infeasible   76      4774.00000 4552.99184  4.63%  20.9 29845s
 44803296 3326450 4553.00236   74   56 4774.00000 4552.99328  4.63%  20.9 29850s
 44811758 3326425 infeasible   56      4774.00000 4553.00613  4.63%  20.9 29855s
 44816746 3326556 4678.19573   68   81 4774.00000 4553.01345  4.63%  20.9 29860s
 44823038 3326404 infeasible   54      4774.00000 4553.04170  4.63%  20.9 29865s
 44830000 3326252 4553.06726   76   68 4774.00000 4553.06726  4.63%  20.9 29870s
 44836765 3326178 4575.47182   82   66 4774.00000 4553.06726  4.63%  20.9 29875s
 44843057 3326067     cutoff   58      4774.00000 4553.10569  4.63%  20.9 29880s
 44852075 3326433 4587.38865   42   18 4774.00000 4553.14358  4.63%  20.9 29885s
 44859622 3326097 infeasible   67      4774.00000 4553.19311  4.63%  20.9 29890s
 44867830 3326240 infeasible   69      4774.00000 4553.22453  4.62%  20.9 29895s
 44875932 3326338 4625.40400   62    7 4774.00000 4553.26252  4.62%  20.9 29900s
 44882694 3326370 4576.41847   50  186 4774.00000 4553.29103  4.62%  20.9 29905s
 44890156 3326288 4646.91300   72   50 4774.00000 4553.33299  4.62%  20.9 29910s
 44897207 3325864 infeasible   39      4774.00000 4553.38127  4.62%  20.9 29915s
 44904812 3325825 4583.34296   82   66 4774.00000 4553.41449  4.62%  20.9 29920s
 44913263 3325910 4560.64568   76   66 4774.00000 4553.41449  4.62%  20.9 29925s
 44923370 3326219     cutoff   83      4774.00000 4553.41449  4.62%  20.9 29930s
 44930867 3326443 4586.05107   69   32 4774.00000 4553.43463  4.62%  20.9 29935s
 44940086 3326143     cutoff   84      4774.00000 4553.46823  4.62%  20.9 29940s
 44950958 3326289 4574.23855   82   55 4774.00000 4553.46823  4.62%  20.9 29945s
 44959367 3326058 4587.74957   49   21 4774.00000 4553.49203  4.62%  20.9 29950s
 44965584 3325589     cutoff   59      4774.00000 4553.54030  4.62%  20.9 29955s
 44968992 3325330     cutoff   64      4774.00000 4553.55919  4.62%  20.9 29960s
 44975925 3324831 4631.14045   68   18 4774.00000 4553.61209  4.62%  20.9 29965s
 44982207 3324538     cutoff   63      4774.00000 4553.65806  4.62%  20.9 29970s
 44989602 3323984 4593.02903   60  119 4774.00000 4553.71429  4.61%  20.9 29975s
 44993839 3323777 4561.80702   62   25 4774.00000 4553.73874  4.61%  20.9 29980s
 45000786 3323917 4553.77628   76   48 4774.00000 4553.76578  4.61%  20.9 29985s
 45014043 3324589     cutoff   88      4774.00000 4553.77628  4.61%  20.9 29990s
 45024307 3324909 4643.30502   84   44 4774.00000 4553.77628  4.61%  20.9 29995s
 45037108 3325125 4553.78498   70   68 4774.00000 4553.78153  4.61%  20.9 30000s
 45046157 3325396 4697.39133   71   29 4774.00000 4553.81846  4.61%  20.9 30005s
 45052550 3325106 4553.86851   77   51 4774.00000 4553.86842  4.61%  20.9 30010s
 45060670 3324639 4568.84456   70   85 4774.00000 4553.92308  4.61%  20.9 30015s
 45067248 3324235 infeasible   72      4774.00000 4553.96941  4.61%  20.9 30020s
 45072454 3324011 4555.19600   66   16 4774.00000 4553.98943  4.61%  20.9 30025s
 45079014 3323707 4600.22168   70   36 4774.00000 4554.00000  4.61%  20.9 30030s
 45085257 3323784 4625.34000   71    6 4774.00000 4554.00000  4.61%  20.9 30035s
 45092253 3323470 infeasible   66      4774.00000 4554.02221  4.61%  20.9 30040s
 45101098 3323399 4568.09249   73   40 4774.00000 4554.06560  4.61%  20.9 30045s
 45108078 3323387 4554.52451   71   40 4774.00000 4554.06560  4.61%  20.9 30050s
 45116601 3323177 4632.12892   65  122 4774.00000 4554.07656  4.61%  20.9 30055s
 45125045 3323257 infeasible   72      4774.00000 4554.10738  4.61%  20.9 30060s
 45133401 3323685     cutoff   78      4774.00000 4554.11668  4.61%  20.9 30065s
 45140029 3323785 4583.24075   80   56 4774.00000 4554.11668  4.61%  20.9 30070s
 45144187 3323903 4562.11512   80   66 4774.00000 4554.11668  4.61%  20.9 30075s
 45152923 3323980 4554.61439   77   41 4774.00000 4554.12432  4.61%  20.9 30080s
 45161700 3324580 4558.37667   65   40 4774.00000 4554.13052  4.61%  20.9 30085s
 45170970 3325478     cutoff   59      4774.00000 4554.15085  4.61%  20.9 30090s
 45178535 3325355 infeasible   79      4774.00000 4554.18667  4.60%  20.9 30095s
 45188151 3326239 4670.18667   73   17 4774.00000 4554.20239  4.60%  20.9 30100s
 45197528 3327734 4554.73552   72   29 4774.00000 4554.22540  4.60%  20.9 30105s
 45205616 3327835 infeasible   62      4774.00000 4554.25500  4.60%  20.9 30110s
 45213202 3328155 4561.08333   65   33 4774.00000 4554.27847  4.60%  20.9 30115s
 45222180 3328377 infeasible   68      4774.00000 4554.29550  4.60%  20.9 30120s
 45229854 3328122 infeasible   64      4774.00000 4554.32333  4.60%  20.9 30125s
 45239362 3327885 4597.71338   70   38 4774.00000 4554.36418  4.60%  20.9 30130s
 45248171 3327970 4602.15363   73   86 4774.00000 4554.39823  4.60%  20.9 30135s
 45256145 3327899 4669.42667   75   18 4774.00000 4554.41667  4.60%  20.9 30140s
 45264614 3327875     cutoff   43      4774.00000 4554.44702  4.60%  20.9 30145s
 45272612 3327516 4554.48900   64   28 4774.00000 4554.47706  4.60%  20.9 30150s
 45278285 3327629 4562.31879   69   67 4774.00000 4554.49648  4.60%  20.9 30155s
 45286568 3326666 4560.44157   74   41 4774.00000 4554.52451  4.60%  20.9 30160s
 45293424 3325883 4568.71489   67   20 4774.00000 4554.52537  4.60%  20.9 30165s
 45300932 3326049 4606.57887   59  137 4774.00000 4554.56055  4.60%  20.9 30170s
 45309279 3325531 4568.20318   79   40 4774.00000 4554.58660  4.60%  20.9 30175s
 45316957 3324812 4624.47757   64   20 4774.00000 4554.59667  4.60%  20.9 30180s
 45320333 3325379 infeasible   47      4774.00000 4554.60000  4.60%  20.9 30187s
 45329501 3325284 4582.06031   56   38 4774.00000 4554.63434  4.60%  20.9 30190s
 45337741 3324634 4600.59214   54   35 4774.00000 4554.66367  4.59%  20.9 30195s
 45345348 3324456 infeasible   86      4774.00000 4554.69669  4.59%  20.9 30200s
 45353104 3323015 infeasible   46      4774.00000 4554.73333  4.59%  20.9 30205s
 45362356 3322403 4594.55249   43   60 4774.00000 4554.77606  4.59%  20.9 30210s
 45369100 3321972     cutoff   70      4774.00000 4554.83066  4.59%  20.9 30215s
 45377244 3321753 4661.74833   52   20 4774.00000 4554.87875  4.59%  20.9 30220s
 45384540 3321652 4637.66274   75   23 4774.00000 4554.91127  4.59%  20.9 30225s
 45390767 3320864 infeasible   66      4774.00000 4554.98460  4.59%  20.9 30230s
 45396284 3321099 4664.78833   54    6 4774.00000 4555.00000  4.59%  20.9 30235s
 45399219 3321191 4630.61827   52  142 4774.00000 4555.00000  4.59%  20.9 30240s
 45405394 3321466 infeasible   59      4774.00000 4555.00000  4.59%  20.9 30246s
 45410861 3321562 infeasible   52      4774.00000 4555.00000  4.59%  20.9 30250s
 45418006 3321866 4556.06959   48  109 4774.00000 4555.00000  4.59%  20.9 30256s
 45425895 3322143 4666.20917   55   16 4774.00000 4555.01976  4.59%  20.9 30260s
 45431067 3323066 4686.14182   60   59 4774.00000 4555.02706  4.59%  20.9 30265s
 45436205 3323733     cutoff   72      4774.00000 4555.03617  4.59%  20.9 30270s
 45441052 3324088 4590.65600   44   10 4774.00000 4555.04600  4.59%  20.9 30275s
 45445262 3323930 infeasible   54      4774.00000 4555.05816  4.59%  20.9 30280s
 45451024 3324220 4555.07949   69   47 4774.00000 4555.07949  4.59%  20.9 30285s
 45461441 3324863 4568.58606   79   44 4774.00000 4555.07949  4.59%  20.9 30290s
 45470628 3325427 4613.77520   80   40 4774.00000 4555.07949  4.59%  20.9 30295s
 45475760 3325849     cutoff   76      4774.00000 4555.07949  4.59%  20.9 30300s
 45484866 3326544 4568.58606   72   44 4774.00000 4555.07949  4.59%  20.9 30305s
 45495175 3327306 4555.10460   77   44 4774.00000 4555.07949  4.59%  20.9 30310s
 45503954 3327929 4587.98966   72   45 4774.00000 4555.07949  4.59%  20.9 30315s
 45513911 3328481     cutoff   77      4774.00000 4555.07949  4.59%  20.9 30320s
 45521876 3328933 infeasible   39      4774.00000 4555.08432  4.59%  20.9 30325s
 45530248 3329553 4667.11954   76   43 4774.00000 4555.09446  4.59%  20.9 30330s
 45539900 3330123 4631.35008   76   37 4774.00000 4555.09446  4.59%  20.9 30335s
 45548209 3330119     cutoff   79      4774.00000 4555.10460  4.59%  20.9 30340s
 45558513 3329765     cutoff   74      4774.00000 4555.10460  4.59%  20.9 30345s
 45567634 3329475     cutoff   76      4774.00000 4555.10460  4.59%  20.9 30350s
 45577643 3329134 4613.77520   76   40 4774.00000 4555.10460  4.59%  20.9 30355s
 45586032 3328820     cutoff   82      4774.00000 4555.10460  4.59%  20.9 30360s
 45595504 3328414     cutoff   83      4774.00000 4555.10460  4.59%  20.9 30365s
 45604965 3328075 4568.58606   71   44 4774.00000 4555.10460  4.59%  20.9 30370s
 45614823 3327741     cutoff   74      4774.00000 4555.10460  4.59%  20.9 30375s
 45625810 3327349     cutoff   76      4774.00000 4555.10460  4.59%  20.9 30380s
 45635332 3326990 4568.58606   71   44 4774.00000 4555.10460  4.59%  20.9 30385s
 45643710 3327442 infeasible   66      4774.00000 4555.11668  4.58%  20.9 30390s
 45645501 3327385 4568.60930   74   44 4774.00000 4555.11958  4.58%  20.9 30395s
 45653698 3327129 4568.60930   77   44 4774.00000 4555.11958  4.58%  20.9 30401s
 45660792 3326936 4555.11958   80   44 4774.00000 4555.11958  4.58%  20.9 30405s
 45670743 3326665 4613.79827   70   40 4774.00000 4555.11958  4.58%  20.9 30410s
 45679621 3326371 4568.60930   80   44 4774.00000 4555.11958  4.58%  20.9 30415s
 45688342 3326511 infeasible   75      4774.00000 4555.12864  4.58%  20.9 30420s
 45695440 3326486 4580.22231   71   38 4774.00000 4555.15063  4.58%  20.9 30425s
 45701300 3326620 infeasible   44      4774.00000 4555.17620  4.58%  20.9 30430s
 45705036 3326572     cutoff   73      4774.00000 4555.18596  4.58%  20.9 30435s
 45711690 3326323 infeasible   57      4774.00000 4555.19320  4.58%  20.9 30440s
 45715842 3326902 4763.94964   50   25 4774.00000 4555.21200  4.58%  20.9 30445s
 45721441 3327512     cutoff   68      4774.00000 4555.23117  4.58%  20.9 30450s
 45728142 3328389 4644.40000   63   12 4774.00000 4555.24254  4.58%  20.9 30455s
 45734725 3329083 4693.44541   55   16 4774.00000 4555.25755  4.58%  20.9 30460s
 45744140 3329676     cutoff   73      4774.00000 4555.25994  4.58%  20.9 30465s
 45747543 3329887 4567.81170   50   84 4774.00000 4555.26667  4.58%  20.9 30470s
 45749589 3330244     cutoff   60      4774.00000 4555.26795  4.58%  20.9 30475s
 45754141 3331032 infeasible   53      4774.00000 4555.27310  4.58%  20.9 30480s
 45761111 3331593 infeasible   52      4774.00000 4555.27500  4.58%  20.9 30486s
 45765152 3331908 4599.20000   52    9 4774.00000 4555.27549  4.58%  20.9 30491s
 45767081 3331994 4574.19306   70   30 4774.00000 4555.27978  4.58%  20.9 30495s
 45774995 3331862 4613.81729   67   43 4774.00000 4555.28482  4.58%  20.9 30500s
 45787072 3333281 4698.41506   52  162 4774.00000 4555.28800  4.58%  20.9 30505s
 45797274 3334713 4629.53375   66   25 4774.00000 4555.29932  4.58%  20.9 30510s
 45806274 3334891 4658.59780   52  124 4774.00000 4555.30150  4.58%  20.9 30515s
 45812141 3335897 infeasible   75      4774.00000 4555.31283  4.58%  20.9 30520s
 45817880 3336436 4555.33028   47   44 4774.00000 4555.31656  4.58%  20.9 30525s
 45826423 3337486     cutoff   82      4774.00000 4555.32782  4.58%  20.9 30530s
 45834438 3338328 4672.83624   67   21 4774.00000 4555.34138  4.58%  20.9 30535s
 45851297 3339820     cutoff   79      4774.00000 4555.34138  4.58%  20.9 30540s
 45860527 3340318 4626.53646   61   80 4774.00000 4555.34650  4.58%  20.9 30545s
 45866241 3341058 4590.59200   45   13 4774.00000 4555.35233  4.58%  20.9 30550s
 45867847 3341234 4555.35600   45   11 4774.00000 4555.35279  4.58%  20.9 30555s
 45870629 3342195 infeasible   48      4774.00000 4555.35402  4.58%  20.9 30561s
 45875516 3342488     cutoff   51      4774.00000 4555.35600  4.58%  20.9 30565s
 45879156 3342888 infeasible   54      4774.00000 4555.36032  4.58%  20.9 30570s
 45887233 3344610 4629.59098   71   24 4774.00000 4555.38429  4.58%  20.9 30575s
 45897297 3345218 4647.36667   43    9 4774.00000 4555.39375  4.58%  20.9 30580s
 45904926 3345539 4583.32765   66   58 4774.00000 4555.40863  4.58%  20.9 30585s
 45910764 3345464 4644.75534   67   48 4774.00000 4555.42508  4.58%  20.9 30590s
 45911185 3345476 4656.65319   53   30 4774.00000 4555.42540  4.58%  20.9 30595s
 45917458 3345798 infeasible   72      4774.00000 4555.44100  4.58%  20.9 30600s
 45922904 3345989 infeasible   34      4774.00000 4555.45607  4.58%  20.9 30605s
 45929241 3346018     cutoff   51      4774.00000 4555.48322  4.58%  20.9 30610s
 45931454 3346150 4719.14225   71   31 4774.00000 4555.48806  4.58%  20.9 30615s
 45941055 3346380 4669.03958   80   43 4774.00000 4555.49112  4.58%  20.9 30620s
 45948949 3346596 4555.51647   76   44 4774.00000 4555.49112  4.58%  20.9 30625s
 45958036 3346863 4571.16165   76   44 4774.00000 4555.49112  4.58%  20.9 30630s
 45965888 3347006 4647.87759   76   43 4774.00000 4555.49112  4.58%  20.9 30635s
 45975841 3347107 infeasible   79      4774.00000 4555.49112  4.58%  20.9 30640s
 45983844 3347278 4669.03958   73   43 4774.00000 4555.49112  4.58%  20.9 30645s
 45992881 3347491     cutoff   78      4774.00000 4555.49112  4.58%  20.9 30650s
 46001044 3347644 4555.49112   75   46 4774.00000 4555.49112  4.58%  20.9 30655s
 46009242 3347827     cutoff   75      4774.00000 4555.49112  4.58%  20.9 30660s
 46017632 3348191     cutoff   72      4774.00000 4555.49112  4.58%  20.9 30665s
 46026146 3348344 4719.82541   77   36 4774.00000 4555.49112  4.58%  20.9 30670s
 46035333 3348482 4571.16165   81   44 4774.00000 4555.49119  4.58%  20.9 30675s
 46040544 3348575     cutoff   48      4774.00000 4555.50000  4.58%  20.9 30680s
 46048092 3348704     cutoff   72      4774.00000 4555.50608  4.58%  20.9 30685s
 46057340 3348888     cutoff   77      4774.00000 4555.50608  4.58%  20.9 30690s
 46065895 3349008 4639.99627   76   28 4774.00000 4555.50608  4.58%  20.9 30695s
 46071446 3348771     cutoff   79      4774.00000 4555.51592  4.58%  20.9 30700s
 46080903 3347425     cutoff   82      4774.00000 4555.51647  4.58%  20.9 30705s
 46088594 3346355 4571.16165   76   44 4774.00000 4555.51647  4.58%  20.9 30710s
 46095379 3345520 4555.51647   81   44 4774.00000 4555.51647  4.58%  20.9 30715s
 46103002 3344261     cutoff   82      4774.00000 4555.51647  4.58%  20.9 30720s
 46111719 3343000     cutoff   73      4774.00000 4555.51647  4.58%  20.9 30725s
 46118891 3341996     cutoff   77      4774.00000 4555.51647  4.58%  20.9 30730s
 46127424 3340754     cutoff   76      4774.00000 4555.51647  4.58%  20.9 30735s
 46135926 3339516     cutoff   72      4774.00000 4555.51647  4.58%  20.9 30740s
 46139733 3339169 4555.51647   73   44 4774.00000 4555.51647  4.58%  20.9 30745s
 46147416 3337862     cutoff   77      4774.00000 4555.51647  4.58%  20.9 30750s
 46154779 3336827     cutoff   79      4774.00000 4555.51647  4.58%  20.9 30755s
 46161893 3335813 4571.16165   76   44 4774.00000 4555.51647  4.58%  20.9 30760s
 46170394 3334584     cutoff   81      4774.00000 4555.51647  4.58%  20.9 30765s
 46178892 3333340     cutoff   80      4774.00000 4555.51647  4.58%  20.9 30770s
 46186082 3332319 4571.16165   73   44 4774.00000 4555.51647  4.58%  20.8 30775s
 46194605 3331059     cutoff   69      4774.00000 4555.51647  4.58%  20.8 30780s
 46201737 3330330 infeasible   72      4774.00000 4555.51953  4.58%  20.8 30785s
 46207915 3329602     cutoff   76      4774.00000 4555.53145  4.58%  20.8 30790s
 46216713 3328407 4571.18489   78   44 4774.00000 4555.53145  4.58%  20.8 30795s
 46224400 3327315 4571.18489   80   44 4774.00000 4555.53145  4.58%  20.8 30800s
 46231590 3326267     cutoff   81      4774.00000 4555.53145  4.58%  20.8 30805s
 46240174 3325047     cutoff   77      4774.00000 4555.53145  4.58%  20.8 30810s
 46247118 3324040     cutoff   73      4774.00000 4555.53145  4.58%  20.8 30815s
 46255387 3322979     cutoff   75      4774.00000 4555.53145  4.58%  20.8 30820s
 46260734 3323598     cutoff   55      4774.00000 4555.54000  4.58%  20.8 30825s
 46267757 3324122 4681.11824   56  151 4774.00000 4555.55129  4.58%  20.8 30830s
 46270039 3323795 infeasible   52      4774.00000 4555.55938  4.58%  20.8 30835s
 46277169 3323839     cutoff   74      4774.00000 4555.59811  4.57%  20.8 30840s
 46283531 3324094 4556.60348   61   25 4774.00000 4555.62933  4.57%  20.8 30845s
 46291308 3323812 infeasible   50      4774.00000 4555.65767  4.57%  20.8 30850s
 46298592 3323054 4568.96929   72   44 4774.00000 4555.67237  4.57%  20.8 30855s
 46309489 3321892     cutoff   78      4774.00000 4555.67237  4.57%  20.8 30860s
 46317467 3321368 4571.20142   74   47 4774.00000 4555.67860  4.57%  20.8 30865s
 46326108 3321892 4555.67860   72   49 4774.00000 4555.67860  4.57%  20.8 30870s
 46334368 3322219     cutoff   82      4774.00000 4555.67860  4.57%  20.8 30875s
 46342609 3322503 infeasible   72      4774.00000 4555.67860  4.57%  20.8 30880s
 46350411 3322443 4571.09695   82   44 4774.00000 4555.67865  4.57%  20.8 30885s
 46358999 3321850 4631.73359   77   37 4774.00000 4555.68762  4.57%  20.8 30890s
 46368162 3322178 4555.71870   75   47 4774.00000 4555.69356  4.57%  20.8 30895s
 46376040 3322327 4617.27778   64   45 4774.00000 4555.69356  4.57%  20.8 30900s
 46384050 3321226     cutoff   83      4774.00000 4555.70373  4.57%  20.8 30905s
 46391454 3320194     cutoff   81      4774.00000 4555.70373  4.57%  20.8 30910s
 46399182 3319125 4555.70373   79   47 4774.00000 4555.70373  4.57%  20.8 30915s
 46407186 3318168 4662.96149   76   45 4774.00000 4555.71870  4.57%  20.8 30920s
 46413867 3317253     cutoff   82      4774.00000 4555.71870  4.57%  20.8 30925s
 46421540 3316780 4559.05986   70   50 4774.00000 4555.73448  4.57%  20.8 30930s
 46428209 3317154 4657.21806   52   99 4774.00000 4555.76354  4.57%  20.8 30935s
 46436467 3317613 4555.81374   56   42 4774.00000 4555.79079  4.57%  20.8 30940s
 46444105 3317277 4668.83217   69   19 4774.00000 4555.83073  4.57%  20.8 30945s
 46447811 3317711 4629.00925   63   12 4774.00000 4555.83782  4.57%  20.8 30950s
 46453135 3318126 4667.39734   58   43 4774.00000 4555.85093  4.57%  20.8 30955s
 46459318 3318577 4601.31836   60   27 4774.00000 4555.86550  4.57%  20.8 30960s
 46467755 3318931     cutoff   58      4774.00000 4555.88920  4.57%  20.8 30965s
 46476340 3318801 infeasible   67      4774.00000 4555.92115  4.57%  20.8 30970s
 46484163 3318747 infeasible   78      4774.00000 4555.94889  4.57%  20.8 30975s
 46492063 3318293 4575.43695   74   56 4774.00000 4555.96107  4.57%  20.8 30980s
 46500156 3318435 infeasible   67      4774.00000 4555.98781  4.57%  20.8 30985s
 46508283 3318535     cutoff   62      4774.00000 4556.00653  4.57%  20.8 30990s
 46515915 3318833 4669.24405   78   30 4774.00000 4556.03259  4.57%  20.8 30995s
 46525061 3319655 4565.01769   68   29 4774.00000 4556.05263  4.57%  20.8 31000s
 46532905 3319299 4670.28895   66   25 4774.00000 4556.08608  4.56%  20.8 31005s
 46538986 3317957     cutoff   83      4774.00000 4556.09040  4.56%  20.8 31010s
 46545623 3316602     cutoff   80      4774.00000 4556.09040  4.56%  20.8 31015s
 46551804 3316265     cutoff   78      4774.00000 4556.10204  4.56%  20.8 31020s
 46559372 3315534 4556.13473   67   34 4774.00000 4556.10717  4.56%  20.8 31025s
 46567345 3315319 infeasible   42      4774.00000 4556.14404  4.56%  20.8 31030s
 46576511 3315367 infeasible   65      4774.00000 4556.18370  4.56%  20.8 31035s
 46583278 3315133 infeasible   55      4774.00000 4556.22199  4.56%  20.8 31040s
 46591192 3314548 4689.75839   49  147 4774.00000 4556.26879  4.56%  20.8 31045s
 46598150 3313912 4572.03470   82   44 4774.00000 4556.30907  4.56%  20.8 31050s
 46604804 3312426 4588.48789   56   26 4774.00000 4556.33899  4.56%  20.8 31055s
 46610660 3311639 4597.24960   47   17 4774.00000 4556.37345  4.56%  20.8 31060s
 46614811 3311319 4651.05369   64   49 4774.00000 4556.41612  4.56%  20.8 31065s
 46615738 3311178 4657.05000   62    9 4774.00000 4556.41888  4.56%  20.8 31070s
 46623641 3311182 4622.03060   84   46 4774.00000 4556.46614  4.56%  20.8 31075s
 46630254 3310585 4605.15344   68   79 4774.00000 4556.51049  4.56%  20.8 31080s
 46637119 3310028 4560.64568   76   66 4774.00000 4556.55426  4.55%  20.8 31085s
 46645079 3309210 4566.05303   63  111 4774.00000 4556.57965  4.55%  20.8 31090s
 46652360 3308606 4556.65990   61   27 4774.00000 4556.63679  4.55%  20.8 31095s
 46660474 3308913     cutoff   59      4774.00000 4556.67923  4.55%  20.8 31100s
 46666920 3308417 infeasible   52      4774.00000 4556.73388  4.55%  20.8 31105s
 46672671 3308165 4566.70759   60   43 4774.00000 4556.77857  4.55%  20.8 31110s
 46678671 3308534     cutoff   45      4774.00000 4556.79698  4.55%  20.8 31115s
 46687186 3308619 4629.52191   72   22 4774.00000 4556.83100  4.55%  20.8 31120s
 46696657 3309118     cutoff   73      4774.00000 4556.85649  4.55%  20.8 31125s
 46707657 3309843     cutoff   77      4774.00000 4556.88554  4.55%  20.8 31130s
 46719283 3310223 infeasible   55      4774.00000 4556.90191  4.55%  20.8 31135s
 46729998 3310946 4669.55053   66   22 4774.00000 4556.92765  4.55%  20.8 31140s
 46738809 3311164 4561.07611   56   51 4774.00000 4556.96000  4.55%  20.8 31145s
 46747296 3311119 4593.15618   77   30 4774.00000 4556.99993  4.55%  20.8 31150s
 46753956 3310805 4608.20083   73   13 4774.00000 4557.04151  4.54%  20.8 31155s
 46758652 3310599     cutoff   67      4774.00000 4557.08495  4.54%  20.8 31160s
 46764611 3310285 4601.37228   70   54 4774.00000 4557.12987  4.54%  20.8 31166s
 46771951 3310349 4582.00000   56    4 4774.00000 4557.16064  4.54%  20.8 31170s
 46776508 3310043 4561.14681   65   42 4774.00000 4557.18578  4.54%  20.8 31175s
 46783969 3310037 4593.40841   62   36 4774.00000 4557.21997  4.54%  20.8 31180s
 46791765 3309548 4557.30948   62   46 4774.00000 4557.28720  4.54%  20.8 31185s
 46800053 3309703     cutoff   80      4774.00000 4557.32112  4.54%  20.8 31190s
 46807916 3309476 4577.98876   55   40 4774.00000 4557.35912  4.54%  20.8 31195s
 46815535 3309429 4557.43333   66   44 4774.00000 4557.40706  4.54%  20.8 31200s
 46822830 3309314 4591.71336   86   41 4774.00000 4557.46426  4.54%  20.8 31205s
 46830586 3308956 4652.26541   65   23 4774.00000 4557.51417  4.53%  20.8 31210s
 46838836 3308675     cutoff   51      4774.00000 4557.57500  4.53%  20.8 31215s
 46842664 3308387 4595.18339   74   60 4774.00000 4557.60000  4.53%  20.8 31220s
 46851066 3308376 4628.69022   69   21 4774.00000 4557.61814  4.53%  20.8 31225s
 46858865 3308007 infeasible   80      4774.00000 4557.65248  4.53%  20.8 31230s
 46865366 3307357     cutoff   56      4774.00000 4557.71630  4.53%  20.8 31235s
 46872126 3307422 infeasible   65      4774.00000 4557.76760  4.53%  20.8 31240s
 46879495 3306814 infeasible   74      4774.00000 4557.82281  4.53%  20.8 31245s
 46887456 3306336 4615.27400   65   26 4774.00000 4557.89612  4.53%  20.8 31250s
 46894738 3305610 infeasible   74      4774.00000 4557.92986  4.53%  20.8 31255s
 46902133 3305216 4594.51463   47   82 4774.00000 4557.95959  4.53%  20.8 31260s
 46908322 3304977 4630.09482   81   45 4774.00000 4558.00000  4.52%  20.8 31265s
 46914675 3305149 infeasible   94      4774.00000 4558.00000  4.52%  20.8 31270s
 46921733 3305200 infeasible   52      4774.00000 4558.00000  4.52%  20.8 31276s
 46924534 3305287 4567.06797   75   22 4774.00000 4558.00000  4.52%  20.8 31280s
 46930578 3305398 infeasible   78      4774.00000 4558.00000  4.52%  20.8 31285s
 46936523 3305396     cutoff   81      4774.00000 4558.00000  4.52%  20.8 31290s
 46944248 3305556 4558.24000   70   22 4774.00000 4558.00000  4.52%  20.8 31296s
 46950779 3305350     cutoff   97      4774.00000 4558.01000  4.52%  20.8 31300s
 46958011 3305131 4558.05660   89   14 4774.00000 4558.03300  4.52%  20.8 31305s
 46965186 3304962 infeasible   78      4774.00000 4558.04703  4.52%  20.8 31310s
 46972694 3304729 infeasible   76      4774.00000 4558.05769  4.52%  20.8 31315s
 46979054 3304460 4669.63492   88   18 4774.00000 4558.09327  4.52%  20.8 31320s
 46986194 3304853 4558.36000   48   13 4774.00000 4558.11375  4.52%  20.8 31325s
 46991019 3305326 4582.03223   58   26 4774.00000 4558.13313  4.52%  20.8 31330s
 46995334 3305203 4565.07863   67   53 4774.00000 4558.15248  4.52%  20.8 31335s
 46998835 3305174 infeasible   56      4774.00000 4558.16364  4.52%  20.9 31340s
 47004312 3305594 4623.56565   62   25 4774.00000 4558.19819  4.52%  20.9 31345s
 47009873 3306250 infeasible   65      4774.00000 4558.21333  4.52%  20.9 31350s
 47016231 3306231 4598.10000   68   21 4774.00000 4558.23444  4.52%  20.9 31355s
 47023175 3305779 4576.35860   74   54 4774.00000 4558.25327  4.52%  20.9 31360s
 47030708 3305758 4583.56523   85   64 4774.00000 4558.25663  4.52%  20.9 31365s
 47037996 3305931 4693.82933   45   20 4774.00000 4558.26667  4.52%  20.9 31370s
 47043544 3306231 4560.18803   59   17 4774.00000 4558.28852  4.52%  20.9 31375s
 47048566 3306194 4559.63079   75   50 4774.00000 4558.30378  4.52%  20.9 31380s
 47051136 3306047 4612.69342   53   20 4774.00000 4558.30825  4.52%  20.9 31385s
 47055987 3306340 infeasible   55      4774.00000 4558.32529  4.52%  20.9 31390s
 47062018 3306748 infeasible   63      4774.00000 4558.34800  4.52%  20.9 31395s
 47067956 3307198 4581.05965   75   24 4774.00000 4558.36451  4.52%  20.9 31400s
 47072497 3307236 4565.39063   53  116 4774.00000 4558.37489  4.52%  20.9 31405s
 47077112 3307400 4590.75733   49   21 4774.00000 4558.39600  4.52%  20.9 31410s
 47081081 3307552 infeasible   61      4774.00000 4558.40000  4.52%  20.9 31416s
 47086203 3308223 4609.15385   67   16 4774.00000 4558.40678  4.52%  20.9 31420s
 47089956 3308646 4656.19620   54  134 4774.00000 4558.41098  4.52%  20.9 31426s
 47095933 3308747 4593.74966   68   57 4774.00000 4558.42397  4.52%  20.9 31430s
 47100474 3308550 infeasible   82      4774.00000 4558.44588  4.52%  20.9 31435s
 47109052 3308803 4654.94090   39  172 4774.00000 4558.46957  4.51%  20.9 31440s
 47115191 3308924 4585.68619   55   59 4774.00000 4558.50000  4.51%  20.9 31445s
 47126339 3309819 infeasible   61      4774.00000 4558.51684  4.51%  20.9 31450s
 47134056 3309736     cutoff   53      4774.00000 4558.54949  4.51%  20.9 31455s
 47142563 3309804     cutoff   50      4774.00000 4558.58788  4.51%  20.9 31460s
 47149350 3309484     cutoff   60      4774.00000 4558.61677  4.51%  20.9 31465s
 47153936 3309673     cutoff   67      4774.00000 4558.63267  4.51%  20.9 31470s
 47159086 3309793 4558.89020   82   22 4774.00000 4558.64198  4.51%  20.9 31477s
 47160044 3309740 infeasible   78      4774.00000 4558.64706  4.51%  20.9 31480s
 47167244 3309490     cutoff   80      4774.00000 4558.66921  4.51%  20.9 31485s
 47174727 3309343 infeasible   70      4774.00000 4558.70500  4.51%  20.9 31490s
 47180501 3309262 4660.29855   55   92 4774.00000 4558.73332  4.51%  20.9 31495s
 47185983 3308915 infeasible   62      4774.00000 4558.76839  4.51%  20.9 31500s
 47192055 3308683 4592.55370   59   16 4774.00000 4558.80206  4.51%  20.9 31505s
 47197656 3308267     cutoff   80      4774.00000 4558.84211  4.51%  20.9 31510s
 47204229 3307712 4579.87602   77   54 4774.00000 4558.87598  4.51%  20.9 31515s
 47210958 3307129 4651.53500   65   22 4774.00000 4558.92093  4.51%  20.9 31520s
 47216962 3306558 infeasible   78      4774.00000 4558.97100  4.50%  20.9 31525s
 47223635 3306065 4585.33899   47   52 4774.00000 4559.00473  4.50%  20.9 31530s
 47227740 3306672 infeasible   45      4774.00000 4559.03199  4.50%  20.9 31535s
 47232960 3306687 infeasible   52      4774.00000 4559.06122  4.50%  20.9 31540s
 47239044 3306753 infeasible   77      4774.00000 4559.08434  4.50%  20.9 31545s
 47242270 3307075 4663.23263   50   26 4774.00000 4559.10088  4.50%  20.9 31550s
 47248610 3307097 4650.79192   77   44 4774.00000 4559.13575  4.50%  20.9 31555s
 47254482 3306944 infeasible   40      4774.00000 4559.16582  4.50%  20.9 31560s
 47263301 3307574 infeasible   53      4774.00000 4559.20557  4.50%  20.9 31565s
 47270456 3307788 4669.49330   77   23 4774.00000 4559.22061  4.50%  20.9 31570s
 47277626 3307435 4604.97099   63   52 4774.00000 4559.25892  4.50%  20.9 31575s
 47286073 3307795     cutoff   57      4774.00000 4559.29000  4.50%  20.9 31580s
 47291450 3307379 4663.34013   56   79 4774.00000 4559.31879  4.50%  20.9 31585s
 47296574 3307170 4672.52779   64  112 4774.00000 4559.35756  4.50%  20.9 31590s
 47303231 3307019 infeasible   46      4774.00000 4559.39117  4.50%  20.9 31595s
 47307106 3306516     cutoff   59      4774.00000 4559.41257  4.49%  20.9 31600s
 47314302 3306020 4581.98420   72   27 4774.00000 4559.46667  4.49%  20.9 31605s
 47322266 3305627 4564.02317   72   19 4774.00000 4559.52727  4.49%  20.9 31610s
 47329552 3305804 4666.16114   71   38 4774.00000 4559.54659  4.49%  20.9 31615s
 47336642 3305384 infeasible   52      4774.00000 4559.58538  4.49%  20.9 31620s
 47342954 3304831 infeasible   81      4774.00000 4559.61667  4.49%  20.9 31625s
 47350721 3304201     cutoff   45      4774.00000 4559.62826  4.49%  20.9 31630s
 47356723 3303675 4569.67068   50  130 4774.00000 4559.67180  4.49%  20.9 31635s
 47359031 3303541 4588.03271   52   86 4774.00000 4559.69442  4.49%  20.9 31640s
 47362905 3303203 4589.41154   62   22 4774.00000 4559.72082  4.49%  20.9 31645s
 47370554 3302585     cutoff   55      4774.00000 4559.77334  4.49%  20.9 31650s
 47377329 3302230     cutoff   91      4774.00000 4559.81635  4.49%  20.9 31655s
 47387878 3303305 4624.91667   79   10 4774.00000 4559.84469  4.49%  20.9 31660s
 47395187 3303530 4614.55102   78   12 4774.00000 4559.86442  4.49%  20.9 31665s
 47406733 3304124 4579.08133   72   21 4774.00000 4559.88244  4.49%  20.9 31670s
 47416077 3304625 4660.26646   62   23 4774.00000 4559.90032  4.48%  20.9 31675s
 47426762 3306108 4629.56236   75   24 4774.00000 4559.93486  4.48%  20.9 31680s
 47437973 3306576     cutoff   62      4774.00000 4559.95558  4.48%  20.9 31685s
 47446059 3307428     cutoff   64      4774.00000 4559.97780  4.48%  20.9 31690s
 47456110 3307769     cutoff   66      4774.00000 4560.00000  4.48%  20.9 31695s
 47462035 3307860 4696.79908   52   84 4774.00000 4560.02288  4.48%  20.9 31700s
 47469912 3307322 4560.05118   70   50 4774.00000 4560.03481  4.48%  20.9 31705s
 47477906 3306668 infeasible   65      4774.00000 4560.04138  4.48%  20.9 31710s
 47483671 3306360 4560.09388   70   39 4774.00000 4560.08756  4.48%  20.9 31715s
 47490790 3304680 4664.80954   74   33 4774.00000 4560.13068  4.48%  20.9 31720s
 47499068 3305136 infeasible   84      4774.00000 4560.17392  4.48%  20.9 31725s
 47513973 3307133 4632.74880   72   21 4774.00000 4560.17392  4.48%  20.9 31730s
 47527695 3308788     cutoff   78      4774.00000 4560.17392  4.48%  20.9 31735s
 47541086 3310959 infeasible   76      4774.00000 4560.17392  4.48%  20.9 31740s
 47555052 3312975 4672.60260   75   20 4774.00000 4560.17392  4.48%  20.9 31745s
 47569504 3314973 4672.60260   83   20 4774.00000 4560.17392  4.48%  20.9 31750s
 47583477 3316655     cutoff   73      4774.00000 4560.17392  4.48%  20.9 31755s
 47596471 3318606 4669.45284   85   24 4774.00000 4560.17392  4.48%  20.9 31760s
 47612280 3320975 4600.12172   72   23 4774.00000 4560.17392  4.48%  20.9 31765s
 47627609 3323210 4672.60260   85   20 4774.00000 4560.17392  4.48%  20.9 31770s
 47642149 3324614 4669.45284   91   21 4774.00000 4560.17392  4.48%  20.9 31775s
 47656741 3326348 4629.49330   75   23 4774.00000 4560.17392  4.48%  20.9 31780s
 47669978 3327875 4669.45284   74   22 4774.00000 4560.17392  4.48%  20.9 31785s
 47683439 3329340 4669.45284   84   24 4774.00000 4560.17392  4.48%  20.9 31790s
 47696947 3331508 4672.60260   81   20 4774.00000 4560.17392  4.48%  20.9 31795s
 47709788 3332706 4672.60260   89   20 4774.00000 4560.17392  4.48%  20.9 31800s
 47724977 3334521 4670.35299   84   25 4774.00000 4560.17392  4.48%  20.8 31805s
 47741237 3336825 4561.11748   68   25 4774.00000 4560.17392  4.48%  20.8 31810s
 47756248 3338774     cutoff   87      4774.00000 4560.17392  4.48%  20.8 31815s
 47769369 3340252 4672.60260   88   20 4774.00000 4560.17392  4.48%  20.8 31820s
 47769701 3340341 infeasible   79      4774.00000 4560.17392  4.48%  20.8 31825s
 47783922 3342079 4672.60260   82   20 4774.00000 4560.17392  4.48%  20.8 31830s
 47798051 3344113 4669.45284   73   22 4774.00000 4560.17392  4.48%  20.8 31835s
 47812952 3345774 4669.45284   82   21 4774.00000 4560.17392  4.48%  20.8 31840s
 47824105 3347295 4669.45284   71   24 4774.00000 4560.17392  4.48%  20.8 31845s
 47835654 3349123 4603.31743   76   22 4774.00000 4560.17392  4.48%  20.8 31850s
 47851289 3351215 4672.60260   83   20 4774.00000 4560.17392  4.48%  20.8 31855s
 47866305 3353282 4669.45284   87   24 4774.00000 4560.17392  4.48%  20.8 31860s
 47881140 3355293 4669.45284   71   21 4774.00000 4560.17392  4.48%  20.8 31865s
 47896298 3357488 4672.60260   78   20 4774.00000 4560.17392  4.48%  20.8 31870s
 47909106 3359843 infeasible   81      4774.00000 4560.17392  4.48%  20.8 31875s
 47924873 3362497 4600.12172   68   27 4774.00000 4560.17392  4.48%  20.8 31880s
 47938355 3364002 4672.60260   76   20 4774.00000 4560.17392  4.48%  20.8 31885s
 47952319 3365759 infeasible   96      4774.00000 4560.17392  4.48%  20.8 31890s
 47966694 3367637 4672.60260   75   20 4774.00000 4560.17392  4.48%  20.8 31895s
 47974795 3367737 4599.26038   70   47 4774.00000 4560.19946  4.48%  20.8 31900s
 47984679 3367767 infeasible   82      4774.00000 4560.21426  4.48%  20.8 31905s
 47998547 3369356 infeasible   91      4774.00000 4560.21426  4.48%  20.8 31910s
 48013692 3371677 4600.16207   72   23 4774.00000 4560.21426  4.48%  20.7 31915s
 48028414 3373796 4672.69006   82   20 4774.00000 4560.21426  4.48%  20.7 31920s
 48042321 3375791 4561.17464   63   26 4774.00000 4560.21426  4.48%  20.7 31925s
 48056034 3377519 4672.69006   88   20 4774.00000 4560.21426  4.48%  20.7 31930s
 48070832 3379748 infeasible   84      4774.00000 4560.21426  4.48%  20.7 31935s
 48084523 3381696 4560.21426   60   24 4774.00000 4560.21426  4.48%  20.7 31940s
 48097932 3384038 4672.69006   83   20 4774.00000 4560.21426  4.48%  20.7 31945s
 48111679 3385552 4629.52191   82   22 4774.00000 4560.21426  4.48%  20.7 31950s
 48125099 3387367 4632.83624   68   21 4774.00000 4560.21426  4.48%  20.7 31955s
 48139975 3389825     cutoff   73      4774.00000 4560.21426  4.48%  20.7 31960s
 48153708 3391777 4669.48146   77   21 4774.00000 4560.21426  4.48%  20.7 31965s
 48168277 3392989     cutoff   69      4774.00000 4560.21426  4.48%  20.7 31970s
 48183137 3395290 4629.54915   70   20 4774.00000 4560.21426  4.48%  20.7 31975s
 48197842 3396829     cutoff   81      4774.00000 4560.21426  4.48%  20.7 31980s
 48213507 3398716 4672.69006   86   20 4774.00000 4560.21426  4.48%  20.7 31985s
 48225431 3399992 4630.46917   65   26 4774.00000 4560.21426  4.48%  20.7 31990s
 48240093 3401227 4672.69006   75   20 4774.00000 4560.21426  4.48%  20.7 31995s
 48253703 3402589 infeasible   86      4774.00000 4560.21426  4.48%  20.7 32000s
 48264866 3405138 4672.69006   74   20 4774.00000 4560.21426  4.48%  20.7 32009s
 48272866 3405138 4632.83624   81   21 4774.00000 4560.21426  4.48%  20.7 32010s
 48287273 3406348 4669.48146   87   23 4774.00000 4560.21426  4.48%  20.7 32015s
 48301910 3408359     cutoff   74      4774.00000 4560.21426  4.48%  20.6 32020s
 48316458 3409894 4629.52191   74   23 4774.00000 4560.21426  4.48%  20.6 32025s
 48331452 3411334 4629.52191   84   23 4774.00000 4560.21426  4.48%  20.6 32030s
 48347057 3413259 4669.48146   84   22 4774.00000 4560.21426  4.48%  20.6 32035s
 48360428 3414686     cutoff   71      4774.00000 4560.21426  4.48%  20.6 32040s
 48372697 3416495 infeasible   79      4774.00000 4560.21426  4.48%  20.6 32045s
 48385475 3418460     cutoff   84      4774.00000 4560.21426  4.48%  20.6 32050s
 48399697 3419897 4672.69006   77   20 4774.00000 4560.21426  4.48%  20.6 32055s
 48415912 3421260 4670.45769   82   20 4774.00000 4560.21426  4.48%  20.6 32060s
 48430678 3423343 4669.48146   86   22 4774.00000 4560.21426  4.48%  20.6 32065s
 48445088 3425840 4669.48146   80   23 4774.00000 4560.21426  4.48%  20.6 32070s
 48458952 3427915 4672.69006   82   20 4774.00000 4560.21426  4.48%  20.6 32075s
 48475242 3429450 4600.16207   70   27 4774.00000 4560.21426  4.48%  20.6 32080s
 48489718 3431619     cutoff   85      4774.00000 4560.21426  4.48%  20.6 32085s
 48502536 3433423 4630.53108   83   22 4774.00000 4560.21426  4.48%  20.6 32090s
 48508982 3433869 4669.48146   84   23 4774.00000 4560.21426  4.48%  20.6 32095s
 48523613 3435456 4669.48146   85   23 4774.00000 4560.21426  4.48%  20.6 32100s
 48538487 3437242 4630.58447   67   25 4774.00000 4560.21426  4.48%  20.6 32105s
 48552940 3439024 4672.69006   78   25 4774.00000 4560.21426  4.48%  20.6 32110s
 48564363 3440443     cutoff   75      4774.00000 4560.21426  4.48%  20.6 32115s
 48578021 3442493 4630.46917   68   26 4774.00000 4560.21426  4.48%  20.5 32120s
 48593858 3444068 4632.83624   69   21 4774.00000 4560.21426  4.48%  20.5 32125s
 48608673 3446373 4629.52191   70   22 4774.00000 4560.21426  4.48%  20.5 32130s
 48624631 3448310 4669.48146   73   21 4774.00000 4560.21426  4.48%  20.5 32135s
 48640713 3450300     cutoff   88      4774.00000 4560.21426  4.48%  20.5 32140s
 48655644 3452426 infeasible   84      4774.00000 4560.21426  4.48%  20.5 32145s
 48671142 3454181     cutoff   85      4774.00000 4560.21426  4.48%  20.5 32150s
 48685552 3455968     cutoff   64      4774.00000 4560.21426  4.48%  20.5 32155s
 48701459 3458039 infeasible   76      4774.00000 4560.21426  4.48%  20.5 32160s
 48713660 3459566 4630.46917   88   26 4774.00000 4560.21426  4.48%  20.5 32165s
 48723571 3462018 4672.69006   80   20 4774.00000 4560.21426  4.48%  20.5 32173s
 48736288 3462414     cutoff   75      4774.00000 4560.21426  4.48%  20.5 32175s
 48752744 3464514 4672.69006   73   20 4774.00000 4560.21426  4.48%  20.5 32180s
 48768339 3466602 4758.29313   92   19 4774.00000 4560.21426  4.48%  20.5 32185s
 48783829 3469056 4629.52191   66   23 4774.00000 4560.21426  4.48%  20.5 32190s
 48798572 3471366 4561.17464   67   27 4774.00000 4560.21426  4.48%  20.5 32195s
 48814835 3472949 4561.17464   65   26 4774.00000 4560.21426  4.48%  20.5 32200s
 48830598 3475452 4669.48146   78   23 4774.00000 4560.21426  4.48%  20.5 32205s
 48846144 3477474     cutoff   92      4774.00000 4560.21426  4.48%  20.5 32210s
 48863690 3479650 infeasible   85      4774.00000 4560.21426  4.48%  20.4 32215s
 48878535 3482022 4670.45769   91   20 4774.00000 4560.21426  4.48%  20.4 32220s
 48894799 3484566 4672.69006   76   20 4774.00000 4560.21426  4.48%  20.4 32225s
 48911583 3486968 4672.69006   84   20 4774.00000 4560.21426  4.48%  20.4 32230s
 48926477 3489297     cutoff   79      4774.00000 4560.21426  4.48%  20.4 32235s
 48941407 3491099     cutoff   78      4774.00000 4560.21426  4.48%  20.4 32240s
 48958491 3493802 4632.83624   70   21 4774.00000 4560.21426  4.48%  20.4 32245s
 48972271 3496895 4630.46917   70   24 4774.00000 4560.21426  4.48%  20.4 32250s
 48983692 3498436 4698.78558   90   16 4774.00000 4560.21426  4.48%  20.4 32255s
 49000352 3500863 4632.83624   85   21 4774.00000 4560.21426  4.48%  20.4 32260s
 49014816 3503535 4670.45769   76   20 4774.00000 4560.21426  4.48%  20.4 32265s
 49021754 3504367 4630.53108   77   22 4774.00000 4560.21426  4.48%  20.4 32270s
 49036134 3506656 4672.69006   83   20 4774.00000 4560.21426  4.48%  20.4 32275s
 49051027 3508850     cutoff   91      4774.00000 4560.21426  4.48%  20.4 32280s
 49066802 3510981     cutoff   87      4774.00000 4560.21426  4.48%  20.4 32285s
 49082479 3512843 4561.17464   66   27 4774.00000 4560.21426  4.48%  20.4 32290s
 49097678 3514637 4629.52191   83   25 4774.00000 4560.21426  4.48%  20.4 32295s
 49110386 3516458 4662.23426   80   17 4774.00000 4560.22092  4.48%  20.4 32300s
 49125033 3518450 4672.74880   94   21 4774.00000 4560.22611  4.48%  20.4 32305s
 49138256 3519744 4669.49330   85   24 4774.00000 4560.22611  4.48%  20.4 32310s
 49153375 3521905 4672.74880   83   21 4774.00000 4560.22611  4.48%  20.4 32315s
 49170291 3523944     cutoff   77      4774.00000 4560.22611  4.48%  20.3 32320s
 49186625 3525977     cutoff   78      4774.00000 4560.22611  4.48%  20.3 32325s
 49198074 3527641 infeasible   83      4774.00000 4560.22611  4.48%  20.3 32330s
 49212470 3529856 4669.49330   87   24 4774.00000 4560.22611  4.48%  20.3 32335s
 49225201 3531659     cutoff   84      4774.00000 4560.22611  4.48%  20.3 32340s
 49238632 3533632 4600.17392   70   26 4774.00000 4560.22611  4.48%  20.3 32345s
 49255259 3535543 4670.48388   84   21 4774.00000 4560.22611  4.48%  20.3 32350s
 49272083 3537082 4672.74880   86   21 4774.00000 4560.22611  4.48%  20.3 32355s
 49286976 3539073 4669.49330   74   26 4774.00000 4560.22611  4.48%  20.3 32360s
 49302115 3541134 4632.89541   83   21 4774.00000 4560.22611  4.48%  20.3 32365s
 49309660 3541781 4672.74880   74   21 4774.00000 4560.22611  4.48%  20.3 32370s
 49321598 3543265 4561.20000   68   27 4774.00000 4560.22611  4.48%  20.3 32375s
 49337413 3545437 4632.89541   93   21 4774.00000 4560.22611  4.48%  20.3 32380s
 49354268 3547616 4672.74880   79   21 4774.00000 4560.22611  4.48%  20.3 32385s
 49370510 3549664 4669.49330   85   23 4774.00000 4560.22611  4.48%  20.3 32390s
 49387127 3551446 4672.74880   85   21 4774.00000 4560.22611  4.48%  20.3 32395s
 49402248 3553644 4672.74880   84   21 4774.00000 4560.22611  4.48%  20.3 32400s
 49417380 3555506 4672.46688   70   21 4774.00000 4560.22611  4.48%  20.3 32405s
 49432986 3557253 4632.89541   72   21 4774.00000 4560.22611  4.48%  20.3 32410s
 49442220 3558759 4672.74880   85   21 4774.00000 4560.22611  4.48%  20.3 32415s
 49453154 3560623 4561.20000   70   23 4774.00000 4560.22611  4.48%  20.3 32420s
 49468937 3563218 4672.74880   85   21 4774.00000 4560.22611  4.48%  20.2 32425s
 49484644 3566005 4672.74880   72   21 4774.00000 4560.22611  4.48%  20.2 32430s
 49500182 3568010 4563.63406   69   27 4774.00000 4560.22611  4.48%  20.2 32435s
 49517115 3569786     cutoff   84      4774.00000 4560.22611  4.48%  20.2 32440s
 49533111 3571724 4672.74880   71   21 4774.00000 4560.22611  4.48%  20.2 32445s
 49547248 3574185 4672.74880   80   21 4774.00000 4560.22611  4.48%  20.2 32450s
 49564144 3576741 4672.74880   79   21 4774.00000 4560.22611  4.48%  20.2 32455s
 49578824 3578607 4629.53375   83   23 4774.00000 4560.22611  4.48%  20.2 32460s
 49596034 3580326 4771.15941   68   19 4774.00000 4560.22611  4.48%  20.2 32465s
 49611517 3582240 4630.49453   74   24 4774.00000 4560.22611  4.48%  20.2 32470s
 49616611 3583168     cutoff   85      4774.00000 4560.22611  4.48%  20.2 32475s
 49632884 3585086     cutoff   79      4774.00000 4560.22611  4.48%  20.2 32480s
 49649979 3586949 infeasible   65      4774.00000 4560.22611  4.48%  20.2 32485s
 49664722 3589457     cutoff   85      4774.00000 4560.22611  4.48%  20.2 32490s
 49681290 3591814     cutoff   78      4774.00000 4560.22611  4.48%  20.2 32495s
 49697887 3593185 4672.74880   84   21 4774.00000 4560.22611  4.48%  20.2 32500s
 49712351 3595652 4560.22611   68   26 4774.00000 4560.22611  4.48%  20.2 32505s
 49730745 3597325     cutoff   85      4774.00000 4560.22611  4.48%  20.2 32510s
 49746739 3599001     cutoff   66      4774.00000 4560.22611  4.48%  20.2 32515s
 49763161 3600859 4632.89541   94   21 4774.00000 4560.22611  4.48%  20.1 32520s
 49777219 3602431 4632.89541   92   21 4774.00000 4560.22611  4.48%  20.1 32525s
 49794031 3605284 4632.89541   78   21 4774.00000 4560.22611  4.48%  20.1 32530s
 49809011 3607037 4669.49330   79   25 4774.00000 4560.22611  4.48%  20.1 32535s
 49825757 3609371     cutoff   78      4774.00000 4560.22611  4.48%  20.1 32540s
 49840103 3612255     cutoff   78      4774.00000 4560.22611  4.48%  20.1 32545s
 49856900 3613915 4670.48388   80   21 4774.00000 4560.22611  4.48%  20.1 32550s
 49872449 3615782 4669.49330   73   25 4774.00000 4560.22611  4.48%  20.1 32555s
 49889253 3618412     cutoff   71      4774.00000 4560.22611  4.48%  20.1 32560s
 49905481 3620938     cutoff   82      4774.00000 4560.22611  4.48%  20.1 32565s
 49921255 3623044 4672.74880   72   21 4774.00000 4560.22611  4.48%  20.1 32570s
 49937610 3625425 4669.49330   71   24 4774.00000 4560.22611  4.48%  20.1 32575s
 49947192 3627337     cutoff   72      4774.00000 4560.22611  4.48%  20.1 32580s
 49956303 3628922 4672.74880   89   21 4774.00000 4560.22611  4.48%  20.1 32585s
 49972679 3630672     cutoff   80      4774.00000 4560.22611  4.48%  20.1 32590s
 49989259 3632509 4632.89541   74   21 4774.00000 4560.22611  4.48%  20.1 32595s
 50003916 3634644 4672.74880   81   21 4774.00000 4560.22611  4.48%  20.1 32600s
 50020936 3637238 4669.49330   81   24 4774.00000 4560.22611  4.48%  20.1 32605s
 50036452 3639069 4670.42374   76   23 4774.00000 4560.22611  4.48%  20.1 32610s
 50052721 3641190 4629.53375   71   24 4774.00000 4560.22611  4.48%  20.1 32615s
 50059251 3642330     cutoff   84      4774.00000 4560.22611  4.48%  20.0 32620s
 50075401 3644903     cutoff   89      4774.00000 4560.22611  4.48%  20.0 32625s
 50090617 3646780 4629.53375   84   26 4774.00000 4560.22611  4.48%  20.0 32630s
 50105644 3648985     cutoff   85      4774.00000 4560.22611  4.48%  20.0 32635s
 50121670 3651196 4669.49330   76   24 4774.00000 4560.22611  4.48%  20.0 32640s
 50137854 3652924 4672.74880   69   21 4774.00000 4560.22611  4.48%  20.0 32645s
 50153433 3655157 4672.74880   78   21 4774.00000 4560.22611  4.48%  20.0 32650s
 50169541 3657224 4669.49330   74   23 4774.00000 4560.22611  4.48%  20.0 32655s
 50186670 3658335 4718.29327   92   22 4774.00000 4560.22611  4.48%  20.0 32660s
 50203420 3660051     cutoff   76      4774.00000 4560.22611  4.48%  20.0 32665s
 50219352 3661429 infeasible   92      4774.00000 4560.22611  4.48%  20.0 32670s
 50236172 3662989 4672.74880   75   21 4774.00000 4560.22611  4.48%  20.0 32675s
 50240800 3664159 infeasible   86      4774.00000 4560.22611  4.48%  20.0 32680s
 50257170 3666103     cutoff   79      4774.00000 4560.22611  4.48%  20.0 32685s
 50272140 3668585 4718.30325   80   20 4774.00000 4560.22611  4.48%  20.0 32690s
 50287307 3670503 4672.74880   73   21 4774.00000 4560.22611  4.48%  20.0 32695s
 50301831 3672742 4632.89541   71   21 4774.00000 4560.22611  4.48%  20.0 32700s
 50316471 3675058 infeasible   81      4774.00000 4560.22611  4.48%  20.0 32705s
 50328834 3675756 4578.76249   76   36 4774.00000 4560.24676  4.48%  20.0 32710s
 50343302 3677764 4561.23179   65   24 4774.00000 4560.25461  4.48%  20.0 32715s
 50358515 3679385 4672.77751   75   20 4774.00000 4560.25461  4.48%  20.0 32720s
 50373092 3680843 4629.55053   87   23 4774.00000 4560.25461  4.48%  19.9 32725s
 50388687 3683219 4669.51008   74   25 4774.00000 4560.25461  4.48%  19.9 32730s
 50403038 3685107 4629.55053   91   26 4774.00000 4560.25461  4.48%  19.9 32735s
 50417713 3687829 4669.51008   81   23 4774.00000 4560.25461  4.48%  19.9 32740s
 50431841 3689932     cutoff   72      4774.00000 4560.25461  4.48%  19.9 32745s
 50446533 3692321 infeasible   88      4774.00000 4560.25461  4.48%  19.9 32750s
 50463299 3694538 4672.77751   92   20 4774.00000 4560.25461  4.48%  19.9 32755s
 50478801 3696099 4632.92368   81   21 4774.00000 4560.25461  4.48%  19.9 32760s
 50494318 3698528 4629.55053   74   22 4774.00000 4560.25461  4.48%  19.9 32765s
 50510294 3700703 4738.94315   74   20 4774.00000 4560.25461  4.48%  19.9 32770s
 50524773 3702906     cutoff   82      4774.00000 4560.25461  4.48%  19.9 32775s
 50536333 3704263     cutoff   69      4774.00000 4560.25461  4.48%  19.9 32780s
 50536523 3704273     cutoff   70      4774.00000 4560.25461  4.48%  19.9 32785s
 50536688 3704300     cutoff   72      4774.00000 4560.25461  4.48%  19.9 32790s
 50536780 3704317 4632.92368   74   21 4774.00000 4560.25461  4.48%  19.9 32795s
 50536954 3704349     cutoff   77      4774.00000 4560.25461  4.48%  19.9 32800s
 50537584 3704408 4630.58136   81   22 4774.00000 4560.25461  4.48%  19.9 32805s
 50546595 3705673 4632.92368   70   21 4774.00000 4560.25461  4.48%  19.9 32810s
 50561634 3706923     cutoff   74      4774.00000 4560.25461  4.48%  19.9 32815s
 50575365 3708851 infeasible   90      4774.00000 4560.25461  4.48%  19.9 32820s
 50590603 3711336     cutoff   84      4774.00000 4560.25461  4.48%  19.9 32825s
 50606275 3713560 4669.51008   75   22 4774.00000 4560.25461  4.48%  19.9 32830s
 50622258 3715493 4670.50478   79   21 4774.00000 4560.25461  4.48%  19.9 32835s
 50638134 3718297     cutoff   80      4774.00000 4560.25461  4.48%  19.9 32840s
 50654894 3719948 4670.44385   74   24 4774.00000 4560.25461  4.48%  19.9 32845s
 50670535 3722686 4672.77751   85   20 4774.00000 4560.25461  4.48%  19.9 32850s
 50686747 3725132     cutoff   75      4774.00000 4560.25461  4.48%  19.9 32855s
 50702677 3726867     cutoff   78      4774.00000 4560.25461  4.48%  19.8 32860s
 50718519 3728485 4669.51008   76   21 4774.00000 4560.25461  4.48%  19.8 32865s
 50734076 3730420     cutoff   68      4774.00000 4560.25461  4.48%  19.8 32870s
 50750083 3732550 4632.92368   88   21 4774.00000 4560.25461  4.48%  19.8 32875s
 50765332 3734759 4629.55053   75   22 4774.00000 4560.25461  4.48%  19.8 32880s
 50780891 3736858     cutoff   61      4774.00000 4560.25497  4.48%  19.8 32885s
 50793559 3738830     cutoff   78      4774.00000 4560.26645  4.48%  19.8 32890s
 50795772 3739139 4672.83624   73   21 4774.00000 4560.26645  4.48%  19.8 32895s
 50812075 3742019 4670.53108   81   22 4774.00000 4560.26645  4.48%  19.8 32900s
 50829000 3744992     cutoff   70      4774.00000 4560.26645  4.48%  19.8 32905s
 50844109 3747573     cutoff   70      4774.00000 4560.26645  4.48%  19.8 32910s
 50860697 3750522 4560.26646   66   24 4774.00000 4560.26645  4.48%  19.8 32915s
 50877276 3753538     cutoff   77      4774.00000 4560.26645  4.48%  19.8 32920s
 50893276 3756443 4629.56236   68   23 4774.00000 4560.26645  4.48%  19.8 32925s
 50910507 3758314 infeasible   86      4774.00000 4560.26645  4.48%  19.8 32930s
 50924705 3761213 4629.56236   75   24 4774.00000 4560.26645  4.48%  19.8 32935s
 50942249 3763198 4669.52191   72   25 4774.00000 4560.26645  4.48%  19.8 32940s
 50957917 3765230     cutoff   93      4774.00000 4560.26646  4.48%  19.8 32945s
 50974132 3766756 4629.56236   86   23 4774.00000 4560.26646  4.48%  19.8 32950s
 50990113 3768678 4771.23514   73   24 4774.00000 4560.26646  4.48%  19.8 32955s
 51005637 3770736 4629.56236   86   25 4774.00000 4560.26646  4.48%  19.8 32960s
 51020977 3772547 4561.25716   67   27 4774.00000 4560.26646  4.48%  19.7 32965s
 51035267 3774593     cutoff   88      4774.00000 4560.26646  4.48%  19.7 32970s
 51051266 3776255 4632.98284   75   21 4774.00000 4560.26646  4.48%  19.7 32975s
 51066563 3778546 4669.52191   75   25 4774.00000 4560.26646  4.48%  19.7 32980s
 51080822 3780636 4632.98284   73   21 4774.00000 4560.26646  4.48%  19.7 32985s
 51096293 3782828 4632.98284   87   26 4774.00000 4560.26646  4.48%  19.7 32990s
 51111354 3784542     cutoff   78      4774.00000 4560.26646  4.48%  19.7 32995s
 51118045 3785175 4600.21426   69   23 4774.00000 4560.26646  4.48%  19.7 33000s
 51133145 3787044 4561.25716   67   26 4774.00000 4560.26646  4.48%  19.7 33005s
 51150446 3788433 4669.52191   75   24 4774.00000 4560.26646  4.48%  19.7 33010s
 51166783 3789837     cutoff   73      4774.00000 4560.26646  4.48%  19.7 33015s
 51183097 3791632     cutoff   94      4774.00000 4560.26646  4.48%  19.7 33020s
 51199939 3793688     cutoff   71      4774.00000 4560.26646  4.48%  19.7 33025s
 51215925 3795952     cutoff   69      4774.00000 4560.26646  4.48%  19.7 33030s
 51230367 3798049 4561.33457   67   23 4774.00000 4560.26646  4.48%  19.7 33035s
 51246243 3799833 4600.21426   66   23 4774.00000 4560.26646  4.48%  19.7 33040s
 51263014 3802113 4632.98284   82   21 4774.00000 4560.26646  4.48%  19.7 33045s
 51278695 3804310 4630.53996   69   22 4774.00000 4560.26646  4.48%  19.7 33050s
 51294718 3805799 4630.60771   69   22 4774.00000 4560.26646  4.48%  19.7 33055s
 51310094 3807504 4672.83624   77   21 4774.00000 4560.26646  4.48%  19.7 33060s
 51327205 3809080     cutoff   75      4774.00000 4560.26646  4.48%  19.7 33065s
 51343645 3811799 4672.83624   90   21 4774.00000 4560.26646  4.48%  19.6 33070s
 51358528 3813900 4771.23514   80   24 4774.00000 4560.26646  4.48%  19.6 33075s
 51374258 3815916 4629.56236   68   25 4774.00000 4560.26646  4.48%  19.6 33080s
 51389977 3817491 4632.98284   83   21 4774.00000 4560.26646  4.48%  19.6 33085s
 51404583 3818958     cutoff   73      4774.00000 4560.26646  4.48%  19.6 33090s
 51419765 3820477 4672.83624   85   21 4774.00000 4560.26646  4.48%  19.6 33095s
 51435898 3822568 4563.73321   67   22 4774.00000 4560.26646  4.48%  19.6 33100s
 51451758 3825129 4629.56236   93   26 4774.00000 4560.26646  4.48%  19.6 33105s
 51465379 3826575 4771.23514   67   24 4774.00000 4560.26646  4.48%  19.6 33110s
 51473605 3827469 4669.52191   92   25 4774.00000 4560.26646  4.48%  19.6 33115s
 51489047 3829542 4632.98284   87   21 4774.00000 4560.26646  4.48%  19.6 33120s
 51505402 3831357     cutoff   70      4774.00000 4560.26646  4.48%  19.6 33125s
 51520353 3833122     cutoff   74      4774.00000 4560.26646  4.48%  19.6 33130s
 51535305 3835108 4672.83624   89   21 4774.00000 4560.26646  4.48%  19.6 33135s
 51551454 3836797 4629.56236   77   23 4774.00000 4560.26646  4.48%  19.6 33140s
 51565362 3839254     cutoff   75      4774.00000 4560.26646  4.48%  19.6 33145s
 51581245 3840741 4632.98284   65   21 4774.00000 4560.26646  4.48%  19.6 33150s
 51597661 3843073 4669.52191   75   26 4774.00000 4560.26646  4.48%  19.6 33155s
 51612236 3845237 4632.98284   76   21 4774.00000 4560.26646  4.48%  19.6 33160s
 51629270 3846874 4629.56236   73   22 4774.00000 4560.26646  4.48%  19.6 33165s
 51646625 3848628 4669.52191   81   26 4774.00000 4560.26646  4.48%  19.6 33170s
 51662598 3850884 infeasible   81      4774.00000 4560.26646  4.48%  19.5 33175s
 51677473 3852573 4630.53996   73   26 4774.00000 4560.26646  4.48%  19.5 33180s
 51693167 3855377     cutoff   71      4774.00000 4560.26646  4.48%  19.5 33185s
 51708377 3856849 4672.83624   81   21 4774.00000 4560.26646  4.48%  19.5 33190s
 51723078 3858797 4669.52191   70   25 4774.00000 4560.26646  4.48%  19.5 33195s
 51737934 3860690 4560.26646   68   27 4774.00000 4560.26646  4.48%  19.5 33200s
 51753087 3862822 4672.83624   78   21 4774.00000 4560.26646  4.48%  19.5 33205s
 51768778 3864549     cutoff   78      4774.00000 4560.26646  4.48%  19.5 33210s
 51774646 3865484 4630.53996   61   23 4774.00000 4560.26646  4.48%  19.5 33215s
 51789701 3867806 4629.56236   86   26 4774.00000 4560.26646  4.48%  19.5 33220s
 51805391 3870077 4632.98284   74   21 4774.00000 4560.26646  4.48%  19.5 33225s
 51821316 3872117 4629.56236   74   24 4774.00000 4560.26646  4.48%  19.5 33230s
 51836440 3873775 4561.25716   63   26 4774.00000 4560.26646  4.48%  19.5 33235s
 51851305 3875696 4629.56236   69   22 4774.00000 4560.26646  4.48%  19.5 33240s
 51867041 3877821 4672.83624   84   21 4774.00000 4560.26646  4.48%  19.5 33245s
 51882521 3879495 4560.26646   72   26 4774.00000 4560.26646  4.48%  19.5 33250s
 51897426 3881295     cutoff   77      4774.00000 4560.26646  4.48%  19.5 33255s
 51911842 3883463 4669.52191   69   22 4774.00000 4560.26646  4.48%  19.5 33260s
 51928062 3885127     cutoff   71      4774.00000 4560.26646  4.48%  19.5 33265s
 51944051 3886650 4629.56236   67   23 4774.00000 4560.26646  4.48%  19.5 33270s
 51960712 3888277 4560.26646   72   23 4774.00000 4560.26646  4.48%  19.5 33275s
 51976700 3890807 4632.98284   81   21 4774.00000 4560.26646  4.48%  19.5 33280s
 51992022 3892706 4669.52191   68   22 4774.00000 4560.26646  4.48%  19.4 33285s
 52007098 3895065     cutoff   78      4774.00000 4560.26646  4.48%  19.4 33290s
 52021999 3897503 4670.46917   70   26 4774.00000 4560.26646  4.48%  19.4 33295s
 52035582 3899178 4669.52191   67   24 4774.00000 4560.26646  4.48%  19.4 33300s
 52051247 3901443 4669.52191   82   24 4774.00000 4560.26646  4.48%  19.4 33305s
 52068715 3903595 4561.25716   68   23 4774.00000 4560.26646  4.48%  19.4 33310s
 52084442 3905630 4670.53108   77   22 4774.00000 4560.26646  4.48%  19.4 33315s
 52094272 3906672     cutoff   71      4774.00000 4560.26646  4.48%  19.4 33320s
 52106002 3908200     cutoff   79      4774.00000 4560.26646  4.48%  19.4 33325s
 52121085 3909960     cutoff   78      4774.00000 4560.26646  4.48%  19.4 33330s
 52136445 3911675 4672.83624   81   21 4774.00000 4560.26646  4.48%  19.4 33335s
 52151822 3913720 4560.26646   65   23 4774.00000 4560.26646  4.48%  19.4 33340s
 52167532 3915844 4670.53108   79   22 4774.00000 4560.26646  4.48%  19.4 33345s
 52183097 3917954 4672.83624   73   21 4774.00000 4560.26646  4.48%  19.4 33350s
 52199791 3919856 4632.98284   66   21 4774.00000 4560.26646  4.48%  19.4 33355s
 52214315 3921239 4670.53108   77   22 4774.00000 4560.26646  4.48%  19.4 33360s
 52230387 3923464 4669.52191   75   24 4774.00000 4560.26646  4.48%  19.4 33365s
 52244049 3925696 4629.56236   79   25 4774.00000 4560.26646  4.48%  19.4 33370s
 52262388 3927922 4669.52191   76   22 4774.00000 4560.26646  4.48%  19.4 33375s
 52277629 3930017 4672.83624   74   21 4774.00000 4560.26646  4.48%  19.4 33380s
 52293626 3931681     cutoff   71      4774.00000 4560.26646  4.48%  19.4 33385s
 52306647 3933570 4629.56236   68   22 4774.00000 4560.26646  4.48%  19.4 33390s
 52321719 3935608     cutoff   76      4774.00000 4560.26646  4.48%  19.4 33395s
 52335080 3938066 4630.60771   72   22 4774.00000 4560.26646  4.48%  19.3 33400s
 52352435 3940158     cutoff   80      4774.00000 4560.26646  4.48%  19.3 33405s
 52369503 3941990 4669.52191   76   25 4774.00000 4560.26646  4.48%  19.3 33410s
 52385244 3943736     cutoff   83      4774.00000 4560.26646  4.48%  19.3 33415s
 52399407 3945753 4670.46917   74   26 4774.00000 4560.26646  4.48%  19.3 33420s
 52415653 3948264 4669.52191   74   24 4774.00000 4560.26646  4.48%  19.3 33425s
 52426150 3950756 4672.83624   78   21 4774.00000 4560.26646  4.48%  19.3 33435s
 52451905 3952801 4560.26646   73   23 4774.00000 4560.26646  4.48%  19.3 33440s
 52466343 3954254     cutoff   71      4774.00000 4560.26646  4.48%  19.3 33445s
 52481000 3955800     cutoff   77      4774.00000 4560.26646  4.48%  19.3 33450s
 52497889 3957466 4669.52191   73   23 4774.00000 4560.26646  4.48%  19.3 33455s
 52513965 3959028     cutoff   82      4774.00000 4560.26646  4.48%  19.3 33460s
 52530661 3960992     cutoff   80      4774.00000 4560.26646  4.48%  19.3 33465s
 52546638 3963222 4669.52191   68   22 4774.00000 4560.26646  4.48%  19.3 33470s
 52562902 3965130 4669.52191   80   23 4774.00000 4560.26646  4.48%  19.3 33475s
 52577374 3966352 4771.23514   91   19 4774.00000 4560.26646  4.48%  19.3 33480s
 52593219 3968293 infeasible   84      4774.00000 4560.26646  4.48%  19.3 33485s
 52606236 3969857 4629.57420   95   23 4774.00000 4560.27829  4.48%  19.3 33490s
 52622882 3971437 4629.57420   80   25 4774.00000 4560.27829  4.48%  19.3 33495s
 52640039 3973481 4629.57420   70   24 4774.00000 4560.27829  4.48%  19.3 33500s
 52657226 3976042 4669.56234   78   22 4774.00000 4560.27829  4.48%  19.3 33505s
 52671784 3977075 4633.04201   78   21 4774.00000 4560.27830  4.48%  19.2 33510s
 52688299 3979269 4633.04201   77   21 4774.00000 4560.27830  4.48%  19.2 33515s
 52704743 3980869     cutoff   76      4774.00000 4560.27830  4.48%  19.2 33520s
 52721094 3982365 4633.04201   69   21 4774.00000 4560.27830  4.48%  19.2 33525s
 52736483 3983999 4672.89541   72   21 4774.00000 4560.27830  4.48%  19.2 33530s
 52751245 3985869 4672.89541   76   21 4774.00000 4560.27830  4.48%  19.2 33535s
 52768074 3987702     cutoff   83      4774.00000 4560.27830  4.48%  19.2 33540s
 52780694 3988824 4669.53375   65   24 4774.00000 4560.27830  4.48%  19.2 33545s
 52789200 3990160 4630.56532   63   23 4774.00000 4560.27830  4.48%  19.2 33550s
 52806157 3991830 4672.89541   85   21 4774.00000 4560.27830  4.48%  19.2 33555s
 52822897 3993414     cutoff   82      4774.00000 4560.27830  4.48%  19.2 33560s
 52839866 3994982 4561.28252   68   26 4774.00000 4560.27830  4.48%  19.2 33565s
 52854860 3996719 4629.57420   85   22 4774.00000 4560.27830  4.48%  19.2 33570s
 52872128 3998145 4629.57420   73   25 4774.00000 4560.27830  4.48%  19.2 33575s
 52886798 3999943 4669.53375   75   22 4774.00000 4560.27830  4.48%  19.2 33580s
 52902958 4002146 4633.04201   80   21 4774.00000 4560.27830  4.48%  19.2 33585s
 52917852 4003692 4633.04201   69   21 4774.00000 4560.27830  4.48%  19.2 33590s
 52935041 4004805 4672.89541   75   21 4774.00000 4560.27830  4.48%  19.2 33595s
 52950295 4005959     cutoff   73      4774.00000 4560.27830  4.48%  19.2 33600s
 52967379 4007163 4561.28252   64   27 4774.00000 4560.27830  4.48%  19.2 33605s
 52984436 4008803 4672.89541   85   21 4774.00000 4560.27830  4.48%  19.2 33610s
 53000515 4010271 4629.57420   72   22 4774.00000 4560.27830  4.48%  19.2 33615s
 53017837 4012223 4672.89541   82   21 4774.00000 4560.27830  4.48%  19.1 33620s
 53034470 4013598     cutoff   83      4774.00000 4560.27830  4.48%  19.1 33625s
 53050138 4015574 4669.53375   80   24 4774.00000 4560.27830  4.48%  19.1 33630s
 53065185 4017623 4561.28252   68   27 4774.00000 4560.27830  4.48%  19.1 33635s
 53081831 4018933 4669.53375   75   24 4774.00000 4560.27830  4.48%  19.1 33640s
 53095754 4019967 4669.53375   81   25 4774.00000 4560.27830  4.48%  19.1 33645s
 53097054 4020050 4672.89541   74   21 4774.00000 4560.27830  4.48%  19.1 33650s
 53112322 4021968     cutoff   84      4774.00000 4560.27830  4.48%  19.1 33655s
 53126659 4023873 4672.89541   93   21 4774.00000 4560.27830  4.48%  19.1 33660s
 53143967 4025525     cutoff   89      4774.00000 4560.27830  4.48%  19.1 33665s
 53160228 4027192 4630.56532   75   26 4774.00000 4560.27830  4.48%  19.1 33670s
 53173970 4028508 4592.00579   81   33 4774.00000 4560.28767  4.48%  19.1 33675s
 53184693 4028719 4560.30681   71   23 4774.00000 4560.29421  4.48%  19.1 33680s
 53198800 4030611 4629.59098   89   23 4774.00000 4560.30681  4.48%  19.1 33685s
 53212711 4032682 4669.55053   74   23 4774.00000 4560.30681  4.48%  19.1 33690s
 53229329 4035157     cutoff   89      4774.00000 4560.30681  4.48%  19.1 33695s
 53245850 4037326 4600.25461   64   27 4774.00000 4560.30681  4.48%  19.1 33700s
 53262328 4039302     cutoff   65      4774.00000 4560.30681  4.48%  19.1 33705s
 53277921 4042064     cutoff   80      4774.00000 4560.30681  4.48%  19.1 33710s
 53295212 4044302     cutoff   80      4774.00000 4560.30681  4.48%  19.1 33715s
 53306209 4045990 4633.07028   70   21 4774.00000 4560.30681  4.48%  19.1 33720s
 53317633 4047759 4672.92368   76   21 4774.00000 4560.30681  4.48%  19.1 33725s
 53335257 4050677 4629.59098   83   23 4774.00000 4560.30681  4.48%  19.1 33730s
 53351641 4052701 4670.58136   75   22 4774.00000 4560.30681  4.48%  19.1 33735s
 53367494 4055321 infeasible   72      4774.00000 4560.30681  4.48%  19.1 33740s
 53383917 4057971 4560.30681   62   26 4774.00000 4560.30681  4.48%  19.0 33745s
 53399022 4060169     cutoff   71      4774.00000 4560.30681  4.48%  19.0 33750s
 53414186 4062175     cutoff   86      4774.00000 4560.30681  4.48%  19.0 33755s
 53431094 4063897 4633.07028   83   21 4774.00000 4560.30681  4.48%  19.0 33760s
 53447236 4066758 4633.07028   76   21 4774.00000 4560.30681  4.48%  19.0 33765s
 53463300 4069560 4771.31087   74   19 4774.00000 4560.30681  4.48%  19.0 33770s
 53480541 4072503 4629.59098   89   25 4774.00000 4560.30681  4.48%  19.0 33775s
 53497393 4073993 4672.92368   69   21 4774.00000 4560.30681  4.48%  19.0 33780s
 53514254 4075256     cutoff   85      4774.00000 4560.30681  4.48%  19.0 33785s
 53529708 4077034     cutoff   71      4774.00000 4560.30681  4.48%  19.0 33790s
 53546124 4079275     cutoff   82      4774.00000 4560.30681  4.48%  19.0 33795s
 53562735 4082642 4629.59098   71   22 4774.00000 4560.30681  4.48%  19.0 33800s
 53577526 4084598     cutoff   85      4774.00000 4560.30681  4.48%  19.0 33805s
 53589238 4086086     cutoff   85      4774.00000 4560.31865  4.48%  19.0 33810s
 53606907 4088029     cutoff   70      4774.00000 4560.31865  4.48%  19.0 33815s
 53622892 4089738 infeasible   88      4774.00000 4560.31865  4.48%  19.0 33820s
 53641854 4091955 4629.60282   71   22 4774.00000 4560.31865  4.48%  19.0 33825s
 53658535 4093005 4672.98284   72   21 4774.00000 4560.31865  4.48%  19.0 33830s
 53666490 4093794     cutoff   70      4774.00000 4560.31865  4.48%  19.0 33835s
 53668320 4093999 4629.60282   71   23 4774.00000 4560.31865  4.48%  19.0 33840s
 53673946 4094563 4633.12944   74   21 4774.00000 4560.31865  4.48%  19.0 33845s
 53684056 4096130 4629.60282   74   26 4774.00000 4560.31865  4.48%  19.0 33850s
 53699702 4098252     cutoff   79      4774.00000 4560.31865  4.48%  19.0 33855s
 53715538 4100150     cutoff   71      4774.00000 4560.31865  4.48%  19.0 33860s
 53732532 4102496     cutoff   80      4774.00000 4560.31865  4.48%  18.9 33865s
 53749097 4103838 4672.98284   80   21 4774.00000 4560.31865  4.48%  18.9 33870s
 53766972 4105583 4672.98284   79   21 4774.00000 4560.31865  4.48%  18.9 33875s
 53778125 4106944 4669.56236   76   22 4774.00000 4560.31865  4.48%  18.9 33880s
 53794947 4109237 4629.60282   68   26 4774.00000 4560.31865  4.48%  18.9 33885s
 53811697 4110387     cutoff   91      4774.00000 4560.31865  4.48%  18.9 33890s
 53823362 4111362 4667.27540   74   45 4774.00000 4560.33432  4.48%  18.9 33895s
 53831588 4111465 4571.61872   54   83 4774.00000 4560.36933  4.47%  18.9 33900s
 53839543 4110963     cutoff   56      4774.00000 4560.38791  4.47%  18.9 33905s
 53848557 4111082 4627.61667   49   12 4774.00000 4560.41870  4.47%  18.9 33910s
 53857776 4111525 4570.63378   60   44 4774.00000 4560.45816  4.47%  18.9 33915s
 53865980 4111422     cutoff   63      4774.00000 4560.49902  4.47%  18.9 33920s
 53872600 4111685     cutoff   74      4774.00000 4560.52432  4.47%  18.9 33925s
 53879341 4111874     cutoff   53      4774.00000 4560.55003  4.47%  18.9 33930s
 53888865 4112554 4625.29078   67   26 4774.00000 4560.58491  4.47%  18.9 33935s
 53896701 4112789 4724.14087   66   37 4774.00000 4560.60170  4.47%  18.9 33940s
 53906805 4113447 4616.14573   54   90 4774.00000 4560.63717  4.47%  18.9 33945s
 53915463 4113756     cutoff   79      4774.00000 4560.66966  4.47%  18.9 33950s
 53924705 4114089 infeasible   69      4774.00000 4560.68100  4.47%  18.9 33955s
 53933317 4114388 4561.84299   58   41 4774.00000 4560.71529  4.47%  18.9 33960s
 53941406 4114136 infeasible   90      4774.00000 4560.73944  4.47%  18.9 33965s
 53948614 4113616 4624.84963   71   79 4774.00000 4560.73944  4.47%  18.9 33970s
 53954234 4113427     cutoff   49      4774.00000 4560.74324  4.47%  18.9 33975s
 53962414 4113388 4673.68300   78   56 4774.00000 4560.75000  4.47%  18.9 33980s
 53970360 4113092 4560.78202   76   57 4774.00000 4560.75000  4.47%  18.9 33985s
 53978894 4113121 4608.25513   90   50 4774.00000 4560.75107  4.47%  18.9 33990s
 53989151 4114304     cutoff   88      4774.00000 4560.76128  4.47%  18.9 33995s
 54002203 4115650     cutoff   82      4774.00000 4560.76495  4.47%  18.9 34000s
 54010744 4114682 4575.77264   81   55 4774.00000 4560.76767  4.47%  18.9 34005s
 54017505 4113577     cutoff   83      4774.00000 4560.76767  4.47%  18.9 34010s
 54030272 4115654 4564.98260   76   22 4774.00000 4560.77309  4.47%  18.9 34015s
 54045451 4117724 4560.77309   91   26 4774.00000 4560.77309  4.47%  18.9 34020s
 54060546 4120589 infeasible   95      4774.00000 4560.77309  4.47%  18.9 34025s
 54074878 4122579 infeasible   83      4774.00000 4560.77309  4.47%  18.9 34030s
 54081663 4123033     cutoff  102      4774.00000 4560.77309  4.47%  18.9 34035s
 54094552 4124518 4564.98260  100   22 4774.00000 4560.77309  4.47%  18.9 34040s
 54109867 4126978 4600.75561  106   20 4774.00000 4560.77309  4.47%  18.9 34045s
 54122679 4128428     cutoff   85      4774.00000 4560.77930  4.47%  18.9 34050s
 54129870 4127424 4560.78202   75   57 4774.00000 4560.78202  4.47%  18.9 34055s
 54137100 4126137 4560.78202   75   57 4774.00000 4560.78202  4.47%  18.9 34060s
 54144355 4125326 4560.79697   80   57 4774.00000 4560.78831  4.47%  18.9 34065s
 54152203 4124039 4729.55076   74   55 4774.00000 4560.79697  4.47%  18.9 34070s
 54160467 4123691     cutoff   57      4774.00000 4560.83085  4.47%  18.9 34075s
 54167596 4122731 4562.40645   46   21 4774.00000 4560.86413  4.46%  18.9 34080s
 54176480 4121925 4561.17464   67   26 4774.00000 4560.92393  4.46%  18.9 34085s
 54183805 4121621 4560.99034   78   56 4774.00000 4560.96196  4.46%  18.9 34090s
 54193621 4121567 4560.99034   78   56 4774.00000 4560.96196  4.46%  18.9 34095s
 54202942 4121463 4561.00197   80   56 4774.00000 4560.97360  4.46%  18.9 34100s
 54206983 4121343 4591.92530   80   56 4774.00000 4560.97360  4.46%  18.9 34109s
 54209736 4121343 4560.97439   75   58 4774.00000 4560.97360  4.46%  18.9 34110s
 54224341 4121387 4560.98416   74   58 4774.00000 4560.97439  4.46%  18.9 34115s
 54234180 4121509 4719.64120   77   54 4774.00000 4560.98416  4.46%  18.9 34120s
 54241555 4121390     cutoff   76      4774.00000 4560.98416  4.46%  18.9 34125s
 54250738 4121316 4561.01635   73   57 4774.00000 4560.98416  4.46%  18.9 34130s
 54258903 4121279 4677.29757   75   54 4774.00000 4560.98416  4.46%  18.9 34135s
 54267651 4121213     cutoff   76      4774.00000 4560.98416  4.46%  18.9 34140s
 54270355 4120937 4657.38544   75   53 4774.00000 4560.98416  4.46%  18.9 34149s
 54282355 4120883     cutoff   76      4774.00000 4560.98416  4.46%  18.9 34151s
 54289886 4120749 4687.23886   75   54 4774.00000 4560.98416  4.46%  18.9 34155s
 54299014 4120454 4579.00722   70   57 4774.00000 4560.98416  4.46%  18.9 34160s
 54307759 4120157     cutoff   73      4774.00000 4560.98416  4.46%  18.9 34165s
 54317173 4119816     cutoff   76      4774.00000 4560.98416  4.46%  18.9 34170s
 54325285 4119497 infeasible   82      4774.00000 4560.98602  4.46%  18.9 34175s
 54332606 4119036 4578.09516   82   55 4774.00000 4560.98602  4.46%  18.9 34180s
 54341406 4118544 4561.01404   78   56 4774.00000 4560.98602  4.46%  18.9 34185s
 54349479 4118221 4560.98602   81   57 4774.00000 4560.98602  4.46%  18.9 34190s
 54358686 4117973     cutoff   83      4774.00000 4560.98602  4.46%  18.9 34195s
 54366379 4117690 infeasible   83      4774.00000 4560.98602  4.46%  18.9 34200s
 54374824 4117389 4560.98602   82   57 4774.00000 4560.98602  4.46%  18.8 34205s
 54384609 4116983     cutoff   86      4774.00000 4560.98602  4.46%  18.8 34210s
 54393235 4116713     cutoff   87      4774.00000 4560.98602  4.46%  18.8 34215s
 54401421 4115910 4578.90295   79   55 4774.00000 4560.99034  4.46%  18.8 34220s
 54407323 4114911     cutoff   79      4774.00000 4560.99034  4.46%  18.8 34225s
 54416744 4114852 infeasible   80      4774.00000 4560.99658  4.46%  18.8 34230s
 54425506 4114673     cutoff   76      4774.00000 4560.99658  4.46%  18.8 34235s
 54433166 4114498     cutoff   74      4774.00000 4560.99658  4.46%  18.8 34240s
 54439876 4114371 4561.02836   70   57 4774.00000 4560.99658  4.46%  18.8 34245s
 54447724 4114091     cutoff   73      4774.00000 4560.99658  4.46%  18.8 34250s
 54451916 4114000 4672.74375   77   48 4774.00000 4560.99658  4.46%  18.8 34255s
 54458779 4113652 4708.36935   75   45 4774.00000 4560.99658  4.46%  18.8 34260s
 54467542 4113200     cutoff   73      4774.00000 4560.99658  4.46%  18.8 34265s
 54475715 4113019 4561.02836   70   57 4774.00000 4560.99658  4.46%  18.8 34270s
 54483755 4112725 4560.99658   74   58 4774.00000 4560.99658  4.46%  18.8 34275s
 54492871 4112332     cutoff   80      4774.00000 4560.99723  4.46%  18.8 34280s
 54502731 4111713     cutoff   87      4774.00000 4560.99766  4.46%  18.8 34285s
 54512953 4111302     cutoff   80      4774.00000 4560.99911  4.46%  18.8 34290s
 54520605 4111006 4579.03041   74   57 4774.00000 4560.99911  4.46%  18.8 34295s
 54529766 4110231 infeasible   61      4774.00000 4561.00000  4.46%  18.8 34300s
 54536410 4109675 4619.49954   85   77 4774.00000 4561.00000  4.46%  18.8 34305s
 54543780 4108997 4570.29487   81   22 4774.00000 4561.00000  4.46%  18.8 34310s
 54551460 4108427 4665.03300   69   17 4774.00000 4561.00000  4.46%  18.8 34315s
 54558028 4107637 4561.00197   78   56 4774.00000 4561.00000  4.46%  18.8 34320s
 54565536 4106364 4578.91455   81   55 4774.00000 4561.00197  4.46%  18.8 34325s
 54571635 4105169 4561.00241   78   56 4774.00000 4561.00197  4.46%  18.8 34330s
 54577894 4104062     cutoff   79      4774.00000 4561.00241  4.46%  18.8 34335s
 54586410 4103646     cutoff   76      4774.00000 4561.01153  4.46%  18.8 34340s
 54595556 4103122 4592.01864   72   58 4774.00000 4561.01153  4.46%  18.8 34345s
 54602611 4101750 4578.09516   84   55 4774.00000 4561.01404  4.46%  18.8 34350s
 54609017 4100473 4561.01404   76   56 4774.00000 4561.01404  4.46%  18.8 34355s
 54614958 4099279     cutoff   82      4774.00000 4561.01404  4.46%  18.8 34360s
 54622573 4097761 4578.09516   81   55 4774.00000 4561.01404  4.46%  18.8 34365s
 54628610 4096679 4578.09516   78   55 4774.00000 4561.01404  4.46%  18.8 34370s
 54635844 4095496 infeasible   71      4774.00000 4561.01635  4.46%  18.8 34375s
 54641877 4094662 4579.00722   73   57 4774.00000 4561.01635  4.46%  18.8 34380s
 54644561 4093825 4579.00722   74   57 4774.00000 4561.01635  4.46%  18.8 34385s
 54652185 4092416 4579.00722   74   57 4774.00000 4561.01635  4.46%  18.8 34390s
 54658394 4091338 4579.00722   71   57 4774.00000 4561.01635  4.46%  18.8 34395s
 54666016 4089938     cutoff   77      4774.00000 4561.01635  4.46%  18.8 34400s
 54671978 4088883     cutoff   76      4774.00000 4561.01635  4.46%  18.8 34405s
 54677819 4088111 4579.00722   75   57 4774.00000 4561.01635  4.46%  18.8 34410s
 54685262 4086911     cutoff   78      4774.00000 4561.01635  4.46%  18.8 34415s
 54691898 4086251     cutoff   81      4774.00000 4561.02118  4.46%  18.8 34420s
 54698161 4085331     cutoff   83      4774.00000 4561.02568  4.46%  18.8 34425s
 54703070 4084133 4578.18784   76   57 4774.00000 4561.02836  4.46%  18.8 34430s
 54709609 4082786 4578.18784   77   57 4774.00000 4561.02836  4.46%  18.8 34435s
 54715717 4081598     cutoff   73      4774.00000 4561.02836  4.46%  18.8 34440s
 54721497 4080455     cutoff   74      4774.00000 4561.02836  4.46%  18.8 34445s
 54729016 4078948 4578.18784   76   57 4774.00000 4561.02836  4.46%  18.8 34450s
 54734972 4077763 4578.18784   70   57 4774.00000 4561.02836  4.46%  18.8 34455s
 54742154 4076372 4578.18784   70   57 4774.00000 4561.02836  4.46%  18.8 34460s
 54747557 4075313 4579.03041   76   57 4774.00000 4561.03130  4.46%  18.8 34465s
 54755070 4073862     cutoff   79      4774.00000 4561.03130  4.46%  18.8 34470s
 54761273 4072696     cutoff   78      4774.00000 4561.03130  4.46%  18.8 34475s
 54768834 4072049 4578.21102   64   57 4774.00000 4561.04332  4.46%  18.8 34480s
 54774303 4070870     cutoff   74      4774.00000 4561.04332  4.46%  18.8 34485s
 54780275 4069806 4561.04346   64   24 4774.00000 4561.04332  4.46%  18.8 34490s
 54787936 4069580     cutoff  100      4774.00000 4561.06986  4.46%  18.8 34495s
 54796766 4069386     cutoff   55      4774.00000 4561.10000  4.46%  18.8 34500s
 54807740 4069899 infeasible   90      4774.00000 4561.11748  4.46%  18.8 34505s
 54822602 4071517 4672.60260   79   20 4774.00000 4561.11748  4.46%  18.8 34510s
 54838576 4073089 4601.10198   67   22 4774.00000 4561.11748  4.46%  18.8 34515s
 54853617 4074379     cutoff   75      4774.00000 4561.11748  4.46%  18.8 34520s
 54858830 4075340     cutoff   67      4774.00000 4561.11748  4.46%  18.8 34525s
 54872443 4076927 4669.45284   82   21 4774.00000 4561.11748  4.46%  18.8 34530s
 54887603 4078103 4669.45284   77   22 4774.00000 4561.11748  4.46%  18.8 34535s
 54902268 4079191 4670.41118   73   20 4774.00000 4561.11748  4.46%  18.8 34540s
 54915410 4082089     cutoff   78      4774.00000 4561.11748  4.46%  18.8 34545s
 54931649 4083818 4600.12172   65   27 4774.00000 4561.11748  4.46%  18.8 34550s
 54946779 4085689 4669.45284   81   25 4774.00000 4561.11748  4.46%  18.8 34555s
 54961987 4087824     cutoff   80      4774.00000 4561.11748  4.46%  18.8 34560s
 54976463 4089855 4669.45284   86   24 4774.00000 4561.11748  4.46%  18.8 34565s
 54992096 4092416 4672.60260   77   20 4774.00000 4561.11748  4.46%  18.7 34570s
 55002824 4093940 infeasible   46      4774.00000 4561.12740  4.46%  18.7 34575s
 55011428 4094611 4670.31704   87   22 4774.00000 4561.16038  4.46%  18.7 34580s
 55026527 4096480     cutoff   74      4774.00000 4561.17464  4.46%  18.7 34585s
 55040260 4097680 4672.69006   77   20 4774.00000 4561.17464  4.46%  18.7 34590s
 55056125 4100512 infeasible   80      4774.00000 4561.17464  4.46%  18.7 34595s
 55073392 4101990 4669.48146   83   25 4774.00000 4561.17464  4.46%  18.7 34600s
 55089836 4104025     cutoff   70      4774.00000 4561.17464  4.46%  18.7 34605s
 55105905 4105802     cutoff   75      4774.00000 4561.17464  4.46%  18.7 34610s
 55118427 4108203 4672.69006   70   20 4774.00000 4561.17464  4.46%  18.7 34619s
 55130427 4108333     cutoff   84      4774.00000 4561.17464  4.46%  18.7 34620s
 55144108 4110252 4669.48146   86   25 4774.00000 4561.17464  4.46%  18.7 34625s
 55149786 4111321 4669.48146   79   23 4774.00000 4561.17464  4.46%  18.7 34630s
 55165275 4113441     cutoff   81      4774.00000 4561.17464  4.46%  18.7 34635s
 55180288 4114897 4672.69006   83   20 4774.00000 4561.17464  4.46%  18.7 34640s
 55196391 4116680     cutoff   80      4774.00000 4561.17464  4.46%  18.7 34645s
 55210387 4118919 4669.48146   74   22 4774.00000 4561.17464  4.46%  18.7 34650s
 55227268 4121025 infeasible   90      4774.00000 4561.17464  4.46%  18.7 34655s
 55242397 4123226 4672.69006   74   20 4774.00000 4561.17464  4.46%  18.7 34660s
 55258174 4125360 4670.45769   86   20 4774.00000 4561.17464  4.46%  18.7 34665s
 55274242 4127233     cutoff   74      4774.00000 4561.17464  4.46%  18.7 34670s
 55289133 4129029 4630.53108   75   22 4774.00000 4561.17464  4.46%  18.7 34675s
 55302723 4130653 4672.69006   75   20 4774.00000 4561.17464  4.46%  18.7 34680s
 55318059 4132455 4718.28989   65   24 4774.00000 4561.17464  4.46%  18.7 34685s
 55326834 4132295     cutoff   77      4774.00000 4561.18855  4.46%  18.7 34690s
 55334127 4133153 4669.49330   85   26 4774.00000 4561.20000  4.46%  18.7 34695s
 55348478 4134769 4670.42374   73   26 4774.00000 4561.20000  4.46%  18.7 34700s
 55364602 4137213 4561.27238   64   23 4774.00000 4561.20000  4.46%  18.7 34705s
 55380944 4138696 4669.49330   78   24 4774.00000 4561.20000  4.46%  18.6 34710s
 55396180 4140128 4672.74880   71   21 4774.00000 4561.20000  4.46%  18.6 34715s
 55411604 4142343 4603.47574   68   22 4774.00000 4561.20000  4.46%  18.6 34720s
 55426433 4143890     cutoff   78      4774.00000 4561.20000  4.46%  18.6 34725s
 55433462 4144615 4669.49330   86   26 4774.00000 4561.20000  4.46%  18.6 34730s
 55448267 4145839 4669.49330   79   25 4774.00000 4561.20000  4.46%  18.6 34735s
 55464179 4147850 4669.49330   75   22 4774.00000 4561.20000  4.46%  18.6 34740s
 55479979 4149701 4669.49330   67   23 4774.00000 4561.20000  4.46%  18.6 34745s
 55495287 4151280 4670.42374   70   25 4774.00000 4561.20000  4.46%  18.6 34750s
 55512435 4153015     cutoff   88      4774.00000 4561.20000  4.46%  18.6 34755s
 55526434 4154180 4672.74880   82   21 4774.00000 4561.20000  4.46%  18.6 34760s
 55539024 4155815     cutoff   85      4774.00000 4561.20000  4.46%  18.6 34765s
 55554056 4157806 4669.49330   91   24 4774.00000 4561.20000  4.46%  18.6 34770s
 55568626 4159220     cutoff   77      4774.00000 4561.20000  4.46%  18.6 34775s
 55584077 4161108 4672.74880   69   21 4774.00000 4561.20000  4.46%  18.6 34780s
 55600322 4162721 4669.49330   79   23 4774.00000 4561.20000  4.46%  18.6 34785s
 55614162 4164879     cutoff   75      4774.00000 4561.20000  4.46%  18.6 34790s
 55631792 4166632 4669.49330   69   24 4774.00000 4561.20000  4.46%  18.6 34795s
 55643118 4167279     cutoff   56      4774.00000 4561.20813  4.46%  18.6 34800s
 55652632 4167708 4561.75048   64   26 4774.00000 4561.21861  4.46%  18.6 34805s
 55663078 4168221 4561.23179   73   26 4774.00000 4561.23179  4.46%  18.6 34810s
 55680178 4169966 4672.77751   74   20 4774.00000 4561.23179  4.46%  18.6 34815s
 55691559 4170964     cutoff   79      4774.00000 4561.23179  4.46%  18.6 34820s
 55699675 4172220     cutoff   70      4774.00000 4561.23179  4.46%  18.6 34825s
 55713684 4173897 4669.51008   85   23 4774.00000 4561.23179  4.46%  18.6 34830s
 55723885 4173867     cutoff   73      4774.00000 4561.24511  4.46%  18.6 34835s
 55732999 4174572 4672.83624   74   21 4774.00000 4561.25716  4.46%  18.6 34840s
 55750553 4176211     cutoff   81      4774.00000 4561.25716  4.46%  18.6 34845s
 55766103 4177727     cutoff   74      4774.00000 4561.25716  4.46%  18.6 34850s
 55781291 4179643 4672.83624   77   21 4774.00000 4561.25716  4.46%  18.5 34855s
 55796812 4181350 4672.83624   85   21 4774.00000 4561.25716  4.46%  18.5 34860s
 55808067 4182489 infeasible   76      4774.00000 4561.25716  4.46%  18.5 34865s
 55822282 4184266     cutoff   79      4774.00000 4561.25716  4.46%  18.5 34870s
 55839501 4186187 4672.83624   72   21 4774.00000 4561.25716  4.46%  18.5 34875s
 55854735 4188281 4669.52191   75   23 4774.00000 4561.25716  4.46%  18.5 34880s
 55870706 4190090 4600.21426   66   23 4774.00000 4561.25716  4.46%  18.5 34885s
 55886094 4191664 4669.52191   79   23 4774.00000 4561.25716  4.46%  18.5 34890s
 55901679 4193545     cutoff   79      4774.00000 4561.25716  4.46%  18.5 34895s
 55917546 4195500     cutoff   71      4774.00000 4561.25716  4.46%  18.5 34900s
 55934891 4197595 4561.25716   72   24 4774.00000 4561.25716  4.46%  18.5 34905s
 55950538 4199778 4672.83624   73   21 4774.00000 4561.25716  4.46%  18.5 34910s
 55966399 4201843 infeasible   89      4774.00000 4561.25716  4.46%  18.5 34915s
 55980841 4204003 4672.83624   74   21 4774.00000 4561.25716  4.46%  18.5 34920s
 55996380 4205508 4657.39200   84   24 4774.00000 4561.25852  4.46%  18.5 34925s
 56004170 4205378 4563.47892   50  112 4774.00000 4561.27276  4.46%  18.5 34930s
 56017553 4206271 4669.53375   74   23 4774.00000 4561.28252  4.46%  18.5 34935s
 56033197 4207505     cutoff   80      4774.00000 4561.28252  4.46%  18.5 34940s
 56038276 4207799 4672.89541   76   21 4774.00000 4561.28252  4.46%  18.5 34945s
 56054566 4209166 4672.89541   77   21 4774.00000 4561.28252  4.46%  18.5 34950s
 56067838 4210173 4672.89541   82   21 4774.00000 4561.28252  4.46%  18.5 34955s
 56082717 4211328 4641.74299   53  117 4774.00000 4561.28252  4.46%  18.5 34960s
 56090326 4210769 4563.67405   69   22 4774.00000 4561.30350  4.46%  18.5 34965s
 56103756 4212511     cutoff   69      4774.00000 4561.31439  4.46%  18.5 34970s
 56118127 4214473 4669.55053   69   25 4774.00000 4561.31439  4.46%  18.5 34975s
 56127126 4213553 4563.73321   68   22 4774.00000 4561.32986  4.45%  18.5 34980s
 56137847 4214168 infeasible   80      4774.00000 4561.33976  4.45%  18.5 34985s
 56151532 4215245 infeasible   57      4774.00000 4561.34432  4.45%  18.5 34990s
 56161637 4215187 infeasible   84      4774.00000 4561.35370  4.45%  18.5 34995s
 56170203 4215280 4655.21983   58  105 4774.00000 4561.36571  4.45%  18.5 35000s
 56179190 4215346 4561.97605   98   23 4774.00000 4561.37447  4.45%  18.5 35005s
 56189162 4214955 4564.98260   92   22 4774.00000 4561.38345  4.45%  18.5 35010s
 56198953 4214013 4673.21711   77   84 4774.00000 4561.38569  4.45%  18.5 35015s
 56206588 4213474 infeasible   81      4774.00000 4561.40875  4.45%  18.5 35020s
 56215478 4213101 4631.06135   88   24 4774.00000 4561.41614  4.45%  18.5 35025s
 56224008 4212903 4585.03650   71   19 4774.00000 4561.42105  4.45%  18.5 35030s
 56229384 4212517     cutoff   71      4774.00000 4561.44027  4.45%  18.5 35035s
 56237596 4212207 4586.24005   56   73 4774.00000 4561.47849  4.45%  18.5 35040s
 56245295 4211353     cutoff   80      4774.00000 4561.50603  4.45%  18.5 35045s
 56252121 4210639 4565.14011   65   30 4774.00000 4561.53333  4.45%  18.5 35050s
 56259405 4211332 infeasible   67      4774.00000 4561.55458  4.45%  18.5 35055s
 56263743 4211333 infeasible   51      4774.00000 4561.56944  4.45%  18.5 35060s
 56269847 4211282 infeasible   70      4774.00000 4561.59616  4.45%  18.5 35065s
 56276717 4211798 4669.49330   87   25 4774.00000 4561.62600  4.45%  18.5 35070s
 56284255 4211704 4599.76468   65   50 4774.00000 4561.66725  4.45%  18.5 35075s
 56292653 4212063 4597.27436   63   26 4774.00000 4561.70832  4.45%  18.5 35080s
 56297888 4211276 4681.20105   71   26 4774.00000 4561.73669  4.45%  18.5 35085s
 56305097 4210546 4578.18784   74   57 4774.00000 4561.74700  4.45%  18.5 35091s
 56310823 4210411 4625.12132   61   18 4774.00000 4561.75513  4.45%  18.5 35095s
 56316292 4209754 4590.73483   45   22 4774.00000 4561.77193  4.45%  18.5 35100s
 56321733 4209673 infeasible   72      4774.00000 4561.80000  4.44%  18.5 35105s
 56327628 4209338 4561.90367   56   41 4774.00000 4561.82897  4.44%  18.5 35110s
 56334897 4208674     cutoff   80      4774.00000 4561.87957  4.44%  18.5 35115s
 56341100 4207415 4579.93340   75   57 4774.00000 4561.90450  4.44%  18.5 35120s
 56347483 4206306 4579.95659   74   57 4774.00000 4561.91200  4.44%  18.5 35125s
 56354517 4205612 4561.95219   69   39 4774.00000 4561.93972  4.44%  18.5 35130s
 56362621 4205425 4600.72090   96   27 4774.00000 4561.97605  4.44%  18.5 35135s
 56371640 4205131 infeasible   94      4774.00000 4561.97605  4.44%  18.5 35140s
 56380773 4204815     cutoff   68      4774.00000 4561.97605  4.44%  18.5 35145s
 56385798 4205071 4572.62695   52   55 4774.00000 4562.00000  4.44%  18.5 35150s
 56390439 4205389 4576.13683   59   29 4774.00000 4562.00000  4.44%  18.5 35156s
 56393334 4205723     cutoff   42      4774.00000 4562.00000  4.44%  18.5 35160s
 56396563 4206177 infeasible   60      4774.00000 4562.00000  4.44%  18.5 35165s
 56400649 4206791     cutoff   52      4774.00000 4562.00000  4.44%  18.5 35170s
 56404272 4207279 4605.74391   50  134 4774.00000 4562.00000  4.44%  18.5 35175s
 56406123 4207832 4567.47379   51   38 4774.00000 4562.00000  4.44%  18.5 35181s
 56410480 4208550 infeasible   51      4774.00000 4562.00000  4.44%  18.5 35186s
 56414545 4209269 4564.30685   56   60 4774.00000 4562.00000  4.44%  18.5 35191s
 56416836 4209666 4666.81114   53   81 4774.00000 4562.00000  4.44%  18.5 35199s
 56422827 4209778 4596.86387   73   26 4774.00000 4562.01300  4.44%  18.5 35201s
 56427199 4210303 infeasible   51      4774.00000 4562.02711  4.44%  18.5 35205s
 56431230 4211171 4604.92775   48  123 4774.00000 4562.02750  4.44%  18.5 35210s
 56436627 4211475 4679.75693   54   35 4774.00000 4562.04393  4.44%  18.5 35216s
 56439921 4211731 4664.61771   38   39 4774.00000 4562.05000  4.44%  18.5 35220s
 56446320 4212131 4590.67740   64   24 4774.00000 4562.06133  4.44%  18.5 35225s
 56451901 4212495 4570.47036   42  154 4774.00000 4562.07642  4.44%  18.5 35230s
 56455575 4212900 4562.08660   55   43 4774.00000 4562.08285  4.44%  18.5 35235s
 56462534 4213050 infeasible   43      4774.00000 4562.10145  4.44%  18.5 35240s
 56465527 4213013 4562.29775   50   18 4774.00000 4562.10950  4.44%  18.5 35245s
 56471335 4213832 4567.28406   45   84 4774.00000 4562.12717  4.44%  18.5 35250s
 56472319 4215591 4565.09618   47   99 4774.00000 4562.12750  4.44%  18.5 35264s
 56484319 4215454     cutoff   72      4774.00000 4562.14297  4.44%  18.5 35266s
 56488916 4215025 infeasible   51      4774.00000 4562.15481  4.44%  18.5 35270s
 56494645 4214554 4569.99301   61   45 4774.00000 4562.18246  4.44%  18.5 35275s
 56498556 4214410 infeasible   53      4774.00000 4562.20300  4.44%  18.5 35292s
 56510194 4214382 4562.67336   46  136 4774.00000 4562.22882  4.44%  18.5 35296s
 56515497 4214606 infeasible   43      4774.00000 4562.24627  4.44%  18.5 35301s
 56521669 4214720 4656.30682   78   31 4774.00000 4562.26833  4.44%  18.5 35305s
 56527017 4214778 4685.84976   67  103 4774.00000 4562.28976  4.43%  18.5 35310s
 56532811 4215085 4564.53664   60   14 4774.00000 4562.31322  4.43%  18.5 35315s
 56538321 4215258 4633.73317   48  131 4774.00000 4562.33333  4.43%  18.5 35320s
 56542524 4215364 4602.34925   74   16 4774.00000 4562.35289  4.43%  18.5 35325s
 56548257 4215661 infeasible   65      4774.00000 4562.39000  4.43%  18.5 35330s
 56555827 4216055 4670.41118   69   20 4774.00000 4562.41459  4.43%  18.5 35335s
 56562515 4216048 4663.15102   66   26 4774.00000 4562.44045  4.43%  18.5 35340s
 56568412 4216393 infeasible   53      4774.00000 4562.46227  4.43%  18.5 35345s
 56573738 4216758 infeasible   58      4774.00000 4562.48225  4.43%  18.6 35350s
 56578396 4216858 infeasible   54      4774.00000 4562.49703  4.43%  18.6 35355s
 56583513 4216749     cutoff   63      4774.00000 4562.53419  4.43%  18.6 35361s
 56587327 4216675 4570.38458   60   36 4774.00000 4562.55547  4.43%  18.6 35365s
 56591850 4216406 4699.72193   51  121 4774.00000 4562.57627  4.43%  18.6 35370s
 56596907 4216320 infeasible   47      4774.00000 4562.59741  4.43%  18.6 35375s
 56603237 4215856     cutoff   78      4774.00000 4562.62529  4.43%  18.6 35380s
 56609888 4215358     cutoff   64      4774.00000 4562.65363  4.43%  18.6 35385s
 56616821 4215139 4657.71469   65   29 4774.00000 4562.68399  4.43%  18.6 35390s
 56622592 4215059     cutoff   70      4774.00000 4562.71712  4.43%  18.6 35395s
 56629285 4214764 4677.96202   50  112 4774.00000 4562.75017  4.43%  18.6 35400s
 56637521 4215078 infeasible   46      4774.00000 4562.78086  4.42%  18.6 35405s
 56642036 4215285 infeasible   51      4774.00000 4562.79976  4.42%  18.6 35410s
 56647316 4215223     cutoff   51      4774.00000 4562.82667  4.42%  18.6 35416s
 56652948 4215606     cutoff   87      4774.00000 4562.84697  4.42%  18.6 35420s
 56660533 4215733 4583.91318   58  119 4774.00000 4562.86328  4.42%  18.6 35425s
 56666943 4215106 infeasible   66      4774.00000 4562.88430  4.42%  18.6 35430s
 56675455 4214890 4593.26263   54   47 4774.00000 4562.92285  4.42%  18.6 35435s
 56682102 4214872 infeasible   69      4774.00000 4562.94915  4.42%  18.6 35440s
 56688967 4214653 4626.21233   71   22 4774.00000 4562.98926  4.42%  18.6 35445s
 56694547 4214419 infeasible   73      4774.00000 4563.02595  4.42%  18.6 35450s
 56700883 4213759 4600.02605   59   83 4774.00000 4563.05773  4.42%  18.6 35455s
 56707093 4213399 4647.38817   69   14 4774.00000 4563.08660  4.42%  18.6 35460s
 56714862 4213913 4646.95054   67   30 4774.00000 4563.11962  4.42%  18.6 35465s
 56722746 4215453 4567.44587   75   36 4774.00000 4563.11979  4.42%  18.6 35470s
 56729600 4216982     cutoff   81      4774.00000 4563.11979  4.42%  18.6 35475s
 56740242 4219899     cutoff   79      4774.00000 4563.11979  4.42%  18.6 35480s
 56750305 4222038 4634.10357   81   21 4774.00000 4563.11979  4.42%  18.6 35485s
 56760856 4224591 4563.11979  103   35 4774.00000 4563.11979  4.42%  18.6 35490s
 56771954 4225613 4563.14718  104   30 4774.00000 4563.11979  4.42%  18.6 35495s
 56781768 4226877 4563.11979   86   34 4774.00000 4563.11979  4.42%  18.6 35500s
 56792821 4228161 4563.11979   97   32 4774.00000 4563.11979  4.42%  18.6 35505s
 56805139 4229806 4563.11979   83   32 4774.00000 4563.11979  4.42%  18.6 35510s
 56817165 4230895     cutoff   82      4774.00000 4563.11979  4.42%  18.6 35515s
 56828648 4232728 4578.24987   92   31 4774.00000 4563.11979  4.42%  18.6 35520s
 56840657 4234064     cutoff   84      4774.00000 4563.11979  4.42%  18.6 35525s
 56851372 4235309 4646.95054   82   30 4774.00000 4563.11979  4.42%  18.6 35530s
 56861322 4236520 4567.95287   79   33 4774.00000 4563.11979  4.42%  18.6 35535s
 56873263 4238559 4563.11979  100   36 4774.00000 4563.11979  4.42%  18.5 35540s
 56883717 4239607 4646.95054   85   30 4774.00000 4563.11979  4.42%  18.5 35545s
 56894759 4241288 4567.44587   91   36 4774.00000 4563.11979  4.42%  18.5 35550s
 56906831 4242973 4563.11979   83   34 4774.00000 4563.11979  4.42%  18.5 35555s
 56917055 4244183     cutoff   94      4774.00000 4563.11979  4.42%  18.5 35560s
 56929090 4245540     cutoff  106      4774.00000 4563.11979  4.42%  18.5 35565s
 56939224 4246766     cutoff   92      4774.00000 4563.11979  4.42%  18.5 35570s
 56951057 4248138     cutoff  106      4774.00000 4563.11979  4.42%  18.5 35575s
 56961054 4248945 infeasible   93      4774.00000 4563.11979  4.42%  18.5 35580s
 56969848 4250858 4646.95054   91   30 4774.00000 4563.11979  4.42%  18.5 35591s
 56983849 4251265     cutoff   85      4774.00000 4563.11979  4.42%  18.5 35595s
 56995701 4252930     cutoff  106      4774.00000 4563.11979  4.42%  18.5 35600s
 57006500 4254556     cutoff   94      4774.00000 4563.11979  4.42%  18.5 35605s
 57017252 4256082 4563.11979   93   35 4774.00000 4563.11979  4.42%  18.5 35610s
 57028668 4257162 4563.11979   98   36 4774.00000 4563.11979  4.42%  18.5 35615s
 57041625 4258007 4563.11979   70   35 4774.00000 4563.11979  4.42%  18.5 35620s
 57052857 4259497 4567.95287  104   33 4774.00000 4563.11979  4.42%  18.5 35625s
 57063159 4260359     cutoff  101      4774.00000 4563.11979  4.42%  18.5 35630s
 57075030 4261480 4563.11979   85   36 4774.00000 4563.11979  4.42%  18.5 35635s
 57085356 4262454 infeasible   74      4774.00000 4563.11979  4.42%  18.5 35640s
 57096526 4263978 4578.24987   91   31 4774.00000 4563.11979  4.42%  18.5 35645s
 57107014 4265063 4603.15354  102   28 4774.00000 4563.11979  4.42%  18.5 35650s
 57120100 4266371 infeasible  102      4774.00000 4563.11979  4.42%  18.5 35655s
 57132774 4267730 4578.24987   98   31 4774.00000 4563.11979  4.42%  18.5 35660s
 57144854 4269313 4718.29316   92   22 4774.00000 4563.11979  4.42%  18.5 35665s
 57155010 4271074 4603.08357  101   30 4774.00000 4563.11979  4.42%  18.5 35670s
 57167399 4272259 4768.29971  103   16 4774.00000 4563.11979  4.42%  18.5 35675s
 57177545 4273726 4567.44587   95   36 4774.00000 4563.11979  4.42%  18.5 35680s
 57190675 4275430 infeasible   91      4774.00000 4563.11979  4.42%  18.5 35685s
 57202640 4276808 4563.11979   83   34 4774.00000 4563.11979  4.42%  18.5 35690s
 57215562 4278482 4629.88094  103   21 4774.00000 4563.11979  4.42%  18.5 35695s
 57218131 4278584     cutoff   99      4774.00000 4563.11979  4.42%  18.5 35700s
 57227573 4279934 4578.24987   95   31 4774.00000 4563.11979  4.42%  18.5 35705s
 57241248 4281504 4563.14718  100   30 4774.00000 4563.11979  4.42%  18.5 35710s
 57253686 4283473 4603.05607   93   33 4774.00000 4563.11979  4.42%  18.5 35715s
 57265045 4284953 4567.44587   95   32 4774.00000 4563.11979  4.42%  18.5 35720s
 57277618 4286103 4603.05607   98   32 4774.00000 4563.11979  4.42%  18.5 35725s
 57287431 4286992 4578.24987  103   31 4774.00000 4563.11979  4.42%  18.5 35730s
 57299822 4288760 4646.95054   87   30 4774.00000 4563.11979  4.42%  18.5 35735s
 57313882 4290229 4669.88099   75   21 4774.00000 4563.11979  4.42%  18.5 35740s
 57327905 4292050     cutoff   98      4774.00000 4563.11979  4.42%  18.5 35745s
 57340598 4293384 4578.24987  102   31 4774.00000 4563.11979  4.42%  18.5 35750s
 57352814 4294720     cutoff  101      4774.00000 4563.11979  4.42%  18.5 35755s
 57365882 4295616     cutoff   88      4774.00000 4563.11979  4.42%  18.5 35760s
 57380074 4297275 4578.24987  101   31 4774.00000 4563.11979  4.42%  18.5 35765s
 57390203 4298301     cutoff   90      4774.00000 4563.11979  4.42%  18.5 35770s
 57402817 4299861 4675.95833  101   29 4774.00000 4563.11979  4.42%  18.4 35775s
 57414595 4301647 4567.44587   82   33 4774.00000 4563.11979  4.42%  18.4 35780s
 57426214 4303741 4603.11855  104   29 4774.00000 4563.11979  4.42%  18.4 35785s
 57438249 4305005 4607.32527   90   36 4774.00000 4563.11979  4.42%  18.4 35790s
 57451682 4306958 4567.44587  102   34 4774.00000 4563.11979  4.42%  18.4 35795s
 57463454 4308935 4563.11979  102   35 4774.00000 4563.11979  4.42%  18.4 35800s
 57477435 4310872     cutoff  106      4774.00000 4563.11979  4.42%  18.4 35805s
 57481965 4312985 4578.24987  103   31 4774.00000 4563.11979  4.42%  18.4 35814s
 57493965 4313128     cutoff  100      4774.00000 4563.11979  4.42%  18.4 35816s
 57500235 4313798     cutoff   98      4774.00000 4563.11979  4.42%  18.4 35820s
 57512132 4315511     cutoff  100      4774.00000 4563.11979  4.42%  18.4 35825s
 57524613 4317198 4646.95054  106   30 4774.00000 4563.11979  4.42%  18.4 35830s
 57536936 4318734 infeasible   91      4774.00000 4563.11979  4.42%  18.4 35835s
 57550193 4320453 4578.24987   86   31 4774.00000 4563.11979  4.42%  18.4 35840s
 57561680 4321992     cutoff  101      4774.00000 4563.11979  4.42%  18.4 35845s
 57573263 4324030 4718.29316   92   20 4774.00000 4563.11979  4.42%  18.4 35850s
 57585917 4326089     cutoff  102      4774.00000 4563.11979  4.42%  18.4 35855s
 57596531 4327730     cutoff   88      4774.00000 4563.11979  4.42%  18.4 35860s
 57607393 4329002     cutoff   85      4774.00000 4563.11979  4.42%  18.4 35865s
 57621016 4329796     cutoff   97      4774.00000 4563.11979  4.42%  18.4 35870s
 57632927 4331097     cutoff   95      4774.00000 4563.11979  4.42%  18.4 35875s
 57645387 4332249 4563.14718  102   30 4774.00000 4563.11979  4.42%  18.4 35880s
 57659565 4333450 4578.24987   90   31 4774.00000 4563.11979  4.42%  18.4 35885s
 57673434 4334258     cutoff   89      4774.00000 4563.11979  4.42%  18.4 35890s
 57684325 4334865     cutoff  108      4774.00000 4563.11979  4.42%  18.4 35895s
 57697742 4335845 4603.11855  102   29 4774.00000 4563.11979  4.42%  18.4 35900s
 57711660 4336937 4568.25607   61   39 4774.00000 4563.11979  4.42%  18.4 35905s
 57721769 4338370 4646.95054  104   30 4774.00000 4563.11979  4.42%  18.4 35910s
 57731772 4339531     cutoff   90      4774.00000 4563.11979  4.42%  18.4 35915s
 57743462 4341077     cutoff   82      4774.00000 4563.11979  4.42%  18.4 35920s
 57751821 4342038 4563.11979   83   34 4774.00000 4563.11979  4.42%  18.4 35925s
 57760495 4342480     cutoff   86      4774.00000 4563.11979  4.42%  18.4 35930s
 57773077 4344212 4633.84384   90   20 4774.00000 4563.11979  4.42%  18.4 35935s
 57784676 4344904     cutoff   81      4774.00000 4563.11979  4.42%  18.4 35940s
 57797066 4346155 4563.11979   85   36 4774.00000 4563.11979  4.42%  18.4 35945s
 57809147 4347819 4578.24987   92   31 4774.00000 4563.11979  4.42%  18.4 35950s
 57821702 4350262     cutoff  101      4774.00000 4563.11979  4.42%  18.4 35955s
 57833059 4352139 4578.24987   95   31 4774.00000 4563.11979  4.42%  18.4 35960s
 57844705 4353649 4578.24987   93   31 4774.00000 4563.11979  4.42%  18.4 35965s
 57857067 4354592 4563.11979   86   32 4774.00000 4563.11979  4.42%  18.4 35970s
 57867570 4356511 4578.24987   80   31 4774.00000 4563.11979  4.42%  18.4 35975s
 57880478 4358234 4686.69954   90   30 4774.00000 4563.11979  4.42%  18.4 35980s
 57891609 4359890 4563.11979   92   34 4774.00000 4563.11979  4.42%  18.4 35985s
 57903466 4361374 4578.24987   76   31 4774.00000 4563.11979  4.42%  18.4 35990s
 57916527 4363335 4646.95054   98   30 4774.00000 4563.11979  4.42%  18.4 35995s
 57928859 4364641 4563.11979   91   34 4774.00000 4563.11979  4.42%  18.4 36000s
 57940472 4365835 4567.44587   93   36 4774.00000 4563.11979  4.42%  18.4 36005s
 57951590 4367462 4563.11979   85   36 4774.00000 4563.11979  4.42%  18.4 36010s
 57956408 4368411 4669.85231  102   21 4774.00000 4563.11979  4.42%  18.4 36015s
 57973187 4370399 4567.44587   97   33 4774.00000 4563.11979  4.42%  18.4 36020s
 57985338 4372346     cutoff   98      4774.00000 4563.11979  4.42%  18.3 36025s
 57996418 4373763     cutoff   85      4774.00000 4563.11979  4.42%  18.3 36030s
 57999793 4374319 4567.17038   97   33 4774.00000 4563.11979  4.42%  18.3 36035s
 58012295 4375935 4563.11979   84   34 4774.00000 4563.11979  4.42%  18.3 36040s
 58023408 4378187 4603.05607   92   32 4774.00000 4563.11979  4.42%  18.3 36045s
 58034344 4379041 4567.44587   95   36 4774.00000 4563.11979  4.42%  18.3 36050s
 58047186 4379995     cutoff  100      4774.00000 4563.11979  4.42%  18.3 36055s
 58062124 4380791     cutoff   75      4774.00000 4563.11979  4.42%  18.3 36060s
 58073740 4382587 4669.82940   96   26 4774.00000 4563.11979  4.42%  18.3 36065s
 58084697 4383891     cutoff  100      4774.00000 4563.11979  4.42%  18.3 36070s
 58093971 4384914 infeasible   87      4774.00000 4563.11979  4.42%  18.3 36075s
 58104737 4386026 4669.29880   53  100 4774.00000 4563.11979  4.42%  18.3 36080s
 58112390 4385584 infeasible  103      4774.00000 4563.14718  4.42%  18.3 36085s
 58121555 4385041 infeasible   71      4774.00000 4563.15200  4.42%  18.3 36090s
 58127282 4385105 4663.04762   55    7 4774.00000 4563.17191  4.42%  18.3 36095s
 58134656 4384977 4663.20700   54   24 4774.00000 4563.22032  4.42%  18.3 36100s
 58140530 4384932 4568.93308   75   15 4774.00000 4563.25455  4.41%  18.3 36105s
 58146950 4385192 4583.08313   73   22 4774.00000 4563.27938  4.41%  18.3 36110s
 58154911 4384991 4646.63828   67   40 4774.00000 4563.32719  4.41%  18.3 36115s
 58161082 4384801 4593.83752   72   30 4774.00000 4563.36463  4.41%  18.3 36120s
 58168779 4384881 4632.44076   69   33 4774.00000 4563.39929  4.41%  18.3 36125s
 58178304 4385204 4578.24987   81   31 4774.00000 4563.41271  4.41%  18.3 36130s
 58185119 4384924 4669.82940   91   22 4774.00000 4563.41271  4.41%  18.3 36135s
 58188308 4384678 infeasible  104      4774.00000 4563.41271  4.41%  18.3 36140s
 58196236 4384219 4646.95054  104   30 4774.00000 4563.41271  4.41%  18.3 36145s
 58204708 4383726 infeasible   93      4774.00000 4563.41271  4.41%  18.3 36150s
 58212027 4383369     cutoff   87      4774.00000 4563.41271  4.41%  18.3 36155s
 58220510 4382957 4603.11855  103   29 4774.00000 4563.41271  4.41%  18.3 36160s
 58229174 4382441     cutoff   99      4774.00000 4563.41271  4.41%  18.3 36165s
 58237606 4382155 4603.05607   89   35 4774.00000 4563.41271  4.41%  18.3 36170s
 58246506 4381962 infeasible   93      4774.00000 4563.41271  4.41%  18.3 36175s
 58253587 4381668 4572.50692   66   25 4774.00000 4563.43037  4.41%  18.3 36180s
 58260769 4381873 4563.47574   68   22 4774.00000 4563.46000  4.41%  18.3 36185s
 58267318 4381368     cutoff   53      4774.00000 4563.49550  4.41%  18.3 36190s
 58271258 4381316 4567.44587   80   33 4774.00000 4563.51241  4.41%  18.3 36195s
 58281745 4380811 infeasible   92      4774.00000 4563.53371  4.41%  18.3 36200s
 58291213 4380491 infeasible   92      4774.00000 4563.53371  4.41%  18.3 36205s
 58301803 4380350 4669.82940   85   25 4774.00000 4563.53371  4.41%  18.3 36210s
 58312503 4380395     cutoff   84      4774.00000 4563.53371  4.41%  18.3 36215s
 58321513 4380512 4715.65121   86   29 4774.00000 4563.53371  4.41%  18.3 36220s
 58328337 4380298 4563.57490   68   22 4774.00000 4563.55851  4.41%  18.3 36225s
 58334885 4379458 4591.25000   68    4 4774.00000 4563.57608  4.41%  18.3 36231s
 58341638 4379532 4654.74968   86   30 4774.00000 4563.60282  4.41%  18.3 36235s
 58349933 4379562     cutoff   69      4774.00000 4563.62043  4.41%  18.3 36240s
 58361359 4380867 4567.59903   85   34 4774.00000 4563.62043  4.41%  18.3 36245s
 58370987 4380893 infeasible   86      4774.00000 4563.62043  4.41%  18.3 36250s
 58378437 4380099     cutoff   73      4774.00000 4563.64850  4.41%  18.3 36255s
 58385637 4379560 4663.28903   68   26 4774.00000 4563.68834  4.41%  18.3 36260s
 58388924 4379350 4704.12796   49   61 4774.00000 4563.71171  4.40%  18.3 36265s
 58392052 4378777     cutoff   74      4774.00000 4563.71688  4.40%  18.3 36270s
 58398947 4377890 4665.17200   73   25 4774.00000 4563.73333  4.40%  18.3 36275s
 58405929 4377719 infeasible   74      4774.00000 4563.77173  4.40%  18.3 36280s
 58411612 4377106 infeasible   66      4774.00000 4563.79831  4.40%  18.3 36285s
 58419976 4376698 4632.81181   68   21 4774.00000 4563.83028  4.40%  18.3 36290s
 58426934 4376477 4567.44587   77   33 4774.00000 4563.87191  4.40%  18.3 36295s
 58438095 4378001     cutoff   73      4774.00000 4563.87794  4.40%  18.3 36300s
 58447584 4379470 4671.49330   72   20 4774.00000 4563.87794  4.40%  18.3 36305s
 58459749 4381116 4670.16289   72   22 4774.00000 4563.87794  4.40%  18.3 36310s
 58470064 4382996     cutoff   94      4774.00000 4563.87794  4.40%  18.3 36315s
 58481646 4384621 4649.42019   83   33 4774.00000 4563.87794  4.40%  18.3 36320s
 58490224 4386070 4563.87794   77   33 4774.00000 4563.87794  4.40%  18.3 36325s
 58502110 4387717 4603.81431   88   35 4774.00000 4563.87794  4.40%  18.3 36330s
 58515361 4389622 infeasible   94      4774.00000 4563.87794  4.40%  18.3 36335s
 58526999 4390986     cutoff   69      4774.00000 4563.87794  4.40%  18.3 36340s
 58537443 4392568     cutoff   79      4774.00000 4563.87794  4.40%  18.3 36345s
 58542265 4393198 4581.51508   84   31 4774.00000 4563.87794  4.40%  18.3 36350s
 58553477 4394291     cutoff   88      4774.00000 4563.87794  4.40%  18.3 36355s
 58564692 4395603 4650.08085   78   30 4774.00000 4563.87794  4.40%  18.3 36360s
 58573554 4396583 4603.81431   67   33 4774.00000 4563.87794  4.40%  18.3 36365s
 58584503 4398624     cutoff   81      4774.00000 4563.87794  4.40%  18.3 36370s
 58597250 4400137 4660.99051   85   31 4774.00000 4563.87794  4.40%  18.3 36375s
 58609504 4402180 infeasible   80      4774.00000 4563.87794  4.40%  18.3 36380s
 58621620 4404334 4671.49330   76   20 4774.00000 4563.87794  4.40%  18.3 36385s
 58632405 4406526 4563.87794   68   32 4774.00000 4563.87794  4.40%  18.3 36390s
 58644696 4408490 4563.87794   70   33 4774.00000 4563.87794  4.40%  18.3 36395s
 58657849 4409903 4650.08085   84   30 4774.00000 4563.87794  4.40%  18.3 36400s
 58669079 4411112 infeasible   81      4774.00000 4563.87794  4.40%  18.3 36405s
 58679640 4412626 infeasible   73      4774.00000 4563.87794  4.40%  18.3 36410s
 58692451 4414475     cutoff   91      4774.00000 4563.87794  4.40%  18.3 36415s
 58703903 4415878     cutoff   87      4774.00000 4563.87794  4.40%  18.3 36420s
 58711981 4417223 4650.08085   77   30 4774.00000 4563.87794  4.40%  18.3 36425s
 58724495 4418923 4603.81431   76   36 4774.00000 4563.87794  4.40%  18.3 36430s
 58736113 4420313 4581.51508   78   31 4774.00000 4563.87794  4.40%  18.3 36435s
 58746613 4422013 4701.49330   77   15 4774.00000 4563.87794  4.40%  18.3 36440s
 58759494 4423817 4637.48514   93   32 4774.00000 4563.87794  4.40%  18.3 36445s
 58770844 4425537 4568.92084   69   34 4774.00000 4563.87794  4.40%  18.3 36450s
 58781323 4426654 infeasible   88      4774.00000 4563.87794  4.40%  18.2 36455s
 58786358 4427103 infeasible   81      4774.00000 4563.87794  4.40%  18.2 36460s
 58796321 4428665 infeasible   76      4774.00000 4563.87794  4.40%  18.2 36465s
 58809874 4430286 infeasible   97      4774.00000 4563.87794  4.40%  18.2 36470s
 58821567 4432155 4563.87794   80   33 4774.00000 4563.87794  4.40%  18.2 36475s
 58833043 4433655 4719.01433   78   34 4774.00000 4563.87794  4.40%  18.2 36480s
 58844069 4435458 4563.87794   69   33 4774.00000 4563.87794  4.40%  18.2 36485s
 58856034 4436780 4672.38881   94   31 4774.00000 4563.87794  4.40%  18.2 36490s
 58869081 4438378 4569.33689   83   31 4774.00000 4563.87794  4.40%  18.2 36495s
 58880006 4439814 4603.81431   90   35 4774.00000 4563.87794  4.40%  18.2 36500s
 58892088 4441463 4568.92084   70   35 4774.00000 4563.87794  4.40%  18.2 36505s
 58903330 4443079 4696.38633   75   24 4774.00000 4563.87794  4.40%  18.2 36510s
 58914525 4444210     cutoff   83      4774.00000 4563.87794  4.40%  18.2 36515s
 58925985 4445873 infeasible   89      4774.00000 4563.87794  4.40%  18.2 36520s
 58936731 4447148 4581.51508   76   31 4774.00000 4563.87794  4.40%  18.2 36525s
 58948068 4448246 4563.87794   81   32 4774.00000 4563.87794  4.40%  18.2 36530s
 58959301 4449744     cutoff   75      4774.00000 4563.87794  4.40%  18.2 36535s
 58970641 4450707     cutoff   74      4774.00000 4563.87794  4.40%  18.2 36540s
 58982081 4451678 4650.08085   76   30 4774.00000 4563.87794  4.40%  18.2 36545s
 58992450 4452820     cutoff   85      4774.00000 4563.87794  4.40%  18.2 36550s
 59005266 4454356 4633.12944   87   21 4774.00000 4563.87794  4.40%  18.2 36555s
 59016005 4455559 infeasible   89      4774.00000 4563.87794  4.40%  18.2 36560s
 59027536 4456777 4569.33689   75   31 4774.00000 4563.87794  4.40%  18.2 36565s
 59037395 4457902 4679.30411   89   20 4774.00000 4563.87794  4.40%  18.2 36570s
 59041961 4458509 4649.42019   70   28 4774.00000 4563.87794  4.40%  18.2 36575s
 59052821 4459633 4672.38881   89   32 4774.00000 4563.87794  4.40%  18.2 36580s
 59065105 4461579 infeasible   91      4774.00000 4563.87794  4.40%  18.2 36585s
 59076497 4462821 4563.87794   77   32 4774.00000 4563.87794  4.40%  18.2 36590s
 59087430 4464276 4563.87794   85   34 4774.00000 4563.87794  4.40%  18.2 36595s
 59099091 4465827 infeasible   88      4774.00000 4563.87794  4.40%  18.2 36600s
 59110755 4467364 4569.33689   72   31 4774.00000 4563.87794  4.40%  18.2 36605s
 59120835 4468698 4581.51508   74   31 4774.00000 4563.87794  4.40%  18.2 36610s
 59132640 4469920 4671.49330   81   20 4774.00000 4563.87794  4.40%  18.2 36615s
 59144341 4471099 4637.48514   67   33 4774.00000 4563.87794  4.40%  18.2 36620s
 59156755 4472571 4672.38881   81   35 4774.00000 4563.87794  4.40%  18.2 36625s
 59167265 4473675 4603.81431   92   36 4774.00000 4563.87794  4.40%  18.2 36630s
 59179436 4475086 4632.44076   91   31 4774.00000 4563.87794  4.40%  18.2 36635s
 59191983 4476453 4609.21178   86   31 4774.00000 4563.87794  4.40%  18.2 36640s
 59203312 4478117 4568.92084   80   33 4774.00000 4563.87794  4.40%  18.2 36645s
 59214014 4479368 4569.33689   77   31 4774.00000 4563.87794  4.40%  18.2 36650s
 59224376 4480843 4569.33689   78   31 4774.00000 4563.87794  4.40%  18.2 36655s
 59236065 4482151 infeasible   75      4774.00000 4563.87794  4.40%  18.2 36660s
 59247479 4483511 4650.19663   79   23 4774.00000 4563.87794  4.40%  18.2 36665s
 59258210 4484985 4563.87794   79   36 4774.00000 4563.87794  4.40%  18.1 36670s
 59267560 4485895     cutoff   79      4774.00000 4563.87794  4.40%  18.1 36675s
 59275561 4486307 4581.51508   95   31 4774.00000 4563.87794  4.40%  18.1 36680s
 59283952 4487177     cutoff   86      4774.00000 4563.87794  4.40%  18.1 36685s
 59294575 4488706 4650.08085   90   30 4774.00000 4563.87794  4.40%  18.1 36690s
 59307048 4489860 infeasible  100      4774.00000 4563.87794  4.40%  18.1 36695s
 59318699 4491285     cutoff   90      4774.00000 4563.87794  4.40%  18.1 36700s
 59330188 4492373 infeasible   89      4774.00000 4563.87794  4.40%  18.1 36705s
 59341741 4494183 4563.87794   82   35 4774.00000 4563.87794  4.40%  18.1 36710s
 59353115 4495583 4650.08085   86   30 4774.00000 4563.87794  4.40%  18.1 36715s
 59363666 4497099     cutoff   92      4774.00000 4563.87794  4.40%  18.1 36720s
 59374606 4498547 4581.51508   88   31 4774.00000 4563.87794  4.40%  18.1 36725s
 59384773 4499829 infeasible   67      4774.00000 4563.87794  4.40%  18.1 36730s
 59395462 4501341 4670.53996   80   26 4774.00000 4563.87794  4.40%  18.1 36735s
 59406500 4502996 4603.81431   84   35 4774.00000 4563.87794  4.40%  18.1 36740s
 59418733 4504778 infeasible   72      4774.00000 4563.87794  4.40%  18.1 36745s
 59428020 4505974 4603.81431   79   36 4774.00000 4563.87794  4.40%  18.1 36750s
 59440004 4507455 4621.25280   85   31 4774.00000 4563.87794  4.40%  18.1 36755s
 59452724 4509090     cutoff   83      4774.00000 4563.87794  4.40%  18.1 36760s
 59462756 4510462 4603.81431   87   36 4774.00000 4563.87794  4.40%  18.1 36765s
 59474736 4511847 4637.48514   95   31 4774.00000 4563.87794  4.40%  18.1 36770s
 59484922 4512870 4609.43357   67   31 4774.00000 4563.87794  4.40%  18.1 36775s
 59496263 4514114     cutoff   96      4774.00000 4563.87794  4.40%  18.1 36780s
 59507009 4515475 4563.87794   72   34 4774.00000 4563.87794  4.40%  18.1 36785s
 59517133 4516349 infeasible   78      4774.00000 4563.87794  4.40%  18.1 36790s
 59528735 4517402 4563.87794   81   32 4774.00000 4563.87794  4.40%  18.1 36795s
 59534149 4518065 infeasible   91      4774.00000 4563.87794  4.40%  18.1 36800s
 59545959 4519366 infeasible   78      4774.00000 4563.87794  4.40%  18.1 36805s
 59558151 4521189 4568.92084   77   36 4774.00000 4563.87794  4.40%  18.1 36810s
 59569304 4522523     cutoff   76      4774.00000 4563.87794  4.40%  18.1 36815s
 59580343 4523730 4669.56236   70   25 4774.00000 4563.87794  4.40%  18.1 36820s
 59591066 4524875 infeasible   93      4774.00000 4563.87794  4.40%  18.1 36825s
 59601276 4526335 4569.33689   81   31 4774.00000 4563.87794  4.40%  18.1 36830s
 59612141 4527800 infeasible   88      4774.00000 4563.87794  4.40%  18.1 36835s
 59623158 4529165 4650.08085   93   30 4774.00000 4563.87794  4.40%  18.1 36840s
 59634461 4530561     cutoff   76      4774.00000 4563.87794  4.40%  18.1 36845s
 59646225 4532046 4563.87794   75   32 4774.00000 4563.87794  4.40%  18.1 36850s
 59657848 4533122 4609.43357   78   32 4774.00000 4563.87794  4.40%  18.1 36855s
 59668536 4534780 4569.33689   84   31 4774.00000 4563.87794  4.40%  18.1 36860s
 59679428 4535848 infeasible   89      4774.00000 4563.87794  4.40%  18.1 36865s
 59690336 4536740 4563.87794   83   35 4774.00000 4563.87794  4.40%  18.1 36870s
 59693779 4537031 4669.63055   70   22 4774.00000 4563.87794  4.40%  18.1 36875s
 59698943 4537803 infeasible   81      4774.00000 4563.87794  4.40%  18.1 36880s
 59709944 4538804 4563.87794   83   36 4774.00000 4563.87794  4.40%  18.1 36885s
 59722007 4539426 4568.92084   74   36 4774.00000 4563.87794  4.40%  18.1 36890s
 59733783 4541193 infeasible   84      4774.00000 4563.87794  4.40%  18.0 36895s
 59743737 4542241 4563.87794   72   34 4774.00000 4563.87794  4.40%  18.0 36900s
 59756060 4543804 4632.44076   85   34 4774.00000 4563.87794  4.40%  18.0 36905s
 59768779 4545090 4771.35830   88   24 4774.00000 4563.87794  4.40%  18.0 36910s
 59779820 4546573     cutoff   86      4774.00000 4563.87794  4.40%  18.0 36915s
 59791803 4547868 4563.87794   72   32 4774.00000 4563.87794  4.40%  18.0 36920s
 59803799 4549524 infeasible   90      4774.00000 4563.87794  4.40%  18.0 36925s
 59809304 4550263 4563.87794   71   36 4774.00000 4563.87794  4.40%  18.0 36930s
 59821259 4551910     cutoff   95      4774.00000 4563.87794  4.40%  18.0 36935s
 59833420 4553201 4650.08085   93   30 4774.00000 4563.87794  4.40%  18.0 36940s
 59845815 4554707     cutoff   87      4774.00000 4563.87794  4.40%  18.0 36945s
 59858170 4556156 4563.87794   76   33 4774.00000 4563.87794  4.40%  18.0 36950s
 59871282 4557793 4563.87794   82   32 4774.00000 4563.87794  4.40%  18.0 36955s
 59882368 4559130 4650.08085   81   30 4774.00000 4563.87794  4.40%  18.0 36960s
 59892803 4560455 4669.56236   75   26 4774.00000 4563.87794  4.40%  18.0 36965s
 59904189 4561695 4609.43357   77   32 4774.00000 4563.87794  4.40%  18.0 36970s
 59916093 4562879     cutoff   96      4774.00000 4563.87794  4.40%  18.0 36975s
 59927363 4564657 4563.87794   84   34 4774.00000 4563.87794  4.40%  18.0 36980s
 59938769 4565869 4568.92084   78   36 4774.00000 4563.87794  4.40%  18.0 36985s
 59950430 4567282     cutoff   85      4774.00000 4563.87794  4.40%  18.0 36990s
 59960905 4568032 4603.81431   85   36 4774.00000 4563.87794  4.40%  18.0 36995s
 59970307 4569610     cutoff   89      4774.00000 4563.87794  4.40%  18.0 37000s
 59982861 4570912 4568.92084   85   35 4774.00000 4563.87794  4.40%  18.0 37005s
 59995660 4572673 4671.49330   80   20 4774.00000 4563.87794  4.40%  18.0 37010s
 60006178 4573725 4637.90128   94   30 4774.00000 4563.87794  4.40%  18.0 37015s
 60017281 4574836 4632.44076   94   31 4774.00000 4563.87794  4.40%  18.0 37020s
 60026744 4575846 infeasible   89      4774.00000 4563.87794  4.40%  18.0 37025s
 60038303 4576923 4563.87794   80   35 4774.00000 4563.87794  4.40%  18.0 37030s
 60050672 4577948 4672.38881   80   32 4774.00000 4563.87794  4.40%  18.0 37035s
 60063008 4579111 infeasible   83      4774.00000 4563.87794  4.40%  18.0 37040s
 60075597 4581009 4569.33689   79   31 4774.00000 4563.87794  4.40%  18.0 37045s
 60086593 4582325 4603.81431   86   36 4774.00000 4563.87794  4.40%  18.0 37050s
 60096363 4583547 4633.12944   90   21 4774.00000 4563.87794  4.40%  18.0 37055s
 60109039 4584986 4632.44076   90   35 4774.00000 4563.87794  4.40%  18.0 37060s
 60121188 4586356 4569.33689   74   31 4774.00000 4563.87794  4.40%  18.0 37065s
 60132023 4587479 4669.63055   69   25 4774.00000 4563.87794  4.40%  18.0 37070s
 60140274 4588345 4650.08085   90   30 4774.00000 4563.87794  4.40%  18.0 37075s
 60144432 4589209 infeasible   90      4774.00000 4563.87794  4.40%  18.0 37080s
 60156208 4590226 4629.60282   84   26 4774.00000 4563.87794  4.40%  18.0 37085s
 60168129 4591323 4581.51508   88   31 4774.00000 4563.87794  4.40%  18.0 37090s
 60180043 4592564 4672.38881   89   35 4774.00000 4563.87794  4.40%  18.0 37095s
 60190377 4593884 4563.87794   80   35 4774.00000 4563.87794  4.40%  18.0 37100s
 60202374 4595704 infeasible   89      4774.00000 4563.87794  4.40%  18.0 37105s
 60212776 4596978     cutoff   76      4774.00000 4563.87794  4.40%  18.0 37110s
 60224182 4598433 4650.08085   81   30 4774.00000 4563.87794  4.40%  17.9 37115s
 60235430 4599789     cutoff   86      4774.00000 4563.87794  4.40%  17.9 37120s
 60246837 4601288 4668.80041   83   36 4774.00000 4563.87794  4.40%  17.9 37125s
 60259498 4602579 4669.63055   76   22 4774.00000 4563.87794  4.40%  17.9 37130s
 60269069 4603479 infeasible   69      4774.00000 4563.87794  4.40%  17.9 37135s
 60281227 4604800     cutoff   82      4774.00000 4563.87794  4.40%  17.9 37140s
 60292816 4606342 4664.42176   84   31 4774.00000 4563.87794  4.40%  17.9 37145s
 60304993 4607765     cutoff   89      4774.00000 4563.87794  4.40%  17.9 37150s
 60315156 4608857 4650.08085   81   30 4774.00000 4563.87794  4.40%  17.9 37155s
 60327305 4609712 4614.45690   86   32 4774.00000 4563.87794  4.40%  17.9 37160s
 60338853 4610949     cutoff   89      4774.00000 4563.87794  4.40%  17.9 37165s
 60348934 4612091 4669.21178   73   31 4774.00000 4563.87794  4.40%  17.9 37170s
 60360200 4613348     cutoff   97      4774.00000 4563.87794  4.40%  17.9 37175s
 60370241 4614646 infeasible   89      4774.00000 4563.87794  4.40%  17.9 37180s
 60381741 4615765 4632.44076   93   32 4774.00000 4563.87794  4.40%  17.9 37185s
 60392364 4616813 4569.33689   67   31 4774.00000 4563.87794  4.40%  17.9 37190s
 60396965 4617120 4569.33689   88   31 4774.00000 4563.87794  4.40%  17.9 37195s
 60405788 4618629 4581.51508   77   31 4774.00000 4563.87794  4.40%  17.9 37200s
 60416523 4620075 4569.33689   87   31 4774.00000 4563.87794  4.40%  17.9 37205s
 60428934 4621239 infeasible   88      4774.00000 4563.87794  4.40%  17.9 37210s
 60439768 4622710     cutoff   82      4774.00000 4563.87794  4.40%  17.9 37215s
 60449084 4623810 infeasible   85      4774.00000 4563.87794  4.40%  17.9 37220s
 60459708 4625140 4684.04753   87   33 4774.00000 4563.87794  4.40%  17.9 37225s
 60470537 4626338 infeasible   87      4774.00000 4563.87794  4.40%  17.9 37230s
 60481111 4627271     cutoff   82      4774.00000 4563.87794  4.40%  17.9 37235s
 60493454 4628878 4669.56236   85   26 4774.00000 4563.87794  4.40%  17.9 37240s
 60504871 4630318     cutoff   75      4774.00000 4563.87794  4.40%  17.9 37245s
 60514055 4631484     cutoff   93      4774.00000 4563.87794  4.40%  17.9 37250s
 60525209 4632868 4563.87794   81   35 4774.00000 4563.87794  4.40%  17.9 37255s
 60535802 4633934 4568.92084   85   32 4774.00000 4563.87794  4.40%  17.9 37260s
 60546891 4635652 4569.33689   82   31 4774.00000 4563.87794  4.40%  17.9 37265s
 60557325 4637036 4581.51508   83   31 4774.00000 4563.87794  4.40%  17.9 37270s
 60570254 4638608     cutoff   79      4774.00000 4563.87794  4.40%  17.9 37275s
 60580300 4639916     cutoff   82      4774.00000 4563.87794  4.40%  17.9 37280s
 60591296 4641033 4621.25280   88   31 4774.00000 4563.87794  4.40%  17.9 37285s
 60603354 4642821     cutoff   96      4774.00000 4563.87794  4.40%  17.9 37290s
 60614371 4643999     cutoff   98      4774.00000 4563.87794  4.40%  17.9 37295s
 60626283 4645301 4569.33689   77   31 4774.00000 4563.87794  4.40%  17.9 37300s
 60637043 4646265 4621.25280   89   31 4774.00000 4563.87794  4.40%  17.9 37305s
 60641227 4646514 4614.68928   75   28 4774.00000 4563.87794  4.40%  17.9 37310s
 60651391 4648013 infeasible   79      4774.00000 4563.87794  4.40%  17.9 37315s
 60660669 4649017     cutoff   76      4774.00000 4563.87794  4.40%  17.9 37320s
 60671332 4650176 4643.75068   97   35 4774.00000 4563.87794  4.40%  17.9 37325s
 60682287 4650955     cutoff   88      4774.00000 4563.87794  4.40%  17.9 37330s
 60692921 4651973 infeasible   75      4774.00000 4563.87794  4.40%  17.9 37335s
 60704362 4653092 4581.51508   87   31 4774.00000 4563.87794  4.40%  17.9 37340s
 60714272 4654378 4581.51508   81   31 4774.00000 4563.87794  4.40%  17.9 37345s
 60724733 4655556 infeasible   84      4774.00000 4563.87794  4.40%  17.8 37350s
 60734960 4656899 4563.87794   79   36 4774.00000 4563.87794  4.40%  17.8 37355s
 60745796 4658489 4637.48514   83   35 4774.00000 4563.87794  4.40%  17.8 37360s
 60756098 4659722 4718.83297   87   21 4774.00000 4563.87794  4.40%  17.8 37365s
 60768302 4661259 4672.38881   89   35 4774.00000 4563.87794  4.40%  17.8 37370s
 60779938 4662793 infeasible   91      4774.00000 4563.87794  4.40%  17.8 37375s
 60790654 4663857 4568.92084   82   36 4774.00000 4563.87794  4.40%  17.8 37380s
 60800456 4665300 4563.87794   78   35 4774.00000 4563.87794  4.40%  17.8 37385s
 60810427 4666280     cutoff   86      4774.00000 4563.87794  4.40%  17.8 37390s
 60820627 4667661 4568.92084   73   35 4774.00000 4563.87794  4.40%  17.8 37395s
 60831847 4668719 4669.56236   81   24 4774.00000 4563.87794  4.40%  17.8 37400s
 60841404 4669828     cutoff   81      4774.00000 4563.87794  4.40%  17.8 37405s
 60851826 4670806     cutoff   78      4774.00000 4563.87794  4.40%  17.8 37410s
 60863043 4672552     cutoff   92      4774.00000 4563.87794  4.40%  17.8 37415s
 60868563 4673308     cutoff   89      4774.00000 4563.87794  4.40%  17.8 37420s
 60876635 4674425 4568.92084   74   35 4774.00000 4563.87794  4.40%  17.8 37425s
 60886844 4675755     cutoff   86      4774.00000 4563.87794  4.40%  17.8 37430s
 60897186 4676926     cutoff   96      4774.00000 4563.87794  4.40%  17.8 37435s
 60905854 4678037 infeasible   78      4774.00000 4563.87794  4.40%  17.8 37440s
 60916903 4679090     cutoff   86      4774.00000 4563.87794  4.40%  17.8 37445s
 60926320 4680263     cutoff   77      4774.00000 4563.87794  4.40%  17.8 37450s
 60936902 4681270 4569.33689   73   31 4774.00000 4563.87794  4.40%  17.8 37455s
 60948664 4682554 4626.99274   81   31 4774.00000 4563.87794  4.40%  17.8 37460s
 60959173 4683807 infeasible   73      4774.00000 4563.87794  4.40%  17.8 37465s
 60970931 4685321 4581.51508   81   31 4774.00000 4563.87794  4.40%  17.8 37470s
 60982145 4686402 4637.90128   88   30 4774.00000 4563.87794  4.40%  17.8 37475s
 60992246 4687738 4563.87794   84   32 4774.00000 4563.87794  4.40%  17.8 37480s
 61002729 4689453     cutoff   81      4774.00000 4563.87794  4.40%  17.8 37485s
 61014033 4690752 4626.99274   84   31 4774.00000 4563.87794  4.40%  17.8 37490s
 61023340 4691983 4621.25280   96   31 4774.00000 4563.87794  4.40%  17.8 37495s
 61031668 4693131 4650.08085   84   30 4774.00000 4563.87794  4.40%  17.8 37500s
 61044181 4694554     cutoff   97      4774.00000 4563.87794  4.40%  17.8 37505s
 61054230 4695647 4650.08085   81   30 4774.00000 4563.87794  4.40%  17.8 37510s
 61066513 4697597     cutoff   94      4774.00000 4563.87794  4.40%  17.8 37515s
 61077175 4698950 4672.38881   89   35 4774.00000 4563.87794  4.40%  17.8 37520s
 61087032 4700268 infeasible   78      4774.00000 4563.87794  4.40%  17.8 37525s
 61097029 4701488 infeasible   92      4774.00000 4563.87794  4.40%  17.8 37530s
 61107209 4702803 4609.21178   88   31 4774.00000 4563.87794  4.40%  17.8 37535s
 61116525 4703953 4563.87794   81   33 4774.00000 4563.87794  4.40%  17.8 37540s
 61120871 4704531 4637.48514   87   34 4774.00000 4563.87794  4.40%  17.8 37545s
 61129874 4705373 4563.87794   81   35 4774.00000 4563.87794  4.40%  17.8 37550s
 61141200 4706333 4650.08085   85   30 4774.00000 4563.87794  4.40%  17.8 37555s
 61152304 4707731 4581.51508   71   31 4774.00000 4563.87794  4.40%  17.8 37560s
 61165831 4708364 4650.08085   91   30 4774.00000 4563.87794  4.40%  17.8 37565s
 61175572 4709317 4632.44076   83   35 4774.00000 4563.87794  4.40%  17.8 37570s
 61185784 4710190 infeasible   79      4774.00000 4563.87794  4.40%  17.8 37575s
 61196808 4711590 4650.08085   84   30 4774.00000 4563.87794  4.40%  17.8 37580s
 61209935 4712905 4568.92084   93   32 4774.00000 4563.87794  4.40%  17.8 37585s
 61220635 4714721 4569.33689   92   31 4774.00000 4563.87794  4.40%  17.7 37590s
 61230224 4715068 4600.16028   70   31 4774.00000 4563.88833  4.40%  17.7 37595s
 61239415 4715630 4649.43280   69   23 4774.00000 4563.90494  4.40%  17.7 37600s
 61249927 4717326 4563.90655   60   33 4774.00000 4563.90655  4.40%  17.7 37605s
 61262255 4718710 4581.62607   89   31 4774.00000 4563.90655  4.40%  17.7 37610s
 61272555 4720256 4569.39101   87   31 4774.00000 4563.90655  4.40%  17.7 37615s
 61283546 4721763 4632.46938   94   34 4774.00000 4563.90655  4.40%  17.7 37620s
 61296115 4723314 4632.46938   85   34 4774.00000 4563.90655  4.40%  17.7 37625s
 61305656 4724437 4568.97301   64   36 4774.00000 4563.90655  4.40%  17.7 37630s
 61318977 4726395     cutoff   73      4774.00000 4563.90655  4.40%  17.7 37635s
 61329888 4727656 4568.97301   67   35 4774.00000 4563.90655  4.40%  17.7 37640s
 61341488 4729275 4581.62607   89   31 4774.00000 4563.90655  4.40%  17.7 37645s
 61352585 4730558 4569.39101   77   31 4774.00000 4563.90655  4.40%  17.7 37650s
 61364178 4732173 4650.19186   91   30 4774.00000 4563.90655  4.40%  17.7 37655s
 61375364 4733727 4702.69727   76   16 4774.00000 4563.90655  4.40%  17.7 37660s
 61380594 4734321 4668.85258   76   36 4774.00000 4563.90655  4.40%  17.7 37665s
 61389371 4735447     cutoff   81      4774.00000 4563.90655  4.40%  17.7 37670s
 61399646 4736268 4621.36379   89   31 4774.00000 4563.90655  4.40%  17.7 37675s
 61412098 4737401 4609.43694   86   31 4774.00000 4563.90655  4.40%  17.7 37680s
 61421804 4738690 4650.19186   68   30 4774.00000 4563.90655  4.40%  17.7 37685s
 61433426 4740210 4569.39101   75   31 4774.00000 4563.90655  4.40%  17.7 37690s
 61445504 4741696 4699.41687   95   29 4774.00000 4563.90655  4.40%  17.7 37695s
 61457297 4743296 4563.90655   88   33 4774.00000 4563.90655  4.40%  17.7 37700s
 61468703 4744481 4650.19186   88   30 4774.00000 4563.90655  4.40%  17.7 37705s
 61478749 4745728 4603.84293   90   33 4774.00000 4563.90655  4.40%  17.7 37710s
 61491502 4747211 infeasible   74      4774.00000 4563.90655  4.40%  17.7 37715s
 61500821 4748687 4563.90655   92   36 4774.00000 4563.90655  4.40%  17.7 37720s
 61510841 4750022 4569.39101   86   31 4774.00000 4563.90655  4.40%  17.7 37725s
 61521154 4751215 4672.41744   97   34 4774.00000 4563.90655  4.40%  17.7 37730s
 61532946 4752593 4563.90655   67   32 4774.00000 4563.90655  4.40%  17.7 37735s
 61545415 4753947 4563.90655   78   32 4774.00000 4563.90655  4.40%  17.7 37740s
 61557227 4755084 4581.62607   75   31 4774.00000 4563.90655  4.40%  17.7 37745s
 61570167 4756373     cutoff   68      4774.00000 4563.90655  4.40%  17.7 37750s
 61581925 4757803 4581.62607   81   31 4774.00000 4563.90655  4.40%  17.7 37755s
 61592612 4759091 4650.19186   86   30 4774.00000 4563.90655  4.40%  17.7 37760s
 61603142 4760338 4563.90655   73   36 4774.00000 4563.90655  4.40%  17.7 37765s
 61615391 4761700 infeasible   81      4774.00000 4563.90655  4.40%  17.7 37770s
 61627038 4763282 4702.69727   75   21 4774.00000 4563.90655  4.40%  17.7 37775s
 61629942 4763861     cutoff   65      4774.00000 4563.90655  4.40%  17.7 37780s
 61641777 4765558 4569.39101   85   31 4774.00000 4563.90655  4.40%  17.7 37785s
 61652284 4766703     cutoff   79      4774.00000 4563.90655  4.40%  17.7 37790s
 61664932 4768635 4663.84293   87   32 4774.00000 4563.90655  4.40%  17.7 37795s
 61670516 4770303 infeasible   93      4774.00000 4563.90655  4.40%  17.7 37800s
 61684921 4771416     cutoff   88      4774.00000 4563.90655  4.40%  17.7 37805s
 61696104 4772753 4563.90655   65   33 4774.00000 4563.90655  4.40%  17.7 37810s
 61707430 4773995 infeasible   96      4774.00000 4563.90655  4.40%  17.7 37815s
 61719031 4775254 4603.84293   87   34 4774.00000 4563.90655  4.40%  17.7 37820s
 61730856 4776397 infeasible   88      4774.00000 4563.90655  4.40%  17.7 37825s
 61742654 4777416 4650.19186   97   30 4774.00000 4563.90655  4.40%  17.6 37830s
 61753079 4778091 4621.36379   84   31 4774.00000 4563.90655  4.40%  17.6 37835s
 61764203 4779314 4581.62607   88   31 4774.00000 4563.90655  4.40%  17.6 37840s
 61777036 4780614 infeasible   89      4774.00000 4563.90655  4.40%  17.6 37845s
 61787634 4782116     cutoff   83      4774.00000 4563.90655  4.40%  17.6 37850s
 61798801 4783259 4603.84293   90   36 4774.00000 4563.90655  4.40%  17.6 37855s
 61808395 4784548 infeasible   79      4774.00000 4563.90655  4.40%  17.6 37860s
 61817783 4785847     cutoff   71      4774.00000 4563.90655  4.40%  17.6 37865s
 61830970 4787088 4603.84293   70   33 4774.00000 4563.90655  4.40%  17.6 37870s
 61840274 4788212 4563.90655   87   36 4774.00000 4563.90655  4.40%  17.6 37875s
 61852546 4789617 4581.62607   73   31 4774.00000 4563.90655  4.40%  17.6 37880s
 61862417 4791128 4563.90655   79   32 4774.00000 4563.90655  4.40%  17.6 37885s
 61874034 4792392 infeasible   82      4774.00000 4563.90655  4.40%  17.6 37890s
 61883543 4793668 4581.62607   82   31 4774.00000 4563.90655  4.40%  17.6 37895s
 61888779 4794306 infeasible   77      4774.00000 4563.90655  4.40%  17.6 37900s
 61901209 4795467     cutoff   98      4774.00000 4563.90655  4.40%  17.6 37905s
 61909642 4796656 4563.90655   72   35 4774.00000 4563.90655  4.40%  17.6 37910s
 61918463 4797518 4569.39101   77   31 4774.00000 4563.90655  4.40%  17.6 37915s
 61930006 4798707 4569.39101   85   31 4774.00000 4563.90655  4.40%  17.6 37920s
 61943203 4799583 4663.84293   75   33 4774.00000 4563.90655  4.40%  17.6 37925s
 61953904 4800699     cutoff   89      4774.00000 4563.90655  4.40%  17.6 37930s
 61965531 4801995 4650.19186   89   30 4774.00000 4563.90655  4.40%  17.6 37935s
 61977093 4803370     cutoff   80      4774.00000 4563.90655  4.40%  17.6 37940s
 61988065 4804676 infeasible   91      4774.00000 4563.90655  4.40%  17.6 37945s
 61999842 4805810 4603.84293   86   35 4774.00000 4563.90655  4.40%  17.6 37950s
 62011962 4807341 4569.39101   89   31 4774.00000 4563.90655  4.40%  17.6 37955s
 62023982 4808482 4672.41744   84   34 4774.00000 4563.90655  4.40%  17.6 37960s
 62036033 4809798     cutoff   95      4774.00000 4563.90655  4.40%  17.6 37965s
 62048791 4811074 4650.18927   99   29 4774.00000 4563.90655  4.40%  17.6 37970s
 62059257 4812147     cutoff   86      4774.00000 4563.90655  4.40%  17.6 37975s
 62069009 4812884     cutoff   84      4774.00000 4563.90655  4.40%  17.6 37980s
 62079901 4814218 infeasible   80      4774.00000 4563.90655  4.40%  17.6 37985s
 62091761 4815295     cutoff   69      4774.00000 4563.90655  4.40%  17.6 37990s
 62102215 4816356 4669.26589   81   31 4774.00000 4563.90655  4.40%  17.6 37995s
 62112966 4817715 4672.41744   96   32 4774.00000 4563.90655  4.40%  17.6 38000s
 62124902 4819079 4581.62607   75   31 4774.00000 4563.90655  4.40%  17.6 38005s
 62135168 4820153 4720.61862   71   19 4774.00000 4563.90655  4.40%  17.6 38010s
 62140571 4820591 4669.59098   86   26 4774.00000 4563.90655  4.40%  17.6 38015s
 62147318 4821457 infeasible   75      4774.00000 4563.90655  4.40%  17.6 38020s
 62158222 4822720 4609.43694   87   28 4774.00000 4563.90655  4.40%  17.6 38025s
 62169296 4823952 4581.62607   68   31 4774.00000 4563.90655  4.40%  17.6 38030s
 62181491 4825625 4609.43694   67   32 4774.00000 4563.90655  4.40%  17.6 38035s
 62192240 4826676 4563.90655   87   34 4774.00000 4563.90655  4.40%  17.6 38040s
 62201201 4828018 4581.62607   93   31 4774.00000 4563.90655  4.40%  17.6 38045s
 62212870 4829143 infeasible   91      4774.00000 4563.90655  4.40%  17.6 38050s
 62223373 4830505     cutoff   84      4774.00000 4563.90655  4.40%  17.6 38055s
 62236345 4831295 infeasible   85      4774.00000 4563.90655  4.40%  17.6 38060s
 62247855 4833047     cutoff   84      4774.00000 4563.90655  4.40%  17.6 38065s
 62258333 4834478 infeasible   79      4774.00000 4563.90655  4.40%  17.6 38070s
 62269150 4835766     cutoff   71      4774.00000 4563.90655  4.40%  17.5 38075s
 62280172 4837020 4632.46938   91   35 4774.00000 4563.90655  4.40%  17.5 38080s
 62291125 4838231 infeasible   90      4774.00000 4563.90655  4.40%  17.5 38085s
 62301220 4839110 4563.90655   78   33 4774.00000 4563.90655  4.40%  17.5 38090s
 62312465 4840478     cutoff   78      4774.00000 4563.90655  4.40%  17.5 38095s
 62323064 4841476 4632.46938   78   35 4774.00000 4563.90655  4.40%  17.5 38100s
 62335194 4842991     cutoff   98      4774.00000 4563.90655  4.40%  17.5 38105s
 62347579 4844223 infeasible   81      4774.00000 4563.90655  4.40%  17.5 38110s
 62359413 4845345 4563.90655   70   33 4774.00000 4563.90655  4.40%  17.5 38115s
 62371722 4846376 infeasible   89      4774.00000 4563.90655  4.40%  17.5 38120s
 62381552 4846987 4673.07028   74   16 4774.00000 4563.90655  4.40%  17.5 38125s
 62392997 4848121 infeasible   75      4774.00000 4563.90655  4.40%  17.5 38130s
 62405214 4849842 4649.42356   84   33 4774.00000 4563.90655  4.40%  17.5 38135s
 62413008 4850444 4568.97301   87   35 4774.00000 4563.90655  4.40%  17.5 38140s
 62419874 4851349 4569.39101   81   31 4774.00000 4563.90655  4.40%  17.5 38145s
 62430293 4852594     cutoff   83      4774.00000 4563.90655  4.40%  17.5 38150s
 62442399 4853690 infeasible   82      4774.00000 4563.90655  4.40%  17.5 38155s
 62453543 4855248 4581.62607   73   31 4774.00000 4563.90655  4.40%  17.5 38160s
 62466546 4856919 infeasible   75      4774.00000 4563.90655  4.40%  17.5 38165s
 62477097 4858514 4650.19186   91   30 4774.00000 4563.90655  4.40%  17.5 38170s
 62488214 4859722 4581.62607   80   31 4774.00000 4563.90655  4.40%  17.5 38175s
 62500096 4860911 4563.90655   87   36 4774.00000 4563.90655  4.40%  17.5 38180s
 62509824 4861741     cutoff   97      4774.00000 4563.90655  4.40%  17.5 38185s
 62521394 4862920 4568.97301   84   35 4774.00000 4563.90655  4.40%  17.5 38190s
 62533573 4864305 4621.36379   90   31 4774.00000 4563.90655  4.40%  17.5 38195s
 62546142 4865335     cutoff   82      4774.00000 4563.90655  4.40%  17.5 38200s
 62556280 4866708     cutoff   87      4774.00000 4563.90655  4.40%  17.5 38205s
 62567523 4868059 infeasible   94      4774.00000 4563.90655  4.40%  17.5 38210s
 62579248 4869416     cutoff   89      4774.00000 4563.90655  4.40%  17.5 38215s
 62589616 4870640 4581.62607   76   31 4774.00000 4563.90655  4.40%  17.5 38220s
 62600507 4871421 infeasible   79      4774.00000 4563.90655  4.40%  17.5 38225s
 62611367 4872625     cutoff   85      4774.00000 4563.90655  4.40%  17.5 38230s
 62622544 4874026     cutoff   91      4774.00000 4563.90655  4.40%  17.5 38235s
 62635600 4875270     cutoff   79      4774.00000 4563.90655  4.40%  17.5 38240s
 62645903 4876430 4563.90655   83   33 4774.00000 4563.90655  4.40%  17.5 38245s
 62658341 4877497 4563.90655   77   35 4774.00000 4563.90655  4.40%  17.5 38250s
 62670614 4878469 4621.36379   89   31 4774.00000 4563.90655  4.40%  17.5 38255s
 62672529 4878595 4563.90655   69   33 4774.00000 4563.90655  4.40%  17.5 38260s
 62678122 4879230     cutoff   94      4774.00000 4563.90655  4.40%  17.5 38265s
 62687387 4880297 4569.39101   85   31 4774.00000 4563.90655  4.40%  17.5 38270s
 62699123 4881588 4563.90655   75   34 4774.00000 4563.90655  4.40%  17.5 38275s
 62708895 4882618 4563.90655   84   35 4774.00000 4563.90655  4.40%  17.5 38280s
 62720620 4883734 4671.58087   69   15 4774.00000 4563.90655  4.40%  17.5 38285s
 62733503 4884851 4632.46938   83   35 4774.00000 4563.90655  4.40%  17.5 38290s
 62745118 4885909     cutoff   86      4774.00000 4563.90655  4.40%  17.5 38295s
 62756015 4887284 4672.41744   90   34 4774.00000 4563.90655  4.40%  17.5 38300s
 62766572 4888333 infeasible   86      4774.00000 4563.90655  4.40%  17.5 38305s
 62778668 4889297     cutoff   86      4774.00000 4563.90655  4.40%  17.5 38310s
 62789555 4890530     cutoff   84      4774.00000 4563.90655  4.40%  17.4 38315s
 62799917 4891551 4568.97301   82   35 4774.00000 4563.90655  4.40%  17.4 38320s
 62810617 4892416 infeasible   70      4774.00000 4563.90655  4.40%  17.4 38325s
 62821746 4893512 4568.97301   69   33 4774.00000 4563.90655  4.40%  17.4 38330s
 62833687 4895011 4563.90655   82   36 4774.00000 4563.90655  4.40%  17.4 38335s
 62844827 4895757 4563.90655   83   34 4774.00000 4563.90655  4.40%  17.4 38340s
 62856090 4896769 4569.39101   90   31 4774.00000 4563.90655  4.40%  17.4 38345s
 62866398 4897711 4568.97301   68   34 4774.00000 4563.90655  4.40%  17.4 38350s
 62878905 4898776     cutoff   75      4774.00000 4563.90655  4.40%  17.4 38355s
 62890369 4899486 4632.46938   88   35 4774.00000 4563.90655  4.40%  17.4 38360s
 62902436 4900404     cutoff   95      4774.00000 4563.90655  4.40%  17.4 38365s
 62910597 4900806 4563.91357   79   36 4774.00000 4563.90655  4.40%  17.4 38370s
 62923393 4901697     cutoff   99      4774.00000 4563.91357  4.40%  17.4 38375s
 62932997 4901787 infeasible   62      4774.00000 4563.93101  4.40%  17.4 38380s
 62939518 4902086 4623.70474   66   31 4774.00000 4563.96241  4.40%  17.4 38385s
 62947639 4901578 4735.07608   64   13 4774.00000 4563.98336  4.40%  17.4 38390s
 62952795 4901120 infeasible   77      4774.00000 4564.00000  4.40%  17.4 38395s
 62960659 4901263 infeasible   72      4774.00000 4564.01918  4.40%  17.4 38400s
 62967707 4901129     cutoff   68      4774.00000 4564.04232  4.40%  17.4 38405s
 62973465 4901092 4672.76945   43   33 4774.00000 4564.06807  4.40%  17.4 38410s
 62980146 4901003 infeasible   61      4774.00000 4564.09249  4.40%  17.4 38415s
 62989019 4900982 4603.05607   95   36 4774.00000 4564.10264  4.40%  17.4 38420s
 62995206 4900858 4612.38099   55   32 4774.00000 4564.11753  4.40%  17.4 38425s
 63005605 4900719 4609.83188   72   42 4774.00000 4564.13077  4.40%  17.4 38430s
 63013260 4900166 4582.53101   47   34 4774.00000 4564.15721  4.40%  17.4 38435s
 63019259 4900128 infeasible   62      4774.00000 4564.17982  4.40%  17.4 38440s
 63027926 4900098     cutoff   75      4774.00000 4564.20980  4.39%  17.4 38445s
 63037961 4900878 4609.23448   74   30 4774.00000 4564.20989  4.39%  17.4 38450s
 63045982 4901412     cutoff   94      4774.00000 4564.20989  4.39%  17.4 38455s
 63051175 4901851 infeasible   93      4774.00000 4564.20989  4.39%  17.4 38460s
 63061776 4902651 infeasible   76      4774.00000 4564.20989  4.39%  17.4 38465s
 63073600 4903144 4640.22377   64   36 4774.00000 4564.22155  4.39%  17.4 38470s
 63081964 4903237 4572.91300   63   22 4774.00000 4564.24333  4.39%  17.4 38475s
 63088517 4903096 4572.24480   62   41 4774.00000 4564.28854  4.39%  17.4 38480s
 63096122 4902725 4564.33915   63   46 4774.00000 4564.32377  4.39%  17.4 38485s
 63102723 4902293 4581.62607   71   31 4774.00000 4564.36192  4.39%  17.4 38490s
 63108815 4902004 4572.51783   78   26 4774.00000 4564.38250  4.39%  17.4 38495s
 63115079 4901630 infeasible   71      4774.00000 4564.42460  4.39%  17.4 38500s
 63122868 4904016 infeasible   77      4774.00000 4564.43811  4.39%  17.4 38505s
 63131185 4906043     cutoff   74      4774.00000 4564.43811  4.39%  17.4 38510s
 63140969 4908553     cutoff   68      4774.00000 4564.43811  4.39%  17.4 38515s
 63149058 4909410 4564.47962   63   22 4774.00000 4564.44078  4.39%  17.4 38520s
 63159437 4909570 4564.45322   76   31 4774.00000 4564.44784  4.39%  17.4 38525s
 63167109 4909410 4656.25000   80    8 4774.00000 4564.45285  4.39%  17.4 38530s
 63174498 4910063 4564.47603   73   29 4774.00000 4564.47372  4.39%  17.4 38535s
 63183854 4911912 infeasible   80      4774.00000 4564.47603  4.39%  17.4 38540s
 63194222 4912776 infeasible   76      4774.00000 4564.47962  4.39%  17.4 38545s
 63202790 4913953 infeasible   65      4774.00000 4564.49201  4.39%  17.4 38550s
 63211064 4914762 4575.98312   66   34 4774.00000 4564.51052  4.39%  17.4 38555s
 63220748 4916460 infeasible   73      4774.00000 4564.52298  4.39%  17.4 38560s
 63230162 4918006 4604.88849   76   25 4774.00000 4564.52298  4.39%  17.4 38565s
 63238377 4919462 4576.10081   82   22 4774.00000 4564.52298  4.39%  17.4 38570s
 63245694 4920398 4697.00085   70   16 4774.00000 4564.53447  4.39%  17.4 38575s
 63252930 4920014 4662.08850   66   22 4774.00000 4564.54669  4.39%  17.4 38580s
 63261115 4919618 infeasible   75      4774.00000 4564.54669  4.39%  17.4 38585s
 63269782 4919811 4598.16606   65   38 4774.00000 4564.55066  4.39%  17.4 38590s
 63279567 4920749 4662.00000   79    8 4774.00000 4564.55717  4.39%  17.4 38595s
 63289451 4921069 infeasible   78      4774.00000 4564.56669  4.39%  17.4 38600s
 63296567 4921805 4665.85950   80   19 4774.00000 4564.56669  4.39%  17.4 38605s
 63301072 4921972 infeasible   80      4774.00000 4564.56669  4.39%  17.4 38610s
 63308612 4921753 infeasible   69      4774.00000 4564.57575  4.39%  17.4 38615s
 63318408 4921373 infeasible   66      4774.00000 4564.57884  4.39%  17.4 38620s
 63326733 4920666 infeasible   77      4774.00000 4564.60000  4.39%  17.4 38625s
 63335471 4920488     cutoff   56      4774.00000 4564.62877  4.39%  17.4 38630s
 63340748 4920069 4673.32733   52   21 4774.00000 4564.66031  4.38%  17.4 38635s
 63348690 4919869 4564.84523   73   21 4774.00000 4564.69701  4.38%  17.4 38640s
 63356449 4920439     cutoff   89      4774.00000 4564.72158  4.38%  17.4 38645s
 63365124 4920112 4567.44587   93   36 4774.00000 4564.72413  4.38%  17.4 38650s
 63374280 4920156 4567.44587   98   35 4774.00000 4564.72413  4.38%  17.4 38655s
 63383497 4920344 4567.95287   95   33 4774.00000 4564.72413  4.38%  17.4 38660s
 63392529 4920211 4567.44587   95   36 4774.00000 4564.72413  4.38%  17.4 38665s
 63400771 4920256 4567.44587   93   35 4774.00000 4564.72413  4.38%  17.4 38670s
 63410769 4920088 4567.95287   95   33 4774.00000 4564.72413  4.38%  17.4 38675s
 63420479 4919999     cutoff   96      4774.00000 4564.72413  4.38%  17.4 38680s
 63428501 4920018     cutoff  108      4774.00000 4564.72413  4.38%  17.4 38685s
 63438255 4920375 4567.44587   86   35 4774.00000 4564.72413  4.38%  17.4 38690s
 63447849 4920265 4567.95287   78   33 4774.00000 4564.72413  4.38%  17.4 38695s
 63456810 4920376 4715.65121   90   29 4774.00000 4564.72413  4.38%  17.4 38700s
 63466618 4920236 4578.24987   98   31 4774.00000 4564.72413  4.38%  17.4 38705s
 63472988 4919723     cutoff   68      4774.00000 4564.75184  4.38%  17.4 38710s
 63479972 4919289 4589.81719   63   91 4774.00000 4564.80026  4.38%  17.4 38715s
 63487120 4918960 4578.24987   89   31 4774.00000 4564.82687  4.38%  17.4 38720s
 63490205 4918648 4675.23217   54  123 4774.00000 4564.84276  4.38%  17.4 38725s
 63495969 4918198 infeasible   77      4774.00000 4564.87347  4.38%  17.4 38730s
 63502147 4918051 infeasible   69      4774.00000 4564.91110  4.38%  17.4 38735s
 63509064 4917583 4662.27782   67   21 4774.00000 4564.94387  4.38%  17.4 38740s
 63518217 4916867 4591.27623   57   43 4774.00000 4564.98260  4.38%  17.4 38745s
 63524521 4917199 4565.32358   46  119 4774.00000 4565.00000  4.38%  17.4 38751s
 63527980 4917561 4610.92018   41   89 4774.00000 4565.00000  4.38%  17.4 38756s
 63532489 4917852 4696.00000   51   23 4774.00000 4565.00000  4.38%  17.4 38761s
 63536962 4917783 infeasible   73      4774.00000 4565.00000  4.38%  17.4 38765s
 63542065 4917824 4667.08621   70   97 4774.00000 4565.00000  4.38%  17.4 38770s
 63545515 4917935 4585.97732   42   80 4774.00000 4565.00000  4.38%  17.4 38776s
 63549911 4918264 4568.16151   44   30 4774.00000 4565.00000  4.38%  17.4 38780s
 63555627 4918529 4566.82517   55   16 4774.00000 4565.00000  4.38%  17.4 38785s
 63560839 4918783 4571.78883   47   10 4774.00000 4565.00000  4.38%  17.4 38790s
 63564057 4919052 infeasible   52      4774.00000 4565.00000  4.38%  17.5 38795s
 63568584 4919282 4577.57759   51   19 4774.00000 4565.00000  4.38%  17.5 38800s
 63574391 4919661 infeasible   50      4774.00000 4565.00000  4.38%  17.5 38805s
 63579130 4920101 4668.67856   50   98 4774.00000 4565.00000  4.38%  17.5 38810s
 63583320 4920412 infeasible   49      4774.00000 4565.00000  4.38%  17.5 38816s
 63585716 4920494 4631.88000   70   12 4774.00000 4565.00000  4.38%  17.5 38820s
 63588685 4921024 infeasible   61      4774.00000 4565.00000  4.38%  17.5 38826s
 63592878 4921353 4570.44595   56  123 4774.00000 4565.00000  4.38%  17.5 38830s
 63597504 4921791     cutoff   44      4774.00000 4565.00000  4.38%  17.5 38836s
 63602618 4921996 infeasible   60      4774.00000 4565.00000  4.38%  17.5 38840s
 63607872 4922139     cutoff   54      4774.00000 4565.00833  4.38%  17.5 38845s
 63613249 4922120 4609.64956   63   36 4774.00000 4565.03000  4.38%  17.5 38850s
 63621573 4922652 4569.11934   49   40 4774.00000 4565.04146  4.38%  17.5 38855s
 63626653 4923108 4581.99900   48   22 4774.00000 4565.05150  4.38%  17.5 38860s
 63631465 4923411     cutoff   63      4774.00000 4565.05850  4.38%  17.5 38865s
 63634674 4923589 4669.06400   46   17 4774.00000 4565.06358  4.38%  17.5 38870s
 63640373 4923787 4666.06800   46   12 4774.00000 4565.07622  4.38%  17.5 38876s
 63646128 4922839     cutoff   77      4774.00000 4565.09172  4.38%  17.5 38880s
 63651325 4922883 4574.75955   54  137 4774.00000 4565.10504  4.38%  17.5 38885s
 63655950 4923061 4593.67136   52  183 4774.00000 4565.12100  4.38%  17.5 38890s
 63661065 4922620 4571.29474   45  113 4774.00000 4565.13600  4.38%  17.5 38895s
 63665124 4922568     cutoff   52      4774.00000 4565.15000  4.37%  17.5 38900s
 63670702 4922467 infeasible   59      4774.00000 4565.17246  4.37%  17.5 38905s
 63675114 4922639     cutoff   77      4774.00000 4565.18314  4.37%  17.5 38910s
 63679721 4922724 4622.96505   58   84 4774.00000 4565.19536  4.37%  17.5 38915s
 63687610 4923441 infeasible   65      4774.00000 4565.20817  4.37%  17.5 38920s
 63690064 4923449 4572.57650   64   22 4774.00000 4565.21448  4.37%  17.5 38925s
 63695215 4923210 infeasible   78      4774.00000 4565.24149  4.37%  17.5 38930s
 63700875 4923380 4594.93397   60   86 4774.00000 4565.25758  4.37%  17.5 38935s
 63705685 4923654 infeasible   71      4774.00000 4565.26933  4.37%  17.5 38940s
 63711824 4923920 4571.29624   51   28 4774.00000 4565.29145  4.37%  17.5 38945s
 63716142 4924035 infeasible   77      4774.00000 4565.29927  4.37%  17.5 38950s
 63721659 4923977 4626.90200   57   16 4774.00000 4565.32800  4.37%  17.5 38955s
 63728114 4924197 4589.23333   48    5 4774.00000 4565.34800  4.37%  17.5 38960s
 63734446 4924238 4678.29990   76   23 4774.00000 4565.37174  4.37%  17.5 38965s
 63740021 4924136 4617.22947   49   32 4774.00000 4565.39000  4.37%  17.5 38970s
 63744784 4923971 4565.59125   56   44 4774.00000 4565.40542  4.37%  17.5 38975s
 63752303 4924049 4640.14581   85   25 4774.00000 4565.42244  4.37%  17.5 38980s
 63757214 4924294 infeasible   65      4774.00000 4565.43642  4.37%  17.5 38985s
 63762979 4924410 infeasible   59      4774.00000 4565.46167  4.37%  17.5 38991s
 63766194 4924370     cutoff   46      4774.00000 4565.46902  4.37%  17.5 38995s
 63771606 4924167     cutoff   70      4774.00000 4565.49441  4.37%  17.5 39000s
 63776583 4924291 4665.55554   48   59 4774.00000 4565.51670  4.37%  17.5 39005s
 63781594 4924392 4565.54770   53   37 4774.00000 4565.53306  4.37%  17.5 39010s
 63787381 4924350 4697.18510   67   25 4774.00000 4565.55230  4.37%  17.5 39015s
 63793368 4924086 4630.48333   65   47 4774.00000 4565.57969  4.37%  17.5 39021s
 63797617 4923784 infeasible   64      4774.00000 4565.59920  4.37%  17.5 39025s
 63800536 4923125     cutoff   47      4774.00000 4565.60924  4.37%  17.5 39030s
 63806209 4922846 4571.87336   67   29 4774.00000 4565.63800  4.36%  17.5 39035s
 63811728 4922276     cutoff   66      4774.00000 4565.66768  4.36%  17.5 39040s
 63819363 4922139 infeasible   52      4774.00000 4565.69545  4.36%  17.5 39045s
 63824780 4921956 4574.58075   68   23 4774.00000 4565.72628  4.36%  17.5 39050s
 63832144 4921842 infeasible   67      4774.00000 4565.75504  4.36%  17.6 39055s
 63836211 4921800 infeasible   56      4774.00000 4565.77908  4.36%  17.6 39060s
 63845526 4922292 infeasible   67      4774.00000 4565.79969  4.36%  17.6 39065s
 63853411 4922935 4621.59419   61   45 4774.00000 4565.82246  4.36%  17.6 39070s
 63860853 4923287 infeasible   63      4774.00000 4565.83321  4.36%  17.6 39075s
 63866833 4922960 4599.98559   62  178 4774.00000 4565.86154  4.36%  17.6 39080s
 63872456 4922309 4682.99447   57  108 4774.00000 4565.88804  4.36%  17.6 39085s
 63878931 4921925 4594.87933   54  102 4774.00000 4565.92251  4.36%  17.6 39090s
 63886591 4921345 infeasible   55      4774.00000 4565.94861  4.36%  17.6 39095s
 63892640 4920808 4699.06367   50   14 4774.00000 4565.97474  4.36%  17.6 39100s
 63899350 4920963     cutoff   69      4774.00000 4566.00000  4.36%  17.6 39106s
 63905507 4920932 infeasible   67      4774.00000 4566.01584  4.36%  17.6 39110s
 63911221 4921536 4649.03021   66   22 4774.00000 4566.02713  4.36%  17.6 39115s
 63915677 4921728 4570.87458   58   56 4774.00000 4566.04700  4.36%  17.6 39120s
 63921599 4921809 infeasible   69      4774.00000 4566.05540  4.36%  17.6 39125s
 63923556 4921762 infeasible   69      4774.00000 4566.05884  4.36%  17.6 39131s
 63925440 4921864 4619.48241   63   25 4774.00000 4566.07123  4.36%  17.6 39135s
 63930794 4922271 4603.16019   48  129 4774.00000 4566.08285  4.36%  17.6 39140s
 63936529 4922358 4613.93250   57   55 4774.00000 4566.10000  4.35%  17.6 39145s
 63940788 4922543 4623.31948   52   22 4774.00000 4566.11196  4.35%  17.6 39151s
 63946305 4922253 infeasible   64      4774.00000 4566.14311  4.35%  17.6 39155s
 63952574 4922000 4569.86797   54   74 4774.00000 4566.16355  4.35%  17.6 39160s
 63958227 4922021 infeasible   62      4774.00000 4566.19112  4.35%  17.6 39165s
 63964699 4921993 4567.60053   63   52 4774.00000 4566.22084  4.35%  17.6 39170s
 63970241 4922278 4617.37895   52   23 4774.00000 4566.22917  4.35%  17.6 39175s
 63975059 4922476 infeasible   48      4774.00000 4566.24567  4.35%  17.6 39180s
 63980595 4923078 4600.48509   70   25 4774.00000 4566.26369  4.35%  17.6 39185s
 63985401 4923593 4566.55169   54   15 4774.00000 4566.27813  4.35%  17.6 39190s
 63989517 4923967     cutoff   52      4774.00000 4566.28336  4.35%  17.6 39195s
 63994968 4923762 4679.53340   69   19 4774.00000 4566.31584  4.35%  17.6 39200s
 64001626 4923776 4566.37150   52  117 4774.00000 4566.34188  4.35%  17.6 39205s
 64006377 4923827 4594.25010   66   21 4774.00000 4566.36243  4.35%  17.6 39210s
 64011958 4923658 4573.73070   64   87 4774.00000 4566.38723  4.35%  17.6 39216s
 64017402 4923597 4634.53454   76   29 4774.00000 4566.40629  4.35%  17.6 39220s
 64021729 4923531 4660.97568   76   41 4774.00000 4566.42201  4.35%  17.6 39225s
 64031157 4922836 4630.73464   88   22 4774.00000 4566.44192  4.35%  17.6 39230s
 64038221 4922626 4598.70852   63   20 4774.00000 4566.45256  4.35%  17.6 39235s
 64044056 4922715 infeasible   57      4774.00000 4566.48322  4.35%  17.6 39240s
 64051822 4922753 4669.82940   81   23 4774.00000 4566.50870  4.35%  17.6 39245s
 64057350 4922682     cutoff   53      4774.00000 4566.53546  4.35%  17.6 39250s
 64062672 4922814     cutoff   66      4774.00000 4566.55633  4.35%  17.6 39255s
 64069346 4922442 infeasible   72      4774.00000 4566.58914  4.34%  17.6 39260s
 64074070 4921867 4706.24397   47  136 4774.00000 4566.61356  4.34%  17.6 39265s
 64079485 4921037 4671.54527   69   22 4774.00000 4566.64779  4.34%  17.6 39270s
 64085500 4920545 4611.63242   62   45 4774.00000 4566.68183  4.34%  17.6 39275s
 64091224 4920317     cutoff   77      4774.00000 4566.71697  4.34%  17.6 39280s
 64098026 4919950 4699.51939   46  143 4774.00000 4566.75091  4.34%  17.6 39285s
 64105712 4919820     cutoff   65      4774.00000 4566.78629  4.34%  17.6 39290s
 64111328 4919842 4698.45813   57  146 4774.00000 4566.81183  4.34%  17.6 39295s
 64117285 4919539 infeasible   46      4774.00000 4566.84066  4.34%  17.6 39300s
 64120941 4919591     cutoff   66      4774.00000 4566.85764  4.34%  17.6 39305s
 64125748 4919212 4632.47741   52   99 4774.00000 4566.88917  4.34%  17.6 39311s
 64129790 4918945     cutoff   74      4774.00000 4566.91083  4.34%  17.6 39315s
 64133161 4918938 4695.97864   72   29 4774.00000 4566.92677  4.34%  17.6 39320s
 64138999 4918674 4567.36372   59   48 4774.00000 4566.94758  4.34%  17.6 39325s
 64145443 4918409 infeasible   55      4774.00000 4566.98262  4.34%  17.6 39330s
 64151240 4918375 4662.68176   71   33 4774.00000 4567.00000  4.34%  17.6 39335s
 64157139 4917719 infeasible   59      4774.00000 4567.03023  4.34%  17.6 39340s
 64162146 4917696     cutoff   52      4774.00000 4567.06414  4.33%  17.6 39345s
 64169381 4917898 4653.21162   46  133 4774.00000 4567.09531  4.33%  17.6 39350s
 64176537 4917145     cutoff  103      4774.00000 4567.10503  4.33%  17.6 39355s
 64185123 4916480 4603.05607   97   35 4774.00000 4567.10503  4.33%  17.6 39360s
 64193239 4916097 4595.59441   48   98 4774.00000 4567.10883  4.33%  17.6 39365s
 64198212 4915836     cutoff   54      4774.00000 4567.13360  4.33%  17.6 39370s
 64206111 4914798 infeasible  103      4774.00000 4567.17038  4.33%  17.6 39375s
 64214149 4914647 4588.89709   69   43 4774.00000 4567.18210  4.33%  17.6 39380s
 64221431 4914332 infeasible   77      4774.00000 4567.20970  4.33%  17.6 39385s
 64227087 4913967 4696.98419   51   65 4774.00000 4567.25000  4.33%  17.6 39390s
 64233088 4913758 4624.69316   68   41 4774.00000 4567.27544  4.33%  17.6 39395s
 64239439 4912979 4669.64820   50   89 4774.00000 4567.32185  4.33%  17.6 39400s
 64246162 4912566 4576.37963   51  116 4774.00000 4567.35680  4.33%  17.6 39405s
 64249160 4912407     cutoff   75      4774.00000 4567.37145  4.33%  17.6 39411s
 64255316 4911906 infeasible   81      4774.00000 4567.41080  4.33%  17.6 39415s
 64262530 4911734 4649.42019   80   29 4774.00000 4567.44329  4.33%  17.6 39420s
 64271376 4911604     cutoff   91      4774.00000 4567.44587  4.33%  17.6 39425s
 64279413 4911535 4567.44587   83   35 4774.00000 4567.44587  4.33%  17.6 39430s
 64289325 4911403     cutoff   94      4774.00000 4567.44587  4.33%  17.6 39435s
 64298721 4911221     cutoff   87      4774.00000 4567.44587  4.33%  17.6 39440s
 64308697 4911024 4617.98722   92   31 4774.00000 4567.44587  4.33%  17.6 39445s
 64317824 4910881 4603.11855  100   29 4774.00000 4567.44587  4.33%  17.6 39450s
 64328031 4910657 4718.29316   89   20 4774.00000 4567.44587  4.33%  17.6 39455s
 64338867 4910441 4718.29316   90   21 4774.00000 4567.44587  4.33%  17.6 39460s
 64348596 4910240 4718.29316   90   18 4774.00000 4567.44587  4.33%  17.6 39465s
 64358035 4910103 infeasible   94      4774.00000 4567.44587  4.33%  17.6 39470s
 64368914 4909890 infeasible   99      4774.00000 4567.44587  4.33%  17.6 39475s
 64378217 4909741     cutoff   99      4774.00000 4567.44587  4.33%  17.6 39480s
 64390034 4909446 4656.80642  104   25 4774.00000 4567.44587  4.33%  17.6 39485s
 64399370 4909115 4718.42943   88   38 4774.00000 4567.44587  4.33%  17.6 39490s
 64408343 4908768 infeasible   99      4774.00000 4567.44587  4.33%  17.6 39495s
 64415718 4908386     cutoff   92      4774.00000 4567.44587  4.33%  17.6 39500s
 64426191 4907849 infeasible   97      4774.00000 4567.44587  4.33%  17.6 39505s
 64435823 4907353 4603.05607   96   32 4774.00000 4567.44587  4.33%  17.6 39510s
 64444083 4906990 4646.95054   97   30 4774.00000 4567.44587  4.33%  17.6 39515s
 64447372 4906751 4718.42943   93   38 4774.00000 4567.44587  4.33%  17.6 39520s
 64457631 4906350 4603.05607   99   35 4774.00000 4567.44587  4.33%  17.6 39525s
 64464580 4906047 4603.08357  101   30 4774.00000 4567.44587  4.33%  17.6 39530s
 64473647 4905760 4578.24987  101   31 4774.00000 4567.44587  4.33%  17.6 39535s
 64482515 4905351 4718.42943   93   38 4774.00000 4567.44587  4.33%  17.6 39540s
 64491191 4904959     cutoff   89      4774.00000 4567.44587  4.33%  17.6 39545s
 64501835 4904741     cutoff   87      4774.00000 4567.44587  4.33%  17.6 39550s
 64510623 4904556 4603.05607   93   33 4774.00000 4567.44587  4.33%  17.6 39555s
 64521080 4904306     cutoff   88      4774.00000 4567.44587  4.33%  17.6 39560s
 64531533 4904061     cutoff   94      4774.00000 4567.44587  4.33%  17.6 39565s
 64540594 4903832 infeasible   86      4774.00000 4567.44587  4.33%  17.6 39570s
 64549433 4903475     cutoff   84      4774.00000 4567.44587  4.33%  17.6 39575s
 64559618 4903141 4603.05607   93   34 4774.00000 4567.44587  4.33%  17.6 39580s
 64569746 4902798 4699.20085   81   28 4774.00000 4567.44587  4.33%  17.6 39585s
 64580334 4902591 4675.95833  101   29 4774.00000 4567.44587  4.33%  17.6 39590s
 64589395 4902377 4718.29316   94   18 4774.00000 4567.44587  4.33%  17.6 39595s
 64597800 4902090 4718.29316   96   18 4774.00000 4567.44587  4.33%  17.6 39600s
 64608770 4901716 infeasible   93      4774.00000 4567.44587  4.33%  17.6 39605s
 64616802 4901349 4603.05607   96   32 4774.00000 4567.44587  4.33%  17.6 39610s
 64627180 4900978     cutoff   88      4774.00000 4567.44587  4.33%  17.6 39615s
 64633919 4900745 4578.24987  103   31 4774.00000 4567.44587  4.33%  17.6 39620s
 64642474 4900378 infeasible   86      4774.00000 4567.44587  4.33%  17.6 39625s
 64651161 4900066 infeasible  100      4774.00000 4567.44587  4.33%  17.6 39630s
 64656882 4899885     cutoff   81      4774.00000 4567.44587  4.33%  17.6 39635s
 64662121 4899642     cutoff  107      4774.00000 4567.44587  4.33%  17.6 39640s
 64672333 4899185 4646.95054   90   30 4774.00000 4567.44587  4.33%  17.6 39645s
 64683136 4898763     cutoff  103      4774.00000 4567.44587  4.33%  17.6 39650s
 64692337 4898430     cutoff  102      4774.00000 4567.44587  4.33%  17.6 39655s
 64700884 4898224 infeasible   93      4774.00000 4567.44587  4.33%  17.6 39660s
 64710058 4897941 4713.95121   90   28 4774.00000 4567.44587  4.33%  17.6 39665s
 64720003 4897541 infeasible   99      4774.00000 4567.44587  4.33%  17.6 39670s
 64729493 4897194 4567.95287   92   33 4774.00000 4567.44587  4.33%  17.6 39675s
 64737895 4896873 4567.44587   94   36 4774.00000 4567.44587  4.33%  17.6 39680s
 64747551 4896646     cutoff   95      4774.00000 4567.44587  4.33%  17.6 39685s
 64756788 4896398 4603.05607   77   35 4774.00000 4567.44587  4.33%  17.6 39690s
 64761154 4896414     cutoff  107      4774.00000 4567.44587  4.33%  17.6 39697s
 64774037 4896237 4646.95054   99   30 4774.00000 4567.44587  4.33%  17.6 39700s
 64782403 4895895 infeasible   92      4774.00000 4567.44587  4.33%  17.6 39705s
 64792567 4895559 4646.95054   87   30 4774.00000 4567.44587  4.33%  17.6 39710s
 64802685 4895303 infeasible  101      4774.00000 4567.44587  4.33%  17.6 39715s
 64811467 4895084     cutoff   98      4774.00000 4567.44587  4.33%  17.6 39720s
 64822492 4894843 4699.20085   96   33 4774.00000 4567.44587  4.33%  17.6 39725s
 64832336 4894616     cutoff   85      4774.00000 4567.44587  4.33%  17.6 39730s
 64841406 4894477 4603.08357   84   30 4774.00000 4567.44587  4.33%  17.6 39735s
 64851091 4893938 4578.24987   98   31 4774.00000 4567.44587  4.33%  17.6 39740s
 64860332 4893469 infeasible   95      4774.00000 4567.44587  4.33%  17.6 39745s
 64870511 4893302     cutoff   83      4774.00000 4567.44587  4.33%  17.6 39750s
 64876059 4893022 4663.71969   67   44 4774.00000 4567.47963  4.33%  17.6 39755s
 64882443 4892651     cutoff   54      4774.00000 4567.51315  4.33%  17.6 39760s
 64890576 4891854 infeasible   69      4774.00000 4567.54898  4.32%  17.6 39765s
 64892731 4891665 4671.49249   53  119 4774.00000 4567.55455  4.32%  17.6 39770s
 64903731 4892970 4625.98269   88   33 4774.00000 4567.57108  4.32%  17.6 39775s
 64912265 4893368 4582.71506   75   34 4774.00000 4567.57108  4.32%  17.6 39780s
 64920505 4894081     cutoff   86      4774.00000 4567.57108  4.32%  17.6 39785s
 64931821 4894901     cutoff   99      4774.00000 4567.57108  4.32%  17.6 39790s
 64941532 4895666     cutoff   79      4774.00000 4567.57108  4.32%  17.6 39795s
 64951814 4896766 infeasible   77      4774.00000 4567.57108  4.32%  17.6 39800s
 64963069 4897900 infeasible   94      4774.00000 4567.57108  4.32%  17.6 39805s
 64971917 4898582 4607.47845   76   34 4774.00000 4567.57108  4.32%  17.5 39810s
 64981325 4898656 infeasible   80      4774.00000 4567.57108  4.32%  17.5 39815s
 64987307 4898185 4603.54233   93   35 4774.00000 4567.59903  4.32%  17.5 39820s
 64993309 4898204 4598.26042   69   78 4774.00000 4567.60534  4.32%  17.5 39825s
 64998673 4897697 4587.61685   65  135 4774.00000 4567.62414  4.32%  17.5 39830s
 65006094 4897275 infeasible   74      4774.00000 4567.67154  4.32%  17.6 39835s
 65014023 4897974 4569.77884   47   57 4774.00000 4567.67261  4.32%  17.5 39840s
 65019950 4897646 infeasible   53      4774.00000 4567.71608  4.32%  17.6 39845s
 65029098 4897492 infeasible   73      4774.00000 4567.75530  4.32%  17.6 39850s
 65035738 4897135 4568.92084   71   35 4774.00000 4567.77649  4.32%  17.6 39855s
 65044538 4896595     cutoff   87      4774.00000 4567.79555  4.32%  17.6 39860s
 65053567 4895546     cutoff  100      4774.00000 4567.79555  4.32%  17.6 39865s
 65060147 4894676     cutoff  103      4774.00000 4567.79555  4.32%  17.6 39870s
 65067381 4893717 4578.24987   93   31 4774.00000 4567.79555  4.32%  17.6 39875s
 65074762 4892680 4578.24987   93   31 4774.00000 4567.79555  4.32%  17.5 39880s
 65078326 4892358     cutoff   96      4774.00000 4567.79555  4.32%  17.5 39885s
 65084369 4891395     cutoff   89      4774.00000 4567.79555  4.32%  17.5 39890s
 65093266 4890313     cutoff   97      4774.00000 4567.79555  4.32%  17.5 39895s
 65100888 4889453 4606.75168   86   30 4774.00000 4567.79555  4.32%  17.5 39900s
 65108492 4888634 4567.95287   76   33 4774.00000 4567.79555  4.32%  17.5 39905s
 65117353 4887743     cutoff   92      4774.00000 4567.79555  4.32%  17.5 39910s
 65125867 4886947 4606.75168   92   30 4774.00000 4567.79555  4.32%  17.5 39915s
 65132389 4886079 4599.39600   48   21 4774.00000 4567.79696  4.32%  17.5 39920s
 65139010 4884863     cutoff   62      4774.00000 4567.82547  4.32%  17.5 39925s
 65146183 4883458     cutoff   90      4774.00000 4567.83200  4.32%  17.5 39930s
 65152396 4882380     cutoff   97      4774.00000 4567.83200  4.32%  17.5 39935s
 65159760 4880979 4578.24987  100   31 4774.00000 4567.83200  4.32%  17.5 39940s
 65166484 4879991 4578.24987   94   31 4774.00000 4567.83200  4.32%  17.5 39945s
 65171164 4879204 4646.95054   91   30 4774.00000 4567.83200  4.32%  17.5 39950s
 65176689 4878716     cutoff   69      4774.00000 4567.84058  4.32%  17.5 39955s
 65183161 4878369 infeasible   54      4774.00000 4567.87500  4.32%  17.5 39960s
 65190790 4878345     cutoff   49      4774.00000 4567.89959  4.32%  17.5 39965s
 65197719 4877880 4576.80682   40   27 4774.00000 4567.93192  4.32%  17.5 39970s
 65205939 4877257 infeasible   73      4774.00000 4567.98399  4.32%  17.5 39976s
 65211211 4876872 4581.62607   77   31 4774.00000 4567.98399  4.32%  17.5 39980s
 65218783 4877254 infeasible   48      4774.00000 4568.00000  4.32%  17.5 39985s
 65223178 4877481 4682.94881   73  110 4774.00000 4568.00000  4.32%  17.5 39990s
 65228532 4877438 4569.23589   50   21 4774.00000 4568.00000  4.32%  17.5 39996s
 65233360 4877504     cutoff   48      4774.00000 4568.00000  4.32%  17.6 40000s
 65233465 4877356 4570.32800   62   21 4774.00000 4568.00000  4.32%  17.6 40007s
 65242094 4877432     cutoff   39      4774.00000 4568.00000  4.32%  17.6 40010s
 65245378 4877626 infeasible   61      4774.00000 4568.00000  4.32%  17.6 40015s
 65249209 4877799 4579.52598   66   35 4774.00000 4568.00000  4.32%  17.6 40021s
 65254439 4877949 4570.04533   45   21 4774.00000 4568.00000  4.32%  17.6 40025s
 65258808 4878318 4673.48856   48   41 4774.00000 4568.00000  4.32%  17.6 40030s
 65264605 4878200 4588.82792   65   84 4774.00000 4568.01030  4.31%  17.6 40035s
 65268548 4877944 4646.72772   77   38 4774.00000 4568.02999  4.31%  17.6 40040s
 65271399 4877910 4573.14649   60   94 4774.00000 4568.03620  4.31%  17.6 40046s
 65277092 4877659 infeasible   58      4774.00000 4568.06300  4.31%  17.6 40050s
 65284212 4877345 infeasible   74      4774.00000 4568.07406  4.31%  17.6 40055s
 65290573 4876940 infeasible   54      4774.00000 4568.09762  4.31%  17.6 40060s
 65297006 4876354 4715.63343   64   50 4774.00000 4568.12650  4.31%  17.6 40065s
 65303973 4876009 4586.99520   67   56 4774.00000 4568.15000  4.31%  17.6 40070s
 65310085 4875809 4568.18945   62   44 4774.00000 4568.17568  4.31%  17.6 40075s
 65318435 4875868 infeasible   70      4774.00000 4568.19750  4.31%  17.6 40080s
 65325533 4876040 4634.10357   79   21 4774.00000 4568.21472  4.31%  17.6 40085s
 65334453 4875763 infeasible   87      4774.00000 4568.24132  4.31%  17.6 40090s
 65343084 4875645 4642.65098   57   72 4774.00000 4568.24940  4.31%  17.6 40095s
 65350781 4875563 4612.50148   77   32 4774.00000 4568.25682  4.31%  17.6 40100s
 65357970 4874539 4575.65820   52   84 4774.00000 4568.28344  4.31%  17.6 40105s
 65362445 4874161 4668.25890   67   37 4774.00000 4568.30409  4.31%  17.6 40110s
 65369313 4872936 4618.63398   51   81 4774.00000 4568.32657  4.31%  17.6 40115s
 65375453 4872721 4669.05181   70   29 4774.00000 4568.35140  4.31%  17.6 40120s
 65378776 4872828 4589.55523   68   33 4774.00000 4568.35140  4.31%  17.6 40125s
 65388760 4873201 4568.35140   68   35 4774.00000 4568.35140  4.31%  17.6 40130s
 65399020 4873902 4643.79494   72   32 4774.00000 4568.35140  4.31%  17.6 40135s
 65408276 4874147 infeasible   71      4774.00000 4568.35140  4.31%  17.6 40140s
 65418246 4874881 4568.35140   66   37 4774.00000 4568.35140  4.31%  17.6 40145s
 65426046 4875206     cutoff   69      4774.00000 4568.35140  4.31%  17.6 40150s
 65435140 4875493 4575.44040   72   33 4774.00000 4568.35140  4.31%  17.6 40155s
 65443492 4875777 4575.44040   74   33 4774.00000 4568.35140  4.31%  17.6 40160s
 65452132 4876137     cutoff   72      4774.00000 4568.35140  4.31%  17.6 40165s
 65463113 4876543     cutoff   79      4774.00000 4568.35140  4.31%  17.6 40170s
 65473551 4876918     cutoff   72      4774.00000 4568.35140  4.31%  17.6 40175s
 65482709 4877410     cutoff   75      4774.00000 4568.35140  4.31%  17.6 40180s
 65491643 4877703 4568.35140   68   36 4774.00000 4568.35140  4.31%  17.6 40185s
 65500893 4878257 infeasible   76      4774.00000 4568.35140  4.31%  17.6 40190s
 65510643 4878612     cutoff   67      4774.00000 4568.35140  4.31%  17.6 40195s
 65518738 4878751 4575.44040   72   33 4774.00000 4568.35140  4.31%  17.6 40200s
 65525803 4878913     cutoff   71      4774.00000 4568.35140  4.31%  17.6 40205s
 65534993 4879384     cutoff   72      4774.00000 4568.35140  4.31%  17.6 40210s
 65542974 4879687 4688.62074   72   29 4774.00000 4568.35140  4.31%  17.6 40215s
 65553735 4880232 infeasible   76      4774.00000 4568.35140  4.31%  17.6 40220s
 65562432 4880713     cutoff   75      4774.00000 4568.35140  4.31%  17.6 40225s
 65570564 4880873 4574.41223   71   38 4774.00000 4568.35140  4.31%  17.6 40230s
 65578321 4880945 4668.31644   67   38 4774.00000 4568.36095  4.31%  17.6 40235s
 65581591 4881001 4606.78333   50   10 4774.00000 4568.36750  4.31%  17.6 40240s
 65585264 4880902 4628.03680   50  124 4774.00000 4568.38293  4.31%  17.6 40245s
 65591895 4879840 4646.92038   63   38 4774.00000 4568.40151  4.31%  17.6 40250s
 65602724 4880422 4568.40893   63   34 4774.00000 4568.40893  4.31%  17.6 40255s
 65612068 4880806 4643.88001   65   32 4774.00000 4568.40893  4.31%  17.6 40260s
 65622727 4881407 4574.49329   76   34 4774.00000 4568.40893  4.31%  17.6 40265s
 65631601 4881818 infeasible   79      4774.00000 4568.40893  4.31%  17.5 40270s
 65642352 4882314 4568.40893   65   35 4774.00000 4568.40893  4.31%  17.5 40275s
 65651486 4882566 4589.69506   68   33 4774.00000 4568.40893  4.31%  17.5 40280s
 65659971 4882932 4568.40893   69   34 4774.00000 4568.40893  4.31%  17.5 40285s
 65669356 4883284 infeasible   74      4774.00000 4568.40893  4.31%  17.5 40290s
 65678348 4883579 4589.69506   73   33 4774.00000 4568.40893  4.31%  17.5 40295s
 65685939 4883859 4568.40893   67   38 4774.00000 4568.40893  4.31%  17.5 40300s
 65695507 4884268     cutoff   69      4774.00000 4568.40893  4.31%  17.5 40305s
 65703742 4884510 4568.40893   66   36 4774.00000 4568.40893  4.31%  17.5 40310s
 65714272 4884831 4572.68202   71   36 4774.00000 4568.40893  4.31%  17.5 40315s
 65722782 4884977 4574.49329   63   38 4774.00000 4568.40893  4.31%  17.5 40320s
 65732015 4885055 infeasible   91      4774.00000 4568.40893  4.31%  17.5 40325s
 65739679 4884961     cutoff   48      4774.00000 4568.41067  4.31%  17.5 40330s
 65745756 4884738 4568.44235   78   29 4774.00000 4568.44150  4.31%  17.5 40335s
 65749466 4884460 4597.98854   56   56 4774.00000 4568.45000  4.31%  17.5 40340s
 65755740 4884379 4672.63900   51   15 4774.00000 4568.47368  4.31%  17.5 40345s
 65761590 4884132     cutoff   76      4774.00000 4568.50400  4.30%  17.5 40350s
 65765515 4883629 infeasible   55      4774.00000 4568.52410  4.30%  17.5 40355s
 65770107 4883532 infeasible   46      4774.00000 4568.53961  4.30%  17.5 40360s
 65777726 4883255 4618.24987   92   26 4774.00000 4568.57223  4.30%  17.5 40365s
 65784396 4882567 4571.18767   70   21 4774.00000 4568.58146  4.30%  17.5 40370s
 65791678 4882147     cutoff   75      4774.00000 4568.60782  4.30%  17.5 40375s
 65796422 4881836 4594.55502   64   39 4774.00000 4568.63243  4.30%  17.5 40380s
 65803191 4881488 infeasible   79      4774.00000 4568.67195  4.30%  17.5 40385s
 65811809 4881337 4602.58384   48   92 4774.00000 4568.69049  4.30%  17.5 40390s
 65819961 4881079 4602.40148   57   55 4774.00000 4568.72462  4.30%  17.5 40395s
 65826266 4880539 4596.20261   45   81 4774.00000 4568.74510  4.30%  17.5 40400s
 65832999 4880257 4578.54291   71   39 4774.00000 4568.78728  4.30%  17.5 40405s
 65838754 4879808 4607.18959   54   62 4774.00000 4568.82183  4.30%  17.5 40410s
 65847004 4879404 4755.17650   60  133 4774.00000 4568.86081  4.30%  17.5 40415s
 65851932 4879101 4568.90069   68   37 4774.00000 4568.88587  4.30%  17.5 40420s
 65860052 4875639     cutoff   53      4774.00000 4568.91212  4.30%  17.6 40425s
 65869876 4875785 4671.49330   78   15 4774.00000 4568.92084  4.30%  17.5 40430s
 65880079 4876063     cutoff   92      4774.00000 4568.92084  4.30%  17.5 40435s
 65889228 4876418 infeasible   82      4774.00000 4568.92084  4.30%  17.5 40440s
 65898365 4876604 infeasible   78      4774.00000 4568.92084  4.30%  17.5 40445s
 65908255 4876738 infeasible   87      4774.00000 4568.92084  4.30%  17.5 40450s
 65916949 4876934 4672.38881   79   34 4774.00000 4568.92084  4.30%  17.5 40455s
 65927845 4877387 4621.25280   97   31 4774.00000 4568.92084  4.30%  17.5 40460s
 65932877 4877480 4603.81431   88   35 4774.00000 4568.92084  4.30%  17.5 40466s
 65934938 4877457 4621.25280   95   31 4774.00000 4568.92084  4.30%  17.5 40470s
 65945506 4877722 infeasible   86      4774.00000 4568.92084  4.30%  17.5 40475s
 65955452 4877858 4568.92084   71   34 4774.00000 4568.92084  4.30%  17.5 40480s
 65963732 4878009 infeasible   76      4774.00000 4568.92084  4.30%  17.5 40485s
 65973200 4878151 4568.92084   74   36 4774.00000 4568.92084  4.30%  17.5 40490s
 65982596 4878410 infeasible   95      4774.00000 4568.92084  4.30%  17.5 40495s
 65990816 4878583 4603.81431   84   35 4774.00000 4568.92084  4.30%  17.5 40500s
 66000297 4878509 4568.92084   73   33 4774.00000 4568.92084  4.30%  17.5 40505s
 66010324 4878417 4568.92084   91   34 4774.00000 4568.92084  4.30%  17.5 40510s
 66019727 4878481 4568.92084   84   33 4774.00000 4568.92084  4.30%  17.5 40515s
 66029931 4878413 infeasible   88      4774.00000 4568.92084  4.30%  17.5 40520s
 66038923 4878702 4718.83297   78   23 4774.00000 4568.92084  4.30%  17.5 40525s
 66048337 4879031 4637.90128   75   30 4774.00000 4568.92084  4.30%  17.5 40530s
 66057648 4879163 4672.98284   97   21 4774.00000 4568.92084  4.30%  17.5 40535s
 66067497 4879282 infeasible   91      4774.00000 4568.92084  4.30%  17.5 40540s
 66076084 4879364 4621.25280   97   31 4774.00000 4568.92084  4.30%  17.5 40545s
 66086461 4879692 4664.42176   85   33 4774.00000 4568.92084  4.30%  17.5 40550s
 66094965 4879588 4603.81431   88   36 4774.00000 4568.92084  4.30%  17.5 40555s
 66104146 4879550 4637.48514   92   33 4774.00000 4568.92084  4.30%  17.5 40560s
 66114057 4879600 4671.49330   79   20 4774.00000 4568.92084  4.30%  17.5 40565s
 66123617 4879601 4621.25280   97   31 4774.00000 4568.92084  4.30%  17.5 40570s
 66132558 4879594 infeasible   81      4774.00000 4568.92084  4.30%  17.5 40575s
 66141785 4879443     cutoff   82      4774.00000 4568.92084  4.30%  17.5 40580s
 66150778 4879283 4672.38881   82   35 4774.00000 4568.92084  4.30%  17.5 40585s
 66159779 4879150 4672.38881   96   34 4774.00000 4568.92084  4.30%  17.5 40590s
 66168599 4879072 infeasible   79      4774.00000 4568.92084  4.30%  17.5 40595s
 66179591 4878852 infeasible   89      4774.00000 4568.92084  4.30%  17.5 40600s
 66189296 4878646 infeasible   82      4774.00000 4568.92084  4.30%  17.5 40605s
 66199374 4878440     cutoff   91      4774.00000 4568.92084  4.30%  17.5 40610s
 66207960 4878408 4630.61084   84   25 4774.00000 4568.92084  4.30%  17.5 40615s
 66217046 4878392     cutoff   97      4774.00000 4568.92084  4.30%  17.5 40620s
 66225756 4878425 4718.31002   81   23 4774.00000 4568.92084  4.30%  17.5 40625s
 66234408 4878442 infeasible   79      4774.00000 4568.92084  4.30%  17.5 40630s
 66244638 4878406     cutoff   92      4774.00000 4568.92084  4.30%  17.5 40635s
 66254596 4878335 4568.92084   73   36 4774.00000 4568.92084  4.30%  17.5 40640s
 66265069 4878399 infeasible   90      4774.00000 4568.92084  4.30%  17.5 40645s
 66274446 4878435 4603.81431   95   34 4774.00000 4568.92084  4.30%  17.5 40650s
 66283958 4878356 4719.03579   86   22 4774.00000 4568.92084  4.30%  17.5 40655s
 66294335 4878304 infeasible   84      4774.00000 4568.92084  4.30%  17.5 40660s
 66302829 4878194 infeasible   80      4774.00000 4568.92084  4.30%  17.5 40665s
 66311936 4878154 4581.51508   80   31 4774.00000 4568.92084  4.30%  17.5 40670s
 66317738 4878256 4568.92084   90   34 4774.00000 4568.92084  4.30%  17.5 40676s
 66319015 4878343     cutoff   94      4774.00000 4568.92084  4.30%  17.5 40680s
 66328975 4878553 4603.81431   92   34 4774.00000 4568.92084  4.30%  17.5 40685s
 66338761 4878749 infeasible   88      4774.00000 4568.92084  4.30%  17.5 40690s
 66348082 4878729     cutoff   79      4774.00000 4568.92084  4.30%  17.5 40695s
 66358699 4878658 infeasible   83      4774.00000 4568.92084  4.30%  17.5 40700s
 66367396 4878831 4614.45690   73   36 4774.00000 4568.92084  4.30%  17.5 40705s
 66377903 4879043 infeasible   82      4774.00000 4568.92084  4.30%  17.5 40710s
 66385863 4879285 4609.21178   87   31 4774.00000 4568.92084  4.30%  17.5 40715s
 66395189 4879408 infeasible   97      4774.00000 4568.92084  4.30%  17.5 40720s
 66406030 4879925 4683.69918   72   28 4774.00000 4568.92084  4.30%  17.5 40725s
 66416533 4880335 4603.81431   80   33 4774.00000 4568.92084  4.30%  17.5 40730s
 66427497 4880756 4672.10877   69   15 4774.00000 4568.92084  4.30%  17.5 40735s
 66436691 4880986 infeasible   77      4774.00000 4568.92084  4.30%  17.5 40740s
 66447661 4881693     cutoff   69      4774.00000 4568.92084  4.30%  17.5 40745s
 66458181 4882282 4603.81431   89   36 4774.00000 4568.92084  4.30%  17.4 40750s
 66468245 4882512 4621.25280   68   31 4774.00000 4568.92084  4.30%  17.4 40755s
 66479801 4882811 4568.92084   94   36 4774.00000 4568.92084  4.30%  17.4 40760s
 66487920 4883154     cutoff   98      4774.00000 4568.92084  4.30%  17.4 40765s
 66498875 4883573 infeasible   83      4774.00000 4568.92084  4.30%  17.4 40770s
 66509218 4884193 4739.94969   90   24 4774.00000 4568.92084  4.30%  17.4 40775s
 66519257 4884481     cutoff   82      4774.00000 4568.92084  4.30%  17.4 40780s
 66529986 4884972 infeasible   77      4774.00000 4568.92084  4.30%  17.4 40785s
 66539529 4885234 infeasible   94      4774.00000 4568.92084  4.30%  17.4 40790s
 66550164 4885500     cutoff   83      4774.00000 4568.92084  4.30%  17.4 40795s
 66559334 4885906 infeasible   92      4774.00000 4568.92084  4.30%  17.4 40800s
 66569301 4885992 4614.68928   91   29 4774.00000 4568.92084  4.30%  17.4 40805s
 66579221 4886211     cutoff   84      4774.00000 4568.92084  4.30%  17.4 40810s
 66590122 4886461 4603.81431   89   36 4774.00000 4568.92084  4.30%  17.4 40815s
 66599748 4886607     cutoff   76      4774.00000 4568.92084  4.30%  17.4 40820s
 66609904 4886814     cutoff   98      4774.00000 4568.92084  4.30%  17.4 40825s
 66620488 4887175 4568.92084   82   36 4774.00000 4568.92084  4.30%  17.4 40830s
 66631235 4887474 4718.30338   86   22 4774.00000 4568.92084  4.30%  17.4 40835s
 66642195 4887561 infeasible   83      4774.00000 4568.92084  4.30%  17.4 40840s
 66651472 4887715 infeasible   82      4774.00000 4568.92084  4.30%  17.4 40845s
 66661196 4888039 4568.92084   74   33 4774.00000 4568.92084  4.30%  17.4 40850s
 66669875 4888137 4603.81431   94   36 4774.00000 4568.92084  4.30%  17.4 40855s
 66679911 4888423 4671.49330   80   20 4774.00000 4568.92084  4.30%  17.4 40860s
 66689944 4888495 infeasible   90      4774.00000 4568.92084  4.30%  17.4 40865s
 66700519 4888738     cutoff   93      4774.00000 4568.92084  4.30%  17.4 40870s
 66710569 4888960 4568.92084   78   32 4774.00000 4568.92084  4.30%  17.4 40875s
 66721962 4889085 infeasible   89      4774.00000 4568.92084  4.30%  17.4 40880s
 66730225 4889174 4581.51508   87   31 4774.00000 4568.92084  4.30%  17.4 40885s
 66732955 4889133 4649.42019   71   30 4774.00000 4568.92084  4.30%  17.4 40890s
 66744721 4889101 4621.25280   87   31 4774.00000 4568.92084  4.30%  17.4 40895s
 66754265 4889390 4669.21178   79   31 4774.00000 4568.92084  4.30%  17.4 40900s
 66763862 4889529 infeasible   86      4774.00000 4568.92084  4.30%  17.4 40905s
 66774571 4889621     cutoff   87      4774.00000 4568.92084  4.30%  17.4 40910s
 66785827 4889787     cutoff   94      4774.00000 4568.92084  4.30%  17.4 40915s
 66796769 4889909 4603.81431   85   35 4774.00000 4568.92084  4.30%  17.4 40920s
 66807542 4890297 4669.56236   69   25 4774.00000 4568.92084  4.30%  17.4 40925s
 66817828 4890661 infeasible   89      4774.00000 4568.92084  4.30%  17.4 40930s
 66827994 4890884 4603.81431   85   36 4774.00000 4568.92084  4.30%  17.4 40935s
 66837832 4891088 4568.92084   85   36 4774.00000 4568.92084  4.30%  17.4 40940s
 66847833 4891328 infeasible   77      4774.00000 4568.92084  4.30%  17.4 40945s
 66858218 4891557 4614.68928   83   28 4774.00000 4568.92084  4.30%  17.4 40950s
 66867373 4891693 4699.41351   86   30 4774.00000 4568.92084  4.30%  17.4 40955s
 66879730 4892003 4621.25280   77   31 4774.00000 4568.92084  4.30%  17.4 40960s
 66889985 4892337 4568.92084   79   36 4774.00000 4568.92084  4.30%  17.4 40965s
 66899972 4892560 4718.31002   88   19 4774.00000 4568.92084  4.30%  17.4 40970s
 66910205 4892684 4603.81431   83   36 4774.00000 4568.92084  4.30%  17.4 40975s
 66910225 4892869 4669.56236   84   26 4774.00000 4568.92084  4.30%  17.4 40982s
 66923167 4892938 4568.92084   77   36 4774.00000 4568.92084  4.30%  17.4 40985s
 66930975 4893058 4569.33689   88   31 4774.00000 4568.92084  4.30%  17.4 40990s
 66942011 4893452 4581.51508   88   31 4774.00000 4568.92084  4.30%  17.4 40995s
 66951170 4893744 infeasible   88      4774.00000 4568.92084  4.30%  17.4 41000s
 66963545 4894294 4669.21178   79   31 4774.00000 4568.92084  4.30%  17.4 41005s
 66973801 4894868 4676.88660   81   27 4774.00000 4568.92084  4.30%  17.4 41010s
 66985045 4895305 infeasible   93      4774.00000 4568.92084  4.30%  17.4 41015s
 66996205 4895557 4581.51508   83   31 4774.00000 4568.92084  4.30%  17.4 41020s
 67005051 4895911 4672.98284   86   21 4774.00000 4568.92084  4.30%  17.4 41025s
 67016661 4896198 4603.81431   78   34 4774.00000 4568.92084  4.30%  17.4 41030s
 67026093 4896373 4614.45690   79   31 4774.00000 4568.92084  4.30%  17.4 41035s
 67036541 4896751     cutoff   88      4774.00000 4568.92084  4.30%  17.4 41040s
 67047824 4896976 4614.68928   85   28 4774.00000 4568.92084  4.30%  17.3 41045s
 67058515 4897542     cutoff   73      4774.00000 4568.92084  4.30%  17.3 41050s
 67068479 4897976     cutoff   81      4774.00000 4568.92084  4.30%  17.3 41055s
 67078317 4898529 infeasible   74      4774.00000 4568.92084  4.30%  17.3 41060s
 67089818 4898849 4669.21178   86   31 4774.00000 4568.92084  4.30%  17.3 41065s
 67099447 4899368     cutoff   76      4774.00000 4568.92084  4.30%  17.3 41070s
 67108099 4899747 infeasible   87      4774.00000 4568.92084  4.30%  17.3 41075s
 67117736 4900152     cutoff   80      4774.00000 4568.92084  4.30%  17.3 41080s
 67122231 4900357     cutoff   90      4774.00000 4568.92084  4.30%  17.3 41085s
 67132493 4900361 4614.45690   66   29 4774.00000 4568.92084  4.30%  17.3 41090s
 67141032 4900636     cutoff   70      4774.00000 4568.92084  4.30%  17.3 41095s
 67151098 4901187 4568.92084   77   36 4774.00000 4568.92084  4.30%  17.3 41100s
 67160035 4901529 4643.75068   78   36 4774.00000 4568.92084  4.30%  17.3 41105s
 67170464 4901708 4671.49330   73   20 4774.00000 4568.92084  4.30%  17.3 41110s
 67180586 4901953 4671.49330   81   20 4774.00000 4568.92084  4.30%  17.3 41115s
 67191405 4902292 4649.42019   78   31 4774.00000 4568.92084  4.30%  17.3 41120s
 67201070 4902614     cutoff   97      4774.00000 4568.92084  4.30%  17.3 41125s
 67210705 4902922 infeasible   76      4774.00000 4568.92084  4.30%  17.3 41130s
 67220479 4903137     cutoff   80      4774.00000 4568.92084  4.30%  17.3 41135s
 67230968 4903245 infeasible   77      4774.00000 4568.92084  4.30%  17.3 41140s
 67241111 4903310 4603.81431   70   33 4774.00000 4568.92084  4.30%  17.3 41145s
 67252534 4903408     cutoff   76      4774.00000 4568.92084  4.30%  17.3 41150s
 67260844 4903540 4768.30665   88   21 4774.00000 4568.92084  4.30%  17.3 41155s
 67271416 4903657 4649.42019   71   35 4774.00000 4568.92084  4.30%  17.3 41160s
 67281547 4903804 4649.42019   82   32 4774.00000 4568.92084  4.30%  17.3 41165s
 67290994 4903921 4603.81431   95   36 4774.00000 4568.92084  4.30%  17.3 41170s
 67300204 4904140 4568.92084   79   32 4774.00000 4568.92084  4.30%  17.3 41175s
 67310281 4904467 4649.42019   76   32 4774.00000 4568.92084  4.30%  17.3 41180s
 67321472 4904781 infeasible   78      4774.00000 4568.92084  4.30%  17.3 41185s
 67324370 4905036 infeasible   75      4774.00000 4568.92084  4.30%  17.3 41190s
 67334042 4905465 4649.42019   79   32 4774.00000 4568.92084  4.30%  17.3 41195s
 67342981 4905857 infeasible   86      4774.00000 4568.92084  4.30%  17.3 41200s
 67352659 4905948 4672.38881   96   33 4774.00000 4568.92084  4.30%  17.3 41205s
 67364410 4906123 infeasible   88      4774.00000 4568.92084  4.30%  17.3 41210s
 67374709 4906233 infeasible   84      4774.00000 4568.92084  4.30%  17.3 41215s
 67384671 4906522 4603.81431   76   32 4774.00000 4568.92084  4.30%  17.3 41220s
 67393228 4906613 4669.21178   83   31 4774.00000 4568.92084  4.30%  17.3 41225s
 67403735 4906913 infeasible   94      4774.00000 4568.92084  4.30%  17.3 41230s
 67414680 4907128     cutoff   76      4774.00000 4568.92084  4.30%  17.3 41235s
 67425984 4907615 4603.81431   91   36 4774.00000 4568.92084  4.30%  17.3 41240s
 67435386 4907861 4609.21178   90   31 4774.00000 4568.92084  4.30%  17.3 41245s
 67445717 4908202     cutoff   79      4774.00000 4568.92084  4.30%  17.3 41250s
 67456061 4908534 4672.38881   90   34 4774.00000 4568.92084  4.30%  17.3 41255s
 67465413 4908873 4603.81431   84   34 4774.00000 4568.92084  4.30%  17.3 41260s
 67472754 4907156 infeasible   46      4774.00000 4568.94377  4.30%  17.3 41265s
 67476473 4907117 4568.97301   75   35 4774.00000 4568.94972  4.30%  17.3 41270s
 67483485 4907003 infeasible   83      4774.00000 4568.97301  4.29%  17.3 41275s
 67494172 4907213     cutoff   84      4774.00000 4568.97301  4.29%  17.3 41280s
 67505021 4907323 infeasible   89      4774.00000 4568.97301  4.29%  17.3 41285s
 67516292 4907353 infeasible   82      4774.00000 4568.97301  4.29%  17.3 41290s
 67519703 4907308 4676.97245   85   28 4774.00000 4568.97301  4.29%  17.3 41295s
 67530443 4907106 4568.97301   83   34 4774.00000 4568.97301  4.29%  17.3 41300s
 67540147 4907302     cutoff   90      4774.00000 4568.97301  4.29%  17.3 41305s
 67549301 4907655 4649.42356   84   34 4774.00000 4568.97301  4.29%  17.3 41310s
 67558659 4907714 4603.84293   82   32 4774.00000 4568.97301  4.29%  17.3 41315s
 67569690 4907663 4664.44872   78   33 4774.00000 4568.97301  4.29%  17.3 41320s
 67578933 4907632 4603.84293   70   36 4774.00000 4568.97301  4.29%  17.3 41325s
 67589111 4907800 infeasible   85      4774.00000 4568.97301  4.29%  17.3 41330s
 67598585 4907962     cutoff   80      4774.00000 4568.97301  4.29%  17.3 41335s
 67608736 4908136 infeasible   84      4774.00000 4568.97301  4.29%  17.3 41340s
 67617368 4908059     cutoff   87      4774.00000 4568.97301  4.29%  17.3 41345s
 67628052 4908211 4672.41744   91   34 4774.00000 4568.97301  4.29%  17.3 41350s
 67637282 4908141 4603.84293   81   32 4774.00000 4568.97301  4.29%  17.3 41355s
 67648051 4907992     cutoff   94      4774.00000 4568.97301  4.29%  17.3 41360s
 67658565 4908107     cutoff   77      4774.00000 4568.97301  4.29%  17.3 41365s
 67667738 4908331 infeasible   85      4774.00000 4568.97301  4.29%  17.3 41370s
 67678622 4908537     cutoff   78      4774.00000 4568.97301  4.29%  17.3 41375s
 67688502 4908612 infeasible   87      4774.00000 4568.97301  4.29%  17.3 41380s
 67698468 4908912 infeasible   90      4774.00000 4568.97301  4.29%  17.2 41385s
 67706626 4909011 infeasible   88      4774.00000 4568.97301  4.29%  17.2 41390s
 67717042 4909053 4614.71733   84   29 4774.00000 4568.97301  4.29%  17.2 41395s
 67726941 4909338 4650.19186   90   30 4774.00000 4568.97301  4.29%  17.2 41400s
 67730954 4909429 4568.97301   80   35 4774.00000 4568.97301  4.29%  17.2 41405s
 67741154 4909630 4669.26589   89   31 4774.00000 4568.97301  4.29%  17.2 41410s
 67752263 4909888 infeasible   90      4774.00000 4568.97301  4.29%  17.2 41415s
 67764451 4910047 4581.62607   86   31 4774.00000 4568.97301  4.29%  17.2 41420s
 67775683 4910229     cutoff   98      4774.00000 4568.97301  4.29%  17.2 41425s
 67785152 4910537 4672.41744   92   34 4774.00000 4568.97301  4.29%  17.2 41430s
 67795513 4910800 4649.42356   77   30 4774.00000 4568.97301  4.29%  17.2 41435s
 67805528 4910896 infeasible   72      4774.00000 4568.97301  4.29%  17.2 41440s
 67814722 4911060 4671.58087   80   15 4774.00000 4568.97301  4.29%  17.2 41445s
 67824027 4911245 4569.39101   87   31 4774.00000 4568.97301  4.29%  17.2 41450s
 67832704 4911397 4568.97301   74   36 4774.00000 4568.97301  4.29%  17.2 41455s
 67843167 4911766 4568.97301   87   34 4774.00000 4568.97301  4.29%  17.2 41460s
 67853670 4911844 4649.42356   77   28 4774.00000 4568.97301  4.29%  17.2 41465s
 67865728 4912292 4672.41744   87   35 4774.00000 4568.97301  4.29%  17.2 41470s
 67876926 4912637     cutoff   79      4774.00000 4568.97301  4.29%  17.2 41475s
 67886407 4912935 4649.42356   83   29 4774.00000 4568.97301  4.29%  17.2 41480s
 67897181 4912984 4603.84293   90   36 4774.00000 4568.97301  4.29%  17.2 41485s
 67905939 4913210 infeasible   82      4774.00000 4568.97301  4.29%  17.2 41490s
 67915839 4913443 4621.36379   84   31 4774.00000 4568.97301  4.29%  17.2 41495s
 67926452 4913822 4609.26589   95   31 4774.00000 4568.97301  4.29%  17.2 41500s
 67937603 4914147     cutoff   81      4774.00000 4568.97301  4.29%  17.2 41505s
 67949301 4914533     cutoff   90      4774.00000 4568.97301  4.29%  17.2 41510s
 67958919 4914755 4581.62607   81   31 4774.00000 4568.97301  4.29%  17.2 41515s
 67963067 4914956     cutoff   92      4774.00000 4568.97301  4.29%  17.2 41520s
 67973255 4915100 infeasible   74      4774.00000 4568.97301  4.29%  17.2 41525s
 67983976 4915248 infeasible   81      4774.00000 4568.97301  4.29%  17.2 41530s
 67994545 4915260 4672.41744   93   34 4774.00000 4568.97301  4.29%  17.2 41535s
 68004647 4915258     cutoff   77      4774.00000 4568.97301  4.29%  17.2 41540s
 68013364 4915451 infeasible   94      4774.00000 4568.97301  4.29%  17.2 41545s
 68022560 4915612 4670.65800   76   22 4774.00000 4568.97301  4.29%  17.2 41550s
 68033186 4915839 infeasible   76      4774.00000 4568.97301  4.29%  17.2 41555s
 68044430 4916126 4718.30674   83   24 4774.00000 4568.97301  4.29%  17.2 41560s
 68054824 4916174 4568.97301   89   36 4774.00000 4568.97301  4.29%  17.2 41565s
 68065251 4916255 4569.39101   77   31 4774.00000 4568.97301  4.29%  17.2 41570s
 68075100 4916427 infeasible   93      4774.00000 4568.97301  4.29%  17.2 41575s
 68083998 4916497     cutoff   85      4774.00000 4568.97301  4.29%  17.2 41580s
 68094929 4916806 4603.84293   79   34 4774.00000 4568.97301  4.29%  17.2 41585s
 68104661 4917021 4603.84293   80   34 4774.00000 4568.97301  4.29%  17.2 41590s
 68113224 4917181 infeasible   83      4774.00000 4568.97301  4.29%  17.2 41595s
 68124303 4917068 infeasible   87      4774.00000 4568.97301  4.29%  17.2 41600s
 68134524 4917077     cutoff   89      4774.00000 4568.97301  4.29%  17.2 41605s
 68144555 4917185 infeasible   88      4774.00000 4568.97301  4.29%  17.2 41610s
 68154730 4917284 4672.41744   90   35 4774.00000 4568.97301  4.29%  17.2 41615s
 68164766 4917390     cutoff   89      4774.00000 4568.97301  4.29%  17.2 41620s
 68167049 4917467     cutoff   80      4774.00000 4568.97301  4.29%  17.2 41625s
 68173131 4917391 4601.56796   60   47 4774.00000 4568.97341  4.29%  17.2 41630s
 68179734 4917413 4586.56565   77   33 4774.00000 4568.99249  4.29%  17.2 41635s
 68189317 4917825 infeasible   74      4774.00000 4568.99249  4.29%  17.2 41640s
 68193282 4918065 4569.03345   51   81 4774.00000 4569.00000  4.29%  17.2 41645s
 68197373 4918480     cutoff   54      4774.00000 4569.00000  4.29%  17.2 41650s
 68202425 4919279 infeasible   44      4774.00000 4569.00000  4.29%  17.2 41655s
 68205838 4919290 infeasible   73      4774.00000 4569.00529  4.29%  17.2 41660s
 68211027 4919278 4675.69781   43  186 4774.00000 4569.03359  4.29%  17.2 41665s
 68215881 4919169 4647.70000   49    6 4774.00000 4569.05987  4.29%  17.2 41670s
 68220652 4919151 4634.53454   66   28 4774.00000 4569.07878  4.29%  17.2 41675s
 68226495 4919069 4641.06684   69   52 4774.00000 4569.11113  4.29%  17.2 41680s
 68233515 4918487 4619.58002   45  126 4774.00000 4569.14847  4.29%  17.2 41685s
 68239375 4918022 4591.33433   44   15 4774.00000 4569.17796  4.29%  17.2 41690s
 68244603 4917606 4583.00784   39  117 4774.00000 4569.21133  4.29%  17.2 41695s
 68252349 4916310 4581.51508   84   31 4774.00000 4569.21669  4.29%  17.2 41700s
 68260101 4914794 infeasible   78      4774.00000 4569.21669  4.29%  17.2 41705s
 68266437 4914260 4578.71100   53   17 4774.00000 4569.24066  4.29%  17.2 41710s
 68273131 4913017 infeasible   81      4774.00000 4569.27024  4.29%  17.2 41716s
 68278876 4911939     cutoff   75      4774.00000 4569.27024  4.29%  17.2 41720s
 68289003 4911370 4668.82122   77   29 4774.00000 4569.27551  4.29%  17.2 41725s
 68299312 4910372 4672.89297   72   32 4774.00000 4569.27551  4.29%  17.2 41730s
 68307242 4909080 infeasible   75      4774.00000 4569.27551  4.29%  17.2 41735s
 68315025 4908186 4672.91131   83   32 4774.00000 4569.28805  4.29%  17.2 41740s
 68324256 4907418 infeasible   73      4774.00000 4569.29960  4.29%  17.2 41745s
 68329712 4907086 4586.00024   65   30 4774.00000 4569.32973  4.29%  17.2 41750s
 68340263 4905545     cutoff   73      4774.00000 4569.33689  4.29%  17.2 41756s
 68347500 4904550 4581.51508   79   31 4774.00000 4569.33689  4.29%  17.2 41760s
 68356953 4903162 4569.58069   85   33 4774.00000 4569.33689  4.29%  17.2 41765s
 68363654 4902186 4650.08085   81   30 4774.00000 4569.33689  4.29%  17.2 41770s
 68373021 4900847 4650.08085   80   30 4774.00000 4569.33689  4.29%  17.2 41775s
 68381745 4899603 4581.51508   74   31 4774.00000 4569.33689  4.29%  17.2 41780s
 68390358 4898362 4581.51508   78   31 4774.00000 4569.33689  4.29%  17.2 41785s
 68397825 4897330     cutoff   89      4774.00000 4569.33689  4.29%  17.2 41790s
 68406435 4896189     cutoff   94      4774.00000 4569.33689  4.29%  17.2 41795s
 68414540 4894896 4581.51508   80   31 4774.00000 4569.33689  4.29%  17.2 41800s
 68421867 4893811 4581.51508   78   31 4774.00000 4569.33689  4.29%  17.2 41805s
 68430507 4892592 4581.51508   89   31 4774.00000 4569.33689  4.29%  17.2 41810s
 68439142 4891327     cutoff   93      4774.00000 4569.33689  4.29%  17.2 41815s
 68447451 4890189     cutoff   87      4774.00000 4569.33689  4.29%  17.2 41820s
 68455832 4888933 infeasible   72      4774.00000 4569.33689  4.29%  17.2 41825s
 68463304 4887867 infeasible   79      4774.00000 4569.33689  4.29%  17.2 41830s
 68470762 4886784 infeasible   93      4774.00000 4569.33689  4.29%  17.2 41835s
 68479781 4885521     cutoff   75      4774.00000 4569.33689  4.29%  17.2 41840s
 68484334 4885083 4581.51508   83   31 4774.00000 4569.33689  4.29%  17.2 41845s
 68490231 4884009 4569.58069   80   33 4774.00000 4569.33689  4.29%  17.2 41850s
 68498389 4882951 4569.58069   87   33 4774.00000 4569.33689  4.29%  17.2 41855s
 68506013 4881727 infeasible   90      4774.00000 4569.33689  4.29%  17.2 41860s
 68514990 4880429 4581.51508   87   31 4774.00000 4569.33689  4.29%  17.2 41865s
 68522071 4879374     cutoff   86      4774.00000 4569.33689  4.29%  17.2 41870s
 68529573 4878283 4581.51508   76   31 4774.00000 4569.33689  4.29%  17.2 41875s
 68536879 4877218 infeasible   78      4774.00000 4569.33689  4.29%  17.2 41880s
 68545634 4875900     cutoff   84      4774.00000 4569.33689  4.29%  17.2 41885s
 68552705 4874864 4579.30134   93   32 4774.00000 4569.33689  4.29%  17.2 41890s
 68560538 4873755     cutoff   80      4774.00000 4569.33689  4.29%  17.2 41895s
 68569760 4872463     cutoff   83      4774.00000 4569.33689  4.29%  17.2 41900s
 68577269 4871393     cutoff   88      4774.00000 4569.33689  4.29%  17.2 41905s
 68584344 4870593 infeasible   84      4774.00000 4569.33689  4.29%  17.2 41910s
 68590645 4869452     cutoff   86      4774.00000 4569.33689  4.29%  17.2 41915s
 68599928 4868101     cutoff   90      4774.00000 4569.33689  4.29%  17.2 41920s
 68608479 4866837 4676.88660   82   27 4774.00000 4569.33689  4.29%  17.2 41925s
 68617197 4865705     cutoff   92      4774.00000 4569.33689  4.29%  17.1 41930s
 68623359 4864563     cutoff   85      4774.00000 4569.33689  4.29%  17.1 41935s
 68631284 4863477 4581.51508   93   31 4774.00000 4569.33689  4.29%  17.1 41940s
 68638095 4863788 4616.09345   58   29 4774.00000 4569.35835  4.29%  17.1 41945s
 68645858 4863938 infeasible   57      4774.00000 4569.37927  4.29%  17.1 41950s
 68654535 4862614 4581.62607   90   31 4774.00000 4569.39101  4.29%  17.1 41955s
 68663025 4861400     cutoff   80      4774.00000 4569.39101  4.29%  17.1 41960s
 68672110 4860047     cutoff   85      4774.00000 4569.39101  4.29%  17.1 41965s
 68680678 4858757 4569.66574   69   33 4774.00000 4569.39101  4.29%  17.1 41970s
 68689700 4857448 4581.62607   89   31 4774.00000 4569.39101  4.29%  17.1 41975s
 68697145 4856369 4581.62607   86   31 4774.00000 4569.39101  4.29%  17.1 41980s
 68705806 4855115     cutoff   89      4774.00000 4569.39101  4.29%  17.1 41985s
 68713495 4854215     cutoff   72      4774.00000 4569.39101  4.29%  17.1 41990s
 68716308 4853562     cutoff   83      4774.00000 4569.39101  4.29%  17.1 41995s
 68725718 4852160     cutoff   93      4774.00000 4569.39101  4.29%  17.1 42000s
 68732833 4851128     cutoff   69      4774.00000 4569.39101  4.29%  17.1 42005s
 68741806 4849817 4581.62607   85   31 4774.00000 4569.39101  4.29%  17.1 42010s
 68750753 4848515 4569.66574   75   33 4774.00000 4569.39101  4.29%  17.1 42015s
 68758793 4847360 4581.62607   79   31 4774.00000 4569.39101  4.29%  17.1 42020s
 68767629 4846055     cutoff   78      4774.00000 4569.39101  4.29%  17.1 42025s
 68774345 4845093     cutoff   82      4774.00000 4569.39101  4.29%  17.1 42030s
 68781703 4844027     cutoff   69      4774.00000 4569.39101  4.29%  17.1 42035s
 68790394 4842771 4569.66574   85   33 4774.00000 4569.39101  4.29%  17.1 42040s
 68798975 4841526 4650.19186   84   30 4774.00000 4569.39101  4.29%  17.1 42045s
 68807218 4840308 infeasible   89      4774.00000 4569.39101  4.29%  17.1 42050s
 68812755 4839614 4581.62607   79   31 4774.00000 4569.39101  4.29%  17.1 42055s
 68817469 4838811 infeasible   86      4774.00000 4569.39101  4.29%  17.1 42060s
 68824563 4837771 4581.62607   87   31 4774.00000 4569.39101  4.29%  17.1 42065s
 68832858 4836593 4569.66574   73   33 4774.00000 4569.39101  4.29%  17.1 42070s
 68842015 4835260 4581.62607   77   31 4774.00000 4569.39101  4.29%  17.1 42075s
 68850941 4833983     cutoff   90      4774.00000 4569.39101  4.29%  17.1 42080s
 68859722 4832739 4581.62607   73   31 4774.00000 4569.39101  4.29%  17.1 42085s
 68866922 4831744 infeasible   83      4774.00000 4569.39101  4.29%  17.1 42090s
 68872634 4830802     cutoff   59      4774.00000 4569.40705  4.29%  17.1 42095s
 68880741 4828143     cutoff   77      4774.00000 4569.41589  4.29%  17.1 42100s
 68888797 4825733 4582.07990   60   52 4774.00000 4569.42763  4.29%  17.1 42105s
 68894481 4825539 infeasible   75      4774.00000 4569.45402  4.28%  17.1 42110s
 68901735 4825271     cutoff   68      4774.00000 4569.49866  4.28%  17.1 42115s
 68905520 4824943     cutoff   86      4774.00000 4569.51134  4.28%  17.1 42120s
 68911407 4824298 infeasible   69      4774.00000 4569.55108  4.28%  17.1 42125s
 68915973 4823941 infeasible   46      4774.00000 4569.58739  4.28%  17.1 42130s
 68923279 4823457 4581.51508   83   31 4774.00000 4569.62835  4.28%  17.1 42135s
 68930274 4822232     cutoff   81      4774.00000 4569.65382  4.28%  17.1 42140s
 68937030 4820949     cutoff   73      4774.00000 4569.65382  4.28%  17.1 42145s
 68944168 4820609 4572.20812   39   99 4774.00000 4569.67070  4.28%  17.1 42150s
 68945613 4821626 4575.66287   69   48 4774.00000 4569.67704  4.28%  17.1 42156s
 68960812 4822180 4695.61980   78   41 4774.00000 4569.67704  4.28%  17.1 42160s
 68972133 4823017 4634.28541   70   21 4774.00000 4569.67704  4.28%  17.1 42165s
 68979546 4822989 4581.62607   77   31 4774.00000 4569.70667  4.28%  17.1 42170s
 68987097 4821792 4573.39804   64   38 4774.00000 4569.71022  4.28%  17.1 42175s
 68994074 4821347 4618.59577   68   32 4774.00000 4569.73989  4.28%  17.1 42180s
 69000579 4821549 4574.29464   68   20 4774.00000 4569.76045  4.28%  17.1 42185s
 69008689 4821494 4589.14995   59   53 4774.00000 4569.78928  4.28%  17.1 42190s
 69014776 4821862 4614.21594   67   29 4774.00000 4569.80823  4.28%  17.1 42195s
 69021765 4821747 infeasible   55      4774.00000 4569.83500  4.28%  17.1 42200s
 69028515 4821035 4689.88406   57  147 4774.00000 4569.88546  4.28%  17.1 42205s
 69034933 4820756     cutoff   59      4774.00000 4569.92300  4.27%  17.1 42210s
 69036763 4820692 4593.71817   49  103 4774.00000 4569.92680  4.27%  17.1 42215s
 69042587 4820002 4675.22307   48  124 4774.00000 4569.97227  4.27%  17.1 42220s
 69049739 4820144 4588.53411   57   36 4774.00000 4570.00000  4.27%  17.1 42225s
 69055832 4819808 infeasible   57      4774.00000 4570.03312  4.27%  17.1 42230s
 69065616 4820683     cutoff   81      4774.00000 4570.03686  4.27%  17.1 42235s
 69075090 4821518 4570.03686   72   47 4774.00000 4570.03686  4.27%  17.1 42240s
 69083731 4822118 infeasible   80      4774.00000 4570.03686  4.27%  17.1 42245s
 69092063 4821511 4575.93409   55  182 4774.00000 4570.07290  4.27%  17.1 42250s
 69099018 4820636 infeasible   81      4774.00000 4570.09240  4.27%  17.1 42255s
 69106619 4819835 4625.71953   69   18 4774.00000 4570.10000  4.27%  17.1 42260s
 69113240 4819625 infeasible   53      4774.00000 4570.11935  4.27%  17.1 42265s
 69119499 4819082     cutoff   57      4774.00000 4570.13652  4.27%  17.1 42270s
 69126508 4819168 4581.51508   70   31 4774.00000 4570.16821  4.27%  17.1 42275s
 69130903 4818396 4692.96795   66   37 4774.00000 4570.18387  4.27%  17.1 42280s
 69139712 4818382 4668.10363   61  118 4774.00000 4570.21118  4.27%  17.1 42285s
 69147565 4814654 infeasible   63      4774.00000 4570.24879  4.27%  17.1 42290s
 69154986 4813936     cutoff   65      4774.00000 4570.29692  4.27%  17.1 42295s
 69160927 4813293 4664.97759   52  107 4774.00000 4570.33841  4.27%  17.1 42300s
 69167470 4813047 4579.86218   72   46 4774.00000 4570.38047  4.27%  17.1 42305s
 69175233 4812197     cutoff   69      4774.00000 4570.40955  4.26%  17.1 42310s
 69182477 4811952     cutoff   60      4774.00000 4570.45400  4.26%  17.1 42315s
 69184193 4811966 infeasible   50      4774.00000 4570.46165  4.26%  17.1 42320s
 69190434 4812380 4629.86985   74   23 4774.00000 4570.48233  4.26%  17.1 42325s
 69198588 4811618     cutoff   72      4774.00000 4570.53724  4.26%  17.1 42330s
 69206176 4811089 infeasible   60      4774.00000 4570.56836  4.26%  17.1 42335s
 69213755 4810787 4652.55396   68   17 4774.00000 4570.60209  4.26%  17.1 42340s
 69219711 4809865 infeasible   71      4774.00000 4570.64001  4.26%  17.1 42345s
 69227569 4809210 4649.09758   86   46 4774.00000 4570.69020  4.26%  17.1 42350s
 69235878 4808697 infeasible   57      4774.00000 4570.73640  4.26%  17.1 42355s
 69240797 4808336 infeasible   64      4774.00000 4570.78327  4.26%  17.1 42360s
 69248093 4808194 4669.51008   81   21 4774.00000 4570.81166  4.26%  17.2 42365s
 69252734 4807989 infeasible   49      4774.00000 4570.84545  4.26%  17.2 42370s
 69260382 4807586     cutoff   66      4774.00000 4570.89741  4.25%  17.2 42375s
 69269429 4808058 4629.86985   88   23 4774.00000 4570.92101  4.25%  17.2 42380s
 69282692 4810039     cutoff   89      4774.00000 4570.92101  4.25%  17.1 42385s
 69294120 4811188 4631.17920   92   21 4774.00000 4570.92101  4.25%  17.1 42390s
 69301348 4811028 4661.26241   65   87 4774.00000 4570.95110  4.25%  17.1 42395s
 69308450 4810761 4571.14676   80   26 4774.00000 4571.00000  4.25%  17.2 42400s
 69314628 4810585 infeasible   70      4774.00000 4571.00000  4.25%  17.2 42405s
 69321080 4809812 4571.07400   73   41 4774.00000 4571.05332  4.25%  17.2 42410s
 69332231 4810625 4576.06403   82   43 4774.00000 4571.07400  4.25%  17.2 42415s
 69343105 4811570 infeasible   95      4774.00000 4571.07400  4.25%  17.2 42420s
 69347861 4811967 4629.86985   91   26 4774.00000 4571.07400  4.25%  17.2 42425s
 69361541 4812857 4591.83805   62   33 4774.00000 4571.07400  4.25%  17.1 42430s
 69372675 4813679 4576.06403   68   43 4774.00000 4571.07400  4.25%  17.1 42435s
 69385329 4814516     cutoff   74      4774.00000 4571.07400  4.25%  17.1 42440s
 69394860 4815188 4694.03017   55   49 4774.00000 4571.08050  4.25%  17.1 42445s
 69401510 4814679 infeasible   70      4774.00000 4571.11667  4.25%  17.1 42450s
 69408802 4814270     cutoff   85      4774.00000 4571.15677  4.25%  17.1 42455s
 69416723 4813918 4654.04012   63   29 4774.00000 4571.19311  4.25%  17.1 42460s
 69424093 4813358 4669.14550   61    7 4774.00000 4571.23333  4.25%  17.1 42465s
 69429600 4813447 4634.10357   88   21 4774.00000 4571.25677  4.25%  17.1 42470s
 69437220 4813241 4604.95451   86   27 4774.00000 4571.28833  4.25%  17.1 42475s
 69444798 4812839 4573.30404   62   30 4774.00000 4571.31810  4.25%  17.1 42480s
 69450921 4812576     cutoff   58      4774.00000 4571.36483  4.24%  17.1 42485s
 69458428 4812171 4573.30404   61   30 4774.00000 4571.39657  4.24%  17.1 42490s
 69465035 4811481 infeasible   85      4774.00000 4571.43035  4.24%  17.2 42495s
 69471951 4811120     cutoff   41      4774.00000 4571.48215  4.24%  17.2 42500s
 69479952 4811568 4669.82940   74   23 4774.00000 4571.51078  4.24%  17.2 42505s
 69493958 4812880     cutoff   72      4774.00000 4571.51078  4.24%  17.2 42510s
 69507549 4815100 infeasible   93      4774.00000 4571.51078  4.24%  17.1 42515s
 69519608 4815514 infeasible   58      4774.00000 4571.52429  4.24%  17.1 42520s
 69523663 4815316 4624.42000   71   28 4774.00000 4571.55272  4.24%  17.1 42526s
 69524208 4815264 infeasible   75      4774.00000 4571.55476  4.24%  17.1 42530s
 69530146 4815247     cutoff   69      4774.00000 4571.59136  4.24%  17.1 42535s
 69537702 4814732     cutoff   68      4774.00000 4571.62145  4.24%  17.1 42540s
 69545227 4812320 infeasible   77      4774.00000 4571.65122  4.24%  17.1 42545s
 69552869 4812459     cutoff   69      4774.00000 4571.67594  4.24%  17.1 42550s
 69560013 4813131 4572.86452   72   39 4774.00000 4571.67923  4.24%  17.1 42555s
 69570389 4814139 infeasible   52      4774.00000 4571.67923  4.24%  17.1 42560s
 69578468 4812595     cutoff   75      4774.00000 4571.70880  4.24%  17.1 42565s
 69584315 4812303 4677.55173   52   87 4774.00000 4571.73552  4.24%  17.1 42570s
 69591300 4812493     cutoff   70      4774.00000 4571.77670  4.24%  17.1 42575s
 69600207 4813331 4571.78090   69   38 4774.00000 4571.78090  4.24%  17.1 42580s
 69607786 4813697 infeasible   70      4774.00000 4571.79353  4.24%  17.1 42585s
 69616451 4814535 4668.58237   74   28 4774.00000 4571.81442  4.24%  17.1 42590s
 69625441 4815476 4671.38138   76   38 4774.00000 4571.81442  4.24%  17.1 42595s
 69633910 4816191 4576.02451   71   37 4774.00000 4571.81442  4.24%  17.1 42600s
 69642686 4816323 infeasible   85      4774.00000 4571.81442  4.24%  17.1 42605s
 69651217 4816468 4670.35299   84   25 4774.00000 4571.85986  4.23%  17.1 42610s
 69659940 4817389 4573.11960   73   37 4774.00000 4571.86167  4.23%  17.1 42615s
 69668717 4817050 4645.03279   66   48 4774.00000 4571.88333  4.23%  17.1 42620s
 69673584 4816757 infeasible   52      4774.00000 4571.90871  4.23%  17.1 42625s
 69681262 4816919 infeasible   49      4774.00000 4571.92822  4.23%  17.1 42630s
 69687038 4817068     cutoff   60      4774.00000 4571.94042  4.23%  17.1 42635s
 69694982 4817044 4672.00951   65   28 4774.00000 4571.97162  4.23%  17.1 42640s
 69702952 4816533 4578.60065   68   43 4774.00000 4571.97493  4.23%  17.1 42645s
 69710197 4815222 4589.49875   69   18 4774.00000 4571.98719  4.23%  17.1 42650s
 69717139 4815235 infeasible   64      4774.00000 4572.00000  4.23%  17.1 42655s
 69722110 4814996 infeasible   83      4774.00000 4572.00194  4.23%  17.1 42660s
 69728113 4814415 4611.08005   74   43 4774.00000 4572.04896  4.23%  17.1 42665s
 69733976 4814048     cutoff   59      4774.00000 4572.07596  4.23%  17.1 42670s
 69741667 4811976     cutoff   78      4774.00000 4572.10616  4.23%  17.1 42675s
 69752333 4812261 4674.16782   74   17 4774.00000 4572.10748  4.23%  17.1 42680s
 69758412 4810636 4620.29869   70   26 4774.00000 4572.13460  4.23%  17.1 42685s
 69764782 4810081 4653.53546   71   32 4774.00000 4572.18037  4.23%  17.1 42690s
 69771560 4810026 4597.04703   44   77 4774.00000 4572.21993  4.23%  17.1 42695s
 69779816 4809972     cutoff   87      4774.00000 4572.25271  4.23%  17.1 42700s
 69789061 4810306 4575.73792   71   30 4774.00000 4572.25271  4.23%  17.1 42705s
 69798260 4810645 4592.29908   71   14 4774.00000 4572.28271  4.23%  17.1 42710s
 69805853 4810911     cutoff   69      4774.00000 4572.32585  4.22%  17.1 42715s
 69808497 4810782 infeasible   71      4774.00000 4572.32585  4.22%  17.1 42721s
 69813479 4810580 4650.58940   63   37 4774.00000 4572.38008  4.22%  17.2 42725s
 69820999 4810464 4577.11611   63   62 4774.00000 4572.43066  4.22%  17.2 42730s
 69826663 4810272 4572.47700   55   10 4774.00000 4572.47442  4.22%  17.2 42735s
 69832921 4810258     cutoff   62      4774.00000 4572.49535  4.22%  17.2 42740s
 69839664 4811252 4588.37172   65   54 4774.00000 4572.52716  4.22%  17.2 42745s
 69846263 4811213 4654.37921   69   39 4774.00000 4572.55286  4.22%  17.2 42750s
 69852385 4810823     cutoff   66      4774.00000 4572.59238  4.22%  17.2 42755s
 69859696 4810536     cutoff   60      4774.00000 4572.62048  4.22%  17.2 42760s
 69865421 4810098 4629.94229   68   52 4774.00000 4572.65267  4.22%  17.2 42765s
 69872749 4810743     cutoff   60      4774.00000 4572.67535  4.22%  17.2 42770s
 69879541 4810609 4572.71500   65   19 4774.00000 4572.71048  4.22%  17.2 42775s
 69888353 4810108     cutoff   88      4774.00000 4572.76804  4.22%  17.2 42780s
 69894361 4809797 infeasible   70      4774.00000 4572.80833  4.21%  17.2 42785s
 69901889 4809372 infeasible   48      4774.00000 4572.85500  4.21%  17.2 42790s
 69908914 4808794 4572.91711   74   35 4774.00000 4572.90279  4.21%  17.2 42795s
 69913170 4808353     cutoff   67      4774.00000 4572.91517  4.21%  17.2 42800s
 69918820 4808528 4607.47845   87   38 4774.00000 4572.91711  4.21%  17.2 42805s
 69921952 4808621 infeasible   84      4774.00000 4572.91711  4.21%  17.2 42810s
 69931998 4808654 infeasible   86      4774.00000 4572.91711  4.21%  17.2 42815s
 69939509 4808379     cutoff   45      4774.00000 4572.93773  4.21%  17.2 42820s
 69944569 4808109     cutoff   61      4774.00000 4572.97383  4.21%  17.2 42825s
 69950829 4807758 4573.01411   65   26 4774.00000 4573.00295  4.21%  17.2 42830s
 69958302 4807267 4573.05506   73   37 4774.00000 4573.03394  4.21%  17.2 42835s
 69966063 4806668 4590.73994   73   25 4774.00000 4573.06928  4.21%  17.2 42840s
 69972944 4806519 infeasible   67      4774.00000 4573.10251  4.21%  17.2 42845s
 69981016 4806547 infeasible   70      4774.00000 4573.12200  4.21%  17.2 42850s
 69988334 4806037 4573.18519   60   51 4774.00000 4573.16343  4.21%  17.2 42855s
 69995169 4805970 infeasible   79      4774.00000 4573.19030  4.21%  17.2 42860s
 70004288 4805265 infeasible   51      4774.00000 4573.22917  4.21%  17.2 42865s
 70011232 4804781 infeasible   85      4774.00000 4573.27233  4.20%  17.2 42870s
 70017612 4804201 4622.65048   45  149 4774.00000 4573.32324  4.20%  17.2 42875s
 70024282 4803382     cutoff   65      4774.00000 4573.36857  4.20%  17.2 42880s
 70030573 4802920 4683.40830   62   63 4774.00000 4573.41667  4.20%  17.2 42885s
 70036264 4802171 4593.25088   54   47 4774.00000 4573.47218  4.20%  17.2 42890s
 70040607 4801514 4738.46840   65   35 4774.00000 4573.50000  4.20%  17.2 42895s
 70048978 4800880     cutoff   77      4774.00000 4573.55862  4.20%  17.2 42900s
 70055198 4800518 4573.63908   74   22 4774.00000 4573.61071  4.20%  17.2 42905s
 70061568 4799748 4592.51000   66   22 4774.00000 4573.66750  4.20%  17.2 42910s
 70070331 4799299 4648.56341   51   33 4774.00000 4573.73070  4.20%  17.2 42915s
 70076661 4798995 4641.26501   66   54 4774.00000 4573.76865  4.19%  17.2 42920s
 70082751 4798519 4645.98490   63   48 4774.00000 4573.81352  4.19%  17.2 42925s
 70090500 4797994 4573.89513   90   37 4774.00000 4573.87944  4.19%  17.2 42930s
 70096440 4796313 infeasible   85      4774.00000 4573.89513  4.19%  17.2 42935s
 70102546 4794268 infeasible   86      4774.00000 4573.89513  4.19%  17.2 42940s
 70108845 4792116 infeasible   94      4774.00000 4573.89513  4.19%  17.2 42945s
 70114132 4790353 infeasible   94      4774.00000 4573.89513  4.19%  17.2 42950s
 70120636 4788185 4573.89513   92   36 4774.00000 4573.89513  4.19%  17.2 42955s
 70124845 4786901 infeasible  100      4774.00000 4573.89513  4.19%  17.2 42960s
 70131718 4784520 4573.89513   91   36 4774.00000 4573.89513  4.19%  17.2 42965s
 70137302 4782663 4573.89513   95   37 4774.00000 4573.89513  4.19%  17.2 42970s
 70144273 4780454 infeasible   96      4774.00000 4573.89513  4.19%  17.2 42975s
 70150900 4778277 4573.89513   90   33 4774.00000 4573.89513  4.19%  17.2 42980s
 70155426 4776774 infeasible   98      4774.00000 4573.89513  4.19%  17.2 42985s
 70158864 4775979 infeasible   99      4774.00000 4573.89513  4.19%  17.2 42991s
 70162956 4774075 infeasible   92      4774.00000 4573.89513  4.19%  17.2 42995s
 70168960 4772109 infeasible   86      4774.00000 4573.89513  4.19%  17.2 43000s
 70175879 4769817 infeasible   95      4774.00000 4573.89513  4.19%  17.2 43005s
 70182962 4767772 infeasible   94      4774.00000 4573.89513  4.19%  17.2 43010s
 70189211 4765475 infeasible   93      4774.00000 4573.89513  4.19%  17.2 43015s
 70192920 4764119 infeasible   96      4774.00000 4573.89513  4.19%  17.2 43020s
 70199791 4761864 4573.89513   96   33 4774.00000 4573.89513  4.19%  17.2 43025s
 70205346 4760009 4573.89513   98   37 4774.00000 4573.89513  4.19%  17.2 43030s
 70212331 4757800 4573.89513  101   36 4774.00000 4573.89513  4.19%  17.2 43035s
 70218942 4755494 4573.89513  102   37 4774.00000 4573.89513  4.19%  17.2 43040s
 70224101 4753985 infeasible   98      4774.00000 4573.89513  4.19%  17.2 43045s
 70230290 4751800 infeasible  100      4774.00000 4573.89513  4.19%  17.2 43050s
 70234093 4750417 infeasible   99      4774.00000 4573.89513  4.19%  17.2 43055s
 70241059 4748104 infeasible  100      4774.00000 4573.89513  4.19%  17.2 43060s
 70246676 4746247 infeasible  101      4774.00000 4573.89513  4.19%  17.2 43065s
 70252430 4744822 infeasible  103      4774.00000 4573.89513  4.19%  17.2 43070s
 70255840 4743363 infeasible   95      4774.00000 4573.89513  4.19%  17.2 43075s
 70262872 4741068 infeasible   95      4774.00000 4573.89513  4.19%  17.2 43080s
 70269142 4738993 infeasible   97      4774.00000 4573.89513  4.19%  17.2 43086s
 70274585 4737185 infeasible  102      4774.00000 4573.89513  4.19%  17.2 43090s
 70280020 4735365 infeasible  102      4774.00000 4573.89513  4.19%  17.2 43096s
 70285202 4733651 infeasible  100      4774.00000 4573.89513  4.19%  17.2 43100s
 70292434 4731361 4573.89513  100   37 4774.00000 4573.89513  4.19%  17.2 43105s
 70298030 4729501 4573.89513   89   33 4774.00000 4573.89513  4.19%  17.2 43110s
 70304355 4727280 infeasible  102      4774.00000 4573.89513  4.19%  17.2 43115s
 70309952 4725538 4573.89513   97   37 4774.00000 4573.89513  4.19%  17.2 43120s
 70316104 4723348 infeasible  100      4774.00000 4573.89513  4.19%  17.2 43125s
 70322636 4721164 infeasible   98      4774.00000 4573.89513  4.19%  17.2 43131s
 70327574 4719511 infeasible  103      4774.00000 4573.89513  4.19%  17.2 43135s
 70334629 4717172 infeasible   88      4774.00000 4573.89513  4.19%  17.2 43141s
 70340039 4715482 infeasible  102      4774.00000 4573.89513  4.19%  17.2 43145s
 70345574 4713731 infeasible   97      4774.00000 4573.89513  4.19%  17.2 43150s
 70347897 4712713 infeasible  102      4774.00000 4573.89513  4.19%  17.2 43155s
 70355151 4710325 4573.89513   96   37 4774.00000 4573.89513  4.19%  17.2 43161s
 70359865 4708791 infeasible  101      4774.00000 4573.89513  4.19%  17.2 43165s
 70364273 4707294 infeasible   90      4774.00000 4573.89513  4.19%  17.2 43170s
 70371901 4704917 4573.92273   98   31 4774.00000 4573.89513  4.19%  17.2 43176s
 70377512 4703099 4573.89513   99   37 4774.00000 4573.89513  4.19%  17.2 43180s
 70384207 4700925 infeasible   96      4774.00000 4573.89513  4.19%  17.2 43185s
 70390730 4698747 infeasible  102      4774.00000 4573.89513  4.19%  17.2 43190s
 70394564 4697459 4573.89513   98   37 4774.00000 4573.89513  4.19%  17.2 43195s
 70401345 4695210 4573.89513   86   36 4774.00000 4573.89513  4.19%  17.2 43200s
 70408335 4692892 infeasible   91      4774.00000 4573.89513  4.19%  17.2 43205s
 70415379 4691060 4573.89513   99   37 4774.00000 4573.89513  4.19%  17.2 43210s
 70417798 4689908 infeasible   93      4774.00000 4573.89513  4.19%  17.2 43215s
 70424634 4687620 4573.89513  102   36 4774.00000 4573.89513  4.19%  17.2 43220s
 70429735 4686405 infeasible   97      4774.00000 4573.89513  4.19%  17.2 43226s
 70434342 4684638 infeasible   94      4774.00000 4573.89513  4.19%  17.2 43231s
 70438508 4683368 4640.69164   98   22 4774.00000 4573.89513  4.19%  17.2 43235s
 70444034 4681615 4573.89513   92   36 4774.00000 4573.89513  4.19%  17.2 43240s
 70449399 4679820 4573.89513   81   33 4774.00000 4573.89513  4.19%  17.2 43245s
 70453657 4678536 infeasible   91      4774.00000 4573.89513  4.19%  17.2 43250s
 70457588 4677086 4573.89513   95   37 4774.00000 4573.89513  4.19%  17.2 43256s
 70461885 4675759 infeasible   96      4774.00000 4573.89513  4.19%  17.2 43261s
 70464727 4674700 infeasible   96      4774.00000 4573.89513  4.19%  17.2 43265s
 70467487 4673888 infeasible   92      4774.00000 4573.89513  4.19%  17.2 43270s
 70471970 4672397 4573.89513   97   37 4774.00000 4573.89513  4.19%  17.2 43276s
 70474807 4671345 infeasible  104      4774.00000 4573.89513  4.19%  17.2 43280s
 70479136 4669899 4573.89513   98   37 4774.00000 4573.89513  4.19%  17.2 43285s
 70483475 4668463 infeasible   99      4774.00000 4573.89513  4.19%  17.2 43291s
 70488102 4667041 infeasible  100      4774.00000 4573.89513  4.19%  17.2 43296s
 70490837 4666012 infeasible   96      4774.00000 4573.89513  4.19%  17.2 43300s
 70495124 4665098 4573.89513   98   37 4774.00000 4573.89513  4.19%  17.2 43305s
 70497248 4663973 infeasible  103      4774.00000 4573.89513  4.19%  17.2 43310s
 70501734 4662367 infeasible   99      4774.00000 4573.89513  4.19%  17.2 43315s
 70507609 4660536 4573.89513   83   34 4774.00000 4573.89513  4.19%  17.2 43321s
 70513335 4658640 4573.89513   99   37 4774.00000 4573.89513  4.19%  17.2 43325s
 70520055 4656302 infeasible   96      4774.00000 4573.89513  4.19%  17.2 43330s
 70523451 4655267 infeasible   86      4774.00000 4573.89513  4.19%  17.2 43335s
 70530406 4652834 4573.89513   97   37 4774.00000 4573.89513  4.19%  17.2 43340s
 70534662 4651701 infeasible   95      4774.00000 4573.89513  4.19%  17.2 43345s
 70539646 4649751 infeasible  101      4774.00000 4573.89513  4.19%  17.2 43350s
 70546859 4647466 infeasible   98      4774.00000 4573.89513  4.19%  17.2 43355s
 70553004 4645806 4573.89513   98   37 4774.00000 4573.89513  4.19%  17.2 43361s
 70556954 4643972 infeasible   94      4774.00000 4573.89513  4.19%  17.2 43365s
 70564173 4641590 4573.89513   97   37 4774.00000 4573.89513  4.19%  17.2 43370s
 70569431 4639938 4573.89513   82   36 4774.00000 4573.89513  4.19%  17.2 43375s
 70575110 4638044 infeasible   94      4774.00000 4573.89513  4.19%  17.2 43381s
 70577792 4637044 4573.89513  101   35 4774.00000 4573.89513  4.19%  17.2 43385s
 70581989 4635915 infeasible   88      4774.00000 4573.89513  4.19%  17.2 43391s
 70584690 4634692 4573.89513  101   37 4774.00000 4573.89513  4.19%  17.2 43395s
 70587980 4633770 infeasible  103      4774.00000 4573.89513  4.19%  17.2 43400s
 70592068 4632244 infeasible   93      4774.00000 4573.89513  4.19%  17.2 43406s
 70594950 4631436 infeasible   97      4774.00000 4573.89513  4.19%  17.2 43410s
 70599367 4629939 infeasible  101      4774.00000 4573.89513  4.19%  17.2 43416s
 70602255 4629008 infeasible  101      4774.00000 4573.89513  4.19%  17.2 43421s
 70606290 4627504 infeasible  100      4774.00000 4573.89513  4.19%  17.2 43426s
 70609519 4626566 4573.89513   96   37 4774.00000 4573.89513  4.19%  17.2 43430s
 70613935 4624973 4573.89513  100   37 4774.00000 4573.89513  4.19%  17.2 43435s
 70618291 4623529 infeasible   97      4774.00000 4573.89513  4.19%  17.2 43441s
 70621044 4622604 infeasible   98      4774.00000 4573.89513  4.19%  17.2 43445s
 70625708 4621182 infeasible   98      4774.00000 4573.89513  4.19%  17.2 43451s
 70628492 4620166 4573.89513  101   37 4774.00000 4573.89513  4.19%  17.2 43455s
 70632693 4619250 4573.89513   99   37 4774.00000 4573.89513  4.19%  17.2 43460s
 70634406 4618381 infeasible  100      4774.00000 4573.89513  4.19%  17.2 43465s
 70638339 4616811 infeasible   98      4774.00000 4573.89513  4.19%  17.2 43471s
 70642550 4615405 infeasible  103      4774.00000 4573.89513  4.19%  17.2 43475s
 70648156 4615246 4600.58564   63   34 4774.00000 4573.91015  4.19%  17.2 43480s
 70648229 4614657 4592.34859   60   25 4774.00000 4573.91015  4.19%  17.2 43485s
 70659495 4612506 infeasible  104      4774.00000 4573.92273  4.19%  17.2 43490s
 70665741 4610421 4573.92273  101   31 4774.00000 4573.92273  4.19%  17.2 43495s
 70672114 4608289 infeasible  104      4774.00000 4573.92273  4.19%  17.2 43501s
 70676940 4606853 infeasible  103      4774.00000 4573.92273  4.19%  17.2 43505s
 70686261 4604310 4573.92273  103   31 4774.00000 4573.92273  4.19%  17.2 43510s
 70692787 4602591 4573.92273  103   31 4774.00000 4573.92273  4.19%  17.2 43515s
 70700659 4600310 infeasible  103      4774.00000 4573.92273  4.19%  17.2 43520s
 70710542 4598117 4640.70344  107   21 4774.00000 4573.92273  4.19%  17.2 43525s
 70715194 4596772 4573.92273  102   31 4774.00000 4573.92273  4.19%  17.2 43530s
 70719595 4595454 4610.52128  104   30 4774.00000 4573.92273  4.19%  17.2 43535s
 70722949 4594242 infeasible  104      4774.00000 4573.92273  4.19%  17.2 43541s
 70727691 4593102 4573.92273  102   31 4774.00000 4573.92273  4.19%  17.2 43545s
 70735382 4591382 4610.52128  103   30 4774.00000 4573.92273  4.19%  17.2 43550s
 70742161 4589780 infeasible  105      4774.00000 4573.92958  4.19%  17.2 43555s
 70749300 4589084     cutoff   58      4774.00000 4573.93712  4.19%  17.2 43560s
 70751910 4588999 infeasible  105      4774.00000 4573.95122  4.19%  17.2 43565s
 70755989 4587151 4573.95770  104   30 4774.00000 4573.95770  4.19%  17.2 43571s
 70762584 4585031 4573.95770   99   30 4774.00000 4573.95770  4.19%  17.2 43575s
 70772395 4583368 4573.95770  104   30 4774.00000 4573.95770  4.19%  17.2 43580s
 70780534 4581010 4612.23255  104   29 4774.00000 4573.95770  4.19%  17.2 43585s
 70788619 4578846 4612.23255  105   29 4774.00000 4573.95770  4.19%  17.2 43590s
 70797523 4576927 4612.23255  105   29 4774.00000 4573.95770  4.19%  17.2 43595s
 70804472 4575202 4612.23255  105   29 4774.00000 4573.95770  4.19%  17.2 43600s
 70811171 4573529 4640.70344  105   22 4774.00000 4573.95770  4.19%  17.2 43605s
 70818794 4571452 infeasible  104      4774.00000 4573.95770  4.19%  17.2 43610s
 70826076 4570390 4629.88166   69   22 4774.00000 4573.95844  4.19%  17.2 43615s
 70832077 4569745 4573.99268  104   29 4774.00000 4573.98751  4.19%  17.2 43620s
 70840417 4568199 4605.45667   72   25 4774.00000 4573.99396  4.19%  17.2 43625s
 70846939 4568260 4646.14770   86   38 4774.00000 4574.01670  4.19%  17.2 43630s
 70857893 4568918 4595.90671   84   14 4774.00000 4574.01670  4.19%  17.2 43635s
 70867537 4569031     cutoff   82      4774.00000 4574.01947  4.19%  17.2 43640s
 70875870 4568514 4695.34588   65   59 4774.00000 4574.02338  4.19%  17.2 43645s
 70884710 4567793     cutoff   87      4774.00000 4574.03507  4.19%  17.2 43650s
 70890031 4567340 infeasible   55      4774.00000 4574.06667  4.19%  17.2 43655s
 70898705 4567008 4642.32728   72   42 4774.00000 4574.11700  4.19%  17.2 43660s
 70905913 4566637 4574.15925   67   37 4774.00000 4574.14413  4.19%  17.2 43665s
 70910642 4566167 4575.41903   66   46 4774.00000 4574.16669  4.19%  17.2 43676s
 70924199 4566072 infeasible   63      4774.00000 4574.20000  4.19%  17.2 43680s
 70932425 4566291 4608.42010   48  142 4774.00000 4574.22371  4.18%  17.2 43685s
 70938280 4566197 4584.85096   59   32 4774.00000 4574.24371  4.18%  17.2 43690s
 70943718 4566048 infeasible   43      4774.00000 4574.26317  4.18%  17.2 43695s
 70950465 4565506 infeasible   69      4774.00000 4574.30266  4.18%  17.2 43700s
 70959064 4565052     cutoff   66      4774.00000 4574.34386  4.18%  17.2 43705s
 70965008 4564542 4599.60919   70   45 4774.00000 4574.36920  4.18%  17.2 43710s
 70973101 4564075 infeasible   47      4774.00000 4574.40750  4.18%  17.2 43715s
 70981607 4563779 4574.41223   63   38 4774.00000 4574.41223  4.18%  17.2 43720s
 70989755 4563559 infeasible   72      4774.00000 4574.41223  4.18%  17.2 43725s
 70998794 4563451 infeasible   71      4774.00000 4574.44005  4.18%  17.2 43730s
 71004281 4563088     cutoff   63      4774.00000 4574.47057  4.18%  17.2 43735s
 71010600 4562860     cutoff   73      4774.00000 4574.49329  4.18%  17.2 43740s
 71019951 4562679 4596.38928   49  102 4774.00000 4574.50000  4.18%  17.2 43745s
 71026955 4562108 4659.39605   68   31 4774.00000 4574.53381  4.18%  17.2 43750s
 71034149 4561525 4574.58409   65   56 4774.00000 4574.57030  4.18%  17.2 43755s
 71041698 4561198 4637.93332   64   29 4774.00000 4574.62931  4.18%  17.2 43760s
 71049368 4561100 4730.70339   82   49 4774.00000 4574.66337  4.18%  17.2 43765s
 71058230 4561458 4697.40634   78   54 4774.00000 4574.66337  4.18%  17.2 43770s
 71062293 4561771 4648.17980   74   42 4774.00000 4574.66337  4.18%  17.2 43775s
 71070614 4562275     cutoff   77      4774.00000 4574.66337  4.18%  17.2 43780s
 71080168 4562759     cutoff   78      4774.00000 4574.66337  4.18%  17.2 43785s
 71088894 4563286     cutoff   76      4774.00000 4574.66337  4.18%  17.2 43790s
 71097613 4563843 4631.67912   81   53 4774.00000 4574.66420  4.18%  17.2 43795s
 71106455 4564539 4609.48563   81   47 4774.00000 4574.66420  4.18%  17.2 43800s
 71113734 4564570     cutoff   55      4774.00000 4574.67339  4.18%  17.2 43805s
 71120696 4564303     cutoff   56      4774.00000 4574.70425  4.17%  17.2 43810s
 71127855 4564059 infeasible   81      4774.00000 4574.73832  4.17%  17.2 43815s
 71135083 4563502 4644.36522   86   26 4774.00000 4574.76667  4.17%  17.2 43820s
 71141792 4563236     cutoff   60      4774.00000 4574.79798  4.17%  17.2 43825s
 71148570 4563025 4579.20761   52   86 4774.00000 4574.84038  4.17%  17.2 43830s
 71155569 4563046 4583.25963   75   45 4774.00000 4574.86108  4.17%  17.2 43835s
 71162801 4562736     cutoff   64      4774.00000 4574.88606  4.17%  17.2 43840s
 71169832 4562201     cutoff   71      4774.00000 4574.93382  4.17%  17.2 43845s
 71176768 4561932 infeasible   69      4774.00000 4574.97260  4.17%  17.2 43850s
 71182260 4561696 4643.30556   53   76 4774.00000 4575.00000  4.17%  17.2 43855s
 71186762 4560542     cutoff   78      4774.00000 4575.00919  4.17%  17.2 43860s
 71192270 4560802     cutoff   80      4774.00000 4575.02319  4.17%  17.2 43865s
 71202001 4561332     cutoff   77      4774.00000 4575.02718  4.17%  17.2 43870s
 71211379 4561805     cutoff   80      4774.00000 4575.02718  4.17%  17.2 43875s
 71219129 4562123 infeasible   81      4774.00000 4575.02718  4.17%  17.2 43880s
 71227236 4562678 4657.04199   68   53 4774.00000 4575.02718  4.17%  17.2 43885s
 71236922 4563346 infeasible   79      4774.00000 4575.02718  4.17%  17.2 43890s
 71246295 4563930 4581.09788   80   48 4774.00000 4575.02718  4.17%  17.2 43895s
 71255212 4564516 4581.10161   73   47 4774.00000 4575.02718  4.17%  17.2 43900s
 71265362 4565214 4589.76262   68   54 4774.00000 4575.02800  4.17%  17.2 43905s
 71274337 4565491 4697.53366   70   55 4774.00000 4575.02800  4.17%  17.2 43910s
 71282239 4565803 4703.49940   63   26 4774.00000 4575.05194  4.17%  17.2 43915s
 71291292 4565501 4645.37956   72   42 4774.00000 4575.08961  4.17%  17.2 43920s
 71298312 4565519 4665.32184  104   14 4774.00000 4575.11321  4.17%  17.2 43925s
 71304670 4564903     cutoff   47      4774.00000 4575.15593  4.17%  17.2 43930s
 71311547 4564367 infeasible   54      4774.00000 4575.20704  4.16%  17.2 43935s
 71319257 4565680     cutoff   38      4774.00000 4575.22785  4.16%  17.2 43940s
 71325520 4565155     cutoff   78      4774.00000 4575.27271  4.16%  17.2 43945s
 71333306 4564967 4618.03269   52  145 4774.00000 4575.28162  4.16%  17.2 43950s
 71339632 4564193 4599.00000   59   15 4774.00000 4575.33292  4.16%  17.2 43955s
 71343543 4564129 4608.28006   82   25 4774.00000 4575.35395  4.16%  17.2 43960s
 71348232 4563752 4625.38436   67   18 4774.00000 4575.37500  4.16%  17.2 43965s
 71356216 4563611 4670.05400   63   20 4774.00000 4575.42642  4.16%  17.2 43970s
 71362915 4562878     cutoff   47      4774.00000 4575.44040  4.16%  17.2 43975s
 71372598 4563623 4625.45037   70   16 4774.00000 4575.44775  4.16%  17.2 43980s
 71379921 4563588 infeasible   73      4774.00000 4575.48150  4.16%  17.2 43985s
 71386954 4563528     cutoff   97      4774.00000 4575.50130  4.16%  17.2 43990s
 71393829 4562062 4633.92731   72   30 4774.00000 4575.52545  4.16%  17.2 43995s
 71401011 4561790     cutoff   61      4774.00000 4575.55195  4.16%  17.2 44000s
 71407938 4560872 4697.36933   48    5 4774.00000 4575.62110  4.16%  17.2 44005s
 71415283 4561137 4621.64391   79   44 4774.00000 4575.64193  4.15%  17.2 44010s
 71423330 4560616 4646.73314   75   43 4774.00000 4575.66683  4.15%  17.2 44015s
 71430056 4560291 4595.83848   64   78 4774.00000 4575.71235  4.15%  17.2 44020s
 71438708 4560200 4578.54637   51   60 4774.00000 4575.75123  4.15%  17.2 44025s
 71445708 4560237     cutoff   73      4774.00000 4575.80000  4.15%  17.2 44030s
 71453310 4560128 infeasible   69      4774.00000 4575.80626  4.15%  17.2 44035s
 71463264 4561314 4669.82940   70   23 4774.00000 4575.82704  4.15%  17.2 44040s
 71469994 4561239 4653.96667   78   16 4774.00000 4575.85313  4.15%  17.2 44045s
 71479115 4558361 4718.28978   80   24 4774.00000 4575.88378  4.15%  17.2 44050s
 71486539 4558692 4576.00675   58   55 4774.00000 4575.90562  4.15%  17.2 44055s
 71491603 4558716     cutoff   69      4774.00000 4575.91884  4.15%  17.2 44061s
 71494239 4558773     cutoff   67      4774.00000 4575.92880  4.15%  17.2 44065s
 71500385 4558748 4575.99926   75   42 4774.00000 4575.97096  4.15%  17.2 44070s
 71507712 4558585     cutoff   48      4774.00000 4576.00000  4.15%  17.2 44075s
 71513372 4558726 infeasible   71      4774.00000 4576.00311  4.15%  17.2 44080s
 71520913 4558697     cutoff   65      4774.00000 4576.03100  4.15%  17.2 44085s
 71527184 4558692 4576.06403   80   45 4774.00000 4576.04496  4.15%  17.2 44090s
 71537689 4559202 4610.83562   89   40 4774.00000 4576.06403  4.15%  17.2 44095s
 71545472 4559270 4576.10081   79   27 4774.00000 4576.08875  4.15%  17.2 44100s
 71553131 4560152 infeasible   82      4774.00000 4576.10081  4.15%  17.2 44105s
 71561439 4560898 infeasible   54      4774.00000 4576.10081  4.15%  17.2 44110s
 71567377 4561148 4629.66692   60  103 4774.00000 4576.11700  4.15%  17.2 44115s
 71576185 4562096 4673.04167   71   19 4774.00000 4576.12364  4.14%  17.2 44120s
 71582042 4562128 4691.44032   52   64 4774.00000 4576.13875  4.14%  17.2 44125s
 71588929 4561638     cutoff   63      4774.00000 4576.18145  4.14%  17.2 44130s
 71595825 4561611 4647.34302   75   41 4774.00000 4576.20503  4.14%  17.2 44135s
 71602083 4560887 4588.41158   60   41 4774.00000 4576.25052  4.14%  17.2 44140s
 71609824 4560493 4591.31650   62   27 4774.00000 4576.30024  4.14%  17.2 44145s
 71616255 4559983 infeasible   73      4774.00000 4576.34083  4.14%  17.2 44150s
 71624784 4560047 4576.37384   72   57 4774.00000 4576.36129  4.14%  17.2 44155s
 71632588 4560000 4601.25000   73    8 4774.00000 4576.39190  4.14%  17.2 44160s
 71639396 4559769 4583.07069   55  159 4774.00000 4576.41667  4.14%  17.2 44165s
 71647050 4559574 4576.48124   54   49 4774.00000 4576.46528  4.14%  17.2 44170s
 71654354 4559228     cutoff   66      4774.00000 4576.48900  4.14%  17.2 44175s
 71659194 4558956 infeasible   71      4774.00000 4576.52575  4.14%  17.2 44180s
 71666416 4558622 infeasible   46      4774.00000 4576.54585  4.14%  17.2 44185s
 71675324 4558220 infeasible   54      4774.00000 4576.58440  4.14%  17.2 44190s
 71682724 4557826     cutoff   58      4774.00000 4576.63171  4.13%  17.2 44195s
 71694121 4559290     cutoff   65      4774.00000 4576.65019  4.13%  17.2 44200s
 71701740 4559111 4585.04685   48  103 4774.00000 4576.68138  4.13%  17.2 44205s
 71708629 4558796 4576.73333   58    9 4774.00000 4576.72633  4.13%  17.2 44210s
 71716145 4558079     cutoff   77      4774.00000 4576.78333  4.13%  17.2 44215s
 71722181 4557724 4607.33887   72   26 4774.00000 4576.82836  4.13%  17.2 44220s
 71728472 4557150 4746.56413   54  124 4774.00000 4576.86990  4.13%  17.2 44225s
 71736407 4555615     cutoff   85      4774.00000 4576.90997  4.13%  17.2 44231s
 71742296 4555089 4621.77512   60   93 4774.00000 4576.91142  4.13%  17.2 44235s
 71749979 4554434 4679.29364   57   62 4774.00000 4576.95082  4.13%  17.2 44240s
 71757751 4553978 infeasible   74      4774.00000 4576.98222  4.13%  17.2 44245s
 71765687 4553618     cutoff   79      4774.00000 4576.99946  4.13%  17.2 44251s
 71767111 4552960     cutoff   85      4774.00000 4576.99946  4.13%  17.2 44255s
 71775168 4552486 infeasible   78      4774.00000 4577.00528  4.13%  17.2 44260s
 71787411 4551996 infeasible   72      4774.00000 4577.00528  4.13%  17.2 44265s
 71794616 4551408     cutoff   80      4774.00000 4577.04641  4.13%  17.2 44270s
 71802105 4550545     cutoff   74      4774.00000 4577.08333  4.12%  17.2 44275s
 71809885 4549150     cutoff   70      4774.00000 4577.12002  4.12%  17.2 44280s
 71815200 4548801     cutoff   71      4774.00000 4577.15947  4.12%  17.2 44285s
 71824328 4548745 4621.36379   83   31 4774.00000 4577.18473  4.12%  17.2 44290s
 71832919 4548447 4577.23272   58   39 4774.00000 4577.21734  4.12%  17.2 44295s
 71841520 4548147 infeasible   82      4774.00000 4577.26552  4.12%  17.2 44300s
 71849751 4548140 4593.39450   68   17 4774.00000 4577.28932  4.12%  17.2 44305s
 71857198 4547779 4584.07523   70   43 4774.00000 4577.33106  4.12%  17.2 44310s
 71864783 4547577 4579.79157   57   49 4774.00000 4577.36546  4.12%  17.2 44315s
 71873758 4547768 4672.91372   75   36 4774.00000 4577.37849  4.12%  17.2 44320s
 71879870 4547511 infeasible   75      4774.00000 4577.39649  4.12%  17.2 44325s
 71887810 4546915 4696.09163   76   55 4774.00000 4577.42059  4.12%  17.2 44330s
 71898732 4546052 infeasible   78      4774.00000 4577.42059  4.12%  17.2 44335s
 71908282 4545243 infeasible   93      4774.00000 4577.44208  4.12%  17.2 44340s
 71915992 4545394 4578.07531   58   41 4774.00000 4577.47447  4.12%  17.2 44345s
 71924478 4545189     cutoff   58      4774.00000 4577.51580  4.12%  17.2 44350s
 71931469 4545031 infeasible   74      4774.00000 4577.55864  4.11%  17.2 44356s
 71931949 4545048 4577.57282   59   42 4774.00000 4577.55864  4.11%  17.2 44360s
 71939615 4545265 4680.43531   71   27 4774.00000 4577.57261  4.11%  17.2 44365s
 71946647 4544474     cutoff   74      4774.00000 4577.61546  4.11%  17.2 44370s
 71953789 4543547 infeasible   68      4774.00000 4577.63841  4.11%  17.2 44375s
 71962468 4543325     cutoff   64      4774.00000 4577.65853  4.11%  17.2 44380s
 71968488 4542857     cutoff   66      4774.00000 4577.70155  4.11%  17.2 44385s
 71975791 4541927 infeasible   67      4774.00000 4577.75351  4.11%  17.2 44390s
 71983141 4541702 infeasible   69      4774.00000 4577.76441  4.11%  17.2 44395s
 71991019 4541870 4597.33389   68   36 4774.00000 4577.77698  4.11%  17.2 44400s
 71997835 4541921 4577.81722   69   50 4774.00000 4577.80887  4.11%  17.2 44405s
 72008062 4542529     cutoff   78      4774.00000 4577.81722  4.11%  17.2 44410s
 72016766 4542396     cutoff   58      4774.00000 4577.84119  4.11%  17.2 44415s
 72024985 4542355 4595.53391   68   19 4774.00000 4577.85110  4.11%  17.2 44420s
 72032435 4542718     cutoff   80      4774.00000 4577.85110  4.11%  17.2 44425s
 72040799 4543021     cutoff   69      4774.00000 4577.85110  4.11%  17.2 44430s
 72049150 4541051     cutoff  106      4774.00000 4577.86272  4.11%  17.2 44435s
 72058482 4539289 infeasible   71      4774.00000 4577.87108  4.11%  17.2 44440s
 72066696 4539296 4671.44028   70   29 4774.00000 4577.87108  4.11%  17.2 44445s
 72074496 4538688 4583.24138   68   13 4774.00000 4577.90172  4.11%  17.2 44450s
 72083165 4538173 4603.84293   82   36 4774.00000 4577.93333  4.11%  17.2 44455s
 72089491 4537679     cutoff   59      4774.00000 4577.99537  4.11%  17.2 44460s
 72097231 4537150     cutoff   60      4774.00000 4578.02692  4.11%  17.2 44465s
 72103020 4536558     cutoff   58      4774.00000 4578.06516  4.10%  17.2 44470s
 72111212 4536593 4696.64434   68   35 4774.00000 4578.08915  4.10%  17.2 44475s
 72118215 4536482 infeasible   68      4774.00000 4578.12660  4.10%  17.2 44480s
 72125939 4536161 4604.67852   73   23 4774.00000 4578.18333  4.10%  17.2 44485s
 72133157 4536015 infeasible   72      4774.00000 4578.21533  4.10%  17.2 44490s
 72137942 4534982     cutoff   98      4774.00000 4578.24987  4.10%  17.2 44495s
 72146656 4533419     cutoff   93      4774.00000 4578.24987  4.10%  17.2 44500s
 72153634 4532061     cutoff  100      4774.00000 4578.24987  4.10%  17.2 44505s
 72159687 4530894 4646.95054   99   30 4774.00000 4578.24987  4.10%  17.2 44510s
 72167972 4529276     cutoff   89      4774.00000 4578.24987  4.10%  17.2 44515s
 72174208 4528038 4578.24987   80   31 4774.00000 4578.24987  4.10%  17.2 44520s
 72181294 4526906 4579.15315   49   34 4774.00000 4578.25000  4.10%  17.2 44525s
 72187250 4526302 4580.84748   39  140 4774.00000 4578.27566  4.10%  17.2 44530s
 72196043 4526164     cutoff   73      4774.00000 4578.33250  4.10%  17.2 44535s
 72200376 4525978 infeasible   64      4774.00000 4578.35135  4.10%  17.2 44540s
 72208600 4525784     cutoff   71      4774.00000 4578.41699  4.10%  17.2 44545s
 72216217 4525559     cutoff   57      4774.00000 4578.46667  4.10%  17.2 44550s
 72225140 4525462 infeasible   74      4774.00000 4578.50289  4.10%  17.2 44555s
 72234720 4525293 4593.74893   70   50 4774.00000 4578.52750  4.09%  17.2 44560s
 72239452 4525146     cutoff   64      4774.00000 4578.54814  4.09%  17.2 44565s
 72244563 4524797 4718.70610   82   38 4774.00000 4578.58899  4.09%  17.2 44570s
 72252246 4525100     cutoff   69      4774.00000 4578.58899  4.09%  17.2 44575s
 72261374 4525339 infeasible   73      4774.00000 4578.58908  4.09%  17.2 44580s
 72267438 4525150     cutoff   73      4774.00000 4578.60799  4.09%  17.2 44585s
 72276900 4525584 4592.56007   64  100 4774.00000 4578.62318  4.09%  17.2 44590s
 72285043 4525282 4585.97596   65   54 4774.00000 4578.66033  4.09%  17.2 44595s
 72291851 4525032     cutoff   74      4774.00000 4578.69441  4.09%  17.2 44600s
 72299373 4524790 4597.61188   56  107 4774.00000 4578.73675  4.09%  17.2 44605s
 72305456 4524729 4645.59668   66   35 4774.00000 4578.76504  4.09%  17.2 44610s
 72313000 4523799 4581.68551   66   64 4774.00000 4578.81961  4.09%  17.2 44615s
 72320989 4523134     cutoff   69      4774.00000 4578.88130  4.09%  17.2 44620s
 72328258 4522328 4604.64993   87   26 4774.00000 4578.93111  4.09%  17.2 44625s
 72332255 4522170 4669.03187   74   31 4774.00000 4578.95552  4.09%  17.2 44630s
 72338746 4521781 infeasible   71      4774.00000 4578.95688  4.09%  17.2 44636s
 72346133 4521169 infeasible   56      4774.00000 4578.98198  4.09%  17.2 44640s
 72351975 4521256     cutoff   75      4774.00000 4579.00000  4.08%  17.2 44645s
 72356086 4521189 4582.84606   55   22 4774.00000 4579.00000  4.08%  17.2 44650s
 72360886 4521224 4581.30488   44   52 4774.00000 4579.00000  4.08%  17.2 44656s
 72364460 4521289 4680.12750   42   14 4774.00000 4579.00000  4.08%  17.2 44660s
 72369855 4521324 infeasible   55      4774.00000 4579.00000  4.08%  17.2 44665s
 72374491 4521445 4746.09208   53   92 4774.00000 4579.00000  4.08%  17.2 44670s
 72380001 4521485 4590.50685   62  116 4774.00000 4579.01048  4.08%  17.2 44676s
 72384262 4521345 4583.64967   49   12 4774.00000 4579.02028  4.08%  17.2 44680s
 72389915 4521188 4653.48375   71   39 4774.00000 4579.03100  4.08%  17.2 44685s
 72395307 4521051 4584.62376   48   24 4774.00000 4579.04287  4.08%  17.2 44690s
 72400455 4520937 4692.82653   52   82 4774.00000 4579.05400  4.08%  17.2 44695s
 72406342 4520817 infeasible   78      4774.00000 4579.06827  4.08%  17.2 44700s
 72410991 4520959 infeasible   62      4774.00000 4579.07726  4.08%  17.2 44705s
 72421398 4520427 4740.84054   68   10 4774.00000 4579.08600  4.08%  17.2 44710s
 72426140 4520313     cutoff   60      4774.00000 4579.10042  4.08%  17.2 44715s
 72432536 4520396 4582.22220   53   81 4774.00000 4579.11578  4.08%  17.2 44720s
 72438701 4520374 infeasible   70      4774.00000 4579.13477  4.08%  17.2 44725s
 72441367 4520399 4589.71850   54   11 4774.00000 4579.14510  4.08%  17.2 44730s
 72446149 4520134     cutoff   69      4774.00000 4579.16506  4.08%  17.2 44735s
 72453335 4519975 4580.76906   59   21 4774.00000 4579.18545  4.08%  17.2 44740s
 72460001 4520062 4704.08221   54   62 4774.00000 4579.21087  4.08%  17.2 44745s
 72468602 4519867 4584.09833   46  124 4774.00000 4579.23200  4.08%  17.2 44750s
 72475296 4520283 4666.02238   63   46 4774.00000 4579.24821  4.08%  17.2 44755s
 72484724 4522447 4603.81583   69   13 4774.00000 4579.25448  4.08%  17.2 44760s
 72492382 4522251 4579.28016   58   46 4774.00000 4579.27534  4.08%  17.2 44765s
 72500623 4522143 4705.25034   53  115 4774.00000 4579.29777  4.08%  17.2 44770s
 72506648 4521543 infeasible   52      4774.00000 4579.33533  4.08%  17.2 44775s
 72513268 4520940 4579.45249   59   42 4774.00000 4579.37167  4.08%  17.2 44780s
 72520770 4520463 infeasible   70      4774.00000 4579.38046  4.08%  17.2 44785s
 72525935 4519930     cutoff   63      4774.00000 4579.40515  4.08%  17.2 44790s
 72534174 4519411 4618.94982   76   30 4774.00000 4579.42090  4.08%  17.2 44795s
 72540910 4518998 4582.97480   63   31 4774.00000 4579.44420  4.08%  17.2 44800s
 72548634 4517591     cutoff   75      4774.00000 4579.45896  4.08%  17.2 44805s
 72554989 4516850 4604.90517   76   23 4774.00000 4579.49737  4.07%  17.2 44810s
 72561299 4516726 4627.32207   71   29 4774.00000 4579.53099  4.07%  17.2 44815s
 72568082 4516482 4632.05400   67   12 4774.00000 4579.56422  4.07%  17.2 44820s
 72578456 4516165 4639.46452   73   38 4774.00000 4579.58598  4.07%  17.2 44825s
 72585043 4516075     cutoff   82      4774.00000 4579.58598  4.07%  17.2 44830s
 72594829 4515860 infeasible   73      4774.00000 4579.58598  4.07%  17.2 44835s
 72603491 4515720 infeasible   74      4774.00000 4579.58598  4.07%  17.2 44840s
 72612621 4515589 infeasible   75      4774.00000 4579.58598  4.07%  17.2 44845s
 72622023 4515499 infeasible   76      4774.00000 4579.58598  4.07%  17.2 44850s
 72631118 4515470 4579.58598   69   48 4774.00000 4579.58598  4.07%  17.2 44855s
 72638650 4514565 infeasible   81      4774.00000 4579.59524  4.07%  17.2 44860s
 72651178 4514099 4579.59765   72   48 4774.00000 4579.59765  4.07%  17.2 44865s
 72658151 4514140     cutoff   76      4774.00000 4579.59765  4.07%  17.2 44874s
 72658711 4514140 4579.59765   67   48 4774.00000 4579.59765  4.07%  17.2 44875s
 72674884 4513805 4679.15279   83   37 4774.00000 4579.60690  4.07%  17.2 44880s
 72684551 4513344 4659.26404   82   36 4774.00000 4579.61856  4.07%  17.2 44885s
 72694092 4513000 infeasible   38      4774.00000 4579.62396  4.07%  17.2 44890s
 72701914 4512387     cutoff   78      4774.00000 4579.66618  4.07%  17.2 44895s
 72708647 4511903 4579.71104   66   49 4774.00000 4579.70449  4.07%  17.2 44900s
 72717905 4511195     cutoff   75      4774.00000 4579.71104  4.07%  17.2 44905s
 72727315 4510354     cutoff   67      4774.00000 4579.71104  4.07%  17.2 44910s
 72736150 4509481 infeasible   76      4774.00000 4579.71104  4.07%  17.2 44915s
 72745164 4508602 infeasible   75      4774.00000 4579.71104  4.07%  17.2 44920s
 72752868 4507992     cutoff   69      4774.00000 4579.71104  4.07%  17.2 44925s
 72756718 4507838     cutoff   67      4774.00000 4579.71334  4.07%  17.2 44930s
 72763174 4504510 4702.78287   78   34 4774.00000 4579.72024  4.07%  17.2 44935s
 72768164 4504074 infeasible   67      4774.00000 4579.72230  4.07%  17.2 44940s
 72776390 4503587     cutoff   73      4774.00000 4579.72271  4.07%  17.2 44945s
 72786186 4502710     cutoff   67      4774.00000 4579.72271  4.07%  17.2 44950s
 72794011 4502124 4634.05093   67   52 4774.00000 4579.72316  4.07%  17.2 44955s
 72805017 4499815     cutoff   82      4774.00000 4579.73134  4.07%  17.2 44960s
 72814202 4498071 4720.87689   80   32 4774.00000 4579.74356  4.07%  17.2 44965s
 72822453 4496221 4579.78028   70   37 4774.00000 4579.75848  4.07%  17.2 44970s
 72832855 4496928     cutoff   77      4774.00000 4579.78028  4.07%  17.2 44975s
 72841489 4496991 4579.83003   68   44 4774.00000 4579.79612  4.07%  17.2 44980s
 72846885 4497339 infeasible   59      4774.00000 4579.81044  4.07%  17.2 44985s
 72854636 4496572 4580.65165   72   47 4774.00000 4579.83948  4.07%  17.2 44990s
 72864803 4496235 4580.65165   78   47 4774.00000 4579.84422  4.07%  17.2 44995s
 72872212 4495389     cutoff   74      4774.00000 4579.85016  4.07%  17.2 45000s
 72879888 4495507 infeasible   82      4774.00000 4579.86088  4.07%  17.2 45005s
 72887016 4495159 4598.14915   69   45 4774.00000 4579.89413  4.07%  17.2 45010s
 72894204 4495173     cutoff   62      4774.00000 4579.91911  4.07%  17.2 45015s
 72901823 4494763     cutoff   39      4774.00000 4579.96970  4.06%  17.2 45020s
 72908446 4494578 infeasible   60      4774.00000 4580.00000  4.06%  17.2 45025s
 72915330 4494249 4580.03211   70   46 4774.00000 4580.02670  4.06%  17.2 45030s
 72917719 4494011 infeasible   61      4774.00000 4580.04212  4.06%  17.2 45035s
 72924045 4493247 4693.29084   68   49 4774.00000 4580.08157  4.06%  17.2 45040s
 72931657 4492854 4634.01214   59  103 4774.00000 4580.08667  4.06%  17.2 45045s
 72939806 4491167 4594.33962   55   80 4774.00000 4580.13333  4.06%  17.2 45050s
 72946547 4490884 infeasible   73      4774.00000 4580.16108  4.06%  17.2 45055s
 72954202 4490277 4582.25470   59   41 4774.00000 4580.20000  4.06%  17.2 45060s
 72959789 4489981 4584.48919   63   51 4774.00000 4580.22884  4.06%  17.2 45065s
 72967766 4489636     cutoff   81      4774.00000 4580.23396  4.06%  17.2 45070s
 72975613 4489314     cutoff   80      4774.00000 4580.23726  4.06%  17.2 45075s
 72983316 4489052 infeasible   65      4774.00000 4580.25309  4.06%  17.2 45080s
 72990068 4488400 4581.90739   59   19 4774.00000 4580.28448  4.06%  17.2 45085s
 72998151 4487878 4614.58586   78   33 4774.00000 4580.33044  4.06%  17.2 45090s
 73005920 4487241     cutoff   67      4774.00000 4580.36667  4.06%  17.2 45095s
 73012531 4486785 infeasible   62      4774.00000 4580.40665  4.06%  17.2 45100s
 73018711 4486269     cutoff   80      4774.00000 4580.43691  4.05%  17.2 45105s
 73026558 4485792 4610.40601   64   36 4774.00000 4580.47838  4.05%  17.2 45110s
 73033013 4485096 infeasible   68      4774.00000 4580.51515  4.05%  17.2 45115s
 73041553 4484438 4682.96420   64   39 4774.00000 4580.51540  4.05%  17.2 45120s
 73051250 4483674 4661.96065   73   45 4774.00000 4580.51540  4.05%  17.2 45125s
 73059368 4483047 4652.79242   71   37 4774.00000 4580.52246  4.05%  17.2 45130s
 73065894 4482390 infeasible   77      4774.00000 4580.52425  4.05%  17.2 45135s
 73070825 4481940 4661.97559   71   45 4774.00000 4580.52706  4.05%  17.2 45140s
 73076017 4481252 4580.54297   77   46 4774.00000 4580.52706  4.05%  17.2 45145s
 73082315 4480647 4702.72257   77   35 4774.00000 4580.53540  4.05%  17.2 45150s
 73091312 4479275 infeasible   79      4774.00000 4580.55923  4.05%  17.2 45155s
 73098385 4479045 4610.50373   68   53 4774.00000 4580.59420  4.05%  17.2 45160s
 73105967 4478657 4648.89928   78   59 4774.00000 4580.61569  4.05%  17.2 45165s
 73112883 4478153 4593.77001   75   54 4774.00000 4580.64835  4.05%  17.2 45170s
 73119809 4477126 4609.56073   55   71 4774.00000 4580.68368  4.05%  17.2 45175s
 73126414 4476871 4711.88503   59   93 4774.00000 4580.71661  4.05%  17.2 45180s
 73133067 4475887     cutoff   88      4774.00000 4580.74774  4.05%  17.2 45185s
 73139033 4475600     cutoff   57      4774.00000 4580.77044  4.05%  17.2 45190s
 73146366 4475264 infeasible   64      4774.00000 4580.80937  4.05%  17.2 45195s
 73153621 4474883 4679.12244   49   71 4774.00000 4580.83224  4.05%  17.2 45200s
 73161404 4474144 infeasible   68      4774.00000 4580.87587  4.05%  17.2 45205s
 73167847 4473355 4601.24769   69   42 4774.00000 4580.90000  4.04%  17.2 45210s
 73174082 4472736 infeasible   99      4774.00000 4580.94489  4.04%  17.2 45215s
 73182201 4472150 4680.11716   60   23 4774.00000 4580.98723  4.04%  17.2 45220s
 73189474 4471144 4581.51508   86   31 4774.00000 4581.00168  4.04%  17.2 45225s
 73195251 4470106 4581.51508   76   31 4774.00000 4581.00168  4.04%  17.2 45230s
 73202680 4468547     cutoff   88      4774.00000 4581.00363  4.04%  17.2 45236s
 73208373 4467771 4600.79746   52   84 4774.00000 4581.04735  4.04%  17.2 45240s
 73215407 4467126     cutoff   74      4774.00000 4581.09788  4.04%  17.2 45245s
 73222141 4466330 4650.19186   77   30 4774.00000 4581.11027  4.04%  17.2 45250s
 73226178 4465463     cutoff   76      4774.00000 4581.11027  4.04%  17.2 45256s
 73231135 4464833 4581.15180   67   31 4774.00000 4581.13935  4.04%  17.2 45260s
 73242076 4463140 infeasible   53      4774.00000 4581.16258  4.04%  17.2 45265s
 73248494 4462586     cutoff   62      4774.00000 4581.20650  4.04%  17.2 45270s
 73254280 4461933 4650.19186   74   30 4774.00000 4581.24791  4.04%  17.2 45275s
 73260798 4461305 4625.95581   67   49 4774.00000 4581.29000  4.04%  17.2 45280s
 73268807 4460553 4592.98319   64   70 4774.00000 4581.33387  4.04%  17.2 45285s
 73276007 4459900 infeasible   64      4774.00000 4581.37089  4.03%  17.2 45290s
 73284179 4459058 4655.02384   48  136 4774.00000 4581.40733  4.03%  17.2 45295s
 73292162 4458328 infeasible   62      4774.00000 4581.46290  4.03%  17.2 45300s
 73300740 4457988 4686.16437   56  101 4774.00000 4581.50811  4.03%  17.2 45305s
 73307348 4456616 4650.08085   85   30 4774.00000 4581.51508  4.03%  17.2 45310s
 73312916 4455523 infeasible   88      4774.00000 4581.51508  4.03%  17.2 45315s
 73319550 4454212     cutoff   90      4774.00000 4581.51508  4.03%  17.2 45320s
 73327044 4452725     cutoff   80      4774.00000 4581.51508  4.03%  17.2 45325s
 73334132 4451302     cutoff   86      4774.00000 4581.51508  4.03%  17.2 45331s
 73340574 4450030 4650.08085   72   30 4774.00000 4581.51508  4.03%  17.2 45335s
 73346388 4448853 4581.51508   80   31 4774.00000 4581.51508  4.03%  17.2 45340s
 73354338 4447274 4581.51508   88   31 4774.00000 4581.51508  4.03%  17.2 45345s
 73359661 4446240     cutoff   81      4774.00000 4581.51508  4.03%  17.2 45350s
 73365840 4444978 4650.08085   69   30 4774.00000 4581.51508  4.03%  17.2 45355s
 73373638 4443430     cutoff   79      4774.00000 4581.51508  4.03%  17.2 45360s
 73379757 4442211     cutoff   72      4774.00000 4581.51508  4.03%  17.2 45365s
 73387179 4440954     cutoff   69      4774.00000 4581.51508  4.03%  17.2 45370s
 73392331 4439701 infeasible   79      4774.00000 4581.51508  4.03%  17.2 45375s
 73400342 4438603 4647.81639   63   54 4774.00000 4581.54018  4.03%  17.2 45380s
 73406947 4437870 infeasible   67      4774.00000 4581.58360  4.03%  17.2 45385s
 73411551 4436913     cutoff   92      4774.00000 4581.61598  4.03%  17.2 45390s
 73415171 4436290 4650.19186   84   30 4774.00000 4581.62607  4.03%  17.2 45395s
 73421669 4435103 4581.62607   92   31 4774.00000 4581.62607  4.03%  17.2 45400s
 73428754 4433687     cutoff   76      4774.00000 4581.62607  4.03%  17.2 45405s
 73436930 4432095 4581.62607   85   31 4774.00000 4581.62607  4.03%  17.2 45410s
 73443235 4430828     cutoff   89      4774.00000 4581.62607  4.03%  17.2 45415s
 73450013 4429505     cutoff   84      4774.00000 4581.62607  4.03%  17.2 45420s
 73456124 4428275     cutoff   79      4774.00000 4581.62607  4.03%  17.2 45425s
 73463336 4427807     cutoff   46      4774.00000 4581.66388  4.03%  17.2 45430s
 73470440 4427375     cutoff   70      4774.00000 4581.70185  4.03%  17.2 45435s
 73477053 4427189 4581.75253   64   55 4774.00000 4581.73867  4.03%  17.2 45440s
 73484392 4426174 4640.17707   74   10 4774.00000 4581.78326  4.03%  17.2 45445s
 73492429 4425965 4661.05336   69   35 4774.00000 4581.82765  4.03%  17.2 45450s
 73495127 4425994 infeasible   64      4774.00000 4581.83435  4.03%  17.2 45455s
 73502600 4425284 4669.81759   84   25 4774.00000 4581.88473  4.02%  17.2 45460s
 73508076 4425120     cutoff   58      4774.00000 4581.91495  4.02%  17.2 45465s
 73516860 4424448     cutoff   80      4774.00000 4581.94431  4.02%  17.2 45470s
 73525438 4422203     cutoff   84      4774.00000 4581.97339  4.02%  17.2 45475s
 73531581 4421510 infeasible   76      4774.00000 4581.98806  4.02%  17.2 45480s
 73543889 4420439 4648.18004   71   43 4774.00000 4581.99166  4.02%  17.2 45485s
 73551336 4419872 infeasible   61      4774.00000 4582.00000  4.02%  17.2 45490s
 73556262 4419860     cutoff   54      4774.00000 4582.00000  4.02%  17.2 45495s
 73558934 4419814 4589.30000   72   37 4774.00000 4582.00000  4.02%  17.2 45501s
 73560899 4419637 4589.21433   45   92 4774.00000 4582.00000  4.02%  17.2 45505s
 73565249 4419549 4594.62503   59  123 4774.00000 4582.00000  4.02%  17.2 45510s
 73569957 4419745 4625.70772   55   53 4774.00000 4582.00000  4.02%  17.2 45515s
 73577955 4421050 infeasible   73      4774.00000 4582.00000  4.02%  17.2 45520s
 73583248 4420952 infeasible   54      4774.00000 4582.00000  4.02%  17.2 45525s
 73587821 4420896     cutoff   55      4774.00000 4582.00000  4.02%  17.2 45530s
 73593473 4421238 4591.00000   72   36 4774.00000 4582.00000  4.02%  17.2 45535s
 73599939 4422766 infeasible   71      4774.00000 4582.00000  4.02%  17.2 45540s
 73606600 4423514     cutoff   75      4774.00000 4582.00550  4.02%  17.2 45545s
 73612197 4423101 infeasible   76      4774.00000 4582.01911  4.02%  17.2 45550s
 73618659 4422816 4658.53994   62   94 4774.00000 4582.03850  4.02%  17.2 45555s
 73624139 4422808 infeasible   44      4774.00000 4582.05200  4.02%  17.2 45560s
 73624163 4425020 4582.05225   61   12 4774.00000 4582.05225  4.02%  17.2 45570s
 73640116 4425562 infeasible   58      4774.00000 4582.06171  4.02%  17.2 45575s
 73646301 4425131 4585.19133   60   22 4774.00000 4582.08220  4.02%  17.2 45581s
 73651310 4424732 4590.11012   56   79 4774.00000 4582.11518  4.02%  17.2 45585s
 73654605 4424604 4696.43000   72   29 4774.00000 4582.12706  4.02%  17.2 45590s
 73660848 4425198 4688.25839   57   54 4774.00000 4582.13125  4.02%  17.2 45595s
 73666276 4425238 4583.10210   62   55 4774.00000 4582.15658  4.02%  17.2 45600s
 73675377 4425681     cutoff   65      4774.00000 4582.16615  4.02%  17.2 45605s
 73680400 4425717 infeasible   64      4774.00000 4582.18200  4.02%  17.2 45610s
 73687211 4425289 infeasible   59      4774.00000 4582.21481  4.02%  17.2 45615s
 73694429 4424914 infeasible   69      4774.00000 4582.24779  4.02%  17.2 45620s
 73703373 4426051 4586.01600   65   86 4774.00000 4582.26044  4.02%  17.2 45625s
 73710541 4426801 4594.13796   49   58 4774.00000 4582.26667  4.02%  17.2 45630s
 73718915 4427613     cutoff   57      4774.00000 4582.28580  4.02%  17.2 45635s
 73725904 4426386 infeasible   64      4774.00000 4582.31176  4.02%  17.2 45640s
 73732445 4426101     cutoff   67      4774.00000 4582.34140  4.01%  17.2 45645s
 73737654 4425464     cutoff   64      4774.00000 4582.37071  4.01%  17.2 45650s
 73745529 4424534 4609.84464   74   47 4774.00000 4582.40337  4.01%  17.2 45655s
 73756387 4423320 4702.61993   75   35 4774.00000 4582.40337  4.01%  17.2 45660s
 73764096 4422437     cutoff   70      4774.00000 4582.40695  4.01%  17.2 45665s
 73771305 4421274 4597.32707   68   50 4774.00000 4582.40914  4.01%  17.2 45672s
 73776871 4418693     cutoff  104      4774.00000 4582.42113  4.01%  17.2 45675s
 73783189 4412178     cutoff  102      4774.00000 4582.42113  4.01%  17.2 45680s
 73789139 4405891     cutoff   95      4774.00000 4582.42113  4.01%  17.2 45685s
 73793510 4403002 4592.36945   61   22 4774.00000 4582.42143  4.01%  17.2 45691s
 73795149 4402656 4606.19796   72   28 4774.00000 4582.42563  4.01%  17.2 45695s
 73802182 4402238     cutoff   45      4774.00000 4582.45746  4.01%  17.2 45700s
 73807736 4401824 infeasible   73      4774.00000 4582.49779  4.01%  17.2 45705s
 73814223 4401311 4582.57591   59   40 4774.00000 4582.52320  4.01%  17.2 45710s
 73821726 4400584 4624.38435   70   36 4774.00000 4582.57761  4.01%  17.2 45716s
 73827322 4400053 4638.77575  102   11 4774.00000 4582.61130  4.01%  17.2 45720s
 73833062 4399437 4582.77667   68   25 4774.00000 4582.64927  4.01%  17.2 45725s
 73840935 4399029 4599.96722   58   21 4774.00000 4582.69253  4.01%  17.2 45730s
 73845957 4398713 4582.80605   67   50 4774.00000 4582.71429  4.01%  17.2 45736s
 73854876 4398589 4630.03923   72   19 4774.00000 4582.74378  4.01%  17.2 45740s
 73859900 4398424 4669.48146   65   23 4774.00000 4582.77509  4.01%  17.2 45745s
 73866370 4398426 4670.42374   81   25 4774.00000 4582.79467  4.01%  17.2 45750s
 73872728 4397783 infeasible   58      4774.00000 4582.80979  4.00%  17.2 45755s
 73878873 4397234     cutoff  106      4774.00000 4582.85333  4.00%  17.2 45760s
 73885855 4396418 4594.40608   65   21 4774.00000 4582.88529  4.00%  17.2 45766s
 73891258 4395939     cutoff   76      4774.00000 4582.92414  4.00%  17.2 45770s
 73897873 4395632 4677.91417   49   17 4774.00000 4582.95607  4.00%  17.2 45775s
 73907221 4395452 4597.70396   54   87 4774.00000 4582.99184  4.00%  17.2 45781s
 73914185 4394598 4737.61001   81   39 4774.00000 4583.03183  4.00%  17.2 45786s
 73919772 4394133     cutoff   72      4774.00000 4583.06480  4.00%  17.2 45790s
 73926867 4393151 4591.33651   76   34 4774.00000 4583.10511  4.00%  17.2 45795s
 73934361 4392062 4587.75700   65   14 4774.00000 4583.13867  4.00%  17.2 45800s
 73941393 4391501 4597.16144   58   58 4774.00000 4583.18062  4.00%  17.2 45806s
 73947320 4391140 4680.60000   57    6 4774.00000 4583.20172  4.00%  17.2 45810s
 73953124 4390561     cutoff   57      4774.00000 4583.23843  4.00%  17.2 45815s
 73959795 4389910     cutoff   62      4774.00000 4583.29577  3.99%  17.2 45820s
 73967894 4389280 4650.51622   61   39 4774.00000 4583.34486  3.99%  17.2 45825s
 73977534 4388989 4617.11618   61  152 4774.00000 4583.36667  3.99%  17.2 45830s
 73982899 4388349 infeasible   62      4774.00000 4583.38675  3.99%  17.2 45835s
 73987988 4387596 4655.95963   72   35 4774.00000 4583.42335  3.99%  17.2 45840s
 73996130 4386523 4638.71483   72   20 4774.00000 4583.46850  3.99%  17.2 45846s
 74003785 4384952 infeasible  101      4774.00000 4583.48781  3.99%  17.2 45850s
 74007485 4384560 infeasible   75      4774.00000 4583.50818  3.99%  17.2 45855s
 74013408 4383749 4600.14333   50  133 4774.00000 4583.54729  3.99%  17.2 45860s
 74020565 4383080 infeasible   70      4774.00000 4583.60758  3.99%  17.3 45866s
 74026137 4382582 4625.08212   66   47 4774.00000 4583.64385  3.99%  17.3 45870s
 74034229 4381989 4593.77411   92   11 4774.00000 4583.68797  3.99%  17.3 45875s
 74039026 4381549 4584.92548   42  129 4774.00000 4583.70631  3.99%  17.3 45880s
 74046512 4380426     cutoff   67      4774.00000 4583.75655  3.98%  17.3 45885s
 74052617 4379634 infeasible   56      4774.00000 4583.80492  3.98%  17.3 45890s
 74059924 4378811 4605.63428   84   28 4774.00000 4583.86328  3.98%  17.3 45895s
 74065534 4378133     cutoff   50      4774.00000 4583.88676  3.98%  17.3 45900s
 74071297 4377574 4613.43356   63  147 4774.00000 4583.94241  3.98%  17.3 45905s
 74078228 4376913     cutoff   81      4774.00000 4583.98865  3.98%  17.3 45910s
 74084787 4376097     cutoff   74      4774.00000 4584.03554  3.98%  17.3 45915s
 74092814 4373875 infeasible   49      4774.00000 4584.08833  3.98%  17.3 45920s
 74097815 4373295 4612.05717   68   22 4774.00000 4584.11761  3.98%  17.3 45925s
 74104749 4372342 4604.41734   64   35 4774.00000 4584.18328  3.98%  17.3 45930s
 74113015 4371083     cutoff   55      4774.00000 4584.25392  3.97%  17.3 45936s
 74120226 4370390 4599.23735   67   33 4774.00000 4584.31643  3.97%  17.3 45941s
 74127268 4369985 infeasible   45      4774.00000 4584.35429  3.97%  17.3 45945s
 74133762 4369370     cutoff   61      4774.00000 4584.39937  3.97%  17.3 45950s
 74137534 4369112 4593.42869   68   14 4774.00000 4584.41552  3.97%  17.3 45955s
 74142124 4368295 4608.96890   38   90 4774.00000 4584.44751  3.97%  17.3 45960s
 74148960 4367407 4584.53455   68   22 4774.00000 4584.50322  3.97%  17.3 45965s
 74157163 4367032 4584.94726   63   56 4774.00000 4584.53555  3.97%  17.3 45970s
 74166574 4367910     cutoff   71      4774.00000 4584.56746  3.97%  17.3 45975s
 74177782 4369075     cutoff   84      4774.00000 4584.56746  3.97%  17.3 45980s
 74186609 4370021 4654.41272   90   34 4774.00000 4584.56746  3.97%  17.3 45985s
 74199239 4371463 4653.46980   78   37 4774.00000 4584.56746  3.97%  17.3 45990s
 74209248 4371777 infeasible   75      4774.00000 4584.56746  3.97%  17.3 45995s
 74216682 4370853 infeasible   74      4774.00000 4584.61329  3.97%  17.3 46000s
 74222875 4370163 4672.46688   69   21 4774.00000 4584.66944  3.97%  17.3 46005s
 74230071 4369257     cutoff   56      4774.00000 4584.72440  3.96%  17.3 46010s
 74237530 4368624 infeasible   48      4774.00000 4584.78115  3.96%  17.3 46015s
 74243613 4368138     cutoff   55      4774.00000 4584.82176  3.96%  17.3 46020s
 74250180 4367503 infeasible   67      4774.00000 4584.85701  3.96%  17.3 46025s
 74257030 4367166 4617.14734   51  137 4774.00000 4584.90000  3.96%  17.3 46030s
 74263410 4366510 infeasible   65      4774.00000 4584.93324  3.96%  17.3 46035s
 74271246 4365679 infeasible   66      4774.00000 4584.99586  3.96%  17.3 46040s
 74276107 4365926 infeasible   76      4774.00000 4585.00000  3.96%  17.3 46046s
 74280810 4367111 infeasible   74      4774.00000 4585.00000  3.96%  17.3 46050s
 74288766 4367642 infeasible   40      4774.00000 4585.00000  3.96%  17.3 46055s
 74295530 4369534 4585.00000   60   15 4774.00000 4585.00000  3.96%  17.3 46060s
 74302614 4371581 4588.66292   61   82 4774.00000 4585.00000  3.96%  17.3 46065s
 74306093 4372521 infeasible   50      4774.00000 4585.00000  3.96%  17.3 46070s
 74311570 4372255 4689.28445   73   34 4774.00000 4585.00000  3.96%  17.3 46076s
 74317036 4372030 4604.56260   58   77 4774.00000 4585.01039  3.96%  17.3 46081s
 74322690 4371816 4585.03790   67   27 4774.00000 4585.03790  3.96%  17.3 46086s
 74328349 4371968 4603.82286   46  157 4774.00000 4585.06471  3.96%  17.3 46090s
 74334245 4371347     cutoff   64      4774.00000 4585.09574  3.96%  17.3 46095s
 74342024 4372104 infeasible   67      4774.00000 4585.12556  3.96%  17.3 46100s
 74347311 4371439 infeasible   54      4774.00000 4585.15120  3.96%  17.3 46105s
 74354528 4370336 4591.74010   80   38 4774.00000 4585.20000  3.95%  17.3 46110s
 74362193 4371105 infeasible   47      4774.00000 4585.21848  3.95%  17.3 46115s
 74369638 4371093 4595.36796   66   54 4774.00000 4585.23690  3.95%  17.3 46120s
 74376005 4370413 4587.13806   59   16 4774.00000 4585.26838  3.95%  17.3 46125s
 74383183 4370330 4585.34856   60   45 4774.00000 4585.31235  3.95%  17.3 46131s
 74390452 4370808 infeasible   56      4774.00000 4585.32325  3.95%  17.3 46135s
 74396086 4370254 4635.37238   62   19 4774.00000 4585.37192  3.95%  17.3 46140s
 74403050 4369407     cutoff   60      4774.00000 4585.40900  3.95%  17.3 46146s
 74408321 4368670 4645.70831   84   45 4774.00000 4585.43398  3.95%  17.3 46150s
 74415776 4368239     cutoff   70      4774.00000 4585.47484  3.95%  17.3 46155s
 74421865 4367915 4730.54107   44  116 4774.00000 4585.51229  3.95%  17.3 46161s
 74428073 4368707 4613.46832   65   32 4774.00000 4585.52250  3.95%  17.3 46165s
 74430142 4368663     cutoff   41      4774.00000 4585.52250  3.95%  17.3 46170s
 74436392 4368586 4637.84433   71   25 4774.00000 4585.57349  3.95%  17.3 46175s
 74441565 4368312 4607.00433   57   48 4774.00000 4585.59149  3.95%  17.3 46180s
 74448190 4367249 4587.52048   53  127 4774.00000 4585.63986  3.95%  17.3 46185s
 74452805 4366552 4659.29934   67   53 4774.00000 4585.67607  3.94%  17.3 46190s
 74459971 4365847 4595.52906   72   29 4774.00000 4585.73318  3.94%  17.3 46195s
 74466758 4364802 infeasible   79      4774.00000 4585.78375  3.94%  17.3 46200s
 74473720 4363717 4621.08245   72   18 4774.00000 4585.83673  3.94%  17.3 46205s
 74480816 4363561     cutoff   54      4774.00000 4585.87975  3.94%  17.3 46210s
 74488597 4362693 infeasible   76      4774.00000 4585.91654  3.94%  17.3 46215s
 74495781 4363586     cutoff   86      4774.00000 4585.93061  3.94%  17.3 46220s
 74502922 4363917 4626.09645   85   41 4774.00000 4585.94225  3.94%  17.3 46225s
 74509999 4363377 infeasible   52      4774.00000 4585.99415  3.94%  17.3 46230s
 74516825 4363342 infeasible   66      4774.00000 4586.01806  3.94%  17.3 46235s
 74523242 4363787 4594.04000   66   49 4774.00000 4586.05492  3.94%  17.3 46240s
 74529789 4364496 4663.04348   66   15 4774.00000 4586.05492  3.94%  17.3 46245s
 74537582 4363490 infeasible   71      4774.00000 4586.07294  3.94%  17.3 46250s
 74543364 4364615 4586.11542   62   22 4774.00000 4586.08257  3.94%  17.3 46255s
 74550924 4364459     cutoff   72      4774.00000 4586.11943  3.94%  17.3 46260s
 74558313 4364044     cutoff   80      4774.00000 4586.15449  3.93%  17.3 46265s
 74566535 4361201     cutoff   71      4774.00000 4586.18457  3.93%  17.3 46270s
 74570613 4360545 4613.93432   59   40 4774.00000 4586.19463  3.93%  17.3 46275s
 74578239 4359751 infeasible   67      4774.00000 4586.24592  3.93%  17.3 46280s
 74584566 4359614 4588.11715   70   60 4774.00000 4586.28567  3.93%  17.3 46285s
 74591942 4359279 4695.34875   71    9 4774.00000 4586.33133  3.93%  17.3 46290s
 74599333 4358653 4587.58334   55   50 4774.00000 4586.37554  3.93%  17.3 46295s
 74607508 4357877 4672.92368   76   21 4774.00000 4586.39866  3.93%  17.3 46300s
 74615685 4357313 infeasible   62      4774.00000 4586.44785  3.93%  17.3 46305s
 74624195 4356871 4586.68277   70   56 4774.00000 4586.48882  3.93%  17.3 46310s
 74630929 4355946 4588.12676   58   22 4774.00000 4586.53000  3.93%  17.3 46315s
 74637191 4356035     cutoff   36      4774.00000 4586.55494  3.93%  17.3 46321s
 74640116 4355916 4637.57300   61   25 4774.00000 4586.56337  3.93%  17.3 46325s
 74649979 4355948 infeasible   51      4774.00000 4586.60524  3.93%  17.3 46330s
 74653811 4355486 4674.60579   57   29 4774.00000 4586.62318  3.92%  17.3 46335s
 74661237 4355066 4595.92226   58   24 4774.00000 4586.68333  3.92%  17.3 46340s
 74669328 4354984 4586.76209   64   37 4774.00000 4586.72598  3.92%  17.3 46345s
 74677187 4354823 infeasible   70      4774.00000 4586.76154  3.92%  17.3 46350s
 74683848 4354404 4607.04291   53   76 4774.00000 4586.79316  3.92%  17.3 46355s
 74691090 4354209 infeasible   51      4774.00000 4586.82961  3.92%  17.3 46360s
 74696983 4353171 infeasible   47      4774.00000 4586.88422  3.92%  17.3 46365s
 74704963 4352154 infeasible   46      4774.00000 4586.95828  3.92%  17.3 46370s
 74712430 4351528 4587.00799   59   59 4774.00000 4587.00000  3.92%  17.3 46375s
 74719363 4350725 4603.34667   68   14 4774.00000 4587.05824  3.92%  17.3 46380s
 74725533 4350228     cutoff   50      4774.00000 4587.11017  3.91%  17.3 46385s
 74730705 4349680 4599.01172   61   42 4774.00000 4587.13455  3.91%  17.3 46390s
 74738642 4349267 4702.67730   60   52 4774.00000 4587.20767  3.91%  17.3 46395s
 74745652 4349045 4620.99413   72   30 4774.00000 4587.25661  3.91%  17.3 46400s
 74754225 4348830 4587.33453   61   62 4774.00000 4587.28886  3.91%  17.3 46405s
 74761966 4347918 4588.00000   72   10 4774.00000 4587.34194  3.91%  17.3 46410s
 74769463 4347189     cutoff   71      4774.00000 4587.40774  3.91%  17.3 46415s
 74775467 4346721 4652.08243   71   37 4774.00000 4587.43333  3.91%  17.3 46420s
 74780173 4346145 infeasible   50      4774.00000 4587.46588  3.91%  17.3 46425s
 74788475 4345092 4671.06779   74   21 4774.00000 4587.51722  3.91%  17.3 46430s
 74794441 4345172 4587.54406   70   54 4774.00000 4587.54380  3.91%  17.3 46435s
 74801283 4344876 4633.87497   70   27 4774.00000 4587.59089  3.90%  17.3 46440s
 74808937 4344312 infeasible   68      4774.00000 4587.63437  3.90%  17.3 46445s
 74816577 4343652 4603.20092   65   29 4774.00000 4587.68967  3.90%  17.3 46450s
 74824511 4343184 4665.28073   64   56 4774.00000 4587.74180  3.90%  17.3 46455s
 74833094 4342914 infeasible   60      4774.00000 4587.79350  3.90%  17.3 46460s
 74841177 4343047 4608.75371   66   29 4774.00000 4587.81213  3.90%  17.3 46465s
 74848025 4342339 4618.32728   74   29 4774.00000 4587.86334  3.90%  17.3 46470s
 74853897 4341282 infeasible   63      4774.00000 4587.91993  3.90%  17.3 46475s
 74861237 4339899 4587.98966   77   47 4774.00000 4587.98661  3.90%  17.3 46480s
 74872045 4339000 infeasible   78      4774.00000 4587.98966  3.90%  17.3 46485s
 74881181 4337407 4679.61129   73   41 4774.00000 4587.98966  3.90%  17.3 46490s
 74892127 4335359 infeasible   75      4774.00000 4587.98966  3.90%  17.3 46495s
 74901407 4333218 4672.79169   79   34 4774.00000 4587.98966  3.90%  17.3 46500s
 74909171 4331469 4672.79169   80   34 4774.00000 4587.98966  3.90%  17.3 46505s
 74918070 4329144 infeasible   68      4774.00000 4587.98966  3.90%  17.3 46510s
 74926626 4326962 4672.79169   73   34 4774.00000 4587.98966  3.90%  17.3 46515s
 74933739 4324940 4587.98966   78   47 4774.00000 4587.98966  3.90%  17.3 46520s
 74937189 4324240 4672.79169   79   34 4774.00000 4587.98966  3.90%  17.3 46525s
 74944169 4321929 infeasible   71      4774.00000 4587.98966  3.90%  17.3 46530s
 74953147 4319599     cutoff   77      4774.00000 4587.98966  3.90%  17.3 46535s
 74960044 4317753 infeasible   71      4774.00000 4587.98966  3.90%  17.3 46540s
 74967386 4315765 infeasible   80      4774.00000 4587.98966  3.90%  17.3 46545s
 74976380 4313578 4676.10036   76   37 4774.00000 4587.98966  3.90%  17.3 46550s
 74985668 4311510     cutoff   69      4774.00000 4587.98966  3.90%  17.3 46555s
 74994586 4309777 4593.93055   64   55 4774.00000 4587.98966  3.90%  17.3 46560s
 75000101 4309365 4588.00132   77   47 4774.00000 4588.00000  3.90%  17.3 46565s
 75006931 4308540 4588.00132   73   47 4774.00000 4588.00132  3.90%  17.3 46570s
 75016939 4306790 infeasible   80      4774.00000 4588.00132  3.90%  17.3 46575s
 75025691 4305041 4672.80362   73   34 4774.00000 4588.00132  3.90%  17.3 46580s
 75035728 4303310 infeasible   71      4774.00000 4588.00132  3.90%  17.3 46585s
 75045013 4302611 infeasible   81      4774.00000 4588.01000  3.90%  17.3 46590s
 75052496 4302471     cutoff   76      4774.00000 4588.01700  3.90%  17.3 46595s
 75057700 4301637 4667.15485   70   53 4774.00000 4588.02123  3.90%  17.3 46600s
 75066008 4301369     cutoff   71      4774.00000 4588.03400  3.90%  17.3 46605s
 75073530 4300556 4634.91689   61   25 4774.00000 4588.06435  3.89%  17.3 46610s
 75080350 4298300 infeasible   65      4774.00000 4588.11764  3.89%  17.3 46615s
 75092627 4284479     cutoff   70      4774.00000 4588.11793  3.89%  17.3 46620s
 75107067 4268600     cutoff   78      4774.00000 4588.11793  3.89%  17.3 46625s
 75119660 4254752     cutoff   78      4774.00000 4588.11793  3.89%  17.3 46630s
 75133595 4240891     cutoff   80      4774.00000 4588.12960  3.89%  17.3 46636s
 75145172 4232455 4676.89011   48   84 4774.00000 4588.13093  3.89%  17.3 46641s
 75151002 4231048 4709.10667   80   53 4774.00000 4588.14954  3.89%  17.3 46647s
 75152524 4231227 infeasible   81      4774.00000 4588.14954  3.89%  17.3 46651s
 75158944 4231885 4593.10039   66   31 4774.00000 4588.16174  3.89%  17.3 46655s
 75169741 4231733 4588.20222   67   49 4774.00000 4588.20222  3.89%  17.3 46663s
 75178330 4231257 4672.73930   73   39 4774.00000 4588.20222  3.89%  17.3 46666s
 75183679 4230640 4669.03965   69   34 4774.00000 4588.20222  3.89%  17.3 46670s
 75201019 4229887 4588.20222   70   48 4774.00000 4588.20222  3.89%  17.3 46677s
 75207937 4229301 4669.66536   69   39 4774.00000 4588.20222  3.89%  17.3 46681s
 75221819 4228358 infeasible   69      4774.00000 4588.20222  3.89%  17.3 46687s
 75226435 4228095 4672.73495   76   40 4774.00000 4588.20222  3.89%  17.3 46690s
 75233994 4227683 infeasible   71      4774.00000 4588.20222  3.89%  17.3 46695s
 75246722 4227399 4588.20222   67   48 4774.00000 4588.20222  3.89%  17.3 46700s
 75253981 4227736 infeasible   64      4774.00000 4588.20222  3.89%  17.3 46707s
 75262088 4227275 infeasible   79      4774.00000 4588.21388  3.89%  17.3 46711s
 75274194 4226076 4672.74600   71   39 4774.00000 4588.21388  3.89%  17.3 46717s
 75280100 4225672     cutoff   79      4774.00000 4588.21388  3.89%  17.3 46720s
 75293809 4228434 4597.49883   68   26 4774.00000 4588.22860  3.89%  17.3 46729s
 75300859 4228334 4709.13650   71   25 4774.00000 4588.23182  3.89%  17.3 46733s
 75306598 4229495 4593.74461   66   27 4774.00000 4588.25921  3.89%  17.3 46736s
 75316030 4229945 4641.54650   71   16 4774.00000 4588.25921  3.89%  17.3 46741s
 75322181 4229373     cutoff   92      4774.00000 4588.27515  3.89%  17.3 46745s
 75333985 4227407     cutoff   78      4774.00000 4588.28979  3.89%  17.3 46753s
 75340803 4226910     cutoff   78      4774.00000 4588.30147  3.89%  17.3 46756s
 75351541 4221480 4588.33221   77   46 4774.00000 4588.33044  3.89%  17.3 46763s
 75358673 4220369 4669.85112   69   37 4774.00000 4588.33221  3.89%  17.3 46767s
 75366538 4219130 4669.24405   80   30 4774.00000 4588.33221  3.89%  17.3 46770s
 75380947 4216523 4672.91907   78   31 4774.00000 4588.33221  3.89%  17.3 46778s
 75389289 4215795 infeasible   75      4774.00000 4588.33221  3.89%  17.3 46781s
 75397814 4213913 4669.24405   77   30 4774.00000 4588.33221  3.89%  17.3 46788s
 75406818 4213863 infeasible   80      4774.00000 4588.33221  3.89%  17.3 46791s
 75415082 4211383     cutoff   83      4774.00000 4588.33221  3.89%  17.3 46798s
 75421028 4210054 4677.17619   79   38 4774.00000 4588.33221  3.89%  17.3 46802s
 75429528 4208937 4672.53853   77   32 4774.00000 4588.33221  3.89%  17.3 46805s
 75443950 4206827 4672.91907   73   31 4774.00000 4588.33221  3.89%  17.3 46812s
 75450917 4205700 infeasible   80      4774.00000 4588.33221  3.89%  17.3 46815s
 75463640 4203294 infeasible   76      4774.00000 4588.33221  3.89%  17.3 46821s
 75478273 4201056 4719.14225   79   30 4774.00000 4588.33221  3.89%  17.3 46827s
 75485055 4199979 4588.33221   76   47 4774.00000 4588.33221  3.89%  17.3 46830s
 75497484 4198491     cutoff   84      4774.00000 4588.33221  3.89%  17.3 46837s
 75501369 4197367     cutoff   77      4774.00000 4588.33221  3.89%  17.3 46842s
 75508829 4196299 4672.91907   74   31 4774.00000 4588.33221  3.89%  17.3 46846s
 75514648 4195035 4672.91907   75   31 4774.00000 4588.33221  3.89%  17.3 46850s
 75522714 4193946     cutoff   80      4774.00000 4588.33221  3.89%  17.3 46855s
 75537147 4191909 infeasible   76      4774.00000 4588.33221  3.89%  17.3 46863s
 75543978 4190876 4681.95732   74   35 4774.00000 4588.33221  3.89%  17.3 46866s
 75549484 4189917     cutoff   74      4774.00000 4588.33221  3.89%  17.3 46870s
 75556482 4188960 4672.91907   80   31 4774.00000 4588.33221  3.89%  17.3 46875s
 75570968 4187037 infeasible   79      4774.00000 4588.33221  3.89%  17.2 46882s
 75575318 4186296     cutoff   78      4774.00000 4588.33221  3.89%  17.2 46886s
 75580077 4184986 4672.53853   73   32 4774.00000 4588.33221  3.89%  17.2 46890s
 75596518 4182407 infeasible   80      4774.00000 4588.33221  3.89%  17.2 46898s
 75604069 4181235 4672.91907   80   31 4774.00000 4588.33221  3.89%  17.2 46901s
 75616256 4178811 4588.33424   75   42 4774.00000 4588.33221  3.89%  17.2 46908s
 75623864 4177667 4672.91907   74   31 4774.00000 4588.33221  3.89%  17.2 46911s
 75630986 4177362 infeasible   73      4774.00000 4588.33221  3.89%  17.2 46918s
 75634367 4176996     cutoff   93      4774.00000 4588.33221  3.89%  17.2 46922s
 75640314 4176410     cutoff   72      4774.00000 4588.33424  3.89%  17.2 46927s
 75644050 4175545 infeasible   73      4774.00000 4588.33424  3.89%  17.2 46931s
 75650393 4174694     cutoff   78      4774.00000 4588.33424  3.89%  17.2 46936s
 75656644 4174075 4588.34387   81   45 4774.00000 4588.33424  3.89%  17.2 46941s
 75661303 4171579     cutoff   77      4774.00000 4588.33424  3.89%  17.2 46945s
 75667556 4169869 4588.34387   79   47 4774.00000 4588.34209  3.89%  17.2 46951s
 75675715 4168954 infeasible   70      4774.00000 4588.34387  3.89%  17.2 46956s
 75684547 4168210 4669.16189   72   29 4774.00000 4588.34387  3.89%  17.2 46960s
 75692051 4167558 4669.24753   80   30 4774.00000 4588.34387  3.89%  17.2 46968s
 75698987 4166965 4669.85468   78   37 4774.00000 4588.34387  3.89%  17.2 46972s
 75702447 4165606 infeasible   82      4774.00000 4588.34387  3.89%  17.2 46977s
 75711128 4164383 4672.93137   78   31 4774.00000 4588.34387  3.89%  17.2 46981s
 75718843 4163146 infeasible   80      4774.00000 4588.34387  3.89%  17.2 46986s
 75724984 4161948 4672.55047   78   32 4774.00000 4588.34387  3.89%  17.2 46990s
 75739460 4159763 infeasible   85      4774.00000 4588.34387  3.89%  17.2 46997s
 75746678 4159150     cutoff   80      4774.00000 4588.34387  3.89%  17.2 47006s
 75753950 4158198     cutoff   82      4774.00000 4588.34387  3.89%  17.2 47010s
 75764791 4156830 infeasible   49      4774.00000 4588.36889  3.89%  17.2 47017s
 75768155 4156204 infeasible   74      4774.00000 4588.37456  3.89%  17.2 47021s

Cutting planes:
  Learned: 697
  Gomory: 4
  Cover: 186
  MIR: 138
  StrongCG: 10
  Flow cover: 240
  GUB cover: 1
  Inf proof: 17
  Zero half: 1
  Network: 22
  RLT: 27
  Relax-and-lift: 9

Explored 75772892 nodes (1305024463 simplex iterations) in 47021.72 seconds (21413.69 work units)
Thread count was 12 (of 12 available processors)

Solution count 1: 4774 

Solve interrupted
Best objective 4.774000000000e+03, best bound 4.589000000000e+03, gap 3.8752%
