
Gurobi 12.0.0 (win64) logging started Wed Feb  4 09:10:06 2026

Set parameter LogFile to value "Storage_orig/Logs/log_____________2026_02_04_09_10_06.log"
Set parameter MIPGap to value 0.01
Set parameter OutputFlag to value 1
Gurobi Optimizer version 12.0.0 build v12.0.0rc1 (win64 - Windows 11+.0 (26200.2))

CPU model: Intel(R) Core(TM) i7-9750H CPU @ 2.60GHz, instruction set [SSE2|AVX|AVX2]
Thread count: 6 physical cores, 12 logical processors, using up to 12 threads

Non-default parameters:
MIPGap  0.01
MIPFocus  1

Optimize a model with 9306 rows, 1560 columns and 25077 nonzeros
Model fingerprint: 0x5b7c2df3
Variable types: 30 continuous, 1530 integer (870 binary)
Coefficient statistics:
  Matrix range     [2e-01, 1e+02]
  Objective range  [1e+01, 4e+03]
  Bounds range     [1e+00, 1e+00]
  RHS range        [1e+00, 2e+02]
Found heuristic solution: objective 23220.000000
Presolve removed 7284 rows and 270 columns
Presolve time: 0.03s
Presolved: 2022 rows, 1290 columns, 13965 nonzeros
Variable types: 30 continuous, 1260 integer (720 binary)

Root relaxation: objective 5.067293e+03, 1156 iterations, 0.02 seconds (0.03 work units)

    Nodes    |    Current Node    |     Objective Bounds      |     Work
 Expl Unexpl |  Obj  Depth IntInf | Incumbent    BestBd   Gap | It/Node Time

     0     0 5067.29333    0   25 23220.0000 5067.29333  78.2%     -    0s
H    0     0                    23182.000000 5067.29333  78.1%     -    0s
H    0     0                    22222.000000 5067.29333  77.2%     -    0s
     0     0 5557.16667    0   58 22222.0000 5557.16667  75.0%     -    0s
     0     0 5565.97045    0   50 22222.0000 5565.97045  75.0%     -    0s
     0     0 5566.02905    0   56 22222.0000 5566.02905  75.0%     -    0s
H    0     0                    21968.000000 5629.72648  74.4%     -    0s
H    0     0                    21721.000000 5629.72648  74.1%     -    0s
     0     0 5629.72648    0  102 21721.0000 5629.72648  74.1%     -    0s
H    0     0                    21441.000000 5629.72648  73.7%     -    0s
     0     0 5648.35398    0  119 21441.0000 5648.35398  73.7%     -    0s
     0     0 5648.63646    0   99 21441.0000 5648.63646  73.7%     -    0s
H    0     0                    18530.000000 5648.69303  69.5%     -    0s
     0     0 5648.69303    0   76 18530.0000 5648.69303  69.5%     -    0s
     0     0 5648.69303    0   76 18530.0000 5648.69303  69.5%     -    0s
H    0     0                    16211.000000 5699.15177  64.8%     -    0s
     0     0 5699.15177    0  132 16211.0000 5699.15177  64.8%     -    0s
     0     0 5711.19088    0  131 16211.0000 5711.19088  64.8%     -    0s
     0     0 5722.65223    0  119 16211.0000 5722.65223  64.7%     -    0s
     0     0 5726.59598    0  123 16211.0000 5726.59598  64.7%     -    0s
H    0     0                    15692.000000 5727.58401  63.5%     -    0s
     0     0 5727.58401    0  153 15692.0000 5727.58401  63.5%     -    0s
     0     0 5727.60201    0  155 15692.0000 5727.60201  63.5%     -    0s
H    0     0                    15434.000000 5727.60201  62.9%     -    0s
H    0     0                    15094.000000 5727.60201  62.1%     -    0s
H    0     0                    14894.000000 5727.60201  61.5%     -    0s
     0     0 5746.87861    0  145 14894.0000 5746.87861  61.4%     -    0s
H    0     0                    14756.000000 5746.87861  61.1%     -    0s
     0     0 5764.62406    0   76 14756.0000 5764.62406  60.9%     -    0s
     0     0 5766.07318    0  129 14756.0000 5766.07318  60.9%     -    0s
     0     0 5766.72908    0  129 14756.0000 5766.72908  60.9%     -    0s
     0     0 5766.75906    0  143 14756.0000 5766.75906  60.9%     -    0s
     0     0 5770.46506    0  144 14756.0000 5770.46506  60.9%     -    0s
H    0     0                    13476.000000 5770.46506  57.2%     -    0s
H    0     0                    11810.000000 5770.49349  51.1%     -    1s
H    0     0                    11670.000000 5770.49349  50.6%     -    1s
H    0     2                    9634.0000000 5770.49349  40.1%     -    1s
     0     2 5770.49349    0  143 9634.00000 5770.49349  40.1%     -    1s
H    9    14                    8496.0000000 5772.34737  32.1%   311    1s
H   13    27                    8356.0000000 5781.13545  30.8%   396    1s
H   26    34                    8216.0000000 5781.13545  29.6%   314    1s
H   27    34                    8096.0000000 5781.13545  28.6%   307    1s
H   28    34                    7956.0000000 5781.13545  27.3%   302    1s
H   38    46                    7476.0000000 5781.13545  22.7%   271    1s
H   85    89                    7440.0000000 5781.13545  22.3%   194    1s
H  126   130                    7341.0000000 5781.13545  21.2%   153    1s
H  127   130                    7117.0000000 5781.13545  18.8%   153    1s
H  134   144                    7057.0000000 5781.13545  18.1%   146    1s
H  372   317                    6958.0000000 5782.78685  16.9%   115    3s
H  382   322                    6818.0000000 5782.78685  15.2%   113    3s
H  619   491                    6491.0000000 5782.81206  10.9%   101    4s
H  703   544                    6317.0000000 5782.81206  8.46%  98.9    5s
H  829   580                    6278.0000000 5782.81206  7.89%  98.5    5s
H  929   600                    6177.0000000 5782.81284  6.38%  94.7    5s
  1660  1040 6076.00000   16  174 6177.00000 5813.73156  5.88%  86.7   10s
  2462  1357 6091.97500   34   35 6177.00000 5816.02857  5.84%  88.0   15s
  3183  1561 6111.16597   60   39 6177.00000 5816.27143  5.84%  82.0   20s
  5031  2291 5985.22222   33   50 6177.00000 5816.50789  5.84%  79.0   25s
  6555  3279 5996.05385   27  102 6177.00000 5816.50789  5.84%  77.7   30s
  8162  4684     cutoff   67      6177.00000 5819.39257  5.79%  75.5   35s
 13073  7442 6139.96000   47   25 6177.00000 5828.78484  5.64%  74.6   40s
 16444  9431 6078.27333   46  144 6177.00000 5840.69063  5.44%  74.7   45s
 20771 11154 6150.33879   39   90 6177.00000 5951.10871  3.66%  72.6   50s
 25695 14210 5972.98514   24   74 6177.00000 5969.60000  3.36%  68.9   55s
 30990 17509 6022.15848   31   83 6177.00000 5970.82353  3.34%  65.7   61s
 35260 20050 5982.83032   39   83 6177.00000 5971.00000  3.33%  64.7   66s
 39465 22324     cutoff   60      6177.00000 5971.00000  3.33%  63.4   70s
 43516 25123 5978.53782   44  119 6177.00000 5971.00000  3.33%  62.8   76s
 47853 27499 5971.44198   29   14 6177.00000 5971.00000  3.33%  61.5   80s
 52952 30246 5999.03449   47  100 6177.00000 5971.00000  3.33%  60.4   85s
 57265 32761 5979.78187   35  105 6177.00000 5971.00000  3.33%  59.4   90s
 62160 35618 6002.05556   28   47 6177.00000 5971.00000  3.33%  58.7   95s
 66600 37961 6049.47913   33   74 6177.00000 5971.14204  3.33%  58.4  101s
 69890 39752 5974.76739   38   40 6177.00000 5971.22857  3.33%  58.1  105s
 73996 41925 6103.63387   48   30 6177.00000 5971.33951  3.33%  57.7  110s
 78525 44675 6062.46295   40  130 6177.00000 5971.44306  3.33%  57.3  115s
 82735 46926 6080.52857  131   43 6177.00000 5971.56571  3.33%  56.9  120s
 87247 49515 6103.78022   40   16 6177.00000 5971.72000  3.32%  56.8  126s
 91287 51858 5983.00000   35   33 6177.00000 5971.83786  3.32%  56.5  130s
 96415 54745 6073.37931   42   11 6177.00000 5972.04895  3.32%  56.3  136s
 100527 56942     cutoff   38      6177.00000 5972.20000  3.32%  56.0  140s
 105774 59442     cutoff   48      6177.00000 5972.37817  3.31%  55.6  145s
 109174 61184 5999.97268   58   67 6177.00000 5972.50000  3.31%  55.6  150s
 114110 63702 6082.06791   36   64 6177.00000 5972.63678  3.31%  55.5  155s
 118022 65874 infeasible   43      6177.00000 5972.71429  3.31%  55.4  160s
 122960 68117 6077.67450   28   38 6177.00000 5972.96488  3.30%  55.3  165s
 126609 69718 6109.32640   44  129 6177.00000 5973.10811  3.30%  55.2  170s
 129310 71478 6096.39167   56   39 6177.00000 5973.22003  3.30%  55.2  175s
 134977 74191 5999.25000   35   52 6177.00000 5973.30769  3.30%  55.0  181s
 137138 75329 5990.79763   49   89 6177.00000 5973.30769  3.30%  54.8  185s
 141089 77144 5995.85333   39    7 6177.00000 5973.42000  3.30%  54.8  190s
 146101 79445 5985.75926   28   90 6177.00000 5973.61429  3.29%  54.8  196s
 149864 81271 5977.18478   35   15 6177.00000 5973.76923  3.29%  54.7  200s
 154606 83536 5979.97307   39  128 6177.00000 5974.00000  3.29%  54.7  206s
 158066 85397 6024.60206   33  107 6177.00000 5974.00000  3.29%  54.8  210s
 161852 87223     cutoff   60      6177.00000 5974.00000  3.29%  54.8  215s
 165356 89323 6034.41230   35  173 6177.00000 5974.00000  3.29%  54.8  220s
 169232 91452 6020.61538   35   32 6177.00000 5974.00000  3.29%  54.9  225s
 173380 93064 6078.77410   32   66 6177.00000 5974.00000  3.29%  54.8  231s
 174339 94124 5992.10061   40   81 6177.00000 5974.00000  3.29%  54.8  235s
 180211 97481 5976.20000   39   16 6177.00000 5974.00000  3.29%  54.7  241s
 182669 103830 6123.07436   48   85 6177.00000 5974.00000  3.29%  54.7  259s
 194669 104291 infeasible   34      6177.00000 5974.27171  3.28%  54.5  261s
 198454 106060 infeasible   54      6177.00000 5974.40399  3.28%  54.5  266s
 202254 107704 infeasible   39      6177.00000 5974.48000  3.28%  54.5  270s
 206945 109747 infeasible   41      6177.00000 5974.61055  3.28%  54.4  276s
 210448 111380 5984.76364   36  102 6177.00000 5974.73333  3.27%  54.4  280s
 213812 113134     cutoff   59      6177.00000 5974.82557  3.27%  54.5  285s
 217516 114907     cutoff   71      6177.00000 5974.87882  3.27%  54.5  290s
 221222 116753 5998.06328   40  110 6177.00000 5974.98249  3.27%  54.4  295s
 224486 118567 6010.25059   44   74 6177.00000 5975.00000  3.27%  54.5  300s
 228103 120542     cutoff   45      6177.00000 5975.00000  3.27%  54.6  305s
 231645 122609 6046.57206   32  196 6177.00000 5975.00000  3.27%  54.7  310s
 235199 124326 5975.20329   34   30 6177.00000 5975.00000  3.27%  54.7  315s
 238619 125456 6044.06561   55   74 6177.00000 5975.04467  3.27%  54.8  320s
 241230 127430     cutoff   41      6177.00000 5975.08447  3.27%  54.8  326s
 244015 128792 6103.27500   43   18 6177.00000 5975.15385  3.27%  54.8  330s
 247970 130689 5985.77677   36  109 6177.00000 5975.20938  3.27%  54.9  336s
 251872 132551 6141.09000   52   22 6177.00000 5975.25360  3.27%  54.9  341s
 253435 133155     cutoff   62      6177.00000 5975.28295  3.27%  55.0  345s
 257311 134646     cutoff   58      6177.00000 5975.32797  3.26%  55.0  350s
 260700 136066 5993.00000   36   18 6177.00000 5975.37931  3.26%  55.0  355s
 264105 137783 6089.00000   35   14 6177.00000 5975.42754  3.26%  55.1  360s
 267649 139587 5985.94755   32  115 6177.00000 5975.48073  3.26%  55.1  366s
 271453 141336 6076.53000   38   10 6177.00000 5975.51617  3.26%  55.2  371s
 275234 143078 5995.79333   45   20 6177.00000 5975.58800  3.26%  55.2  376s
 278998 144781 6008.25602   36   61 6177.00000 5975.63644  3.26%  55.1  380s
 281362 145738 6008.06739   40  132 6177.00000 5975.66803  3.26%  55.1  386s
 284703 146864     cutoff   38      6177.00000 5975.72469  3.26%  55.1  391s
 286439 148036 6107.65472   34   52 6177.00000 5975.75842  3.26%  55.1  396s
 288996 149126 5998.65750   32   18 6177.00000 5975.79618  3.26%  55.2  400s
 292737 150888 6109.00000   40   31 6177.00000 5975.86436  3.26%  55.2  405s
 296505 152532 5995.41790   38   88 6177.00000 5975.93358  3.26%  55.2  410s
 300174 154160     cutoff   51      6177.00000 5975.99590  3.25%  55.3  415s
 303789 155230 5984.53193   35   94 6177.00000 5976.06313  3.25%  55.3  421s
 306740 156901     cutoff   63      6177.00000 5976.11237  3.25%  55.4  426s
 310563 158547 6027.39475   49  240 6177.00000 5976.16403  3.25%  55.3  431s
 314204 160074 6012.33080   41   40 6177.00000 5976.23755  3.25%  55.4  436s
 318202 161764 6120.22843   50   63 6177.00000 5976.30769  3.25%  55.4  441s
 321730 163303 6101.00879   54  173 6177.00000 5976.37244  3.25%  55.4  446s
 324245 163943 infeasible   52      6177.00000 5976.42249  3.25%  55.4  450s
 326919 165445 5992.50000   37   17 6177.00000 5976.48209  3.25%  55.5  455s
 330544 167276     cutoff   40      6177.00000 5976.53247  3.25%  55.6  460s
 334614 168893 6066.04311   41  184 6177.00000 5976.58824  3.24%  55.5  465s
 336997 169498 5989.31751   35   77 6177.00000 5976.66156  3.24%  55.6  470s
 340057 171020 6070.06250   40   22 6177.00000 5976.71131  3.24%  55.6  475s
 343819 172456     cutoff   57      6177.00000 5976.79270  3.24%  55.6  480s
 345170 177481 5986.00000   33   23 6177.00000 5976.82875  3.24%  55.7  497s
 356895 178014 5998.80335   26   99 6177.00000 5977.00000  3.24%  55.7  500s
 360219 179766 6063.44806   37  178 6177.00000 5977.00000  3.24%  55.7  506s
 364081 181465 6084.64048   39  231 6177.00000 5977.01153  3.24%  55.7  511s
 367684 182958 6112.00000   42   32 6177.00000 5977.08475  3.24%  55.8  516s
 370120 183779 5988.00290   40  103 6177.00000 5977.13260  3.24%  55.8  520s
 373952 185255 6044.67983   39  100 6177.00000 5977.21862  3.23%  55.8  525s
 377592 187118     cutoff   44      6177.00000 5977.24673  3.23%  55.7  530s
 381045 188590 6130.91833   38   25 6177.00000 5977.30247  3.23%  55.7  536s
 384913 190032 6023.37667   50   23 6177.00000 5977.38999  3.23%  55.7  541s
 388456 191503 6093.15697   34  193 6177.00000 5977.46004  3.23%  55.8  546s
 391155 192073     cutoff   43      6177.00000 5977.50094  3.23%  55.8  550s
 393381 192870 6091.16667   35   64 6177.00000 5977.54782  3.23%  55.8  556s
 395515 194127 6006.28940   40   82 6177.00000 5977.59388  3.23%  55.8  561s
 398324 195313 6023.15123   35  105 6177.00000 5977.66623  3.23%  55.8  565s
 402091 196732     cutoff   38      6177.00000 5977.74190  3.23%  55.8  570s
 405941 198408 6125.73340   36  234 6177.00000 5977.85229  3.22%  55.8  575s
 409579 199744 6049.76875   37  111 6177.00000 5977.92727  3.22%  55.8  580s
 413281 201099 5978.00000   34   18 6177.00000 5978.00000  3.22%  55.8  585s
 415982 202534 6000.42315   40  176 6177.00000 5978.00000  3.22%  55.9  591s
 418113 203730 5980.81221   40   65 6177.00000 5978.00000  3.22%  56.0  595s
 421670 205339 6146.59198   48  163 6177.00000 5978.00000  3.22%  56.1  600s
 424972 206659 5996.43613   52   87 6177.00000 5978.00000  3.22%  56.2  605s
 427905 207958 5978.00000   33   24 6177.00000 5978.00000  3.22%  56.2  611s
 429342 209116 6007.60917   38   33 6177.00000 5978.00000  3.22%  56.2  615s
 433149 211180 infeasible   36      6177.00000 5978.00000  3.22%  56.4  621s
 435778 212347 5987.27664   44  111 6177.00000 5978.00000  3.22%  56.4  625s
 439376 214323 6019.94819   55   59 6177.00000 5978.00000  3.22%  56.5  631s
 440893 214691 6006.41818   43   55 6177.00000 5978.00840  3.22%  56.5  635s
 444620 216039 6027.44505   44  100 6177.00000 5978.09865  3.22%  56.5  640s
 447651 217794 6134.20642   42  138 6177.00000 5978.14526  3.22%  56.6  645s
 451889 219505 5987.46191   41  172 6177.00000 5978.21892  3.22%  56.6  650s
 455782 221086 6072.06944   36   99 6177.00000 5978.27023  3.22%  56.7  655s
 459754 222963 5988.31346   47  101 6177.00000 5978.31775  3.22%  56.8  661s
 463523 224276 infeasible   55      6177.00000 5978.36873  3.22%  56.8  666s
 467345 225477 6041.01167   34   59 6177.00000 5978.43453  3.21%  56.8  671s
 470143 226871 6075.96000   36   19 6177.00000 5978.47500  3.21%  56.9  676s
 474004 228676 5986.97762   39   74 6177.00000 5978.54536  3.21%  56.9  681s
 476686 229922 6026.98680   43   54 6177.00000 5978.59156  3.21%  56.9  685s
 481962 231772 6079.21250   50   10 6177.00000 5978.66652  3.21%  57.0  691s
 485103 233262 6008.54995   46  127 6177.00000 5978.72982  3.21%  57.0  696s
 488998 234954     cutoff   46      6177.00000 5978.79223  3.21%  57.1  701s
 492870 236196 6105.00000   32   22 6177.00000 5978.86250  3.21%  57.1  706s
 494834 237451 6087.69292   53   93 6177.00000 5978.89389  3.21%  57.1  710s
 499972 239626 6146.89133   44   84 6177.00000 5978.94944  3.21%  57.1  716s
 502467 240105 6118.99585   48  100 6177.00000 5978.98893  3.21%  57.2  720s
 504374 241223 6080.93598   37   25 6177.00000 5979.01724  3.21%  57.2  725s
 507677 242735 6148.06250   63   27 6177.00000 5979.04883  3.20%  57.2  730s
 511491 244407 6057.34675   34  119 6177.00000 5979.12775  3.20%  57.2  735s
 516573 246408 infeasible   52      6177.00000 5979.20210  3.20%  57.3  741s
 520064 248091 6090.39167   42   17 6177.00000 5979.25091  3.20%  57.3  746s
 524218 249873 infeasible   45      6177.00000 5979.30769  3.20%  57.3  750s
 528028 251231 5998.90621   40  143 6177.00000 5979.36674  3.20%  57.3  755s
 531208 252842 6046.84729   30  118 6177.00000 5979.41143  3.20%  57.3  760s
 535393 254321 6152.61392   52   40 6177.00000 5979.46855  3.20%  57.4  766s
 539458 255915 6077.13705   59   70 6177.00000 5979.51574  3.20%  57.4  770s
 543030 257525 5982.03502   51  110 6177.00000 5979.58095  3.20%  57.4  775s
 546961 259034 6076.04209   35   98 6177.00000 5979.63144  3.20%  57.5  780s
 551017 260325     cutoff   48      6177.00000 5979.69923  3.19%  57.5  786s
 553794 261470 5994.20931   48  114 6177.00000 5979.73898  3.19%  57.5  790s
 558086 263045 6073.41822   41  192 6177.00000 5979.79172  3.19%  57.5  795s
 561927 264462     cutoff   47      6177.00000 5979.85644  3.19%  57.5  800s
 564587 265703 6082.95000   79   17 6177.00000 5979.89024  3.19%  57.6  805s
 568614 267290 5985.57956   41  136 6177.00000 5979.96528  3.19%  57.6  810s
 572491 268919 6082.97640   32   93 6177.00000 5980.00000  3.19%  57.6  815s
 576076 270261 6078.51677   38   24 6177.00000 5980.05000  3.19%  57.6  820s
 579674 271149 6130.13637   40  171 6177.00000 5980.11858  3.19%  57.6  825s
 581521 272195 6152.03636   48   41 6177.00000 5980.14065  3.19%  57.7  830s
 585025 273979     cutoff   54      6177.00000 5980.19494  3.19%  57.7  835s
 589011 275428 6108.60646   42  114 6177.00000 5980.24256  3.19%  57.7  840s
 593799 277362 6048.97727   44   73 6177.00000 5980.31498  3.18%  57.7  846s
 597677 278913 infeasible   42      6177.00000 5980.38462  3.18%  57.7  850s
 601067 280195 6030.59551   45  221 6177.00000 5980.43846  3.18%  57.7  855s
 604847 281582 5989.61412   33   39 6177.00000 5980.49602  3.18%  57.7  860s
 608378 282808 6123.78497   40   76 6177.00000 5980.55785  3.18%  57.7  865s
 612368 284328 6102.00000   39   26 6177.00000 5980.61627  3.18%  57.7  870s
 616024 285741     cutoff   41      6177.00000 5980.68231  3.18%  57.8  875s
 619729 287294     cutoff   42      6177.00000 5980.73969  3.18%  57.8  880s
 623729 288558 infeasible   36      6177.00000 5980.80276  3.18%  57.8  885s
 627992 290181 6129.00000   46   34 6177.00000 5980.87915  3.18%  57.8  891s
 631813 291539 6043.14019   44  131 6177.00000 5980.93889  3.17%  57.9  895s
 635226 292820 6029.15456   40   89 6177.00000 5980.98755  3.17%  57.9  900s
 637552 293781 5985.99117   40   97 6177.00000 5981.00000  3.17%  57.9  906s
 638908 294181     cutoff   49      6177.00000 5981.00000  3.17%  58.0  911s
 640880 294944 5993.38568   44  120 6177.00000 5981.00000  3.17%  58.0  915s
 643490 296231 infeasible   41      6177.00000 5981.00000  3.17%  58.1  920s
 646899 297924 5982.10845   43  119 6177.00000 5981.00000  3.17%  58.2  926s
 649607 299082 5989.32969   47  152 6177.00000 5981.00000  3.17%  58.2  930s
 653806 300675     cutoff   43      6177.00000 5981.00000  3.17%  58.3  936s
 657590 302153     cutoff   46      6177.00000 5981.00000  3.17%  58.4  941s
 659103 304050 6070.68632   41  161 6177.00000 5981.00000  3.17%  58.4  950s
 666097 306016 infeasible   41      6177.00000 5981.00000  3.17%  58.7  956s
 668627 307401 5989.08406   32  108 6177.00000 5981.00000  3.17%  58.7  960s
 672123 308587 5988.63732   37   40 6177.00000 5981.00000  3.17%  58.8  965s
 675687 310268 6033.70060   36  115 6177.00000 5981.04426  3.17%  58.8  970s
 679487 311669 6123.53667   42   25 6177.00000 5981.09550  3.17%  58.8  976s
 683275 313129 6079.79375   43   90 6177.00000 5981.13733  3.17%  58.8  980s
 686922 314725 5997.30222   39   21 6177.00000 5981.17819  3.17%  58.9  985s
 690348 316068 6082.00000   40   23 6177.00000 5981.22639  3.17%  58.9  990s
 694098 317697 6040.61407   45  108 6177.00000 5981.26497  3.17%  58.9  995s
 698103 319212 6119.80000   49   31 6177.00000 5981.30061  3.17%  58.9 1000s
 701482 320773 6091.13160   47   29 6177.00000 5981.33333  3.17%  58.9 1005s
 702505 320784 infeasible   53      6177.00000 5981.34463  3.17%  58.9 1010s
 703984 321968     cutoff   37      6177.00000 5981.36381  3.17%  58.9 1015s
 707816 323595 5984.84156   41  107 6177.00000 5981.39348  3.17%  59.0 1021s
 710009 324471 5997.72778   46   67 6177.00000 5981.42406  3.17%  59.0 1025s
 714054 326003 6117.16799   35   93 6177.00000 5981.47473  3.17%  59.0 1030s
 717748 327324 6010.15577   39  133 6177.00000 5981.50649  3.16%  59.1 1036s
 721619 328990 6016.04444   40   30 6177.00000 5981.54209  3.16%  59.1 1041s
 724160 330173 infeasible   43      6177.00000 5981.56433  3.16%  59.1 1045s
 728002 331689 6023.80028   57   79 6177.00000 5981.61538  3.16%  59.1 1050s
 731811 333238 infeasible   56      6177.00000 5981.65037  3.16%  59.1 1055s
 735579 334765 6011.69066   36   98 6177.00000 5981.69805  3.16%  59.1 1061s
 739445 336395 5988.81198   48   59 6177.00000 5981.73407  3.16%  59.1 1066s
 743186 337793 6047.80984   36  165 6177.00000 5981.76923  3.16%  59.1 1070s
 745917 338979     cutoff   56      6177.00000 5981.79805  3.16%  59.1 1076s
 749915 340698     cutoff   51      6177.00000 5981.83955  3.16%  59.1 1081s
 752486 341645 6079.70000   30   11 6177.00000 5981.86974  3.16%  59.2 1085s
 758113 343790 6080.94992   31   51 6177.00000 5981.91082  3.16%  59.1 1091s
 761180 344916 6014.57635  113  117 6177.00000 5981.95000  3.16%  59.1 1096s
 764909 346328 6127.03000   48   15 6177.00000 5981.99389  3.16%  59.1 1101s
 768459 348053 infeasible   40      6177.00000 5982.02718  3.16%  59.1 1106s
 772133 349470 6000.56121   61   75 6177.00000 5982.04895  3.16%  59.2 1110s
 775847 350739 infeasible   53      6177.00000 5982.10413  3.16%  59.2 1115s
 779287 352155 6052.42105   39   40 6177.00000 5982.14291  3.15%  59.2 1120s
 784237 353834 6077.22843   36   19 6177.00000 5982.20606  3.15%  59.2 1126s
 786909 355462 6132.24283   66  147 6177.00000 5982.22222  3.15%  59.2 1130s
 791500 357135 6037.56568   47   32 6177.00000 5982.26148  3.15%  59.2 1136s
 795031 358571     cutoff   48      6177.00000 5982.30000  3.15%  59.2 1141s
 798872 359718     cutoff   39      6177.00000 5982.34030  3.15%  59.2 1146s
 802260 360839 6097.79906   45   54 6177.00000 5982.38095  3.15%  59.2 1151s
 803621 361802 6088.09160   37  118 6177.00000 5982.38095  3.15%  59.2 1155s
 807645 363257 6088.90326   65   51 6177.00000 5982.43925  3.15%  59.2 1160s
 811266 364736 infeasible   40      6177.00000 5982.47934  3.15%  59.3 1165s
 815218 366165 6000.06667   38   54 6177.00000 5982.51033  3.15%  59.3 1170s
 817947 367619 5991.50000   45   18 6177.00000 5982.54823  3.15%  59.3 1175s
 823514 369953 6099.10191   51   74 6177.00000 5982.59140  3.15%  59.3 1181s
 827487 371012 6063.29412   34   47 6177.00000 5982.64244  3.15%  59.3 1186s
 828087 371732 5988.51227   41   56 6177.00000 5982.65656  3.15%  59.3 1190s
 832175 373556 6054.45695   46   83 6177.00000 5982.69255  3.15%  59.3 1195s
 835876 374995 6091.93417   59   36 6177.00000 5982.71934  3.15%  59.3 1200s
 839730 375948     cutoff   44      6177.00000 5982.74839  3.14%  59.3 1205s
 842116 377297 6008.39625   31  102 6177.00000 5982.76519  3.14%  59.3 1211s
 846071 378657 6005.71598   38   25 6177.00000 5982.83666  3.14%  59.3 1216s
 849592 380327 6107.90909   55   23 6177.00000 5982.86392  3.14%  59.2 1221s
 853549 382046 6075.13726   33   20 6177.00000 5982.89904  3.14%  59.2 1226s
 857308 383412 6082.72787   45   18 6177.00000 5982.93878  3.14%  59.2 1230s
 861299 385001 6112.13920   56   58 6177.00000 5982.98000  3.14%  59.2 1235s
 864841 386367 6089.60566   51   42 6177.00000 5983.02000  3.14%  59.3 1240s
 868388 387422 6162.78000   42   28 6177.00000 5983.05044  3.14%  59.3 1245s
 872025 388729 6088.57143   46   22 6177.00000 5983.08939  3.14%  59.3 1250s
 875807 390162 infeasible   37      6177.00000 5983.13675  3.14%  59.3 1255s
 879642 391112 6056.81230   53  167 6177.00000 5983.16216  3.14%  59.3 1260s
 880493 391997 5989.36723   42   79 6177.00000 5983.17139  3.14%  59.3 1267s
 883852 393142 infeasible   48      6177.00000 5983.21255  3.14%  59.3 1271s
 887073 394211 5998.95952   36  122 6177.00000 5983.25000  3.14%  59.3 1275s
 891393 395964     cutoff   65      6177.00000 5983.28314  3.14%  59.3 1280s
 895289 397733 6059.29412   40   46 6177.00000 5983.30769  3.14%  59.4 1285s
 899008 399042 6065.00000   37   43 6177.00000 5983.32500  3.14%  59.4 1290s
 902894 400517 infeasible   53      6177.00000 5983.37666  3.13%  59.4 1295s
 906659 401781 6120.72317   60  102 6177.00000 5983.41185  3.13%  59.4 1300s
 910329 403196 6048.36393   38  128 6177.00000 5983.45455  3.13%  59.4 1305s
 913701 404552 6163.73742   47   91 6177.00000 5983.48536  3.13%  59.4 1310s
 917598 405753 6069.08143   41   20 6177.00000 5983.51489  3.13%  59.4 1315s
 921304 407152 6010.66667   41   76 6177.00000 5983.55850  3.13%  59.4 1320s
 924917 408557     cutoff   59      6177.00000 5983.59596  3.13%  59.5 1325s
 929023 409796 6110.52724   49   44 6177.00000 5983.63366  3.13%  59.4 1330s
 932956 411739 6105.55646   41   24 6177.00000 5983.67768  3.13%  59.5 1336s
 936954 412967 6096.88680   40   38 6177.00000 5983.72133  3.13%  59.5 1341s
 940004 414451     cutoff   36      6177.00000 5983.72414  3.13%  59.5 1346s
 943878 416041 infeasible   34      6177.00000 5983.78233  3.13%  59.5 1350s
 946375 416577 6047.76923   48   48 6177.00000 5983.80754  3.13%  59.5 1355s
 946796 416924 6048.46154   51   33 6177.00000 5983.80785  3.13%  59.5 1361s
 948772 418079 6008.48496   46   80 6177.00000 5983.82990  3.13%  59.5 1365s
 953042 419428 6079.90024   36   30 6177.00000 5983.86914  3.13%  59.5 1371s
 956730 420785 6060.86294   53  177 6177.00000 5983.90217  3.13%  59.5 1376s
 960694 422225 6089.17737   45   53 6177.00000 5983.93863  3.13%  59.5 1380s
 964071 423648 6091.12325   55   43 6177.00000 5983.96250  3.13%  59.5 1385s
 967338 424798 6002.18719   46  115 6177.00000 5984.00000  3.12%  59.6 1390s
 970231 426001 infeasible   53      6177.00000 5984.00000  3.12%  59.6 1396s
 972679 426816 6006.82514   42   81 6177.00000 5984.00000  3.12%  59.7 1400s
 976184 428216 6087.29787   43   28 6177.00000 5984.00000  3.12%  59.7 1406s
 978607 429135 6122.50992   39   72 6177.00000 5984.00000  3.12%  59.8 1410s
 982180 430544 5996.02327   46  118 6177.00000 5984.00000  3.12%  59.8 1416s
 984691 431497     cutoff   54      6177.00000 5984.00000  3.12%  59.9 1420s
 987351 432487 5984.00000   39   16 6177.00000 5984.00000  3.12%  59.9 1425s
 990290 433931 6085.43500   47   40 6177.00000 5984.00000  3.12%  60.0 1431s
 992705 434988     cutoff   54      6177.00000 5984.00000  3.12%  60.0 1435s
 996379 436401 infeasible   41      6177.00000 5984.00997  3.12%  60.1 1441s
 999348 437426 6012.41971   42  101 6177.00000 5984.04472  3.12%  60.1 1445s
 1003009 438645 6028.86877   50  101 6177.00000 5984.07604  3.12%  60.1 1451s
 1006112 439825 6042.52605   57   43 6177.00000 5984.10958  3.12%  60.1 1455s
 1011019 441589 6107.57274   56   78 6177.00000 5984.16129  3.12%  60.1 1461s
 1014078 442923 6009.54774   38   95 6177.00000 5984.18434  3.12%  60.1 1466s
 1017969 444346 5995.68788   44   88 6177.00000 5984.22212  3.12%  60.1 1471s
 1021471 445776     cutoff   57      6177.00000 5984.24083  3.12%  60.1 1476s
 1023957 446761 6029.07000   40   36 6177.00000 5984.26837  3.12%  60.1 1480s
 1027866 448084 6122.25831   50   70 6177.00000 5984.30058  3.12%  60.1 1485s
 1031086 449440 6028.02372   52   88 6177.00000 5984.32195  3.12%  60.2 1490s
 1034940 450678 6014.07999   38   76 6177.00000 5984.36150  3.12%  60.2 1495s
 1038332 452078 6013.23268   56  133 6177.00000 5984.38514  3.12%  60.2 1501s
 1042106 453031 6073.62926   60  177 6177.00000 5984.42316  3.12%  60.2 1506s
 1042175 457907 6073.65298   62  174 6177.00000 5984.42316  3.12%  60.2 1524s
 1045175 457907 6019.30769   53   85 6177.00000 5984.42316  3.12%  60.2 1525s
 1056412 459164 6084.57030   58   50 6177.00000 5984.53018  3.12%  60.2 1531s
 1059075 460172 6096.84382   42   79 6177.00000 5984.55782  3.12%  60.2 1535s
 1063192 461501 6060.39967   39   60 6177.00000 5984.59057  3.11%  60.2 1540s
 1066960 462839 6134.32256   44  146 6177.00000 5984.61806  3.11%  60.2 1545s
 1070474 464183     cutoff   58      6177.00000 5984.65170  3.11%  60.2 1550s
 1074245 465712 6114.26775   47   39 6177.00000 5984.68713  3.11%  60.3 1556s
 1078087 466985 6038.45738   60  184 6177.00000 5984.71394  3.11%  60.3 1561s
 1080882 467856 6111.20459   40   17 6177.00000 5984.73867  3.11%  60.3 1565s
 1084380 468810 6047.94118   37   68 6177.00000 5984.77636  3.11%  60.3 1571s
 1084940 469187 6116.70000   40   63 6177.00000 5984.77636  3.11%  60.3 1576s
 1087074 470302 6064.34450   43   45 6177.00000 5984.80010  3.11%  60.3 1581s
 1090109 470988 6150.44991   38   55 6177.00000 5984.82699  3.11%  60.3 1585s
 1093843 472722     cutoff   53      6177.00000 5984.85828  3.11%  60.3 1591s
 1098478 474408     cutoff   46      6177.00000 5984.88889  3.11%  60.3 1596s
 1101686 475142 6053.97948   36  128 6177.00000 5984.91889  3.11%  60.3 1600s
 1104773 476485 6083.77143   55   40 6177.00000 5984.94296  3.11%  60.3 1605s
 1108380 477838 6122.75633   48   86 6177.00000 5984.98565  3.11%  60.3 1610s
 1110810 478749 6086.72040   49   85 6177.00000 5985.00000  3.11%  60.3 1615s
 1113810 480066 5996.56500   43   20 6177.00000 5985.00000  3.11%  60.4 1621s
 1116398 481276     cutoff   62      6177.00000 5985.01000  3.11%  60.4 1625s
 1119790 482265 infeasible   44      6177.00000 5985.02578  3.11%  60.4 1630s
 1123346 483716 6046.34150   45   76 6177.00000 5985.05116  3.11%  60.4 1635s
 1126881 484986 6010.55068   40  105 6177.00000 5985.08551  3.11%  60.4 1640s
 1130727 486455 6008.00000   51   12 6177.00000 5985.11673  3.11%  60.4 1645s
 1134762 488120 6030.48468   50  175 6177.00000 5985.14662  3.11%  60.4 1650s
 1137708 489187 infeasible   43      6177.00000 5985.17126  3.11%  60.4 1656s
 1141452 490613 6108.15640   36   15 6177.00000 5985.20667  3.10%  60.4 1661s
 1144418 492229 5985.42983   37   47 6177.00000 5985.22222  3.10%  60.4 1665s
 1148473 493729 6135.18570   35  114 6177.00000 5985.23502  3.10%  60.4 1670s
 1150629 494572 6009.52337   44  111 6177.00000 5985.23502  3.10%  60.4 1675s
 1154348 495770 infeasible   51      6177.00000 5985.28058  3.10%  60.4 1681s
 1158354 497257 6114.03758   39   95 6177.00000 5985.30357  3.10%  60.4 1685s
 1161447 498473 6024.14242   43   96 6177.00000 5985.32769  3.10%  60.4 1690s
 1165229 500111 6129.66516   72   87 6177.00000 5985.35378  3.10%  60.4 1695s
 1168810 501426 5988.00000   35   32 6177.00000 5985.39198  3.10%  60.4 1700s
 1172621 503006     cutoff   46      6177.00000 5985.41707  3.10%  60.4 1706s
 1176759 503994     cutoff   45      6177.00000 5985.43929  3.10%  60.3 1711s
 1178092 505002 infeasible   42      6177.00000 5985.44706  3.10%  60.3 1715s
 1180211 505872 5990.84735   50  147 6177.00000 5985.45871  3.10%  60.3 1721s
 1182691 507004 5989.36294   49   84 6177.00000 5985.47342  3.10%  60.3 1725s
 1186565 508552 6010.22123   45  118 6177.00000 5985.50000  3.10%  60.4 1730s
 1190544 509906     cutoff   59      6177.00000 5985.51912  3.10%  60.3 1735s
 1194012 511289 6127.97086   36   52 6177.00000 5985.54545  3.10%  60.3 1740s
 1197862 512838 6071.96395   42  203 6177.00000 5985.56702  3.10%  60.3 1745s
 1203062 514690 6084.48953   42   69 6177.00000 5985.59389  3.10%  60.3 1751s
 1207032 516110 infeasible   52      6177.00000 5985.61838  3.10%  60.3 1756s
 1210717 517647     cutoff   63      6177.00000 5985.63998  3.10%  60.3 1761s
 1214382 518947     cutoff   47      6177.00000 5985.65922  3.10%  60.3 1765s
 1217784 520449 6165.46451   47  117 6177.00000 5985.68585  3.10%  60.3 1770s
 1221608 521430 6053.89380   39  233 6177.00000 5985.70938  3.10%  60.3 1775s
 1224276 522916 6102.08247   45   72 6177.00000 5985.72544  3.10%  60.3 1781s
 1228174 524503 6099.33488   56  176 6177.00000 5985.75533  3.10%  60.3 1786s
 1232227 526133 6029.81504   32  139 6177.00000 5985.78397  3.10%  60.3 1791s
 1236112 527385 infeasible   65      6177.00000 5985.81297  3.10%  60.3 1796s
 1238467 528304 6003.29838   38   97 6177.00000 5985.82616  3.09%  60.3 1801s
 1242178 529941 6157.32667   36   26 6177.00000 5985.85287  3.09%  60.3 1806s
 1246276 531741 6074.02663   52  116 6177.00000 5985.87949  3.09%  60.2 1810s
 1249587 532893     cutoff   46      6177.00000 5985.90308  3.09%  60.2 1815s
 1252304 533731 6157.01662   35   60 6177.00000 5985.92321  3.09%  60.2 1820s
 1255369 535375 6018.61828   42   87 6177.00000 5985.93500  3.09%  60.2 1825s
 1259347 536824 6086.30652   46  105 6177.00000 5985.96135  3.09%  60.2 1830s
 1263294 538692 6117.67409   46  127 6177.00000 5985.98819  3.09%  60.2 1835s
 1266845 540242     cutoff   44      6177.00000 5986.00000  3.09%  60.2 1840s
 1271966 542083 5987.78031   34   32 6177.00000 5986.01349  3.09%  60.1 1845s
 1275753 543874 6035.82400   45   12 6177.00000 5986.03960  3.09%  60.1 1850s
 1279271 544914 6000.02038   37   57 6177.00000 5986.05971  3.09%  60.1 1855s
 1279479 547652 infeasible   41      6177.00000 5986.05971  3.09%  60.1 1865s
 1289051 549503 infeasible   70      6177.00000 5986.12406  3.09%  60.1 1871s
 1292221 550839 5988.85765   60   93 6177.00000 5986.14296  3.09%  60.1 1875s
 1296487 552451 6030.12259   32  150 6177.00000 5986.16944  3.09%  60.1 1880s
 1300585 554103 6009.64279   52   62 6177.00000 5986.18961  3.09%  60.1 1885s
 1303748 555296 6082.45500   43    8 6177.00000 5986.21338  3.09%  60.1 1890s
 1309159 557675 6117.47344   44  115 6177.00000 5986.25045  3.09%  60.0 1896s
 1312969 558988 6099.21159   43  186 6177.00000 5986.26916  3.09%  60.0 1900s
 1316609 560479 6042.75545   35  124 6177.00000 5986.29828  3.09%  60.0 1905s
 1320902 562038 6090.48349   50   68 6177.00000 5986.31974  3.09%  60.0 1910s
 1325155 563934 6035.51042   48   69 6177.00000 5986.32903  3.09%  59.9 1915s
 1330092 565917 5987.30753   48  155 6177.00000 5986.35541  3.09%  59.9 1921s
 1333314 567282 6078.89516   60  112 6177.00000 5986.36949  3.09%  59.9 1925s
 1337830 568686 6012.23100   66   44 6177.00000 5986.38933  3.09%  59.8 1930s
 1342300 570545 5986.48979   57  149 6177.00000 5986.41359  3.09%  59.8 1935s
 1343918 571025 5991.26000   88   72 6177.00000 5986.42017  3.09%  59.8 1940s
 1347879 572606 5990.32005   45   70 6177.00000 5986.45022  3.08%  59.8 1945s
 1351294 574038 6001.00000   38   15 6177.00000 5986.46939  3.08%  59.8 1950s
 1355310 575432     cutoff   38      6177.00000 5986.49112  3.08%  59.8 1955s
 1358728 576687 6085.58115   44  226 6177.00000 5986.51509  3.08%  59.8 1960s
 1362720 577792 5997.05557   49   53 6177.00000 5986.54006  3.08%  59.8 1966s
 1362965 577904 5997.21359   51   48 6177.00000 5986.54006  3.08%  59.8 1970s
 1365622 579542 6019.79583   59   44 6177.00000 5986.55356  3.08%  59.8 1975s
 1369777 581018 6002.08742   51   96 6177.00000 5986.58718  3.08%  59.8 1981s
 1372793 582078 6007.04181   49   75 6177.00000 5986.60453  3.08%  59.8 1985s
 1377450 584394 6020.13043   50   97 6177.00000 5986.62500  3.08%  59.8 1991s
 1381387 585898 6026.03202   44  106 6177.00000 5986.63477  3.08%  59.7 1995s
 1384989 586913 6091.42296   65   69 6177.00000 5986.66154  3.08%  59.7 2000s
 1388796 588445 5987.61315   36   73 6177.00000 5986.68908  3.08%  59.7 2005s
 1391774 589688 6100.64707   41   40 6177.00000 5986.70947  3.08%  59.7 2010s
 1395612 591057     cutoff   40      6177.00000 5986.73333  3.08%  59.7 2016s
 1399916 592805 6020.62529   48  141 6177.00000 5986.75601  3.08%  59.6 2020s
 1403804 594014 6023.49315   53  105 6177.00000 5986.78081  3.08%  59.6 2025s
 1407359 595358 6034.43177   43  163 6177.00000 5986.80695  3.08%  59.6 2030s
 1411183 596815 6106.16667   57   13 6177.00000 5986.83490  3.08%  59.6 2036s
 1415306 598551 6032.17579   55   48 6177.00000 5986.86219  3.08%  59.6 2041s
 1418827 599817 6025.13654   37   46 6177.00000 5986.88000  3.08%  59.6 2045s
 1421808 601046 6099.20444   47   19 6177.00000 5986.88929  3.08%  59.6 2051s
 1425919 602564 infeasible   47      6177.00000 5986.91278  3.08%  59.6 2056s
 1429957 604242     cutoff   36      6177.00000 5986.92827  3.08%  59.6 2061s
 1433860 605346 5996.73414   38   61 6177.00000 5986.95703  3.08%  59.6 2066s
 1437106 606684 6066.43218   38   67 6177.00000 5986.98450  3.08%  59.6 2071s
 1440647 607820 6040.91893   49  132 6177.00000 5987.00000  3.08%  59.6 2076s
 1443564 608894 6120.12814   43  108 6177.00000 5987.00000  3.08%  59.6 2081s
 1444795 613086     cutoff   44      6177.00000 5987.00000  3.08%  59.6 2101s
 1458423 614542 5991.06842   40  102 6177.00000 5987.02844  3.08%  59.7 2106s
 1460394 614812 6026.54063   60   32 6177.00000 5987.03851  3.08%  59.7 2110s
 1464110 616589 6172.82353   48   90 6177.00000 5987.04438  3.08%  59.7 2115s
 1468254 618124 6102.07090   43   48 6177.00000 5987.06000  3.07%  59.7 2121s
 1471518 619512 5987.92716   61   75 6177.00000 5987.07500  3.07%  59.6 2125s
 1475597 621103 6018.57532   77   53 6177.00000 5987.08835  3.07%  59.6 2130s
 1480150 622850 6100.44716   44   24 6177.00000 5987.11696  3.07%  59.6 2135s
 1484078 624542 6023.02167   53   31 6177.00000 5987.13956  3.07%  59.6 2141s
 1487178 625605 infeasible   64      6177.00000 5987.14903  3.07%  59.6 2146s
 1490725 627228     cutoff   49      6177.00000 5987.17451  3.07%  59.6 2151s
 1494601 628693 5992.34318   42   84 6177.00000 5987.19257  3.07%  59.5 2156s
 1498385 629905 6086.42739   50  113 6177.00000 5987.20690  3.07%  59.5 2161s
 1502258 631296     cutoff   76      6177.00000 5987.23077  3.07%  59.5 2165s
 1505606 632514 6017.04390   48  126 6177.00000 5987.25180  3.07%  59.5 2170s
 1509261 633978     cutoff   51      6177.00000 5987.27172  3.07%  59.5 2175s
 1512994 635401     cutoff   43      6177.00000 5987.29472  3.07%  59.5 2180s
 1517071 637091 infeasible   38      6177.00000 5987.31368  3.07%  59.5 2185s
 1520638 638608 5992.92443   43  115 6177.00000 5987.32500  3.07%  59.5 2191s
 1525311 640438 6123.12333   50   32 6177.00000 5987.34175  3.07%  59.5 2196s
 1529198 642132     cutoff   54      6177.00000 5987.36484  3.07%  59.5 2201s
 1532006 642673 6014.75290   51  147 6177.00000 5987.37828  3.07%  59.5 2205s
 1534293 644133 6116.11841   48  202 6177.00000 5987.39047  3.07%  59.5 2210s
 1537704 645436 6035.50413   43  139 6177.00000 5987.40133  3.07%  59.5 2216s
 1541467 646725 6148.32272   40  188 6177.00000 5987.42287  3.07%  59.4 2221s
 1545418 648166 6082.89035   58   31 6177.00000 5987.44289  3.07%  59.4 2226s
 1549227 649822 6059.03571   52  122 6177.00000 5987.46500  3.07%  59.4 2231s
 1553029 651361     cutoff   67      6177.00000 5987.48569  3.07%  59.4 2235s
 1556392 652792 6024.73009   42   81 6177.00000 5987.50186  3.07%  59.4 2241s
 1559441 653954 6012.78033   43   89 6177.00000 5987.51699  3.07%  59.4 2245s
 1563874 655245     cutoff   53      6177.00000 5987.54118  3.07%  59.4 2250s
 1567444 656600 6135.89732   52  174 6177.00000 5987.55657  3.07%  59.4 2255s
 1571235 657777 6089.25000   44   77 6177.00000 5987.57935  3.07%  59.4 2260s
 1575054 659237 6003.40533   46   41 6177.00000 5987.60515  3.07%  59.4 2265s
 1579862 660789 6136.73505   42   49 6177.00000 5987.63636  3.07%  59.4 2271s
 1583335 661800 6105.44500   51   21 6177.00000 5987.65904  3.07%  59.4 2276s
 1584873 662520 6105.32398   48  183 6177.00000 5987.66470  3.07%  59.4 2280s
 1588957 664309 5999.83254   48   38 6177.00000 5987.68212  3.06%  59.3 2285s
 1593069 665811 6050.71109   45   68 6177.00000 5987.70093  3.06%  59.3 2291s
 1597353 667485 6016.05556   24   59 6177.00000 5987.72432  3.06%  59.3 2295s
 1601017 668257 6102.88537   62   64 6177.00000 5987.73656  3.06%  59.3 2300s
 1601723 668942 6000.93562   49   69 6177.00000 5987.73846  3.06%  59.3 2305s
 1606684 671103 6065.77067   45  203 6177.00000 5987.75940  3.06%  59.3 2311s
 1609499 672084 6145.29010   39  159 6177.00000 5987.77652  3.06%  59.3 2315s
 1613327 673692 6009.24777   40  109 6177.00000 5987.79475  3.06%  59.3 2320s
 1618865 675860 6001.22835   37   22 6177.00000 5987.81429  3.06%  59.2 2326s
 1622631 677493 6008.29085   44  109 6177.00000 5987.83039  3.06%  59.2 2330s
 1626320 678703 6107.87805   39   41 6177.00000 5987.84739  3.06%  59.2 2335s
 1630421 680185 5990.58721   44   37 6177.00000 5987.86812  3.06%  59.2 2340s
 1635613 682180 6050.35127   51  101 6177.00000 5987.88889  3.06%  59.2 2346s
 1639113 683587 infeasible   50      6177.00000 5987.89989  3.06%  59.2 2350s
 1641701 684435     cutoff   65      6177.00000 5987.91231  3.06%  59.2 2355s
 1644007 685159     cutoff   60      6177.00000 5987.91667  3.06%  59.2 2360s
 1646669 686390 6019.70000   48   40 6177.00000 5987.92968  3.06%  59.2 2365s
 1649938 687345 infeasible   59      6177.00000 5987.95507  3.06%  59.1 2370s
 1653296 689022 6103.12173   52   49 6177.00000 5987.97066  3.06%  59.1 2375s
 1657116 690496     cutoff   58      6177.00000 5987.99527  3.06%  59.1 2380s
 1659924 691620 6135.79899   63  103 6177.00000 5988.00000  3.06%  59.2 2385s
 1662781 693093 infeasible   46      6177.00000 5988.00000  3.06%  59.2 2391s
 1665325 694010 6012.22513   51  125 6177.00000 5988.00000  3.06%  59.2 2395s
 1667937 694988 6080.35126   46  114 6177.00000 5988.00000  3.06%  59.3 2400s
 1671567 696620 6009.68024   41   53 6177.00000 5988.00000  3.06%  59.3 2406s
 1673993 697608 5993.31492   45   50 6177.00000 5988.00000  3.06%  59.4 2411s
 1676537 698660 infeasible   46      6177.00000 5988.00000  3.06%  59.4 2415s
 1679115 699179 6101.24000   44   12 6177.00000 5988.00000  3.06%  59.4 2421s
 1679662 699732 6080.49992   39   30 6177.00000 5988.00000  3.06%  59.4 2425s
 1681922 700818     cutoff   45      6177.00000 5988.00000  3.06%  59.5 2430s
 1685677 702260 5999.80082   37  122 6177.00000 5988.00000  3.06%  59.5 2436s
 1687959 703355 6029.66320   50  101 6177.00000 5988.00000  3.06%  59.5 2440s
 1690610 704667 5995.15479   44  114 6177.00000 5988.00000  3.06%  59.6 2445s
 1694326 706408 6077.69520   62  208 6177.00000 5988.00000  3.06%  59.6 2451s
 1695798 706736 5995.88905   47  138 6177.00000 5988.00000  3.06%  59.6 2455s
 1697804 707845 6101.45109   38  200 6177.00000 5988.00000  3.06%  59.7 2460s
 1699227 708546 6029.77359   33   91 6177.00000 5988.00000  3.06%  59.7 2465s
 1701899 709810 5988.54397   40   12 6177.00000 5988.00000  3.06%  59.7 2470s
 1706461 711917 6048.17291   42   92 6177.00000 5988.01386  3.06%  59.7 2476s
 1709974 713092 6011.87500   79   27 6177.00000 5988.02500  3.06%  59.7 2481s
 1713980 714643 6095.17292   35  130 6177.00000 5988.04385  3.06%  59.7 2486s
 1716720 715828 5999.82917   53   65 6177.00000 5988.05005  3.06%  59.7 2490s
 1720814 717185 6026.73371   49  132 6177.00000 5988.07832  3.06%  59.7 2495s
 1725682 719119 6125.08377   53  110 6177.00000 5988.09644  3.06%  59.7 2501s
 1729722 720660     cutoff   67      6177.00000 5988.10959  3.06%  59.6 2505s
 1733023 721773     cutoff   51      6177.00000 5988.12758  3.06%  59.6 2510s
 1736692 723104 6026.52571   46   69 6177.00000 5988.14795  3.06%  59.6 2515s
 1739210 724290 infeasible   42      6177.00000 5988.16412  3.06%  59.7 2520s
 1743727 725630 6084.94502   44   68 6177.00000 5988.18889  3.06%  59.6 2525s
 1747735 727283 6117.81398   52   91 6177.00000 5988.20374  3.06%  59.6 2530s
 1751631 728774 5998.69010   47   35 6177.00000 5988.21955  3.06%  59.6 2535s
 1755540 730086 6147.81010   74   33 6177.00000 5988.23218  3.06%  59.6 2540s
 1759028 731183 infeasible   44      6177.00000 5988.25071  3.06%  59.6 2545s
 1761751 731874 6006.33158   67   43 6177.00000 5988.25931  3.06%  59.6 2551s
 1762352 732647 6147.57978   55  125 6177.00000 5988.25931  3.06%  59.6 2555s
 1766586 734347     cutoff   53      6177.00000 5988.28072  3.06%  59.6 2560s
 1770687 735996 6091.15000   60   65 6177.00000 5988.29563  3.05%  59.6 2566s
 1774748 737611 6066.55417   44  134 6177.00000 5988.30360  3.05%  59.6 2571s
 1777889 738559 5995.74074   40  111 6177.00000 5988.31252  3.05%  59.6 2575s
 1780899 739785 6009.01355   42   78 6177.00000 5988.32401  3.05%  59.6 2580s
 1783858 741433 6104.90225   57  112 6177.00000 5988.33333  3.05%  59.6 2585s
 1787840 743134 6114.63549   49   64 6177.00000 5988.35169  3.05%  59.6 2590s
 1791716 744549 6085.50041   47   86 6177.00000 5988.36958  3.05%  59.6 2595s
 1796138 746052 6074.97314   41  159 6177.00000 5988.37781  3.05%  59.5 2600s
 1800876 747729 6050.63391   45  128 6177.00000 5988.39572  3.05%  59.5 2606s
 1804385 748740 6117.87249   56   53 6177.00000 5988.40920  3.05%  59.5 2611s
 1804521 748981 6034.27941   41   49 6177.00000 5988.40920  3.05%  59.5 2616s
 1807486 750513 6015.18655   42   25 6177.00000 5988.41740  3.05%  59.5 2621s
 1811708 752111 6009.54667   47   53 6177.00000 5988.43000  3.05%  59.5 2625s
 1815322 753407 6004.60418   50  156 6177.00000 5988.43994  3.05%  59.5 2630s
 1818422 754584 6149.43795   46   71 6177.00000 5988.45490  3.05%  59.5 2635s
 1821670 755992     cutoff   60      6177.00000 5988.46823  3.05%  59.5 2640s
 1826626 757743 infeasible   42      6177.00000 5988.48500  3.05%  59.5 2646s
 1828337 758493 6044.88235   53   17 6177.00000 5988.48803  3.05%  59.5 2650s
 1832445 760042 6092.00000   41   70 6177.00000 5988.49575  3.05%  59.4 2655s
 1836457 761556 6037.94500   51   21 6177.00000 5988.50809  3.05%  59.4 2660s
 1840263 763152 6020.58889   60   36 6177.00000 5988.52157  3.05%  59.4 2665s
 1845371 765093 6049.62894   57  120 6177.00000 5988.53964  3.05%  59.4 2671s
 1849230 766471 6061.66217   58  180 6177.00000 5988.55403  3.05%  59.4 2676s
 1851809 767372 6089.40018   37  131 6177.00000 5988.55918  3.05%  59.4 2681s
 1855473 768960 6067.00000   31   63 6177.00000 5988.57412  3.05%  59.4 2686s
 1857861 769920 6046.42667   42   28 6177.00000 5988.58230  3.05%  59.4 2690s
 1861847 771583 infeasible   65      6177.00000 5988.59301  3.05%  59.4 2695s
 1865933 773276 6016.79133   58  197 6177.00000 5988.60526  3.05%  59.4 2700s
 1869753 774902     cutoff   63      6177.00000 5988.61314  3.05%  59.4 2705s
 1873098 776204 infeasible   60      6177.00000 5988.62370  3.05%  59.4 2710s
 1876787 777570 6115.17241   46   26 6177.00000 5988.63748  3.05%  59.4 2715s
 1880437 779314 6024.62471   61   81 6177.00000 5988.65037  3.05%  59.4 2720s
 1884934 780935 6096.08392   37  107 6177.00000 5988.66154  3.05%  59.4 2725s
 1889964 782890 6076.89831   34   20 6177.00000 5988.67653  3.05%  59.3 2731s
 1893549 784234 6042.11167   47   49 6177.00000 5988.69061  3.05%  59.3 2735s
 1895954 785299 6088.75000   38   20 6177.00000 5988.69524  3.05%  59.3 2740s
 1899585 786740 5999.11638   50  143 6177.00000 5988.70795  3.05%  59.3 2745s
 1903830 788251     cutoff   48      6177.00000 5988.72089  3.05%  59.3 2750s
 1906466 789645 6159.58455   57  147 6177.00000 5988.72788  3.05%  59.3 2755s
 1911387 791606 5991.88232   37   44 6177.00000 5988.74472  3.05%  59.3 2761s
 1915354 793136 6149.39488   56  149 6177.00000 5988.75934  3.05%  59.2 2765s
 1918828 794794     cutoff   55      6177.00000 5988.76906  3.05%  59.2 2770s
 1922955 796154 6083.64000   57   22 6177.00000 5988.78520  3.05%  59.2 2775s
 1926197 797276     cutoff   60      6177.00000 5988.80093  3.05%  59.2 2780s
 1931572 799732 6075.94664   33   29 6177.00000 5988.81198  3.05%  59.2 2786s
 1935100 801061 6001.45911   49  104 6177.00000 5988.82710  3.05%  59.2 2790s
 1939160 802875 infeasible   96      6177.00000 5988.83930  3.05%  59.1 2795s
 1942664 804010 5990.96023   42   45 6177.00000 5988.84946  3.05%  59.1 2800s
 1943995 804843 6041.70940   37  136 6177.00000 5988.85367  3.05%  59.1 2805s
 1948143 806601 6088.83500   54   27 6177.00000 5988.86680  3.05%  59.1 2811s
 1951382 808282     cutoff   47      6177.00000 5988.87502  3.05%  59.1 2816s
 1956070 810033 6107.42222   81   30 6177.00000 5988.88344  3.05%  59.1 2821s
 1960052 811614 6104.60000   51   44 6177.00000 5988.89793  3.05%  59.0 2826s
 1963714 813325     cutoff   85      6177.00000 5988.90654  3.05%  59.0 2830s
 1967874 815040 6048.89914   41  101 6177.00000 5988.91680  3.04%  59.0 2835s
 1972871 817090 6023.18702   42  155 6177.00000 5988.92839  3.04%  59.0 2841s
 1977093 818748 6009.96552   41   17 6177.00000 5988.93516  3.04%  59.0 2845s
 1981588 820443 6087.72493   48  177 6177.00000 5988.95495  3.04%  59.0 2851s
 1985021 821873 6021.56111   40   65 6177.00000 5988.96825  3.04%  58.9 2855s
 1988116 823186 6095.00000   50   43 6177.00000 5988.97857  3.04%  58.9 2860s
 1992016 824788 6111.93970   39  151 6177.00000 5988.99010  3.04%  58.9 2865s
 1997283 826833 6002.16485   45  112 6177.00000 5989.00282  3.04%  58.9 2871s
 2001150 828368     cutoff  108      6177.00000 5989.02125  3.04%  58.9 2876s
 2004627 829762 6031.55458   37  132 6177.00000 5989.03533  3.04%  58.9 2880s
 2007719 831215 6017.03704   40   90 6177.00000 5989.04439  3.04%  58.9 2885s
 2012137 832815 infeasible   44      6177.00000 5989.05405  3.04%  58.8 2890s
 2015059 833974 6097.08741   48   54 6177.00000 5989.06371  3.04%  58.8 2896s
 2018762 835576 5999.94407   64   95 6177.00000 5989.07264  3.04%  58.8 2900s
 2022656 837131     cutoff   71      6177.00000 5989.08474  3.04%  58.8 2905s
 2026514 838909 6006.39496   60   58 6177.00000 5989.09361  3.04%  58.8 2910s
 2031566 841017     cutoff   64      6177.00000 5989.11182  3.04%  58.7 2916s
 2035252 842494 6004.43667   44   23 6177.00000 5989.12058  3.04%  58.7 2920s
 2039266 844391 6061.60577   47   64 6177.00000 5989.13126  3.04%  58.7 2925s
 2044398 846867 6051.75193   68  112 6177.00000 5989.14015  3.04%  58.7 2931s
 2048399 848630 infeasible   81      6177.00000 5989.14428  3.04%  58.6 2936s
 2052187 849965 5990.24002   94   99 6177.00000 5989.15000  3.04%  58.6 2941s
 2055924 851507 6002.80566   70   70 6177.00000 5989.16006  3.04%  58.6 2945s
 2059713 853084 5990.51772   56   68 6177.00000 5989.16841  3.04%  58.6 2950s
 2063865 854455 6104.50820   39   44 6177.00000 5989.17736  3.04%  58.6 2955s
 2066452 855685     cutoff   87      6177.00000 5989.18277  3.04%  58.6 2960s
 2071762 858246 infeasible   52      6177.00000 5989.19797  3.04%  58.5 2966s
 2073111 858494 5991.88490   58   48 6177.00000 5989.19941  3.04%  58.5 2970s
 2077331 860696 5999.41479   48  131 6177.00000 5989.20556  3.04%  58.5 2976s
 2081193 862667 6028.53292   70   96 6177.00000 5989.21305  3.04%  58.5 2980s
 2085510 864397 6094.99364   47   66 6177.00000 5989.22107  3.04%  58.5 2985s
 2089742 866432 5991.91180  112   95 6177.00000 5989.23192  3.04%  58.4 2990s
 2094765 868411 6098.98686   54   20 6177.00000 5989.24132  3.04%  58.4 2996s
 2098637 870245 5996.19391   70   53 6177.00000 5989.25000  3.04%  58.4 3000s
 2102912 872132 6107.32340   53   19 6177.00000 5989.25747  3.04%  58.4 3005s
 2108032 874261 infeasible   72      6177.00000 5989.26630  3.04%  58.3 3010s
 2111655 875670 6004.85111   70   29 6177.00000 5989.27268  3.04%  58.3 3016s
 2115138 877416 6007.65118   96   52 6177.00000 5989.27889  3.04%  58.3 3021s
 2118677 879257 5998.83853   51   38 6177.00000 5989.28751  3.04%  58.2 3025s
 2122772 880962 6121.05058   40   67 6177.00000 5989.29932  3.04%  58.2 3030s
 2126467 882306 5991.48118   49  100 6177.00000 5989.30769  3.04%  58.2 3035s
 2131419 884940 6141.07963   50   31 6177.00000 5989.31658  3.04%  58.2 3041s
 2135749 886704 5991.90189   98   80 6177.00000 5989.32638  3.04%  58.1 3045s
 2140342 888911 5990.52740   50   39 6177.00000 5989.33390  3.04%  58.1 3050s
 2145889 890933 6062.96882   55   87 6177.00000 5989.34390  3.04%  58.1 3055s
 2150445 893081 5998.73773   86   48 6177.00000 5989.35461  3.04%  58.0 3060s
 2155132 895237 6131.42535   56   61 6177.00000 5989.36195  3.04%  58.0 3065s
 2159633 897307     cutoff   56      6177.00000 5989.36772  3.04%  58.0 3070s
 2164684 899200 6004.01495   65   43 6177.00000 5989.37497  3.04%  57.9 3075s
 2169378 901533 6004.41736   91  124 6177.00000 5989.38131  3.04%  57.9 3080s
 2171694 902108 6034.56703   52  182 6177.00000 5989.38553  3.04%  57.9 3086s
 2175112 904167 5993.05996   59   40 6177.00000 5989.39017  3.04%  57.8 3090s
 2180293 906240 6133.48951   40  136 6177.00000 5989.40370  3.04%  57.8 3096s
 2185473 908354 6015.20112   79   35 6177.00000 5989.41053  3.04%  57.8 3101s
 2187916 909166 5994.93094   71   60 6177.00000 5989.41546  3.04%  57.8 3105s
 2192019 910601 6083.35572   36   54 6177.00000 5989.42343  3.04%  57.7 3111s
 2196494 912682 6039.50686   52   86 6177.00000 5989.43097  3.04%  57.7 3115s
 2200931 914629 6168.88401   73  141 6177.00000 5989.44444  3.04%  57.7 3120s
 2205848 916816 6085.24554   55   17 6177.00000 5989.45383  3.04%  57.6 3126s
 2209399 918270 6120.09391   69   54 6177.00000 5989.46440  3.04%  57.6 3130s
 2215089 920700 6018.93547   46  122 6177.00000 5989.47351  3.04%  57.6 3135s
 2219602 922523 6131.67121   53  175 6177.00000 5989.48169  3.04%  57.6 3141s
 2223171 924333 6030.88487   44   87 6177.00000 5989.49339  3.04%  57.5 3145s
 2227749 925858 6095.33167   41   20 6177.00000 5989.50000  3.04%  57.5 3150s
 2233074 928279 6103.87952   35   33 6177.00000 5989.50771  3.04%  57.5 3156s
 2238257 930508 5992.36087   42   85 6177.00000 5989.51192  3.04%  57.4 3161s
 2241732 931957 6005.64262   50  111 6177.00000 5989.52072  3.04%  57.4 3165s
 2246384 933946 6086.39038   60   23 6177.00000 5989.52738  3.04%  57.4 3170s
 2251604 936283 6013.59044   62  160 6177.00000 5989.53910  3.03%  57.4 3176s
 2254439 937462 6050.10703   41   65 6177.00000 5989.54349  3.03%  57.4 3180s
 2259634 939461 6096.17374   64   75 6177.00000 5989.55364  3.03%  57.3 3186s
 2261783 940415 6020.48381   80   43 6177.00000 5989.55718  3.03%  57.3 3191s
 2265932 942280 5989.90701   76   87 6177.00000 5989.56342  3.03%  57.3 3195s
 2271526 944557 infeasible   79      6177.00000 5989.57269  3.03%  57.2 3201s
 2274475 945732 5998.46759   52   73 6177.00000 5989.57693  3.03%  57.2 3205s
 2279855 947983 5995.98813   95   34 6177.00000 5989.58476  3.03%  57.2 3210s
 2284587 950167 5992.75613   74   40 6177.00000 5989.59155  3.03%  57.2 3215s
 2288899 951900 6125.76471   39   32 6177.00000 5989.59856  3.03%  57.1 3220s
 2293674 954095 6105.37043   69   73 6177.00000 5989.60235  3.03%  57.1 3225s
 2298451 956045 5990.95398   53   58 6177.00000 5989.60870  3.03%  57.1 3231s
 2303172 957614 5996.46839   45   31 6177.00000 5989.61325  3.03%  57.0 3235s
 2305467 959169 6004.51489   47  102 6177.00000 5989.61721  3.03%  57.0 3240s
 2310133 961381 5993.37613   49   40 6177.00000 5989.62364  3.03%  57.0 3245s
 2315815 963707 6045.93265   55   54 6177.00000 5989.63017  3.03%  56.9 3250s
 2321203 966227 5998.15413   46  154 6177.00000 5989.63511  3.03%  56.9 3256s
 2325410 967963 infeasible   74      6177.00000 5989.63951  3.03%  56.9 3260s
 2330829 970678 6021.03125   64   47 6177.00000 5989.64380  3.03%  56.8 3266s
 2336179 972730 6098.03751   60   35 6177.00000 5989.64999  3.03%  56.8 3270s
 2339192 974754 6031.58667   35   46 6177.00000 5989.65592  3.03%  56.8 3275s
 2344736 976683 6089.08000   60   20 6177.00000 5989.66398  3.03%  56.7 3280s
 2349862 978611 6006.16116   78   46 6177.00000 5989.67000  3.03%  56.7 3286s
 2350389 978817 5989.93555  100  109 6177.00000 5989.67033  3.03%  56.7 3291s
 2351475 979840     cutoff   65      6177.00000 5989.67103  3.03%  56.7 3295s
 2355425 981109     cutoff   98      6177.00000 5989.67765  3.03%  56.7 3300s
 2356941 982222 6104.27413   88   51 6177.00000 5989.67930  3.03%  56.6 3305s
 2362838 984703 6128.60000   77   39 6177.00000 5989.68744  3.03%  56.6 3310s
 2367518 986727 6101.60694   55   22 6177.00000 5989.69788  3.03%  56.6 3316s
 2371646 988408 6083.17548   52   23 6177.00000 5989.70220  3.03%  56.5 3320s
 2375492 990080 5993.04607   95   47 6177.00000 5989.70796  3.03%  56.5 3325s
 2381113 992101 6007.30070   37   57 6177.00000 5989.71341  3.03%  56.5 3330s
 2385912 994353 6025.34646   78   81 6177.00000 5989.71989  3.03%  56.5 3335s
 2390738 996189 6163.04857   40   84 6177.00000 5989.72387  3.03%  56.4 3340s
 2395319 998234 6088.70038   87   39 6177.00000 5989.72941  3.03%  56.4 3345s
 2399793 1000266 infeasible   89      6177.00000 5989.73660  3.03%  56.4 3350s
 2405039 1002750 6097.20738   86   17 6177.00000 5989.74421  3.03%  56.3 3355s
 2409925 1004674 5990.68714   80   46 6177.00000 5989.75035  3.03%  56.3 3360s
 2415402 1007422 5990.60835   72   35 6177.00000 5989.75815  3.03%  56.3 3366s
 2419149 1009228 5990.56834   87   32 6177.00000 5989.76295  3.03%  56.3 3370s
 2424601 1011558 6008.67876   35  115 6177.00000 5989.76727  3.03%  56.2 3375s
 2429894 1014196 6004.89539   61   49 6177.00000 5989.77186  3.03%  56.2 3381s
 2434537 1015829 6003.32078   74   35 6177.00000 5989.77425  3.03%  56.1 3385s
 2438433 1016813 infeasible   53      6177.00000 5989.77774  3.03%  56.1 3390s
 2441852 1018684     cutoff   96      6177.00000 5989.78008  3.03%  56.1 3395s
 2447430 1021140 infeasible  111      6177.00000 5989.78593  3.03%  56.0 3401s
 2452042 1023192 6089.28295   47   25 6177.00000 5989.78824  3.03%  56.0 3405s
 2456945 1025485 5992.75814   80   59 6177.00000 5989.79237  3.03%  56.0 3410s
 2461557 1027559     cutoff   95      6177.00000 5989.79718  3.03%  55.9 3415s
 2466535 1029946 6026.26789   74   37 6177.00000 5989.80115  3.03%  55.9 3420s
 2472240 1032176 5990.49423   87   84 6177.00000 5989.80596  3.03%  55.9 3426s
 2477286 1034231 6024.41287   52  122 6177.00000 5989.81343  3.03%  55.8 3431s
 2480963 1035924     cutoff   59      6177.00000 5989.81736  3.03%  55.8 3435s
 2486786 1038319 6002.99758   52   93 6177.00000 5989.82471  3.03%  55.8 3440s
 2491258 1040362 6018.44505   94   57 6177.00000 5989.82807  3.03%  55.7 3445s
 2497054 1042819 6081.15944   33   35 6177.00000 5989.83337  3.03%  55.7 3450s
 2502283 1044960 6122.00000   47   13 6177.00000 5989.83811  3.03%  55.6 3455s
 2506776 1047381 5991.83352   72   42 6177.00000 5989.84068  3.03%  55.6 3460s
 2513588 1049978 5993.97359   59   45 6177.00000 5989.84523  3.03%  55.5 3465s
 2519113 1052644 5991.97353   85   37 6177.00000 5989.85159  3.03%  55.5 3471s
 2523548 1053913 6001.87318   70   80 6177.00000 5989.85433  3.03%  55.5 3475s
 2525519 1055118 6133.44108   74   43 6177.00000 5989.85639  3.03%  55.4 3480s
 2531861 1057648 5990.23137   61   49 6177.00000 5989.86061  3.03%  55.4 3485s
 2537016 1060006 infeasible   79      6177.00000 5989.86271  3.03%  55.3 3490s
 2542626 1062487 6094.21233   34  137 6177.00000 5989.86996  3.03%  55.3 3495s
 2547499 1064734 6084.45670   50   81 6177.00000 5989.87508  3.03%  55.3 3501s
 2552839 1066383     cutoff   72      6177.00000 5989.88143  3.03%  55.2 3506s
 2554309 1067422 infeasible   95      6177.00000 5989.88203  3.03%  55.2 3510s
 2559014 1069596 6026.92298   46   31 6177.00000 5989.88650  3.03%  55.2 3515s
 2565143 1071943 6142.28962   93   80 6177.00000 5989.89179  3.03%  55.1 3520s
 2570051 1074453 6014.70773   57   76 6177.00000 5989.89846  3.03%  55.1 3525s
 2574776 1076358 6040.18930   46  123 6177.00000 5989.90268  3.03%  55.1 3530s
 2580502 1079111 5990.50980   71   42 6177.00000 5989.90625  3.03%  55.0 3535s
 2585897 1081541 6124.70200   75   53 6177.00000 5989.91304  3.03%  55.0 3540s
 2590474 1083472 5993.58512   78   64 6177.00000 5989.91768  3.03%  55.0 3545s
 2594246 1085504     cutoff   77      6177.00000 5989.92059  3.03%  54.9 3550s
 2599875 1087505 infeasible   43      6177.00000 5989.92667  3.03%  54.9 3555s
 2605216 1089789 6117.22912   99   50 6177.00000 5989.93148  3.03%  54.9 3560s
 2610080 1091827 6045.38445   88  118 6177.00000 5989.93661  3.03%  54.8 3565s
 2615759 1094110     cutoff   90      6177.00000 5989.94037  3.03%  54.8 3570s
 2620819 1095904 6002.35612   48  103 6177.00000 5989.94549  3.03%  54.7 3575s
 2626996 1098421 5991.97342   79   48 6177.00000 5989.95104  3.03%  54.7 3580s
 2630883 1100391 6012.24896   50   77 6177.00000 5989.95519  3.03%  54.7 3585s
 2637978 1102954 6150.97564   59   34 6177.00000 5989.96044  3.03%  54.6 3591s
 2643052 1105357 6128.34208   50   92 6177.00000 5989.96586  3.03%  54.6 3595s
 2648088 1107354     cutoff   96      6177.00000 5989.96990  3.03%  54.5 3600s
 2653800 1109743 5994.02422   88   47 6177.00000 5989.97596  3.03%  54.5 3605s
 2657931 1111292 6007.60000   86   19 6177.00000 5989.98088  3.03%  54.5 3610s
 2659078 1112328 6004.87394   81  101 6177.00000 5989.98122  3.03%  54.5 3615s
 2664916 1114826 6011.61168   86   33 6177.00000 5989.98627  3.03%  54.4 3620s
 2669850 1116639 6007.94130   70   56 6177.00000 5989.99066  3.03%  54.4 3625s
 2675483 1119223 6074.00000   50   26 6177.00000 5989.99741  3.03%  54.4 3630s
 2679329 1120275 infeasible   48      6177.00000 5990.00000  3.03%  54.4 3635s
 2680910 1120630 6096.36029   51   58 6177.00000 5990.00000  3.03%  54.4 3640s
 2684104 1122653 infeasible   44      6177.00000 5990.00228  3.03%  54.4 3646s
 2689033 1123973 6105.51128   95  103 6177.00000 5990.00914  3.03%  54.3 3650s
 2690533 1125087 5993.88234   92   32 6177.00000 5990.01041  3.03%  54.3 3655s
 2696474 1127512 6103.02972   87   79 6177.00000 5990.01734  3.03%  54.3 3661s
 2700858 1129394 5996.18381   78   39 6177.00000 5990.02219  3.03%  54.3 3666s
 2705725 1131515 6003.84365   80   54 6177.00000 5990.02756  3.03%  54.2 3670s
 2710191 1133261 6027.25694   37   65 6177.00000 5990.03258  3.03%  54.2 3675s
 2716354 1135803 6082.86842   89   37 6177.00000 5990.04043  3.03%  54.2 3681s
 2721725 1138010 6108.97528   90   59 6177.00000 5990.04423  3.03%  54.1 3686s
 2728027 1140137 6096.32487   53   49 6177.00000 5990.04762  3.03%  54.1 3690s
 2732352 1141959 6058.45565   47  127 6177.00000 5990.05252  3.03%  54.0 3695s
 2737740 1143992     cutoff   91      6177.00000 5990.05928  3.03%  54.0 3700s
 2741186 1146264 5991.65634   91   94 6177.00000 5990.06166  3.03%  54.0 3705s
 2746769 1148307 6097.67118   93   30 6177.00000 5990.06725  3.03%  54.0 3710s
 2751548 1150297 6075.00000   42   18 6177.00000 5990.07058  3.03%  53.9 3715s
 2756744 1152379 6099.53851  119   27 6177.00000 5990.07627  3.03%  53.9 3720s
 2762144 1154543 6054.97994   58   66 6177.00000 5990.08000  3.03%  53.9 3725s
 2763326 1154557 infeasible   37      6177.00000 5990.08081  3.03%  53.9 3731s
 2766739 1156557 6003.28618   97   37 6177.00000 5990.08316  3.03%  53.8 3736s
 2771560 1157921     cutoff   92      6177.00000 5990.08582  3.03%  53.8 3740s
 2776283 1160134 6121.51907  108   78 6177.00000 5990.09162  3.03%  53.8 3745s
 2781701 1162146 6010.54370   75   63 6177.00000 5990.10150  3.03%  53.7 3750s
 2786761 1164534 6049.31881   46  179 6177.00000 5990.10959  3.03%  53.7 3756s
 2791343 1166352 6010.41533  113   72 6177.00000 5990.11461  3.03%  53.7 3760s
 2796767 1168634 6001.47401   34   16 6177.00000 5990.12096  3.03%  53.7 3765s
 2801854 1170968 6132.79679   93   29 6177.00000 5990.12713  3.03%  53.6 3770s
 2807432 1173340 6086.13920   82   48 6177.00000 5990.13088  3.03%  53.6 3775s
 2812585 1175599 6095.11333   74   12 6177.00000 5990.13515  3.03%  53.5 3781s
 2817086 1177922 6037.27716  161   92 6177.00000 5990.14015  3.03%  53.5 3785s
 2822817 1180039 6120.07405   50   74 6177.00000 5990.14492  3.03%  53.5 3790s
 2828667 1182462 6083.93500   35   30 6177.00000 5990.15187  3.02%  53.4 3796s
 2832682 1183808 6005.10747  100   59 6177.00000 5990.15757  3.02%  53.4 3800s
 2837921 1186199 5991.35905   76   39 6177.00000 5990.16033  3.02%  53.4 3805s
 2843472 1188065     cutoff   89      6177.00000 5990.16487  3.02%  53.4 3810s
 2848846 1190620 6029.50349   43  169 6177.00000 5990.16954  3.02%  53.3 3816s
 2854367 1192673 6076.18356   48   55 6177.00000 5990.17454  3.02%  53.3 3820s
 2859469 1194715 6060.04697   59  126 6177.00000 5990.17889  3.02%  53.3 3825s
 2863202 1196506 6122.81927   62   37 6177.00000 5990.18112  3.02%  53.3 3830s
 2866056 1197581 6077.40227   91   33 6177.00000 5990.18341  3.02%  53.2 3836s
 2870396 1199644     cutoff   67      6177.00000 5990.18679  3.02%  53.2 3840s
 2875692 1201571 5990.64863   81  103 6177.00000 5990.19219  3.02%  53.2 3845s
 2881743 1203689 6083.14981   71   31 6177.00000 5990.19550  3.02%  53.1 3850s
 2886960 1206202 5991.87590   68   52 6177.00000 5990.19911  3.02%  53.1 3856s
 2892165 1208404 6093.77123   50   56 6177.00000 5990.20354  3.02%  53.1 3861s
 2896747 1210276 infeasible   40      6177.00000 5990.20649  3.02%  53.0 3866s
 2901546 1212417 6012.22500   76   35 6177.00000 5990.21019  3.02%  53.0 3871s
 2906015 1214318 6056.60796   74   58 6177.00000 5990.21416  3.02%  53.0 3875s
 2911271 1216492 6021.63460   63   98 6177.00000 5990.21811  3.02%  53.0 3880s
 2916349 1218503 6085.92882   49   72 6177.00000 5990.22346  3.02%  52.9 3885s
 2921305 1220822 6042.22256   98   76 6177.00000 5990.22730  3.02%  52.9 3891s
 2925522 1222680 5995.39676   48   96 6177.00000 5990.23045  3.02%  52.9 3895s
 2930814 1224917 5991.91476   59   49 6177.00000 5990.23421  3.02%  52.9 3900s
 2936456 1227290 5992.27561  100   48 6177.00000 5990.23808  3.02%  52.8 3905s
 2942094 1230111 5990.55766   80   89 6177.00000 5990.24228  3.02%  52.8 3910s
 2947452 1232564 6097.45076  105   41 6177.00000 5990.24484  3.02%  52.7 3915s
 2953723 1235241 6075.64269   99   32 6177.00000 5990.24913  3.02%  52.7 3921s
 2958797 1237634 6001.24921   87   40 6177.00000 5990.25400  3.02%  52.7 3926s
 2963560 1239257     cutoff  126      6177.00000 5990.25592  3.02%  52.6 3930s
 2967189 1240551     cutoff  110      6177.00000 5990.25704  3.02%  52.6 3935s
 2972145 1243255 5991.17747   61  112 6177.00000 5990.26030  3.02%  52.6 3940s
 2977207 1246013 6099.29974   76   23 6177.00000 5990.26234  3.02%  52.5 3946s
 2982697 1247853 infeasible   55      6177.00000 5990.26629  3.02%  52.5 3951s
 2987314 1249812 6016.44822   66   42 6177.00000 5990.26903  3.02%  52.5 3955s
 2992185 1251997 6001.58655   44   53 6177.00000 5990.27018  3.02%  52.5 3960s
 2997605 1254065     cutoff   83      6177.00000 5990.27498  3.02%  52.4 3966s
 3003051 1256073 6131.40111   73   37 6177.00000 5990.27864  3.02%  52.4 3970s
 3007652 1258083 6046.50473   51   90 6177.00000 5990.28332  3.02%  52.4 3975s
 3012871 1260123     cutoff  113      6177.00000 5990.28541  3.02%  52.4 3980s
 3018298 1262582 infeasible   98      6177.00000 5990.29214  3.02%  52.3 3985s
 3023302 1264765 6006.10544   43  100 6177.00000 5990.29745  3.02%  52.3 3990s
 3028694 1267315 6102.23812  102   53 6177.00000 5990.30022  3.02%  52.3 3995s
 3034334 1269859     cutoff  114      6177.00000 5990.30271  3.02%  52.2 4001s
 3039408 1272172 6046.00395   65  112 6177.00000 5990.30497  3.02%  52.2 4005s
 3043644 1274086 6152.66667   53   50 6177.00000 5990.30769  3.02%  52.2 4010s
 3048710 1276169     cutoff   85      6177.00000 5990.31127  3.02%  52.2 4015s
 3053241 1277975 6082.56943   35  179 6177.00000 5990.31405  3.02%  52.1 4020s
 3058591 1279906 5995.59161   73   43 6177.00000 5990.31857  3.02%  52.1 4025s
 3064961 1282499 5993.04466   86   56 6177.00000 5990.32291  3.02%  52.1 4030s
 3066522 1282854     cutoff   96      6177.00000 5990.32399  3.02%  52.1 4035s
 3071686 1285249 infeasible  102      6177.00000 5990.32818  3.02%  52.0 4040s
 3076205 1287357 6001.79115   58   72 6177.00000 5990.33069  3.02%  52.0 4045s
 3081179 1289398 6027.96836   46  130 6177.00000 5990.33436  3.02%  52.0 4050s
 3083672 1289917 6025.56000   38   13 6177.00000 5990.33703  3.02%  52.0 4055s
 3087014 1292050 6081.83193   98   37 6177.00000 5990.33776  3.02%  52.0 4060s
 3092859 1294160     cutoff   69      6177.00000 5990.34329  3.02%  51.9 4065s
 3099071 1296572 infeasible   44      6177.00000 5990.34986  3.02%  51.9 4071s
 3103963 1298632 6114.21806   57   63 6177.00000 5990.35256  3.02%  51.9 4075s
 3109597 1301116 6031.91245   79   46 6177.00000 5990.35749  3.02%  51.8 4081s
 3114174 1302859 5999.85623   58   52 6177.00000 5990.36052  3.02%  51.8 4085s
 3120440 1305340 6028.69231   75   53 6177.00000 5990.36417  3.02%  51.8 4091s
 3125196 1308254 6022.00538   58   61 6177.00000 5990.36537  3.02%  51.7 4096s
 3130547 1310230 6010.42269   54   42 6177.00000 5990.36880  3.02%  51.7 4101s
 3135749 1312481 6005.33107   97   45 6177.00000 5990.37029  3.02%  51.7 4105s
 3140473 1314772 6007.88261   90   60 6177.00000 5990.37315  3.02%  51.7 4110s
 3145917 1316913 6038.04074   67   78 6177.00000 5990.37884  3.02%  51.6 4115s
 3151619 1319143 6017.18263   83   48 6177.00000 5990.38299  3.02%  51.6 4120s
 3158076 1321124 5995.74653   64   56 6177.00000 5990.38530  3.02%  51.6 4125s
 3162837 1322766 6022.13297   71  100 6177.00000 5990.38720  3.02%  51.6 4131s
 3167877 1324549 6055.71133   62   48 6177.00000 5990.39178  3.02%  51.6 4135s
 3172962 1326527     cutoff   65      6177.00000 5990.39550  3.02%  51.5 4140s
 3178195 1328835 6026.06043   81   89 6177.00000 5990.39978  3.02%  51.5 4145s
 3183301 1331071 6019.00326   95   59 6177.00000 5990.40373  3.02%  51.5 4151s
 3187072 1332164 5990.77582  103  102 6177.00000 5990.40669  3.02%  51.5 4155s
 3188941 1333646 6010.70828   69   45 6177.00000 5990.40824  3.02%  51.5 4160s
 3194744 1336222 infeasible   57      6177.00000 5990.41187  3.02%  51.4 4165s
 3200897 1338910     cutoff   48      6177.00000 5990.41469  3.02%  51.4 4170s
 3207263 1341660 5998.18293   54   95 6177.00000 5990.41666  3.02%  51.3 4175s
 3212584 1343889     cutoff  106      6177.00000 5990.41986  3.02%  51.3 4180s
 3218143 1346594 6025.76619  102   28 6177.00000 5990.42296  3.02%  51.3 4185s
 3224691 1349060 6011.32331   41  151 6177.00000 5990.42657  3.02%  51.2 4190s
 3229683 1351063 5991.83824   82   43 6177.00000 5990.42960  3.02%  51.2 4195s
 3235334 1353194 6143.84951   46  130 6177.00000 5990.43247  3.02%  51.2 4200s
 3241010 1355246     cutoff   72      6177.00000 5990.43591  3.02%  51.2 4205s
 3245456 1357225 5995.43303   79   46 6177.00000 5990.44042  3.02%  51.2 4210s
 3250733 1359243 6010.20129   60   56 6177.00000 5990.44444  3.02%  51.1 4215s
 3256790 1361398 6020.79027   75   37 6177.00000 5990.44742  3.02%  51.1 4220s
 3262367 1363677 6005.67491   63   51 6177.00000 5990.45156  3.02%  51.1 4225s
 3267675 1365674 5992.12374   80   42 6177.00000 5990.45589  3.02%  51.0 4230s
 3272568 1368395 5999.66675   85   62 6177.00000 5990.45815  3.02%  51.0 4235s
 3279445 1371304 6052.82510  106   70 6177.00000 5990.46296  3.02%  51.0 4240s
 3284570 1373494     cutoff  113      6177.00000 5990.46649  3.02%  51.0 4245s
 3289470 1375895 6042.37167   55   65 6177.00000 5990.47031  3.02%  50.9 4250s
 3295303 1378231 5998.29354   99   24 6177.00000 5990.47425  3.02%  50.9 4255s
 3301388 1380230 6164.33750   47   62 6177.00000 5990.47866  3.02%  50.9 4260s
 3307080 1383489 6004.36795   88   96 6177.00000 5990.48096  3.02%  50.8 4265s
 3308215 1388386 6038.10252   80   69 6177.00000 5990.48136  3.02%  50.8 4279s
 3317060 1388386 5991.02165   87   31 6177.00000 5990.48136  3.02%  50.8 4280s
 3320234 1388407 5997.49000   68   14 6177.00000 5990.48535  3.02%  50.8 4285s
 3321053 1389210 5995.77258   60   47 6177.00000 5990.48594  3.02%  50.8 4290s
 3327135 1391764 5990.49531   77   85 6177.00000 5990.49213  3.02%  50.8 4296s
 3331827 1393659     cutoff   82      6177.00000 5990.49439  3.02%  50.7 4300s
 3338029 1396443 5990.50035   98   81 6177.00000 5990.49843  3.02%  50.7 4305s
 3343800 1398561 6008.38173   60   30 6177.00000 5990.49970  3.02%  50.7 4310s
 3349201 1400820 6126.12053   55   73 6177.00000 5990.50073  3.02%  50.6 4315s
 3354934 1403324 6003.60266   87   22 6177.00000 5990.50376  3.02%  50.6 4320s
 3360707 1405657 6093.48865   58   24 6177.00000 5990.50718  3.02%  50.6 4325s
 3364089 1407812 6030.63214   91   38 6177.00000 5990.50976  3.02%  50.6 4330s
 3370948 1410152 6022.94430   89   51 6177.00000 5990.51193  3.02%  50.5 4335s
 3377629 1413125 5995.81626   58   50 6177.00000 5990.51575  3.02%  50.5 4340s
 3382437 1415969 6001.66817  107   34 6177.00000 5990.51781  3.02%  50.5 4345s
 3389401 1418942 6100.83401  109   24 6177.00000 5990.52028  3.02%  50.4 4350s
 3395468 1421583 6109.62912   51   57 6177.00000 5990.52491  3.02%  50.4 4355s
 3400044 1423762 6080.99334   85   44 6177.00000 5990.52660  3.02%  50.4 4360s
 3406108 1426212 5993.92668   77   51 6177.00000 5990.53046  3.02%  50.4 4365s
 3412114 1428432 5998.80891   82   30 6177.00000 5990.53369  3.02%  50.3 4370s
 3416759 1430257 6014.49118   82   26 6177.00000 5990.53559  3.02%  50.3 4375s
 3423013 1432512 6101.85185   73   23 6177.00000 5990.53754  3.02%  50.3 4380s
 3428659 1434733 6006.05857   50   49 6177.00000 5990.53968  3.02%  50.2 4385s
 3433552 1436893 6008.95043  105   45 6177.00000 5990.54095  3.02%  50.2 4390s
 3441202 1439560 6020.27728  102   60 6177.00000 5990.54345  3.02%  50.2 4396s
 3446032 1441473     cutoff   90      6177.00000 5990.54584  3.02%  50.2 4400s
 3451968 1443508 5990.55629   45   39 6177.00000 5990.54820  3.02%  50.1 4405s
 3457507 1446021 5991.89582   62   35 6177.00000 5990.55099  3.02%  50.1 4410s
 3462893 1447457 6018.53885   88   35 6177.00000 5990.55383  3.02%  50.1 4415s
 3468637 1449979 6008.25000   91   13 6177.00000 5990.55714  3.02%  50.1 4420s
 3473397 1451744 6046.02500   53   37 6177.00000 5990.55931  3.02%  50.0 4426s
 3478080 1453199 6087.01186  108   71 6177.00000 5990.56206  3.02%  50.0 4430s
 3484610 1455941 6003.66954   77   27 6177.00000 5990.56523  3.02%  50.0 4435s
 3489692 1457936 5994.16679   87   38 6177.00000 5990.56698  3.02%  50.0 4440s
 3495342 1460263 5992.83454  116   43 6177.00000 5990.56699  3.02%  50.0 4445s
 3501833 1463097 6022.99949   90   61 6177.00000 5990.57235  3.02%  49.9 4450s
 3506615 1465207 6095.83986   56  101 6177.00000 5990.57479  3.02%  49.9 4455s
 3511984 1467041 6076.22271   89   47 6177.00000 5990.57817  3.02%  49.9 4460s
 3517139 1469572 6088.07000   50   32 6177.00000 5990.58194  3.02%  49.9 4465s
 3522517 1471840 6006.34678   85   75 6177.00000 5990.58656  3.02%  49.8 4470s
 3527662 1473931 5992.50990   74   56 6177.00000 5990.58973  3.02%  49.8 4475s
 3529174 1479098 6008.30601   75   52 6177.00000 5990.59073  3.02%  49.8 4488s
 3541174 1479941 6108.86942   58  116 6177.00000 5990.59610  3.02%  49.8 4491s
 3547216 1482546 infeasible   83      6177.00000 5990.60049  3.02%  49.7 4496s
 3549909 1482555 5992.16351   68   47 6177.00000 5990.60132  3.02%  49.7 4503s
 3549936 1482571 5996.34493   70   79 6177.00000 5990.60153  3.02%  49.7 4505s
 3550001 1482606 6000.76155   74   72 6177.00000 5990.60153  3.02%  49.7 4511s
 3550042 1482628     cutoff   77      6177.00000 5990.60153  3.02%  49.7 4515s
 3550201 1482805 infeasible   80      6177.00000 5990.60178  3.02%  49.7 4522s
 3550944 1482972 6086.83907   75   55 6177.00000 5990.60197  3.02%  49.7 4525s
 3551694 1483931 5992.75990   91   56 6177.00000 5990.60237  3.02%  49.7 4531s
 3557208 1486157 6042.29112   79   71 6177.00000 5990.60476  3.02%  49.7 4536s
 3561803 1488049 6093.51636   84   38 6177.00000 5990.60713  3.02%  49.7 4540s
 3568234 1490389 6024.36747   36  102 6177.00000 5990.60871  3.02%  49.6 4545s
 3573340 1492434 5990.61178   49   59 6177.00000 5990.61121  3.02%  49.6 4550s
 3578358 1494776 6133.95000  106   30 6177.00000 5990.61456  3.02%  49.6 4555s
 3583066 1496898 6009.45825  115   33 6177.00000 5990.61604  3.02%  49.6 4560s
 3590511 1499573 6122.76320   84   56 6177.00000 5990.61931  3.02%  49.5 4565s
 3596680 1502416 6103.57920   89   57 6177.00000 5990.62254  3.02%  49.5 4570s
 3602917 1505571 6033.80742   69   55 6177.00000 5990.62551  3.02%  49.5 4576s
 3607884 1507862 6037.20365   79   97 6177.00000 5990.62812  3.02%  49.5 4580s
 3610691 1508467 6009.87040  128   46 6177.00000 5990.62896  3.02%  49.5 4585s
 3615958 1511323 6030.45830   63   53 6177.00000 5990.63152  3.02%  49.4 4590s
 3621657 1513969 6018.63161   94   34 6177.00000 5990.63371  3.02%  49.4 4596s
 3627299 1515864     cutoff   67      6177.00000 5990.63585  3.02%  49.4 4600s
 3633070 1518097 6052.53720   46  135 6177.00000 5990.63823  3.02%  49.4 4605s
 3637918 1520671 6067.69659   54  129 6177.00000 5990.64174  3.02%  49.3 4610s
 3643587 1522983 6060.64880   47  159 6177.00000 5990.64561  3.02%  49.3 4615s
 3650176 1525864 6021.05620   78   36 6177.00000 5990.64909  3.02%  49.3 4620s
 3656595 1529127 6069.87695   34   63 6177.00000 5990.65300  3.02%  49.3 4626s
 3660571 1530536 6019.15601   89   75 6177.00000 5990.65610  3.02%  49.3 4630s
 3667483 1533435 5990.84638  102   68 6177.00000 5990.65965  3.02%  49.2 4636s
 3672975 1535669 6027.75363   64   45 6177.00000 5990.66216  3.02%  49.2 4640s
 3678563 1538331 6043.06264   60   54 6177.00000 5990.66446  3.02%  49.2 4645s
 3683129 1540332     cutoff   79      6177.00000 5990.66681  3.02%  49.2 4650s
 3689503 1542934 6151.23161  129   59 6177.00000 5990.67045  3.02%  49.1 4655s
 3693866 1544890 6028.00172   37  137 6177.00000 5990.67257  3.02%  49.1 4660s
 3700698 1547521 6015.56763   57  108 6177.00000 5990.67503  3.02%  49.1 4665s
 3706042 1549838 6089.89462   60   58 6177.00000 5990.67705  3.02%  49.1 4670s
 3711388 1551952     cutoff   56      6177.00000 5990.68016  3.02%  49.1 4675s
 3716861 1554611 6008.88011   82   34 6177.00000 5990.68314  3.02%  49.0 4680s
 3723672 1557241 6149.53578   93   51 6177.00000 5990.68567  3.02%  49.0 4685s
 3728427 1559161 6030.11067   42   31 6177.00000 5990.68749  3.02%  49.0 4690s
 3731269 1562287 6136.27815   80   53 6177.00000 5990.68922  3.02%  49.0 4699s
 3737613 1563039 6102.18276   70   43 6177.00000 5990.69160  3.02%  48.9 4701s
 3742393 1565083 6068.33774   94  100 6177.00000 5990.69341  3.02%  48.9 4705s
 3747897 1567006 6095.22265  124   74 6177.00000 5990.69570  3.02%  48.9 4710s
 3753701 1569502 6005.55153   87   67 6177.00000 5990.69911  3.02%  48.9 4715s
 3760355 1572524 6009.63871   73   37 6177.00000 5990.70071  3.02%  48.9 4720s
 3766284 1575113 6024.69324   95   38 6177.00000 5990.70357  3.02%  48.8 4725s
 3771994 1577439 6018.27430   33  123 6177.00000 5990.70505  3.02%  48.8 4730s
 3778531 1579844 6017.38540   68   57 6177.00000 5990.70831  3.02%  48.8 4735s
 3783865 1582323 6006.34881  108   64 6177.00000 5990.71045  3.02%  48.7 4740s
 3789219 1584691 6113.42500   90   52 6177.00000 5990.71433  3.02%  48.7 4745s
 3793668 1586988 6082.93896   84   39 6177.00000 5990.71668  3.02%  48.7 4750s
 3800750 1590394 5993.78403  100   38 6177.00000 5990.71801  3.02%  48.7 4756s
 3806194 1592628 6107.41218   65   94 6177.00000 5990.72068  3.02%  48.7 4761s
 3811860 1594725 6087.04648   85   46 6177.00000 5990.72198  3.02%  48.6 4766s
 3817085 1596730 5992.99057   59   50 6177.00000 5990.72370  3.02%  48.6 4770s
 3822253 1598704 6018.53828   97   35 6177.00000 5990.72610  3.02%  48.6 4775s
 3828791 1600969 5994.51160   81   45 6177.00000 5990.72795  3.02%  48.6 4780s
 3829856 1600988 6081.02250   68   18 6177.00000 5990.72910  3.02%  48.6 4785s
 3831155 1601989 6086.07250   72   19 6177.00000 5990.72942  3.02%  48.6 4790s
 3836872 1604428 6092.21495   58   45 6177.00000 5990.73129  3.02%  48.5 4795s
 3843154 1606790 6003.37199   70   75 6177.00000 5990.73465  3.02%  48.5 4800s
 3847936 1608735 infeasible   82      6177.00000 5990.73722  3.02%  48.5 4805s
 3854234 1611311 6028.15566  128   89 6177.00000 5990.73904  3.02%  48.5 4810s
 3859180 1613348 6020.01435  112   44 6177.00000 5990.74090  3.02%  48.5 4815s
 3864443 1615333 6018.51115   58   84 6177.00000 5990.74332  3.02%  48.5 4820s
 3870471 1618014 6147.92330   64   60 6177.00000 5990.74654  3.02%  48.4 4826s
 3875467 1620104 6053.45291   53   57 6177.00000 5990.74891  3.02%  48.4 4830s
 3880697 1622436 6092.14706   48  100 6177.00000 5990.75292  3.02%  48.4 4835s
 3886213 1625038 5994.41167   75   38 6177.00000 5990.75477  3.02%  48.4 4840s
 3892353 1627458 6078.66104   38   48 6177.00000 5990.75797  3.02%  48.4 4845s
 3898034 1629817 6053.81144   89   95 6177.00000 5990.76026  3.02%  48.4 4850s
 3902923 1632088 6102.33069   76   29 6177.00000 5990.76284  3.02%  48.3 4855s
 3908999 1634911 5991.71803   84   87 6177.00000 5990.76684  3.01%  48.3 4860s
 3914054 1637052     cutoff   43      6177.00000 5990.76973  3.01%  48.3 4866s
 3919720 1639248 6049.80015  113   54 6177.00000 5990.77319  3.01%  48.3 4871s
 3924905 1641120     cutoff   94      6177.00000 5990.77581  3.01%  48.3 4875s
 3930142 1643373 5991.35520   96   97 6177.00000 5990.77796  3.01%  48.2 4880s
 3935961 1645923 6104.30159   92   40 6177.00000 5990.78125  3.01%  48.2 4885s
 3942319 1648337 6083.97323   71   37 6177.00000 5990.78589  3.01%  48.2 4890s
 3948965 1651169 6080.59986   87   50 6177.00000 5990.78825  3.01%  48.2 4896s
 3954089 1653378 infeasible   46      6177.00000 5990.79060  3.01%  48.2 4901s
 3959231 1655457 5995.31971   79   35 6177.00000 5990.79311  3.01%  48.1 4905s
 3964519 1657551     cutoff  104      6177.00000 5990.79612  3.01%  48.1 4910s
 3969574 1659523 6126.25289   51   78 6177.00000 5990.79855  3.01%  48.1 4915s
 3975389 1662243 6131.08475  122   68 6177.00000 5990.80291  3.01%  48.1 4920s
 3981127 1664406 5992.54199   58   69 6177.00000 5990.80592  3.01%  48.1 4925s
 3987126 1667332 6136.23982   72   15 6177.00000 5990.80826  3.01%  48.1 4930s
 3993038 1669719 6001.16793   95   64 6177.00000 5990.81160  3.01%  48.0 4935s
 3998209 1671729     cutoff   89      6177.00000 5990.81310  3.01%  48.0 4940s
 4004228 1674128 6090.76139   38   89 6177.00000 5990.81558  3.01%  48.0 4945s
 4009776 1676013 5992.02247   97   43 6177.00000 5990.81739  3.01%  48.0 4950s
 4016217 1678766 6034.98182   61   65 6177.00000 5990.81956  3.01%  48.0 4955s
 4021829 1681292 6035.34028  104   98 6177.00000 5990.82287  3.01%  47.9 4960s
 4027419 1683209     cutoff   55      6177.00000 5990.82585  3.01%  47.9 4965s
 4031829 1685033 6095.00000   48   15 6177.00000 5990.82750  3.01%  47.9 4970s
 4037122 1687408 6105.00000   48   12 6177.00000 5990.83082  3.01%  47.9 4975s
 4042212 1689516 6172.30000   46   30 6177.00000 5990.83333  3.01%  47.9 4980s
 4048009 1692231 6041.01350  109   51 6177.00000 5990.83454  3.01%  47.9 4985s
 4053927 1694277 6038.30078   83   38 6177.00000 5990.83637  3.01%  47.8 4990s
 4055669 1694848 6021.73471   43  199 6177.00000 5990.83752  3.01%  47.8 4995s
 4061261 1697606 6086.63158   62   21 6177.00000 5990.84046  3.01%  47.8 5000s
 4068317 1700334 6005.30204  101   53 6177.00000 5990.84345  3.01%  47.8 5005s
 4074674 1702724 6016.78384   80   56 6177.00000 5990.84615  3.01%  47.8 5010s
 4079363 1704952     cutoff  119      6177.00000 5990.84855  3.01%  47.8 5015s
 4084750 1706805     cutoff   94      6177.00000 5990.85089  3.01%  47.7 5020s
 4090927 1709456 6063.07686   40   39 6177.00000 5990.85525  3.01%  47.7 5025s
 4096083 1711268 infeasible   96      6177.00000 5990.85799  3.01%  47.7 5030s
 4101129 1713266 5993.00126   76   47 6177.00000 5990.86168  3.01%  47.7 5035s
 4107539 1715823     cutoff   52      6177.00000 5990.86354  3.01%  47.7 5041s
 4112784 1718091 5999.72995   93   37 6177.00000 5990.86578  3.01%  47.7 5045s
 4118457 1720757 5994.99831  104   69 6177.00000 5990.86879  3.01%  47.6 5050s
 4124216 1723030 6176.00000   52   26 6177.00000 5990.87129  3.01%  47.6 5055s
 4129570 1725271 6012.74624   95   22 6177.00000 5990.87373  3.01%  47.6 5060s
 4136089 1727406 infeasible  118      6177.00000 5990.87563  3.01%  47.6 5065s
 4141622 1729940 6007.65357  103   29 6177.00000 5990.87800  3.01%  47.6 5070s
 4147614 1732436 5997.91948   73   54 6177.00000 5990.88075  3.01%  47.5 5075s
 4151215 1738369 6032.95436   74  100 6177.00000 5990.88194  3.01%  47.5 5091s
 4164903 1739807 6125.92000   49   60 6177.00000 5990.88985  3.01%  47.5 5095s
 4172036 1742739 6085.77451   31   68 6177.00000 5990.89370  3.01%  47.5 5100s
 4178080 1745751     cutoff   57      6177.00000 5990.89791  3.01%  47.5 5105s
 4182871 1747995 6106.89811   91  155 6177.00000 5990.90055  3.01%  47.4 5110s
 4187714 1750322 6008.00810   83   28 6177.00000 5990.90192  3.01%  47.4 5115s
 4194500 1752935 6082.93118   45   19 6177.00000 5990.90387  3.01%  47.4 5120s
 4200554 1755483 6121.99136   97   54 6177.00000 5990.90649  3.01%  47.4 5125s
 4205697 1757797 6004.66765   83   44 6177.00000 5990.90855  3.01%  47.4 5130s
 4211624 1760297 5992.46044   89   71 6177.00000 5990.91044  3.01%  47.3 5135s
 4217627 1762727 5995.93294   60   64 6177.00000 5990.91498  3.01%  47.3 5140s
 4223705 1765133     cutoff  108      6177.00000 5990.91793  3.01%  47.3 5146s
 4225520 1765658 6004.55335   88   64 6177.00000 5990.91878  3.01%  47.3 5150s
 4231257 1768061 6004.99505   73   31 6177.00000 5990.92257  3.01%  47.3 5156s
 4234819 1769774 6102.20950   44   50 6177.00000 5990.92500  3.01%  47.3 5160s
 4240697 1771828 6003.82782   57   97 6177.00000 5990.92777  3.01%  47.3 5165s
 4246405 1773971 6080.54371   79   36 6177.00000 5990.93083  3.01%  47.3 5170s
 4252641 1776636 5995.52096   87   45 6177.00000 5990.93461  3.01%  47.2 5175s
 4257888 1778968     cutoff   98      6177.00000 5990.93706  3.01%  47.2 5180s
 4263274 1781090 6085.99993   35   57 6177.00000 5990.93912  3.01%  47.2 5185s
 4268937 1783487 5991.88049   57   49 6177.00000 5990.94134  3.01%  47.2 5190s
 4275522 1786140     cutoff   96      6177.00000 5990.94497  3.01%  47.2 5195s
 4281134 1788301 6109.98282   86   58 6177.00000 5990.94789  3.01%  47.1 5200s
 4287302 1790880 6102.00000   49   11 6177.00000 5990.95112  3.01%  47.1 5206s
 4292033 1792808     cutoff   79      6177.00000 5990.95277  3.01%  47.1 5210s
 4298252 1795550 infeasible  102      6177.00000 5990.95518  3.01%  47.1 5216s
 4303872 1797232 infeasible   76      6177.00000 5990.95801  3.01%  47.1 5220s
 4309899 1799250 5991.71894   78   59 6177.00000 5990.95999  3.01%  47.1 5226s
 4311190 1800277 6078.69444   56   46 6177.00000 5990.96048  3.01%  47.1 5230s
 4316292 1802643     cutoff  116      6177.00000 5990.96282  3.01%  47.0 5235s
 4321976 1804957 6020.54193   39   95 6177.00000 5990.96506  3.01%  47.0 5240s
 4327510 1807173 infeasible   85      6177.00000 5990.96703  3.01%  47.0 5245s
 4334453 1810617 6139.08854  103   69 6177.00000 5990.97018  3.01%  47.0 5251s
 4339838 1812578 6061.61233   74   31 6177.00000 5990.97390  3.01%  47.0 5255s
 4346313 1815047 6020.75832   77   71 6177.00000 5990.97767  3.01%  47.0 5260s
 4350773 1816748 6004.38336   49   57 6177.00000 5990.98022  3.01%  46.9 5265s
 4352235 1817572 6091.99806   92   73 6177.00000 5990.98163  3.01%  46.9 5271s
 4357964 1819549 6097.63229   69   44 6177.00000 5990.98418  3.01%  46.9 5275s
 4363418 1821751 6093.29412   56   68 6177.00000 5990.98683  3.01%  46.9 5280s
 4369716 1824351     cutoff  119      6177.00000 5990.99063  3.01%  46.9 5285s
 4375377 1826435 infeasible   68      6177.00000 5990.99313  3.01%  46.9 5291s
 4380859 1828759     cutoff  118      6177.00000 5990.99535  3.01%  46.9 5295s
 4385953 1830646 6164.82128   71  115 6177.00000 5990.99939  3.01%  46.8 5300s
 4389853 1831889     cutoff   50      6177.00000 5991.00000  3.01%  46.9 5306s
 4392224 1832681 6066.02172   49   61 6177.00000 5991.00000  3.01%  46.9 5311s
 4394692 1833651 6092.00000   37   48 6177.00000 5991.00000  3.01%  46.9 5315s
 4397219 1834030 6101.04073   46  129 6177.00000 5991.00000  3.01%  46.9 5320s
 4399700 1835254 6007.25817   39   29 6177.00000 5991.00000  3.01%  46.9 5327s
 4402143 1836147 6003.38442   44  108 6177.00000 5991.00000  3.01%  47.0 5331s
 4404743 1837131 6034.73055   47   33 6177.00000 5991.00000  3.01%  47.0 5335s
 4408033 1838171 5991.00000   32   12 6177.00000 5991.00000  3.01%  47.0 5341s
 4410502 1839008 6089.02819   39   31 6177.00000 5991.00000  3.01%  47.0 5345s
 4412801 1839908 6007.94167   49   17 6177.00000 5991.00000  3.01%  47.0 5350s
 4416590 1841167     cutoff   50      6177.00000 5991.00000  3.01%  47.1 5356s
 4419122 1842085 6019.59375   37   21 6177.00000 5991.00000  3.01%  47.1 5361s
 4421498 1842974 5996.03646   43  121 6177.00000 5991.00000  3.01%  47.1 5365s
 4424190 1843881 6077.93063   51  196 6177.00000 5991.00000  3.01%  47.1 5370s
 4427687 1845189 6015.17645   39   75 6177.00000 5991.00000  3.01%  47.2 5376s
 4431630 1846559 6157.58055   50   88 6177.00000 5991.00000  3.01%  47.2 5381s
 4433933 1847584 6103.71531   50  204 6177.00000 5991.00000  3.01%  47.2 5385s
 4438014 1848603 6115.11708   80   67 6177.00000 5991.00200  3.01%  47.2 5391s
 4438487 1849381 5991.54687   87   63 6177.00000 5991.00200  3.01%  47.2 5395s
 4444213 1851882 6004.58758   66   51 6177.00000 5991.00520  3.01%  47.2 5400s
 4449472 1853820 6016.67299   89   52 6177.00000 5991.00671  3.01%  47.2 5405s
 4455564 1856472 5996.86473   52  103 6177.00000 5991.00886  3.01%  47.1 5410s
 4460488 1858663 6040.90020  102   36 6177.00000 5991.01073  3.01%  47.1 5415s
 4464717 1860836 5998.92650  109   32 6177.00000 5991.01336  3.01%  47.1 5420s
 4470922 1863452 6038.03045  109   56 6177.00000 5991.01548  3.01%  47.1 5426s
 4475787 1865765 6015.87000  117   33 6177.00000 5991.01735  3.01%  47.1 5430s
 4480945 1868014 6093.63974   53   19 6177.00000 5991.02078  3.01%  47.1 5436s
 4486577 1870022 6092.98199   90   85 6177.00000 5991.02243  3.01%  47.1 5440s
 4491226 1872084 6002.48779   62   40 6177.00000 5991.02535  3.01%  47.0 5445s
 4496065 1874448     cutoff   57      6177.00000 5991.02753  3.01%  47.0 5450s
 4502109 1876598 6010.40184   50   63 6177.00000 5991.02929  3.01%  47.0 5455s
 4508031 1879180 6080.58993   88   35 6177.00000 5991.03299  3.01%  47.0 5460s
 4513712 1881534 6094.88384   52   49 6177.00000 5991.03599  3.01%  47.0 5465s
 4519053 1883631 5991.22423   64   99 6177.00000 5991.03889  3.01%  47.0 5471s
 4524474 1885915 infeasible   89      6177.00000 5991.04289  3.01%  47.0 5475s
 4527159 1886421 6088.07176   45   40 6177.00000 5991.04400  3.01%  47.0 5480s
 4530617 1888252 6098.94737  117   47 6177.00000 5991.04735  3.01%  47.0 5485s
 4535974 1890665 6077.45862   85   54 6177.00000 5991.04983  3.01%  46.9 5490s
 4543005 1893418 6107.57766   72   21 6177.00000 5991.05311  3.01%  46.9 5495s
 4547625 1895320 infeasible   51      6177.00000 5991.05581  3.01%  46.9 5500s
 4553401 1897830 5995.17043   65   43 6177.00000 5991.05901  3.01%  46.9 5505s
 4559040 1900190 6047.13864   74  102 6177.00000 5991.06299  3.01%  46.9 5510s
 4564053 1901935 6119.84259   58   60 6177.00000 5991.06550  3.01%  46.9 5515s
 4570164 1904438 infeasible   52      6177.00000 5991.06830  3.01%  46.8 5520s
 4575568 1906794 5992.18087   78  106 6177.00000 5991.07281  3.01%  46.8 5525s
 4580563 1908853 5991.42067   97   46 6177.00000 5991.07547  3.01%  46.8 5530s
 4586471 1911462 6085.04427   50  100 6177.00000 5991.07886  3.01%  46.8 5535s
 4591421 1913682 6023.29127   72   42 6177.00000 5991.08092  3.01%  46.8 5540s
 4597155 1915560 5993.42045  107   45 6177.00000 5991.08337  3.01%  46.8 5545s
 4602792 1917777 6046.17792   40  124 6177.00000 5991.08621  3.01%  46.8 5550s
 4608131 1920075 6007.45949   72   43 6177.00000 5991.08929  3.01%  46.7 5555s
 4613200 1922027     cutoff   67      6177.00000 5991.09136  3.01%  46.7 5560s
 4618523 1924325 infeasible   94      6177.00000 5991.09473  3.01%  46.7 5565s
 4625004 1926869     cutoff   59      6177.00000 5991.09884  3.01%  46.7 5570s
 4630107 1928792     cutoff   87      6177.00000 5991.10134  3.01%  46.7 5575s
 4635478 1931778 6093.20050   60   29 6177.00000 5991.10465  3.01%  46.7 5580s
 4640521 1933579     cutoff   62      6177.00000 5991.10768  3.01%  46.7 5585s
 4642889 1934640 6107.77574   77   46 6177.00000 5991.10955  3.01%  46.7 5590s
 4648543 1937174 6003.47055  105   33 6177.00000 5991.11333  3.01%  46.7 5595s
 4654513 1939537 6107.99000   99   38 6177.00000 5991.11691  3.01%  46.6 5600s
 4658999 1941340 6015.10064   96   33 6177.00000 5991.11829  3.01%  46.6 5605s
 4665130 1943921 6002.57638   66   31 6177.00000 5991.11980  3.01%  46.6 5610s
 4672096 1946598 6032.03873  108  126 6177.00000 5991.12287  3.01%  46.6 5615s
 4676753 1948622 6003.98807   74   34 6177.00000 5991.12442  3.01%  46.6 5620s
 4681165 1950683 6006.79052   45   56 6177.00000 5991.12750  3.01%  46.6 5625s
 4686802 1952881 6028.68261   71   87 6177.00000 5991.12952  3.01%  46.6 5630s
 4693127 1955530     cutoff  105      6177.00000 5991.13333  3.01%  46.5 5635s
 4698392 1957913 6090.30416   81   26 6177.00000 5991.13613  3.01%  46.5 5640s
 4704267 1960286 6016.32650  113   52 6177.00000 5991.13910  3.01%  46.5 5645s
 4710315 1962796 6012.27522   79  108 6177.00000 5991.14172  3.01%  46.5 5650s
 4715320 1964997 5991.36498   79  109 6177.00000 5991.14388  3.01%  46.5 5655s
 4720520 1967230 6031.52145   42  146 6177.00000 5991.14606  3.01%  46.5 5660s
 4726780 1969601 6084.08019   87   44 6177.00000 5991.14983  3.01%  46.5 5666s
 4731983 1971802     cutoff   66      6177.00000 5991.15123  3.01%  46.4 5670s
 4737566 1974116 6106.26797   85   86 6177.00000 5991.15425  3.01%  46.4 5675s
 4742747 1976260 6103.51811  103   21 6177.00000 5991.15720  3.01%  46.4 5680s
 4744023 1976773 6118.00409   40   49 6177.00000 5991.15774  3.01%  46.4 5685s
 4748990 1978796 5999.00915   75   24 6177.00000 5991.16000  3.01%  46.4 5690s
 4754204 1981096 6027.70983  129   34 6177.00000 5991.16373  3.01%  46.4 5695s
 4761116 1984041 5996.04889   81   52 6177.00000 5991.16732  3.01%  46.4 5700s
 4766535 1986649 5996.04845   78   52 6177.00000 5991.16914  3.01%  46.4 5705s
 4772519 1989598 6113.98919  108   80 6177.00000 5991.17247  3.01%  46.3 5711s
 4777730 1991262 6036.14258   88   31 6177.00000 5991.17462  3.01%  46.3 5715s
 4783580 1993566 6165.85556  109   67 6177.00000 5991.17770  3.01%  46.3 5721s
 4788457 1995479 6035.46420   42   30 6177.00000 5991.18115  3.01%  46.3 5725s
 4793542 1997224     cutoff   40      6177.00000 5991.18333  3.01%  46.3 5730s
 4799180 1999477 5998.01538   62   33 6177.00000 5991.18690  3.01%  46.3 5735s
 4803814 2001587 6104.37500   79   17 6177.00000 5991.18954  3.01%  46.3 5740s
 4809277 2003916 6036.77956   60   37 6177.00000 5991.19045  3.01%  46.3 5745s
 4814793 2005381 6101.02538   81   45 6177.00000 5991.19413  3.01%  46.2 5750s
 4817263 2006686 6003.34709  101   22 6177.00000 5991.19591  3.01%  46.2 5756s
 4821560 2008523 5999.46190  106   78 6177.00000 5991.19770  3.01%  46.2 5760s
 4827630 2011014 6058.58447  100   68 6177.00000 5991.20002  3.01%  46.2 5766s
 4831622 2012517 5993.09635   95   55 6177.00000 5991.20229  3.01%  46.2 5770s
 4836703 2014667 6052.29678   84   58 6177.00000 5991.20424  3.01%  46.2 5775s
 4841986 2017010     cutoff  136      6177.00000 5991.20746  3.01%  46.2 5780s
 4848604 2019670 infeasible   78      6177.00000 5991.21123  3.01%  46.2 5785s
 4854546 2022074 6035.18705   47   92 6177.00000 5991.21429  3.01%  46.2 5790s
 4859446 2024082 5994.47831   57   60 6177.00000 5991.21654  3.01%  46.2 5795s
 4864622 2026394     cutoff   62      6177.00000 5991.21934  3.01%  46.1 5800s
 4871797 2028862     cutoff   77      6177.00000 5991.22315  3.01%  46.1 5805s
 4873053 2029773 infeasible   50      6177.00000 5991.22384  3.01%  46.1 5810s
 4878169 2031472 6081.35534  135   32 6177.00000 5991.22747  3.01%  46.1 5815s
 4882717 2034110 5991.23013   84   46 6177.00000 5991.22983  3.01%  46.1 5820s
 4889216 2036184 6099.81667  134   41 6177.00000 5991.23247  3.01%  46.1 5825s
 4894075 2038082 5993.33689   85   65 6177.00000 5991.23547  3.01%  46.1 5830s
 4899245 2040443 5997.37163   64   45 6177.00000 5991.23873  3.01%  46.1 5835s
 4904772 2042538 infeasible   92      6177.00000 5991.24141  3.01%  46.1 5840s
 4911168 2044826 6108.98479   79   45 6177.00000 5991.24419  3.01%  46.0 5845s
 4916277 2046915 6037.05977   73   26 6177.00000 5991.24620  3.01%  46.0 5850s
 4921412 2048864 6083.73152   47  109 6177.00000 5991.25000  3.01%  46.0 5855s
 4926557 2051499 6085.05281  114   53 6177.00000 5991.25410  3.01%  46.0 5860s
 4933126 2053871 6133.99333   74   28 6177.00000 5991.25721  3.01%  46.0 5866s
 4938552 2055946 5992.94114   90   38 6177.00000 5991.26068  3.01%  46.0 5871s
 4943593 2057970 5992.16016   78   70 6177.00000 5991.26397  3.01%  46.0 5876s
 4948895 2060139 infeasible  129      6177.00000 5991.26664  3.01%  46.0 5881s
 4954111 2062460 6098.58407   62   47 6177.00000 5991.27027  3.01%  46.0 5885s
 4959672 2064590     cutoff   94      6177.00000 5991.27276  3.01%  45.9 5890s
 4965169 2066824 5992.13579   75   67 6177.00000 5991.27366  3.01%  45.9 5895s
 4971090 2069118 6072.74015  111   61 6177.00000 5991.27700  3.01%  45.9 5900s
 4976384 2071243 6134.41368  107   32 6177.00000 5991.27997  3.01%  45.9 5905s
 4982124 2073603 5999.04000   82   30 6177.00000 5991.28228  3.01%  45.9 5910s
 4986582 2075460     cutoff   48      6177.00000 5991.28496  3.01%  45.9 5915s
 4992585 2077354 5991.61682   89   57 6177.00000 5991.28795  3.01%  45.9 5920s
 4996535 2079350 6000.92799   99   40 6177.00000 5991.29080  3.01%  45.9 5925s
 4998493 2080027 6015.04985   55   91 6177.00000 5991.29131  3.01%  45.9 5930s
 5003146 2082178 6155.89415   43  141 6177.00000 5991.29294  3.01%  45.8 5935s
 5010516 2085117 6044.96969   55   91 6177.00000 5991.29759  3.01%  45.8 5941s
 5014333 2086685     cutoff   64      6177.00000 5991.30017  3.01%  45.8 5945s
 5019997 2088917 6002.61066   48  130 6177.00000 5991.30271  3.01%  45.8 5950s
 5025193 2090945 6099.31974   63   80 6177.00000 5991.30510  3.01%  45.8 5955s
 5030331 2093449 6010.08378   50  102 6177.00000 5991.30889  3.01%  45.8 5960s
 5035701 2095028 6094.76923   89   13 6177.00000 5991.31211  3.01%  45.8 5965s
 5037187 2096078 5991.69553   95  109 6177.00000 5991.31327  3.01%  45.8 5970s
 5042329 2098099 infeasible   50      6177.00000 5991.31685  3.01%  45.8 5976s
 5046166 2099504 5997.56990   91   43 6177.00000 5991.31934  3.01%  45.8 5980s
 5051774 2101788 6004.76659   86   47 6177.00000 5991.32235  3.01%  45.8 5985s
 5057878 2104345 6139.02308   56  105 6177.00000 5991.32523  3.01%  45.7 5990s
 5062911 2106346 6014.73237   83   67 6177.00000 5991.32740  3.01%  45.7 5995s
 5067654 2108269 6024.38460   98   33 6177.00000 5991.32923  3.01%  45.7 6000s
 5073916 2110649 6056.69906  102   53 6177.00000 5991.33333  3.01%  45.7 6005s
 5079272 2112928 5997.03958   73   45 6177.00000 5991.33627  3.01%  45.7 6010s
 5084744 2115410 6121.30000   49   33 6177.00000 5991.33934  3.01%  45.7 6015s
 5091368 2117776 5994.90427   94   53 6177.00000 5991.34302  3.01%  45.7 6020s
 5096314 2119610 6106.91053   69   30 6177.00000 5991.34678  3.01%  45.7 6025s
 5100870 2121509 6083.83000   81   17 6177.00000 5991.34925  3.01%  45.7 6030s
 5106075 2123685 6121.23322   91   83 6177.00000 5991.35290  3.01%  45.7 6035s
 5107671 2124226 5991.75876   43  112 6177.00000 5991.35407  3.01%  45.7 6040s
 5113380 2126595 6023.55357   46   35 6177.00000 5991.35618  3.01%  45.7 6045s
 5118447 2128551 6003.40512  105   32 6177.00000 5991.35832  3.01%  45.6 6050s
 5123951 2130550 6102.90000   60   33 6177.00000 5991.36014  3.01%  45.6 6055s
 5128870 2132457     cutoff  104      6177.00000 5991.36246  3.01%  45.6 6060s
 5134007 2134377 6003.70342   44  104 6177.00000 5991.36522  3.01%  45.6 6065s
 5139086 2136787 6011.20179   61   77 6177.00000 5991.36797  3.01%  45.6 6070s
 5144237 2138458 6136.47836  123   79 6177.00000 5991.37101  3.01%  45.6 6075s
 5149870 2141237 6097.95250   58   32 6177.00000 5991.37345  3.01%  45.6 6080s
 5155386 2143428 6004.48492   52   40 6177.00000 5991.37536  3.01%  45.6 6085s
 5160566 2145518 6051.83544   51  133 6177.00000 5991.37917  3.01%  45.6 6090s
 5166214 2147909 5995.87585   51   63 6177.00000 5991.38280  3.00%  45.6 6095s
 5172158 2150152     cutoff   62      6177.00000 5991.38546  3.00%  45.5 6101s
 5175730 2152014 6089.18000   49   12 6177.00000 5991.38784  3.00%  45.5 6105s
 5182388 2154449 6012.72957  114   41 6177.00000 5991.39066  3.00%  45.5 6110s
 5187569 2156407 6060.85895  100   46 6177.00000 5991.39328  3.00%  45.5 6115s
 5193712 2159059     cutoff  109      6177.00000 5991.39586  3.00%  45.5 6121s
 5198952 2161169 6101.21923   87   49 6177.00000 5991.39841  3.00%  45.5 6126s
 5203919 2162957 6011.88539  105  113 6177.00000 5991.40073  3.00%  45.5 6130s
 5209436 2165283 5996.15863   75   69 6177.00000 5991.40362  3.00%  45.5 6136s
 5213306 2166808 6087.57181   92   26 6177.00000 5991.40533  3.00%  45.5 6140s
 5218593 2169036 5993.48126  100   43 6177.00000 5991.40719  3.00%  45.5 6145s
 5225369 2171863     cutoff  115      6177.00000 5991.40976  3.00%  45.5 6150s
 5226483 2171880 5992.89197   35  108 6177.00000 5991.41000  3.00%  45.5 6156s
 5229441 2173569 6057.83333   81   44 6177.00000 5991.41191  3.00%  45.5 6160s
 5234883 2175762     cutoff  104      6177.00000 5991.41360  3.00%  45.4 6165s
 5240170 2177714 6063.82613   78  136 6177.00000 5991.41507  3.00%  45.4 6170s
 5245191 2179988 6164.74694   70   27 6177.00000 5991.41702  3.00%  45.4 6175s
 5250935 2182506 6011.41593   59   47 6177.00000 5991.41817  3.00%  45.4 6180s
 5256835 2184505 6004.16400   50   30 6177.00000 5991.41920  3.00%  45.4 6187s
 5256870 2184516 6023.38955   52  132 6177.00000 5991.41920  3.00%  45.4 6190s
 5256942 2184540 6095.96370   56  145 6177.00000 5991.41920  3.00%  45.4 6197s
 5256975 2184540 infeasible   58      6177.00000 5991.41920  3.00%  45.4 6201s
 5257088 2184611 infeasible   40      6177.00000 5991.41971  3.00%  45.4 6207s
 5257504 2184798 6041.06723   90  103 6177.00000 5991.41984  3.00%  45.4 6210s
 5259091 2185528 6041.11423   93  112 6177.00000 5991.41995  3.00%  45.4 6215s
 5262588 2187326 5993.12203   97   45 6177.00000 5991.42201  3.00%  45.4 6220s
 5267662 2189362 6008.76038   65   54 6177.00000 5991.42521  3.00%  45.4 6225s
 5272998 2191239 6005.12006   93   94 6177.00000 5991.42805  3.00%  45.4 6230s
 5277966 2193325 6028.74974   87   42 6177.00000 5991.42933  3.00%  45.4 6235s
 5282728 2195159 infeasible   54      6177.00000 5991.43244  3.00%  45.4 6240s
 5288117 2197520 6002.63281  108  104 6177.00000 5991.43442  3.00%  45.4 6245s
 5293395 2199693     cutoff   94      6177.00000 5991.43599  3.00%  45.4 6250s
 5298511 2202003 6064.21408   61   57 6177.00000 5991.43758  3.00%  45.3 6255s
 5304162 2204328 5997.00000   51    8 6177.00000 5991.43979  3.00%  45.3 6260s
 5309564 2206457 6021.50511   98   38 6177.00000 5991.44221  3.00%  45.3 6265s
 5315396 2208891 6081.83302   58   87 6177.00000 5991.44371  3.00%  45.3 6270s
 5321823 2211290 6122.84688   51   45 6177.00000 5991.44636  3.00%  45.3 6275s
 5327240 2213139     cutoff   94      6177.00000 5991.44844  3.00%  45.3 6280s
 5332149 2214916     cutoff   56      6177.00000 5991.45172  3.00%  45.3 6285s
 5338097 2217312 5993.07071  104   51 6177.00000 5991.45536  3.00%  45.3 6291s
 5342209 2218826 6017.69195  107   65 6177.00000 5991.45686  3.00%  45.3 6295s
 5347383 2220727 6007.35078   87   90 6177.00000 5991.45979  3.00%  45.3 6300s
 5351313 2221891 6094.63512  105   37 6177.00000 5991.46071  3.00%  45.3 6305s
 5354344 2223461 5993.31249   89   52 6177.00000 5991.46268  3.00%  45.3 6310s
 5357999 2224919     cutoff   72      6177.00000 5991.46415  3.00%  45.2 6315s
 5363734 2226858 5999.50820   79   28 6177.00000 5991.46616  3.00%  45.2 6320s
 5370385 2229703     cutoff   94      6177.00000 5991.46908  3.00%  45.2 6325s
 5374860 2231400     cutoff   82      6177.00000 5991.47077  3.00%  45.2 6330s
 5380311 2233544 6082.99995  116   44 6177.00000 5991.47273  3.00%  45.2 6335s
 5385499 2235406 6133.68803   80   44 6177.00000 5991.47462  3.00%  45.2 6340s
 5391582 2237785 6154.88750   96   41 6177.00000 5991.47742  3.00%  45.2 6346s
 5396499 2240333 6088.60518   35   33 6177.00000 5991.47997  3.00%  45.2 6351s
 5402185 2242222 6080.23881  104   66 6177.00000 5991.48219  3.00%  45.2 6355s
 5407855 2244120     cutoff   87      6177.00000 5991.48429  3.00%  45.2 6361s
 5407914 2244160 5998.44833   54   32 6177.00000 5991.48429  3.00%  45.2 6365s
 5411751 2245816 6079.02033   38  125 6177.00000 5991.48584  3.00%  45.2 6370s
 5416783 2247538 5993.81175  112   50 6177.00000 5991.48803  3.00%  45.2 6376s
 5422045 2249858 5995.92793   79   55 6177.00000 5991.49054  3.00%  45.1 6381s
 5426405 2251502 5997.45257   46   85 6177.00000 5991.49178  3.00%  45.1 6385s
 5431401 2253842     cutoff   37      6177.00000 5991.49364  3.00%  45.1 6390s
 5436513 2256327 6114.96484  105   62 6177.00000 5991.49556  3.00%  45.1 6395s
 5442088 2258237 6048.69516   69   77 6177.00000 5991.49724  3.00%  45.1 6400s
 5447765 2260592     cutoff  132      6177.00000 5991.49962  3.00%  45.1 6405s
 5452674 2262889     cutoff  107      6177.00000 5991.50159  3.00%  45.1 6410s
 5457877 2264277     cutoff  100      6177.00000 5991.50338  3.00%  45.1 6415s
 5464135 2266606 6106.86841   57   60 6177.00000 5991.50703  3.00%  45.1 6420s
 5469064 2268707 infeasible  103      6177.00000 5991.50981  3.00%  45.1 6425s
 5475140 2271077 6078.25425  100   64 6177.00000 5991.51140  3.00%  45.1 6430s
 5481627 2273623 6109.79079   60   19 6177.00000 5991.51282  3.00%  45.0 6435s
 5488442 2276900 6008.67256  109   26 6177.00000 5991.51571  3.00%  45.0 6441s
 5493775 2278712 6092.29109   93   19 6177.00000 5991.51820  3.00%  45.0 6445s
 5498608 2281104 5999.25839   80   38 6177.00000 5991.51948  3.00%  45.0 6450s
 5504916 2283567     cutoff  123      6177.00000 5991.52211  3.00%  45.0 6455s
 5510366 2285647 6003.00776   91   49 6177.00000 5991.52414  3.00%  45.0 6461s
 5515037 2287753 5993.15862   77   79 6177.00000 5991.52636  3.00%  45.0 6465s
 5520553 2289903 6002.44615  126   30 6177.00000 5991.52858  3.00%  45.0 6470s
 5525785 2291922 6098.43365   89   72 6177.00000 5991.53126  3.00%  45.0 6475s
 5531451 2294280 6126.31333   67   55 6177.00000 5991.53340  3.00%  45.0 6480s
 5536328 2296041 6008.66693   45   73 6177.00000 5991.53397  3.00%  45.0 6485s
 5541195 2297906 6087.58213   91   39 6177.00000 5991.53598  3.00%  44.9 6490s
 5546529 2300078 6046.30736  125   67 6177.00000 5991.53855  3.00%  44.9 6495s
 5552002 2302154 6102.96215   89   41 6177.00000 5991.54139  3.00%  44.9 6500s
 5558587 2304743 infeasible   41      6177.00000 5991.54423  3.00%  44.9 6505s
 5563862 2307060 6110.56901  150   87 6177.00000 5991.54742  3.00%  44.9 6510s
 5569228 2308939 6103.49614   40  174 6177.00000 5991.54934  3.00%  44.9 6515s
 5575428 2311717     cutoff  101      6177.00000 5991.55188  3.00%  44.9 6520s
 5579979 2313670 6056.64468  119   57 6177.00000 5991.55379  3.00%  44.9 6525s
 5585255 2315597 infeasible  101      6177.00000 5991.55680  3.00%  44.9 6530s
 5590141 2317624 6091.67226   40    6 6177.00000 5991.55933  3.00%  44.9 6535s
 5597076 2320107     cutoff  104      6177.00000 5991.56299  3.00%  44.8 6540s
 5602351 2322102 6024.58760   97   53 6177.00000 5991.56680  3.00%  44.8 6546s
 5607831 2324371 5996.02135   81   49 6177.00000 5991.56883  3.00%  44.8 6550s
 5613316 2326597 6001.13097   97   39 6177.00000 5991.57071  3.00%  44.8 6555s
 5618723 2328426 6066.21046   57  140 6177.00000 5991.57226  3.00%  44.8 6560s
 5623635 2329895 6034.89805  116   50 6177.00000 5991.57438  3.00%  44.8 6565s
 5624327 2330354 6009.84833   40   39 6177.00000 5991.57444  3.00%  44.8 6571s
 5628318 2332482 6044.19897  108   38 6177.00000 5991.57718  3.00%  44.8 6575s
 5633947 2334762 6034.55891   88   27 6177.00000 5991.58014  3.00%  44.8 6580s
 5639474 2336894     cutoff   93      6177.00000 5991.58272  3.00%  44.8 6585s
 5644452 2338909 5992.75126   95  109 6177.00000 5991.58500  3.00%  44.8 6590s
 5650341 2341405 5995.93565   85   52 6177.00000 5991.58651  3.00%  44.8 6595s
 5655881 2343353 6103.08810   81   82 6177.00000 5991.58902  3.00%  44.7 6601s
 5661129 2345390 6093.28017  116   28 6177.00000 5991.59083  3.00%  44.7 6605s
 5666394 2346890 5991.59442   64   41 6177.00000 5991.59267  3.00%  44.7 6610s
 5671265 2349070 5992.96725   52   51 6177.00000 5991.59452  3.00%  44.7 6615s
 5678395 2351807     cutoff   80      6177.00000 5991.59655  3.00%  44.7 6620s
 5683315 2353729 6036.88596   81   71 6177.00000 5991.59799  3.00%  44.7 6625s
 5689112 2356143 infeasible   98      6177.00000 5991.60053  3.00%  44.7 6631s
 5694575 2357925 6115.17331  114   95 6177.00000 5991.60337  3.00%  44.7 6635s
 5699241 2359969 6004.21333   96   47 6177.00000 5991.60576  3.00%  44.7 6640s
 5704599 2361723 6005.25315   69   69 6177.00000 5991.60821  3.00%  44.7 6645s
 5710687 2364053 6019.62921   93   37 6177.00000 5991.61050  3.00%  44.7 6650s
 5716720 2366372     cutoff  124      6177.00000 5991.61232  3.00%  44.6 6655s
 5721944 2368414 6017.96448   68   48 6177.00000 5991.61451  3.00%  44.6 6660s
 5727394 2370822 5991.76643   68   36 6177.00000 5991.61688  3.00%  44.6 6665s
 5732457 2372913 6106.30833  112   34 6177.00000 5991.61819  3.00%  44.6 6670s
 5738504 2375206 6065.52699  101   79 6177.00000 5991.61990  3.00%  44.6 6675s
 5743517 2377345 6004.15351   60  134 6177.00000 5991.62274  3.00%  44.6 6680s
 5748996 2379460 6008.58046   74   54 6177.00000 5991.62573  3.00%  44.6 6685s
 5755311 2381913 6098.17237   59   85 6177.00000 5991.62679  3.00%  44.6 6691s
 5760467 2384068 5992.91399   44   80 6177.00000 5991.62881  3.00%  44.6 6695s
 5767192 2386601 6003.44216   46   57 6177.00000 5991.63055  3.00%  44.6 6700s
 5772618 2388373 infeasible   73      6177.00000 5991.63306  3.00%  44.6 6705s
 5776950 2390215 6104.21308   72   72 6177.00000 5991.63557  3.00%  44.6 6710s
 5782677 2392300 6100.76387  103   38 6177.00000 5991.63737  3.00%  44.5 6715s
 5788466 2394652 6002.15311  126  145 6177.00000 5991.63850  3.00%  44.5 6720s
 5794032 2396790 6106.10781   46  182 6177.00000 5991.63934  3.00%  44.5 6725s
 5799488 2398701 6012.16483   52   73 6177.00000 5991.64286  3.00%  44.5 6730s
 5805707 2401100 6097.22289  105   71 6177.00000 5991.64610  3.00%  44.5 6735s
 5810875 2403024 6002.74702   52   90 6177.00000 5991.64752  3.00%  44.5 6740s
 5815360 2404110 6001.20450   44   40 6177.00000 5991.64902  3.00%  44.5 6745s
 5815429 2404208 6123.16418   46   16 6177.00000 5991.64905  3.00%  44.5 6751s
 5818217 2405762 5997.62831   60   44 6177.00000 5991.65080  3.00%  44.5 6755s
 5823882 2407881 6115.97172   94   66 6177.00000 5991.65298  3.00%  44.5 6760s
 5829528 2410229 5994.12061   65   30 6177.00000 5991.65524  3.00%  44.5 6766s
 5835725 2412296 6077.15212   73   37 6177.00000 5991.65740  3.00%  44.5 6770s
 5841442 2414766     cutoff   61      6177.00000 5991.65959  3.00%  44.5 6776s
 5846319 2416644 5997.93765   87   51 6177.00000 5991.66111  3.00%  44.4 6780s
 5852293 2418842 infeasible  110      6177.00000 5991.66407  3.00%  44.4 6786s
 5856493 2420280 6036.77599   51  127 6177.00000 5991.66592  3.00%  44.4 6790s
 5861686 2422193 6019.21202   90   51 6177.00000 5991.66849  3.00%  44.4 6795s
 5866682 2423847 6105.40125  114   50 6177.00000 5991.67078  3.00%  44.4 6800s
 5872633 2426127 6015.21219  117   61 6177.00000 5991.67328  3.00%  44.4 6805s
 5878355 2428724 infeasible   96      6177.00000 5991.67601  3.00%  44.4 6810s
 5883761 2430580 5993.24720   63   57 6177.00000 5991.67856  3.00%  44.4 6815s
 5889164 2432894 5992.09947   98   49 6177.00000 5991.68079  3.00%  44.4 6821s
 5894799 2434967 6026.19103   74  100 6177.00000 5991.68236  3.00%  44.4 6825s
 5900186 2437117 6036.44646   70   65 6177.00000 5991.68375  3.00%  44.4 6830s
 5906103 2439529 6097.18625   94   24 6177.00000 5991.68414  3.00%  44.4 6835s
 5911568 2441701 6140.10168  129   36 6177.00000 5991.68655  3.00%  44.4 6840s
 5916622 2443317 6020.03174  120   44 6177.00000 5991.68785  3.00%  44.4 6845s
 5922093 2445314 5998.18500  100   30 6177.00000 5991.69053  3.00%  44.3 6850s
 5927044 2447482 6101.74690   78   47 6177.00000 5991.69269  3.00%  44.3 6855s
 5933209 2450084 6113.61250   89   32 6177.00000 5991.69447  3.00%  44.3 6860s
 5937982 2452165 6025.82471   48  115 6177.00000 5991.69613  3.00%  44.3 6865s
 5943040 2454353 infeasible   97      6177.00000 5991.69841  3.00%  44.3 6870s
 5949623 2456862 6097.55504   69   50 6177.00000 5991.70109  3.00%  44.3 6876s
 5954881 2458699 6098.22648   66  116 6177.00000 5991.70380  3.00%  44.3 6880s
 5960075 2460575 5993.52845   83   29 6177.00000 5991.70580  3.00%  44.3 6885s
 5966447 2463400     cutoff  113      6177.00000 5991.70767  3.00%  44.3 6890s
 5971611 2465481 6053.09084   73   91 6177.00000 5991.70981  3.00%  44.3 6895s
 5976893 2467274 infeasible   88      6177.00000 5991.71111  3.00%  44.3 6900s
 5982353 2469278 6009.70158   94   30 6177.00000 5991.71271  3.00%  44.3 6905s
 5988502 2471722     cutoff  139      6177.00000 5991.71535  3.00%  44.3 6911s
 5993880 2473573 6010.33438   55   82 6177.00000 5991.71745  3.00%  44.2 6915s
 5998547 2475337     cutoff   74      6177.00000 5991.71875  3.00%  44.2 6921s
 6003640 2476929     cutoff   55      6177.00000 5991.72011  3.00%  44.2 6925s
 6009123 2478875 6077.11363  111   40 6177.00000 5991.72304  3.00%  44.2 6930s
 6015970 2481747 6051.58794   92   65 6177.00000 5991.72573  3.00%  44.2 6936s
 6021347 2483663 5998.75654   48   79 6177.00000 5991.72777  3.00%  44.2 6941s
 6026485 2485806 5992.40820   95   53 6177.00000 5991.73105  3.00%  44.2 6945s
 6031874 2487608 5997.51248   99   30 6177.00000 5991.73310  3.00%  44.2 6950s
 6034987 2489214 6039.97435  100   29 6177.00000 5991.73404  3.00%  44.2 6956s
 6041266 2490844 5998.65959   66   50 6177.00000 5991.73656  3.00%  44.2 6960s
 6046962 2493426 6003.04520   85   37 6177.00000 5991.73877  3.00%  44.2 6965s
 6052586 2495633     cutoff   69      6177.00000 5991.74097  3.00%  44.2 6970s
 6058329 2497663 6016.61867   88  122 6177.00000 5991.74409  3.00%  44.2 6975s
 6064536 2500067 6157.97052   52   69 6177.00000 5991.74676  3.00%  44.2 6981s
 6067866 2501253 6096.16889   73   51 6177.00000 5991.74825  3.00%  44.1 6985s
 6073568 2503441 6023.77764  108   58 6177.00000 5991.75116  3.00%  44.1 6990s
 6078409 2505560 6090.91551   46  168 6177.00000 5991.75250  3.00%  44.1 6995s
 6084776 2508034 infeasible  102      6177.00000 5991.75491  3.00%  44.1 7000s
 6090084 2510200 6095.00000   71    9 6177.00000 5991.75672  3.00%  44.1 7005s
 6094791 2512342 6021.48632   95   43 6177.00000 5991.75819  3.00%  44.1 7010s
 6099892 2514427 5991.76663   70   58 6177.00000 5991.75991  3.00%  44.1 7015s
 6104831 2516012 6004.64474   50   38 6177.00000 5991.76210  3.00%  44.1 7020s
 6107412 2517139 6017.47996   71  100 6177.00000 5991.76342  3.00%  44.1 7025s
 6113001 2519110 5998.91339   73   44 6177.00000 5991.76583  3.00%  44.1 7030s
 6120001 2521867 6108.24665  149   69 6177.00000 5991.76845  3.00%  44.1 7035s
 6124246 2523604     cutoff   59      6177.00000 5991.76991  3.00%  44.1 7040s
 6129584 2525324 6095.41773   77   64 6177.00000 5991.77163  3.00%  44.1 7045s
 6135743 2527344 6111.61075   75   55 6177.00000 5991.77384  3.00%  44.1 7050s
 6141377 2530104 5998.45302   44  122 6177.00000 5991.77586  3.00%  44.1 7055s
 6147029 2531880 infeasible   96      6177.00000 5991.77735  3.00%  44.1 7060s
 6152402 2533705 5997.79775   87   30 6177.00000 5991.77851  3.00%  44.0 7065s
 6157165 2535448 6044.65775   91  129 6177.00000 5991.78027  3.00%  44.0 7070s
 6161885 2537313 6100.70693   93   43 6177.00000 5991.78204  3.00%  44.0 7075s
 6167149 2539065     cutoff   50      6177.00000 5991.78299  3.00%  44.0 7080s
 6173311 2541214 6005.09071   82   79 6177.00000 5991.78515  3.00%  44.0 7085s
 6176983 2542665 6005.50000   43  101 6177.00000 5991.78664  3.00%  44.0 7091s
 6182524 2544431 6027.86442   89   52 6177.00000 5991.78832  3.00%  44.0 7096s
 6187306 2545953     cutoff  102      6177.00000 5991.79073  3.00%  44.0 7100s
 6193085 2548195 infeasible  100      6177.00000 5991.79385  3.00%  44.0 7106s
 6197815 2550059 6109.67500  109   42 6177.00000 5991.79549  3.00%  44.0 7111s
 6203318 2551873 6084.11553  137   79 6177.00000 5991.79927  3.00%  44.0 7115s
 6208188 2553676 6148.93894   52   97 6177.00000 5991.80118  3.00%  44.0 7120s
 6213420 2555735 6045.14907   55   99 6177.00000 5991.80298  3.00%  44.0 7126s
 6217440 2557536 infeasible   49      6177.00000 5991.80490  3.00%  44.0 7130s
 6222527 2559648 6098.97920   49   56 6177.00000 5991.80625  3.00%  44.0 7135s
 6229359 2562392     cutoff   74      6177.00000 5991.80848  3.00%  44.0 7141s
 6233845 2564426 6019.94084   87   39 6177.00000 5991.81050  3.00%  44.0 7145s
 6239427 2566368 6024.75130   85   41 6177.00000 5991.81299  3.00%  43.9 7150s
 6244960 2568365 6010.22352   65   41 6177.00000 5991.81517  3.00%  43.9 7156s
 6250132 2570631 6003.53391   81   46 6177.00000 5991.81635  3.00%  43.9 7160s
 6253505 2571389 6087.78823   78   25 6177.00000 5991.81800  3.00%  43.9 7165s
 6253620 2571626 6092.98823   82   26 6177.00000 5991.81800  3.00%  43.9 7170s
 6258516 2573885 6100.04333  107   25 6177.00000 5991.81995  3.00%  43.9 7175s
 6264168 2575852 6015.33172   52  160 6177.00000 5991.82324  3.00%  43.9 7180s
 6269488 2577941 6003.34722   92   77 6177.00000 5991.82518  3.00%  43.9 7186s
 6275280 2579904 6011.64176   67   81 6177.00000 5991.82823  3.00%  43.9 7190s
 6279736 2581760 infeasible  122      6177.00000 5991.83027  3.00%  43.9 7195s
 6284575 2583572 6079.60842  110   42 6177.00000 5991.83288  3.00%  43.9 7200s
 6291294 2586158 6081.51750   92   49 6177.00000 5991.83430  3.00%  43.9 7205s
 6296235 2587902     cutoff  122      6177.00000 5991.83581  3.00%  43.9 7210s
 6302588 2590507 6077.95929  101   49 6177.00000 5991.83774  3.00%  43.9 7215s
 6308045 2592627 5997.57254   70   49 6177.00000 5991.83898  3.00%  43.9 7220s
 6314082 2595035 6132.33846   93   18 6177.00000 5991.84120  3.00%  43.8 7225s
 6319622 2597330 6014.36953  127   60 6177.00000 5991.84185  3.00%  43.8 7230s
 6324950 2599436 6033.64706   44   39 6177.00000 5991.84312  3.00%  43.8 7235s
 6330959 2601308 6084.25968   81   30 6177.00000 5991.84525  3.00%  43.8 7240s
 6335671 2602982 6087.26315   48   35 6177.00000 5991.84713  3.00%  43.8 7245s
 6340983 2605239 infeasible   46      6177.00000 5991.84906  3.00%  43.8 7251s
 6345171 2606862     cutoff   91      6177.00000 5991.85092  3.00%  43.8 7255s
 6350269 2609173 6002.92242   89   40 6177.00000 5991.85312  3.00%  43.8 7260s
 6356877 2611816 6143.68945   42   98 6177.00000 5991.85474  3.00%  43.8 7265s
 6362314 2614052 6037.71686  105   85 6177.00000 5991.85627  3.00%  43.8 7270s
 6368253 2616330 infeasible   70      6177.00000 5991.85755  3.00%  43.8 7275s
 6374458 2618844 6075.27281  118   52 6177.00000 5991.86017  3.00%  43.8 7280s
 6379837 2621324 6117.52871   61   57 6177.00000 5991.86184  3.00%  43.8 7285s
 6384847 2622880     cutoff  103      6177.00000 5991.86357  3.00%  43.8 7290s
 6390288 2624891 infeasible   86      6177.00000 5991.86482  3.00%  43.8 7295s
 6396696 2627313     cutoff   66      6177.00000 5991.86565  3.00%  43.7 7301s
 6402105 2629264 5995.36650   51   51 6177.00000 5991.86796  3.00%  43.7 7305s
 6407145 2631136 6138.07620   64   19 6177.00000 5991.86936  3.00%  43.7 7310s
 6412006 2633107     cutoff  107      6177.00000 5991.87173  3.00%  43.7 7315s
 6417283 2635199 6011.50632  122  118 6177.00000 5991.87306  3.00%  43.7 7320s
 6423631 2637861 6089.09387  102   36 6177.00000 5991.87442  3.00%  43.7 7325s
 6428944 2639863 6147.00000   82   30 6177.00000 5991.87557  3.00%  43.7 7330s
 6434001 2641920 5993.50070   71   60 6177.00000 5991.87749  3.00%  43.7 7335s
 6440592 2643965     cutoff   54      6177.00000 5991.87981  3.00%  43.7 7341s
 6445051 2645063 6027.64840   98   58 6177.00000 5991.88102  3.00%  43.7 7345s
 6450022 2646889 5998.16808   79   95 6177.00000 5991.88321  3.00%  43.7 7350s
 6455440 2648978 6020.13951   90   48 6177.00000 5991.88563  3.00%  43.7 7355s
 6460542 2651089 6020.39050   78   33 6177.00000 5991.88782  3.00%  43.7 7360s
 6465620 2652898 6030.00483   80  131 6177.00000 5991.88948  3.00%  43.7 7365s
 6471499 2654916 6094.94792   53  108 6177.00000 5991.89124  3.00%  43.7 7370s
 6476281 2656919 6020.19527   50   66 6177.00000 5991.89198  3.00%  43.7 7375s
 6481595 2659186 6101.23579   48  132 6177.00000 5991.89390  3.00%  43.6 7380s
 6486914 2661443     cutoff   40      6177.00000 5991.89649  3.00%  43.6 7385s
 6492405 2663587 6114.66682   53   47 6177.00000 5991.89905  3.00%  43.6 7390s
 6498093 2666072     cutoff  110      6177.00000 5991.90108  3.00%  43.6 7396s
 6503341 2667758 infeasible   87      6177.00000 5991.90374  3.00%  43.6 7401s
 6507002 2669615 5993.65055   91   57 6177.00000 5991.90506  3.00%  43.6 7405s
 6511217 2670579 6002.85287   47  144 6177.00000 5991.90564  3.00%  43.6 7410s
 6512851 2671926 6013.71670   58   87 6177.00000 5991.90640  3.00%  43.6 7415s
 6519138 2674151 6033.25169   88   51 6177.00000 5991.90795  3.00%  43.6 7421s
 6524742 2676737 6043.94789   90   57 6177.00000 5991.90931  3.00%  43.6 7426s
 6530146 2678621 5998.31814   77  120 6177.00000 5991.91132  3.00%  43.6 7430s
 6536481 2680953 6146.70500   93   62 6177.00000 5991.91418  3.00%  43.6 7435s
 6541504 2683038 6076.84741  120   60 6177.00000 5991.91533  3.00%  43.6 7440s
 6546788 2685112 6021.34780   89   76 6177.00000 5991.91784  3.00%  43.6 7445s
 6552798 2687403 6019.09403   98   57 6177.00000 5991.92041  3.00%  43.6 7450s
 6557730 2689012     cutoff  120      6177.00000 5991.92219  3.00%  43.5 7455s
 6563117 2691288 6002.04109   89   32 6177.00000 5991.92418  3.00%  43.5 7460s
 6568328 2693235 6003.73530   49   38 6177.00000 5991.92608  3.00%  43.5 7465s
 6574164 2695052 5997.09452   67   90 6177.00000 5991.92857  3.00%  43.5 7470s
 6575284 2695807 6092.00012   92   60 6177.00000 5991.92887  3.00%  43.5 7475s
 6580209 2697582 6074.71837   49   39 6177.00000 5991.92902  3.00%  43.5 7480s
 6585419 2699498 5996.54391  115   47 6177.00000 5991.93116  3.00%  43.5 7485s
 6591990 2701971 5994.94360   64   66 6177.00000 5991.93375  3.00%  43.5 7490s
 6597051 2703665 6088.51178   99   45 6177.00000 5991.93476  3.00%  43.5 7495s
 6602435 2705667 6096.41872   60   63 6177.00000 5991.93678  3.00%  43.5 7501s
 6607660 2707432 6107.89236   76   63 6177.00000 5991.93889  3.00%  43.5 7505s
 6612735 2708995 6104.10914   72   78 6177.00000 5991.93989  3.00%  43.5 7510s
 6617883 2711016 6087.68971   94   31 6177.00000 5991.94137  3.00%  43.5 7515s
 6624334 2713377 6000.92482   42   91 6177.00000 5991.94326  3.00%  43.5 7520s
 6629171 2715023 5999.39609  105   54 6177.00000 5991.94563  3.00%  43.5 7525s
 6634079 2717216 6012.69435   71   45 6177.00000 5991.94779  3.00%  43.5 7530s
 6639404 2719338 6109.11692  107  111 6177.00000 5991.94869  3.00%  43.5 7535s
 6645297 2721239 6096.65304   84   57 6177.00000 5991.95079  3.00%  43.5 7540s
 6650716 2723488 6026.95041   60   54 6177.00000 5991.95190  3.00%  43.4 7545s
 6657783 2726499 6062.70180   69   65 6177.00000 5991.95409  3.00%  43.4 7550s
 6662375 2728324 6020.46361   40  104 6177.00000 5991.95541  3.00%  43.4 7555s
 6668768 2730961 6091.58977   95   43 6177.00000 5991.95706  3.00%  43.4 7560s
 6674497 2733121 6025.45460   47  187 6177.00000 5991.95864  3.00%  43.4 7565s
 6679771 2735339 6082.00588   57   43 6177.00000 5991.95978  3.00%  43.4 7570s
 6686017 2737731 6082.89952   97   56 6177.00000 5991.96203  3.00%  43.4 7576s
 6689669 2739040 6004.21000   81   30 6177.00000 5991.96388  3.00%  43.4 7580s
 6694759 2740606 5993.73823   87   70 6177.00000 5991.96541  3.00%  43.4 7585s
 6699368 2742874 6092.05669  116   69 6177.00000 5991.96615  3.00%  43.4 7590s
 6704570 2744596 5994.26565   83   61 6177.00000 5991.96871  3.00%  43.4 7595s
 6710975 2747063 6015.17748  102  118 6177.00000 5991.97069  3.00%  43.4 7600s
 6716138 2748719 6003.38045   94   45 6177.00000 5991.97273  3.00%  43.4 7605s
 6719925 2750649 6088.29163   46   65 6177.00000 5991.97488  3.00%  43.4 7610s
 6725432 2752858 6018.68250   69   22 6177.00000 5991.97677  3.00%  43.4 7616s
 6730836 2754817 6005.36882   87   50 6177.00000 5991.97826  3.00%  43.4 7620s
 6736308 2756826     cutoff  100      6177.00000 5991.97999  3.00%  43.3 7625s
 6740889 2758407     cutoff   92      6177.00000 5991.98293  3.00%  43.3 7630s
 6746054 2760263 6002.34011   73   70 6177.00000 5991.98429  3.00%  43.3 7635s
 6751584 2763204 6004.37078   76   98 6177.00000 5991.98623  3.00%  43.3 7640s
 6758204 2765521 6096.63645   40   71 6177.00000 5991.98763  3.00%  43.3 7645s
 6763411 2767612 6107.00000   82   10 6177.00000 5991.98895  3.00%  43.3 7650s
 6768362 2769336 6075.82444   58   59 6177.00000 5991.99100  3.00%  43.3 7655s
 6773422 2771205     cutoff   89      6177.00000 5991.99331  3.00%  43.3 7660s
 6779877 2773529 6029.86938   69   60 6177.00000 5991.99501  3.00%  43.3 7666s
 6783010 2774668 6001.19011   70   47 6177.00000 5991.99607  3.00%  43.3 7670s
 6789011 2777230 5992.38360   65  102 6177.00000 5991.99786  3.00%  43.3 7675s
 6793836 2778845 6015.12432   41   42 6177.00000 5991.99960  2.99%  43.3 7680s
 6795848 2779464 6041.11392   49  156 6177.00000 5992.00000  2.99%  43.3 7685s
 6796121 2779827     cutoff   44      6177.00000 5992.00000  2.99%  43.3 7690s
 6798947 2781407 6049.51000   38   17 6177.00000 5992.00000  2.99%  43.3 7696s
 6801806 2782936     cutoff  106      6177.00000 5992.00000  2.99%  43.3 7701s
 6804613 2783951 6002.50242   84   55 6177.00000 5992.00058  2.99%  43.3 7705s
 6810054 2786193 6009.02429  102   74 6177.00000 5992.00332  2.99%  43.3 7710s
 6817338 2789454 5992.43558   62   84 6177.00000 5992.00443  2.99%  43.3 7716s
 6822898 2791605 6011.64336   56   86 6177.00000 5992.00483  2.99%  43.3 7720s
 6827504 2793638 6029.19716  105   46 6177.00000 5992.00571  2.99%  43.3 7725s
 6831162 2794853 6102.54096   92   25 6177.00000 5992.00800  2.99%  43.3 7730s
 6836336 2796944 6075.00000   50   42 6177.00000 5992.00908  2.99%  43.3 7736s
 6841454 2799039 6138.24275   63   31 6177.00000 5992.01061  2.99%  43.3 7740s
 6846624 2800910     cutoff   59      6177.00000 5992.01225  2.99%  43.3 7745s
 6853313 2803386     cutoff   48      6177.00000 5992.01480  2.99%  43.3 7750s
 6858679 2805501 6104.32084   97  116 6177.00000 5992.01575  2.99%  43.3 7755s
 6863260 2807063 6007.47868  100   32 6177.00000 5992.01770  2.99%  43.3 7760s
 6868558 2809554 6121.09693   73   51 6177.00000 5992.01958  2.99%  43.3 7765s
 6874012 2811850 6021.88228   73  103 6177.00000 5992.02143  2.99%  43.2 7770s
 6879155 2813687 6018.75397  110   62 6177.00000 5992.02289  2.99%  43.2 7775s
 6885392 2815951 infeasible   43      6177.00000 5992.02510  2.99%  43.2 7781s
 6890311 2818020 infeasible  105      6177.00000 5992.02736  2.99%  43.2 7786s
 6895398 2820118 6095.96618  102   32 6177.00000 5992.02957  2.99%  43.2 7790s
 6899886 2821714 6023.95365  120   28 6177.00000 5992.03114  2.99%  43.2 7795s
 6905694 2824058     cutoff  108      6177.00000 5992.03302  2.99%  43.2 7800s
 6910970 2826014 6046.41537   63   79 6177.00000 5992.03619  2.99%  43.2 7806s
 6916062 2827518 6022.21613   99  127 6177.00000 5992.03755  2.99%  43.2 7810s
 6920691 2829353 infeasible  108      6177.00000 5992.04051  2.99%  43.2 7815s
 6925835 2831238 6098.41402   79   56 6177.00000 5992.04249  2.99%  43.2 7820s
 6931500 2833513 6064.18950   75  121 6177.00000 5992.04413  2.99%  43.2 7825s
 6937527 2835828 6089.76022   51   80 6177.00000 5992.04717  2.99%  43.2 7831s
 6942410 2837853 5998.08858  119   78 6177.00000 5992.04891  2.99%  43.2 7835s
 6946248 2839132 6001.29899   80   54 6177.00000 5992.04971  2.99%  43.2 7840s
 6951632 2840911 6120.86210   46   35 6177.00000 5992.05272  2.99%  43.2 7845s
 6956007 2842533 6004.94570   64  115 6177.00000 5992.05364  2.99%  43.2 7850s
 6961192 2844636 6133.50854   88   62 6177.00000 5992.05528  2.99%  43.2 7855s
 6968215 2846785 6035.53472   47  127 6177.00000 5992.05727  2.99%  43.2 7861s
 6968247 2846802 6126.46630   49   90 6177.00000 5992.05727  2.99%  43.2 7865s
 6968314 2846825 5997.99492  107   80 6177.00000 5992.05727  2.99%  43.2 7871s
 6968346 2846841 6005.95022  109   42 6177.00000 5992.05727  2.99%  43.2 7876s
 6968403 2846903 6010.72382  112   67 6177.00000 5992.05727  2.99%  43.2 7881s
 6968805 2847096 6015.49741  114   69 6177.00000 5992.05727  2.99%  43.2 7886s
 6969486 2847399 6016.35022  116   43 6177.00000 5992.05767  2.99%  43.2 7891s
 6971066 2848092 6024.15228  118   68 6177.00000 5992.05778  2.99%  43.2 7895s
 6973812 2848882 6026.74523  121   62 6177.00000 5992.05913  2.99%  43.2 7900s
 6978584 2850800 6034.17011   98   28 6177.00000 5992.06169  2.99%  43.1 7905s
 6984586 2852739 6022.54666   94   54 6177.00000 5992.06435  2.99%  43.1 7910s
 6989748 2854464 5993.23111   55   52 6177.00000 5992.06587  2.99%  43.1 7915s
 6994419 2856140 6078.34396   76   82 6177.00000 5992.06700  2.99%  43.1 7920s
 7000362 2858368 6072.54956  102   69 6177.00000 5992.07081  2.99%  43.1 7926s
 7004162 2860000     cutoff  114      6177.00000 5992.07231  2.99%  43.1 7930s
 7009399 2862027 6001.21848   76   30 6177.00000 5992.07484  2.99%  43.1 7935s
 7014524 2863866 5996.55250   61   51 6177.00000 5992.07670  2.99%  43.1 7940s
 7019691 2865764 6015.43800   78   39 6177.00000 5992.07903  2.99%  43.1 7945s
 7025812 2867554 6080.69178  115   43 6177.00000 5992.08163  2.99%  43.1 7950s
 7030455 2869829 infeasible   68      6177.00000 5992.08285  2.99%  43.1 7955s
 7035389 2871737 6057.86491   70   54 6177.00000 5992.08536  2.99%  43.1 7960s
 7040536 2873454 5998.00552  117   35 6177.00000 5992.08764  2.99%  43.1 7965s
 7043107 2874880 5995.19434  105  101 6177.00000 5992.08799  2.99%  43.1 7970s
 7048375 2876913 6007.21280   79   80 6177.00000 5992.09087  2.99%  43.1 7976s
 7053727 2878834 6094.95465   91   45 6177.00000 5992.09303  2.99%  43.1 7981s
 7057618 2880038 infeasible   72      6177.00000 5992.09496  2.99%  43.1 7985s
 7064192 2882418 5992.09727   47   75 6177.00000 5992.09727  2.99%  43.1 7991s
 7069063 2884161     cutoff   94      6177.00000 5992.09891  2.99%  43.1 7995s
 7073208 2885756 6084.55639   46   56 6177.00000 5992.10001  2.99%  43.1 8000s
 7079385 2887862 6004.19885   73   29 6177.00000 5992.10177  2.99%  43.1 8005s
 7083804 2889820 6015.16573   78   78 6177.00000 5992.10350  2.99%  43.1 8010s
 7090476 2892616 6011.30000   68   35 6177.00000 5992.10566  2.99%  43.1 8015s
 7096645 2894694 6129.50000  101   50 6177.00000 5992.10721  2.99%  43.1 8020s
 7101173 2896763 6029.00084   80   57 6177.00000 5992.10858  2.99%  43.0 8025s
 7107996 2899230     cutoff   99      6177.00000 5992.11114  2.99%  43.0 8030s
 7112981 2901302 5999.32902  111   74 6177.00000 5992.11294  2.99%  43.0 8035s
 7118483 2903038 6004.88048  112   71 6177.00000 5992.11473  2.99%  43.0 8040s
 7122429 2904287 5993.30923   63   54 6177.00000 5992.11559  2.99%  43.0 8045s
 7127081 2906496     cutoff  127      6177.00000 5992.11766  2.99%  43.0 8050s
 7132938 2908634 6047.21244  108   70 6177.00000 5992.11948  2.99%  43.0 8055s
 7138208 2910904 6080.90000   68   39 6177.00000 5992.12225  2.99%  43.0 8060s
 7143568 2913045 6023.41551  142   54 6177.00000 5992.12394  2.99%  43.0 8065s
 7148474 2914722 6113.40671   85   82 6177.00000 5992.12644  2.99%  43.0 8070s
 7155113 2917055 6000.41909   76   53 6177.00000 5992.12900  2.99%  43.0 8076s
 7160481 2919233 6007.91308   74   42 6177.00000 5992.13062  2.99%  43.0 8080s
 7165381 2921240 5992.78392  106   81 6177.00000 5992.13246  2.99%  43.0 8085s
 7170829 2923321 5992.76554   98   84 6177.00000 5992.13519  2.99%  43.0 8090s
 7176482 2925654 5994.09402  110   41 6177.00000 5992.13705  2.99%  43.0 8095s
 7181577 2927481 5992.63637   96   84 6177.00000 5992.13923  2.99%  43.0 8100s
 7184131 2932553 infeasible   42      6177.00000 5992.13962  2.99%  43.0 8114s
 7193131 2932553 6020.20304   65  108 6177.00000 5992.14007  2.99%  43.0 8115s
 7200643 2935198 infeasible  113      6177.00000 5992.14412  2.99%  43.0 8121s
 7206120 2937175 6012.04065  105   30 6177.00000 5992.14546  2.99%  43.0 8125s
 7210911 2938854 6165.52632   86   41 6177.00000 5992.14744  2.99%  42.9 8130s
 7216411 2941145 6009.67032   89   41 6177.00000 5992.14924  2.99%  42.9 8135s
 7219914 2946096 6030.60544   69   56 6177.00000 5992.15000  2.99%  42.9 8152s
 7233456 2947162 6089.90514   78   51 6177.00000 5992.15639  2.99%  42.9 8156s
 7238092 2948643 6004.25556   83   86 6177.00000 5992.15810  2.99%  42.9 8160s
 7243340 2950501     cutoff   99      6177.00000 5992.15962  2.99%  42.9 8165s
 7249800 2953013 6081.40000   71   31 6177.00000 5992.16146  2.99%  42.9 8171s
 7255206 2955084 5997.94621   77   62 6177.00000 5992.16264  2.99%  42.9 8175s
 7260894 2957070 6002.35098   92   40 6177.00000 5992.16435  2.99%  42.9 8180s
 7265675 2958910 6106.40751   60   59 6177.00000 5992.16643  2.99%  42.9 8185s
 7271047 2960419 6001.64667   41   29 6177.00000 5992.16786  2.99%  42.9 8190s
 7273332 2960921     cutoff  102      6177.00000 5992.16912  2.99%  42.9 8195s
 7274314 2961724 infeasible   65      6177.00000 5992.16925  2.99%  42.9 8200s
 7279282 2963581 6014.52602   72   66 6177.00000 5992.17138  2.99%  42.9 8205s
 7284491 2965389 6009.46580   75   56 6177.00000 5992.17300  2.99%  42.9 8210s
 7289693 2967420 6131.20000   97   29 6177.00000 5992.17499  2.99%  42.9 8216s
 7294107 2968911 infeasible   73      6177.00000 5992.17543  2.99%  42.9 8220s
 7299647 2970990 6101.08351   59   41 6177.00000 5992.17832  2.99%  42.9 8225s
 7304809 2972902     cutoff  156      6177.00000 5992.18019  2.99%  42.9 8230s
 7310899 2975562 6043.88422   95  135 6177.00000 5992.18283  2.99%  42.9 8236s
 7316138 2977285     cutoff   39      6177.00000 5992.18499  2.99%  42.9 8240s
 7321222 2979155 6016.87259   76   91 6177.00000 5992.18631  2.99%  42.9 8245s
 7326923 2981327     cutoff  106      6177.00000 5992.18866  2.99%  42.9 8250s
 7331657 2983242 6130.77333  117   41 6177.00000 5992.19098  2.99%  42.9 8255s
 7337063 2985201 6029.70440   59   87 6177.00000 5992.19251  2.99%  42.9 8260s
 7343481 2987727 5992.33366   52   37 6177.00000 5992.19408  2.99%  42.8 8266s
 7347735 2989266 6027.89159   50   65 6177.00000 5992.19571  2.99%  42.9 8271s
 7352503 2990746 5992.19697   54   38 6177.00000 5992.19681  2.99%  42.8 8275s
 7357892 2993393 6018.93058   67   40 6177.00000 5992.19884  2.99%  42.8 8281s
 7364398 2995697 infeasible   86      6177.00000 5992.20052  2.99%  42.8 8285s
 7369672 2997592 infeasible  117      6177.00000 5992.20280  2.99%  42.8 8290s
 7374510 2999530 6015.03055   79   67 6177.00000 5992.20475  2.99%  42.8 8295s
 7381232 3002527     cutoff   61      6177.00000 5992.20744  2.99%  42.8 8301s
 7386680 3004425 6126.63333   94   38 6177.00000 5992.21003  2.99%  42.8 8305s
 7391619 3006875 6032.59901   85   89 6177.00000 5992.21120  2.99%  42.8 8310s
 7397562 3008898 6031.67629   51   98 6177.00000 5992.21346  2.99%  42.8 8315s
 7402368 3010874 6131.87350   64  169 6177.00000 5992.21553  2.99%  42.8 8320s
 7407574 3012953 5993.41641   99   46 6177.00000 5992.21728  2.99%  42.8 8325s
 7413719 3015243 6111.89455   66   24 6177.00000 5992.21985  2.99%  42.8 8330s
 7418686 3017158 6121.14362   64   45 6177.00000 5992.22149  2.99%  42.8 8335s
 7422747 3018816 6055.64144   91   86 6177.00000 5992.22244  2.99%  42.8 8340s
 7428441 3020959 6008.23858  105   56 6177.00000 5992.22480  2.99%  42.8 8345s
 7434237 3023081     cutoff   53      6177.00000 5992.22715  2.99%  42.8 8350s
 7439195 3025124     cutoff   87      6177.00000 5992.22948  2.99%  42.8 8355s
 7444533 3026787     cutoff   61      6177.00000 5992.23106  2.99%  42.8 8360s
 7449426 3028436 6002.50732   68   49 6177.00000 5992.23214  2.99%  42.8 8365s
 7453250 3030333 6048.82627   86   36 6177.00000 5992.23333  2.99%  42.8 8371s
 7457974 3032126 infeasible   65      6177.00000 5992.23426  2.99%  42.8 8375s
 7462803 3034044 6081.71575   80   43 6177.00000 5992.23667  2.99%  42.8 8380s
 7468994 3036310 infeasible  103      6177.00000 5992.23869  2.99%  42.8 8385s
 7473663 3038171 6106.89888   62   31 6177.00000 5992.24027  2.99%  42.8 8390s
 7479201 3040145     cutoff   89      6177.00000 5992.24264  2.99%  42.7 8395s
 7483951 3041796     cutoff   51      6177.00000 5992.24463  2.99%  42.7 8400s
 7489553 3043902 6101.52542   93   36 6177.00000 5992.24662  2.99%  42.7 8405s
 7493593 3049461 6017.90198   90   57 6177.00000 5992.24741  2.99%  42.7 8420s
 7508352 3051081 infeasible   94      6177.00000 5992.25354  2.99%  42.7 8425s
 7514267 3053360 6001.13265   87   61 6177.00000 5992.25508  2.99%  42.7 8431s
 7519624 3055374 6102.03342   45   44 6177.00000 5992.25723  2.99%  42.7 8435s
 7523928 3057040 6033.49444  102   64 6177.00000 5992.25886  2.99%  42.7 8440s
 7530060 3059153 6002.26726  107   57 6177.00000 5992.26150  2.99%  42.7 8446s
 7534822 3060472 5993.61116   90   29 6177.00000 5992.26306  2.99%  42.7 8450s
 7540524 3062519 6024.67504   71   84 6177.00000 5992.26506  2.99%  42.7 8455s
 7545863 3064585 6081.74757  117   26 6177.00000 5992.26612  2.99%  42.7 8460s
 7552873 3067678 6009.85815   88   54 6177.00000 5992.26884  2.99%  42.7 8465s
 7557923 3069870 6099.39118   86   33 6177.00000 5992.26945  2.99%  42.7 8470s
 7564233 3072507     cutoff   78      6177.00000 5992.27106  2.99%  42.7 8475s
 7568789 3074669 6020.25303  106   73 6177.00000 5992.27220  2.99%  42.7 8480s
 7575017 3076735 6000.86873  113   39 6177.00000 5992.27411  2.99%  42.7 8485s
 7577313 3078086 6110.06765   96   40 6177.00000 5992.27536  2.99%  42.7 8490s
 7582249 3080006 6003.38258   89  122 6177.00000 5992.27747  2.99%  42.7 8496s
 7586996 3081673 6002.33250  104   49 6177.00000 5992.27924  2.99%  42.7 8500s
 7592868 3083639     cutoff   62      6177.00000 5992.28170  2.99%  42.7 8505s
 7597938 3085771 6096.64000   44   98 6177.00000 5992.28373  2.99%  42.7 8510s
 7603125 3087825 6014.93109   71  101 6177.00000 5992.28566  2.99%  42.6 8515s
 7610039 3090427 6118.94676  110   86 6177.00000 5992.28779  2.99%  42.6 8521s
 7615224 3092557 6000.57003   86   57 6177.00000 5992.28934  2.99%  42.6 8525s
 7621382 3095344 6123.44275   62   57 6177.00000 5992.29073  2.99%  42.6 8531s
 7626433 3097256 6151.24217  106   54 6177.00000 5992.29265  2.99%  42.6 8535s
 7632185 3099253     cutoff   44      6177.00000 5992.29371  2.99%  42.6 8540s
 7638005 3101270 6019.47064   48  116 6177.00000 5992.29601  2.99%  42.6 8546s
 7641956 3102885 infeasible   96      6177.00000 5992.29715  2.99%  42.6 8550s
 7648152 3105341 5996.72271  101   54 6177.00000 5992.29925  2.99%  42.6 8555s
 7653262 3106838     cutoff  114      6177.00000 5992.30067  2.99%  42.6 8560s
 7655997 3108271 6003.83952   76  109 6177.00000 5992.30188  2.99%  42.6 8565s
 7661088 3110021 6025.61940   52   75 6177.00000 5992.30376  2.99%  42.6 8570s
 7666587 3111948     cutoff   64      6177.00000 5992.30547  2.99%  42.6 8575s
 7672322 3114427 6089.20402   67   73 6177.00000 5992.30776  2.99%  42.6 8580s
 7677772 3116658     cutoff   83      6177.00000 5992.30889  2.99%  42.6 8586s
 7682922 3118552 infeasible   92      6177.00000 5992.31023  2.99%  42.6 8590s
 7688024 3120203 6098.11480   81   21 6177.00000 5992.31266  2.99%  42.6 8595s
 7692020 3121572 6019.04373  100   81 6177.00000 5992.31382  2.99%  42.6 8600s
 7697487 3123582 6002.04448   90   40 6177.00000 5992.31582  2.99%  42.6 8605s
 7702992 3125714     cutoff  130      6177.00000 5992.31835  2.99%  42.6 8611s
 7708168 3127300 6006.54169   77  104 6177.00000 5992.32029  2.99%  42.6 8615s
 7711118 3129023 6041.57025   92   36 6177.00000 5992.32131  2.99%  42.6 8621s
 7716240 3130807 6016.97433   66  104 6177.00000 5992.32373  2.99%  42.6 8625s
 7721650 3133380 5994.77564   60   37 6177.00000 5992.32584  2.99%  42.6 8630s
 7726454 3135241 6092.74000   50   39 6177.00000 5992.32758  2.99%  42.6 8635s
 7732153 3137284     cutoff   88      6177.00000 5992.32985  2.99%  42.5 8640s
 7738445 3139878 5996.10733   63   46 6177.00000 5992.33214  2.99%  42.5 8645s
 7743925 3141869 infeasible  110      6177.00000 5992.33342  2.99%  42.5 8650s
 7748677 3143689 6125.30485   94   50 6177.00000 5992.33520  2.99%  42.5 8655s
 7755241 3146087 infeasible   76      6177.00000 5992.33736  2.99%  42.5 8660s
 7760110 3147813 6080.61785   47   58 6177.00000 5992.33863  2.99%  42.5 8665s
 7764626 3149555 6118.18301  121   35 6177.00000 5992.34027  2.99%  42.5 8670s
 7769774 3151263 6032.39275   81   40 6177.00000 5992.34185  2.99%  42.5 8675s
 7774660 3153309 5992.34434   90   94 6177.00000 5992.34434  2.99%  42.5 8680s
 7780223 3155645 6125.57143  117   49 6177.00000 5992.34625  2.99%  42.5 8685s
 7785486 3157823 6110.98043  119   49 6177.00000 5992.34765  2.99%  42.5 8690s
 7792043 3160112 6030.83785  106   44 6177.00000 5992.35021  2.99%  42.5 8695s
 7797184 3161658 6102.00000   47   17 6177.00000 5992.35202  2.99%  42.5 8700s
 7800999 3162807 infeasible   80      6177.00000 5992.35414  2.99%  42.5 8705s
 7803746 3164463 5994.63023   80   43 6177.00000 5992.35588  2.99%  42.5 8710s
 7810109 3166627 6131.20798   48   76 6177.00000 5992.35831  2.99%  42.5 8715s
 7815407 3168860     cutoff   83      6177.00000 5992.35953  2.99%  42.5 8720s
 7821323 3171058 6025.12154   89  112 6177.00000 5992.36089  2.99%  42.5 8725s
 7826642 3173151 6033.18155   76   87 6177.00000 5992.36264  2.99%  42.5 8730s
 7831456 3174853     cutoff   95      6177.00000 5992.36402  2.99%  42.5 8735s
 7837659 3177291 6065.94118   89   38 6177.00000 5992.36646  2.99%  42.5 8740s
 7842962 3179265 6075.29317   61  110 6177.00000 5992.36811  2.99%  42.5 8745s
 7848080 3181055 6083.70766   83   80 6177.00000 5992.36986  2.99%  42.5 8750s
 7852773 3182879 6052.87204   88   66 6177.00000 5992.37128  2.99%  42.5 8755s
 7859268 3185035 infeasible   54      6177.00000 5992.37429  2.99%  42.4 8761s
 7863245 3186163 6018.76933   91   28 6177.00000 5992.37563  2.99%  42.4 8765s
 7868282 3188470 6000.89543   68   55 6177.00000 5992.37708  2.99%  42.4 8770s
 7873516 3190242 6036.78809  114   48 6177.00000 5992.37803  2.99%  42.4 8775s
 7878925 3192220 6001.21933   57   68 6177.00000 5992.37899  2.99%  42.4 8780s
 7884100 3194101 5997.17852  103   83 6177.00000 5992.38068  2.99%  42.4 8785s
 7889030 3196064 5995.04607   68   48 6177.00000 5992.38275  2.99%  42.4 8790s
 7891621 3197023 6012.83920  125   46 6177.00000 5992.38333  2.99%  42.4 8795s
 7896268 3198962 infeasible   92      6177.00000 5992.38580  2.99%  42.4 8800s
 7901421 3200569 6132.54022   43   46 6177.00000 5992.38826  2.99%  42.4 8805s
 7907898 3203046 infeasible   94      6177.00000 5992.39129  2.99%  42.4 8811s
 7913610 3205177 6044.18102  117   46 6177.00000 5992.39227  2.99%  42.4 8815s
 7918652 3207006 6076.17871   55   27 6177.00000 5992.39449  2.99%  42.4 8821s
 7923931 3208953 6102.22833  117   54 6177.00000 5992.39590  2.99%  42.4 8825s
 7929439 3211001 6058.92604   69  118 6177.00000 5992.39776  2.99%  42.4 8830s
 7934445 3213081 infeasible   45      6177.00000 5992.39974  2.99%  42.4 8835s
 7940021 3215012 5999.75616   96   63 6177.00000 5992.40120  2.99%  42.4 8840s
 7944957 3217002 6105.95429   50   40 6177.00000 5992.40360  2.99%  42.4 8845s
 7949695 3218692 6011.19899   78   58 6177.00000 5992.40513  2.99%  42.4 8850s
 7955029 3220928 5994.87588  114   38 6177.00000 5992.40628  2.99%  42.4 8855s
 7960527 3222850 6011.59976   50   41 6177.00000 5992.40793  2.99%  42.4 8860s
 7966862 3225208 6121.66805   87   74 6177.00000 5992.41026  2.99%  42.4 8865s
 7970423 3231039 5997.90848   69   45 6177.00000 5992.41160  2.99%  42.4 8883s
 7982423 3231570 6086.77539  100   47 6177.00000 5992.41418  2.99%  42.4 8885s
 7989026 3233915 6014.77658   43  102 6177.00000 5992.41735  2.99%  42.4 8891s
 7993043 3235710 6082.26413   38  178 6177.00000 5992.41823  2.99%  42.4 8895s
 7999549 3237792 6129.66868   75  112 6177.00000 5992.42186  2.99%  42.4 8900s
 8004784 3239942 6103.94385   75   30 6177.00000 5992.42408  2.99%  42.4 8905s
 8010060 3242013 6126.80219   74   78 6177.00000 5992.42602  2.99%  42.3 8910s
 8015375 3243929 6077.60091   61  152 6177.00000 5992.42857  2.99%  42.3 8915s
 8021501 3246111 6021.90000   37  111 6177.00000 5992.42973  2.99%  42.3 8921s
 8025312 3247652     cutoff  104      6177.00000 5992.43033  2.99%  42.3 8925s
 8031934 3250159 6152.37975   99   56 6177.00000 5992.43363  2.99%  42.3 8930s
 8037740 3252711 6074.50000   46   57 6177.00000 5992.43590  2.99%  42.3 8935s
 8044086 3255143 6126.35726   77   65 6177.00000 5992.43763  2.99%  42.3 8941s
 8049301 3256775 5994.33864  115   55 6177.00000 5992.43959  2.99%  42.3 8945s
 8054313 3258806 6164.43344   37  134 6177.00000 5992.44090  2.99%  42.3 8950s
 8059749 3260615     cutoff  117      6177.00000 5992.44286  2.99%  42.3 8955s
 8066409 3263069 6012.73640  124   41 6177.00000 5992.44384  2.99%  42.3 8960s
 8071740 3264809     cutoff   48      6177.00000 5992.44542  2.99%  42.3 8965s
 8077449 3267498 6103.94487   78   40 6177.00000 5992.44658  2.99%  42.3 8970s
 8082946 3269210 5993.89320   80   41 6177.00000 5992.44848  2.99%  42.3 8975s
 8085615 3270446 infeasible  115      6177.00000 5992.44944  2.99%  42.3 8981s
 8089256 3271957 6112.86793   77   33 6177.00000 5992.45117  2.99%  42.3 8985s
 8095000 3274421     cutoff  112      6177.00000 5992.45287  2.99%  42.3 8990s
 8100835 3276680 infeasible  109      6177.00000 5992.45475  2.99%  42.3 8995s
 8106342 3278643 6091.59610  106   69 6177.00000 5992.45690  2.99%  42.3 9000s
 8113095 3281405 6009.08219   86   41 6177.00000 5992.45936  2.99%  42.3 9006s
 8118059 3283299 6026.14398   41   45 6177.00000 5992.46105  2.99%  42.3 9010s
 8122335 3284872 6087.06502   53   90 6177.00000 5992.46305  2.99%  42.3 9015s
 8127652 3287430 6102.47628   52   58 6177.00000 5992.46422  2.99%  42.3 9020s
 8133961 3289738 6083.54587   69   42 6177.00000 5992.46593  2.99%  42.2 9025s
 8139025 3291262 6030.05778   70   37 6177.00000 5992.46723  2.99%  42.2 9031s
 8144192 3293282 infeasible   83      6177.00000 5992.46845  2.99%  42.2 9036s
 8148376 3294699 6048.60000   88   62 6177.00000 5992.46878  2.99%  42.2 9040s
 8154109 3297676 6090.43819   44   35 6177.00000 5992.46950  2.99%  42.2 9045s
 8160684 3300339 5998.66792   66   38 6177.00000 5992.47028  2.99%  42.2 9050s
 8166336 3302337 6078.19395   50   84 6177.00000 5992.47217  2.99%  42.2 9055s
 8172270 3304497 6087.23030   48   22 6177.00000 5992.47307  2.99%  42.2 9061s
 8176178 3305965 infeasible   90      6177.00000 5992.47443  2.99%  42.2 9065s
 8183002 3308527 5995.89031  108   65 6177.00000 5992.47684  2.99%  42.2 9070s
 8186300 3309440 6001.45398   92   86 6177.00000 5992.47716  2.99%  42.2 9077s
 8186319 3309503 6025.39316   92   74 6177.00000 5992.47726  2.99%  42.2 9080s
 8187813 3310143 6025.39316   93   69 6177.00000 5992.47726  2.99%  42.2 9087s
 8188266 3310301 5993.84207   92   75 6177.00000 5992.47744  2.99%  42.2 9090s
 8190213 3310920 5995.46690   84   58 6177.00000 5992.47778  2.99%  42.2 9095s
 8191011 3311570 5994.12671   94   66 6177.00000 5992.47778  2.99%  42.2 9100s
 8194128 3312502 6025.39316   95   69 6177.00000 5992.47895  2.99%  42.2 9107s
 8198174 3313992     cutoff  102      6177.00000 5992.48040  2.99%  42.2 9111s
 8203136 3315318 5998.80388   66   29 6177.00000 5992.48123  2.99%  42.2 9115s
 8208681 3317868 6026.52692  118   35 6177.00000 5992.48367  2.99%  42.2 9121s
 8213790 3319811 6106.72160  100   63 6177.00000 5992.48519  2.99%  42.2 9126s
 8218813 3321562 6165.81271   76  122 6177.00000 5992.48665  2.99%  42.2 9131s
 8223736 3323548 6068.94372  122  107 6177.00000 5992.48830  2.99%  42.2 9135s
 8225294 3323833 5999.49947  106   76 6177.00000 5992.48960  2.99%  42.2 9140s
 8230291 3326122 6049.97410   40  131 6177.00000 5992.49158  2.99%  42.2 9145s
 8236548 3328239 5997.36096   73   55 6177.00000 5992.49415  2.99%  42.2 9150s
 8241306 3329978 6092.83333   54   38 6177.00000 5992.49563  2.99%  42.2 9155s
 8246363 3332268 6029.00228  107   53 6177.00000 5992.49700  2.99%  42.2 9160s
 8252605 3334387 6122.07297   70   72 6177.00000 5992.49886  2.99%  42.2 9166s
 8257571 3336056 6095.45750   38    9 6177.00000 5992.50000  2.99%  42.2 9170s
 8258640 3336472 6015.74261   52  104 6177.00000 5992.50001  2.99%  42.2 9175s
 8263939 3338671 6030.75000   96   25 6177.00000 5992.50214  2.99%  42.2 9180s
 8269334 3340451 6105.52407  112   73 6177.00000 5992.50331  2.99%  42.2 9185s
 8274420 3342608 6125.43029   62  103 6177.00000 5992.50542  2.99%  42.2 9190s
 8279966 3344735     cutoff   67      6177.00000 5992.50688  2.99%  42.2 9195s
 8285081 3346894 6052.83042   56  151 6177.00000 5992.50858  2.99%  42.2 9200s
 8291045 3349177 6004.75109   82   79 6177.00000 5992.51120  2.99%  42.2 9205s
 8295981 3351090 6104.26330   74   33 6177.00000 5992.51292  2.99%  42.2 9210s
 8300597 3352784 6127.58884  115   61 6177.00000 5992.51396  2.99%  42.2 9215s
 8305912 3354948 6079.35590   73   42 6177.00000 5992.51636  2.99%  42.1 9220s
 8312078 3356865 6000.50185   94   45 6177.00000 5992.51774  2.99%  42.1 9225s
 8316785 3358717 infeasible   88      6177.00000 5992.51899  2.99%  42.1 9230s
 8322110 3360814 6006.76128   68   79 6177.00000 5992.52087  2.99%  42.1 9235s
 8327650 3363282 6007.90166   64   56 6177.00000 5992.52212  2.99%  42.1 9240s
 8333841 3365706 5997.74205   93   42 6177.00000 5992.52434  2.99%  42.1 9245s
 8338625 3368058 6093.44347   54   52 6177.00000 5992.52490  2.99%  42.1 9250s
 8344055 3369998 6024.84722  112   43 6177.00000 5992.52548  2.99%  42.1 9255s
 8349884 3372436 6087.01691   53   77 6177.00000 5992.52766  2.99%  42.1 9260s
 8354617 3374100 infeasible   74      6177.00000 5992.52931  2.99%  42.1 9265s
 8359440 3375776 6084.34186   79   40 6177.00000 5992.53038  2.99%  42.1 9270s
 8364891 3378154 6127.52190   79   23 6177.00000 5992.53171  2.99%  42.1 9275s
 8370011 3380065 6028.18185  112   44 6177.00000 5992.53303  2.99%  42.1 9280s
 8375196 3382313     cutoff  108      6177.00000 5992.53436  2.99%  42.1 9285s
 8380750 3383771 infeasible   44      6177.00000 5992.53585  2.99%  42.1 9291s
 8380785 3383836 5993.38248   70   75 6177.00000 5992.53585  2.99%  42.1 9295s
 8385436 3385789 6117.18824   93   34 6177.00000 5992.53741  2.99%  42.1 9301s
 8391202 3388059     cutoff   58      6177.00000 5992.53849  2.99%  42.1 9305s
 8396557 3390252     cutoff   91      6177.00000 5992.53933  2.99%  42.1 9310s
 8401509 3392200 5992.80334   70   35 6177.00000 5992.54099  2.99%  42.1 9315s
 8406709 3394232 6050.61758   65  131 6177.00000 5992.54264  2.99%  42.1 9320s
 8411923 3396439 infeasible   61      6177.00000 5992.54470  2.99%  42.1 9325s
 8418973 3399044 6021.05015   65   48 6177.00000 5992.54655  2.99%  42.1 9330s
 8423783 3401210     cutoff   96      6177.00000 5992.54787  2.99%  42.0 9335s
 8429626 3402926     cutoff  107      6177.00000 5992.54982  2.99%  42.0 9340s
 8429644 3407585     cutoff  108      6177.00000 5992.54982  2.99%  42.0 9354s
 8441644 3408363 6071.28680  125   81 6177.00000 5992.55304  2.99%  42.0 9356s
 8446484 3410014 6050.58296   93   99 6177.00000 5992.55525  2.99%  42.0 9360s
 8450486 3411456     cutoff   92      6177.00000 5992.55565  2.99%  42.0 9365s
 8455807 3413550 infeasible   50      6177.00000 5992.55864  2.99%  42.0 9370s
 8461697 3415923     cutoff   97      6177.00000 5992.56065  2.99%  42.0 9375s
 8467537 3418207 6055.07572   48  142 6177.00000 5992.56230  2.99%  42.0 9380s
 8473446 3420549     cutoff   82      6177.00000 5992.56376  2.99%  42.0 9385s
 8479084 3422639 6016.16859  101   40 6177.00000 5992.56552  2.99%  42.0 9390s
 8484217 3424989 6124.27982  102   44 6177.00000 5992.56680  2.99%  42.0 9395s
 8489557 3426727 infeasible   52      6177.00000 5992.56862  2.99%  42.0 9400s
 8495778 3428608 6003.59656   61   86 6177.00000 5992.56982  2.99%  42.0 9405s
 8501359 3431203 infeasible   79      6177.00000 5992.57194  2.99%  42.0 9410s
 8507112 3433247 6022.70175  100   51 6177.00000 5992.57266  2.99%  42.0 9415s
 8513092 3435451 infeasible   66      6177.00000 5992.57361  2.99%  42.0 9420s
 8519006 3438248 6087.39076  109   38 6177.00000 5992.57452  2.99%  42.0 9425s
 8524462 3440444 6094.02500   93   30 6177.00000 5992.57521  2.99%  42.0 9431s
 8529477 3442428     cutoff   86      6177.00000 5992.57704  2.99%  42.0 9435s
 8534369 3444090 6102.63319  123   58 6177.00000 5992.57870  2.99%  42.0 9440s
 8539079 3445716 6088.63336   58   69 6177.00000 5992.58064  2.99%  42.0 9445s
 8544578 3447911 6165.98878   50  112 6177.00000 5992.58243  2.99%  42.0 9450s
 8549481 3449706 6004.54583   99   50 6177.00000 5992.58408  2.99%  42.0 9455s
 8555931 3451699 6092.06551  104  123 6177.00000 5992.58540  2.99%  42.0 9460s
 8560370 3453270 infeasible   98      6177.00000 5992.58647  2.99%  42.0 9465s
 8565952 3455587 infeasible  106      6177.00000 5992.58856  2.99%  42.0 9470s
 8571015 3457509 5994.82611   68   88 6177.00000 5992.59032  2.99%  42.0 9475s
 8576205 3459740 6094.90179   49   53 6177.00000 5992.59170  2.99%  42.0 9480s
 8581737 3462065 5999.13781   63   46 6177.00000 5992.59324  2.99%  42.0 9485s
 8587712 3464527 6070.75625   74   61 6177.00000 5992.59484  2.99%  42.0 9490s
 8590829 3465938 6053.20283   67   65 6177.00000 5992.59544  2.99%  41.9 9495s
 8596507 3468303 6145.47309  105   38 6177.00000 5992.59631  2.99%  41.9 9500s
 8602884 3471366 5994.78148   95   41 6177.00000 5992.59775  2.99%  41.9 9505s
 8608268 3473301 infeasible   71      6177.00000 5992.59882  2.99%  41.9 9510s
 8614816 3475668 6082.41240  154   49 6177.00000 5992.60020  2.99%  41.9 9515s
 8621205 3478255 6007.91311   45   73 6177.00000 5992.60217  2.99%  41.9 9520s
 8627135 3480337 6088.86178   37  119 6177.00000 5992.60514  2.99%  41.9 9526s
 8631822 3482147 6002.58089   90   31 6177.00000 5992.60686  2.99%  41.9 9530s
 8637238 3483863 6097.11750   71   42 6177.00000 5992.60816  2.99%  41.9 9535s
 8642183 3485768     cutoff   42      6177.00000 5992.60963  2.99%  41.9 9540s
 8648430 3488226 6126.55397   68   75 6177.00000 5992.61107  2.99%  41.9 9545s
 8653554 3490238 6005.93111   78   31 6177.00000 5992.61236  2.99%  41.9 9550s
 8657263 3491268 6000.84037   71   62 6177.00000 5992.61315  2.99%  41.9 9555s
 8657542 3491664 6014.99396   75   55 6177.00000 5992.61315  2.99%  41.9 9560s
 8662272 3493443 6019.18111  120   41 6177.00000 5992.61395  2.99%  41.9 9565s
 8666328 3494268 6121.39930  108   51 6177.00000 5992.61494  2.99%  41.9 9570s
 8669029 3495713 6004.55528   68   47 6177.00000 5992.61594  2.99%  41.9 9575s
 8674223 3497718 6102.74004   73   46 6177.00000 5992.61740  2.98%  41.9 9580s
 8680498 3500099 6021.53466   95   47 6177.00000 5992.61955  2.98%  41.9 9586s
 8685591 3501827 6050.54523   51  130 6177.00000 5992.62106  2.98%  41.9 9590s
 8691039 3503589 6093.19102   64   91 6177.00000 5992.62260  2.98%  41.9 9595s
 8696898 3506051 5994.54692   68  138 6177.00000 5992.62411  2.98%  41.9 9600s
 8701607 3507668 5993.91458   94   99 6177.00000 5992.62564  2.98%  41.9 9605s
 8706568 3509602 6096.49525  100   32 6177.00000 5992.62687  2.98%  41.9 9610s
 8712658 3511967 infeasible   58      6177.00000 5992.62883  2.98%  41.9 9615s
 8717404 3513418     cutoff   92      6177.00000 5992.63069  2.98%  41.9 9620s
 8723755 3515397 infeasible  108      6177.00000 5992.63286  2.98%  41.9 9626s
 8728509 3516830 6033.62094   87   32 6177.00000 5992.63500  2.98%  41.9 9630s
 8732529 3518545     cutoff   90      6177.00000 5992.63663  2.98%  41.9 9635s
 8737919 3520380 6018.79077  101   36 6177.00000 5992.63862  2.98%  41.9 9640s
 8743285 3522391 infeasible   93      6177.00000 5992.64061  2.98%  41.8 9645s
 8747995 3524110 6011.79604   76   68 6177.00000 5992.64235  2.98%  41.8 9650s
 8752803 3526056 6024.38943  125   94 6177.00000 5992.64424  2.98%  41.8 9655s
 8758718 3528395 6125.89045   71   82 6177.00000 5992.64557  2.98%  41.8 9660s
 8764994 3530929 6010.53051   78   35 6177.00000 5992.64792  2.98%  41.8 9666s
 8770347 3532753 6111.07443  116   32 6177.00000 5992.64882  2.98%  41.8 9670s
 8775388 3534846 6105.35000  111    8 6177.00000 5992.65010  2.98%  41.8 9675s
 8780672 3536774 6015.25811   38  142 6177.00000 5992.65249  2.98%  41.8 9680s
 8785471 3538331 6005.35475   93  123 6177.00000 5992.65436  2.98%  41.8 9685s
 8792157 3541377 5993.42300  107   36 6177.00000 5992.65643  2.98%  41.8 9691s
 8797762 3543006 6008.75922   73   34 6177.00000 5992.65806  2.98%  41.8 9696s
 8802612 3544779 5992.65920   68   97 6177.00000 5992.65879  2.98%  41.8 9700s
 8808485 3546993 infeasible  122      6177.00000 5992.66097  2.98%  41.8 9706s
 8813170 3549224     cutoff   53      6177.00000 5992.66172  2.98%  41.8 9711s
 8817320 3550862 6136.76865  113   32 6177.00000 5992.66207  2.98%  41.8 9715s
 8823331 3553087 6006.70459  113   69 6177.00000 5992.66464  2.98%  41.8 9721s
 8828075 3554678 6151.90297   53  106 6177.00000 5992.66586  2.98%  41.8 9725s
 8833373 3556860     cutoff   84      6177.00000 5992.66827  2.98%  41.8 9730s
 8837958 3558370 6117.24500   80   26 6177.00000 5992.66962  2.98%  41.8 9735s
 8844206 3560951 5993.78192   87   64 6177.00000 5992.67165  2.98%  41.8 9740s
 8849829 3563334 6101.41247   85   78 6177.00000 5992.67279  2.98%  41.8 9746s
 8855309 3565225 6092.32454  110   18 6177.00000 5992.67459  2.98%  41.8 9750s
 8860405 3567416 5997.32480   63   27 6177.00000 5992.67576  2.98%  41.8 9755s
 8866369 3569623 5993.00516   65   74 6177.00000 5992.67727  2.98%  41.8 9760s
 8867948 3572706 6149.74649   57   99 6177.00000 5992.67759  2.98%  41.8 9771s
 8879140 3574418 6088.43697   86   40 6177.00000 5992.68084  2.98%  41.8 9776s
 8883979 3576216 6110.61902   54  162 6177.00000 5992.68214  2.98%  41.8 9780s
 8889080 3578222 6077.20808  101   89 6177.00000 5992.68392  2.98%  41.8 9785s
 8894316 3580170 6116.37318   60   60 6177.00000 5992.68554  2.98%  41.8 9790s
 8900446 3582303 infeasible   95      6177.00000 5992.68746  2.98%  41.8 9795s
 8905989 3584276 6056.76659  109   40 6177.00000 5992.68906  2.98%  41.7 9800s
 8908302 3584701 6006.53905   85   53 6177.00000 5992.68943  2.98%  41.7 9805s
 8911728 3586364 infeasible   96      6177.00000 5992.69103  2.98%  41.7 9810s
 8917153 3588624     cutoff   46      6177.00000 5992.69234  2.98%  41.7 9815s
 8922068 3590448 6080.37427   54  129 6177.00000 5992.69418  2.98%  41.7 9820s
 8927459 3592376     cutoff   48      6177.00000 5992.69560  2.98%  41.7 9825s
 8932480 3594164 5994.69818   85   53 6177.00000 5992.69709  2.98%  41.7 9830s
 8938184 3596284     cutoff   70      6177.00000 5992.69822  2.98%  41.7 9835s
 8943877 3598231 6120.71111   59   61 6177.00000 5992.70006  2.98%  41.7 9840s
 8948757 3599904 6141.91150   94   78 6177.00000 5992.70181  2.98%  41.7 9845s
 8954480 3601827 6006.03857   94  111 6177.00000 5992.70316  2.98%  41.7 9850s
 8959487 3603770 6010.78333   50   85 6177.00000 5992.70508  2.98%  41.7 9855s
 8964978 3606124 6056.19667   76   41 6177.00000 5992.70663  2.98%  41.7 9860s
 8970228 3608568 6077.56081  120   39 6177.00000 5992.70779  2.98%  41.7 9865s
 8974595 3610356 6009.40317  100   76 6177.00000 5992.70951  2.98%  41.7 9870s
 8979652 3612348 6024.49979  117   39 6177.00000 5992.71148  2.98%  41.7 9875s
 8986333 3614669 5993.55420   90   76 6177.00000 5992.71354  2.98%  41.7 9880s
 8992837 3617140 6001.65011   75   51 6177.00000 5992.71528  2.98%  41.7 9885s
 8998008 3620258 6001.13204   73   58 6177.00000 5992.71584  2.98%  41.7 9890s
 9004826 3623382 6004.25646   67   48 6177.00000 5992.71584  2.98%  41.7 9895s
 9008724 3624816 6143.46218   54   53 6177.00000 5992.71685  2.98%  41.7 9900s
 9014127 3626710 5992.71861   57   86 6177.00000 5992.71824  2.98%  41.7 9905s
 9020130 3629230 6108.05714   74   43 6177.00000 5992.72005  2.98%  41.7 9910s
 9025162 3631142 6098.78856   68   34 6177.00000 5992.72053  2.98%  41.7 9915s
 9031193 3633215 6028.02912   93   36 6177.00000 5992.72253  2.98%  41.7 9920s
 9036392 3635569     cutoff  112      6177.00000 5992.72409  2.98%  41.7 9925s
 9041750 3637411 6082.68008   52   27 6177.00000 5992.72505  2.98%  41.7 9930s
 9047647 3639782 6146.06700   50   27 6177.00000 5992.72705  2.98%  41.7 9935s
 9052027 3641691 6085.16833  106   35 6177.00000 5992.72836  2.98%  41.7 9940s
 9058265 3643783 6002.46302  102   34 6177.00000 5992.73002  2.98%  41.6 9945s
 9064612 3646098 infeasible   49      6177.00000 5992.73220  2.98%  41.6 9950s
 9070144 3647949     cutoff   71      6177.00000 5992.73391  2.98%  41.6 9956s
 9075161 3649595     cutoff   61      6177.00000 5992.73537  2.98%  41.6 9960s
 9079469 3651040 infeasible   83      6177.00000 5992.73664  2.98%  41.6 9965s
 9084401 3653245 6123.63055   96   53 6177.00000 5992.73835  2.98%  41.6 9970s
 9088780 3654894 6021.53552   46  146 6177.00000 5992.73937  2.98%  41.6 9975s
 9094557 3657083 6046.23236  101  106 6177.00000 5992.74133  2.98%  41.6 9980s
 9101023 3660208 6008.14504  107   48 6177.00000 5992.74284  2.98%  41.6 9985s
 9107709 3663089 infeasible   62      6177.00000 5992.74415  2.98%  41.6 9991s
 9112727 3664937 6128.45304   65   90 6177.00000 5992.74560  2.98%  41.6 9995s
 9118267 3666875 6097.24000   99   25 6177.00000 5992.74729  2.98%  41.6 10000s
 9124282 3669014 6024.20892  115   66 6177.00000 5992.74834  2.98%  41.6 10005s
 9129493 3670649 5995.84673   41   44 6177.00000 5992.74982  2.98%  41.6 10011s
 9134841 3672650     cutoff   49      6177.00000 5992.75135  2.98%  41.6 10015s
 9138008 3673558     cutoff   75      6177.00000 5992.75262  2.98%  41.6 10020s
 9139188 3673966 6031.26950   40   78 6177.00000 5992.75296  2.98%  41.6 10025s
 9144262 3676425 5996.48738   31   74 6177.00000 5992.75412  2.98%  41.6 10031s
 9149403 3678125 6016.32833  107   75 6177.00000 5992.75577  2.98%  41.6 10035s
 9154330 3679881 5995.00000   42   18 6177.00000 5992.75767  2.98%  41.6 10040s
 9159660 3681747 6001.80028   46  116 6177.00000 5992.75916  2.98%  41.6 10045s
 9164777 3683703     cutoff  111      6177.00000 5992.76145  2.98%  41.6 10050s
 9170037 3685446 6113.05313   51   69 6177.00000 5992.76271  2.98%  41.6 10055s
 9175368 3687846 6088.16289   61   33 6177.00000 5992.76394  2.98%  41.6 10060s
 9180388 3689641 6112.10167   69   36 6177.00000 5992.76502  2.98%  41.6 10065s
 9185334 3691252 6073.49527  111   94 6177.00000 5992.76656  2.98%  41.6 10070s
 9190674 3693170 5999.67804   79   54 6177.00000 5992.76809  2.98%  41.6 10075s
 9195746 3695089 6085.14231   80   43 6177.00000 5992.76911  2.98%  41.6 10080s
 9201333 3697166 5994.79121   85   54 6177.00000 5992.77059  2.98%  41.6 10085s
 9207127 3699793 6133.02593   93   48 6177.00000 5992.77179  2.98%  41.6 10090s
 9213680 3702679 infeasible   69      6177.00000 5992.77232  2.98%  41.6 10095s
 9218749 3704410 6097.24566  117   36 6177.00000 5992.77345  2.98%  41.6 10100s
 9224761 3706441 infeasible   46      6177.00000 5992.77417  2.98%  41.6 10105s
 9229348 3708286 6046.02500   58   40 6177.00000 5992.77523  2.98%  41.6 10110s
 9231794 3709272 5999.46852   71   30 6177.00000 5992.77603  2.98%  41.6 10115s
 9237431 3711038 6093.33367   88   51 6177.00000 5992.77769  2.98%  41.6 10120s
 9243869 3713282 5998.55752   57   56 6177.00000 5992.77866  2.98%  41.5 10125s
 9248580 3715465 6020.72095   84   49 6177.00000 5992.78010  2.98%  41.5 10130s
 9253943 3718365 6105.01137   63   63 6177.00000 5992.78047  2.98%  41.5 10135s
 9260634 3720931 6003.34741  108   46 6177.00000 5992.78164  2.98%  41.5 10140s
 9266066 3722628     cutoff  110      6177.00000 5992.78344  2.98%  41.5 10145s
 9270721 3724420 6044.57551  144   75 6177.00000 5992.78399  2.98%  41.5 10150s
 9275843 3726399 6011.26137   92   58 6177.00000 5992.78543  2.98%  41.5 10155s
 9281709 3728565 infeasible   63      6177.00000 5992.78762  2.98%  41.5 10160s
 9286897 3730406 5994.60000   56   60 6177.00000 5992.78934  2.98%  41.5 10165s
 9288498 3731258 6093.20000   72   21 6177.00000 5992.78959  2.98%  41.5 10171s
 9292447 3733022 6160.49693   69   44 6177.00000 5992.78959  2.98%  41.5 10175s
 9298886 3735495 6094.60165  109   72 6177.00000 5992.79157  2.98%  41.5 10181s
 9304215 3737180 6010.02800   70   32 6177.00000 5992.79338  2.98%  41.5 10186s
 9304878 3737815 6006.87042   72   50 6177.00000 5992.79345  2.98%  41.5 10190s
 9308905 3739502 6025.72941   68   28 6177.00000 5992.79424  2.98%  41.5 10196s
 9312771 3741232 6005.79118   57   91 6177.00000 5992.79461  2.98%  41.5 10200s
 9317944 3743001 infeasible   97      6177.00000 5992.79675  2.98%  41.5 10205s
 9324588 3745259     cutoff   74      6177.00000 5992.79857  2.98%  41.5 10211s
 9329877 3747335 6124.62366   63   22 6177.00000 5992.80021  2.98%  41.5 10216s
 9335065 3749324 6100.89937   97   33 6177.00000 5992.80106  2.98%  41.5 10220s
 9339998 3751110 6008.25481   74   55 6177.00000 5992.80307  2.98%  41.5 10225s
 9344922 3752738 6125.91721   43  119 6177.00000 5992.80488  2.98%  41.5 10230s
 9349899 3754761 6092.63214   74   14 6177.00000 5992.80653  2.98%  41.5 10235s
 9356672 3757416 6005.14378   48   57 6177.00000 5992.80824  2.98%  41.5 10240s
 9361888 3759581     cutoff  105      6177.00000 5992.80900  2.98%  41.5 10245s
 9367303 3761649 6050.72622   53  116 6177.00000 5992.81003  2.98%  41.5 10250s
 9373498 3763695 6009.32921   60   79 6177.00000 5992.81189  2.98%  41.5 10256s
 9377869 3765444     cutoff   43      6177.00000 5992.81267  2.98%  41.5 10260s
 9383448 3767354 6051.51790   72   92 6177.00000 5992.81408  2.98%  41.5 10265s
 9388531 3769133     cutoff   59      6177.00000 5992.81536  2.98%  41.5 10270s
 9393680 3771315 6102.97344   76   44 6177.00000 5992.81702  2.98%  41.5 10275s
 9398730 3773329 6018.82204   97   46 6177.00000 5992.81818  2.98%  41.5 10280s
 9405224 3775454 5995.83987   97   58 6177.00000 5992.81999  2.98%  41.5 10285s
 9409940 3777037 5996.87218   60   91 6177.00000 5992.82075  2.98%  41.5 10290s
 9415195 3778574 5998.40189   71   67 6177.00000 5992.82175  2.98%  41.5 10295s
 9419879 3780770 6153.10631  109   75 6177.00000 5992.82389  2.98%  41.5 10300s
 9426733 3783437     cutoff   76      6177.00000 5992.82596  2.98%  41.5 10306s
 9431943 3785296 6078.89824  105   49 6177.00000 5992.82670  2.98%  41.5 10310s
 9436917 3787277 6074.04558   78   47 6177.00000 5992.82819  2.98%  41.5 10315s
 9442622 3788885 6045.23995   67  105 6177.00000 5992.82951  2.98%  41.5 10320s
 9448678 3790865 6030.97554  134   36 6177.00000 5992.83059  2.98%  41.5 10325s
 9453734 3792783 6089.16046   95   28 6177.00000 5992.83196  2.98%  41.4 10330s
 9458938 3794704     cutoff   90      6177.00000 5992.83339  2.98%  41.4 10335s
 9465586 3797329 6034.24971  113   37 6177.00000 5992.83520  2.98%  41.4 10341s
 9469522 3798593 6150.00415   91   37 6177.00000 5992.83691  2.98%  41.4 10346s
 9474683 3800335 6016.09443   86   44 6177.00000 5992.83838  2.98%  41.4 10351s
 9479538 3802400     cutoff   95      6177.00000 5992.83962  2.98%  41.4 10355s
 9484767 3804460 infeasible  108      6177.00000 5992.84183  2.98%  41.4 10360s
 9490028 3806131 6141.93219   43   71 6177.00000 5992.84332  2.98%  41.4 10365s
 9495809 3808180 6011.83169   59   81 6177.00000 5992.84500  2.98%  41.4 10370s
 9499530 3809364     cutoff   57      6177.00000 5992.84654  2.98%  41.4 10375s
 9504163 3811388 6003.24433   90   50 6177.00000 5992.84809  2.98%  41.4 10380s
 9509471 3813410 6101.50313   94   43 6177.00000 5992.84961  2.98%  41.4 10385s
 9513619 3814485 6131.15573  112   85 6177.00000 5992.85083  2.98%  41.4 10390s
 9516080 3815857 6024.39472   65  100 6177.00000 5992.85106  2.98%  41.4 10395s
 9521452 3818113 6118.99136   81   81 6177.00000 5992.85336  2.98%  41.4 10400s
 9526818 3820245 infeasible  113      6177.00000 5992.85541  2.98%  41.4 10405s
 9531860 3821792 6005.54392   66   55 6177.00000 5992.85679  2.98%  41.4 10410s
 9537628 3823907 6008.35915   67   55 6177.00000 5992.85827  2.98%  41.4 10415s
 9543025 3825835 6016.02292   58   32 6177.00000 5992.85968  2.98%  41.4 10420s
 9548016 3827657 6009.76865   48   44 6177.00000 5992.86114  2.98%  41.4 10425s
 9554559 3829827     cutoff   95      6177.00000 5992.86277  2.98%  41.4 10430s
 9559181 3831323     cutoff   81      6177.00000 5992.86350  2.98%  41.4 10435s
 9565741 3833617     cutoff  121      6177.00000 5992.86596  2.98%  41.4 10441s
 9568910 3834678 6035.06655  108   59 6177.00000 5992.86658  2.98%  41.4 10445s
 9574440 3836590 5999.56719  119   62 6177.00000 5992.86758  2.98%  41.4 10451s
 9579989 3838670 6019.78959   79   62 6177.00000 5992.86913  2.98%  41.4 10456s
 9584032 3839897     cutoff   52      6177.00000 5992.87037  2.98%  41.4 10460s
 9589160 3842056     cutoff   62      6177.00000 5992.87269  2.98%  41.4 10465s
 9595509 3844373 6102.16024   90   25 6177.00000 5992.87372  2.98%  41.4 10470s
 9600625 3846498 6090.07471   91   28 6177.00000 5992.87470  2.98%  41.4 10475s
 9605705 3848330 6100.01429   63   48 6177.00000 5992.87585  2.98%  41.4 10480s
 9612330 3851019 5998.77000   73   27 6177.00000 5992.87681  2.98%  41.4 10486s
 9617491 3852946 6103.71000   72   48 6177.00000 5992.87835  2.98%  41.4 10490s
 9622914 3855186 6085.70386  128   72 6177.00000 5992.87948  2.98%  41.4 10495s
 9627292 3856728 6152.05000  129   39 6177.00000 5992.88054  2.98%  41.4 10500s
 9632392 3858632 6041.04237  101   53 6177.00000 5992.88165  2.98%  41.4 10505s
 9637521 3860834 6004.33092   96   56 6177.00000 5992.88239  2.98%  41.4 10510s
 9644270 3863344 6020.82043   86   38 6177.00000 5992.88239  2.98%  41.4 10515s
 9648999 3865205 6018.68611  107   50 6177.00000 5992.88310  2.98%  41.3 10520s
 9655435 3867557 6094.13889  102   32 6177.00000 5992.88528  2.98%  41.3 10526s
 9660604 3869798 6010.46278   76   41 6177.00000 5992.88693  2.98%  41.3 10531s
 9666867 3873684 6080.10842  132   80 6177.00000 5992.88728  2.98%  41.3 10535s
 9673110 3876671 5992.88790   63   58 6177.00000 5992.88728  2.98%  41.3 10540s
 9675906 3878166 infeasible  108      6177.00000 5992.88784  2.98%  41.3 10545s
 9682948 3881129 6066.81748  107   86 6177.00000 5992.88920  2.98%  41.3 10551s
 9687992 3882976 6104.09079   71   54 6177.00000 5992.89010  2.98%  41.3 10555s
 9693582 3885417 6143.09437  141   82 6177.00000 5992.89113  2.98%  41.3 10560s
 9699660 3888033 6016.27531   88   41 6177.00000 5992.89247  2.98%  41.3 10565s
 9705659 3891430 6005.12081   83   59 6177.00000 5992.89306  2.98%  41.3 10570s
 9712088 3894290 infeasible   74      6177.00000 5992.89490  2.98%  41.3 10575s
 9717855 3896269 5998.53661   54   40 6177.00000 5992.89617  2.98%  41.3 10580s
 9723698 3898720 6026.95934   73   36 6177.00000 5992.89740  2.98%  41.3 10586s
 9728345 3900475 5996.62442   95   47 6177.00000 5992.89853  2.98%  41.3 10590s
 9733543 3902405 infeasible   97      6177.00000 5992.90024  2.98%  41.3 10595s
 9739951 3904697 6008.03837   98   69 6177.00000 5992.90110  2.98%  41.3 10600s
 9744195 3906181 6112.94974   51   40 6177.00000 5992.90233  2.98%  41.3 10605s
 9750898 3908923 6017.60952   81   38 6177.00000 5992.90415  2.98%  41.3 10610s
 9752179 3909225 6128.61638   78   34 6177.00000 5992.90449  2.98%  41.3 10615s
 9756891 3910840 5993.59097  100   39 6177.00000 5992.90585  2.98%  41.3 10621s
 9759896 3912035 6122.65142   70   78 6177.00000 5992.90613  2.98%  41.3 10626s
 9765441 3913991 6123.31376   75   41 6177.00000 5992.90713  2.98%  41.3 10631s
 9771060 3916329 5994.63634   75   89 6177.00000 5992.90832  2.98%  41.3 10635s
 9776005 3918127 6159.75693  101   83 6177.00000 5992.90964  2.98%  41.3 10640s
 9782205 3920091     cutoff  101      6177.00000 5992.91126  2.98%  41.3 10645s
 9787447 3922251 6092.70500   48   18 6177.00000 5992.91240  2.98%  41.3 10651s
 9792841 3924058 5992.91442   52   58 6177.00000 5992.91434  2.98%  41.2 10655s
 9798195 3926058 6011.70250   49   47 6177.00000 5992.91603  2.98%  41.2 10660s
 9803757 3928006 6098.00000   51   17 6177.00000 5992.91812  2.98%  41.2 10665s
 9809848 3930674 infeasible   96      6177.00000 5992.91979  2.98%  41.2 10670s
 9815312 3933788 6143.64266   79   43 6177.00000 5992.92054  2.98%  41.2 10675s
 9821914 3937442 6027.45063   85   61 6177.00000 5992.92054  2.98%  41.2 10681s
 9827202 3939623     cutoff   61      6177.00000 5992.92093  2.98%  41.2 10685s
 9832061 3941442 6086.72868   76   20 6177.00000 5992.92190  2.98%  41.2 10690s
 9837128 3942878 6091.20015   80   44 6177.00000 5992.92340  2.98%  41.2 10695s
 9841280 3944815 infeasible   64      6177.00000 5992.92450  2.98%  41.2 10700s
 9847442 3946698 infeasible   58      6177.00000 5992.92479  2.98%  41.2 10705s
 9852146 3948650 6008.40750   77   99 6177.00000 5992.92578  2.98%  41.2 10710s
 9858178 3951008 6094.26926   60   44 6177.00000 5992.92717  2.98%  41.2 10715s
 9863340 3952820 6077.92083  100   68 6177.00000 5992.92840  2.98%  41.2 10720s
 9869328 3955048 6000.75010   74   47 6177.00000 5992.92931  2.98%  41.2 10726s
 9874721 3957162 infeasible   95      6177.00000 5992.93089  2.98%  41.2 10730s
 9880217 3959562     cutoff   40      6177.00000 5992.93189  2.98%  41.2 10735s
 9887132 3961824 5994.92535   88   48 6177.00000 5992.93259  2.98%  41.2 10740s
 9892751 3964330 6085.00000   41   17 6177.00000 5992.93389  2.98%  41.2 10745s
 9898241 3966715 6097.42600   78   40 6177.00000 5992.93490  2.98%  41.2 10751s
 9903833 3968825 infeasible   79      6177.00000 5992.93704  2.98%  41.2 10755s
 9906143 3969319 6000.76740  100   92 6177.00000 5992.93764  2.98%  41.2 10760s
 9907201 3970212 6019.25277  120   41 6177.00000 5992.93764  2.98%  41.2 10765s
 9912190 3972338 6044.81749   49  121 6177.00000 5992.93888  2.98%  41.2 10770s
 9917938 3974683 6146.03704   63  143 6177.00000 5992.94079  2.98%  41.2 10775s
 9924126 3977033 6077.17503   40  110 6177.00000 5992.94268  2.98%  41.2 10780s
 9929112 3978603 6077.03086   96   49 6177.00000 5992.94387  2.98%  41.2 10785s
 9934605 3980867 6085.10329  117   60 6177.00000 5992.94538  2.98%  41.2 10790s
 9940568 3983161 6040.59923   53  107 6177.00000 5992.94689  2.98%  41.2 10795s
 9945116 3984875     cutoff   89      6177.00000 5992.94877  2.98%  41.2 10800s
 9950447 3986767     cutoff   45      6177.00000 5992.94985  2.98%  41.2 10805s
 9955785 3988946 6021.10379   52   83 6177.00000 5992.95069  2.98%  41.2 10810s
 9961809 3991245 6004.17797  110   82 6177.00000 5992.95228  2.98%  41.2 10815s
 9966815 3993255 6004.93344   63  105 6177.00000 5992.95371  2.98%  41.2 10820s
 9971986 3995542     cutoff  103      6177.00000 5992.95500  2.98%  41.1 10825s
 9977628 3998211 6092.22500   60   13 6177.00000 5992.95578  2.98%  41.1 10830s
 9983940 4000398 6098.39600   86   59 6177.00000 5992.95673  2.98%  41.1 10835s
 9988967 4002674 6011.32095   56   81 6177.00000 5992.95753  2.98%  41.1 10840s
 9991636 4003461 5999.84734   58   36 6177.00000 5992.95792  2.98%  41.1 10845s
 9995993 4006013 5997.88614   53   47 6177.00000 5992.95857  2.98%  41.1 10850s
 10001674 4007848 5994.35964   95   74 6177.00000 5992.96000  2.98%  41.1 10855s
 10007185 4010170 infeasible   98      6177.00000 5992.96113  2.98%  41.1 10860s
 10012963 4013147 6028.54903  111   61 6177.00000 5992.96132  2.98%  41.1 10865s
 10018890 4015368     cutoff  103      6177.00000 5992.96245  2.98%  41.1 10870s
 10023932 4016897     cutoff   91      6177.00000 5992.96349  2.98%  41.1 10875s
 10030757 4019609 5998.97624   71   41 6177.00000 5992.96505  2.98%  41.1 10880s
 10035562 4021189 6086.35205   76   33 6177.00000 5992.96609  2.98%  41.1 10885s
 10042359 4023238 6009.69344  106   58 6177.00000 5992.96752  2.98%  41.1 10890s
 10046956 4024833 6137.12226   54  112 6177.00000 5992.96856  2.98%  41.1 10895s
 10051878 4026674 6061.43231   64   91 6177.00000 5992.97012  2.98%  41.1 10900s
 10057572 4029542     cutoff   63      6177.00000 5992.97148  2.98%  41.1 10905s
 10064334 4032361 6095.27685   99   26 6177.00000 5992.97148  2.98%  41.1 10910s
 10069077 4034374 6051.86492   63  160 6177.00000 5992.97279  2.98%  41.1 10915s
 10074893 4036316 6004.34440  100   59 6177.00000 5992.97505  2.98%  41.1 10920s
 10080010 4038057 6112.93147   78   39 6177.00000 5992.97642  2.98%  41.1 10925s
 10084986 4039895 6001.63012   88   50 6177.00000 5992.97787  2.98%  41.1 10930s
 10089741 4041829 6097.92251   67   64 6177.00000 5992.97935  2.98%  41.1 10935s
 10095384 4044041 6014.08280   57   49 6177.00000 5992.98079  2.98%  41.1 10940s
 10102960 4046749 6125.84015   96   39 6177.00000 5992.98262  2.98%  41.1 10945s
 10107520 4048613 5996.91044   99   59 6177.00000 5992.98342  2.98%  41.1 10950s
 10114329 4051043 5998.21016   95   46 6177.00000 5992.98529  2.98%  41.1 10955s
 10119368 4053007 6102.24513   70   81 6177.00000 5992.98669  2.98%  41.1 10960s
 10124438 4054580 6098.58276   78   20 6177.00000 5992.98799  2.98%  41.1 10965s
 10128723 4056339 infeasible   92      6177.00000 5992.98965  2.98%  41.1 10970s
 10134058 4058174     cutoff   52      6177.00000 5992.99120  2.98%  41.0 10975s
 10140352 4060293 6094.08026   83   52 6177.00000 5992.99340  2.98%  41.0 10981s
 10145137 4062064 6006.26117   80   44 6177.00000 5992.99536  2.98%  41.0 10985s
 10150838 4063996 6015.80950   52  118 6177.00000 5992.99653  2.98%  41.0 10990s
 10155963 4065987 6019.91602  102  111 6177.00000 5992.99813  2.98%  41.0 10995s
 10162088 4068158 6094.77073  113   35 6177.00000 5992.99996  2.98%  41.0 11000s
 10166582 4070088 6114.49335   46  100 6177.00000 5993.00080  2.98%  41.0 11005s
 10173053 4072208 6128.83948  129   80 6177.00000 5993.00296  2.98%  41.0 11011s
 10176478 4073431 6036.53441   61   44 6177.00000 5993.00435  2.98%  41.0 11015s
 10181631 4075240 6014.36220   42   80 6177.00000 5993.00590  2.98%  41.0 11020s
 10187107 4077213 infeasible   66      6177.00000 5993.00812  2.98%  41.0 11025s
 10193171 4079757 infeasible   78      6177.00000 5993.01039  2.98%  41.0 11031s
 10198420 4081836 6079.82110   56   66 6177.00000 5993.01174  2.98%  41.0 11035s
 10203863 4084052     cutoff  112      6177.00000 5993.01198  2.98%  41.0 11040s
 10208803 4085965 5996.58360   82   95 6177.00000 5993.01342  2.98%  41.0 11045s
 10213747 4088169 6002.58097   99   89 6177.00000 5993.01357  2.98%  41.0 11050s
 10215269 4088183 5993.50764   55   69 6177.00000 5993.01469  2.98%  41.0 11055s
 10216637 4088674 6120.32947  107   99 6177.00000 5993.01503  2.98%  41.0 11060s
 10217566 4089570 6117.53313  105   25 6177.00000 5993.01522  2.98%  41.0 11065s
 10223609 4091821 5993.02106   70   71 6177.00000 5993.01632  2.98%  41.0 11070s
 10228652 4093736 6093.06758   73   65 6177.00000 5993.01828  2.98%  41.0 11075s
 10233382 4095173 6086.12356   53   39 6177.00000 5993.01976  2.98%  41.0 11080s
 10237813 4096825 6078.34633   98   65 6177.00000 5993.02139  2.98%  41.0 11085s
 10242983 4098858     cutoff   88      6177.00000 5993.02281  2.98%  41.0 11090s
 10249146 4101415 6017.85139   69  110 6177.00000 5993.02443  2.98%  41.0 11095s
 10254521 4103632 6112.48897   91   29 6177.00000 5993.02519  2.98%  41.0 11100s
 10259843 4105182     cutoff  136      6177.00000 5993.02656  2.98%  41.0 11105s
 10265632 4107444 infeasible   67      6177.00000 5993.02847  2.98%  41.0 11110s
 10270771 4109179 6109.44813   78   29 6177.00000 5993.02947  2.98%  41.0 11115s
 10275945 4111214 6036.88767   79   46 6177.00000 5993.03053  2.98%  41.0 11120s
 10281247 4113145     cutoff   35      6177.00000 5993.03132  2.98%  41.0 11125s
 10286596 4115760 infeasible   56      6177.00000 5993.03234  2.98%  41.0 11130s
 10293265 4118534 6121.74177  103   40 6177.00000 5993.03357  2.98%  41.0 11135s
 10298528 4120687 6005.85545   75   51 6177.00000 5993.03481  2.98%  41.0 11140s
 10303257 4122605     cutoff   41      6177.00000 5993.03577  2.98%  41.0 11145s
 10309904 4124972 6006.30735   97   70 6177.00000 5993.03763  2.98%  41.0 11150s
 10314809 4126923 5998.42409   77   56 6177.00000 5993.03845  2.98%  41.0 11155s
 10320870 4129106 5996.39089   63   75 6177.00000 5993.03992  2.98%  41.0 11160s
 10326138 4131168 6092.39310   77   18 6177.00000 5993.04144  2.98%  41.0 11165s
 10332042 4133461 6106.08627   44   13 6177.00000 5993.04282  2.98%  41.0 11171s
 10337498 4135075 6002.48496   44   80 6177.00000 5993.04397  2.98%  41.0 11175s
 10343440 4137727 6145.64706  101   22 6177.00000 5993.04558  2.98%  41.0 11180s
 10348151 4139542 6096.58373   75   37 6177.00000 5993.04700  2.98%  41.0 11185s
 10354365 4141605     cutoff   97      6177.00000 5993.04889  2.98%  41.0 11190s
 10359056 4143350 6098.53452   97   48 6177.00000 5993.05055  2.98%  41.0 11195s
 10365101 4145491 6019.76303   77   57 6177.00000 5993.05183  2.98%  41.0 11201s
 10369778 4147209 6010.56643  100   34 6177.00000 5993.05277  2.98%  41.0 11205s
 10375293 4149720 6078.31953   88   64 6177.00000 5993.05426  2.98%  41.0 11210s
 10380678 4151713 5998.90960  108   91 6177.00000 5993.05535  2.98%  40.9 11215s
 10386747 4154005 6004.91622   63   45 6177.00000 5993.05663  2.98%  40.9 11221s
 10391723 4155675 6007.15168  112   46 6177.00000 5993.05868  2.98%  40.9 11226s
 10396999 4157621 infeasible   91      6177.00000 5993.06021  2.98%  40.9 11230s
 10401733 4159361 6004.41160  100   49 6177.00000 5993.06136  2.98%  40.9 11235s
 10407299 4161350 5999.75309  104   59 6177.00000 5993.06282  2.98%  40.9 11240s
 10412870 4163734     cutoff   41      6177.00000 5993.06431  2.98%  40.9 11245s
 10417813 4165485 5996.68312   92   42 6177.00000 5993.06577  2.98%  40.9 11250s
 10422600 4167274 6130.99444   77   42 6177.00000 5993.06751  2.98%  40.9 11255s
 10427684 4169055 5993.84737   98   97 6177.00000 5993.06948  2.98%  40.9 11260s
 10432892 4170764 6012.71008   87   45 6177.00000 5993.07100  2.98%  40.9 11265s
 10438798 4172820 6030.91724   52   18 6177.00000 5993.07297  2.98%  40.9 11271s
 10443017 4174442 6009.28472   95   22 6177.00000 5993.07381  2.98%  40.9 11275s
 10449051 4176447 6097.22443   90   76 6177.00000 5993.07600  2.98%  40.9 11280s
 10451871 4177219     cutoff  115      6177.00000 5993.07650  2.98%  40.9 11285s
 10454563 4178634     cutoff  107      6177.00000 5993.07735  2.98%  40.9 11290s
 10459644 4180324 6018.28715   84  127 6177.00000 5993.07857  2.98%  40.9 11295s
 10465273 4182273     cutoff   45      6177.00000 5993.07978  2.98%  40.9 11300s
 10470906 4184178 6083.08545  114   94 6177.00000 5993.08072  2.98%  40.9 11306s
 10473398 4184773 6090.09713   73   63 6177.00000 5993.08163  2.98%  40.9 11311s
 10473470 4184790 6157.56440   77   55 6177.00000 5993.08167  2.98%  40.9 11316s
 10473527 4184816 5996.79934   92   42 6177.00000 5993.08168  2.98%  40.9 11321s
 10473629 4184859 6008.52390   95   41 6177.00000 5993.08168  2.98%  40.9 11325s
 10475327 4185765 6059.86244   97   42 6177.00000 5993.08175  2.98%  40.9 11330s
 10480675 4187852 6018.86370   94   44 6177.00000 5993.08376  2.98%  40.9 11336s
 10484531 4189308 6010.59937   82   36 6177.00000 5993.08495  2.98%  40.9 11340s
 10489920 4191467 6086.65353  130   76 6177.00000 5993.08599  2.98%  40.9 11345s
 10493305 4192771 6078.07053   81   51 6177.00000 5993.08685  2.98%  40.9 11350s
 10498588 4194756 6136.26790   85  130 6177.00000 5993.08830  2.98%  40.9 11355s
 10504119 4196679 6110.77713  107   75 6177.00000 5993.09053  2.98%  40.9 11360s
 10509251 4198621 6106.47943   84   32 6177.00000 5993.09212  2.98%  40.9 11365s
 10514504 4200809 6007.13167   79   56 6177.00000 5993.09350  2.98%  40.9 11370s
 10521051 4203158 6121.22623   49   54 6177.00000 5993.09523  2.98%  40.9 11375s
 10525711 4205101     cutoff   41      6177.00000 5993.09631  2.98%  40.9 11380s
 10532097 4207395 6018.61234   61   64 6177.00000 5993.09841  2.98%  40.9 11386s
 10535492 4208517 6092.83122   90   33 6177.00000 5993.09904  2.98%  40.9 11391s
 10539659 4209806 6018.98464   85   44 6177.00000 5993.10022  2.98%  40.9 11395s
 10544946 4211571 6109.86755  116   36 6177.00000 5993.10165  2.98%  40.9 11400s
 10551267 4213906 6019.14993   51  117 6177.00000 5993.10396  2.98%  40.9 11406s
 10557045 4215906 6010.32617   58   83 6177.00000 5993.10599  2.98%  40.9 11410s
 10563034 4218506     cutoff   51      6177.00000 5993.10736  2.98%  40.9 11415s
 10568743 4220730 6136.88997   47  103 6177.00000 5993.10893  2.98%  40.9 11420s
 10574172 4222647 6122.05807   94  112 6177.00000 5993.11065  2.98%  40.9 11426s
 10579677 4224744     cutoff   95      6177.00000 5993.11125  2.98%  40.9 11430s
 10586081 4226978 6020.71436  104   46 6177.00000 5993.11339  2.98%  40.9 11435s
 10590967 4228606 6093.66043   66   24 6177.00000 5993.11519  2.98%  40.9 11440s
 10595550 4230439 6097.17839   50   76 6177.00000 5993.11648  2.98%  40.9 11445s
 10599299 4231693     cutoff   80      6177.00000 5993.11711  2.98%  40.9 11451s
 10603210 4233260 6053.90403  111   70 6177.00000 5993.11848  2.98%  40.9 11455s
 10610515 4236080 6092.00000   46   13 6177.00000 5993.11986  2.98%  40.9 11460s
 10614889 4237866 infeasible  112      6177.00000 5993.12081  2.98%  40.9 11465s
 10621366 4240108 6079.90492  126   84 6177.00000 5993.12255  2.98%  40.8 11470s
 10626485 4241716 6061.06298  106   51 6177.00000 5993.12322  2.98%  40.8 11475s
 10632904 4244483 6163.64421  116   60 6177.00000 5993.12536  2.98%  40.8 11480s
 10637658 4246255 6107.38029  113   40 6177.00000 5993.12681  2.98%  40.8 11485s
 10644277 4248577     cutoff  117      6177.00000 5993.12825  2.98%  40.8 11490s
 10649075 4250480     cutoff   98      6177.00000 5993.12900  2.98%  40.8 11495s
 10654446 4252429 6066.31137   83  198 6177.00000 5993.13057  2.98%  40.8 11500s
 10660625 4254729 6008.19618   69   63 6177.00000 5993.13252  2.98%  40.8 11506s
 10665850 4256370 5995.39010   90   54 6177.00000 5993.13409  2.98%  40.8 11510s
 10670970 4258476 6108.24317   74   61 6177.00000 5993.13530  2.98%  40.8 11515s
 10672329 4258836 6103.73620  106   89 6177.00000 5993.13591  2.98%  40.8 11520s
 10675477 4260096 6016.68685  111   53 6177.00000 5993.13653  2.98%  40.8 11525s
 10680763 4261921     cutoff   93      6177.00000 5993.13836  2.98%  40.8 11530s
 10685632 4264225 6012.18551   59   57 6177.00000 5993.14014  2.98%  40.8 11535s
 10691591 4266384 6153.04227   71   74 6177.00000 5993.14147  2.98%  40.8 11540s
 10696775 4268314 6049.16916   87  100 6177.00000 5993.14299  2.98%  40.8 11545s
 10702833 4270783 6080.83126   80   48 6177.00000 5993.14408  2.98%  40.8 11550s
 10707917 4272977 5997.62979   68   56 6177.00000 5993.14517  2.98%  40.8 11555s
 10714020 4275060 6136.20274   62   75 6177.00000 5993.14745  2.98%  40.8 11561s
 10719225 4276919 6077.04262   98  109 6177.00000 5993.14877  2.98%  40.8 11565s
 10724153 4278250 6128.82446   80   59 6177.00000 5993.14918  2.98%  40.8 11570s
 10726744 4279757 6084.02902  105   46 6177.00000 5993.15025  2.98%  40.8 11575s
 10732198 4281648 6000.96444   88   53 6177.00000 5993.15148  2.98%  40.8 11580s
 10737310 4283460 6097.99499   98   54 6177.00000 5993.15292  2.98%  40.8 11585s
 10742648 4284986     cutoff   96      6177.00000 5993.15440  2.98%  40.8 11590s
 10747495 4286675 6087.66650   92   77 6177.00000 5993.15556  2.98%  40.8 11595s
 10752324 4288583 6100.36542   87   22 6177.00000 5993.15642  2.98%  40.8 11600s
 10757701 4290357 6072.05460   77   95 6177.00000 5993.15808  2.98%  40.8 11605s
 10763760 4292380 5994.47342   75   69 6177.00000 5993.15984  2.98%  40.8 11610s
 10768479 4294125 6052.97754   54  186 6177.00000 5993.16165  2.98%  40.8 11615s
 10774079 4296158 6038.95068  102   33 6177.00000 5993.16295  2.98%  40.8 11620s
 10780418 4298605 6011.00225   77   44 6177.00000 5993.16429  2.98%  40.8 11625s
 10785073 4300252 6107.01188   63   46 6177.00000 5993.16605  2.98%  40.8 11630s
 10791882 4303148 6026.64339   86  131 6177.00000 5993.16728  2.98%  40.8 11635s
 10795483 4304025 6028.38710  107   69 6177.00000 5993.16839  2.98%  40.8 11640s
 10798854 4305664 6104.44556   82   45 6177.00000 5993.16893  2.98%  40.8 11645s
 10804418 4307271 6004.77739   95   98 6177.00000 5993.17059  2.98%  40.8 11650s
 10810192 4309401     cutoff   96      6177.00000 5993.17158  2.98%  40.8 11655s
 10815607 4311464 6005.84949   90   37 6177.00000 5993.17338  2.98%  40.8 11660s
 10820823 4313967     cutoff   74      6177.00000 5993.17503  2.98%  40.8 11665s
 10825713 4315659 6014.89221  101   33 6177.00000 5993.17650  2.98%  40.8 11670s
 10832449 4318224 6037.40396  156   88 6177.00000 5993.17817  2.98%  40.8 11675s
 10838120 4320344 6089.99421   99   24 6177.00000 5993.18041  2.98%  40.8 11680s
 10843819 4322358 6006.95208   96   52 6177.00000 5993.18219  2.98%  40.8 11685s
 10849185 4324302 5998.39964   85   57 6177.00000 5993.18420  2.98%  40.8 11690s
 10854143 4326227 6001.89514   94  104 6177.00000 5993.18547  2.98%  40.8 11695s
 10860009 4328178 6117.94118   53   18 6177.00000 5993.18704  2.98%  40.8 11700s
 10865684 4330344 6089.67690   82  105 6177.00000 5993.18853  2.98%  40.8 11705s
 10870604 4331994 6013.42584  104  110 6177.00000 5993.19015  2.98%  40.8 11710s
 10875739 4334105 5993.19199   63   52 6177.00000 5993.19184  2.98%  40.8 11715s
 10881080 4336164 6015.80379   90   43 6177.00000 5993.19373  2.98%  40.8 11720s
 10884138 4337149 6001.35870  107   73 6177.00000 5993.19443  2.98%  40.8 11725s
 10889533 4338767 6107.35430  110   58 6177.00000 5993.19643  2.98%  40.8 11730s
 10895220 4340621 6101.19133  102   93 6177.00000 5993.19839  2.98%  40.7 11735s
 10899276 4346289 6098.93579  123   33 6177.00000 5993.19986  2.98%  40.7 11752s
 10911276 4346708     cutoff   61      6177.00000 5993.20276  2.98%  40.7 11755s
 10916889 4348635 6005.31500   92   43 6177.00000 5993.20496  2.98%  40.7 11760s
 10922864 4351251 5995.76071   74   58 6177.00000 5993.20571  2.98%  40.7 11765s
 10927663 4353478 6096.40666   93   38 6177.00000 5993.20670  2.98%  40.7 11770s
 10934123 4356289 6079.23462   89   28 6177.00000 5993.20670  2.98%  40.7 11775s
 10939175 4358519 6119.42353   88   23 6177.00000 5993.20762  2.98%  40.7 11780s
 10944104 4360144 infeasible  130      6177.00000 5993.20907  2.98%  40.7 11785s
 10948043 4361538 6058.02203   59  138 6177.00000 5993.21032  2.98%  40.7 11790s
 10952241 4363482 6078.07249   58   59 6177.00000 5993.21213  2.98%  40.7 11795s
 10958238 4365321     cutoff  100      6177.00000 5993.21301  2.98%  40.7 11800s
 10964300 4366792 6007.76734   93   65 6177.00000 5993.21401  2.98%  40.7 11805s
 10969612 4369012     cutoff  117      6177.00000 5993.21498  2.98%  40.7 11810s
 10974933 4370733 6026.53978   87   49 6177.00000 5993.21609  2.98%  40.7 11815s
 10981044 4372954 6099.44400   68  116 6177.00000 5993.21827  2.98%  40.7 11821s
 10986251 4374975     cutoff   76      6177.00000 5993.21983  2.98%  40.7 11825s
 10991046 4376865 infeasible  105      6177.00000 5993.22148  2.98%  40.7 11830s
 10996310 4378688 6097.05327   93   23 6177.00000 5993.22306  2.98%  40.7 11835s
 11001458 4380286 5994.98005   57   87 6177.00000 5993.22455  2.98%  40.7 11840s
 11007293 4382331 6006.19307   88   96 6177.00000 5993.22636  2.98%  40.7 11845s
 11012510 4384017 6024.96824  117  104 6177.00000 5993.22799  2.98%  40.7 11850s
 11017550 4386269 6002.79582   52   66 6177.00000 5993.22969  2.98%  40.7 11855s
 11023981 4388240 6121.17311   53   53 6177.00000 5993.23133  2.98%  40.7 11860s
 11028632 4390078 6016.26593   77   43 6177.00000 5993.23260  2.98%  40.7 11865s
 11033847 4392053 6088.85714   54   22 6177.00000 5993.23424  2.98%  40.7 11870s
 11036784 4393144     cutoff   64      6177.00000 5993.23464  2.97%  40.7 11876s
 11040546 4394485 6007.52460  109   65 6177.00000 5993.23581  2.97%  40.7 11880s
 11046697 4396501 6021.40758   96   59 6177.00000 5993.23687  2.97%  40.7 11885s
 11052177 4398571     cutoff   99      6177.00000 5993.23779  2.97%  40.7 11890s
 11057436 4400273 6135.92155   51  102 6177.00000 5993.23914  2.97%  40.7 11895s
 11063909 4402930 6027.48406   66   30 6177.00000 5993.24067  2.97%  40.7 11900s
 11069270 4404500 6102.61096  119   32 6177.00000 5993.24202  2.97%  40.7 11905s
 11074145 4406113 6142.89672   94   31 6177.00000 5993.24390  2.97%  40.7 11910s
 11079166 4407718 infeasible   53      6177.00000 5993.24592  2.97%  40.7 11915s
 11085339 4409950 6076.24071   63   38 6177.00000 5993.24892  2.97%  40.7 11921s
 11090584 4411598 6098.23984   87   27 6177.00000 5993.25024  2.97%  40.7 11925s
 11095794 4413425 6055.17917  107   46 6177.00000 5993.25170  2.97%  40.7 11930s
 11101045 4415495 5993.47966   94   77 6177.00000 5993.25243  2.97%  40.7 11935s
 11106072 4417275 6010.10031   87   53 6177.00000 5993.25374  2.97%  40.7 11940s
 11112694 4419499 6069.54519   44  110 6177.00000 5993.25660  2.97%  40.7 11946s
 11117859 4421554 6087.59770  103   37 6177.00000 5993.25787  2.97%  40.7 11950s
 11123677 4423859     cutoff   98      6177.00000 5993.25927  2.97%  40.7 11955s
 11129239 4425699 5994.51676   65   77 6177.00000 5993.26103  2.97%  40.7 11960s
 11130776 4426601 6098.07368  113   22 6177.00000 5993.26147  2.97%  40.7 11965s
 11133532 4427506 6078.26692   93   44 6177.00000 5993.26243  2.97%  40.7 11970s
 11138754 4429550 infeasible   93      6177.00000 5993.26372  2.97%  40.6 11975s
 11144280 4431506 6039.02375   36   44 6177.00000 5993.26488  2.97%  40.6 11980s
 11149316 4433597     cutoff   74      6177.00000 5993.26605  2.97%  40.6 11985s
 11154008 4435564 6092.32000   78   87 6177.00000 5993.26686  2.97%  40.6 11990s
 11159542 4437520 6020.37138  122   69 6177.00000 5993.26867  2.97%  40.6 11995s
 11164903 4439415     cutoff  116      6177.00000 5993.27069  2.97%  40.6 12000s
 11171227 4441867 6128.74000   63   50 6177.00000 5993.27273  2.97%  40.6 12006s
 11175831 4443351 infeasible   48      6177.00000 5993.27347  2.97%  40.6 12010s
 11180543 4444948     cutoff   74      6177.00000 5993.27568  2.97%  40.6 12015s
 11186051 4446835 6115.63621   89   63 6177.00000 5993.27724  2.97%  40.6 12020s
 11191978 4448983 6002.47501  131   52 6177.00000 5993.27756  2.97%  40.6 12025s
 11197565 4451276 6111.61359  103   48 6177.00000 5993.27949  2.97%  40.6 12030s
 11203320 4453487 6105.59852  100   45 6177.00000 5993.28113  2.97%  40.6 12035s
 11208114 4455022 6111.02236   83   76 6177.00000 5993.28296  2.97%  40.6 12040s
 11214010 4457607 6024.38213  119   56 6177.00000 5993.28453  2.97%  40.6 12046s
 11218212 4458544 6118.83372  110   33 6177.00000 5993.28547  2.97%  40.6 12050s
 11220010 4459632 6064.49631   84   61 6177.00000 5993.28579  2.97%  40.6 12055s
 11225365 4461436 5996.64009   82   83 6177.00000 5993.28732  2.97%  40.6 12060s
 11229918 4463392     cutoff   73      6177.00000 5993.28852  2.97%  40.6 12065s
 11235335 4465476 5999.32641   77   44 6177.00000 5993.29011  2.97%  40.6 12070s
 11242304 4468830 6005.13902  116  105 6177.00000 5993.29055  2.97%  40.6 12075s
 11248215 4471049 6020.02332   88   36 6177.00000 5993.29129  2.97%  40.6 12080s
 11253160 4473067 6039.34148   85   50 6177.00000 5993.29192  2.97%  40.6 12085s
 11258205 4474754 6037.27558   55   65 6177.00000 5993.29321  2.97%  40.6 12090s
 11262819 4476730 6001.54388   64   48 6177.00000 5993.29407  2.97%  40.6 12095s
 11269616 4478984 6093.83908   92   47 6177.00000 5993.29581  2.97%  40.6 12101s
 11274537 4480601 6012.81334   70   53 6177.00000 5993.29720  2.97%  40.6 12105s
 11280161 4482530 6101.67333   67   29 6177.00000 5993.29865  2.97%  40.6 12111s
 11285336 4484393 6023.53613  101   48 6177.00000 5993.29974  2.97%  40.6 12115s
 11290393 4486736 6009.85600   72   71 6177.00000 5993.30102  2.97%  40.6 12120s
 11296178 4488901 6012.71091   87   57 6177.00000 5993.30147  2.97%  40.6 12125s
 11302191 4491186 infeasible   99      6177.00000 5993.30273  2.97%  40.6 12130s
 11307127 4492816 6017.48579  115   55 6177.00000 5993.30406  2.97%  40.6 12135s
 11312510 4494743 6087.80598   84   45 6177.00000 5993.30566  2.97%  40.6 12140s
 11317284 4496655     cutoff   59      6177.00000 5993.30712  2.97%  40.6 12145s
 11322649 4499013 6105.45865   84   33 6177.00000 5993.30837  2.97%  40.6 12150s
 11328910 4500839 6105.38667   52   37 6177.00000 5993.30954  2.97%  40.6 12155s
 11333861 4502626 5993.83527   55   45 6177.00000 5993.30983  2.97%  40.6 12160s
 11337294 4503548 6113.40272  105   71 6177.00000 5993.31127  2.97%  40.6 12165s
 11340709 4504763 infeasible  123      6177.00000 5993.31234  2.97%  40.6 12170s
 11340726 4508622 6134.25498  124   57 6177.00000 5993.31234  2.97%  40.6 12183s
 11352726 4509187 infeasible   85      6177.00000 5993.31388  2.97%  40.6 12186s
 11357350 4510748 6088.17417   55   40 6177.00000 5993.31637  2.97%  40.6 12190s
 11362658 4512555 6068.69142   56   47 6177.00000 5993.31734  2.97%  40.6 12195s
 11367296 4514232     cutoff   82      6177.00000 5993.31819  2.97%  40.6 12200s
 11372214 4516021 6122.40714  118   58 6177.00000 5993.31922  2.97%  40.6 12205s
 11378207 4518045 6098.13148   84   27 6177.00000 5993.32058  2.97%  40.6 12211s
 11383306 4519517 6006.20373   80   44 6177.00000 5993.32159  2.97%  40.6 12215s
 11387447 4520912 6018.95556   76   53 6177.00000 5993.32338  2.97%  40.6 12220s
 11393580 4522827 6077.95328   88   58 6177.00000 5993.32484  2.97%  40.6 12225s
 11398477 4524758 infeasible  124      6177.00000 5993.32599  2.97%  40.6 12230s
 11403701 4526779     cutoff   92      6177.00000 5993.32653  2.97%  40.6 12235s
 11410218 4529044 6120.07333   47   83 6177.00000 5993.32848  2.97%  40.6 12240s
 11414863 4531158 infeasible   73      6177.00000 5993.32947  2.97%  40.6 12245s
 11421149 4533584 6056.26443   73   71 6177.00000 5993.33055  2.97%  40.6 12250s
 11426001 4535556 6107.50000   96   43 6177.00000 5993.33189  2.97%  40.6 12255s
 11432464 4538249 6119.00102  128   65 6177.00000 5993.33364  2.97%  40.5 12260s
 11437831 4540141 6016.08471   97   30 6177.00000 5993.33472  2.97%  40.5 12266s
 11442588 4541933     cutoff   79      6177.00000 5993.33590  2.97%  40.6 12270s
 11447722 4543911 6083.30000   73   23 6177.00000 5993.33767  2.97%  40.5 12275s
 11449651 4544541     cutoff   70      6177.00000 5993.33797  2.97%  40.5 12280s
 11454772 4546302 6057.95687   58   71 6177.00000 5993.33939  2.97%  40.5 12285s
 11459760 4548273 6000.79386  103   73 6177.00000 5993.34091  2.97%  40.5 12290s
 11466185 4550476 6039.94848  114   50 6177.00000 5993.34259  2.97%  40.5 12295s
 11471757 4552511 6092.77416  122   24 6177.00000 5993.34418  2.97%  40.5 12300s
 11476585 4554321 6092.11511   41   81 6177.00000 5993.34542  2.97%  40.5 12305s
 11482752 4556549 6102.71952   78   69 6177.00000 5993.34723  2.97%  40.5 12311s
 11487475 4558806 6020.61436   99   97 6177.00000 5993.34817  2.97%  40.5 12315s
 11493027 4561022 6095.61566   51   53 6177.00000 5993.34952  2.97%  40.5 12320s
 11497974 4563065 5995.83412  101   53 6177.00000 5993.35103  2.97%  40.5 12325s
 11503918 4565472 6031.10148   78   75 6177.00000 5993.35282  2.97%  40.5 12331s
 11509578 4567562 6050.68699   70   59 6177.00000 5993.35321  2.97%  40.5 12335s
 11515695 4570053 6005.94416   95   53 6177.00000 5993.35530  2.97%  40.5 12341s
 11520513 4571857 6092.61149   64   40 6177.00000 5993.35662  2.97%  40.5 12345s
 11525263 4573671 5997.79363   94   49 6177.00000 5993.35790  2.97%  40.5 12350s
 11531485 4575474 6064.30899   57  118 6177.00000 5993.35948  2.97%  40.5 12355s
 11536334 4577472 6020.36111   61   45 6177.00000 5993.36118  2.97%  40.5 12360s
 11543416 4580445 6078.98438  112   44 6177.00000 5993.36232  2.97%  40.5 12366s
 11548131 4582032 infeasible   88      6177.00000 5993.36402  2.97%  40.5 12370s
 11553386 4583637 6001.81385   99   87 6177.00000 5993.36596  2.97%  40.5 12375s
 11558079 4585665     cutoff  108      6177.00000 5993.36684  2.97%  40.5 12380s
 11560857 4586238 6088.97569   97   54 6177.00000 5993.36748  2.97%  40.5 12387s
 11562732 4587431 6013.65691   60   49 6177.00000 5993.36804  2.97%  40.5 12391s
 11568362 4589152 6138.30000  128   29 6177.00000 5993.36971  2.97%  40.5 12396s
 11572175 4590086 6012.08735   90   27 6177.00000 5993.37072  2.97%  40.5 12400s
 11574388 4591261 infeasible  101      6177.00000 5993.37116  2.97%  40.5 12405s
 11579646 4593224 6087.61337   50   85 6177.00000 5993.37274  2.97%  40.5 12410s
 11584883 4594842 6083.41677  105   38 6177.00000 5993.37407  2.97%  40.5 12415s
 11589378 4596429 6006.36712   58   74 6177.00000 5993.37540  2.97%  40.5 12420s
 11596020 4598853 6113.01500   94   29 6177.00000 5993.37843  2.97%  40.5 12426s
 11601260 4600689 6044.36791   66   73 6177.00000 5993.37979  2.97%  40.5 12431s
 11606172 4602762 6100.45000   74   29 6177.00000 5993.38153  2.97%  40.5 12435s
 11611497 4604935 5995.01389   80   63 6177.00000 5993.38155  2.97%  40.5 12440s
 11616787 4607611 6032.82580  112  100 6177.00000 5993.38226  2.97%  40.5 12445s
 11623194 4610111 6124.61917   98   28 6177.00000 5993.38400  2.97%  40.5 12451s
 11628252 4611790 6067.19308  105   75 6177.00000 5993.38570  2.97%  40.5 12455s
 11634662 4614058 6109.94731  109   33 6177.00000 5993.38778  2.97%  40.5 12461s
 11640020 4615963     cutoff   70      6177.00000 5993.38915  2.97%  40.5 12465s
 11644860 4617424 5993.99477   97   88 6177.00000 5993.39026  2.97%  40.5 12470s
 11650970 4619563     cutoff   80      6177.00000 5993.39193  2.97%  40.5 12475s
 11656171 4621268 infeasible  147      6177.00000 5993.39358  2.97%  40.5 12480s
 11661405 4622825 6032.56058   75   87 6177.00000 5993.39511  2.97%  40.5 12485s
 11666147 4624504 5993.58430   69   39 6177.00000 5993.39650  2.97%  40.5 12490s
 11672528 4626858 6127.94976   86   30 6177.00000 5993.39801  2.97%  40.5 12496s
 11677900 4628873 5993.42116   94   95 6177.00000 5993.39954  2.97%  40.5 12500s
 11682980 4630922 6047.00642  124   75 6177.00000 5993.40042  2.97%  40.5 12505s
 11688039 4632946     cutoff   78      6177.00000 5993.40134  2.97%  40.5 12510s
 11694757 4635155 6028.95790   83  113 6177.00000 5993.40265  2.97%  40.5 12515s
 11698914 4636485     cutoff   67      6177.00000 5993.40422  2.97%  40.5 12520s
 11703823 4638318 6122.99633   90   45 6177.00000 5993.40560  2.97%  40.5 12525s
 11709128 4640160 6098.00000   45    9 6177.00000 5993.40686  2.97%  40.5 12530s
 11714463 4641783 6050.79046   80   72 6177.00000 5993.40795  2.97%  40.5 12535s
 11720365 4643888 5993.51579   75  114 6177.00000 5993.40966  2.97%  40.5 12540s
 11725227 4646091 6023.52278   48  189 6177.00000 5993.41069  2.97%  40.5 12545s
 11730829 4647991 infeasible  119      6177.00000 5993.41190  2.97%  40.5 12550s
 11735373 4649612 infeasible  118      6177.00000 5993.41278  2.97%  40.5 12555s
 11741335 4651905     cutoff   72      6177.00000 5993.41438  2.97%  40.5 12561s
 11746803 4653420 6092.81561   90   63 6177.00000 5993.41500  2.97%  40.5 12565s
 11751682 4655010 6051.23898  135   51 6177.00000 5993.41644  2.97%  40.4 12570s
 11757399 4657029 5993.66435   82  111 6177.00000 5993.41680  2.97%  40.4 12575s
 11762603 4659100 infeasible  111      6177.00000 5993.41880  2.97%  40.4 12580s
 11765276 4659843 6124.45000   98   30 6177.00000 5993.41900  2.97%  40.4 12585s
 11770544 4661955 6101.93554   72   45 6177.00000 5993.42051  2.97%  40.4 12590s
 11775872 4664100 6033.75488  102   63 6177.00000 5993.42202  2.97%  40.4 12595s
 11781361 4665816 5993.78155   62   37 6177.00000 5993.42364  2.97%  40.4 12600s
 11786755 4667566 6019.14785   77  138 6177.00000 5993.42548  2.97%  40.4 12605s
 11791514 4669184 6001.42097   79   71 6177.00000 5993.42681  2.97%  40.4 12610s
 11794011 4669655 6012.93731   76   96 6177.00000 5993.42795  2.97%  40.4 12615s
 11797058 4671324 6024.17769   55   73 6177.00000 5993.42864  2.97%  40.4 12620s
 11802042 4673203     cutoff  120      6177.00000 5993.43054  2.97%  40.4 12625s
 11808544 4675247 6021.31505   97   46 6177.00000 5993.43229  2.97%  40.4 12630s
 11813289 4676726 6084.96574   88   50 6177.00000 5993.43367  2.97%  40.4 12635s
 11819293 4679012 5999.90640  106   38 6177.00000 5993.43487  2.97%  40.4 12641s
 11824489 4680907 6109.01589   76   69 6177.00000 5993.43630  2.97%  40.4 12646s
 11829437 4682494 6017.72382   98   74 6177.00000 5993.43754  2.97%  40.4 12651s
 11834458 4684344 5994.37079   98  103 6177.00000 5993.43879  2.97%  40.4 12656s
 11838225 4685422 5994.18321  102   37 6177.00000 5993.44061  2.97%  40.4 12660s
 11844712 4687624 6103.11726  118   46 6177.00000 5993.44227  2.97%  40.4 12666s
 11850451 4689396 infeasible  105      6177.00000 5993.44336  2.97%  40.4 12671s
 11851079 4689866 6097.99335   65   42 6177.00000 5993.44336  2.97%  40.4 12675s
 11856148 4691845 5999.75561   64   74 6177.00000 5993.44482  2.97%  40.4 12681s
 11859982 4692906 6009.64315   67   36 6177.00000 5993.44549  2.97%  40.4 12686s
 11863530 4694193 infeasible  114      6177.00000 5993.44624  2.97%  40.4 12690s
 11868446 4695953 5993.61896   85   46 6177.00000 5993.44846  2.97%  40.4 12695s
 11873907 4697825 5996.68170   98   52 6177.00000 5993.44987  2.97%  40.4 12700s
 11879024 4699584 6121.67636   63   37 6177.00000 5993.45105  2.97%  40.4 12705s
 11884146 4701201 6077.85298   79   77 6177.00000 5993.45174  2.97%  40.4 12710s
 11890193 4703360 6099.32816   67   91 6177.00000 5993.45408  2.97%  40.4 12716s
 11893920 4704818 6033.44411  103   35 6177.00000 5993.45517  2.97%  40.4 12720s
 11899021 4706663 6112.54655   62   22 6177.00000 5993.45671  2.97%  40.4 12725s
 11904175 4708328 6046.18085   83   66 6177.00000 5993.45816  2.97%  40.4 12730s
 11909636 4710448 6093.55172   43   16 6177.00000 5993.45984  2.97%  40.4 12735s
 11914689 4711995     cutoff   99      6177.00000 5993.46123  2.97%  40.4 12740s
 11920768 4714108 infeasible   92      6177.00000 5993.46229  2.97%  40.4 12745s
 11925578 4715853 6106.81774   72   81 6177.00000 5993.46358  2.97%  40.4 12750s
 11930894 4717796 6080.82789   67   91 6177.00000 5993.46490  2.97%  40.4 12755s
 11933378 4718390 infeasible  132      6177.00000 5993.46532  2.97%  40.4 12761s
 11935524 4719786 6004.70423  110   43 6177.00000 5993.46550  2.97%  40.4 12766s
 11939806 4721258 6002.47750  120   35 6177.00000 5993.46670  2.97%  40.4 12770s
 11945372 4723129 infeasible   46      6177.00000 5993.46768  2.97%  40.4 12775s
 11950723 4725266 6016.79737   98   29 6177.00000 5993.46923  2.97%  40.4 12780s
 11956064 4726862 6000.91583  101   95 6177.00000 5993.47031  2.97%  40.4 12785s
 11960861 4728547 6013.23423  100   53 6177.00000 5993.47149  2.97%  40.4 12790s
 11967171 4731191 6048.95878  142  110 6177.00000 5993.47242  2.97%  40.4 12795s
 11971987 4732973 6091.64139   90   42 6177.00000 5993.47433  2.97%  40.4 12800s
 11977788 4735042 6103.99789   84   36 6177.00000 5993.47553  2.97%  40.4 12806s
 11983247 4737218     cutoff  121      6177.00000 5993.47740  2.97%  40.4 12811s
 11988848 4739110     cutoff   77      6177.00000 5993.47826  2.97%  40.4 12815s
 11993168 4741047 6030.56000   89   24 6177.00000 5993.47949  2.97%  40.4 12820s
 11999470 4743037 6000.21634   59   88 6177.00000 5993.48071  2.97%  40.4 12826s
 12004603 4744798 6102.65688   92   32 6177.00000 5993.48226  2.97%  40.4 12831s
 12008640 4745923 6003.73031   87   59 6177.00000 5993.48343  2.97%  40.4 12836s
 12008658 4745921 infeasible   88      6177.00000 5993.48343  2.97%  40.4 12840s
 12008730 4745954 5994.19869   80   93 6177.00000 5993.48343  2.97%  40.4 12846s
 12008760 4745972 5994.30057   82   92 6177.00000 5993.48343  2.97%  40.4 12850s
 12008975 4746107 5994.30057   85   92 6177.00000 5993.48343  2.97%  40.4 12856s
 12009103 4746158 5994.30106   86  118 6177.00000 5993.48343  2.97%  40.4 12860s
 12009953 4746622 6047.41469   89   87 6177.00000 5993.48352  2.97%  40.4 12867s
 12011360 4747221 6054.70521   91  140 6177.00000 5993.48365  2.97%  40.4 12871s
 12014016 4748563 6069.17420  100  141 6177.00000 5993.48391  2.97%  40.4 12876s
 12019316 4750185 6011.67443   56  102 6177.00000 5993.48565  2.97%  40.4 12881s
 12021227 4750608 6025.42312   89   49 6177.00000 5993.48623  2.97%  40.4 12885s
 12026856 4752785 6093.92573   69   42 6177.00000 5993.48783  2.97%  40.4 12891s
 12031023 4753976 6062.67149   88  116 6177.00000 5993.48892  2.97%  40.4 12895s
 12036536 4755998 6126.39788  108   52 6177.00000 5993.49114  2.97%  40.4 12900s
 12041876 4757896 6009.39751   56   46 6177.00000 5993.49247  2.97%  40.4 12905s
 12047160 4759456     cutoff   82      6177.00000 5993.49359  2.97%  40.4 12910s
 12052732 4761324 infeasible  110      6177.00000 5993.49513  2.97%  40.4 12915s
 12057821 4763232 6108.90613   73   39 6177.00000 5993.49658  2.97%  40.4 12920s
 12062466 4764467 6010.39000   86   55 6177.00000 5993.49696  2.97%  40.4 12925s
 12068688 4767049 6025.35947   88   49 6177.00000 5993.49823  2.97%  40.4 12931s
 12074253 4769191 6096.52432   81   78 6177.00000 5993.49899  2.97%  40.4 12936s
 12078941 4770565 6069.52815   49  198 6177.00000 5993.50000  2.97%  40.4 12940s
 12083759 4772374 6038.67758   61   69 6177.00000 5993.50121  2.97%  40.4 12946s
 12089128 4774072 6013.56192   82  115 6177.00000 5993.50302  2.97%  40.4 12951s
 12093115 4774987 6092.85389   54   40 6177.00000 5993.50367  2.97%  40.4 12955s
 12093176 4774994 6097.50523   57   56 6177.00000 5993.50367  2.97%  40.4 12960s
 12096057 4776441 6124.49171   82   70 6177.00000 5993.50514  2.97%  40.4 12965s
 12101002 4778228 6012.29866   73   59 6177.00000 5993.50699  2.97%  40.4 12970s
 12106068 4779873 6024.66490   70   39 6177.00000 5993.50829  2.97%  40.4 12975s
 12110985 4781667 6005.69590   83   52 6177.00000 5993.50951  2.97%  40.4 12980s
 12116112 4783424 6009.51346  113   75 6177.00000 5993.51173  2.97%  40.4 12985s
 12121183 4785182 5996.04232   91   74 6177.00000 5993.51321  2.97%  40.4 12990s
 12126418 4786763 6009.83582   71   57 6177.00000 5993.51435  2.97%  40.4 12995s
 12131325 4788609 6023.59939   62   65 6177.00000 5993.51667  2.97%  40.4 13000s
 12136577 4790462 6004.85173   91   49 6177.00000 5993.51809  2.97%  40.4 13005s
 12141429 4792425 6094.98653   67   34 6177.00000 5993.51936  2.97%  40.4 13010s
 12145994 4794394 6012.17026  103   35 6177.00000 5993.52021  2.97%  40.4 13015s
 12151525 4796478 6141.16531   80   52 6177.00000 5993.52241  2.97%  40.4 13021s
 12156558 4798609     cutoff   75      6177.00000 5993.52382  2.97%  40.4 13025s
 12161925 4800508 6115.10000   79   43 6177.00000 5993.52471  2.97%  40.4 13030s
 12167701 4802522 6077.17694   76   44 6177.00000 5993.52680  2.97%  40.4 13036s
 12172624 4804210 6102.00763   73   77 6177.00000 5993.52808  2.97%  40.4 13040s
 12177446 4805989 6095.49185   64   58 6177.00000 5993.52963  2.97%  40.4 13045s
 12182270 4807415 6137.02390   93   43 6177.00000 5993.53050  2.97%  40.4 13050s
 12187503 4808876     cutoff   94      6177.00000 5993.53166  2.97%  40.4 13055s
 12193093 4810812 6040.61257   75  141 6177.00000 5993.53263  2.97%  40.4 13060s
 12197762 4812406 5999.19957  104   50 6177.00000 5993.53471  2.97%  40.4 13065s
 12204081 4814493 6024.79130  104   94 6177.00000 5993.53663  2.97%  40.4 13071s
 12208973 4816259 6025.94000   60   37 6177.00000 5993.53808  2.97%  40.4 13076s
 12214164 4818194 6088.07636   79   95 6177.00000 5993.54012  2.97%  40.4 13081s
 12219157 4819910 6025.47134   52   33 6177.00000 5993.54202  2.97%  40.4 13085s
 12224241 4821452     cutoff  103      6177.00000 5993.54328  2.97%  40.4 13090s
 12229187 4823371 6001.47898   54   61 6177.00000 5993.54446  2.97%  40.4 13095s
 12234338 4825298 5994.98526   39  109 6177.00000 5993.54619  2.97%  40.4 13100s
 12239963 4826913 5994.62009   85   62 6177.00000 5993.54784  2.97%  40.4 13105s
 12245618 4828873 6001.40327   98   29 6177.00000 5993.54998  2.97%  40.4 13111s
 12250546 4830313 infeasible   69      6177.00000 5993.55141  2.97%  40.4 13115s
 12255585 4832013 infeasible   84      6177.00000 5993.55320  2.97%  40.4 13120s
 12261140 4834078 6067.63723  120   54 6177.00000 5993.55424  2.97%  40.4 13125s
 12266210 4836101 6014.80256   77   35 6177.00000 5993.55554  2.97%  40.4 13130s
 12271538 4837903 6008.18773   55   60 6177.00000 5993.55660  2.97%  40.3 13135s
 12276362 4839436 6022.24102   87  120 6177.00000 5993.55855  2.97%  40.3 13140s
 12281411 4840974 6041.50000   48   61 6177.00000 5993.55987  2.97%  40.3 13145s
 12286205 4842896 6094.71986   95   74 6177.00000 5993.56152  2.97%  40.3 13150s
 12291161 4844536 6121.81453   88   72 6177.00000 5993.56247  2.97%  40.3 13155s
 12296520 4846171 6013.57982   68   72 6177.00000 5993.56463  2.97%  40.3 13160s
 12302719 4848631 6059.95001   47  191 6177.00000 5993.56654  2.97%  40.3 13166s
 12306725 4850031 6087.95053   92   48 6177.00000 5993.56741  2.97%  40.3 13170s
 12311867 4851906 6051.89980   70   74 6177.00000 5993.56927  2.97%  40.3 13175s
 12317179 4853963 6028.20322  135   59 6177.00000 5993.57031  2.97%  40.3 13181s
 12322685 4855917     cutoff   94      6177.00000 5993.57181  2.97%  40.3 13185s
 12327515 4857642 6095.35056  100   55 6177.00000 5993.57317  2.97%  40.3 13190s
 12333639 4859982     cutoff   64      6177.00000 5993.57443  2.97%  40.3 13195s
 12338744 4861876 infeasible   92      6177.00000 5993.57627  2.97%  40.3 13200s
 12341879 4862977 6027.17266   78   42 6177.00000 5993.57682  2.97%  40.3 13205s
 12347820 4864977 6049.08652  107   58 6177.00000 5993.57788  2.97%  40.3 13210s
 12353051 4867087 6018.83095   60   45 6177.00000 5993.57948  2.97%  40.3 13215s
 12358331 4868685 6049.45300   58   84 6177.00000 5993.58095  2.97%  40.3 13220s
 12363135 4870302 6101.30980   96   42 6177.00000 5993.58095  2.97%  40.3 13225s
 12369054 4871924     cutoff   73      6177.00000 5993.58095  2.97%  40.3 13230s
 12373736 4873992 6008.48333   86   21 6177.00000 5993.58148  2.97%  40.3 13235s
 12379088 4875962 6010.44567   86   50 6177.00000 5993.58278  2.97%  40.3 13240s
 12384189 4877824 6001.31464   63   75 6177.00000 5993.58446  2.97%  40.3 13245s
 12388900 4879547     cutoff   90      6177.00000 5993.58543  2.97%  40.3 13250s
 12396341 4882640 6101.96496   85   20 6177.00000 5993.58571  2.97%  40.3 13255s
 12401705 4884738     cutoff   90      6177.00000 5993.58670  2.97%  40.3 13260s
 12406816 4886550 5997.97724   65   42 6177.00000 5993.58775  2.97%  40.3 13265s
 12411412 4888379     cutoff   74      6177.00000 5993.58931  2.97%  40.3 13270s
 12417734 4890544 6012.82237   96   40 6177.00000 5993.59079  2.97%  40.3 13275s
 12422499 4892285 5994.14090   69   92 6177.00000 5993.59203  2.97%  40.3 13280s
 12428410 4893960     cutoff   92      6177.00000 5993.59410  2.97%  40.3 13286s
 12433246 4895562 5999.26971   76   19 6177.00000 5993.59519  2.97%  40.3 13291s
 12438033 4897320 6030.41583   66   56 6177.00000 5993.59719  2.97%  40.3 13296s
 12441441 4898442 6050.93956   81   99 6177.00000 5993.59769  2.97%  40.3 13301s
 12446679 4900194 6104.18638   60   41 6177.00000 5993.59905  2.97%  40.3 13306s
 12451788 4902030 6126.21053   74   23 6177.00000 5993.60038  2.97%  40.3 13310s
 12456598 4903723 6053.83029   92   73 6177.00000 5993.60204  2.97%  40.3 13315s
 12462013 4906044 6094.46639  114   46 6177.00000 5993.60290  2.97%  40.3 13320s
 12468825 4908598 6118.79954   85   86 6177.00000 5993.60393  2.97%  40.3 13325s
 12473456 4910295 6114.59945   67   30 6177.00000 5993.60492  2.97%  40.3 13330s
 12479613 4912494     cutoff   70      6177.00000 5993.60603  2.97%  40.3 13335s
 12484949 4914411 6113.61333  107   42 6177.00000 5993.60751  2.97%  40.3 13340s
 12490029 4916210 6092.99879   53   49 6177.00000 5993.60913  2.97%  40.3 13345s
 12494990 4918115 6117.22500   45   27 6177.00000 5993.61035  2.97%  40.3 13350s
 12497428 4918954 5994.26961   63   67 6177.00000 5993.61083  2.97%  40.3 13355s
 12502588 4920633     cutoff  128      6177.00000 5993.61252  2.97%  40.3 13360s
 12507305 4922050 6111.43014   78   44 6177.00000 5993.61374  2.97%  40.3 13366s
 12507340 4922060 infeasible   80      6177.00000 5993.61374  2.97%  40.3 13370s
 12507401 4922070 6106.78570   80   37 6177.00000 5993.61374  2.97%  40.3 13375s
 12507450 4922085 6107.49681   83   35 6177.00000 5993.61374  2.97%  40.3 13380s
 12507582 4922202 6030.06127   70   84 6177.00000 5993.61383  2.97%  40.3 13389s
 12507769 4922338 6088.27184   71   75 6177.00000 5993.61383  2.97%  40.3 13390s
 12509678 4923183 6106.85263   74   26 6177.00000 5993.61397  2.97%  40.3 13396s
 12514072 4925058 6120.59131   86   38 6177.00000 5993.61485  2.97%  40.3 13401s
 12519495 4926795 6109.20512  100   38 6177.00000 5993.61639  2.97%  40.3 13406s
 12524620 4928684 6009.10427   98   82 6177.00000 5993.61777  2.97%  40.3 13411s
 12529683 4930321     cutoff   47      6177.00000 5993.61939  2.97%  40.3 13415s
 12534632 4932139 6101.24429   64   32 6177.00000 5993.62077  2.97%  40.3 13420s
 12539780 4933974     cutoff   90      6177.00000 5993.62210  2.97%  40.3 13425s
 12544166 4935593 6092.43000   47   14 6177.00000 5993.62356  2.97%  40.3 13431s
 12549354 4937008 6051.80580   84   30 6177.00000 5993.62489  2.97%  40.3 13435s
 12553994 4938820 6090.19286   60   26 6177.00000 5993.62510  2.97%  40.3 13440s
 12560726 4941126 6009.93989   77   40 6177.00000 5993.62735  2.97%  40.3 13445s
 12563595 4941997 6023.20731   83   36 6177.00000 5993.62786  2.97%  40.3 13450s
 12568659 4943954 6008.47819   80   76 6177.00000 5993.62971  2.97%  40.3 13455s
 12574073 4945761 6016.34270   74  101 6177.00000 5993.63161  2.97%  40.3 13461s
 12578252 4947024 6004.58110   66   50 6177.00000 5993.63252  2.97%  40.3 13465s
 12584657 4949509 6089.70000   52   19 6177.00000 5993.63254  2.97%  40.3 13470s
 12589722 4951314     cutoff   79      6177.00000 5993.63254  2.97%  40.3 13475s
 12595256 4953619     cutoff   79      6177.00000 5993.63254  2.97%  40.3 13480s
 12601148 4955661 6106.81891  114   31 6177.00000 5993.63369  2.97%  40.3 13485s
 12607080 4957683 infeasible   89      6177.00000 5993.63537  2.97%  40.3 13490s
 12611798 4959226 6085.71717   90   49 6177.00000 5993.63654  2.97%  40.3 13495s
 12617351 4960995 6002.95733   64   36 6177.00000 5993.63845  2.97%  40.3 13500s
 12623570 4962964 6077.38333   95   56 6177.00000 5993.63975  2.97%  40.3 13505s
 12627452 4964466     cutoff   78      6177.00000 5993.63990  2.97%  40.3 13510s
 12632205 4966498 infeasible   91      6177.00000 5993.64049  2.97%  40.3 13515s
 12637030 4968411 infeasible  109      6177.00000 5993.64149  2.97%  40.3 13520s
 12641832 4970153     cutoff   64      6177.00000 5993.64273  2.97%  40.3 13525s
 12648563 4972944 6104.70167   92   41 6177.00000 5993.64430  2.97%  40.3 13531s
 12653984 4974674 6093.20443  119   40 6177.00000 5993.64568  2.97%  40.3 13535s
 12659092 4976328 5995.69388   64   50 6177.00000 5993.64698  2.97%  40.3 13540s
 12664641 4978452 6008.37657  119   61 6177.00000 5993.64825  2.97%  40.3 13545s
 12670800 4980395 6078.15951  107   48 6177.00000 5993.64935  2.97%  40.3 13551s
 12675924 4982229 6001.19561  106  101 6177.00000 5993.65048  2.97%  40.3 13555s
 12680656 4984135     cutoff   87      6177.00000 5993.65197  2.97%  40.3 13560s
 12687413 4986800 6107.58660   80   36 6177.00000 5993.65372  2.97%  40.3 13565s
 12693860 4988844     cutoff   87      6177.00000 5993.65509  2.97%  40.2 13570s
 12697991 4990289 6001.78033  101   65 6177.00000 5993.65587  2.97%  40.2 13575s
 12704086 4992613 6066.51822   74  163 6177.00000 5993.65763  2.97%  40.2 13580s
 12709056 4994515 6046.95691  100   76 6177.00000 5993.65857  2.97%  40.2 13585s
 12711783 4995561 6133.41621   71   53 6177.00000 5993.65939  2.97%  40.2 13590s
 12717293 4997242 6102.78426  105   56 6177.00000 5993.66042  2.97%  40.2 13595s
 12723062 4999666 5994.56648   68   64 6177.00000 5993.66210  2.97%  40.2 13600s
 12729000 5001833     cutoff   69      6177.00000 5993.66355  2.97%  40.2 13605s
 12734670 5004240 6109.79151   79   62 6177.00000 5993.66485  2.97%  40.2 13610s
 12739472 5005797 6056.09508  108   61 6177.00000 5993.66595  2.97%  40.2 13615s
 12746128 5007584 6073.73310   99   38 6177.00000 5993.66595  2.97%  40.2 13620s
 12750570 5008818     cutoff   73      6177.00000 5993.66687  2.97%  40.2 13625s
 12757036 5010759 infeasible   96      6177.00000 5993.66714  2.97%  40.2 13630s
 12761726 5012334 6097.95049   78   68 6177.00000 5993.66969  2.97%  40.2 13635s
 12767056 5014200 6002.28001   84   55 6177.00000 5993.67135  2.97%  40.2 13640s
 12769898 5015190 5994.10726   79   43 6177.00000 5993.67178  2.97%  40.2 13646s
 12773919 5016666     cutoff  102      6177.00000 5993.67290  2.97%  40.2 13650s
 12780174 5018969 6015.38290   77   97 6177.00000 5993.67431  2.97%  40.2 13656s
 12785176 5020744 6099.21259   52  180 6177.00000 5993.67625  2.97%  40.2 13660s
 12789431 5022520     cutoff  130      6177.00000 5993.67689  2.97%  40.2 13665s
 12795622 5024821 6100.78625  105   33 6177.00000 5993.67851  2.97%  40.2 13670s
 12800468 5026310 6064.07587  115   38 6177.00000 5993.67924  2.97%  40.2 13675s
 12806534 5028772 6120.91687   76   58 6177.00000 5993.68076  2.97%  40.2 13681s
 12811455 5030236 6035.38929   82   64 6177.00000 5993.68172  2.97%  40.2 13685s
 12816515 5032178 6077.46769   36   37 6177.00000 5993.68269  2.97%  40.2 13690s
 12822608 5034264 infeasible  109      6177.00000 5993.68419  2.97%  40.2 13696s
 12827352 5035703 5993.68571   74   66 6177.00000 5993.68556  2.97%  40.2 13700s
 12832208 5037285 6002.47916   49   50 6177.00000 5993.68671  2.97%  40.2 13705s
 12837040 5038775 6121.94412   88   60 6177.00000 5993.68761  2.97%  40.2 13710s
 12842205 5040434 6016.73567  106   36 6177.00000 5993.68920  2.97%  40.2 13715s
 12847267 5042235 5996.18405   65   53 6177.00000 5993.69046  2.97%  40.2 13720s
 12852727 5043992 infeasible   88      6177.00000 5993.69169  2.97%  40.2 13725s
 12856515 5044740 6058.28358   99   80 6177.00000 5993.69241  2.97%  40.2 13730s
 12860363 5046351 6017.50069   72   58 6177.00000 5993.69325  2.97%  40.2 13735s
 12864581 5048139 6099.73503  109   36 6177.00000 5993.69442  2.97%  40.2 13740s
 12869388 5049686 6007.38214  106   46 6177.00000 5993.69580  2.97%  40.2 13745s
 12874656 5051284 5997.02973  104   30 6177.00000 5993.69770  2.97%  40.2 13750s
 12879777 5052929 6057.46154   73   61 6177.00000 5993.69897  2.97%  40.2 13755s
 12885291 5055068 6006.90202  103   34 6177.00000 5993.70019  2.97%  40.2 13760s
 12890332 5056812 6123.81004   61   61 6177.00000 5993.70223  2.97%  40.2 13765s
 12895675 5058598 6007.30734   78   49 6177.00000 5993.70317  2.97%  40.2 13770s
 12902058 5060986 6029.42967   87  103 6177.00000 5993.70458  2.97%  40.2 13776s
 12907123 5062759 6013.68182  105   41 6177.00000 5993.70528  2.97%  40.2 13780s
 12912212 5064700     cutoff   67      6177.00000 5993.70668  2.97%  40.2 13785s
 12917263 5066690     cutoff   50      6177.00000 5993.70836  2.97%  40.2 13790s
 12922937 5068743 6092.14466   93   37 6177.00000 5993.70965  2.97%  40.2 13795s
 12929108 5070857 6000.10523   94   50 6177.00000 5993.71154  2.97%  40.2 13800s
 12935032 5072872 6110.90244   62   76 6177.00000 5993.71361  2.97%  40.2 13805s
 12939535 5074430 6082.41656   44   60 6177.00000 5993.71484  2.97%  40.2 13810s
 12944647 5076194 6016.39840  110  130 6177.00000 5993.71633  2.97%  40.2 13815s
 12950043 5078184 6098.55908   73   42 6177.00000 5993.71742  2.97%  40.2 13820s
 12953451 5079222 6012.97960   84   81 6177.00000 5993.71824  2.97%  40.2 13826s
 12958672 5081046 6005.73333   40   61 6177.00000 5993.71950  2.97%  40.2 13830s
 12964108 5083780 6015.84908   54   62 6177.00000 5993.71976  2.97%  40.2 13835s
 12970309 5086255 6009.53174   71   48 6177.00000 5993.71976  2.97%  40.2 13840s
 12974964 5088096 6097.36506   69   42 6177.00000 5993.72115  2.97%  40.2 13845s
 12979846 5089957 6093.42105   71   35 6177.00000 5993.72229  2.97%  40.2 13850s
 12986281 5091995 6079.99981   99   46 6177.00000 5993.72391  2.97%  40.2 13855s
 12990982 5093699 6104.46377  102   64 6177.00000 5993.72505  2.97%  40.2 13860s
 12996079 5095385 6056.44518   71  131 6177.00000 5993.72670  2.97%  40.2 13865s
 13001326 5097217 6117.63398   96   47 6177.00000 5993.72843  2.97%  40.2 13870s
 13007681 5099192 6106.65000   96   42 6177.00000 5993.72991  2.97%  40.2 13875s
 13012640 5101343 6105.41766  101   35 6177.00000 5993.73086  2.97%  40.2 13880s
 13017631 5102801 5994.29800   95   69 6177.00000 5993.73223  2.97%  40.2 13885s
 13022967 5104860 6118.99406   77   47 6177.00000 5993.73348  2.97%  40.2 13890s
 13030021 5107475 infeasible   73      6177.00000 5993.73522  2.97%  40.2 13896s
 13035357 5109299     cutoff   67      6177.00000 5993.73651  2.97%  40.2 13900s
 13040406 5111206 infeasible   57      6177.00000 5993.73792  2.97%  40.2 13905s
 13044088 5112315 6030.43687   72   77 6177.00000 5993.73917  2.97%  40.2 13910s
 13047755 5113896 6010.43982   99   74 6177.00000 5993.73986  2.97%  40.2 13915s
 13052867 5115456 6049.54919   83   77 6177.00000 5993.74060  2.97%  40.2 13920s
 13057673 5117021 infeasible   55      6177.00000 5993.74118  2.97%  40.2 13925s
 13062980 5118924     cutoff   83      6177.00000 5993.74239  2.97%  40.2 13930s
 13068199 5120749 6097.61414   98   21 6177.00000 5993.74361  2.97%  40.2 13935s
 13073103 5122323 6102.11798   98   91 6177.00000 5993.74482  2.97%  40.2 13940s
 13078980 5124557     cutoff   86      6177.00000 5993.74630  2.97%  40.2 13945s
 13083843 5126439 5998.56376   94   39 6177.00000 5993.74768  2.97%  40.2 13950s
 13090303 5128558 6004.84584   51   70 6177.00000 5993.74918  2.97%  40.2 13955s
 13095648 5130575 6103.47159   90   47 6177.00000 5993.75086  2.97%  40.2 13960s
 13102306 5133338 6126.67063   99   47 6177.00000 5993.75264  2.97%  40.1 13966s
 13107288 5135090 6102.59234   91   50 6177.00000 5993.75393  2.97%  40.1 13971s
 13112418 5137010 6015.03217   72   58 6177.00000 5993.75507  2.97%  40.1 13976s
 13118066 5138860 6124.23000   34   21 6177.00000 5993.75654  2.97%  40.1 13980s
 13123088 5140399 6001.93051  102   48 6177.00000 5993.75852  2.97%  40.1 13985s
 13128006 5142253 6068.86154   68   21 6177.00000 5993.75938  2.97%  40.1 13990s
 13133286 5143603 6009.53706   69   90 6177.00000 5993.76076  2.97%  40.1 13995s
 13135891 5145339 6116.51897  122   78 6177.00000 5993.76157  2.97%  40.1 14001s
 13141477 5147429 6093.20000   72   15 6177.00000 5993.76251  2.97%  40.1 14006s
 13146700 5149481 6060.92814   50   27 6177.00000 5993.76341  2.97%  40.1 14010s
 13152061 5151487 6041.62579   73   50 6177.00000 5993.76426  2.97%  40.1 14015s
 13156750 5153806 5999.80070   64  105 6177.00000 5993.76513  2.97%  40.1 14020s
 13162842 5155925 infeasible   83      6177.00000 5993.76633  2.97%  40.1 14025s
 13168906 5158135 infeasible   97      6177.00000 5993.76764  2.97%  40.1 14031s
 13173741 5159770 6018.96663  112   78 6177.00000 5993.76883  2.97%  40.1 14035s
 13178843 5161752 6030.82870   45  181 6177.00000 5993.76976  2.97%  40.1 14040s
 13184755 5164527 6119.13718  108   59 6177.00000 5993.77079  2.97%  40.1 14045s
 13190204 5166454 6134.63697   93   65 6177.00000 5993.77236  2.97%  40.1 14050s
 13195341 5168577     cutoff   84      6177.00000 5993.77457  2.97%  40.1 14055s
 13200437 5170704 infeasible  107      6177.00000 5993.77555  2.97%  40.1 14060s
 13205934 5172497 infeasible   96      6177.00000 5993.77696  2.97%  40.1 14065s
 13212569 5175384 6085.43360   51   16 6177.00000 5993.77833  2.97%  40.1 14070s
 13217901 5177198 6104.41579   71   39 6177.00000 5993.78002  2.97%  40.1 14075s
 13222509 5179431     cutoff  120      6177.00000 5993.78101  2.97%  40.1 14080s
 13228993 5181598 6041.67263   76   41 6177.00000 5993.78192  2.97%  40.1 14085s
 13235584 5183626 6029.82710   80   92 6177.00000 5993.78199  2.97%  40.1 14090s
 13240387 5185347 6000.94899  107   54 6177.00000 5993.78328  2.97%  40.1 14095s
 13246379 5187960 6090.73157   44   91 6177.00000 5993.78448  2.97%  40.1 14100s
 13251752 5190193 6095.19263   98   56 6177.00000 5993.78608  2.97%  40.1 14105s
 13253105 5190222 6092.01780   61   43 6177.00000 5993.78646  2.97%  40.1 14110s
 13254974 5191244 6124.65142  103   71 6177.00000 5993.78657  2.97%  40.1 14115s
 13260686 5193380     cutoff   60      6177.00000 5993.78798  2.97%  40.1 14120s
 13265872 5195254 5994.20081   85   44 6177.00000 5993.78998  2.97%  40.1 14125s
 13271121 5197014 6033.96875   88   50 6177.00000 5993.79097  2.97%  40.1 14130s
 13276065 5198828 5997.36474   48  102 6177.00000 5993.79231  2.97%  40.1 14135s
 13282013 5200902 6080.25569   83   45 6177.00000 5993.79314  2.97%  40.1 14140s
 13287772 5203699 6015.63137   68   30 6177.00000 5993.79386  2.97%  40.1 14145s
 13293862 5206033 6111.04078   85   92 6177.00000 5993.79483  2.97%  40.1 14150s
 13298226 5207698 6130.37840  105   53 6177.00000 5993.79634  2.97%  40.1 14155s
 13303320 5209859 5993.79760   70   55 6177.00000 5993.79750  2.97%  40.1 14160s
 13309810 5211776 6086.28447   99   66 6177.00000 5993.79897  2.97%  40.1 14165s
 13314951 5213599     cutoff   40      6177.00000 5993.80000  2.97%  40.1 14170s
 13319974 5215718 6010.13344   81   48 6177.00000 5993.80101  2.97%  40.1 14175s
 13325294 5217375     cutoff   39      6177.00000 5993.80259  2.97%  40.1 14180s
 13330267 5219080 6094.82181   72   53 6177.00000 5993.80361  2.97%  40.1 14185s
 13335067 5220771 6055.29583   68   84 6177.00000 5993.80540  2.97%  40.1 14190s
 13339854 5222631     cutoff  105      6177.00000 5993.80644  2.97%  40.1 14195s
 13344875 5224452 5993.86106   52   31 6177.00000 5993.80812  2.97%  40.1 14200s
 13349711 5225990 6109.61321   87   70 6177.00000 5993.80943  2.97%  40.1 14205s
 13356150 5228171     cutoff  122      6177.00000 5993.81067  2.97%  40.1 14210s
 13361418 5230298 6029.33333   94   41 6177.00000 5993.81114  2.97%  40.1 14216s
 13366431 5232195 6035.99907   81   43 6177.00000 5993.81217  2.97%  40.1 14220s
 13371619 5233726 6054.75417   95   44 6177.00000 5993.81348  2.97%  40.1 14225s
 13376410 5235642     cutoff   95      6177.00000 5993.81465  2.97%  40.1 14230s
 13381754 5237946 infeasible  103      6177.00000 5993.81547  2.97%  40.1 14235s
 13386784 5239929 6029.11429  117   63 6177.00000 5993.81694  2.97%  40.1 14240s
 13392977 5242286 6009.34051   81   60 6177.00000 5993.81845  2.97%  40.1 14246s
 13398304 5244395 6092.82604   72   44 6177.00000 5993.81975  2.97%  40.1 14251s
 13402620 5245859     cutoff   78      6177.00000 5993.82144  2.97%  40.1 14255s
 13407527 5247203     cutoff  107      6177.00000 5993.82230  2.97%  40.1 14260s
 13412746 5249208 6045.24011   78   59 6177.00000 5993.82313  2.97%  40.1 14265s
 13419299 5251339 6027.05812   82   75 6177.00000 5993.82502  2.97%  40.1 14270s
 13423800 5252558     cutoff   77      6177.00000 5993.82558  2.97%  40.1 14275s
 13429432 5254639 infeasible   88      6177.00000 5993.82691  2.97%  40.1 14280s
 13433644 5256190 6118.23644   51   82 6177.00000 5993.82797  2.97%  40.1 14285s
 13439355 5258324 6008.90595   69   81 6177.00000 5993.82905  2.97%  40.1 14291s
 13444348 5260012 6019.51636   66   29 6177.00000 5993.83051  2.97%  40.1 14296s
 13448420 5261632 6028.27600   74   83 6177.00000 5993.83140  2.97%  40.1 14300s
 13453713 5263504 6005.89197   74   57 6177.00000 5993.83256  2.97%  40.1 14305s
 13456269 5264379 6136.90184   70   56 6177.00000 5993.83358  2.97%  40.1 14310s
 13461322 5266119 6040.02957   46   28 6177.00000 5993.83483  2.97%  40.1 14315s
 13466830 5267961 6099.28703  104   34 6177.00000 5993.83635  2.97%  40.1 14320s
 13471987 5270015 6007.13655   86  108 6177.00000 5993.83773  2.97%  40.1 14325s
 13474549 5270773     cutoff   94      6177.00000 5993.83839  2.97%  40.1 14330s
 13478481 5272742 6002.62865   69   46 6177.00000 5993.83887  2.97%  40.1 14335s
 13484790 5274868 6079.23868   95   50 6177.00000 5993.84028  2.97%  40.1 14341s
 13490004 5276928 6006.03141   86   56 6177.00000 5993.84196  2.97%  40.1 14346s
 13495317 5278925 6052.66798  100   96 6177.00000 5993.84248  2.97%  40.1 14350s
 13500061 5280447     cutoff   98      6177.00000 5993.84360  2.97%  40.1 14355s
 13505186 5282180 6021.60791   67   34 6177.00000 5993.84545  2.97%  40.1 14360s
 13509916 5284024 6106.84191   83   39 6177.00000 5993.84652  2.97%  40.1 14365s
 13515344 5286007 6080.53517   98   61 6177.00000 5993.84761  2.97%  40.1 14370s
 13521565 5288070 6095.81266   65   38 6177.00000 5993.84921  2.97%  40.1 14376s
 13526746 5289744 6028.07241   70   41 6177.00000 5993.85055  2.97%  40.0 14381s
 13531588 5291325     cutoff   73      6177.00000 5993.85200  2.96%  40.0 14385s
 13536988 5293178 6095.63852  116   66 6177.00000 5993.85380  2.96%  40.0 14390s
 13541828 5294882 6086.26212   67   75 6177.00000 5993.85593  2.96%  40.0 14395s
 13544276 5295219 6065.23884   72   72 6177.00000 5993.85679  2.96%  40.0 14400s
 13545455 5296162 5997.06978  107   64 6177.00000 5993.85703  2.96%  40.0 14405s
 13551025 5297879 6119.81668   84   99 6177.00000 5993.85862  2.96%  40.0 14410s
 13556529 5299935 6005.67045  113   29 6177.00000 5993.85987  2.96%  40.0 14416s
 13560776 5301460 6043.46469  111   62 6177.00000 5993.86069  2.96%  40.0 14420s
 13566152 5303740 6097.00882   74   26 6177.00000 5993.86115  2.96%  40.0 14425s
 13571046 5305530 5993.86614   88   93 6177.00000 5993.86217  2.96%  40.0 14430s
 13576842 5307913 6032.34801  146   66 6177.00000 5993.86382  2.96%  40.0 14435s
 13582059 5309879 infeasible   67      6177.00000 5993.86482  2.96%  40.0 14440s
 13587568 5312571 6055.26371  117   55 6177.00000 5993.86553  2.96%  40.0 14445s
 13592631 5314331 6052.81462  120   69 6177.00000 5993.86716  2.96%  40.0 14450s
 13598689 5316020 6081.11555   70   50 6177.00000 5993.86900  2.96%  40.0 14456s
 13603905 5318240 6103.84500   69   24 6177.00000 5993.86998  2.96%  40.0 14460s
 13609660 5320636 5996.83398   66   84 6177.00000 5993.87058  2.96%  40.0 14465s
 13614497 5322793 6005.03660   78   44 6177.00000 5993.87127  2.96%  40.0 14470s
 13620542 5324766 6106.92249   85   53 6177.00000 5993.87368  2.96%  40.0 14476s
 13625339 5326511 6032.27196   94   71 6177.00000 5993.87498  2.96%  40.0 14480s
 13630598 5328406 6003.04511  107   70 6177.00000 5993.87625  2.96%  40.0 14486s
 13635555 5329775 5995.25886   86   38 6177.00000 5993.87713  2.96%  40.0 14490s
 13640578 5331830 5995.91989   79   68 6177.00000 5993.87864  2.96%  40.0 14495s
 13645537 5333921 6122.26003   99   46 6177.00000 5993.87960  2.96%  40.0 14500s
 13650429 5335550 6010.34336   82   47 6177.00000 5993.88097  2.96%  40.0 14505s
 13655483 5337471 6114.37163   52   52 6177.00000 5993.88194  2.96%  40.0 14510s
 13660209 5339297     cutoff   66      6177.00000 5993.88293  2.96%  40.0 14515s
 13666914 5341634 6016.59141   61   74 6177.00000 5993.88440  2.96%  40.0 14520s
 13671875 5343814 5994.69103   96   39 6177.00000 5993.88607  2.96%  40.0 14525s
 13677074 5345778 6042.86047   92   36 6177.00000 5993.88735  2.96%  40.0 14530s
 13683440 5348328 5999.13189   74  113 6177.00000 5993.88863  2.96%  40.0 14535s
 13687942 5349954 6001.88960   42   91 6177.00000 5993.88952  2.96%  40.0 14540s
 13693335 5352216 6079.42242  111   48 6177.00000 5993.89045  2.96%  40.0 14546s
 13698623 5353927 6011.68543   78   47 6177.00000 5993.89181  2.96%  40.0 14550s
 13701259 5354493 6038.54991   94   87 6177.00000 5993.89212  2.96%  40.0 14555s
 13705410 5356401 infeasible   92      6177.00000 5993.89330  2.96%  40.0 14561s
 13709618 5357740 6093.45910   93  131 6177.00000 5993.89403  2.96%  40.0 14565s
 13715209 5360035 6000.06359   54   58 6177.00000 5993.89529  2.96%  40.0 14570s
 13719935 5361674 6005.80394  101   79 6177.00000 5993.89663  2.96%  40.0 14575s
 13725268 5363534 infeasible   78      6177.00000 5993.89814  2.96%  40.0 14580s
 13730247 5365138 6004.37500   55   47 6177.00000 5993.89967  2.96%  40.0 14585s
 13736990 5367740 6047.82829   83   90 6177.00000 5993.90153  2.96%  40.0 14590s
 13741751 5369743 6019.04982  113   40 6177.00000 5993.90236  2.96%  40.0 14595s
 13746612 5371294 6121.00224   71   61 6177.00000 5993.90359  2.96%  40.0 14600s
 13751724 5372830 6102.93365   63  155 6177.00000 5993.90547  2.96%  40.0 14605s
 13754902 5373942 6036.80520   97   71 6177.00000 5993.90618  2.96%  40.0 14610s
 13759987 5375863 5994.73472   64   65 6177.00000 5993.90770  2.96%  40.0 14616s
 13765428 5378052 6116.32857  112   38 6177.00000 5993.90893  2.96%  40.0 14621s
 13770403 5379817 6001.22544  101   56 6177.00000 5993.91011  2.96%  40.0 14625s
 13775236 5381551 6100.13265   67   58 6177.00000 5993.91143  2.96%  40.0 14630s
 13779906 5383173     cutoff   44      6177.00000 5993.91310  2.96%  40.0 14635s
 13785983 5385389 6093.68293   53   22 6177.00000 5993.91458  2.96%  40.0 14640s
 13791008 5387207     cutoff  111      6177.00000 5993.91558  2.96%  40.0 14645s
 13795871 5388842 6083.53677  105   33 6177.00000 5993.91683  2.96%  40.0 14650s
 13800719 5390714 6001.09393   63   45 6177.00000 5993.91789  2.96%  40.0 14655s
 13807094 5393197 6099.09629  100   34 6177.00000 5993.91951  2.96%  40.0 14660s
 13809956 5394331 6087.57784   89   56 6177.00000 5993.92021  2.96%  40.0 14666s
 13814690 5395892 6013.81264   90   74 6177.00000 5993.92088  2.96%  40.0 14671s
 13818601 5397331 6021.82509   66   57 6177.00000 5993.92214  2.96%  40.0 14675s
 13825010 5399726 6100.33077   76   50 6177.00000 5993.92269  2.96%  40.0 14680s
 13829651 5401228 6105.74903   55   63 6177.00000 5993.92405  2.96%  40.0 14685s
 13834560 5403234 6009.56369   48  132 6177.00000 5993.92477  2.96%  40.0 14690s
 13839362 5405281 6106.89392   75   49 6177.00000 5993.92611  2.96%  40.0 14695s
 13844683 5407436     cutoff   89      6177.00000 5993.92701  2.96%  40.0 14700s
 13851066 5409457 6097.38717   84   72 6177.00000 5993.92795  2.96%  40.0 14705s
 13856173 5410956 6091.63252  120   61 6177.00000 5993.92962  2.96%  40.0 14710s
 13861006 5412596     cutoff   57      6177.00000 5993.93066  2.96%  40.0 14715s
 13867404 5414773     cutoff  127      6177.00000 5993.93269  2.96%  40.0 14721s
 13872920 5416371 6097.56618  124   29 6177.00000 5993.93429  2.96%  40.0 14726s
 13877481 5418100 6003.27670  113   65 6177.00000 5993.93504  2.96%  40.0 14730s
 13882647 5419930 6078.85372  120   29 6177.00000 5993.93653  2.96%  40.0 14735s
 13887656 5421937 6010.96926  118   42 6177.00000 5993.93790  2.96%  40.0 14740s
 13892197 5423726 6049.28667   54   93 6177.00000 5993.93883  2.96%  40.0 14745s
 13894446 5424518 infeasible   82      6177.00000 5993.93924  2.96%  40.0 14750s
 13900205 5426285 6091.11887   90   61 6177.00000 5993.94057  2.96%  40.0 14756s
 13904527 5427969     cutoff   64      6177.00000 5993.94175  2.96%  40.0 14760s
 13910178 5430546 6117.12678  102   37 6177.00000 5993.94194  2.96%  40.0 14765s
 13915682 5432543 infeasible  107      6177.00000 5993.94312  2.96%  40.0 14770s
 13920600 5433712 6015.16599   72   50 6177.00000 5993.94419  2.96%  40.0 14776s
 13920648 5433728 6040.23644   75   59 6177.00000 5993.94419  2.96%  40.0 14780s
 13920705 5433739 6041.78029   78   58 6177.00000 5993.94419  2.96%  40.0 14786s
 13920741 5433742     cutoff   80      6177.00000 5993.94419  2.96%  40.0 14791s
 13920787 5433750 5997.83970   86   53 6177.00000 5993.94419  2.96%  40.0 14795s
 13921090 5433948 5996.26745   56   67 6177.00000 5993.94419  2.96%  40.0 14803s
 13921491 5434125 5993.98098   98   74 6177.00000 5993.94419  2.96%  40.0 14805s
 13923407 5434843 6091.36333   73   41 6177.00000 5993.94446  2.96%  40.0 14810s
 13928428 5436724 6001.96879   57   76 6177.00000 5993.94580  2.96%  40.0 14816s
 13933165 5438366 6000.14978   68   62 6177.00000 5993.94680  2.96%  40.0 14820s
 13938197 5440195     cutoff  101      6177.00000 5993.94795  2.96%  40.0 14825s
 13944660 5442753 6004.44271   42  210 6177.00000 5993.94946  2.96%  40.0 14831s
 13949701 5444434 6052.92115   85   72 6177.00000 5993.95074  2.96%  40.0 14836s
 13954976 5446279 6122.03274   82   40 6177.00000 5993.95184  2.96%  40.0 14841s
 13957619 5447416 6011.73311   69   58 6177.00000 5993.95226  2.96%  40.0 14846s
 13963105 5449043 6009.94118  108   27 6177.00000 5993.95386  2.96%  40.0 14851s
 13966941 5450312 6006.69754   85   86 6177.00000 5993.95492  2.96%  40.0 14855s
 13972134 5451953 5995.68550   91   32 6177.00000 5993.95656  2.96%  40.0 14860s
 13978221 5453607 6006.69509   85   52 6177.00000 5993.95719  2.96%  39.9 14865s
 13984219 5456203 6091.31746   61   41 6177.00000 5993.95832  2.96%  39.9 14871s
 13989294 5458044 6010.71345   96   41 6177.00000 5993.95955  2.96%  39.9 14875s
 13994200 5459751 6091.50929   84   20 6177.00000 5993.96111  2.96%  39.9 14880s
 13999041 5461514 6009.88990   87   69 6177.00000 5993.96279  2.96%  39.9 14885s
 14004225 5463393 6154.13878   40  148 6177.00000 5993.96389  2.96%  39.9 14890s
 14009350 5465035 6107.24513   79  115 6177.00000 5993.96530  2.96%  39.9 14895s
 14014409 5466970 6024.26086  101   36 6177.00000 5993.96705  2.96%  39.9 14900s
 14019938 5468652 5996.25677   87   43 6177.00000 5993.96833  2.96%  39.9 14905s
 14024828 5469959 5993.96919   85   74 6177.00000 5993.96900  2.96%  39.9 14911s
 14028042 5471438 5993.97885   55   99 6177.00000 5993.97024  2.96%  39.9 14916s
 14033559 5473685 6016.30396   77   67 6177.00000 5993.97157  2.96%  39.9 14921s
 14039865 5476322 5995.01562   92   73 6177.00000 5993.97295  2.96%  39.9 14925s
 14044732 5478147 6067.51585   78   40 6177.00000 5993.97396  2.96%  39.9 14930s
 14051287 5480606     cutoff  107      6177.00000 5993.97500  2.96%  39.9 14935s
 14056596 5482477 6040.26284   71   74 6177.00000 5993.97581  2.96%  39.9 14940s
 14062326 5484610 infeasible  105      6177.00000 5993.97732  2.96%  39.9 14945s
 14068529 5486755 6083.49177   51   55 6177.00000 5993.97864  2.96%  39.9 14951s
 14073567 5488301 6007.10674   87  104 6177.00000 5993.97969  2.96%  39.9 14955s
 14078612 5489823 5999.93455  108   41 6177.00000 5993.98061  2.96%  39.9 14960s
 14083514 5491800     cutoff   85      6177.00000 5993.98166  2.96%  39.9 14965s
 14088923 5493555 infeasible  122      6177.00000 5993.98255  2.96%  39.9 14970s
 14094270 5495294 6085.20000   76   50 6177.00000 5993.98421  2.96%  39.9 14975s
 14099949 5497491 6014.19150   77   46 6177.00000 5993.98552  2.96%  39.9 14980s
 14105290 5499329     cutoff  106      6177.00000 5993.98633  2.96%  39.9 14985s
 14109910 5501085 6020.05078   63   55 6177.00000 5993.98754  2.96%  39.9 14990s
 14116321 5503174 infeasible   99      6177.00000 5993.98871  2.96%  39.9 14995s
 14121605 5505195 5997.03090   64   38 6177.00000 5993.98981  2.96%  39.9 15000s
 14127131 5507422 infeasible   87      6177.00000 5993.99025  2.96%  39.9 15005s
 14133506 5509291     cutoff   86      6177.00000 5993.99134  2.96%  39.9 15011s
 14137216 5510072 infeasible   96      6177.00000 5993.99241  2.96%  39.9 15015s
 14139700 5511291 6005.14568   55   81 6177.00000 5993.99301  2.96%  39.9 15020s
 14145737 5514251 6122.30639   73   24 6177.00000 5993.99354  2.96%  39.9 15025s
 14151901 5516181 6023.54160   78   45 6177.00000 5993.99464  2.96%  39.9 15030s
 14156910 5518436 5998.61529   86  113 6177.00000 5993.99601  2.96%  39.9 15035s
 14163189 5521005 6065.13814   81   78 6177.00000 5993.99657  2.96%  39.9 15040s
 14168201 5523270 6020.58123   75   62 6177.00000 5993.99732  2.96%  39.9 15045s
 14174201 5525489     cutoff   77      6177.00000 5993.99852  2.96%  39.9 15050s
 14179292 5527278 6080.68361   72   57 6177.00000 5993.99953  2.96%  39.9 15055s
 14183223 5528232 6009.36854   46   84 6177.00000 5994.00000  2.96%  39.9 15061s
 14186437 5529203 5997.00077   45   88 6177.00000 5994.00000  2.96%  39.9 15066s
 14188730 5529968 6018.99750   44   97 6177.00000 5994.00000  2.96%  39.9 15070s
 14192285 5530972     cutoff   34      6177.00000 5994.00000  2.96%  39.9 15076s
 14194707 5531962 6062.93912   58  147 6177.00000 5994.00000  2.96%  39.9 15080s
 14198635 5533526 6085.08700   79   52 6177.00000 5994.00062  2.96%  39.9 15085s
 14205100 5536078 6096.66337   78   26 6177.00000 5994.00175  2.96%  39.9 15090s
 14210479 5538666 5994.63645   80   61 6177.00000 5994.00209  2.96%  39.9 15095s
 14216781 5541021 6046.64161   74   50 6177.00000 5994.00317  2.96%  39.9 15101s
 14221930 5543311 6040.74413   86   60 6177.00000 5994.00322  2.96%  39.9 15105s
 14226448 5544993 infeasible  114      6177.00000 5994.00422  2.96%  39.9 15110s
 14231304 5546813 6020.69060   64   55 6177.00000 5994.00551  2.96%  39.9 15115s
 14238115 5549019     cutoff   47      6177.00000 5994.00745  2.96%  39.9 15121s
 14238155 5553184     cutoff   46      6177.00000 5994.00745  2.96%  39.9 15136s
 14251765 5554139 6074.55000   56   38 6177.00000 5994.00986  2.96%  39.9 15140s
 14257903 5556133 6038.81942  110   27 6177.00000 5994.01117  2.96%  39.9 15146s
 14262707 5557661 6091.57284  133   39 6177.00000 5994.01266  2.96%  39.9 15150s
 14267682 5559368 6095.32015  116   60 6177.00000 5994.01356  2.96%  39.9 15155s
 14273486 5561568 6027.75562   78   89 6177.00000 5994.01497  2.96%  39.9 15160s
 14278622 5563282 6081.98425   92   81 6177.00000 5994.01640  2.96%  39.9 15165s
 14283950 5565156 6022.48387   45   16 6177.00000 5994.01812  2.96%  39.9 15170s
 14288760 5566853 6013.96875   79   51 6177.00000 5994.01909  2.96%  39.9 15175s
 14293895 5568655 6008.59637   68   80 6177.00000 5994.02082  2.96%  39.9 15180s
 14298957 5570372 6095.97217   59   81 6177.00000 5994.02236  2.96%  39.9 15186s
 14304518 5572403 6020.52343  100   40 6177.00000 5994.02423  2.96%  39.9 15191s
 14309951 5574316 6102.54023   68   23 6177.00000 5994.02535  2.96%  39.9 15195s
 14315024 5575962 6050.30873   54  199 6177.00000 5994.02665  2.96%  39.9 15201s
 14320172 5577959 6102.00500  105   26 6177.00000 5994.02784  2.96%  39.9 15205s
 14325648 5579850 6009.16000   54   49 6177.00000 5994.02905  2.96%  39.9 15210s
 14330592 5581345 6009.84069   73   60 6177.00000 5994.02977  2.96%  39.9 15215s
 14335541 5583393 6010.78853   75   86 6177.00000 5994.03103  2.96%  39.9 15220s
 14340901 5585022 5998.03891   66   60 6177.00000 5994.03225  2.96%  39.9 15225s
 14347222 5587563 infeasible   76      6177.00000 5994.03408  2.96%  39.9 15231s
 14352041 5589095 6098.74080  110   34 6177.00000 5994.03471  2.96%  39.9 15236s
 14357101 5590978 6154.39989   75   65 6177.00000 5994.03573  2.96%  39.9 15240s
 14362157 5592679 6080.32372  100   67 6177.00000 5994.03713  2.96%  39.9 15245s
 14367620 5594569 6006.88971   82   40 6177.00000 5994.03851  2.96%  39.9 15250s
 14372798 5596261 6162.21227   79  165 6177.00000 5994.03958  2.96%  39.9 15255s
 14378766 5598372 6004.63471  113   36 6177.00000 5994.04034  2.96%  39.9 15261s
 14384172 5600299 6107.23221   60   71 6177.00000 5994.04159  2.96%  39.9 15265s
 14389790 5602723 5998.56065   90   33 6177.00000 5994.04242  2.96%  39.9 15270s
 14394694 5604383 6126.50978   99   44 6177.00000 5994.04338  2.96%  39.9 15275s
 14399319 5605867 5999.55213   66   91 6177.00000 5994.04432  2.96%  39.9 15280s
 14404560 5607823 6116.41000   59   23 6177.00000 5994.04556  2.96%  39.9 15285s
 14409514 5609837 6153.40344   70  174 6177.00000 5994.04602  2.96%  39.9 15290s
 14414586 5611698 infeasible   47      6177.00000 5994.04783  2.96%  39.9 15295s
 14420480 5613963 6021.16364   70   34 6177.00000 5994.04941  2.96%  39.9 15300s
 14425996 5615907 6114.72726   68   34 6177.00000 5994.05002  2.96%  39.9 15305s
 14430855 5617499 5994.05093   61   83 6177.00000 5994.05093  2.96%  39.9 15310s
 14433204 5618823 6051.18974   72   61 6177.00000 5994.05131  2.96%  39.9 15315s
 14439502 5620975 6011.08340   74   49 6177.00000 5994.05356  2.96%  39.9 15320s
 14444731 5622953     cutoff   90      6177.00000 5994.05457  2.96%  39.9 15325s
 14450204 5625237 6001.06456   80   55 6177.00000 5994.05547  2.96%  39.9 15330s
 14455919 5627580 6036.14879  103   20 6177.00000 5994.05648  2.96%  39.9 15335s
 14462447 5629826 infeasible  106      6177.00000 5994.05781  2.96%  39.9 15340s
 14468574 5631875 6036.44459  121   60 6177.00000 5994.05915  2.96%  39.9 15345s
 14474544 5633938 6092.00626  111   62 6177.00000 5994.06044  2.96%  39.9 15351s
 14479576 5635239 6069.44789   87   58 6177.00000 5994.06162  2.96%  39.9 15355s
 14484653 5637216 6014.80797  124   37 6177.00000 5994.06224  2.96%  39.9 15360s
 14490751 5639632 6022.08602   64   78 6177.00000 5994.06333  2.96%  39.9 15365s
 14496150 5641337     cutoff  113      6177.00000 5994.06450  2.96%  39.9 15370s
 14501108 5642941 6000.83501   99   34 6177.00000 5994.06607  2.96%  39.9 15375s
 14505932 5644655 6091.57517   97   58 6177.00000 5994.06680  2.96%  39.9 15380s
 14511039 5646684 6081.47153   69   64 6177.00000 5994.06836  2.96%  39.9 15385s
 14516714 5648460 6152.64573   56   82 6177.00000 5994.06935  2.96%  39.9 15390s
 14522258 5651142 6005.58641   68   88 6177.00000 5994.07026  2.96%  39.9 15395s
 14528447 5653539 6018.08016   47   69 6177.00000 5994.07075  2.96%  39.9 15400s
 14533901 5655958 6025.73288   89   30 6177.00000 5994.07165  2.96%  39.9 15405s
 14540245 5658299 6002.12119   61  101 6177.00000 5994.07226  2.96%  39.9 15410s
 14545054 5660298 6092.11419  116   18 6177.00000 5994.07291  2.96%  39.8 15415s
 14549895 5666315 6148.20937  114   81 6177.00000 5994.07335  2.96%  39.8 15432s
 14563560 5667598 6079.87250   60   36 6177.00000 5994.07515  2.96%  39.8 15435s
 14568615 5669461 6002.92739   99   39 6177.00000 5994.07632  2.96%  39.8 15440s
 14575559 5672790     cutoff   60      6177.00000 5994.07714  2.96%  39.8 15445s
 14580118 5674293 6011.95636   79   87 6177.00000 5994.07782  2.96%  39.8 15450s
 14586192 5676214 5994.11606   79   37 6177.00000 5994.07864  2.96%  39.8 15455s
 14592533 5678774     cutoff   69      6177.00000 5994.07966  2.96%  39.8 15461s
 14597629 5680561     cutoff  122      6177.00000 5994.08041  2.96%  39.8 15465s
 14603830 5682615 6015.86971   87   24 6177.00000 5994.08115  2.96%  39.8 15470s
 14609028 5684509 6148.81804  119   79 6177.00000 5994.08199  2.96%  39.8 15475s
 14614805 5686927 6126.14180   48   49 6177.00000 5994.08323  2.96%  39.8 15480s
 14620135 5689137 6111.59418  106   47 6177.00000 5994.08398  2.96%  39.8 15485s
 14626206 5691289     cutoff   46      6177.00000 5994.08513  2.96%  39.8 15491s
 14631580 5693366 6099.80000   63   27 6177.00000 5994.08644  2.96%  39.8 15495s
 14636535 5695092 6050.93526   61   43 6177.00000 5994.08732  2.96%  39.8 15500s
 14641375 5696688 6010.67278   66   85 6177.00000 5994.08883  2.96%  39.8 15505s
 14647961 5699078 6093.32308   36   26 6177.00000 5994.09009  2.96%  39.8 15510s
 14652731 5700665 6035.69324   93   78 6177.00000 5994.09108  2.96%  39.8 15515s
 14658566 5702775 6089.17591   55   59 6177.00000 5994.09262  2.96%  39.8 15520s
 14662692 5703541 6007.69375   57  101 6177.00000 5994.09342  2.96%  39.8 15525s
 14665851 5705035 6024.58944   60   36 6177.00000 5994.09415  2.96%  39.8 15530s
 14671565 5706717     cutoff   80      6177.00000 5994.09501  2.96%  39.8 15535s
 14676720 5708711     cutoff   99      6177.00000 5994.09629  2.96%  39.8 15540s
 14681891 5710480     cutoff  104      6177.00000 5994.09749  2.96%  39.8 15545s
 14686877 5712215 6083.61921   65   89 6177.00000 5994.09816  2.96%  39.8 15550s
 14692244 5714415 6029.49265   97   95 6177.00000 5994.09906  2.96%  39.8 15555s
 14697354 5716607 6003.27604   98   71 6177.00000 5994.10023  2.96%  39.8 15560s
 14702672 5718515 5994.95462   51   35 6177.00000 5994.10102  2.96%  39.8 15565s
 14708820 5721480 6016.73687   68   52 6177.00000 5994.10250  2.96%  39.8 15571s
 14714129 5723667 5995.71179   53   71 6177.00000 5994.10292  2.96%  39.8 15575s
 14720667 5726179 6024.16865   56   60 6177.00000 5994.10414  2.96%  39.8 15580s
 14725362 5727813 6088.11958   89   55 6177.00000 5994.10455  2.96%  39.8 15585s
 14731469 5730578 5995.05672   50   77 6177.00000 5994.10542  2.96%  39.8 15590s
 14737153 5733216 6002.82787   66   29 6177.00000 5994.10560  2.96%  39.8 15595s
 14742302 5735337 6008.68284   75   67 6177.00000 5994.10607  2.96%  39.8 15600s
 14748321 5737350     cutoff   80      6177.00000 5994.10670  2.96%  39.8 15605s
 14752616 5738932 6037.27018   73   26 6177.00000 5994.10671  2.96%  39.8 15610s
 14757682 5740902 6006.30939   89   38 6177.00000 5994.10717  2.96%  39.8 15615s
 14764469 5743734 6100.37827   90   48 6177.00000 5994.10810  2.96%  39.8 15620s
 14767215 5744440 infeasible   66      6177.00000 5994.10848  2.96%  39.8 15625s
 14771507 5746140 6105.98460   96   47 6177.00000 5994.10908  2.96%  39.8 15630s
 14776580 5747924 6090.86439   94  113 6177.00000 5994.11025  2.96%  39.8 15635s
 14782078 5749940 infeasible  101      6177.00000 5994.11123  2.96%  39.8 15640s
 14787237 5751420 6095.08077  102   42 6177.00000 5994.11245  2.96%  39.8 15645s
 14793432 5753750 infeasible   92      6177.00000 5994.11368  2.96%  39.8 15650s
 14798007 5755726 6116.56357  104   22 6177.00000 5994.11460  2.96%  39.8 15655s
 14803427 5757553 6012.62438   34   61 6177.00000 5994.11551  2.96%  39.8 15660s
 14808717 5759487 5997.33245   48   73 6177.00000 5994.11644  2.96%  39.8 15665s
 14813850 5761402 6018.45975   71   37 6177.00000 5994.11786  2.96%  39.8 15670s
 14821174 5764344 5994.11918   72   61 6177.00000 5994.11918  2.96%  39.8 15675s
 14827164 5766471 6009.91447   82   70 6177.00000 5994.11940  2.96%  39.8 15680s
 14832562 5768890 6024.56500   80   36 6177.00000 5994.12057  2.96%  39.8 15685s
 14839470 5771378 infeasible  108      6177.00000 5994.12185  2.96%  39.8 15690s
 14845598 5773584 6057.59584  138   58 6177.00000 5994.12291  2.96%  39.8 15696s
 14850738 5775369     cutoff  110      6177.00000 5994.12390  2.96%  39.8 15700s
 14856890 5777527     cutoff   77      6177.00000 5994.12561  2.96%  39.8 15706s
 14862347 5779818 6008.20846  108   52 6177.00000 5994.12601  2.96%  39.7 15711s
 14867748 5781776 6133.86535  101   54 6177.00000 5994.12672  2.96%  39.7 15715s
 14873214 5783698 infeasible  123      6177.00000 5994.12851  2.96%  39.7 15720s
 14877900 5785391 6024.15672   96   59 6177.00000 5994.12986  2.96%  39.7 15725s
 14882739 5787270 5994.17211   77   83 6177.00000 5994.13074  2.96%  39.7 15730s
 14888101 5789522 6008.84189   51   48 6177.00000 5994.13182  2.96%  39.7 15735s
 14894207 5791319     cutoff   73      6177.00000 5994.13279  2.96%  39.7 15740s
 14895685 5792189 6010.04083   74   51 6177.00000 5994.13312  2.96%  39.7 15745s
 14901011 5794092 6057.16202   91   49 6177.00000 5994.13367  2.96%  39.7 15750s
 14905546 5795663 6078.37752   36   73 6177.00000 5994.13414  2.96%  39.7 15755s
 14911519 5797939 6013.69586  110   75 6177.00000 5994.13517  2.96%  39.7 15760s
 14918086 5800306 6118.96811   77   51 6177.00000 5994.13648  2.96%  39.7 15765s
 14923523 5802396 infeasible   99      6177.00000 5994.13724  2.96%  39.7 15771s
 14928979 5804223 6030.07038   53   73 6177.00000 5994.13846  2.96%  39.7 15776s
 14934048 5805765 6075.34320   39   16 6177.00000 5994.13923  2.96%  39.7 15781s
 14938966 5807162 6028.38692  101  136 6177.00000 5994.14060  2.96%  39.7 15785s
 14944101 5808820 6016.84150   73   46 6177.00000 5994.14137  2.96%  39.7 15790s
 14950083 5811019     cutoff   77      6177.00000 5994.14292  2.96%  39.7 15795s
 14955671 5813124 6097.23750   72   28 6177.00000 5994.14404  2.96%  39.7 15800s
 14962327 5815492 6109.94591   84   54 6177.00000 5994.14506  2.96%  39.7 15806s
 14967001 5817214 6008.03165   83   43 6177.00000 5994.14591  2.96%  39.7 15810s
 14971944 5819023 6023.44523   84   59 6177.00000 5994.14729  2.96%  39.7 15815s
 14977260 5820910 5995.37662  110   80 6177.00000 5994.14850  2.96%  39.7 15820s
 14982961 5823447 6008.63295  102   98 6177.00000 5994.14980  2.96%  39.7 15825s
 14989727 5826216 6099.14435   64  129 6177.00000 5994.15065  2.96%  39.7 15831s
 14993733 5827541 6010.86279   61   76 6177.00000 5994.15196  2.96%  39.7 15835s
 14999480 5829126 5998.92432   73   52 6177.00000 5994.15326  2.96%  39.7 15840s
 15005405 5831113     cutoff  109      6177.00000 5994.15516  2.96%  39.7 15845s
 15010566 5833167 6082.73159   48   27 6177.00000 5994.15641  2.96%  39.7 15850s
 15016051 5834616 6004.21269  103   55 6177.00000 5994.15759  2.96%  39.7 15855s
 15021936 5836312 6053.45757   65  106 6177.00000 5994.15872  2.96%  39.7 15860s
 15023875 5837277 6029.44881  106   56 6177.00000 5994.15891  2.96%  39.7 15865s
 15028715 5839012 infeasible  134      6177.00000 5994.15975  2.96%  39.7 15871s
 15033764 5840972 infeasible   93      6177.00000 5994.16093  2.96%  39.7 15876s
 15039418 5843057 6074.46012   60   88 6177.00000 5994.16187  2.96%  39.7 15880s
 15044918 5844973 6006.01863   68   85 6177.00000 5994.16321  2.96%  39.7 15885s
 15050036 5846725     cutoff  100      6177.00000 5994.16364  2.96%  39.7 15890s
 15054661 5848558     cutoff   94      6177.00000 5994.16450  2.96%  39.7 15895s
 15059892 5850787 6060.02178   82  109 6177.00000 5994.16532  2.96%  39.7 15900s
 15066594 5853180     cutoff   90      6177.00000 5994.16658  2.96%  39.7 15905s
 15071260 5855088 6088.25582   95   65 6177.00000 5994.16748  2.96%  39.7 15910s
 15078057 5857406 5994.17198   50   74 6177.00000 5994.16849  2.96%  39.7 15915s
 15083266 5859427 6005.94874   67   42 6177.00000 5994.16942  2.96%  39.7 15920s
 15089415 5861604 6103.09155   79   56 6177.00000 5994.17093  2.96%  39.7 15925s
 15095742 5863912 6086.80000   58   34 6177.00000 5994.17211  2.96%  39.7 15931s
 15100982 5865591 6087.96000   52    8 6177.00000 5994.17311  2.96%  39.7 15935s
 15105823 5867867     cutoff   81      6177.00000 5994.17373  2.96%  39.7 15940s
 15112185 5870178 6136.52941  102   19 6177.00000 5994.17512  2.96%  39.7 15945s
 15117054 5871856 6023.31184  101   53 6177.00000 5994.17617  2.96%  39.7 15950s
 15122933 5873936 6013.52018   94   32 6177.00000 5994.17722  2.96%  39.7 15956s
 15127895 5876068 6002.93718   86   48 6177.00000 5994.17783  2.96%  39.7 15960s
 15133033 5878253 5995.07368   58   95 6177.00000 5994.17897  2.96%  39.7 15965s
 15138253 5880437 infeasible  106      6177.00000 5994.17918  2.96%  39.7 15970s
 15142450 5881618 6134.67973  119   89 6177.00000 5994.17962  2.96%  39.7 15975s
 15143846 5882403 6087.35401   54   41 6177.00000 5994.17983  2.96%  39.7 15981s
 15148912 5884452 6045.44214   92  114 6177.00000 5994.18140  2.96%  39.7 15986s
 15152830 5885918 6097.74205   78   85 6177.00000 5994.18183  2.96%  39.7 15990s
 15158007 5887831     cutoff   81      6177.00000 5994.18259  2.96%  39.7 15995s
 15164448 5890348 6100.24038   52   77 6177.00000 5994.18408  2.96%  39.7 16001s
 15169675 5892244 6012.79301   91   70 6177.00000 5994.18507  2.96%  39.7 16005s
 15170980 5896324     cutoff   66      6177.00000 5994.18534  2.96%  39.7 16020s
 15186287 5897740 6089.03515   74   24 6177.00000 5994.18805  2.96%  39.7 16025s
 15192727 5900113 6118.35994   97   27 6177.00000 5994.18910  2.96%  39.7 16030s
 15198207 5902322 5995.25049   71  101 6177.00000 5994.19005  2.96%  39.7 16035s
 15204401 5904528 5999.06830   98   57 6177.00000 5994.19142  2.96%  39.7 16040s
 15209284 5906528 6011.91011   47  109 6177.00000 5994.19219  2.96%  39.7 16045s
 15215553 5908799 6016.44891   82   68 6177.00000 5994.19367  2.96%  39.7 16050s
 15221332 5911199     cutoff  108      6177.00000 5994.19394  2.96%  39.7 16055s
 15227395 5913085 6107.61210   60   69 6177.00000 5994.19531  2.96%  39.7 16060s
 15232485 5914879 infeasible   74      6177.00000 5994.19679  2.96%  39.7 16065s
 15239240 5917839 6021.79942  102   28 6177.00000 5994.19834  2.96%  39.7 16070s
 15244417 5919316     cutoff  104      6177.00000 5994.19900  2.96%  39.7 16075s
 15250393 5921321 6074.25000   37   50 6177.00000 5994.20000  2.96%  39.7 16080s
 15256431 5924039 5994.20062   80   55 6177.00000 5994.20044  2.96%  39.6 16085s
 15262948 5926256 6001.03128   58   50 6177.00000 5994.20141  2.96%  39.6 16091s
 15268437 5928702     cutoff  105      6177.00000 5994.20161  2.96%  39.6 16095s
 15273773 5930368 6088.40000   73   22 6177.00000 5994.20229  2.96%  39.6 16100s
 15279382 5932456 6035.40556   71   40 6177.00000 5994.20339  2.96%  39.6 16105s
 15284990 5934092 6040.42922   62   56 6177.00000 5994.20479  2.96%  39.6 16110s
 15290589 5936112 6091.63094   83   61 6177.00000 5994.20596  2.96%  39.6 16115s
 15295711 5938217 6002.47315   83   79 6177.00000 5994.20702  2.96%  39.6 16120s
 15302195 5940584 5995.81602   70   84 6177.00000 5994.20794  2.96%  39.6 16125s
 15306684 5942633 6135.78018   55  110 6177.00000 5994.20908  2.96%  39.6 16130s
 15313773 5945543     cutoff   91      6177.00000 5994.20998  2.96%  39.6 16135s
 15319828 5947762     cutoff   79      6177.00000 5994.21050  2.96%  39.6 16140s
 15325507 5949794 6013.38019   84   55 6177.00000 5994.21208  2.96%  39.6 16145s
 15331078 5951668 6069.99678   47  134 6177.00000 5994.21323  2.96%  39.6 16150s
 15335766 5953492 5996.24669   64   79 6177.00000 5994.21449  2.96%  39.6 16155s
 15341252 5956070 6099.54333   90   31 6177.00000 5994.21470  2.96%  39.6 16160s
 15347761 5958178 6008.83972   80   67 6177.00000 5994.21570  2.96%  39.6 16165s
 15354274 5961492 6028.87048   74   56 6177.00000 5994.21626  2.96%  39.6 16171s
 15358044 5962139     cutoff   99      6177.00000 5994.21682  2.96%  39.6 16175s
 15362146 5963805 6089.59430   73   33 6177.00000 5994.21789  2.96%  39.6 16180s
 15368963 5966018 6010.45699  116   59 6177.00000 5994.21930  2.96%  39.6 16185s
 15374515 5967755 6084.43451  107   30 6177.00000 5994.22020  2.96%  39.6 16190s
 15380689 5970407 6005.04135   89   58 6177.00000 5994.22079  2.96%  39.6 16195s
 15385647 5972337 infeasible   79      6177.00000 5994.22187  2.96%  39.6 16200s
 15391807 5974461 6095.30602  102   52 6177.00000 5994.22383  2.96%  39.6 16206s
 15396622 5976051 6071.72827  123   46 6177.00000 5994.22489  2.96%  39.6 16210s
 15402006 5978584 6104.69750   96   29 6177.00000 5994.22647  2.96%  39.6 16215s
 15408907 5981148     cutoff   90      6177.00000 5994.22738  2.96%  39.6 16220s
 15410337 5986335     cutoff   72      6177.00000 5994.22787  2.96%  39.6 16234s
 15422074 5986335 5994.82216   89   57 6177.00000 5994.22968  2.96%  39.6 16235s
 15428849 5989686 6092.83708  126   77 6177.00000 5994.23096  2.96%  39.6 16241s
 15434172 5991431 6025.20933  109  113 6177.00000 5994.23236  2.96%  39.6 16245s
 15439809 5993707 6106.23268  129   38 6177.00000 5994.23397  2.96%  39.6 16250s
 15445481 5995613 6119.00000   46   34 6177.00000 5994.23508  2.96%  39.6 16255s
 15450733 5997443 6042.40785  116   40 6177.00000 5994.23637  2.96%  39.6 16260s
 15455441 5998622     cutoff   51      6177.00000 5994.23764  2.96%  39.6 16265s
 15459147 6000731 6109.85043   59   72 6177.00000 5994.23881  2.96%  39.6 16270s
 15465797 6002888 6109.37500   77   29 6177.00000 5994.23942  2.96%  39.6 16275s
 15471270 6004988 6005.89978   56   66 6177.00000 5994.24131  2.96%  39.6 16280s
 15477888 6007717 6000.34185   67   45 6177.00000 5994.24208  2.96%  39.6 16285s
 15482711 6009514 6085.69118   98   16 6177.00000 5994.24312  2.96%  39.6 16290s
 15489025 6011443 6002.60000   45   18 6177.00000 5994.24443  2.96%  39.6 16295s
 15493688 6013302     cutoff   70      6177.00000 5994.24524  2.96%  39.6 16300s
 15500309 6015568 infeasible   85      6177.00000 5994.24686  2.96%  39.6 16305s
 15505797 6017527 6006.34077   83   62 6177.00000 5994.24764  2.96%  39.6 16310s
 15511040 6020159 6003.70602  117   72 6177.00000 5994.24808  2.96%  39.6 16315s
 15518550 6023666 infeasible   94      6177.00000 5994.24828  2.96%  39.6 16320s
 15525190 6026528 6046.47750  100   27 6177.00000 5994.24857  2.96%  39.6 16325s
 15530311 6028451 6021.72968   65   64 6177.00000 5994.24965  2.96%  39.6 16330s
 15536731 6030644 6006.47368   70   28 6177.00000 5994.25128  2.96%  39.6 16335s
 15539272 6031932 6007.07960   99   44 6177.00000 5994.25182  2.96%  39.6 16340s
 15545522 6033830 6108.11667   96   30 6177.00000 5994.25235  2.96%  39.6 16345s
 15551375 6036048 6011.38050   84   61 6177.00000 5994.25342  2.96%  39.6 16350s
 15557322 6038256 6022.33196   91   88 6177.00000 5994.25459  2.96%  39.6 16355s
 15563067 6040372     cutoff   83      6177.00000 5994.25543  2.96%  39.5 16360s
 15569124 6042492 6027.33570   77   51 6177.00000 5994.25707  2.96%  39.5 16365s
 15575245 6044502 6098.77000  112   47 6177.00000 5994.25869  2.96%  39.5 16370s
 15580198 6046180 6010.39550   59   84 6177.00000 5994.25995  2.96%  39.5 16375s
 15584757 6047674 6084.38950  106   49 6177.00000 5994.26097  2.96%  39.5 16380s
 15589711 6049486 6034.75388   56   47 6177.00000 5994.26173  2.96%  39.5 16385s
 15595208 6051772 6093.28542   91   72 6177.00000 5994.26251  2.96%  39.5 16390s
 15601427 6053668 6032.59163  106   73 6177.00000 5994.26400  2.96%  39.5 16395s
 15606051 6055196 infeasible   85      6177.00000 5994.26493  2.96%  39.5 16400s
 15611997 6057133 6034.56129   69   37 6177.00000 5994.26654  2.96%  39.5 16405s
 15617431 6059323 6103.79616   73   56 6177.00000 5994.26788  2.96%  39.5 16410s
 15624126 6061435 6032.25475   79   59 6177.00000 5994.26919  2.96%  39.5 16415s
 15630534 6064506 6049.03748   87   95 6177.00000 5994.27030  2.96%  39.5 16420s
 15638413 6068368 6024.73658   91   26 6177.00000 5994.27064  2.96%  39.5 16425s
 15641303 6069136 infeasible  109      6177.00000 5994.27092  2.96%  39.5 16430s
 15645088 6070651 6090.53248  109   85 6177.00000 5994.27162  2.96%  39.5 16435s
 15646520 6071379 6017.34008   43   45 6177.00000 5994.27171  2.96%  39.5 16440s
 15653577 6074950 6014.03045   94   36 6177.00000 5994.27246  2.96%  39.5 16445s
 15659854 6077577 6010.76179   76   40 6177.00000 5994.27316  2.96%  39.5 16450s
 15666290 6079789 6149.75087   67   33 6177.00000 5994.27457  2.96%  39.5 16456s
 15671505 6081349     cutoff   66      6177.00000 5994.27564  2.96%  39.5 16460s
 15676666 6082982 infeasible   70      6177.00000 5994.27680  2.96%  39.5 16465s
 15682859 6085317 6011.45076   56   48 6177.00000 5994.27817  2.96%  39.5 16470s
 15688018 6086794 6012.97549  112   48 6177.00000 5994.27941  2.96%  39.5 16475s
 15693215 6088795 6106.39000   44   28 6177.00000 5994.28069  2.96%  39.5 16480s
 15699443 6091062 6031.62143   76   58 6177.00000 5994.28222  2.96%  39.5 16485s
 15704956 6093090 6010.09183   98   37 6177.00000 5994.28334  2.96%  39.5 16490s
 15710582 6094974 infeasible  102      6177.00000 5994.28438  2.96%  39.5 16495s
 15716488 6097199 6025.42475   81   56 6177.00000 5994.28570  2.96%  39.5 16500s
 15721248 6098894 infeasible   72      6177.00000 5994.28627  2.96%  39.5 16505s
 15727634 6101146 6009.27251   76   50 6177.00000 5994.28780  2.96%  39.5 16510s
 15733445 6103485 6053.81279  103  105 6177.00000 5994.28888  2.96%  39.5 16515s
 15739039 6105770 6096.97520   78   58 6177.00000 5994.28978  2.96%  39.5 16520s
 15743960 6107346 6006.22788   59   65 6177.00000 5994.29125  2.96%  39.5 16525s
 15750177 6109602 6064.45156   49  134 6177.00000 5994.29277  2.96%  39.5 16531s
 15755139 6111075 6019.34249   97  122 6177.00000 5994.29384  2.96%  39.5 16535s
 15756798 6111547 6097.87723   59   33 6177.00000 5994.29414  2.96%  39.5 16540s
 15762049 6113399 6034.92323  102   39 6177.00000 5994.29577  2.96%  39.5 16545s
 15768468 6115760 6080.31194   42   57 6177.00000 5994.29745  2.96%  39.5 16550s
 15773467 6117329     cutoff   94      6177.00000 5994.29855  2.96%  39.5 16555s
 15778601 6118973 6087.10295   41  250 6177.00000 5994.29938  2.96%  39.5 16560s
 15784727 6121000 6012.63143   58   44 6177.00000 5994.30010  2.96%  39.5 16565s
 15789857 6122760 6020.21263   80   23 6177.00000 5994.30145  2.96%  39.5 16570s
 15796597 6124818 6098.91138  110   39 6177.00000 5994.30281  2.96%  39.5 16575s
 15801517 6126942 5997.53839  108   91 6177.00000 5994.30385  2.96%  39.5 16580s
 15807492 6128554 6007.56366  108   41 6177.00000 5994.30478  2.96%  39.5 16585s
 15812701 6130534 infeasible  128      6177.00000 5994.30574  2.96%  39.5 16590s
 15819040 6132943 6088.90059   69   56 6177.00000 5994.30704  2.96%  39.5 16596s
 15823929 6134572     cutoff   75      6177.00000 5994.30812  2.96%  39.5 16600s
 15829962 6136990 6010.71398   76   41 6177.00000 5994.30943  2.96%  39.5 16606s
 15835127 6138549 6009.67236   92   70 6177.00000 5994.31058  2.96%  39.5 16610s
 15841848 6141217 6025.68585   88   78 6177.00000 5994.31185  2.96%  39.5 16615s
 15846738 6143008 6004.12159   87   66 6177.00000 5994.31249  2.96%  39.5 16620s
 15851981 6144765 6054.40582   52   73 6177.00000 5994.31332  2.96%  39.5 16625s
 15858114 6146806 6105.27030   87   38 6177.00000 5994.31426  2.96%  39.5 16630s
 15863127 6148405 6099.79458   95   52 6177.00000 5994.31534  2.96%  39.5 16635s
 15864789 6148607 5998.26087   67   52 6177.00000 5994.31571  2.96%  39.5 16641s
 15866837 6149889 6007.24109   98   57 6177.00000 5994.31611  2.96%  39.5 16646s
 15871591 6151214 infeasible   51      6177.00000 5994.31705  2.96%  39.5 16650s
 15873588 6152062 6013.50864   82   51 6177.00000 5994.31705  2.96%  39.5 16655s
 15879130 6153910 5994.33726   93  113 6177.00000 5994.31848  2.96%  39.5 16660s
 15884206 6155838 6102.60279  107   38 6177.00000 5994.31961  2.96%  39.5 16665s
 15889317 6157688 6008.96830   85   66 6177.00000 5994.32114  2.96%  39.5 16670s
 15895763 6160531 6124.41813   89   70 6177.00000 5994.32213  2.96%  39.5 16676s
 15901396 6162424 6086.10197   88   85 6177.00000 5994.32366  2.96%  39.5 16680s
 15906607 6164240 6100.46341   42   16 6177.00000 5994.32517  2.96%  39.5 16685s
 15913276 6167515 6107.65922   83   55 6177.00000 5994.32638  2.96%  39.5 16690s
 15919468 6169372 infeasible   96      6177.00000 5994.32740  2.96%  39.5 16695s
 15924226 6171081 5994.32813   85   97 6177.00000 5994.32800  2.96%  39.5 16700s
 15929370 6172649 6118.01307   75  103 6177.00000 5994.32890  2.96%  39.5 16705s
 15936097 6175530 6003.10213  117   88 6177.00000 5994.33016  2.96%  39.5 16710s
 15941541 6177703 6071.72966   94   41 6177.00000 5994.33135  2.96%  39.5 16715s
 15947888 6180090 6096.75445   86   34 6177.00000 5994.33236  2.96%  39.5 16720s
 15954168 6182652 6083.97744   51   70 6177.00000 5994.33364  2.96%  39.5 16726s
 15959908 6184408 6018.01929   62   80 6177.00000 5994.33444  2.96%  39.5 16730s
 15962566 6184759 6103.38125   87   21 6177.00000 5994.33555  2.96%  39.5 16737s
 15962613 6184785 6104.61698   90   23 6177.00000 5994.33555  2.96%  39.5 16741s
 15962658 6184794 6129.71000   93   25 6177.00000 5994.33555  2.96%  39.5 16745s
 15962714 6184817 6132.32938   94   60 6177.00000 5994.33555  2.96%  39.5 16752s
 15962745 6184814 6144.64275   96   54 6177.00000 5994.33555  2.96%  39.5 16755s
 15962848 6184942     cutoff   99      6177.00000 5994.33558  2.96%  39.5 16760s
 15964836 6185806 6125.76448   41  190 6177.00000 5994.33571  2.96%  39.5 16766s
 15969466 6187576 6066.30177  102  198 6177.00000 5994.33700  2.96%  39.5 16770s
 15973966 6188892     cutoff  104      6177.00000 5994.33827  2.96%  39.5 16775s
 15980259 6190947 6086.13789  108   40 6177.00000 5994.33968  2.96%  39.5 16780s
 15986244 6193022 5997.97255   39  109 6177.00000 5994.34114  2.96%  39.4 16785s
 15991924 6194980 6056.42884   50  118 6177.00000 5994.34276  2.96%  39.4 16790s
 15996794 6196517     cutoff  123      6177.00000 5994.34422  2.96%  39.4 16795s
 16002153 6198291 5996.11044   91   81 6177.00000 5994.34466  2.96%  39.4 16800s
 16007994 6200540 6039.66659   69   52 6177.00000 5994.34587  2.96%  39.4 16805s
 16014552 6202879 infeasible   94      6177.00000 5994.34695  2.96%  39.4 16811s
 16019871 6204622 6004.15853   68  124 6177.00000 5994.34790  2.96%  39.4 16815s
 16026324 6207204 6103.45431   95   51 6177.00000 5994.34964  2.96%  39.4 16820s
 16032502 6209647 6100.23824  114   63 6177.00000 5994.35138  2.96%  39.4 16825s
 16037181 6211146 6004.13226   62   75 6177.00000 5994.35203  2.96%  39.4 16830s
 16042204 6213115 6055.39536  103   62 6177.00000 5994.35338  2.96%  39.4 16835s
 16046885 6214359 6036.92578   90   68 6177.00000 5994.35446  2.96%  39.4 16840s
 16047056 6214673 5994.35710   70   89 6177.00000 5994.35450  2.96%  39.4 16845s
 16052065 6216564 6003.80873   89   46 6177.00000 5994.35582  2.96%  39.4 16850s
 16057975 6218469 infeasible   94      6177.00000 5994.35645  2.96%  39.4 16857s
 16058007 6218487 6004.04314   96   97 6177.00000 5994.35645  2.96%  39.4 16860s
 16058063 6218503 6004.04314   99   97 6177.00000 5994.35645  2.96%  39.4 16865s
 16058091 6218514 6004.04314  101   97 6177.00000 5994.35645  2.96%  39.4 16871s
 16058141 6218527 6004.04314  104   97 6177.00000 5994.35645  2.96%  39.4 16876s
 16058284 6218650 6087.19725  107   33 6177.00000 5994.35645  2.96%  39.4 16881s
 16059409 6219144 6011.58846  108   30 6177.00000 5994.35650  2.96%  39.4 16885s
 16062435 6220467 6135.07563   85   41 6177.00000 5994.35697  2.96%  39.4 16891s
 16065403 6221615 6015.39395   87   37 6177.00000 5994.35770  2.96%  39.4 16896s
 16071049 6223440 6006.40755  103   44 6177.00000 5994.35930  2.96%  39.4 16900s
 16076159 6225557 5994.36313   78   63 6177.00000 5994.36000  2.96%  39.4 16905s
 16082082 6227372 6105.83339   79   27 6177.00000 5994.36122  2.96%  39.4 16910s
 16086863 6228909 6118.11202   94   62 6177.00000 5994.36237  2.96%  39.4 16915s
 16092163 6230797 6060.00690   57   69 6177.00000 5994.36386  2.96%  39.4 16920s
 16098269 6233512 6009.89413   79   58 6177.00000 5994.36497  2.96%  39.4 16925s
 16103508 6235656 5997.08920   88   61 6177.00000 5994.36559  2.96%  39.4 16930s
 16108646 6237810 6127.41875   79   49 6177.00000 5994.36649  2.96%  39.4 16935s
 16113408 6239795     cutoff   68      6177.00000 5994.36809  2.96%  39.4 16940s
 16119857 6241913 6095.62646  104   62 6177.00000 5994.36933  2.96%  39.4 16946s
 16125113 6243956 6018.67567   65   88 6177.00000 5994.36984  2.96%  39.4 16951s
 16130024 6245727 6128.37569   84   52 6177.00000 5994.37090  2.96%  39.4 16955s
 16137428 6248621 infeasible   82      6177.00000 5994.37146  2.96%  39.4 16960s
 16142483 6250727 6112.11142   91   51 6177.00000 5994.37271  2.96%  39.4 16965s
 16148872 6253079 6101.00835   96   76 6177.00000 5994.37423  2.96%  39.4 16970s
 16154759 6255230 6099.06025  105   45 6177.00000 5994.37585  2.96%  39.4 16975s
 16159855 6257466 6009.58769   85   56 6177.00000 5994.37652  2.96%  39.4 16980s
 16166114 6259448 6102.34059   84   20 6177.00000 5994.37785  2.96%  39.4 16986s
 16170611 6261102 6061.23429   58   90 6177.00000 5994.37830  2.96%  39.4 16990s
 16176828 6263909 6019.18440   87   47 6177.00000 5994.38025  2.96%  39.4 16995s
 16183176 6265996     cutoff  108      6177.00000 5994.38126  2.96%  39.4 17000s
 16189593 6268697     cutoff   72      6177.00000 5994.38235  2.96%  39.4 17005s
 16194867 6271085     cutoff  102      6177.00000 5994.38325  2.96%  39.4 17010s
 16201200 6273024     cutoff  105      6177.00000 5994.38450  2.96%  39.4 17015s
 16207118 6275238 6013.84048   79   57 6177.00000 5994.38585  2.96%  39.4 17020s
 16212263 6277507 6109.83813   90   85 6177.00000 5994.38680  2.96%  39.4 17025s
 16219062 6280110 6100.49526  104   41 6177.00000 5994.38771  2.96%  39.4 17030s
 16224269 6281784 5998.89385   96   74 6177.00000 5994.38843  2.96%  39.4 17035s
 16231043 6284284 5999.84436   62   58 6177.00000 5994.38967  2.96%  39.4 17040s
 16234562 6285349 6093.56672  110   26 6177.00000 5994.38990  2.96%  39.4 17045s
 16239275 6287115 6079.21684   58   36 6177.00000 5994.39114  2.96%  39.4 17050s
 16244291 6289266     cutoff  112      6177.00000 5994.39217  2.96%  39.4 17055s
 16249905 6291407 6042.16048   73   83 6177.00000 5994.39292  2.96%  39.4 17060s
 16256438 6293379 6104.05709   62   69 6177.00000 5994.39380  2.96%  39.4 17065s
 16262881 6296032 6103.62105   98   36 6177.00000 5994.39452  2.96%  39.4 17070s
 16268615 6297973 6020.63117   56   48 6177.00000 5994.39572  2.96%  39.4 17075s
 16273945 6299834 5996.28496   90   87 6177.00000 5994.39670  2.96%  39.4 17080s
 16280675 6302080 6000.91324   62   73 6177.00000 5994.39789  2.96%  39.4 17086s
 16285950 6303770 6109.91213   57   49 6177.00000 5994.39887  2.96%  39.4 17090s
 16291174 6305778 6094.86096   81   77 6177.00000 5994.39982  2.96%  39.4 17095s
 16297666 6307880 infeasible  110      6177.00000 5994.40116  2.96%  39.4 17100s
 16300566 6309400 6034.70441   90  122 6177.00000 5994.40175  2.96%  39.4 17105s
 16305921 6311221 5995.83746   90   94 6177.00000 5994.40267  2.96%  39.4 17110s
 16312283 6312995 6034.24093   44   95 6177.00000 5994.40354  2.96%  39.4 17115s
 16317961 6314732     cutoff   81      6177.00000 5994.40517  2.96%  39.4 17120s
 16324308 6316999 6015.36925   77  107 6177.00000 5994.40656  2.96%  39.4 17126s
 16329524 6318608     cutoff   69      6177.00000 5994.40748  2.96%  39.4 17130s
 16334739 6320179     cutoff   86      6177.00000 5994.40820  2.96%  39.4 17135s
 16340940 6322522 6011.29655   86   49 6177.00000 5994.40939  2.96%  39.4 17140s
 16346541 6324211 6077.40824  113   44 6177.00000 5994.41085  2.96%  39.4 17145s
 16351944 6326372 6011.17810   52   43 6177.00000 5994.41197  2.96%  39.4 17150s
 16357933 6328602 6003.47997   72   39 6177.00000 5994.41314  2.96%  39.4 17155s
 16364329 6331098 5999.51800  109  127 6177.00000 5994.41412  2.96%  39.4 17160s
 16369726 6332622 5995.48521  113   56 6177.00000 5994.41548  2.96%  39.4 17165s
 16375745 6334997 6002.45705  122   47 6177.00000 5994.41617  2.96%  39.4 17170s
 16382641 6338345 6010.77851   63   29 6177.00000 5994.41643  2.96%  39.3 17175s
 16387344 6340022 6102.06546  115   69 6177.00000 5994.41643  2.96%  39.3 17180s
 16390664 6341418 6001.34031   79   47 6177.00000 5994.41694  2.96%  39.3 17185s
 16396783 6343454 5997.75330   88   48 6177.00000 5994.41869  2.96%  39.3 17190s
 16401778 6345014 6062.65450  138   95 6177.00000 5994.42004  2.96%  39.3 17195s
 16407251 6346958     cutoff   73      6177.00000 5994.42135  2.96%  39.3 17200s
 16412773 6348695 6088.44104   86  104 6177.00000 5994.42269  2.96%  39.3 17205s
 16419429 6351128     cutoff  109      6177.00000 5994.42366  2.96%  39.3 17210s
 16424068 6352690 6019.49438   73   43 6177.00000 5994.42462  2.96%  39.3 17215s
 16430453 6354665 6028.04858   66   79 6177.00000 5994.42589  2.96%  39.3 17220s
 16435348 6356336 6037.39589   63   56 6177.00000 5994.42710  2.96%  39.3 17225s
 16439869 6357933 infeasible   86      6177.00000 5994.42745  2.96%  39.3 17230s
 16446311 6360197 6097.01163   61   27 6177.00000 5994.42859  2.96%  39.3 17235s
 16452629 6362564 6013.44422   92   55 6177.00000 5994.43019  2.96%  39.3 17240s
 16458100 6364389 6035.99580   60   81 6177.00000 5994.43111  2.96%  39.3 17245s
 16463894 6366216 6127.58750  104   58 6177.00000 5994.43241  2.96%  39.3 17250s
 16469753 6368364 6068.47042   77   47 6177.00000 5994.43333  2.96%  39.3 17255s
 16475088 6370286     cutoff   68      6177.00000 5994.43383  2.96%  39.3 17260s
 16480071 6372041 6000.24967   78   42 6177.00000 5994.43422  2.96%  39.3 17265s
 16486210 6374361 6010.67487   77   62 6177.00000 5994.43519  2.96%  39.3 17270s
 16491432 6376259 6098.95913   93   56 6177.00000 5994.43640  2.96%  39.3 17275s
 16495321 6377656 6016.64973   80   44 6177.00000 5994.43645  2.96%  39.3 17281s
 16500863 6379988 6018.82081   74   32 6177.00000 5994.43778  2.96%  39.3 17285s
 16507117 6382491 6023.01167   69   32 6177.00000 5994.43862  2.96%  39.3 17290s
 16512006 6384389 6117.67496   71   89 6177.00000 5994.43910  2.96%  39.3 17295s
 16517188 6385908     cutoff   54      6177.00000 5994.44030  2.96%  39.3 17300s
 16523668 6388447 6103.43784   80   31 6177.00000 5994.44152  2.96%  39.3 17306s
 16528885 6390337 6122.90645   73   49 6177.00000 5994.44260  2.96%  39.3 17311s
 16534089 6392261 6012.85072   87   40 6177.00000 5994.44379  2.96%  39.3 17315s
 16538903 6393763 6103.62498   80   62 6177.00000 5994.44517  2.96%  39.3 17320s
 16544061 6395568 5999.52214   81  112 6177.00000 5994.44653  2.96%  39.3 17325s
 16550520 6397878 6011.80079   77   60 6177.00000 5994.44740  2.96%  39.3 17330s
 16556528 6400124     cutoff   65      6177.00000 5994.44903  2.96%  39.3 17335s
 16561881 6401862 6080.62111  106   63 6177.00000 5994.44998  2.96%  39.3 17340s
 16568351 6404045 6017.94286   65   40 6177.00000 5994.45096  2.96%  39.3 17345s
 16574798 6406330 6132.95250  105   48 6177.00000 5994.45184  2.96%  39.3 17350s
 16576159 6406356 6001.79388   80   63 6177.00000 5994.45198  2.96%  39.3 17355s
 16579566 6408029 6113.84121  109   55 6177.00000 5994.45241  2.96%  39.3 17360s
 16584562 6409640 6061.07602  115   82 6177.00000 5994.45312  2.96%  39.3 17365s
 16590577 6411510 6083.52432   71   61 6177.00000 5994.45457  2.96%  39.3 17371s
 16595840 6413374     cutoff   96      6177.00000 5994.45500  2.96%  39.3 17375s
 16601101 6415528 6002.98060   64   45 6177.00000 5994.45638  2.96%  39.3 17380s
 16607370 6417669 6107.95255   90   74 6177.00000 5994.45734  2.96%  39.3 17385s
 16613366 6419647 6018.54123  112   39 6177.00000 5994.45791  2.96%  39.3 17390s
 16618464 6421669 6108.19821   67   55 6177.00000 5994.45838  2.96%  39.3 17395s
 16623128 6423276 6108.16175   67   57 6177.00000 5994.45937  2.96%  39.3 17400s
 16629409 6425690     cutoff   94      6177.00000 5994.46075  2.96%  39.3 17405s
 16634881 6427994     cutoff   65      6177.00000 5994.46179  2.96%  39.3 17410s
 16641583 6429886     cutoff   99      6177.00000 5994.46268  2.96%  39.3 17415s
 16646710 6431255 infeasible  108      6177.00000 5994.46337  2.96%  39.3 17420s
 16651031 6432514 infeasible   89      6177.00000 5994.46432  2.96%  39.3 17425s
 16656465 6434221 infeasible   37      6177.00000 5994.46527  2.96%  39.3 17430s
 16662851 6436911 6046.97214   78   29 6177.00000 5994.46611  2.96%  39.3 17435s
 16667572 6438590 6109.44058  108   41 6177.00000 5994.46667  2.96%  39.3 17440s
 16674066 6440501 6008.35223   88   32 6177.00000 5994.46775  2.96%  39.3 17445s
 16678887 6442049 6105.04814   76   48 6177.00000 5994.46926  2.96%  39.3 17450s
 16686247 6445097 6025.67689   95   45 6177.00000 5994.47082  2.95%  39.3 17455s
 16692598 6446821 6001.63137   92   92 6177.00000 5994.47111  2.95%  39.3 17460s
 16698971 6448774 infeasible   97      6177.00000 5994.47195  2.95%  39.3 17465s
 16705580 6451087 6083.84118   67   23 6177.00000 5994.47259  2.95%  39.3 17470s
 16710412 6453029 6071.49543   68   70 6177.00000 5994.47350  2.95%  39.3 17475s
 16717146 6455526     cutoff  113      6177.00000 5994.47443  2.95%  39.3 17480s
 16722510 6457331 6072.58762   61  204 6177.00000 5994.47536  2.95%  39.3 17485s
 16728194 6459320 6096.78705  113   87 6177.00000 5994.47594  2.95%  39.3 17490s
 16733645 6461153 5998.24463   90   48 6177.00000 5994.47660  2.95%  39.3 17495s
 16740050 6463635 6024.36004  108  120 6177.00000 5994.47790  2.95%  39.3 17500s
 16745036 6465675 6090.71429   94   36 6177.00000 5994.47848  2.95%  39.3 17505s
 16751348 6468044 5999.90419   71   70 6177.00000 5994.47980  2.95%  39.3 17510s
 16757376 6470060 6110.35000  109   39 6177.00000 5994.48071  2.95%  39.3 17515s
 16762251 6471852 6111.50000  123   16 6177.00000 5994.48150  2.95%  39.3 17520s
 16767554 6473718 6097.84114   52   38 6177.00000 5994.48291  2.95%  39.3 17525s
 16773682 6475819 6102.97175  119   77 6177.00000 5994.48371  2.95%  39.3 17530s
 16778361 6477518 infeasible   78      6177.00000 5994.48433  2.95%  39.3 17535s
 16785091 6480148 6028.50854  107   31 6177.00000 5994.48554  2.95%  39.2 17540s
 16790611 6482133     cutoff   58      6177.00000 5994.48629  2.95%  39.2 17545s
 16796713 6483957 6129.59573  103   18 6177.00000 5994.48715  2.95%  39.2 17550s
 16798883 6489192 infeasible   87      6177.00000 5994.48786  2.95%  39.2 17563s
 16810883 6489808 6147.59202   94   69 6177.00000 5994.48995  2.95%  39.2 17565s
 16816857 6491834 6037.26092   42   85 6177.00000 5994.49128  2.95%  39.2 17570s
 16822465 6493701 6122.53108   34  101 6177.00000 5994.49214  2.95%  39.2 17575s
 16827584 6495388 6089.24618   86   33 6177.00000 5994.49332  2.95%  39.2 17580s
 16832170 6497075     cutoff   78      6177.00000 5994.49450  2.95%  39.2 17585s
 16838748 6499767 infeasible   73      6177.00000 5994.49533  2.95%  39.2 17590s
 16844772 6501692 6005.32833   40   56 6177.00000 5994.49604  2.95%  39.2 17595s
 16850255 6503809     cutoff  117      6177.00000 5994.49709  2.95%  39.2 17600s
 16855276 6505872     cutoff   81      6177.00000 5994.49805  2.95%  39.2 17605s
 16860393 6508430 6119.76841   65   53 6177.00000 5994.49884  2.95%  39.2 17610s
 16866695 6510302 6038.01561   42  105 6177.00000 5994.49992  2.95%  39.2 17615s
 16873045 6512405 6056.44662   84   65 6177.00000 5994.50079  2.95%  39.2 17620s
 16878093 6514409 6087.50262  103   48 6177.00000 5994.50184  2.95%  39.2 17625s
 16882926 6516070 6100.48000  102   65 6177.00000 5994.50245  2.95%  39.2 17630s
 16889274 6518443 infeasible  117      6177.00000 5994.50351  2.95%  39.2 17636s
 16894954 6520795 6001.92299   96   35 6177.00000 5994.50423  2.95%  39.2 17640s
 16901172 6522817 infeasible   88      6177.00000 5994.50538  2.95%  39.2 17645s
 16905759 6524600 6008.79618  126   48 6177.00000 5994.50620  2.95%  39.2 17650s
 16911210 6526940 6097.21371  100   22 6177.00000 5994.50719  2.95%  39.2 17655s
 16917817 6528785 6045.10338  102  108 6177.00000 5994.50806  2.95%  39.2 17660s
 16923829 6531138 5995.20028   71   58 6177.00000 5994.50924  2.95%  39.2 17665s
 16928770 6533049 6012.76131   96   57 6177.00000 5994.51021  2.95%  39.2 17670s
 16934315 6534632 6083.43516   56  103 6177.00000 5994.51048  2.95%  39.2 17675s
 16939695 6537019 6087.18286  109   49 6177.00000 5994.51156  2.95%  39.2 17680s
 16944852 6538641 6008.52066   74   49 6177.00000 5994.51249  2.95%  39.2 17685s
 16950921 6541075 6032.80072   67   75 6177.00000 5994.51280  2.95%  39.2 17690s
 16956315 6542938     cutoff   79      6177.00000 5994.51393  2.95%  39.2 17696s
 16961854 6545202 6004.66350   84   87 6177.00000 5994.51429  2.95%  39.2 17701s
 16967393 6547195 6032.10243   83  116 6177.00000 5994.51492  2.95%  39.2 17705s
 16973384 6549612     cutoff   69      6177.00000 5994.51606  2.95%  39.2 17710s
 16979326 6551917 6096.63764   73   40 6177.00000 5994.51748  2.95%  39.2 17715s
 16985967 6554420 5994.90180   82   98 6177.00000 5994.51844  2.95%  39.2 17720s
 16991411 6556371 6005.93410   99   41 6177.00000 5994.51957  2.95%  39.2 17725s
 16997427 6558503 6027.61321  100   35 6177.00000 5994.52053  2.95%  39.2 17730s
 17002358 6560149 6091.13806   71  111 6177.00000 5994.52143  2.95%  39.2 17735s
 17007601 6561450 6013.60126   93   50 6177.00000 5994.52252  2.95%  39.2 17740s
 17011054 6563136     cutoff   80      6177.00000 5994.52296  2.95%  39.2 17745s
 17016265 6565300     cutoff   51      6177.00000 5994.52411  2.95%  39.2 17750s
 17022458 6567422 6003.59692   44   28 6177.00000 5994.52522  2.95%  39.2 17756s
 17027580 6569401     cutoff   96      6177.00000 5994.52643  2.95%  39.2 17760s
 17032723 6571175 5994.55308   93   81 6177.00000 5994.52747  2.95%  39.2 17765s
 17037832 6572763 6109.39444   74   31 6177.00000 5994.52900  2.95%  39.2 17770s
 17044486 6574845     cutoff  104      6177.00000 5994.53031  2.95%  39.2 17775s
 17049662 6576492 infeasible   96      6177.00000 5994.53104  2.95%  39.2 17780s
 17056475 6578923 6002.62310   71   64 6177.00000 5994.53252  2.95%  39.2 17785s
 17062404 6581050 6035.63143  118   44 6177.00000 5994.53336  2.95%  39.2 17790s
 17068013 6583399 6003.30097   87   42 6177.00000 5994.53399  2.95%  39.2 17795s
 17074152 6585751 6052.80675  100   80 6177.00000 5994.53492  2.95%  39.2 17801s
 17079858 6587817 6049.22476   92   30 6177.00000 5994.53544  2.95%  39.2 17805s
 17085424 6590329     cutoff  101      6177.00000 5994.53639  2.95%  39.2 17810s
 17092207 6592685 6020.96931   72   36 6177.00000 5994.53722  2.95%  39.2 17815s
 17098668 6595920 6012.47855  130   61 6177.00000 5994.53782  2.95%  39.2 17820s
 17101664 6596793 6008.18378   50   76 6177.00000 5994.53822  2.95%  39.2 17825s
 17107803 6599348     cutoff  126      6177.00000 5994.53910  2.95%  39.2 17831s
 17112033 6600780 6016.63157  113   43 6177.00000 5994.53977  2.95%  39.2 17835s
 17118692 6603558 5997.26271   60   84 6177.00000 5994.54044  2.95%  39.2 17841s
 17124187 6606037     cutoff   76      6177.00000 5994.54116  2.95%  39.2 17845s
 17129851 6607905 5997.97257   95   35 6177.00000 5994.54132  2.95%  39.2 17850s
 17136222 6610170 6078.15052   93   65 6177.00000 5994.54203  2.95%  39.1 17855s
 17141091 6612203 5994.89044   65   44 6177.00000 5994.54264  2.95%  39.1 17860s
 17147629 6614406     cutoff   96      6177.00000 5994.54342  2.95%  39.1 17865s
 17153625 6616339 6112.27422   97   37 6177.00000 5994.54452  2.95%  39.1 17870s
 17159453 6618855 6090.66752   59   59 6177.00000 5994.54539  2.95%  39.1 17875s
 17165033 6620903 6057.36404   94   80 6177.00000 5994.54602  2.95%  39.1 17880s
 17171485 6623611 6121.73843  106   64 6177.00000 5994.54670  2.95%  39.1 17885s
 17178047 6626084 5998.40235   96   63 6177.00000 5994.54751  2.95%  39.1 17890s
 17181218 6627342 6100.69307  100   22 6177.00000 5994.54770  2.95%  39.1 17896s
 17185390 6629177     cutoff  109      6177.00000 5994.54829  2.95%  39.1 17900s
 17190658 6631321 6009.78058  100   89 6177.00000 5994.54912  2.95%  39.1 17905s
 17197234 6633413 5995.86185   35  125 6177.00000 5994.55004  2.95%  39.1 17911s
 17202452 6635433 infeasible   67      6177.00000 5994.55126  2.95%  39.1 17916s
 17207876 6637107 6027.76951   99   51 6177.00000 5994.55168  2.95%  39.1 17920s
 17213809 6639682 6040.64172   76   70 6177.00000 5994.55233  2.95%  39.1 17925s
 17220647 6642256 6049.35342   80   88 6177.00000 5994.55326  2.95%  39.1 17930s
 17227138 6644500 5998.44087   83   86 6177.00000 5994.55409  2.95%  39.1 17935s
 17233017 6646833 6097.31776  103   78 6177.00000 5994.55536  2.95%  39.1 17941s
 17238173 6648423 6102.36460   70   48 6177.00000 5994.55596  2.95%  39.1 17945s
 17244954 6650921     cutoff  106      6177.00000 5994.55740  2.95%  39.1 17950s
 17250847 6652911 6042.81843  104  107 6177.00000 5994.55841  2.95%  39.1 17956s
 17256578 6654828 6103.59775  117   42 6177.00000 5994.55893  2.95%  39.1 17960s
 17262482 6656874 infeasible  131      6177.00000 5994.55968  2.95%  39.1 17965s
 17268165 6658863 6087.44450   47   33 6177.00000 5994.56071  2.95%  39.1 17970s
 17273223 6660562 6013.81509   93   24 6177.00000 5994.56186  2.95%  39.1 17975s
 17277893 6662219     cutoff  103      6177.00000 5994.56198  2.95%  39.1 17980s
 17282041 6663119 6055.47738   86   63 6177.00000 5994.56293  2.95%  39.1 17985s
 17285992 6664942 6157.14361   82   71 6177.00000 5994.56348  2.95%  39.1 17990s
 17291216 6666981 6036.24634  116   22 6177.00000 5994.56417  2.95%  39.1 17995s
 17297772 6669118     cutoff  101      6177.00000 5994.56496  2.95%  39.1 18000s
 17302303 6670825 6102.40099  107   23 6177.00000 5994.56599  2.95%  39.1 18005s
 17307835 6672682     cutoff  103      6177.00000 5994.56697  2.95%  39.1 18010s
 17313868 6674700 5994.56787   90   76 6177.00000 5994.56766  2.95%  39.1 18016s
 17318996 6676552 6012.35182   64   70 6177.00000 5994.56868  2.95%  39.1 18020s
 17323787 6678378 6139.53386   45   95 6177.00000 5994.56969  2.95%  39.1 18025s
 17329934 6680725 6045.72882   51   28 6177.00000 5994.57143  2.95%  39.1 18030s
 17335846 6682657 6006.27055  117   38 6177.00000 5994.57228  2.95%  39.1 18035s
 17342240 6685288 6043.38871   80   57 6177.00000 5994.57326  2.95%  39.1 18041s
 17347304 6687085 6009.21000   50   48 6177.00000 5994.57379  2.95%  39.1 18045s
 17353681 6689285 6147.89342  103   59 6177.00000 5994.57502  2.95%  39.1 18050s
 17360433 6691770 6113.25512   99   25 6177.00000 5994.57596  2.95%  39.1 18055s
 17365509 6693719 5998.68166   90   51 6177.00000 5994.57687  2.95%  39.1 18060s
 17371117 6695391 6014.48121   75   98 6177.00000 5994.57769  2.95%  39.1 18065s
 17375940 6696762 infeasible   96      6177.00000 5994.57855  2.95%  39.1 18070s
 17381482 6698433 6011.70250   62   47 6177.00000 5994.57885  2.95%  39.1 18075s
 17387453 6700699 5994.92349   85   38 6177.00000 5994.58016  2.95%  39.1 18080s
 17390424 6701763 6138.38319   84   96 6177.00000 5994.58063  2.95%  39.1 18085s
 17395439 6703550 6085.37363   64   27 6177.00000 5994.58175  2.95%  39.1 18090s
 17401561 6706220 6082.53710  108   56 6177.00000 5994.58196  2.95%  39.1 18096s
 17407073 6708223     cutoff   89      6177.00000 5994.58273  2.95%  39.1 18100s
 17412005 6709738 infeasible  104      6177.00000 5994.58355  2.95%  39.1 18105s
 17417400 6711314 6120.20330   95   55 6177.00000 5994.58460  2.95%  39.1 18110s
 17422247 6713239 5998.52542   85   98 6177.00000 5994.58539  2.95%  39.1 18115s
 17428675 6715447 6103.19755   57   56 6177.00000 5994.58625  2.95%  39.1 18120s
 17433775 6717617     cutoff  108      6177.00000 5994.58729  2.95%  39.1 18125s
 17438923 6719401 6098.28192  105   36 6177.00000 5994.58839  2.95%  39.1 18130s
 17445591 6721714 infeasible  103      6177.00000 5994.58941  2.95%  39.1 18135s
 17450363 6722853     cutoff  100      6177.00000 5994.59051  2.95%  39.1 18140s
 17455304 6724752 6000.06478   93  113 6177.00000 5994.59187  2.95%  39.1 18145s
 17463629 6727999     cutoff   96      6177.00000 5994.59269  2.95%  39.1 18150s
 17469851 6730027 6060.74720  130   61 6177.00000 5994.59330  2.95%  39.1 18156s
 17474913 6731791 6094.97523   47   53 6177.00000 5994.59420  2.95%  39.1 18160s
 17479162 6732753 5996.88194   56   60 6177.00000 5994.59477  2.95%  39.1 18165s
 17481961 6734006 6016.90169  119   47 6177.00000 5994.59533  2.95%  39.1 18170s
 17487814 6736260 6107.19291   69   53 6177.00000 5994.59675  2.95%  39.1 18175s
 17494188 6738361 6039.77333  108   46 6177.00000 5994.59769  2.95%  39.1 18180s
 17500926 6740306 infeasible   54      6177.00000 5994.59797  2.95%  39.1 18185s
 17505562 6742420 6071.87826   56   92 6177.00000 5994.59841  2.95%  39.1 18190s
 17511819 6744903 6051.78533   98  105 6177.00000 5994.59922  2.95%  39.1 18195s
 17517530 6746827 6060.17226  107  117 6177.00000 5994.59984  2.95%  39.1 18200s
 17522132 6748625     cutoff   82      6177.00000 5994.60050  2.95%  39.1 18205s
 17527634 6750701 6013.53469   97   52 6177.00000 5994.60050  2.95%  39.1 18210s
 17533446 6752921 infeasible   77      6177.00000 5994.60233  2.95%  39.1 18215s
 17540258 6755362 6031.05537   81   65 6177.00000 5994.60309  2.95%  39.1 18221s
 17545336 6757103 6022.95976   82   80 6177.00000 5994.60391  2.95%  39.1 18225s
 17549539 6758166 6132.75361  126   42 6177.00000 5994.60500  2.95%  39.1 18230s
 17552820 6759692 6011.94839   47   63 6177.00000 5994.60547  2.95%  39.1 18235s
 17557733 6761253 6034.98348   62   64 6177.00000 5994.60623  2.95%  39.1 18240s
 17562904 6763078 6017.27543   92   40 6177.00000 5994.60742  2.95%  39.1 18245s
 17567568 6764749 6002.52030  117   46 6177.00000 5994.60836  2.95%  39.1 18250s
 17573238 6766691     cutoff  113      6177.00000 5994.60930  2.95%  39.1 18255s
 17579308 6768479 6041.22806   47  118 6177.00000 5994.61026  2.95%  39.0 18260s
 17581412 6769317 6098.24822   75   57 6177.00000 5994.61046  2.95%  39.0 18265s
 17586809 6771031 6012.26652   71   61 6177.00000 5994.61151  2.95%  39.0 18270s
 17592142 6772857 6120.96923   61   23 6177.00000 5994.61252  2.95%  39.0 18275s
 17597380 6774755 6130.18366   94   96 6177.00000 5994.61328  2.95%  39.0 18280s
 17603364 6776434 6033.37361   71   50 6177.00000 5994.61445  2.95%  39.0 18285s
 17609212 6778288 infeasible   89      6177.00000 5994.61590  2.95%  39.0 18290s
 17614476 6780182 6035.31749   87   51 6177.00000 5994.61712  2.95%  39.0 18295s
 17619493 6782051 6061.58766   58  182 6177.00000 5994.61793  2.95%  39.0 18300s
 17625490 6783979 6009.16456  122   62 6177.00000 5994.61883  2.95%  39.0 18305s
 17631899 6786632     cutoff   46      6177.00000 5994.61950  2.95%  39.0 18311s
 17637091 6788217 infeasible  101      6177.00000 5994.62007  2.95%  39.0 18315s
 17643276 6790215 6009.19212  100   59 6177.00000 5994.62071  2.95%  39.0 18320s
 17649388 6792347 6080.97412   47   99 6177.00000 5994.62161  2.95%  39.0 18325s
 17654577 6794023 6032.90930   60   97 6177.00000 5994.62222  2.95%  39.0 18330s
 17660446 6796088 5995.47159   81   32 6177.00000 5994.62371  2.95%  39.0 18335s
 17666550 6798071 6077.76167   48  168 6177.00000 5994.62496  2.95%  39.0 18340s
 17671704 6799874 6002.29229   77   59 6177.00000 5994.62580  2.95%  39.0 18345s
 17677769 6801733 6002.05890   46   70 6177.00000 5994.62675  2.95%  39.0 18350s
 17683213 6804054 6102.63833   60   42 6177.00000 5994.62723  2.95%  39.0 18355s
 17687944 6806000 infeasible  106      6177.00000 5994.62828  2.95%  39.0 18360s
 17693163 6807832 5995.30712   80   53 6177.00000 5994.62922  2.95%  39.0 18365s
 17698741 6809487 6049.22394  101   90 6177.00000 5994.63008  2.95%  39.0 18370s
 17702840 6811341 6091.62097   70   48 6177.00000 5994.63070  2.95%  39.0 18375s
 17707850 6813146 6006.41758   64   48 6177.00000 5994.63180  2.95%  39.0 18380s
 17713359 6814866     cutoff   92      6177.00000 5994.63312  2.95%  39.0 18385s
 17719487 6817286 6122.75512  103   70 6177.00000 5994.63435  2.95%  39.0 18390s
 17725724 6819702     cutoff   87      6177.00000 5994.63581  2.95%  39.0 18395s
 17730780 6821565 5996.99368   88   47 6177.00000 5994.63640  2.95%  39.0 18400s
 17737020 6823814 6009.83561   84   67 6177.00000 5994.63725  2.95%  39.0 18405s
 17742216 6826044 6100.23175  118   42 6177.00000 5994.63780  2.95%  39.0 18410s
 17748587 6828163 6010.98410   95   44 6177.00000 5994.63916  2.95%  39.0 18415s
 17753707 6830160 6026.33968  116   56 6177.00000 5994.63983  2.95%  39.0 18420s
 17758937 6831749 6021.04119   77   99 6177.00000 5994.64018  2.95%  39.0 18425s
 17765722 6833986 6090.46175  120   21 6177.00000 5994.64156  2.95%  39.0 18430s
 17771569 6835706 6040.26484   75   33 6177.00000 5994.64263  2.95%  39.0 18435s
 17776200 6837112     cutoff  100      6177.00000 5994.64368  2.95%  39.0 18440s
 17782565 6839364 6040.29068   68   85 6177.00000 5994.64461  2.95%  39.0 18445s
 17787442 6840979 6042.52800   77   35 6177.00000 5994.64590  2.95%  39.0 18450s
 17792442 6842377 6030.59227  116   49 6177.00000 5994.64689  2.95%  39.0 18455s
 17795229 6843799     cutoff   83      6177.00000 5994.64754  2.95%  39.0 18461s
 17799342 6845046 6089.40377   91   24 6177.00000 5994.64821  2.95%  39.0 18465s
 17801405 6845457 6053.11166  122   49 6177.00000 5994.64848  2.95%  39.0 18470s
 17806765 6847186     cutoff   93      6177.00000 5994.64914  2.95%  39.0 18475s
 17811887 6849066 6102.67833   91   35 6177.00000 5994.65007  2.95%  39.0 18480s
 17817223 6851338     cutoff   87      6177.00000 5994.65117  2.95%  39.0 18485s
 17823332 6853561     cutoff  116      6177.00000 5994.65251  2.95%  39.0 18490s
 17828293 6855367     cutoff  108      6177.00000 5994.65323  2.95%  39.0 18495s
 17835341 6857984 6000.70604   88   64 6177.00000 5994.65466  2.95%  39.0 18500s
 17841401 6860329 6109.99784   67   64 6177.00000 5994.65581  2.95%  39.0 18505s
 17847393 6862886 6010.37880   72   38 6177.00000 5994.65661  2.95%  39.0 18510s
 17852763 6864634 infeasible   86      6177.00000 5994.65767  2.95%  39.0 18515s
 17857527 6866541 6008.74278   93   26 6177.00000 5994.65831  2.95%  39.0 18520s
 17863610 6868495 6109.05392   92   35 6177.00000 5994.65913  2.95%  39.0 18526s
 17869169 6870609 6038.39469   45   78 6177.00000 5994.65981  2.95%  39.0 18530s
 17874184 6872855 infeasible  139      6177.00000 5994.66088  2.95%  39.0 18535s
 17881213 6875758 6018.88656   89   80 6177.00000 5994.66147  2.95%  39.0 18540s
 17888040 6878198 6004.60146  112   46 6177.00000 5994.66241  2.95%  39.0 18545s
 17894286 6880522 6024.39333   48   93 6177.00000 5994.66346  2.95%  39.0 18550s
 17899028 6882188 6109.62890  101   48 6177.00000 5994.66426  2.95%  39.0 18555s
 17905073 6884121 infeasible   77      6177.00000 5994.66543  2.95%  39.0 18560s
 17910713 6886148 6026.24426   98   59 6177.00000 5994.66640  2.95%  39.0 18565s
 17916788 6887935 5996.19509  112   35 6177.00000 5994.66812  2.95%  39.0 18570s
 17921848 6889967 infeasible  113      6177.00000 5994.66911  2.95%  39.0 18575s
 17927604 6892362 6101.20000   68   26 6177.00000 5994.66989  2.95%  39.0 18580s
 17930964 6893154     cutoff   94      6177.00000 5994.67044  2.95%  39.0 18585s
 17934606 6894839 5996.89310   93   70 6177.00000 5994.67111  2.95%  39.0 18590s
 17939959 6896464 6099.27772   45   40 6177.00000 5994.67206  2.95%  39.0 18595s
 17945008 6898484 6150.98779   53  147 6177.00000 5994.67274  2.95%  39.0 18600s
 17952013 6901229 6058.47674   75   76 6177.00000 5994.67418  2.95%  39.0 18605s
 17957097 6903028 5995.83982   70  130 6177.00000 5994.67541  2.95%  39.0 18610s
 17963483 6905326 6084.46875   55   31 6177.00000 5994.67632  2.95%  39.0 18615s
 17969126 6907650 6041.54545   89   51 6177.00000 5994.67708  2.95%  39.0 18620s
 17973948 6909316 infeasible  122      6177.00000 5994.67773  2.95%  39.0 18625s
 17979144 6911211     cutoff  109      6177.00000 5994.67906  2.95%  39.0 18630s
 17985423 6912949 5998.61322   99   66 6177.00000 5994.68057  2.95%  39.0 18636s
 17990620 6914916 5997.76005   75   84 6177.00000 5994.68167  2.95%  39.0 18640s
 17995674 6916926     cutoff   79      6177.00000 5994.68254  2.95%  39.0 18645s
 18000930 6919080 6043.35445   74   81 6177.00000 5994.68343  2.95%  39.0 18650s
 18005907 6920752 6002.15925   52   85 6177.00000 5994.68425  2.95%  39.0 18655s
 18012243 6923259 5995.07959   61   48 6177.00000 5994.68542  2.95%  39.0 18660s
 18018175 6925271 6131.11779   46  146 6177.00000 5994.68577  2.95%  39.0 18665s
 18023830 6927506 6031.66908  112   45 6177.00000 5994.68716  2.95%  38.9 18670s
 18030279 6929872 6120.08725   51  149 6177.00000 5994.68832  2.95%  38.9 18675s
 18034331 6930611 6122.96174   51   80 6177.00000 5994.68912  2.95%  38.9 18680s
 18037093 6932201 6046.95269   80  106 6177.00000 5994.68959  2.95%  38.9 18685s
 18042411 6934117 6099.67070   67   38 6177.00000 5994.68997  2.95%  38.9 18690s
 18049170 6936494 infeasible   63      6177.00000 5994.69075  2.95%  38.9 18696s
 18052920 6937917 6096.49317  102   59 6177.00000 5994.69169  2.95%  38.9 18700s
 18056140 6938648 6099.65863  113   52 6177.00000 5994.69221  2.95%  38.9 18705s
 18060775 6940589 6041.63715  105   61 6177.00000 5994.69301  2.95%  38.9 18710s
 18066002 6942358 6020.36450   92   75 6177.00000 5994.69373  2.95%  38.9 18715s
 18071006 6944060 6016.09464  112   30 6177.00000 5994.69446  2.95%  38.9 18720s
 18077591 6946419 6011.19481   95   64 6177.00000 5994.69540  2.95%  38.9 18726s
 18082635 6948270 6107.48741   54   74 6177.00000 5994.69639  2.95%  38.9 18730s
 18087919 6950578     cutoff   78      6177.00000 5994.69712  2.95%  38.9 18735s
 18093945 6952468     cutoff  100      6177.00000 5994.69840  2.95%  38.9 18740s
 18099832 6954745 6028.81529  127   57 6177.00000 5994.69966  2.95%  38.9 18745s
 18105836 6956961 infeasible   85      6177.00000 5994.70021  2.95%  38.9 18750s
 18110918 6958989 6007.15752   78  113 6177.00000 5994.70137  2.95%  38.9 18755s
 18116911 6961218     cutoff  113      6177.00000 5994.70253  2.95%  38.9 18760s
 18121968 6962389 6013.57602  100   67 6177.00000 5994.70344  2.95%  38.9 18765s
 18128020 6964560 6033.76037   48   86 6177.00000 5994.70497  2.95%  38.9 18771s
 18133194 6966854 6025.21685   81   46 6177.00000 5994.70578  2.95%  38.9 18775s
 18140499 6969715 6123.84211  107   45 6177.00000 5994.70706  2.95%  38.9 18781s
 18145570 6971378 6024.24012   65  111 6177.00000 5994.70734  2.95%  38.9 18785s
 18152298 6973689 5995.00456   80   95 6177.00000 5994.70877  2.95%  38.9 18791s
 18158034 6975686 6016.77239   89   82 6177.00000 5994.70906  2.95%  38.9 18795s
 18164208 6977818 infeasible  102      6177.00000 5994.70990  2.95%  38.9 18801s
 18169838 6979691 6075.80730   57   39 6177.00000 5994.71089  2.95%  38.9 18805s
 18174891 6981789 6010.48276   98   30 6177.00000 5994.71218  2.95%  38.9 18810s
 18183357 6984457 6104.05276  114   45 6177.00000 5994.71221  2.95%  38.9 18815s
 18190699 6986697 5995.66048   60   73 6177.00000 5994.71277  2.95%  38.9 18820s
 18193386 6987737 6027.19000   46   80 6177.00000 5994.71288  2.95%  38.9 18825s
 18198283 6989791 6004.06161   42  115 6177.00000 5994.71344  2.95%  38.9 18831s
 18202833 6991601 6098.32282   86   28 6177.00000 5994.71440  2.95%  38.9 18835s
 18207699 6993526 6096.41788   79   81 6177.00000 5994.71500  2.95%  38.9 18840s
 18213893 6996135 6105.26200   83   40 6177.00000 5994.71594  2.95%  38.9 18845s
 18219105 6997901 6080.80000   72   55 6177.00000 5994.71694  2.95%  38.9 18850s
 18225808 7000230 6013.58221  121   45 6177.00000 5994.71803  2.95%  38.9 18855s
 18230703 7001804 6023.26434   34   86 6177.00000 5994.71875  2.95%  38.9 18860s
 18234977 7003345 6108.62477   97   86 6177.00000 5994.71910  2.95%  38.9 18865s
 18240207 7005296 6127.88280  105   45 6177.00000 5994.72053  2.95%  38.9 18870s
 18246311 7007493 6022.14308   87   51 6177.00000 5994.72189  2.95%  38.9 18875s
 18251549 7009705 6120.06842   78   49 6177.00000 5994.72283  2.95%  38.9 18880s
 18257899 7011587 6040.25722   59   72 6177.00000 5994.72333  2.95%  38.9 18885s
 18263896 7013649 6120.11996  101   77 6177.00000 5994.72427  2.95%  38.9 18891s
 18268383 7015332 6078.47132  111   65 6177.00000 5994.72521  2.95%  38.9 18895s
 18274570 7017503 6004.18557   65   54 6177.00000 5994.72618  2.95%  38.9 18900s
 18277171 7018120 6012.66603   76   62 6177.00000 5994.72658  2.95%  38.9 18905s
 18281419 7020009 6118.07553   49  106 6177.00000 5994.72757  2.95%  38.9 18910s
 18286194 7021802 6008.41286  100   26 6177.00000 5994.72840  2.95%  38.9 18915s
 18290994 7023418 6011.57043   96   44 6177.00000 5994.72983  2.95%  38.9 18920s
 18298321 7026804 6122.57778   61   71 6177.00000 5994.73022  2.95%  38.9 18925s
 18304312 7029099 infeasible   87      6177.00000 5994.73121  2.95%  38.9 18930s
 18310896 7031968     cutoff  102      6177.00000 5994.73199  2.95%  38.9 18935s
 18316903 7034462 6005.17462   72   62 6177.00000 5994.73230  2.95%  38.9 18940s
 18321800 7036300 6096.62428   67   54 6177.00000 5994.73296  2.95%  38.9 18945s
 18323145 7036943 6017.02880  120   48 6177.00000 5994.73323  2.95%  38.9 18950s
 18328249 7038884 6008.29608  109   98 6177.00000 5994.73437  2.95%  38.9 18955s
 18334581 7041315 6102.37787   48   48 6177.00000 5994.73573  2.95%  38.9 18961s
 18340660 7044193     cutoff   62      6177.00000 5994.73617  2.95%  38.9 18965s
 18345519 7046211 6008.36458   65   78 6177.00000 5994.73723  2.95%  38.9 18970s
 18352060 7048208 6097.61332   92   67 6177.00000 5994.73771  2.95%  38.9 18975s
 18357820 7050400 6096.09744  100   26 6177.00000 5994.73862  2.95%  38.9 18980s
 18363899 7052278 6019.96172  116   67 6177.00000 5994.74011  2.95%  38.9 18986s
 18369274 7054600 6008.36458   70   80 6177.00000 5994.74110  2.95%  38.9 18990s
 18374586 7056181 infeasible   67      6177.00000 5994.74201  2.95%  38.9 18995s
 18380853 7058165 6002.69262   80   97 6177.00000 5994.74343  2.95%  38.9 19001s
 18385748 7060197     cutoff  124      6177.00000 5994.74444  2.95%  38.9 19005s
 18390870 7061926 6021.74928  105   37 6177.00000 5994.74501  2.95%  38.9 19010s
 18396508 7063914 6009.65167   92   46 6177.00000 5994.74589  2.95%  38.9 19015s
 18401965 7065805 6106.35013   89   48 6177.00000 5994.74650  2.95%  38.9 19020s
 18408598 7068429 infeasible   65      6177.00000 5994.74781  2.95%  38.8 19025s
 18413984 7070298 6046.28501  105   31 6177.00000 5994.74863  2.95%  38.8 19030s
 18419332 7071711 infeasible   94      6177.00000 5994.74951  2.95%  38.8 19035s
 18425427 7073806 6030.88854   77   84 6177.00000 5994.75066  2.95%  38.8 19040s
 18430557 7075964     cutoff  106      6177.00000 5994.75112  2.95%  38.8 19045s
 18436000 7077714 6030.93506   70   52 6177.00000 5994.75231  2.95%  38.8 19050s
 18442059 7079964 6017.05225   70   55 6177.00000 5994.75263  2.95%  38.8 19055s
 18448003 7081943 6021.31872   82   52 6177.00000 5994.75346  2.95%  38.8 19060s
 18453703 7084158 6014.80570  111   41 6177.00000 5994.75420  2.95%  38.8 19065s
 18459012 7086003 5998.23225   48   99 6177.00000 5994.75530  2.95%  38.8 19070s
 18465137 7088194 6147.93824  112   68 6177.00000 5994.75615  2.95%  38.8 19075s
 18471051 7091046 6002.70904   90   44 6177.00000 5994.75643  2.95%  38.8 19080s
 18474225 7091879 6042.58114   91   24 6177.00000 5994.75675  2.95%  38.8 19085s
 18478899 7093699 6121.71324   97   49 6177.00000 5994.75728  2.95%  38.8 19090s
 18484515 7095883 6003.20419   43  104 6177.00000 5994.75830  2.95%  38.8 19095s
 18490921 7098421 6122.27837  135   45 6177.00000 5994.76002  2.95%  38.8 19100s
 18497205 7100357 6156.61667   82   23 6177.00000 5994.76051  2.95%  38.8 19105s
 18501799 7102046 6102.95781   69   40 6177.00000 5994.76165  2.95%  38.8 19110s
 18508253 7104772 6094.05000   67   38 6177.00000 5994.76263  2.95%  38.8 19116s
 18513282 7106433 5998.66393   89   67 6177.00000 5994.76360  2.95%  38.8 19120s
 18518468 7108010 6131.83004   72   77 6177.00000 5994.76448  2.95%  38.8 19125s
 18521157 7108602 6122.09514   86   26 6177.00000 5994.76503  2.95%  38.8 19130s
 18526738 7111112 infeasible   89      6177.00000 5994.76526  2.95%  38.8 19136s
 18531700 7112391 6120.98401  127   45 6177.00000 5994.76660  2.95%  38.8 19140s
 18536898 7114211     cutoff   69      6177.00000 5994.76746  2.95%  38.8 19145s
 18543236 7116546 6010.48246  109   37 6177.00000 5994.76896  2.95%  38.8 19150s
 18549047 7118666     cutoff   82      6177.00000 5994.76976  2.95%  38.8 19155s
 18554804 7120600 infeasible   66      6177.00000 5994.77146  2.95%  38.8 19160s
 18560965 7123053 6088.88964   55   28 6177.00000 5994.77196  2.95%  38.8 19165s
 18566175 7125128 infeasible  104      6177.00000 5994.77312  2.95%  38.8 19171s
 18571453 7126854     cutoff  100      6177.00000 5994.77355  2.95%  38.8 19175s
 18577886 7128843 infeasible  107      6177.00000 5994.77424  2.95%  38.8 19180s
 18583205 7130818 6097.92576   97   36 6177.00000 5994.77531  2.95%  38.8 19185s
 18589777 7133541     cutoff   67      6177.00000 5994.77658  2.95%  38.8 19191s
 18595876 7136995 6005.73126   49  114 6177.00000 5994.77694  2.95%  38.8 19195s
 18601396 7138788 6108.86333   65   57 6177.00000 5994.77789  2.95%  38.8 19200s
 18607228 7140826 5995.98748  103   55 6177.00000 5994.77943  2.95%  38.8 19205s
 18609245 7141327 6001.67136  108   49 6177.00000 5994.77956  2.95%  38.8 19210s
 18614170 7143104     cutoff   53      6177.00000 5994.78083  2.95%  38.8 19215s
 18619138 7144917     cutoff   43      6177.00000 5994.78170  2.95%  38.8 19220s
 18625882 7147028 6095.47654   78   39 6177.00000 5994.78287  2.95%  38.8 19225s
 18630086 7148653 6096.34697   82   31 6177.00000 5994.78413  2.95%  38.8 19230s
 18636642 7151304 6029.55919   53   53 6177.00000 5994.78563  2.95%  38.8 19236s
 18641517 7152847 6047.49089  135   98 6177.00000 5994.78621  2.95%  38.8 19240s
 18647822 7155327 6089.66679   73   94 6177.00000 5994.78732  2.95%  38.8 19245s
 18654343 7157111     cutoff   50      6177.00000 5994.78826  2.95%  38.8 19250s
 18659451 7159013 6084.76473   97   61 6177.00000 5994.78917  2.95%  38.8 19255s
 18666318 7161308     cutoff   70      6177.00000 5994.79005  2.95%  38.8 19261s
 18671911 7163843 5995.34378   84   37 6177.00000 5994.79077  2.95%  38.8 19265s
 18678685 7166126 6127.32990   81   55 6177.00000 5994.79167  2.95%  38.8 19270s
 18684098 7168032 6012.25616  102   65 6177.00000 5994.79272  2.95%  38.8 19275s
 18690454 7169847 infeasible  106      6177.00000 5994.79353  2.95%  38.8 19280s
 18695519 7171899 6025.80249   95  121 6177.00000 5994.79398  2.95%  38.8 19285s
 18700912 7173465     cutoff  126      6177.00000 5994.79491  2.95%  38.8 19290s
 18707135 7175800 infeasible  103      6177.00000 5994.79621  2.95%  38.8 19295s
 18711973 7177402 6058.21952   63   82 6177.00000 5994.79720  2.95%  38.8 19300s
 18718070 7179695 6104.90490   63   76 6177.00000 5994.79797  2.95%  38.8 19306s
 18723693 7181660 6009.16409   65  109 6177.00000 5994.79856  2.95%  38.8 19310s
 18729246 7183431     cutoff   63      6177.00000 5994.79956  2.95%  38.8 19315s
 18735090 7185780 5996.89268   74   57 6177.00000 5994.80054  2.95%  38.8 19320s
 18741075 7187805     cutoff   95      6177.00000 5994.80131  2.95%  38.8 19325s
 18747250 7189912 6101.22653   55   40 6177.00000 5994.80247  2.95%  38.8 19333s
 18747262 7189914 6101.23361   56   46 6177.00000 5994.80247  2.95%  38.8 19335s
 18751480 7191660 6023.45564   98   69 6177.00000 5994.80336  2.95%  38.8 19340s
 18756605 7193885 6111.57543   91   49 6177.00000 5994.80373  2.95%  38.8 19346s
 18761668 7195817 6059.34866   95   58 6177.00000 5994.80476  2.95%  38.8 19351s
 18764100 7200596 6006.28051  122   34 6177.00000 5994.80523  2.95%  38.8 19367s
 18777629 7201892     cutoff   95      6177.00000 5994.80748  2.95%  38.8 19370s
 18783754 7204681 6047.86570  110   42 6177.00000 5994.80754  2.95%  38.7 19375s
 18789920 7206993 6052.55754   79   78 6177.00000 5994.80817  2.95%  38.7 19380s
 18795988 7209499 6013.27019   83   98 6177.00000 5994.80903  2.95%  38.7 19385s
 18802103 7211429 6040.88563   47  147 6177.00000 5994.80982  2.95%  38.7 19390s
 18807231 7212818 6106.35377   68   24 6177.00000 5994.81079  2.95%  38.7 19395s
 18813146 7215083 6176.00000  105   17 6177.00000 5994.81195  2.95%  38.7 19401s
 18818126 7216692 6121.23458  112   38 6177.00000 5994.81278  2.95%  38.7 19405s
 18823149 7218312 6032.31402  100   86 6177.00000 5994.81402  2.95%  38.7 19410s
 18829742 7220763 6004.08957   92  115 6177.00000 5994.81506  2.95%  38.7 19415s
 18835808 7222584 5994.81722   59   69 6177.00000 5994.81602  2.95%  38.7 19420s
 18840609 7224394 6010.18331   92  101 6177.00000 5994.81715  2.95%  38.7 19425s
 18847006 7226464 6006.92359   63   62 6177.00000 5994.81875  2.95%  38.7 19430s
 18852032 7228506 6014.51426  118   53 6177.00000 5994.81978  2.95%  38.7 19435s
 18858014 7230692 6087.88375   64   42 6177.00000 5994.82026  2.95%  38.7 19440s
 18863965 7233424     cutoff   85      6177.00000 5994.82190  2.95%  38.7 19445s
 18868741 7235553 6092.04868  101   26 6177.00000 5994.82247  2.95%  38.7 19450s
 18875464 7238063 6013.65969  114   41 6177.00000 5994.82344  2.95%  38.7 19455s
 18880573 7239733 6031.25000   72   44 6177.00000 5994.82415  2.95%  38.7 19460s
 18886048 7241853 6080.91190   89   66 6177.00000 5994.82464  2.95%  38.7 19465s
 18892571 7244532     cutoff   73      6177.00000 5994.82560  2.95%  38.7 19470s
 18898290 7246784 6118.17429   54   21 6177.00000 5994.82627  2.95%  38.7 19475s
 18904609 7249092 6120.62161   98   86 6177.00000 5994.82727  2.95%  38.7 19480s
 18910733 7251424 5995.11172  105   90 6177.00000 5994.82837  2.95%  38.7 19485s
 18915896 7253039 6079.83091   56   36 6177.00000 5994.82894  2.95%  38.7 19490s
 18922378 7255314     cutoff   92      6177.00000 5994.83009  2.95%  38.7 19495s
 18927244 7257364     cutoff   82      6177.00000 5994.83052  2.95%  38.7 19500s
 18932487 7259438 5998.45670  101   37 6177.00000 5994.83135  2.95%  38.7 19505s
 18939282 7262050     cutoff  110      6177.00000 5994.83192  2.95%  38.7 19510s
 18944378 7263900 6033.75123   67  148 6177.00000 5994.83263  2.95%  38.7 19515s
 18950571 7266036 6015.91442  104   57 6177.00000 5994.83365  2.95%  38.7 19520s
 18956181 7267517 6086.90500   49   18 6177.00000 5994.83487  2.95%  38.7 19525s
 18962145 7270215 6009.41411   72   61 6177.00000 5994.83544  2.95%  38.7 19530s
 18967431 7271665 6094.99641   91   34 6177.00000 5994.83565  2.95%  38.7 19535s
 18968619 7272345 6039.82453   90   34 6177.00000 5994.83585  2.95%  38.7 19540s
 18974897 7274364 6093.03368  109   45 6177.00000 5994.83659  2.95%  38.7 19546s
 18980550 7276571 6125.89649   99   73 6177.00000 5994.83754  2.95%  38.7 19551s
 18986730 7279073 6011.01167   49   81 6177.00000 5994.83804  2.95%  38.7 19555s
 18991531 7281339 6077.79672   82  130 6177.00000 5994.83864  2.95%  38.7 19560s
 18997925 7283868     cutoff   77      6177.00000 5994.83947  2.95%  38.7 19565s
 19003211 7285465 6011.91359   94   90 6177.00000 5994.84036  2.95%  38.7 19570s
 19004952 7286820     cutoff  129      6177.00000 5994.84070  2.95%  38.7 19575s
 19010022 7288889 6014.12914   88   59 6177.00000 5994.84165  2.95%  38.7 19580s
 19015889 7290783 6151.62787   57   54 6177.00000 5994.84267  2.95%  38.7 19585s
 19022371 7293267 6085.04970   53   23 6177.00000 5994.84400  2.95%  38.7 19591s
 19027963 7295294 6019.04488   98   61 6177.00000 5994.84505  2.95%  38.7 19595s
 19034232 7297744 6093.17432   76   44 6177.00000 5994.84573  2.95%  38.7 19600s
 19039135 7299793 6092.29569   41   55 6177.00000 5994.84629  2.95%  38.7 19605s
 19043950 7301147 6000.95058  103   44 6177.00000 5994.84711  2.95%  38.7 19610s
 19049780 7303284 6036.83083   95   71 6177.00000 5994.84781  2.95%  38.7 19616s
 19055271 7305042 6002.50933   82   70 6177.00000 5994.84876  2.95%  38.7 19620s
 19060632 7307173 6122.56040   77   54 6177.00000 5994.84944  2.95%  38.7 19626s
 19066261 7309187 6006.00752   92   69 6177.00000 5994.84953  2.95%  38.7 19630s
 19072392 7311564 6091.53368   92   43 6177.00000 5994.85069  2.95%  38.7 19635s
 19077795 7313613 6008.18232   66   50 6177.00000 5994.85118  2.95%  38.7 19640s
 19083313 7315376 6104.38026   88   49 6177.00000 5994.85191  2.95%  38.7 19645s
 19085951 7315865 6102.11466   85   37 6177.00000 5994.85225  2.95%  38.7 19650s
 19090311 7317167 6102.59289   58   93 6177.00000 5994.85288  2.95%  38.7 19655s
 19095306 7318942 6127.05000   94   44 6177.00000 5994.85354  2.95%  38.7 19660s
 19101428 7320844 5998.39206   85   85 6177.00000 5994.85437  2.95%  38.7 19666s
 19106411 7322522     cutoff   86      6177.00000 5994.85502  2.95%  38.7 19670s
 19112067 7324468 5999.44403  101   57 6177.00000 5994.85546  2.95%  38.7 19675s
 19116961 7326073 6056.69390   86   52 6177.00000 5994.85661  2.95%  38.7 19680s
 19122859 7328060 6008.33395  108   86 6177.00000 5994.85720  2.95%  38.7 19685s
 19129112 7330742 5994.91030   98   66 6177.00000 5994.85842  2.95%  38.7 19691s
 19136061 7332993 5994.90983  106   72 6177.00000 5994.85858  2.95%  38.7 19695s
 19141496 7334651 6063.20079  109   81 6177.00000 5994.85920  2.95%  38.7 19700s
 19147543 7337070 6016.48472  118   42 6177.00000 5994.85948  2.95%  38.7 19705s
 19152776 7339059 6107.39186   69   46 6177.00000 5994.85996  2.95%  38.7 19710s
 19158756 7341036 6105.45077  114   43 6177.00000 5994.86055  2.95%  38.7 19715s
 19164448 7342902     cutoff   84      6177.00000 5994.86166  2.95%  38.7 19720s
 19169692 7345413 6077.29669   85  124 6177.00000 5994.86182  2.95%  38.7 19725s
 19176143 7347758 infeasible   71      6177.00000 5994.86195  2.95%  38.7 19730s
 19181220 7349760 6024.52331  118   65 6177.00000 5994.86288  2.95%  38.7 19735s
 19186087 7351531 6114.49368  112   41 6177.00000 5994.86351  2.95%  38.7 19740s
 19192304 7353499 6013.56506  104   36 6177.00000 5994.86470  2.95%  38.7 19745s
 19197479 7355549     cutoff   74      6177.00000 5994.86588  2.95%  38.7 19750s
 19203567 7357942 6130.34611   66   60 6177.00000 5994.86630  2.95%  38.7 19756s
 19208947 7359320     cutoff   93      6177.00000 5994.86648  2.95%  38.7 19760s
 19214646 7361058 5996.46062   61   60 6177.00000 5994.86745  2.95%  38.7 19765s
 19220699 7363316 6013.33498  114   35 6177.00000 5994.86843  2.95%  38.7 19771s
 19225877 7365291 6053.72367   70   94 6177.00000 5994.86935  2.95%  38.7 19775s
 19228524 7365755     cutoff   91      6177.00000 5994.86966  2.95%  38.7 19780s
 19228756 7365795 6095.46237  117   79 6177.00000 5994.86966  2.95%  38.7 19786s
 19231296 7367056 6088.33804   82  166 6177.00000 5994.87045  2.95%  38.7 19790s
 19236654 7369051 5995.83799   89   69 6177.00000 5994.87155  2.95%  38.7 19795s
 19241977 7370895 6008.60317  110   32 6177.00000 5994.87229  2.95%  38.7 19800s
 19248308 7373380     cutoff  102      6177.00000 5994.87341  2.95%  38.7 19805s
 19255326 7376129 infeasible  119      6177.00000 5994.87389  2.95%  38.7 19810s
 19260051 7377784 5996.41165   85   61 6177.00000 5994.87488  2.95%  38.7 19815s
 19266105 7379384     cutoff   41      6177.00000 5994.87542  2.95%  38.6 19820s
 19271319 7380831 6006.09044   99   44 6177.00000 5994.87615  2.95%  38.6 19825s
 19277320 7382187 6147.57266  121   53 6177.00000 5994.87627  2.95%  38.6 19830s
 19283024 7384515     cutoff   95      6177.00000 5994.87704  2.95%  38.6 19835s
 19289760 7386971 6086.94147   48   76 6177.00000 5994.87730  2.95%  38.6 19840s
 19294630 7389104 5995.08227   85  104 6177.00000 5994.87826  2.95%  38.6 19845s
 19300967 7391384 6002.16382   90   43 6177.00000 5994.87871  2.95%  38.6 19850s
 19306678 7393356 6096.31786   74   48 6177.00000 5994.87953  2.95%  38.6 19855s
 19313018 7395815 6026.40989   55   66 6177.00000 5994.88045  2.95%  38.6 19860s
 19319587 7398345 6012.16009   89   44 6177.00000 5994.88164  2.95%  38.6 19865s
 19324533 7399712 6105.40421  100   26 6177.00000 5994.88235  2.95%  38.6 19870s
 19330647 7402162 6097.31245   98   35 6177.00000 5994.88311  2.95%  38.6 19875s
 19335983 7403844     cutoff   94      6177.00000 5994.88387  2.95%  38.6 19880s
 19342348 7406347 infeasible   93      6177.00000 5994.88488  2.95%  38.6 19885s
 19347599 7407868 6100.63034  103   53 6177.00000 5994.88549  2.95%  38.6 19890s
 19352682 7409316 5998.31475   75   56 6177.00000 5994.88663  2.95%  38.6 19895s
 19359407 7411839     cutoff   66      6177.00000 5994.88745  2.95%  38.6 19900s
 19365930 7414369 6009.25856   74   63 6177.00000 5994.88807  2.95%  38.6 19905s
 19370468 7416200 6005.16422   51  107 6177.00000 5994.88889  2.95%  38.6 19910s
 19376079 7417989 6040.23626   53   51 6177.00000 5994.89021  2.95%  38.6 19915s
 19382542 7420683 6000.20217   87   29 6177.00000 5994.89101  2.95%  38.6 19921s
 19388502 7422340 infeasible   71      6177.00000 5994.89101  2.95%  38.6 19925s
 19394303 7423982     cutoff   89      6177.00000 5994.89223  2.95%  38.6 19930s
 19400155 7426387 6148.60808   90   67 6177.00000 5994.89327  2.95%  38.6 19935s
 19405694 7428409 6060.11193   78  120 6177.00000 5994.89401  2.95%  38.6 19940s
 19411118 7430425 6009.04259  102   52 6177.00000 5994.89486  2.95%  38.6 19945s
 19417025 7432201 infeasible  101      6177.00000 5994.89646  2.95%  38.6 19950s
 19421648 7434303     cutoff   95      6177.00000 5994.89733  2.95%  38.6 19955s
 19428751 7436499 6088.05618   91   37 6177.00000 5994.89832  2.95%  38.6 19960s
 19434526 7438458 6030.50867   95   51 6177.00000 5994.89952  2.95%  38.6 19965s
 19439843 7440694 6125.01291  107   35 6177.00000 5994.90015  2.95%  38.6 19970s
 19441131 7440803 6028.38596   48  101 6177.00000 5994.90015  2.95%  38.6 19975s
 19444164 7442076 infeasible  107      6177.00000 5994.90071  2.95%  38.6 19981s
 19449011 7443608 6032.82967   91   70 6177.00000 5994.90123  2.95%  38.6 19985s
 19454053 7445137 6010.68002   97   55 6177.00000 5994.90234  2.95%  38.6 19990s
 19459496 7447488 6036.36563   78   73 6177.00000 5994.90303  2.95%  38.6 19995s
 19462745 7448084 6086.77500   94   35 6177.00000 5994.90316  2.95%  38.6 20000s
 19466808 7449690 6096.93150  110   85 6177.00000 5994.90401  2.95%  38.6 20005s
 19472711 7451561 6050.28684   95   66 6177.00000 5994.90510  2.95%  38.6 20010s
 19477823 7453108 6022.51654   69   74 6177.00000 5994.90580  2.95%  38.6 20015s
 19484284 7455017     cutoff  103      6177.00000 5994.90671  2.95%  38.6 20020s
 19490474 7457116 6094.96631  113   61 6177.00000 5994.90739  2.95%  38.6 20025s
 19496343 7458885 6022.13239  110   60 6177.00000 5994.90828  2.95%  38.6 20030s
 19501410 7460703 6022.32564   81   84 6177.00000 5994.90909  2.95%  38.6 20035s
 19506855 7462770 6008.46053  106   38 6177.00000 5994.90978  2.95%  38.6 20040s
 19513689 7465014 5995.48556   69   68 6177.00000 5994.91064  2.95%  38.6 20045s
 19518571 7466715 6010.21218  104   60 6177.00000 5994.91088  2.95%  38.6 20050s
 19523928 7468375 6021.48625   89   40 6177.00000 5994.91257  2.95%  38.6 20055s
 19529263 7469858 6091.51316   90   46 6177.00000 5994.91357  2.95%  38.6 20060s
 19535645 7471668 infeasible  108      6177.00000 5994.91463  2.95%  38.6 20065s
 19541431 7473178 6094.20376   45   44 6177.00000 5994.91569  2.95%  38.6 20070s
 19545909 7474993 6006.71434   92   85 6177.00000 5994.91667  2.95%  38.6 20075s
 19552173 7476836 6080.16825   79   80 6177.00000 5994.91781  2.95%  38.6 20080s
 19557091 7478540 6012.09707   95   74 6177.00000 5994.91892  2.95%  38.6 20085s
 19562301 7480406 5994.98546   87  110 6177.00000 5994.91982  2.95%  38.6 20090s
 19567036 7482058 6014.82847   71  129 6177.00000 5994.92048  2.95%  38.6 20095s
 19571920 7483713 6102.68444   68   66 6177.00000 5994.92136  2.95%  38.6 20100s
 19578562 7485971     cutoff   73      6177.00000 5994.92266  2.95%  38.6 20106s
 19583506 7487835 6012.53235   89   33 6177.00000 5994.92374  2.95%  38.6 20110s
 19589512 7490153 6094.31910   43   25 6177.00000 5994.92477  2.95%  38.6 20115s
 19594818 7492200 6002.02198   57  114 6177.00000 5994.92609  2.95%  38.6 20120s
 19601541 7494633 6078.45929   96   68 6177.00000 5994.92716  2.95%  38.6 20125s
 19606206 7496230 6075.25767  109   77 6177.00000 5994.92821  2.95%  38.6 20130s
 19611146 7497976 infeasible   49      6177.00000 5994.92898  2.95%  38.6 20135s
 19618014 7500714 6030.45455   88   32 6177.00000 5994.93022  2.95%  38.6 20140s
 19625456 7503394 infeasible   35      6177.00000 5994.93147  2.95%  38.6 20146s
 19629627 7505177 6010.25459   72   71 6177.00000 5994.93196  2.95%  38.6 20150s
 19636286 7507534 6119.59994   36   65 6177.00000 5994.93317  2.95%  38.6 20155s
 19641339 7509386 6076.65517   52  150 6177.00000 5994.93397  2.95%  38.6 20160s
 19646988 7511656 6096.05714   72   53 6177.00000 5994.93489  2.95%  38.6 20165s
 19653376 7514117 6002.50909   93   32 6177.00000 5994.93507  2.95%  38.6 20170s
 19657933 7515896     cutoff   83      6177.00000 5994.93602  2.95%  38.6 20175s
 19659500 7515904 5994.94504   74   81 6177.00000 5994.93615  2.95%  38.6 20180s
 19662538 7517357 infeasible   97      6177.00000 5994.93681  2.95%  38.6 20186s
 19667866 7518979 6125.74737  136   21 6177.00000 5994.93822  2.95%  38.6 20190s
 19673865 7521110 6102.26634   92   58 6177.00000 5994.93902  2.95%  38.6 20196s
 19679027 7523048 5998.56270  100   29 6177.00000 5994.94011  2.95%  38.6 20200s
 19685262 7525026     cutoff   78      6177.00000 5994.94120  2.95%  38.6 20206s
 19690608 7526815 6120.54513   83   69 6177.00000 5994.94210  2.95%  38.6 20210s
 19694472 7527670     cutoff   45      6177.00000 5994.94270  2.95%  38.6 20215s
 19695491 7528306 6015.62325   66   71 6177.00000 5994.94286  2.95%  38.6 20220s
 19700193 7529940 infeasible   76      6177.00000 5994.94341  2.95%  38.6 20225s
 19705397 7531577 6102.45030   53   29 6177.00000 5994.94424  2.95%  38.6 20230s
 19712237 7534536 6025.37543  109   40 6177.00000 5994.94486  2.95%  38.6 20235s
 19717279 7536211 6098.19286  121   70 6177.00000 5994.94578  2.95%  38.6 20240s
 19724130 7538734 5994.95039  113   40 6177.00000 5994.94679  2.95%  38.6 20245s
 19729331 7540228 6010.51958  119   38 6177.00000 5994.94764  2.95%  38.5 20250s
 19735237 7542399 5995.59712   54   51 6177.00000 5994.94864  2.95%  38.5 20255s
 19741755 7544560 6031.43802   36   62 6177.00000 5994.94934  2.95%  38.5 20260s
 19747350 7546148     cutoff  114      6177.00000 5994.95074  2.95%  38.5 20265s
 19751828 7547608 6003.13462   55   29 6177.00000 5994.95145  2.95%  38.5 20270s
 19758397 7550605 6078.72464   81   57 6177.00000 5994.95248  2.95%  38.5 20275s
 19762587 7552236 6102.25098   88   24 6177.00000 5994.95289  2.95%  38.5 20280s
 19768022 7554248     cutoff  101      6177.00000 5994.95299  2.95%  38.5 20285s
 19773238 7555790 6102.33250   89   36 6177.00000 5994.95367  2.95%  38.5 20290s
 19779516 7558444     cutoff   57      6177.00000 5994.95462  2.95%  38.5 20295s
 19784681 7560836 6011.05062   58   27 6177.00000 5994.95462  2.95%  38.5 20300s
 19790015 7563256 6021.60412   84   71 6177.00000 5994.95465  2.95%  38.5 20305s
 19796222 7565957 6082.10863   70   28 6177.00000 5994.95539  2.95%  38.5 20310s
 19801692 7567801     cutoff   85      6177.00000 5994.95661  2.95%  38.5 20315s
 19808162 7570209     cutoff  119      6177.00000 5994.95725  2.95%  38.5 20320s
 19812819 7571666 6097.61050  111   43 6177.00000 5994.95820  2.95%  38.5 20325s
 19818804 7573584 6094.16334  110   86 6177.00000 5994.95913  2.95%  38.5 20330s
 19825068 7575520     cutoff   83      6177.00000 5994.96014  2.95%  38.5 20336s
 19830412 7577089 6009.79858   76   42 6177.00000 5994.96132  2.95%  38.5 20341s
 19835107 7578670 infeasible  101      6177.00000 5994.96265  2.95%  38.5 20345s
 19840475 7580222 6120.49394   49   27 6177.00000 5994.96362  2.95%  38.5 20350s
 19847191 7582796 5994.97794   87   53 6177.00000 5994.96479  2.95%  38.5 20355s
 19853136 7584647     cutoff   61      6177.00000 5994.96592  2.95%  38.5 20360s
 19857681 7586502 5996.46600   76   99 6177.00000 5994.96675  2.95%  38.5 20365s
 19864332 7588815 6105.00000   36   28 6177.00000 5994.96787  2.95%  38.5 20370s
 19869650 7590693 6108.73032   74   52 6177.00000 5994.96890  2.95%  38.5 20375s
 19874715 7591881 6071.59812   89  112 6177.00000 5994.96961  2.95%  38.5 20380s
 19874760 7591906 6075.21018   92  123 6177.00000 5994.96961  2.95%  38.5 20385s
 19877553 7593460 6042.65274  134   71 6177.00000 5994.96996  2.95%  38.5 20390s
 19882869 7595439 6099.16940   69   68 6177.00000 5994.97051  2.95%  38.5 20395s
 19887782 7597162 6052.84901  113   66 6177.00000 5994.97124  2.95%  38.5 20400s
 19894701 7599674     cutoff   66      6177.00000 5994.97222  2.95%  38.5 20405s
 19901201 7601801     cutoff  115      6177.00000 5994.97310  2.95%  38.5 20410s
 19906965 7603849 6006.76159  102   30 6177.00000 5994.97390  2.95%  38.5 20415s
 19912953 7606179 6026.50750  100   61 6177.00000 5994.97484  2.95%  38.5 20420s
 19918317 7608229 6039.16307   61   27 6177.00000 5994.97569  2.95%  38.5 20425s
 19922930 7609618 6118.22628   76   54 6177.00000 5994.97649  2.95%  38.5 20430s
 19929239 7611105 infeasible   91      6177.00000 5994.97721  2.95%  38.5 20435s
 19929555 7611237 6007.12852  105   35 6177.00000 5994.97721  2.95%  38.5 20440s
 19929599 7611253 6009.99648  108   36 6177.00000 5994.97721  2.95%  38.5 20445s
 19929668 7611283 infeasible  112      6177.00000 5994.97721  2.95%  38.5 20451s
 19929786 7611359 infeasible  112      6177.00000 5994.97721  2.95%  38.5 20455s
 19931188 7612031 5994.97721  100  102 6177.00000 5994.97721  2.95%  38.5 20461s
 19935023 7613520 6122.29869   67   53 6177.00000 5994.97800  2.95%  38.5 20465s
 19940178 7614885     cutoff  108      6177.00000 5994.97911  2.95%  38.5 20470s
 19945086 7616638     cutoff   76      6177.00000 5994.97978  2.95%  38.5 20475s
 19950641 7618776 6025.73356   94   44 6177.00000 5994.98078  2.95%  38.5 20480s
 19956840 7621074 6047.85208   59  117 6177.00000 5994.98137  2.95%  38.5 20485s
 19961917 7623531 6003.04157   88   35 6177.00000 5994.98232  2.95%  38.5 20490s
 19969793 7626655 6017.61471  112   25 6177.00000 5994.98248  2.95%  38.5 20495s
 19977088 7629016 6101.12939  114   24 6177.00000 5994.98248  2.95%  38.5 20500s
 19982767 7631164     cutoff  108      6177.00000 5994.98316  2.95%  38.5 20505s
 19988282 7632845 6009.43293   83   40 6177.00000 5994.98361  2.95%  38.5 20510s
 19994583 7635002 6120.94203   81   40 6177.00000 5994.98434  2.95%  38.5 20515s
 19999649 7636422     cutoff   91      6177.00000 5994.98476  2.95%  38.5 20520s
 20006281 7638497 infeasible   83      6177.00000 5994.98588  2.95%  38.5 20525s
 20012186 7640480 6026.90649   83   71 6177.00000 5994.98693  2.95%  38.5 20530s
 20016595 7642390 6093.99104   80    9 6177.00000 5994.98772  2.95%  38.5 20535s
 20022247 7643677 6000.42185  117  115 6177.00000 5994.98883  2.95%  38.5 20540s
 20027591 7645229     cutoff   87      6177.00000 5994.98932  2.95%  38.5 20545s
 20032741 7647104 6092.71652   82   58 6177.00000 5994.99082  2.95%  38.5 20550s
 20038186 7649124 6089.69817  113   28 6177.00000 5994.99157  2.95%  38.5 20555s
 20044219 7651397 6152.84444   82   51 6177.00000 5994.99278  2.95%  38.5 20561s
 20049479 7653187     cutoff   98      6177.00000 5994.99356  2.95%  38.5 20565s
 20056072 7655622     cutoff   98      6177.00000 5994.99428  2.95%  38.5 20570s
 20061595 7657469 6095.88840  121   26 6177.00000 5994.99557  2.95%  38.5 20576s
 20067148 7659808 6109.00000   36   31 6177.00000 5994.99637  2.95%  38.5 20580s
 20073085 7662137 6050.87558   74   71 6177.00000 5994.99704  2.95%  38.5 20585s
 20076672 7663369 6025.35494   73   56 6177.00000 5994.99778  2.95%  38.5 20590s
 20083508 7665877 6013.52974  111   45 6177.00000 5994.99855  2.95%  38.5 20595s
 20088659 7667631 6077.77336  115   56 6177.00000 5994.99907  2.95%  38.5 20600s
 20096086 7669719 6151.94859   94   37 6177.00000 5994.99916  2.95%  38.5 20605s
 20101728 7671153 6083.39849   73   66 6177.00000 5994.99987  2.95%  38.5 20610s
 20103994 7672023 6020.82626   45  157 6177.00000 5995.00000  2.95%  38.5 20615s
 20106920 7673126 6015.41505   47   52 6177.00000 5995.00000  2.95%  38.5 20621s
 20110017 7674477 6109.96536   44  252 6177.00000 5995.00000  2.95%  38.5 20626s
 20113057 7675656 6119.84184   53   76 6177.00000 5995.00000  2.95%  38.5 20630s
 20118920 7677569 6001.74097  106   85 6177.00000 5995.00088  2.95%  38.5 20635s
 20124117 7679731 6040.90815   78   70 6177.00000 5995.00169  2.95%  38.5 20640s
 20130862 7682120 6029.71000  110   29 6177.00000 5995.00229  2.95%  38.5 20646s
 20136370 7684038 6061.99471   79   96 6177.00000 5995.00311  2.95%  38.5 20650s
 20142128 7686350     cutoff   87      6177.00000 5995.00338  2.95%  38.5 20655s
 20144216 7686576 6025.10568  122   30 6177.00000 5995.00357  2.95%  38.5 20660s
 20147321 7687921 6034.98592  103   57 6177.00000 5995.00391  2.95%  38.5 20665s
 20153768 7689827 6096.73647   71   68 6177.00000 5995.00496  2.95%  38.5 20670s
 20158899 7691654 6054.78670   49   99 6177.00000 5995.00565  2.95%  38.5 20675s
 20165518 7694087 6103.35522   94   77 6177.00000 5995.00670  2.95%  38.5 20680s
 20170734 7696279     cutoff  114      6177.00000 5995.00739  2.95%  38.5 20685s
 20176363 7698165 6108.78909   92   33 6177.00000 5995.00848  2.95%  38.5 20690s
 20182333 7700260 6097.80819   59   40 6177.00000 5995.00945  2.95%  38.5 20695s
 20187254 7701739 6003.02460   71   52 6177.00000 5995.01041  2.95%  38.5 20700s
 20193396 7704039 5996.59319   53   81 6177.00000 5995.01090  2.95%  38.5 20705s
 20198550 7705982 5999.33466   86   60 6177.00000 5995.01223  2.95%  38.5 20710s
 20203799 7708060     cutoff   79      6177.00000 5995.01359  2.95%  38.5 20715s
 20208631 7709614     cutoff   73      6177.00000 5995.01437  2.95%  38.5 20721s
 20213623 7710883 infeasible   99      6177.00000 5995.01506  2.95%  38.5 20725s
 20218883 7712885 6008.24781  113   51 6177.00000 5995.01603  2.95%  38.5 20730s
 20224380 7714525 6007.91484   69  121 6177.00000 5995.01675  2.95%  38.5 20735s
 20230653 7717138     cutoff   94      6177.00000 5995.01799  2.95%  38.5 20740s
 20235975 7718604 6106.66662  108   30 6177.00000 5995.01863  2.95%  38.5 20745s
 20242078 7720553 6016.60279   42  125 6177.00000 5995.01971  2.95%  38.5 20750s
 20247480 7722413 6093.98157   80   78 6177.00000 5995.02047  2.95%  38.5 20755s
 20251465 7723202 6015.73530  102   57 6177.00000 5995.02122  2.95%  38.5 20760s
 20255110 7724818 6131.08716   94   81 6177.00000 5995.02164  2.95%  38.5 20765s
 20260609 7726857     cutoff  109      6177.00000 5995.02218  2.95%  38.5 20770s
 20266251 7729045 6005.94685   83   79 6177.00000 5995.02315  2.95%  38.5 20775s
 20272332 7730843     cutoff   89      6177.00000 5995.02399  2.95%  38.5 20780s
 20278690 7732706 6016.61881   89   76 6177.00000 5995.02478  2.95%  38.5 20786s
 20283649 7734459     cutoff   44      6177.00000 5995.02538  2.95%  38.5 20790s
 20288516 7736134 6038.88625  114   80 6177.00000 5995.02653  2.95%  38.5 20795s
 20295319 7738726     cutoff   79      6177.00000 5995.02806  2.95%  38.5 20800s
 20300165 7740658 6007.82082  104   54 6177.00000 5995.02877  2.95%  38.5 20805s
 20306664 7742988 6115.26059   41  173 6177.00000 5995.02974  2.95%  38.5 20810s
 20311682 7744678 5995.81507  101  104 6177.00000 5995.03069  2.95%  38.5 20815s
 20317560 7746758 6050.30901  108  107 6177.00000 5995.03191  2.95%  38.5 20820s
 20323065 7748228 6095.25915  104   58 6177.00000 5995.03209  2.95%  38.5 20825s
 20323129 7748285     cutoff  108      6177.00000 5995.03209  2.95%  38.5 20830s
 20326668 7749783     cutoff   98      6177.00000 5995.03333  2.95%  38.5 20835s
 20331925 7751399 6060.46667   38   65 6177.00000 5995.03438  2.95%  38.5 20840s
 20336607 7752931 6036.82673  114   77 6177.00000 5995.03535  2.95%  38.5 20845s
 20343266 7754771 6143.27670   74   98 6177.00000 5995.03618  2.95%  38.5 20850s
 20349359 7756635 6089.18833   85   46 6177.00000 5995.03713  2.95%  38.4 20855s
 20353525 7758304 6084.94118   66   15 6177.00000 5995.03768  2.95%  38.4 20860s
 20358338 7760236 6013.27622   87   69 6177.00000 5995.03843  2.95%  38.4 20865s
 20362398 7761238 infeasible   48      6177.00000 5995.03921  2.95%  38.4 20870s
 20366148 7763282 6051.93232   63   93 6177.00000 5995.03993  2.95%  38.4 20876s
 20370865 7765028 6035.74090  133  103 6177.00000 5995.04018  2.95%  38.4 20880s
 20378390 7767617 6008.70431  113   50 6177.00000 5995.04078  2.95%  38.4 20886s
 20383022 7769163 6050.61172   80   83 6177.00000 5995.04117  2.95%  38.4 20890s
 20389507 7771316 6032.68488  104   33 6177.00000 5995.04197  2.95%  38.4 20895s
 20394491 7773214 6112.40844   84   40 6177.00000 5995.04308  2.95%  38.4 20900s
 20401420 7775651     cutoff   58      6177.00000 5995.04430  2.95%  38.4 20905s
 20406734 7778273     cutoff  115      6177.00000 5995.04506  2.95%  38.4 20910s
 20413762 7780740 6118.44517   66   60 6177.00000 5995.04580  2.95%  38.4 20915s
 20418450 7782242 5998.40305   74   54 6177.00000 5995.04677  2.95%  38.4 20920s
 20423316 7783974 6032.01396   92   53 6177.00000 5995.04737  2.95%  38.4 20925s
 20428954 7785837 6034.09439   43   77 6177.00000 5995.04858  2.95%  38.4 20930s
 20435396 7788128 6093.91414   88   49 6177.00000 5995.04940  2.95%  38.4 20935s
 20441756 7791158 6012.02620   99   33 6177.00000 5995.04967  2.95%  38.4 20940s
 20448713 7793665 6060.99451   51  156 6177.00000 5995.05014  2.95%  38.4 20945s
 20453561 7795392 6027.51111   71   24 6177.00000 5995.05111  2.95%  38.4 20950s
 20459981 7797703 6023.25661   97   40 6177.00000 5995.05218  2.95%  38.4 20955s
 20464612 7799377 6140.34639   40  120 6177.00000 5995.05308  2.95%  38.4 20960s
 20471037 7801645 6107.08867   78   68 6177.00000 5995.05426  2.95%  38.4 20965s
 20475939 7803941 6027.58096   98   31 6177.00000 5995.05467  2.95%  38.4 20970s
 20482620 7806248 6002.56533  122   87 6177.00000 5995.05587  2.95%  38.4 20975s
 20489073 7808634 infeasible  109      6177.00000 5995.05696  2.95%  38.4 20980s
 20493191 7810050     cutoff   78      6177.00000 5995.05758  2.95%  38.4 20985s
 20499405 7812365 6097.44316  105   29 6177.00000 5995.05864  2.95%  38.4 20991s
 20504698 7814065 6028.01421   80   50 6177.00000 5995.05964  2.95%  38.4 20995s
 20509879 7816045 6112.18252   36   72 6177.00000 5995.06068  2.95%  38.4 21000s
 20515994 7818402 6010.83010   48   96 6177.00000 5995.06207  2.95%  38.4 21005s
 20521892 7820829 6086.76030   96   70 6177.00000 5995.06237  2.95%  38.4 21010s
 20528093 7822915 6057.98137   98  131 6177.00000 5995.06352  2.95%  38.4 21015s
 20533773 7824822     cutoff   81      6177.00000 5995.06472  2.95%  38.4 21020s
 20538956 7826931 6049.41396   76   83 6177.00000 5995.06548  2.95%  38.4 21025s
 20543787 7828386 infeasible   78      6177.00000 5995.06644  2.95%  38.4 21030s
 20549512 7830562 6028.68503   80   50 6177.00000 5995.06724  2.95%  38.4 21035s
 20554658 7832234 6103.46680   77   61 6177.00000 5995.06849  2.95%  38.4 21040s
 20559956 7833901 6081.30764   65   83 6177.00000 5995.06976  2.95%  38.4 21045s
 20564236 7835413 6099.67670   95   28 6177.00000 5995.07014  2.95%  38.4 21050s
 20569539 7837337 6065.03448   43   29 6177.00000 5995.07131  2.95%  38.4 21055s
 20575099 7839855 6040.47940   87   40 6177.00000 5995.07189  2.95%  38.4 21060s
 20581598 7841825 6084.86583   79   35 6177.00000 5995.07283  2.95%  38.4 21065s
 20587781 7844071 6005.38032   75   43 6177.00000 5995.07369  2.95%  38.4 21070s
 20593835 7846711 6050.99942  106   69 6177.00000 5995.07437  2.95%  38.4 21076s
 20599110 7848320 6098.15788   90   45 6177.00000 5995.07461  2.95%  38.4 21081s
 20599436 7848538 infeasible   92      6177.00000 5995.07461  2.95%  38.4 21085s
 20600686 7848996 6001.05923  103   30 6177.00000 5995.07474  2.95%  38.4 21090s
 20601601 7849220 6012.02620  105   37 6177.00000 5995.07479  2.95%  38.4 21096s
 20602762 7849631 6019.03977  107   38 6177.00000 5995.07482  2.95%  38.4 21100s
 20604172 7850106 6023.90855  109   39 6177.00000 5995.07510  2.95%  38.4 21105s
 20607715 7851698 6043.97846   72   47 6177.00000 5995.07604  2.95%  38.4 21112s
 20611340 7852669 6005.65687   99   24 6177.00000 5995.07683  2.95%  38.4 21115s
 20616760 7854085 6104.75000   96   55 6177.00000 5995.07803  2.95%  38.4 21120s
 20621768 7855915 infeasible   78      6177.00000 5995.07890  2.95%  38.4 21125s
 20626941 7857586 6034.10913  118   49 6177.00000 5995.07958  2.95%  38.4 21130s
 20631951 7859121 infeasible   83      6177.00000 5995.08030  2.95%  38.4 21135s
 20636733 7860560 6104.96391   92   55 6177.00000 5995.08153  2.95%  38.4 21140s
 20642341 7862180 6101.49486  103   71 6177.00000 5995.08249  2.95%  38.4 21145s
 20646539 7863913     cutoff   76      6177.00000 5995.08361  2.95%  38.4 21150s
 20651835 7865936 infeasible   95      6177.00000 5995.08441  2.95%  38.4 21155s
 20657099 7867780 6026.53038  130   50 6177.00000 5995.08561  2.95%  38.4 21160s
 20663898 7869520 6107.61041   88   45 6177.00000 5995.08614  2.95%  38.4 21165s
 20668646 7871298 6019.75051   56   89 6177.00000 5995.08702  2.95%  38.4 21170s
 20674032 7872790 6135.15055   74   70 6177.00000 5995.08821  2.94%  38.4 21175s
 20676917 7874313     cutoff  112      6177.00000 5995.08856  2.94%  38.4 21180s
 20682481 7876448 6034.73924   98   48 6177.00000 5995.08940  2.94%  38.4 21185s
 20689075 7878977 6101.76079   85   22 6177.00000 5995.09033  2.94%  38.4 21191s
 20694345 7881039 6001.86688   86   74 6177.00000 5995.09081  2.94%  38.4 21195s
 20700855 7883595 6106.42400   61   47 6177.00000 5995.09148  2.94%  38.4 21200s
 20707335 7885953     cutoff   69      6177.00000 5995.09223  2.94%  38.4 21205s
 20712741 7887840 6123.07625   98   71 6177.00000 5995.09322  2.94%  38.4 21210s
 20718562 7889878 6105.40000   95   61 6177.00000 5995.09414  2.94%  38.4 21216s
 20724026 7891853 6107.82718  105   17 6177.00000 5995.09492  2.94%  38.4 21220s
 20730332 7894107 5998.63953   59   93 6177.00000 5995.09587  2.94%  38.4 21225s
 20735962 7895825 6096.65656  109   38 6177.00000 5995.09661  2.94%  38.4 21231s
 20741625 7897915 6073.73584  112  112 6177.00000 5995.09759  2.94%  38.4 21235s
 20746735 7899694 6115.43713  111   45 6177.00000 5995.09797  2.94%  38.4 21240s
 20751384 7901350 6058.48195   86   88 6177.00000 5995.09873  2.94%  38.4 21245s
 20757492 7902996 6142.15000  108   54 6177.00000 5995.09955  2.94%  38.4 21251s
 20757697 7906096 infeasible  110      6177.00000 5995.09956  2.94%  38.4 21257s
 20766901 7907426 6114.03827   76   40 6177.00000 5995.10053  2.94%  38.4 21260s
 20773026 7909515     cutoff   47      6177.00000 5995.10107  2.94%  38.4 21265s
 20777916 7911235 6007.87048   56   51 6177.00000 5995.10205  2.94%  38.4 21270s
 20784357 7913309 6082.18905   61   45 6177.00000 5995.10310  2.94%  38.4 21276s
 20789214 7914866 6013.02655   59   52 6177.00000 5995.10402  2.94%  38.4 21280s
 20794384 7916577 infeasible  103      6177.00000 5995.10462  2.94%  38.4 21285s
 20800437 7918694 6009.43657   45   77 6177.00000 5995.10550  2.94%  38.4 21290s
 20804498 7919865 6020.71164  112   33 6177.00000 5995.10610  2.94%  38.4 21295s
 20809403 7921993     cutoff   80      6177.00000 5995.10689  2.94%  38.4 21300s
 20814989 7923646 6106.96316  118   24 6177.00000 5995.10783  2.94%  38.4 21305s
 20820283 7925137 6006.08571  112   17 6177.00000 5995.10824  2.94%  38.4 21310s
 20824950 7926421 6123.42105  101   33 6177.00000 5995.10953  2.94%  38.4 21315s
 20830959 7928413 6028.62013   79   44 6177.00000 5995.11086  2.94%  38.4 21321s
 20836040 7930194 6098.19860   95   48 6177.00000 5995.11172  2.94%  38.4 21325s
 20841442 7931751 6084.64885   88   38 6177.00000 5995.11289  2.94%  38.4 21330s
 20846854 7934211 6041.76538   82   32 6177.00000 5995.11406  2.94%  38.4 21335s
 20853194 7936129 6029.36854   62   65 6177.00000 5995.11470  2.94%  38.4 21340s
 20858741 7938607 6043.14648   85  109 6177.00000 5995.11493  2.94%  38.4 21345s
 20863949 7940284 infeasible  114      6177.00000 5995.11541  2.94%  38.4 21350s
 20870877 7942635 5995.44128   84   54 6177.00000 5995.11613  2.94%  38.4 21356s
 20873108 7943336 6106.30229   98   35 6177.00000 5995.11655  2.94%  38.4 21360s
 20877445 7944882 6123.93618   91   52 6177.00000 5995.11744  2.94%  38.4 21365s
 20883655 7947244     cutoff   84      6177.00000 5995.11818  2.94%  38.4 21370s
 20888112 7948781     cutoff   64      6177.00000 5995.11878  2.94%  38.4 21375s
 20893411 7951118 5995.27029   94   85 6177.00000 5995.11952  2.94%  38.4 21380s
 20900187 7953711 6001.98926   48   54 6177.00000 5995.12031  2.94%  38.4 21385s
 20905515 7955316 6102.32450   80   43 6177.00000 5995.12118  2.94%  38.4 21390s
 20911837 7957530 6041.77191  107  130 6177.00000 5995.12225  2.94%  38.4 21395s
 20916987 7959437 6010.96787   77   34 6177.00000 5995.12312  2.94%  38.4 21400s
 20922185 7961581 6103.97759  104   20 6177.00000 5995.12390  2.94%  38.4 21405s
 20928249 7963500 6118.11603   71   39 6177.00000 5995.12473  2.94%  38.4 21410s
 20933393 7965771 6024.95207   85   46 6177.00000 5995.12542  2.94%  38.3 21415s
 20938561 7967644 6100.53041   79   65 6177.00000 5995.12601  2.94%  38.3 21420s
 20945317 7970123 6107.36970   64   50 6177.00000 5995.12712  2.94%  38.3 21425s
 20951771 7972040 6112.21477   99   37 6177.00000 5995.12807  2.94%  38.3 21430s
 20956505 7973887 6078.06919  102   56 6177.00000 5995.12900  2.94%  38.3 21435s
 20960486 7975314 5997.87345   49   57 6177.00000 5995.12970  2.94%  38.3 21441s
 20964841 7976667     cutoff   75      6177.00000 5995.12987  2.94%  38.3 21445s
 20970750 7978664 6107.04479   82   57 6177.00000 5995.13064  2.94%  38.3 21450s
 20976450 7980961 6010.22086   92   46 6177.00000 5995.13168  2.94%  38.3 21455s
 20982400 7983070 6099.20000  100   14 6177.00000 5995.13262  2.94%  38.3 21460s
 20988051 7985363 6051.40227   76   93 6177.00000 5995.13379  2.94%  38.3 21466s
 20993175 7987625 6018.10952   70   59 6177.00000 5995.13450  2.94%  38.3 21470s
 20998057 7989307 6103.24706  100   41 6177.00000 5995.13566  2.94%  38.3 21475s
 21003521 7991603 6011.07851  102   44 6177.00000 5995.13657  2.94%  38.3 21480s
 21009873 7993827 6114.56879  128   29 6177.00000 5995.13739  2.94%  38.3 21485s
 21015071 7995612 6043.07191   61   61 6177.00000 5995.13839  2.94%  38.3 21490s
 21021338 7998316     cutoff   56      6177.00000 5995.13907  2.94%  38.3 21495s
 21025299 7999359 6034.08113   57   58 6177.00000 5995.13971  2.94%  38.3 21500s
 21029439 8001393 6013.68113  110   90 6177.00000 5995.14048  2.94%  38.3 21505s
 21036145 8003705 5995.65771   44   65 6177.00000 5995.14104  2.94%  38.3 21510s
 21042135 8005574 6021.94298   99  132 6177.00000 5995.14208  2.94%  38.3 21516s
 21046831 8007164 6058.62839   58  160 6177.00000 5995.14286  2.94%  38.3 21520s
 21051678 8008826 6023.13088  122   33 6177.00000 5995.14370  2.94%  38.3 21525s
 21058934 8011225 6121.71271   57   18 6177.00000 5995.14402  2.94%  38.3 21530s
 21064485 8013080 6123.55000   96   55 6177.00000 5995.14524  2.94%  38.3 21535s
 21069865 8015242 5998.01181   58   67 6177.00000 5995.14616  2.94%  38.3 21540s
 21075974 8017945 6041.93112   91   72 6177.00000 5995.14689  2.94%  38.3 21546s
 21080980 8019536 6029.55733   78  105 6177.00000 5995.14778  2.94%  38.3 21550s
 21086191 8021036 5996.51018   47   88 6177.00000 5995.14892  2.94%  38.3 21555s
 21092214 8023053 6019.55634   96   84 6177.00000 5995.15000  2.94%  38.3 21560s
 21097150 8024692     cutoff   70      6177.00000 5995.15078  2.94%  38.3 21565s
 21102972 8026260 6006.02321   91   54 6177.00000 5995.15116  2.94%  38.3 21570s
 21107965 8028420 infeasible   52      6177.00000 5995.15175  2.94%  38.3 21575s
 21114013 8030446 6124.44007  120   52 6177.00000 5995.15289  2.94%  38.3 21580s
 21120365 8032311 6007.65525   87   53 6177.00000 5995.15381  2.94%  38.3 21586s
 21120520 8034398 6008.37079   88   50 6177.00000 5995.15385  2.94%  38.3 21595s
 21131169 8035737 6090.93962   96   56 6177.00000 5995.15462  2.94%  38.3 21600s
 21136287 8037435 6103.82827   79   32 6177.00000 5995.15552  2.94%  38.3 21605s
 21141757 8039265 6113.04609   80   36 6177.00000 5995.15710  2.94%  38.3 21610s
 21146773 8041007 6096.83524   57   72 6177.00000 5995.15797  2.94%  38.3 21615s
 21151728 8042549 6088.03413   99   34 6177.00000 5995.15880  2.94%  38.3 21620s
 21158267 8044559 6145.79500   54   25 6177.00000 5995.16000  2.94%  38.3 21625s
 21163320 8046742 6012.58079   69   60 6177.00000 5995.16085  2.94%  38.3 21630s
 21168386 8048422 6000.74709   88  101 6177.00000 5995.16171  2.94%  38.3 21635s
 21173484 8050478 6017.64182   87   85 6177.00000 5995.16187  2.94%  38.3 21640s
 21179930 8052699 6015.28513   68   54 6177.00000 5995.16321  2.94%  38.3 21645s
 21185615 8055047 6111.34706   97   65 6177.00000 5995.16379  2.94%  38.3 21650s
 21191657 8057151     cutoff  104      6177.00000 5995.16424  2.94%  38.3 21655s
 21197009 8059085 6088.05002   69   70 6177.00000 5995.16487  2.94%  38.3 21660s
 21203075 8061158 6026.14483   50   88 6177.00000 5995.16601  2.94%  38.3 21665s
 21209703 8063350 6026.51443  102   58 6177.00000 5995.16706  2.94%  38.3 21670s
 21215094 8064998 6013.02870   97  122 6177.00000 5995.16783  2.94%  38.3 21675s
 21220421 8066880 infeasible   89      6177.00000 5995.16838  2.94%  38.3 21680s
 21227063 8069576 6038.78031   73  103 6177.00000 5995.16897  2.94%  38.3 21685s
 21232645 8071377 6013.74397   68  109 6177.00000 5995.16959  2.94%  38.3 21690s
 21237767 8073103 5998.70670   97  106 6177.00000 5995.17016  2.94%  38.3 21695s
 21243725 8075272 5996.52792   56  113 6177.00000 5995.17099  2.94%  38.3 21700s
 21248309 8076814 6001.20755   83   93 6177.00000 5995.17149  2.94%  38.3 21705s
 21254740 8078996 5996.30293   78   39 6177.00000 5995.17264  2.94%  38.3 21710s
 21261257 8081567 6023.89648  109   38 6177.00000 5995.17320  2.94%  38.3 21715s
 21266400 8083627 6007.71775  102   61 6177.00000 5995.17387  2.94%  38.3 21720s
 21273260 8085785 6079.81148  101   39 6177.00000 5995.17463  2.94%  38.3 21725s
 21275013 8086357 6013.88387   95  103 6177.00000 5995.17496  2.94%  38.3 21730s
 21278974 8088364     cutoff  110      6177.00000 5995.17574  2.94%  38.3 21735s
 21284903 8090286 6056.90421  121   65 6177.00000 5995.17677  2.94%  38.3 21740s
 21290275 8091960 6017.52578   69   45 6177.00000 5995.17751  2.94%  38.3 21745s
 21295209 8093507 6101.93137   49   97 6177.00000 5995.17783  2.94%  38.3 21750s
 21301291 8095559 6002.62327   91   44 6177.00000 5995.17860  2.94%  38.3 21755s
 21307649 8098048 6090.59404   76   46 6177.00000 5995.17946  2.94%  38.3 21761s
 21312850 8099468 6116.97912  122   97 6177.00000 5995.18066  2.94%  38.3 21765s
 21318904 8101631 infeasible   56      6177.00000 5995.18186  2.94%  38.3 21770s
 21324239 8103541 6122.54570  102   29 6177.00000 5995.18235  2.94%  38.3 21775s
 21329812 8105776 6106.73388   94   24 6177.00000 5995.18302  2.94%  38.3 21780s
 21335881 8107475 6101.60053   97   54 6177.00000 5995.18429  2.94%  38.3 21785s
 21340583 8109186 6091.26991   76   73 6177.00000 5995.18525  2.94%  38.3 21790s
 21347302 8111894 6028.39407   84   96 6177.00000 5995.18625  2.94%  38.3 21795s
 21353478 8114174 5996.28042   76   60 6177.00000 5995.18720  2.94%  38.3 21800s
 21358216 8115733 6004.80975   90   57 6177.00000 5995.18837  2.94%  38.3 21805s
 21363327 8117671 5995.70909  109  100 6177.00000 5995.18901  2.94%  38.3 21810s
 21369497 8119543 6004.27332   74   37 6177.00000 5995.18990  2.94%  38.3 21815s
 21375105 8121281 6100.60672   91   37 6177.00000 5995.19007  2.94%  38.3 21820s
 21381359 8123499 infeasible   84      6177.00000 5995.19144  2.94%  38.3 21825s
 21386462 8124901 6022.76812   92   84 6177.00000 5995.19243  2.94%  38.3 21830s
 21392665 8127016 6110.69118  103   29 6177.00000 5995.19353  2.94%  38.3 21835s
 21397998 8128709 6102.86658   96   23 6177.00000 5995.19448  2.94%  38.3 21840s
 21403116 8130631 6077.91004   90   67 6177.00000 5995.19535  2.94%  38.3 21845s
 21410150 8133635 6004.33820   99   55 6177.00000 5995.19617  2.94%  38.3 21850s
 21414744 8135252 6021.80507  100   84 6177.00000 5995.19724  2.94%  38.3 21855s
 21418876 8136506 6025.86290   76   50 6177.00000 5995.19796  2.94%  38.3 21860s
 21424168 8138096 6044.80257  104   99 6177.00000 5995.19890  2.94%  38.3 21865s
 21430427 8140367 6014.34363   97   41 6177.00000 5995.19962  2.94%  38.3 21870s
 21435664 8142371 6006.43972   46  101 6177.00000 5995.20035  2.94%  38.3 21875s
 21441942 8144369 6003.86756   83   34 6177.00000 5995.20160  2.94%  38.3 21880s
 21446742 8146241     cutoff  111      6177.00000 5995.20238  2.94%  38.3 21885s
 21451594 8148065 6012.47717  112   39 6177.00000 5995.20314  2.94%  38.3 21890s
 21458049 8150470 6078.03267  115   45 6177.00000 5995.20419  2.94%  38.3 21895s
 21459374 8150484     cutoff   87      6177.00000 5995.20426  2.94%  38.3 21901s
 21459422 8150505 6014.62030   98   70 6177.00000 5995.20426  2.94%  38.3 21905s
 21459453 8150513     cutoff  100      6177.00000 5995.20426  2.94%  38.3 21912s
 21459489 8150523 6135.20338  102   68 6177.00000 5995.20426  2.94%  38.3 21916s
 21459521 8150536 6137.52328  104   42 6177.00000 5995.20426  2.94%  38.3 21920s
 21459785 8150726 6088.06088  113   36 6177.00000 5995.20434  2.94%  38.3 21925s
 21460797 8151124 6089.25618  116   26 6177.00000 5995.20436  2.94%  38.3 21933s
 21462026 8151853 6099.58776  118   31 6177.00000 5995.20436  2.94%  38.3 21936s
 21464408 8152886 6103.74658  120   27 6177.00000 5995.20463  2.94%  38.3 21940s
 21467504 8154262 6110.53710   64   33 6177.00000 5995.20476  2.94%  38.3 21945s
 21473450 8156211 6029.86044  101   50 6177.00000 5995.20615  2.94%  38.3 21950s
 21477890 8157564 6112.76410  116   54 6177.00000 5995.20718  2.94%  38.3 21955s
 21484548 8159476 6101.17134   90   43 6177.00000 5995.20818  2.94%  38.3 21960s
 21489679 8161550 6073.19420   77  114 6177.00000 5995.20911  2.94%  38.3 21965s
 21495637 8163550 6070.74862   90   75 6177.00000 5995.21013  2.94%  38.3 21970s
 21500108 8165147 6106.53732   95   80 6177.00000 5995.21102  2.94%  38.3 21975s
 21506314 8167691 6022.44620   86   29 6177.00000 5995.21193  2.94%  38.3 21980s
 21511328 8169424 infeasible   96      6177.00000 5995.21288  2.94%  38.3 21985s
 21517557 8171614     cutoff   90      6177.00000 5995.21350  2.94%  38.3 21991s
 21522228 8173426 6008.02972   73   54 6177.00000 5995.21458  2.94%  38.3 21995s
 21525864 8174326 infeasible   97      6177.00000 5995.21497  2.94%  38.3 22000s
 21529128 8176076 6036.37697  102   48 6177.00000 5995.21548  2.94%  38.3 22005s
 21535353 8178714 6121.32000   92   37 6177.00000 5995.21637  2.94%  38.3 22010s
 21541682 8180730 6090.37935  111   53 6177.00000 5995.21703  2.94%  38.3 22015s
 21546577 8182399 6084.39538   96   34 6177.00000 5995.21804  2.94%  38.3 22020s
 21553053 8184411 6087.28283   54   37 6177.00000 5995.21953  2.94%  38.3 22025s
 21558052 8186033 6105.84978   95   57 6177.00000 5995.22004  2.94%  38.3 22030s
 21564374 8188351 6121.89828  109   40 6177.00000 5995.22179  2.94%  38.3 22035s
 21568406 8189575 6126.02391   57   86 6177.00000 5995.22222  2.94%  38.3 22040s
 21573165 8191285 6093.12854   79   46 6177.00000 5995.22274  2.94%  38.3 22045s
 21578733 8193464     cutoff   83      6177.00000 5995.22372  2.94%  38.3 22050s
 21583874 8195289 6092.16808  116   25 6177.00000 5995.22450  2.94%  38.3 22055s
 21588966 8197000 6002.60951   77  101 6177.00000 5995.22535  2.94%  38.3 22060s
 21594300 8198980 6110.26079   82   94 6177.00000 5995.22641  2.94%  38.3 22065s
 21600677 8201443 6106.26563   81   62 6177.00000 5995.22743  2.94%  38.3 22070s
 21607076 8203645 infeasible   70      6177.00000 5995.22866  2.94%  38.3 22076s
 21609939 8204418 6018.11032   85  100 6177.00000 5995.22908  2.94%  38.3 22080s
 21614794 8206290 6094.15642   93   44 6177.00000 5995.22974  2.94%  38.3 22085s
 21621330 8208700 6013.74759   48   78 6177.00000 5995.23089  2.94%  38.3 22090s
 21627613 8210911     cutoff   91      6177.00000 5995.23154  2.94%  38.3 22095s
 21632583 8212441 6024.07227  106   42 6177.00000 5995.23214  2.94%  38.3 22100s
 21637895 8214592 5995.24302   76   87 6177.00000 5995.23257  2.94%  38.3 22105s
 21643974 8216754 6126.38272   87   85 6177.00000 5995.23362  2.94%  38.3 22110s
 21648848 8218085 6027.19710  103   98 6177.00000 5995.23460  2.94%  38.3 22115s
 21653982 8219768 6029.52872   95   88 6177.00000 5995.23548  2.94%  38.3 22120s
 21660778 8222124 6074.87811   73   82 6177.00000 5995.23654  2.94%  38.3 22125s
 21665913 8224156 5995.51097   89   48 6177.00000 5995.23773  2.94%  38.3 22130s
 21669525 8225389 infeasible   96      6177.00000 5995.23831  2.94%  38.3 22136s
 21674537 8227313 6003.25500   67   53 6177.00000 5995.23918  2.94%  38.3 22140s
 21679730 8229279 5997.16794   76   41 6177.00000 5995.24007  2.94%  38.2 22145s
 21686158 8231417 6113.95791   63   95 6177.00000 5995.24127  2.94%  38.2 22150s
 21691348 8233550     cutoff   76      6177.00000 5995.24255  2.94%  38.2 22155s
 21696476 8235348 5997.73307   57   78 6177.00000 5995.24334  2.94%  38.2 22160s
 21703159 8237816     cutoff  104      6177.00000 5995.24490  2.94%  38.2 22165s
 21708330 8239597 6039.96912  123   45 6177.00000 5995.24593  2.94%  38.2 22170s
 21713323 8241396 6079.73846  109   93 6177.00000 5995.24695  2.94%  38.2 22175s
 21718511 8243600 6002.63569   67   48 6177.00000 5995.24728  2.94%  38.2 22180s
 21724358 8246171     cutoff   78      6177.00000 5995.24755  2.94%  38.2 22185s
 21730926 8248494 6010.18222  104   27 6177.00000 5995.24848  2.94%  38.2 22190s
 21737472 8250805 6008.33996  104   55 6177.00000 5995.24922  2.94%  38.2 22195s
 21744212 8253157 6026.64705   77   54 6177.00000 5995.24988  2.94%  38.2 22200s
 21749981 8255310 6000.37154   78   34 6177.00000 5995.25081  2.94%  38.2 22205s
 21754866 8256961 6138.20670   99   40 6177.00000 5995.25147  2.94%  38.2 22210s
 21760527 8258878     cutoff   54      6177.00000 5995.25211  2.94%  38.2 22215s
 21765951 8260911 6026.57337   87   60 6177.00000 5995.25315  2.94%  38.2 22220s
 21772309 8262602 5997.94690   80   87 6177.00000 5995.25406  2.94%  38.2 22225s
 21774057 8263550 5996.49346   48   61 6177.00000 5995.25419  2.94%  38.2 22230s
 21779322 8265598 5998.91575   63   52 6177.00000 5995.25510  2.94%  38.2 22235s
 21785836 8268418 6021.20660   42   71 6177.00000 5995.25576  2.94%  38.2 22240s
 21792227 8270864 6088.03387   92   53 6177.00000 5995.25668  2.94%  38.2 22245s
 21797042 8272846     cutoff   93      6177.00000 5995.25728  2.94%  38.2 22250s
 21803500 8274996     cutoff   71      6177.00000 5995.25844  2.94%  38.2 22255s
 21808239 8276582 5995.40441  118   41 6177.00000 5995.25925  2.94%  38.2 22260s
 21813278 8278034     cutoff  106      6177.00000 5995.25985  2.94%  38.2 22265s
 21818345 8279930 6000.79732   90  121 6177.00000 5995.26037  2.94%  38.2 22270s
 21824699 8281905 6009.43590   44   70 6177.00000 5995.26136  2.94%  38.2 22275s
 21829766 8283558 6006.61444   86   42 6177.00000 5995.26255  2.94%  38.2 22280s
 21835078 8285423 6017.54637   46   73 6177.00000 5995.26333  2.94%  38.2 22285s
 21840513 8287755 5997.72884  110   39 6177.00000 5995.26422  2.94%  38.2 22290s
 21846934 8289994 6008.85591   72   47 6177.00000 5995.26497  2.94%  38.2 22295s
 21853254 8291973 6005.61041   57   70 6177.00000 5995.26596  2.94%  38.2 22300s
 21859608 8294577 6010.28691   66   76 6177.00000 5995.26673  2.94%  38.2 22305s
 21864238 8295795 5998.71314   90   43 6177.00000 5995.26766  2.94%  38.2 22310s
 21867478 8297477 5995.61634   92   96 6177.00000 5995.26822  2.94%  38.2 22315s
 21872614 8299141     cutoff   51      6177.00000 5995.26887  2.94%  38.2 22320s
 21878833 8301285 5997.82857   65   45 6177.00000 5995.27034  2.94%  38.2 22325s
 21883618 8302826 6095.69260   52   55 6177.00000 5995.27131  2.94%  38.2 22330s
 21890585 8305315 6012.52142   83   52 6177.00000 5995.27234  2.94%  38.2 22335s
 21895212 8307023 6008.67744  129  105 6177.00000 5995.27300  2.94%  38.2 22340s
 21901903 8309535 6149.01039   83   69 6177.00000 5995.27429  2.94%  38.2 22345s
 21906722 8310770 6074.43884   89   64 6177.00000 5995.27432  2.94%  38.2 22350s
 21912256 8312489 6103.78500   87   25 6177.00000 5995.27470  2.94%  38.2 22355s
 21917563 8313994 6099.54469  100   99 6177.00000 5995.27561  2.94%  38.2 22360s
 21923692 8315904 6100.60000   84   21 6177.00000 5995.27675  2.94%  38.2 22366s
 21929145 8317955     cutoff  101      6177.00000 5995.27787  2.94%  38.2 22370s
 21935814 8319908     cutoff   85      6177.00000 5995.27873  2.94%  38.2 22376s
 21940393 8321024 6074.25238   64   78 6177.00000 5995.27952  2.94%  38.2 22380s
 21942262 8321957 6027.13678   45  147 6177.00000 5995.27952  2.94%  38.2 22385s
 21948307 8324062 6017.76982  115   48 6177.00000 5995.28107  2.94%  38.2 22391s
 21953784 8325756 6000.27055  111   26 6177.00000 5995.28187  2.94%  38.2 22395s
 21958894 8327386 6046.55345   91  115 6177.00000 5995.28281  2.94%  38.2 22400s
 21964807 8330008 6113.95066  107   42 6177.00000 5995.28351  2.94%  38.2 22405s
 21970262 8331943 6120.46975   99   22 6177.00000 5995.28435  2.94%  38.2 22410s
 21976756 8334205     cutoff   91      6177.00000 5995.28537  2.94%  38.2 22415s
 21982964 8336453 6002.79399   67   48 6177.00000 5995.28643  2.94%  38.2 22421s
 21987849 8337931 6122.00000   80   25 6177.00000 5995.28643  2.94%  38.2 22425s
 21994055 8339763 6101.08333  103   25 6177.00000 5995.28725  2.94%  38.2 22430s
 22000537 8342176 6112.96959   54   48 6177.00000 5995.28828  2.94%  38.2 22435s
 22005392 8343718 6131.79811  113   69 6177.00000 5995.28875  2.94%  38.2 22440s
 22011063 8345393 6024.36784  105   62 6177.00000 5995.28939  2.94%  38.2 22445s
 22015828 8346946 6128.67483  100   97 6177.00000 5995.28991  2.94%  38.2 22450s
 22021493 8348844 6000.07540   79   50 6177.00000 5995.29043  2.94%  38.2 22455s
 22027037 8351172     cutoff  104      6177.00000 5995.29149  2.94%  38.2 22460s
 22034633 8354421 6169.81913   90   32 6177.00000 5995.29168  2.94%  38.2 22465s
 22038932 8355355 6108.78322   74   56 6177.00000 5995.29268  2.94%  38.2 22470s
 22041690 8357027 6034.47662  136   49 6177.00000 5995.29326  2.94%  38.2 22475s
 22048251 8359502 6103.21877   53   76 6177.00000 5995.29404  2.94%  38.2 22480s
 22053902 8362000 6079.48393  101   33 6177.00000 5995.29506  2.94%  38.2 22485s
 22059810 8364086 6044.28938   92   88 6177.00000 5995.29571  2.94%  38.2 22490s
 22064747 8365571 6167.42647  108   39 6177.00000 5995.29630  2.94%  38.2 22495s
 22071903 8367637 6020.91822   80   67 6177.00000 5995.29680  2.94%  38.2 22500s
 22076828 8369516 6123.80000   56   42 6177.00000 5995.29750  2.94%  38.2 22505s
 22081879 8371335 6076.65786   77   50 6177.00000 5995.29820  2.94%  38.2 22510s
 22087679 8373092 5998.50306   73   78 6177.00000 5995.29892  2.94%  38.2 22515s
 22092792 8375047 6000.39932   88   89 6177.00000 5995.30028  2.94%  38.2 22520s
 22098010 8376754 6000.76658  116   51 6177.00000 5995.30113  2.94%  38.2 22525s
 22103564 8379129     cutoff   47      6177.00000 5995.30173  2.94%  38.2 22530s
 22110657 8382142 6096.88939  103   40 6177.00000 5995.30232  2.94%  38.2 22535s
 22117898 8384351 6107.57579  112   20 6177.00000 5995.30234  2.94%  38.2 22540s
 22122990 8386162 6091.72111   89   49 6177.00000 5995.30256  2.94%  38.2 22545s
 22128639 8388067 5997.94880   62   47 6177.00000 5995.30333  2.94%  38.2 22551s
 22134011 8389866 6121.81723   94  101 6177.00000 5995.30422  2.94%  38.2 22555s
 22139259 8391404 infeasible  104      6177.00000 5995.30526  2.94%  38.2 22560s
 22144236 8393248 infeasible   75      6177.00000 5995.30597  2.94%  38.2 22565s
 22149560 8394781 6140.30214   35   63 6177.00000 5995.30657  2.94%  38.2 22570s
 22150375 8395262 6082.00000   51   12 6177.00000 5995.30669  2.94%  38.2 22575s
 22155712 8397451     cutoff   98      6177.00000 5995.30734  2.94%  38.2 22580s
 22161111 8399297 infeasible   62      6177.00000 5995.30818  2.94%  38.2 22586s
 22166532 8401181 6016.41013   99   76 6177.00000 5995.30901  2.94%  38.2 22591s
 22171634 8402976 6090.24095   86   51 6177.00000 5995.31034  2.94%  38.2 22595s
 22176437 8404595 6097.74369  113   31 6177.00000 5995.31142  2.94%  38.2 22600s
 22181492 8406441 6014.83609   66   57 6177.00000 5995.31201  2.94%  38.2 22605s
 22188399 8408734 6016.66169   81   80 6177.00000 5995.31313  2.94%  38.2 22610s
 22193387 8410341 6083.38220   83   96 6177.00000 5995.31406  2.94%  38.2 22615s
 22198323 8411870 6003.81778  100   70 6177.00000 5995.31473  2.94%  38.2 22620s
 22204878 8414383 6011.25697   66   48 6177.00000 5995.31599  2.94%  38.2 22625s
 22210263 8416590     cutoff   65      6177.00000 5995.31661  2.94%  38.2 22630s
 22215329 8418269 6089.16157  130   45 6177.00000 5995.31741  2.94%  38.2 22635s
 22221852 8420741 6031.31290   73   96 6177.00000 5995.31857  2.94%  38.2 22640s
 22228371 8422999 5995.40477  109   75 6177.00000 5995.31931  2.94%  38.2 22645s
 22232957 8424599 6010.19285   68   43 6177.00000 5995.31998  2.94%  38.2 22650s
 22239140 8426826 6078.74044   70   45 6177.00000 5995.32084  2.94%  38.2 22655s
 22244279 8428422 6001.24585   74   36 6177.00000 5995.32193  2.94%  38.2 22660s
 22249148 8429900 6024.30897  101   24 6177.00000 5995.32267  2.94%  38.2 22665s
 22255000 8431872 6108.16000  118   27 6177.00000 5995.32347  2.94%  38.2 22670s
 22261086 8433840 6047.16429   89   28 6177.00000 5995.32431  2.94%  38.2 22676s
 22266258 8435427     cutoff   53      6177.00000 5995.32521  2.94%  38.2 22680s
 22271335 8436813     cutoff   86      6177.00000 5995.32612  2.94%  38.2 22685s
 22276681 8438494     cutoff   82      6177.00000 5995.32707  2.94%  38.2 22690s
 22282052 8440509 6007.30995   59   37 6177.00000 5995.32779  2.94%  38.2 22695s
 22288704 8443284 6012.06414   97   57 6177.00000 5995.32839  2.94%  38.2 22700s
 22293589 8444841 6013.88255   56   66 6177.00000 5995.32913  2.94%  38.2 22705s
 22299982 8446801 6004.18749   95   39 6177.00000 5995.33023  2.94%  38.2 22710s
 22305078 8448930 6021.50951   69   68 6177.00000 5995.33090  2.94%  38.2 22715s
 22310475 8450576 infeasible   98      6177.00000 5995.33184  2.94%  38.2 22720s
 22317113 8452770 6019.85087   91   43 6177.00000 5995.33236  2.94%  38.2 22726s
 22322516 8454870 6068.13230   76   48 6177.00000 5995.33319  2.94%  38.2 22730s
 22327384 8456837 6035.64577   36  115 6177.00000 5995.33338  2.94%  38.2 22735s
 22332720 8458351 6118.35000   44   24 6177.00000 5995.33422  2.94%  38.2 22740s
 22333798 8458373 6124.80083   86   55 6177.00000 5995.33459  2.94%  38.2 22745s
 22336094 8459727 6100.64664   87   47 6177.00000 5995.33461  2.94%  38.2 22751s
 22340657 8461539     cutoff  156      6177.00000 5995.33523  2.94%  38.2 22755s
 22347681 8463942 6004.98972   67   47 6177.00000 5995.33605  2.94%  38.2 22760s
 22352439 8465455 6078.59373   97   49 6177.00000 5995.33677  2.94%  38.2 22765s
 22358510 8467759 6105.03432  104   46 6177.00000 5995.33758  2.94%  38.2 22770s
 22364315 8469664 6012.32751   92   43 6177.00000 5995.33852  2.94%  38.2 22775s
 22370860 8472006 6024.04833   98   67 6177.00000 5995.33904  2.94%  38.2 22780s
 22376880 8474211 6122.42735   47   28 6177.00000 5995.33975  2.94%  38.2 22785s
 22382329 8476401 6097.16477   95   33 6177.00000 5995.34040  2.94%  38.2 22790s
 22388000 8478296 6022.97937   94   98 6177.00000 5995.34146  2.94%  38.2 22795s
 22393667 8479981 6121.12903   80   15 6177.00000 5995.34250  2.94%  38.2 22800s
 22398594 8481589 6012.40547  117   43 6177.00000 5995.34344  2.94%  38.2 22805s
 22403963 8484105 6123.58892   74   64 6177.00000 5995.34384  2.94%  38.2 22810s
 22410506 8486335     cutoff  126      6177.00000 5995.34458  2.94%  38.2 22815s
 22415886 8488205 5996.18293  106   65 6177.00000 5995.34568  2.94%  38.2 22820s
 22422319 8490312 6117.79842   97   95 6177.00000 5995.34701  2.94%  38.2 22825s
 22427569 8492088 6029.97645   97   65 6177.00000 5995.34794  2.94%  38.1 22830s
 22433616 8494015 6145.02099  102   92 6177.00000 5995.34882  2.94%  38.1 22835s
 22439984 8495675 infeasible   65      6177.00000 5995.34982  2.94%  38.1 22840s
 22444639 8497361 6023.94630  107   53 6177.00000 5995.35058  2.94%  38.1 22845s
 22450553 8499069 6009.01725   91   34 6177.00000 5995.35185  2.94%  38.1 22850s
 22455624 8500523 5999.28084   72   63 6177.00000 5995.35288  2.94%  38.1 22855s
 22460027 8502111 6109.39067   79   29 6177.00000 5995.35387  2.94%  38.1 22860s
 22466823 8504696 6082.82596  102   55 6177.00000 5995.35481  2.94%  38.1 22866s
 22472461 8506750 6132.14462  107   39 6177.00000 5995.35622  2.94%  38.1 22870s
 22478554 8509294 6020.17067   81  115 6177.00000 5995.35690  2.94%  38.1 22875s
 22482894 8510786 infeasible   90      6177.00000 5995.35777  2.94%  38.1 22880s
 22489367 8513218 5997.39701   80   65 6177.00000 5995.35856  2.94%  38.1 22885s
 22495933 8515949 6070.93192  102   77 6177.00000 5995.35995  2.94%  38.1 22890s
 22501189 8518036 6100.96219   91   59 6177.00000 5995.35995  2.94%  38.1 22895s
 22507306 8519770 6010.08301   88  110 6177.00000 5995.36106  2.94%  38.1 22900s
 22508315 8520569 6090.40971   77   16 6177.00000 5995.36111  2.94%  38.1 22905s
 22514088 8523128 6008.12737   58   56 6177.00000 5995.36190  2.94%  38.1 22910s
 22521645 8526247 6033.71976   73   34 6177.00000 5995.36239  2.94%  38.1 22915s
 22527473 8528584 6049.00000   69   75 6177.00000 5995.36251  2.94%  38.1 22920s
 22533454 8530616 6050.40179   82   67 6177.00000 5995.36254  2.94%  38.1 22925s
 22539495 8532904 6097.39714  107   19 6177.00000 5995.36312  2.94%  38.1 22930s
 22544393 8534145 6087.05163   62   82 6177.00000 5995.36424  2.94%  38.1 22935s
 22547877 8535758 5998.19914   81   73 6177.00000 5995.36479  2.94%  38.1 22940s
 22553958 8538018 6028.68805   95   57 6177.00000 5995.36574  2.94%  38.1 22945s
 22561018 8540662 6007.53777  112   33 6177.00000 5995.36664  2.94%  38.1 22951s
 22566590 8542511 6002.23036   52   48 6177.00000 5995.36702  2.94%  38.1 22955s
 22572357 8544741     cutoff  101      6177.00000 5995.36786  2.94%  38.1 22960s
 22577449 8546119 6107.99025  102   74 6177.00000 5995.36862  2.94%  38.1 22965s
 22582638 8547742 6028.96902   81   81 6177.00000 5995.36936  2.94%  38.1 22970s
 22589096 8550077 6099.28076  106   63 6177.00000 5995.37004  2.94%  38.1 22975s
 22594295 8551917     cutoff  109      6177.00000 5995.37078  2.94%  38.1 22980s
 22598318 8553365 6103.87469   95   23 6177.00000 5995.37149  2.94%  38.1 22985s
 22603579 8554968 infeasible  100      6177.00000 5995.37228  2.94%  38.1 22990s
 22610012 8557228 6068.48980   93   92 6177.00000 5995.37362  2.94%  38.1 22995s
 22615492 8559253 6016.04589   87   57 6177.00000 5995.37436  2.94%  38.1 23000s
 22620832 8560615 6093.04083   87   41 6177.00000 5995.37477  2.94%  38.1 23005s
 22625213 8562777 5995.38935   76   67 6177.00000 5995.37542  2.94%  38.1 23010s
 22630215 8564548 6020.80220   58   71 6177.00000 5995.37626  2.94%  38.1 23015s
 22635440 8566372 6013.74042   84   55 6177.00000 5995.37751  2.94%  38.1 23020s
 22641531 8568442 6000.27722   84   45 6177.00000 5995.37850  2.94%  38.1 23025s
 22646413 8570129 6026.00446   77  132 6177.00000 5995.37939  2.94%  38.1 23030s
 22652915 8572446 5996.96734  120   74 6177.00000 5995.38068  2.94%  38.1 23035s
 22657795 8574094 6121.40013   69   72 6177.00000 5995.38156  2.94%  38.1 23040s
 22662934 8575724 6096.86824  108   67 6177.00000 5995.38252  2.94%  38.1 23045s
 22666966 8577248 6006.31052   80   58 6177.00000 5995.38351  2.94%  38.1 23050s
 22672918 8579381 6144.07578   36  101 6177.00000 5995.38425  2.94%  38.1 23055s
 22680144 8582212 6076.03201  120   67 6177.00000 5995.38537  2.94%  38.1 23060s
 22685155 8583865 infeasible  112      6177.00000 5995.38571  2.94%  38.1 23065s
 22691297 8586231     cutoff   90      6177.00000 5995.38652  2.94%  38.1 23070s
 22696667 8588026 6011.28458   97   89 6177.00000 5995.38731  2.94%  38.1 23075s
 22702777 8590652 6093.51279   89   89 6177.00000 5995.38814  2.94%  38.1 23080s
 22707683 8592628 6101.37000   89   27 6177.00000 5995.38909  2.94%  38.1 23085s
 22715079 8595078 6013.09273  105  118 6177.00000 5995.39032  2.94%  38.1 23090s
 22720233 8596925 6078.59403  114   26 6177.00000 5995.39080  2.94%  38.1 23095s
 22726384 8599746 6146.60694   77  136 6177.00000 5995.39172  2.94%  38.1 23100s
 22733317 8602409 6000.80538   89   53 6177.00000 5995.39219  2.94%  38.1 23105s
 22738787 8604007     cutoff   74      6177.00000 5995.39342  2.94%  38.1 23110s
 22741571 8605379 6000.70866  107   54 6177.00000 5995.39406  2.94%  38.1 23115s
 22746649 8607283 5995.57819   90   45 6177.00000 5995.39464  2.94%  38.1 23120s
 22752928 8609681 6016.58174   95   55 6177.00000 5995.39559  2.94%  38.1 23125s
 22757556 8611196 6052.60131   99   72 6177.00000 5995.39640  2.94%  38.1 23130s
 22763055 8613036 6133.73619  110  131 6177.00000 5995.39682  2.94%  38.1 23135s
 22769147 8615152 5995.39779  111  100 6177.00000 5995.39756  2.94%  38.1 23140s
 22774494 8617147 5999.03788  111   71 6177.00000 5995.39881  2.94%  38.1 23145s
 22779595 8618909 infeasible  106      6177.00000 5995.39946  2.94%  38.1 23150s
 22786383 8621231 6099.64907  101   84 6177.00000 5995.40038  2.94%  38.1 23155s
 22791576 8623159 6158.35248  108   92 6177.00000 5995.40112  2.94%  38.1 23160s
 22798249 8625638 6012.63342  123   40 6177.00000 5995.40217  2.94%  38.1 23165s
 22804388 8627857     cutoff   74      6177.00000 5995.40299  2.94%  38.1 23170s
 22809159 8629438     cutoff  113      6177.00000 5995.40354  2.94%  38.1 23175s
 22815653 8631737 6100.54481   92   25 6177.00000 5995.40480  2.94%  38.1 23181s
 22818841 8633200 6114.26087   43   19 6177.00000 5995.40532  2.94%  38.1 23185s
 22825316 8635265 infeasible   84      6177.00000 5995.40618  2.94%  38.1 23190s
 22830061 8636868     cutoff   89      6177.00000 5995.40734  2.94%  38.1 23195s
 22835149 8638873 6135.57425   82   59 6177.00000 5995.40836  2.94%  38.1 23200s
 22841085 8640674 6129.67554   66   75 6177.00000 5995.40954  2.94%  38.1 23205s
 22846822 8642757     cutoff  116      6177.00000 5995.41054  2.94%  38.1 23210s
 22853222 8644775 6073.26568  109   88 6177.00000 5995.41179  2.94%  38.1 23216s
 22858402 8646545 6078.60260  126   42 6177.00000 5995.41254  2.94%  38.1 23220s
 22863600 8648567 6025.35123  112   53 6177.00000 5995.41278  2.94%  38.1 23225s
 22869632 8650963 6098.30227   98   48 6177.00000 5995.41358  2.94%  38.1 23230s
 22874700 8652713 6002.41478   86   86 6177.00000 5995.41468  2.94%  38.1 23235s
 22877469 8653381 6024.06907   95   24 6177.00000 5995.41482  2.94%  38.1 23240s
 22880423 8654974 5995.41555   82   73 6177.00000 5995.41537  2.94%  38.1 23245s
 22886418 8657592 6045.50338  125   72 6177.00000 5995.41567  2.94%  38.1 23250s
 22892338 8659757 6020.56991   98   61 6177.00000 5995.41619  2.94%  38.1 23255s
 22898083 8661636 6004.64638   74   29 6177.00000 5995.41720  2.94%  38.1 23260s
 22904265 8663983 6041.39861   57   33 6177.00000 5995.41830  2.94%  38.1 23265s
 22910307 8666445 6095.68614  115   53 6177.00000 5995.41854  2.94%  38.1 23270s
 22915968 8668180 6015.35813   89   20 6177.00000 5995.41969  2.94%  38.1 23275s
 22921958 8670316 6069.68290   98   35 6177.00000 5995.42057  2.94%  38.1 23280s
 22926254 8671954 6119.28952   97   47 6177.00000 5995.42147  2.94%  38.1 23285s
 22932747 8673837 6001.10989   89   85 6177.00000 5995.42250  2.94%  38.1 23290s
 22938473 8675996 6099.28062   93   59 6177.00000 5995.42293  2.94%  38.1 23295s
 22943542 8677939 6063.56599   87   68 6177.00000 5995.42414  2.94%  38.1 23300s
 22949646 8680125 6091.69325   96   81 6177.00000 5995.42429  2.94%  38.1 23305s
 22955550 8681932 5996.93362   88   58 6177.00000 5995.42564  2.94%  38.1 23310s
 22961343 8684335 6104.81503  116   41 6177.00000 5995.42664  2.94%  38.1 23315s
 22968242 8687188     cutoff  112      6177.00000 5995.42781  2.94%  38.1 23320s
 22974283 8688862 6029.53617   90   89 6177.00000 5995.42856  2.94%  38.1 23325s
 22979576 8691425 infeasible  102      6177.00000 5995.42857  2.94%  38.1 23330s
 22984642 8693891     cutoff   81      6177.00000 5995.42857  2.94%  38.1 23335s
 22991006 8696988 6106.13378   80   25 6177.00000 5995.42868  2.94%  38.1 23340s
 22995795 8698622 infeasible   92      6177.00000 5995.42932  2.94%  38.1 23345s
 23002235 8701022 6099.79056   72   78 6177.00000 5995.42997  2.94%  38.1 23350s
 23007917 8703303 6068.85631  113   47 6177.00000 5995.43099  2.94%  38.1 23355s
 23013204 8705155 6041.95529  107   61 6177.00000 5995.43178  2.94%  38.1 23360s
 23020200 8707632 6079.55209   98   85 6177.00000 5995.43250  2.94%  38.1 23365s
 23025916 8709848 6098.22192   90   46 6177.00000 5995.43303  2.94%  38.1 23370s
 23030974 8711667 infeasible  102      6177.00000 5995.43367  2.94%  38.1 23375s
 23036591 8713727 6071.74764   81   81 6177.00000 5995.43474  2.94%  38.1 23380s
 23042419 8715751 5996.59107  114   52 6177.00000 5995.43591  2.94%  38.1 23385s
 23048538 8717631 6122.51307   90   48 6177.00000 5995.43722  2.94%  38.1 23390s
 23053341 8719800 6011.80415   82   51 6177.00000 5995.43792  2.94%  38.1 23395s
 23059566 8721929 6024.80000  104   34 6177.00000 5995.43845  2.94%  38.0 23400s
 23065323 8723798 6040.28917   78   67 6177.00000 5995.43946  2.94%  38.0 23405s
 23068675 8724722 5995.44461   86  100 6177.00000 5995.44023  2.94%  38.0 23410s
 23068727 8724741 6095.16086   89   17 6177.00000 5995.44023  2.94%  38.0 23415s
 23068777 8724769 6135.25556   92   41 6177.00000 5995.44023  2.94%  38.0 23421s
 23068810 8724775 infeasible   92      6177.00000 5995.44023  2.94%  38.0 23425s
 23068855 8724798 infeasible   92      6177.00000 5995.44023  2.94%  38.0 23431s
 23068910 8724802 6096.33479   86   40 6177.00000 5995.44023  2.94%  38.0 23435s
 23068978 8724824 6125.00000   88    4 6177.00000 5995.44028  2.94%  38.0 23441s
 23069143 8725098     cutoff   90      6177.00000 5995.44028  2.94%  38.0 23445s
 23072159 8726056     cutoff  104      6177.00000 5995.44073  2.94%  38.0 23450s
 23077132 8727882     cutoff  118      6177.00000 5995.44158  2.94%  38.0 23455s
 23081528 8728829 6100.24804   86   55 6177.00000 5995.44206  2.94%  38.0 23461s
 23083063 8729646 infeasible  125      6177.00000 5995.44216  2.94%  38.0 23465s
 23088691 8731582 infeasible   99      6177.00000 5995.44337  2.94%  38.0 23471s
 23093955 8733187 6031.75313   75  140 6177.00000 5995.44465  2.94%  38.0 23476s
 23099085 8734680     cutoff  105      6177.00000 5995.44551  2.94%  38.0 23480s
 23103857 8736312 6044.53729   94   72 6177.00000 5995.44634  2.94%  38.0 23485s
 23108525 8737738 6014.70553   98   80 6177.00000 5995.44800  2.94%  38.0 23490s
 23114939 8739979 5996.06611   87   49 6177.00000 5995.44919  2.94%  38.0 23495s
 23120043 8741922 6028.76193   89   37 6177.00000 5995.45030  2.94%  38.0 23500s
 23124957 8743498     cutoff   85      6177.00000 5995.45111  2.94%  38.0 23505s
 23131117 8745620 6015.74382   81   46 6177.00000 5995.45212  2.94%  38.0 23510s
 23133836 8746434 6014.46768   87   77 6177.00000 5995.45250  2.94%  38.0 23515s
 23139762 8748364 infeasible   84      6177.00000 5995.45337  2.94%  38.0 23521s
 23145166 8750283 6136.62199  114   74 6177.00000 5995.45433  2.94%  38.0 23525s
 23150158 8751971 6026.27522   66   37 6177.00000 5995.45552  2.94%  38.0 23530s
 23155221 8753763 6114.00811   42   29 6177.00000 5995.45645  2.94%  38.0 23535s
 23161158 8755561 6158.20063   88   62 6177.00000 5995.45727  2.94%  38.0 23541s
 23166730 8757675 6025.75305   82   77 6177.00000 5995.45796  2.94%  38.0 23545s
 23171490 8759479 6055.02778   58   34 6177.00000 5995.45842  2.94%  38.0 23550s
 23176608 8761714 6097.85891  119   68 6177.00000 5995.45952  2.94%  38.0 23555s
 23183549 8764115 6001.81800   86   47 6177.00000 5995.46045  2.94%  38.0 23561s
 23188780 8765885 6000.60816   75   78 6177.00000 5995.46108  2.94%  38.0 23565s
 23195263 8768283 5996.02152   55   64 6177.00000 5995.46197  2.94%  38.0 23570s
 23200192 8769835     cutoff   81      6177.00000 5995.46317  2.94%  38.0 23575s
 23207100 8772284 5995.88997  105   42 6177.00000 5995.46381  2.94%  38.0 23580s
 23212521 8774080 6009.26504   99  128 6177.00000 5995.46394  2.94%  38.0 23585s
 23218124 8776052     cutoff   90      6177.00000 5995.46493  2.94%  38.0 23591s
 23223101 8777888 6013.46875   88   64 6177.00000 5995.46575  2.94%  38.0 23595s
 23227405 8779475 6010.81871  113   98 6177.00000 5995.46632  2.94%  38.0 23600s
 23233055 8781379 infeasible   74      6177.00000 5995.46705  2.94%  38.0 23605s
 23237502 8783224 5995.46786   95  134 6177.00000 5995.46772  2.94%  38.0 23610s
 23243161 8785707 6031.66761  115   63 6177.00000 5995.46842  2.94%  38.0 23615s
 23249813 8787786 6010.47779   89   54 6177.00000 5995.46950  2.94%  38.0 23621s
 23254340 8789022 infeasible   65      6177.00000 5995.46975  2.94%  38.0 23625s
 23259534 8790808     cutoff  102      6177.00000 5995.47039  2.94%  38.0 23630s
 23264964 8792627 6043.01580   95   52 6177.00000 5995.47105  2.94%  38.0 23635s
 23270178 8794567     cutoff   63      6177.00000 5995.47179  2.94%  38.0 23640s
 23275524 8796555 6006.54956   75   81 6177.00000 5995.47258  2.94%  38.0 23645s
 23280909 8798039 6035.63848   73   70 6177.00000 5995.47351  2.94%  38.0 23650s
 23284471 8799431     cutoff   88      6177.00000 5995.47426  2.94%  38.0 23655s
 23289300 8801107 infeasible   86      6177.00000 5995.47522  2.94%  38.0 23660s
 23294752 8803249 infeasible  120      6177.00000 5995.47628  2.94%  38.0 23665s
 23300618 8805172 6085.38437   93   30 6177.00000 5995.47730  2.94%  38.0 23670s
 23306501 8807005 6053.84446   84   61 6177.00000 5995.47808  2.94%  38.0 23675s
 23312119 8809164 infeasible  123      6177.00000 5995.47840  2.94%  38.0 23680s
 23317013 8811183     cutoff   84      6177.00000 5995.47940  2.94%  38.0 23685s
 23323640 8814433 5995.52256  111  113 6177.00000 5995.48026  2.94%  38.0 23690s
 23328855 8816206 6132.31248   85   48 6177.00000 5995.48084  2.94%  38.0 23695s
 23335170 8818381 6096.12054  108  132 6177.00000 5995.48182  2.94%  38.0 23701s
 23340240 8820110 6078.01643   48   32 6177.00000 5995.48266  2.94%  38.0 23706s
 23345244 8821668 6083.95818   64   23 6177.00000 5995.48345  2.94%  38.0 23710s
 23350451 8823373 6120.37250  107   20 6177.00000 5995.48409  2.94%  38.0 23715s
 23355572 8825123 6017.71137  109   61 6177.00000 5995.48514  2.94%  38.0 23720s
 23360211 8826720 infeasible   50      6177.00000 5995.48597  2.94%  38.0 23725s
 23364947 8827922 6100.74684  104   60 6177.00000 5995.48680  2.94%  38.0 23730s
 23366701 8828731 infeasible   56      6177.00000 5995.48725  2.94%  38.0 23736s
 23371006 8830810 5997.68179   86   83 6177.00000 5995.48782  2.94%  38.0 23740s
 23375502 8832421 6069.75623   99   97 6177.00000 5995.48853  2.94%  38.0 23745s
 23380664 8834601 6078.10014   83   92 6177.00000 5995.48934  2.94%  38.0 23750s
 23386120 8836337 6124.50907   75   39 6177.00000 5995.48996  2.94%  38.0 23755s
 23391037 8838309 6028.15714  107   40 6177.00000 5995.49012  2.94%  38.0 23760s
 23397196 8840281 5999.77339   89   39 6177.00000 5995.49100  2.94%  38.0 23766s
 23402587 8843303 6014.98217  104   52 6177.00000 5995.49185  2.94%  38.0 23771s
 23408224 8845406 infeasible  117      6177.00000 5995.49224  2.94%  38.0 23775s
 23413300 8846915     cutoff  103      6177.00000 5995.49292  2.94%  38.0 23780s
 23418893 8849246 6037.26410  137  103 6177.00000 5995.49344  2.94%  38.0 23785s
 23424356 8851626 6101.32712   87   53 6177.00000 5995.49370  2.94%  38.0 23790s
 23430038 8853332 6094.45803   58  128 6177.00000 5995.49454  2.94%  38.0 23795s
 23435458 8855253     cutoff   92      6177.00000 5995.49541  2.94%  38.0 23800s
 23440697 8857020 infeasible   78      6177.00000 5995.49605  2.94%  38.0 23805s
 23446610 8859247     cutoff   85      6177.00000 5995.49710  2.94%  38.0 23810s
 23451504 8861045 infeasible   45      6177.00000 5995.49826  2.94%  38.0 23815s
 23457737 8862869     cutoff   86      6177.00000 5995.49962  2.94%  38.0 23820s
 23462468 8863973 6091.52577   91   47 6177.00000 5995.50048  2.94%  38.0 23825s
 23466595 8865236 5999.25386  101   57 6177.00000 5995.50139  2.94%  38.0 23830s
 23472230 8867874 6024.09032  109   50 6177.00000 5995.50243  2.94%  38.0 23836s
 23477581 8869680 6107.44592   50   85 6177.00000 5995.50320  2.94%  38.0 23840s
 23483013 8871649 6065.91576   81   50 6177.00000 5995.50385  2.94%  38.0 23845s
 23488579 8873948 6088.20618  106   68 6177.00000 5995.50492  2.94%  38.0 23850s
 23494338 8876053 6094.14286  104   38 6177.00000 5995.50542  2.94%  38.0 23855s
 23500700 8878337 6102.98356   74   63 6177.00000 5995.50668  2.94%  38.0 23860s
 23505424 8880240 5995.76081   90  109 6177.00000 5995.50761  2.94%  38.0 23865s
 23511487 8882130 6003.72454   61   55 6177.00000 5995.50884  2.94%  38.0 23870s
 23516786 8883896 6053.94565   82   85 6177.00000 5995.50984  2.94%  38.0 23875s
 23522640 8886078 6038.40884  104   50 6177.00000 5995.51090  2.94%  38.0 23880s
 23528646 8888096     cutoff  102      6177.00000 5995.51168  2.94%  38.0 23885s
 23533839 8889691 6097.65355   94   38 6177.00000 5995.51251  2.94%  38.0 23890s
 23537040 8890975 6028.14766   61   29 6177.00000 5995.51297  2.94%  38.0 23895s
 23542419 8893593 6009.57619   71   50 6177.00000 5995.51319  2.94%  38.0 23901s
 23547551 8895775 6016.36462   34  120 6177.00000 5995.51383  2.94%  38.0 23905s
 23552966 8897768 6023.64154   83   39 6177.00000 5995.51429  2.94%  38.0 23910s
 23558842 8899694 infeasible   68      6177.00000 5995.51505  2.94%  38.0 23915s
 23565334 8902444 6096.07995  112   64 6177.00000 5995.51604  2.94%  38.0 23921s
 23570531 8904109 6113.51636   68   43 6177.00000 5995.51636  2.94%  38.0 23925s
 23575319 8906063 6009.26580   78   45 6177.00000 5995.51641  2.94%  38.0 23930s
 23581762 8908337 6154.00000   95   33 6177.00000 5995.51716  2.94%  38.0 23935s
 23587283 8910245 6016.37837  109   78 6177.00000 5995.51814  2.94%  38.0 23940s
 23593484 8912153 infeasible  107      6177.00000 5995.51921  2.94%  38.0 23945s
 23599719 8914435 infeasible   96      6177.00000 5995.51996  2.94%  38.0 23950s
 23605035 8916258 6010.75639   75   97 6177.00000 5995.52092  2.94%  38.0 23955s
 23609593 8917907 6001.63216   56   87 6177.00000 5995.52171  2.94%  38.0 23960s
 23616276 8920716 6006.71635   96   74 6177.00000 5995.52259  2.94%  38.0 23966s
 23621887 8923190 6028.82388   94   50 6177.00000 5995.52293  2.94%  38.0 23970s
 23628265 8925353 6004.45587   70   99 6177.00000 5995.52410  2.94%  38.0 23975s
 23634259 8927093 6116.15655  101   30 6177.00000 5995.52505  2.94%  38.0 23980s
 23639847 8929098 5996.46039   96   81 6177.00000 5995.52567  2.94%  38.0 23985s
 23642012 8930293 6080.73368   43   77 6177.00000 5995.52651  2.94%  38.0 23990s
 23648374 8932066 6094.76453   84   62 6177.00000 5995.52773  2.94%  38.0 23995s
 23654167 8934854 6157.48491  124   46 6177.00000 5995.52832  2.94%  38.0 24000s
 23659261 8936534 6003.32308   46   43 6177.00000 5995.52947  2.94%  38.0 24005s
 23665409 8938755 6135.69835   80   66 6177.00000 5995.53004  2.94%  38.0 24010s
 23671419 8940948     cutoff   92      6177.00000 5995.53080  2.94%  38.0 24015s
 23677155 8942956 6083.87425   73   31 6177.00000 5995.53151  2.94%  38.0 24020s
 23681956 8944788 6010.77653   67   55 6177.00000 5995.53208  2.94%  38.0 24025s
 23689018 8947423 5997.82660   88   69 6177.00000 5995.53255  2.94%  38.0 24031s
 23693786 8949101 6119.09346  108   93 6177.00000 5995.53328  2.94%  38.0 24035s
 23699287 8951072 6011.92955   98   79 6177.00000 5995.53403  2.94%  38.0 24040s
 23705927 8953489 6007.73333  101   43 6177.00000 5995.53458  2.94%  38.0 24045s
 23711870 8955606 6062.81703  116  126 6177.00000 5995.53571  2.94%  38.0 24050s
 23717970 8958111 6004.53127  121   48 6177.00000 5995.53675  2.94%  38.0 24055s
 23724642 8960460     cutoff   96      6177.00000 5995.53746  2.94%  38.0 24060s
 23730877 8962275 6081.74690   42  132 6177.00000 5995.53825  2.94%  38.0 24066s
 23736457 8963962 5996.75509   69  141 6177.00000 5995.53851  2.94%  38.0 24070s
 23741098 8965737 6005.43219   49   58 6177.00000 5995.53907  2.94%  37.9 24075s
 23747671 8968261     cutoff  103      6177.00000 5995.53995  2.94%  37.9 24081s
 23753174 8969902 6008.24903  104   46 6177.00000 5995.54029  2.94%  37.9 24085s
 23755822 8971492     cutoff  102      6177.00000 5995.54065  2.94%  37.9 24090s
 23761067 8972890 6029.07532   64   65 6177.00000 5995.54148  2.94%  37.9 24095s
 23763770 8974121 6104.69383   75  125 6177.00000 5995.54168  2.94%  37.9 24100s
 23768609 8975900 6020.41577   80   66 6177.00000 5995.54237  2.94%  37.9 24105s
 23773583 8977646 6107.95078   96   66 6177.00000 5995.54325  2.94%  37.9 24110s
 23781241 8980453 6082.35512   94   59 6177.00000 5995.54363  2.94%  37.9 24115s
 23786327 8981897 6004.61737  103   38 6177.00000 5995.54417  2.94%  37.9 24120s
 23792395 8983854 infeasible   96      6177.00000 5995.54473  2.94%  37.9 24126s
 23797460 8985374 5999.02559  115   82 6177.00000 5995.54572  2.94%  37.9 24130s
 23802505 8987681 6090.49511   95   52 6177.00000 5995.54604  2.94%  37.9 24135s
 23808919 8989808 6078.67940  133   53 6177.00000 5995.54684  2.94%  37.9 24140s
 23813416 8991381 infeasible   78      6177.00000 5995.54721  2.94%  37.9 24145s
 23819150 8993990     cutoff   90      6177.00000 5995.54826  2.94%  37.9 24150s
 23825011 8996673 6033.00000   86   27 6177.00000 5995.54872  2.94%  37.9 24155s
 23832918 9000102 5998.76137   94   37 6177.00000 5995.54884  2.94%  37.9 24160s
 23839037 9002287 5999.61083   90   97 6177.00000 5995.54935  2.94%  37.9 24165s
 23845365 9004608 6094.94118   95   24 6177.00000 5995.55002  2.94%  37.9 24170s
 23851082 9006578 6021.46479  111   73 6177.00000 5995.55040  2.94%  37.9 24175s
 23852878 9007031 6111.66519  101   50 6177.00000 5995.55066  2.94%  37.9 24180s
 23858839 9008912 6007.18960   69   40 6177.00000 5995.55158  2.94%  37.9 24186s
 23864070 9010597 6001.89939  117   79 6177.00000 5995.55240  2.94%  37.9 24190s
 23868923 9012371 infeasible  107      6177.00000 5995.55317  2.94%  37.9 24195s
 23875372 9014642 6019.72803  121   87 6177.00000 5995.55417  2.94%  37.9 24201s
 23880675 9016701 6130.03068   75   58 6177.00000 5995.55508  2.94%  37.9 24205s
 23885875 9018783 infeasible   65      6177.00000 5995.55546  2.94%  37.9 24210s
 23890797 9020937 6132.27446   72   82 6177.00000 5995.55602  2.94%  37.9 24215s
 23897001 9023068 6076.50381   90   92 6177.00000 5995.55650  2.94%  37.9 24220s
 23902081 9025069 6087.04785  103   23 6177.00000 5995.55729  2.94%  37.9 24225s
 23906861 9026855 6103.09159  102   25 6177.00000 5995.55814  2.94%  37.9 24230s
 23913458 9029764 6144.06204   93   65 6177.00000 5995.55898  2.94%  37.9 24235s
 23919774 9032458 6031.53092  116   78 6177.00000 5995.55906  2.94%  37.9 24240s
 23924649 9034339 infeasible  119      6177.00000 5995.56013  2.94%  37.9 24245s
 23931240 9036094 6025.99210   91   31 6177.00000 5995.56141  2.94%  37.9 24250s
 23936271 9038106 6024.34623  119   80 6177.00000 5995.56223  2.94%  37.9 24255s
 23942986 9040999 6066.16667   86   46 6177.00000 5995.56266  2.94%  37.9 24260s
 23948594 9042907 5995.56335   87   63 6177.00000 5995.56320  2.94%  37.9 24265s
 23955315 9045638 6087.13967  113   47 6177.00000 5995.56366  2.94%  37.9 24270s
 23960758 9047204 5997.68833   72   54 6177.00000 5995.56451  2.94%  37.9 24275s
 23966703 9049160 6081.94118   52   21 6177.00000 5995.56562  2.94%  37.9 24281s
 23968205 9049480     cutoff  105      6177.00000 5995.56567  2.94%  37.9 24285s
 23973565 9051298 infeasible   89      6177.00000 5995.56667  2.94%  37.9 24290s
 23979196 9053416     cutoff  121      6177.00000 5995.56751  2.94%  37.9 24295s
 23985189 9055422     cutoff  100      6177.00000 5995.56835  2.94%  37.9 24300s
 23991644 9057652 6074.26092   99  102 6177.00000 5995.56929  2.94%  37.9 24305s
 23996555 9059647 6003.81596  103   44 6177.00000 5995.56981  2.94%  37.9 24310s
 24002502 9061685 6005.85061   83  106 6177.00000 5995.57072  2.94%  37.9 24315s
 24007490 9063321 6109.52819   94   33 6177.00000 5995.57154  2.94%  37.9 24320s
 24012948 9065518 6149.23529   64   15 6177.00000 5995.57244  2.94%  37.9 24325s
 24019388 9067868 6006.14296   78   48 6177.00000 5995.57325  2.94%  37.9 24331s
 24024700 9069464 6086.13007  123   32 6177.00000 5995.57346  2.94%  37.9 24335s
 24030281 9071283 5999.12538   87   65 6177.00000 5995.57373  2.94%  37.9 24340s
 24036550 9072655 6088.04213  107   43 6177.00000 5995.57401  2.94%  37.9 24345s
 24041432 9074727     cutoff   86      6177.00000 5995.57455  2.94%  37.9 24350s
 24047819 9077633 6027.67500   75   84 6177.00000 5995.57473  2.94%  37.9 24355s
 24052782 9079694 6013.55196  109   62 6177.00000 5995.57558  2.94%  37.9 24360s
 24057954 9081936 6077.74232  104   38 6177.00000 5995.57618  2.94%  37.9 24365s
 24064342 9083924 6078.24020   86   70 6177.00000 5995.57689  2.94%  37.9 24370s
 24070688 9086160 6084.19293   98   47 6177.00000 5995.57787  2.94%  37.9 24375s
 24077146 9088693 6050.96919   90   68 6177.00000 5995.57884  2.94%  37.9 24381s
 24082504 9090534 6019.12827   83   99 6177.00000 5995.57929  2.94%  37.9 24385s
 24087558 9092264 6085.79090   78   50 6177.00000 5995.58053  2.94%  37.9 24390s
 24093714 9093774 6122.00000   48   15 6177.00000 5995.58115  2.94%  37.9 24395s
 24093737 9098521 infeasible   48      6177.00000 5995.58116  2.94%  37.9 24407s
 24107135 9099206 5998.97894   80   87 6177.00000 5995.58168  2.94%  37.9 24410s
 24114071 9102581 6100.94118  110   22 6177.00000 5995.58316  2.94%  37.9 24416s
 24118651 9104332 6020.36627   69  110 6177.00000 5995.58383  2.94%  37.9 24420s
 24123370 9105986     cutoff  100      6177.00000 5995.58444  2.94%  37.9 24425s
 24129793 9107947 6099.41307   59   61 6177.00000 5995.58530  2.94%  37.9 24430s
 24135476 9109646 6013.22364  107   68 6177.00000 5995.58602  2.94%  37.9 24435s
 24140409 9111383 infeasible  106      6177.00000 5995.58659  2.94%  37.9 24440s
 24146887 9113873     cutoff  111      6177.00000 5995.58735  2.94%  37.9 24446s
 24152087 9115845 infeasible   59      6177.00000 5995.58789  2.94%  37.9 24450s
 24157059 9117589 6026.31457   92   78 6177.00000 5995.58875  2.94%  37.9 24455s
 24163433 9119799 6014.92140  109   40 6177.00000 5995.58983  2.94%  37.9 24460s
 24170047 9122172 6015.24944  104   47 6177.00000 5995.59052  2.94%  37.9 24465s
 24175553 9124212 6082.48744   55   36 6177.00000 5995.59124  2.94%  37.9 24471s
 24180296 9125708 5996.15689   74   59 6177.00000 5995.59200  2.94%  37.9 24475s
 24185323 9127532 6094.94412   82   57 6177.00000 5995.59256  2.94%  37.9 24480s
 24191496 9129712 6023.09627   70  117 6177.00000 5995.59335  2.94%  37.9 24485s
 24197403 9132254     cutoff   96      6177.00000 5995.59400  2.94%  37.9 24491s
 24202652 9133980 6021.73500  114   22 6177.00000 5995.59471  2.94%  37.9 24495s
 24209120 9136949     cutoff   67      6177.00000 5995.59538  2.94%  37.9 24500s
 24212998 9137717 6114.61001   72   47 6177.00000 5995.59581  2.94%  37.9 24505s
 24215871 9138956     cutoff   84      6177.00000 5995.59612  2.94%  37.9 24510s
 24221925 9141624 6090.91880   51   38 6177.00000 5995.59710  2.94%  37.9 24515s
 24226874 9142989     cutoff   93      6177.00000 5995.59795  2.94%  37.9 24520s
 24233086 9145132 6087.85874  103   62 6177.00000 5995.59910  2.94%  37.9 24525s
 24239520 9147476 6021.20055   67   62 6177.00000 5995.59971  2.94%  37.9 24530s
 24245151 9149853     cutoff   95      6177.00000 5995.60051  2.94%  37.9 24535s
 24252014 9152371 6103.79626   43   99 6177.00000 5995.60134  2.94%  37.9 24541s
 24256846 9153733     cutoff  104      6177.00000 5995.60178  2.94%  37.9 24545s
 24265081 9154428 6098.49149  110   33 6177.00000 5995.60199  2.94%  37.9 24550s
 24270624 9156640 5998.98328   66   58 6177.00000 5995.60274  2.94%  37.9 24555s
 24276043 9158511 6032.53973  137   67 6177.00000 5995.60362  2.94%  37.9 24560s
 24282135 9160681 6036.18629   58  137 6177.00000 5995.60401  2.94%  37.9 24565s
 24287105 9162375 6017.31500   77   64 6177.00000 5995.60478  2.94%  37.9 24570s
 24293625 9164465 5998.50328  119   40 6177.00000 5995.60548  2.94%  37.9 24575s
 24298777 9166572 6082.29009  125   56 6177.00000 5995.60614  2.94%  37.9 24580s
 24305336 9168597 6012.90475  122   43 6177.00000 5995.60698  2.94%  37.9 24585s
 24311101 9170365 infeasible   87      6177.00000 5995.60800  2.94%  37.9 24590s
 24316940 9172276 6074.55000   66   44 6177.00000 5995.60920  2.94%  37.9 24596s
 24322449 9173913 infeasible   80      6177.00000 5995.60971  2.94%  37.9 24600s
 24327488 9175495 6125.37368   69   45 6177.00000 5995.61009  2.94%  37.9 24605s
 24333694 9177720 6064.38017   68  107 6177.00000 5995.61119  2.94%  37.9 24611s
 24339655 9179834 infeasible   89      6177.00000 5995.61209  2.94%  37.9 24615s
 24344574 9181821 6095.78589  125   59 6177.00000 5995.61297  2.94%  37.9 24620s
 24350665 9183757 6102.46096  104   45 6177.00000 5995.61382  2.94%  37.9 24625s
 24355789 9185649 6083.60979  101   42 6177.00000 5995.61418  2.94%  37.9 24630s
 24358119 9186926 6008.76075   80   51 6177.00000 5995.61472  2.94%  37.9 24635s
 24363579 9189260 6007.44971   92   55 6177.00000 5995.61506  2.94%  37.9 24640s
 24369585 9191175 infeasible  100      6177.00000 5995.61574  2.94%  37.9 24645s
 24375937 9193563 6088.65383   73   34 6177.00000 5995.61664  2.94%  37.9 24651s
 24381583 9195147 6093.91353   75   59 6177.00000 5995.61795  2.94%  37.8 24655s
 24387676 9197187 infeasible   57      6177.00000 5995.61903  2.94%  37.8 24660s
 24393296 9199373 infeasible   93      6177.00000 5995.61958  2.94%  37.8 24665s
 24399193 9201180 6003.65714   84   49 6177.00000 5995.62009  2.94%  37.8 24670s
 24405074 9203215     cutoff  100      6177.00000 5995.62081  2.94%  37.8 24675s
 24410308 9205199 6088.86077   97   50 6177.00000 5995.62173  2.94%  37.8 24680s
 24416298 9207128 infeasible   65      6177.00000 5995.62258  2.94%  37.8 24686s
 24421244 9209037 6029.79544   65   36 6177.00000 5995.62381  2.94%  37.8 24690s
 24426177 9210596 6094.96316   75   27 6177.00000 5995.62469  2.94%  37.8 24695s
 24431299 9212470 5996.31595   94   94 6177.00000 5995.62543  2.94%  37.8 24700s
 24437627 9214418 6130.58889   71   32 6177.00000 5995.62681  2.94%  37.8 24705s
 24442819 9216178 6089.25887   43  113 6177.00000 5995.62729  2.94%  37.8 24710s
 24449217 9218300 5999.55871   89   47 6177.00000 5995.62832  2.94%  37.8 24715s
 24455223 9220313 6112.29000   59   18 6177.00000 5995.62898  2.94%  37.8 24720s
 24460870 9222384 6051.40925   47   47 6177.00000 5995.62982  2.94%  37.8 24726s
 24466101 9224471 6050.15385  104   57 6177.00000 5995.63073  2.94%  37.8 24730s
 24471056 9226302 6026.22100   88   94 6177.00000 5995.63131  2.94%  37.8 24735s
 24477071 9228203 6015.67010   85   75 6177.00000 5995.63249  2.94%  37.8 24740s
 24482125 9230232 6108.36080   62   56 6177.00000 5995.63319  2.94%  37.8 24745s
 24486885 9231562 6121.40732   81   49 6177.00000 5995.63368  2.94%  37.8 24750s
 24492942 9233752 6017.95375   81  107 6177.00000 5995.63472  2.94%  37.8 24755s
 24495042 9234426 6003.78181   79   70 6177.00000 5995.63488  2.94%  37.8 24760s
 24500241 9236504 6010.69403   88   52 6177.00000 5995.63581  2.94%  37.8 24765s
 24506686 9238758 6108.73035  104   43 6177.00000 5995.63630  2.94%  37.8 24770s
 24511454 9240464 6024.81136   72   33 6177.00000 5995.63705  2.94%  37.8 24775s
 24517935 9242514 6013.57677   82  108 6177.00000 5995.63811  2.94%  37.8 24780s
 24522526 9243985 5997.69872   92   54 6177.00000 5995.63885  2.94%  37.8 24785s
 24528595 9245894 infeasible   85      6177.00000 5995.63990  2.94%  37.8 24790s
 24533290 9247750     cutoff   93      6177.00000 5995.64061  2.94%  37.8 24795s
 24538685 9249849     cutoff  115      6177.00000 5995.64149  2.94%  37.8 24800s
 24543640 9251527 infeasible  129      6177.00000 5995.64242  2.94%  37.8 24805s
 24550329 9254107 6004.19048   99   48 6177.00000 5995.64302  2.94%  37.8 24810s
 24556013 9256469 6062.67781  120   88 6177.00000 5995.64350  2.94%  37.8 24815s
 24562036 9258974 6089.90558   66   41 6177.00000 5995.64434  2.94%  37.8 24820s
 24567982 9261071     cutoff   71      6177.00000 5995.64518  2.94%  37.8 24825s
 24574517 9263797 infeasible   97      6177.00000 5995.64547  2.94%  37.8 24830s
 24580537 9265624 6126.57755  101   64 6177.00000 5995.64570  2.94%  37.8 24835s
 24585879 9267855 6014.73043  113   98 6177.00000 5995.64635  2.94%  37.8 24840s
 24592251 9270394 6124.61605   95   34 6177.00000 5995.64774  2.94%  37.8 24846s
 24597627 9272263 6013.47273   84   51 6177.00000 5995.64843  2.94%  37.8 24850s
 24602558 9274057     cutoff   96      6177.00000 5995.64914  2.94%  37.8 24855s
 24604668 9275068 6130.10180   92   59 6177.00000 5995.64950  2.94%  37.8 24861s
 24610299 9277279 infeasible  129      6177.00000 5995.65010  2.94%  37.8 24865s
 24615407 9279206 5997.08570   71   58 6177.00000 5995.65085  2.94%  37.8 24870s
 24621536 9281225 6057.05596   65   68 6177.00000 5995.65175  2.94%  37.8 24875s
 24623172 9282173 6103.23414   82   49 6177.00000 5995.65195  2.94%  37.8 24880s
 24625420 9285833 6109.02970   92  101 6177.00000 5995.65212  2.94%  37.8 24892s
 24636412 9286681 6081.59538   83   49 6177.00000 5995.65364  2.94%  37.8 24895s
 24642186 9288517 6083.25744   43  106 6177.00000 5995.65495  2.94%  37.8 24900s
 24647361 9290616 6026.59097  103   33 6177.00000 5995.65560  2.94%  37.8 24905s
 24652272 9292312 6018.11453   50   70 6177.00000 5995.65647  2.94%  37.8 24910s
 24659544 9295078 5995.83209   56   63 6177.00000 5995.65698  2.94%  37.8 24915s
 24664873 9297158 5996.00339  101  119 6177.00000 5995.65788  2.94%  37.8 24920s
 24670760 9299310 6122.33126   98   65 6177.00000 5995.65907  2.94%  37.8 24925s
 24675532 9300804 6094.23479   86   86 6177.00000 5995.65971  2.94%  37.8 24930s
 24681757 9302952 6090.30496   91   28 6177.00000 5995.66076  2.94%  37.8 24935s
 24686810 9304497 6111.20215   56   47 6177.00000 5995.66154  2.94%  37.8 24940s
 24693045 9306828 6052.63548   50  118 6177.00000 5995.66249  2.94%  37.8 24945s
 24699418 9308369     cutoff  104      6177.00000 5995.66333  2.94%  37.8 24950s
 24705019 9311136     cutoff   88      6177.00000 5995.66391  2.94%  37.8 24955s
 24710482 9312894 5999.26198   95  112 6177.00000 5995.66450  2.94%  37.8 24960s
 24716401 9314789 6096.92492   71   40 6177.00000 5995.66500  2.94%  37.8 24965s
 24721521 9316468 6094.53982  106   22 6177.00000 5995.66606  2.94%  37.8 24970s
 24727913 9318735 6094.05458   63   38 6177.00000 5995.66679  2.94%  37.8 24975s
 24734791 9321390     cutoff   74      6177.00000 5995.66762  2.94%  37.8 24981s
 24740855 9323548 6027.61907   78   25 6177.00000 5995.66828  2.94%  37.8 24985s
 24746727 9325410 6150.78073  103   62 6177.00000 5995.66913  2.94%  37.8 24990s
 24751432 9326794 6054.74274   80   79 6177.00000 5995.66997  2.94%  37.8 24995s
 24752530 9327506 6033.78895  107   78 6177.00000 5995.67021  2.94%  37.8 25000s
 24758833 9329857 infeasible  106      6177.00000 5995.67081  2.94%  37.8 25005s
 24764205 9331509 6131.81389   87   53 6177.00000 5995.67144  2.94%  37.8 25010s
 24770101 9334407 infeasible   95      6177.00000 5995.67232  2.94%  37.8 25015s
 24775551 9336496 6078.48106  119   67 6177.00000 5995.67284  2.94%  37.8 25020s
 24781476 9338450 5998.47041  107   98 6177.00000 5995.67360  2.94%  37.8 25025s
 24786082 9339862     cutoff  125      6177.00000 5995.67425  2.94%  37.8 25030s
 24792232 9341995 6094.00876   90   41 6177.00000 5995.67519  2.94%  37.8 25035s
 24797710 9343632 6089.50000   83   23 6177.00000 5995.67604  2.94%  37.8 25040s
 24803412 9345624 6006.97409   97   77 6177.00000 5995.67679  2.94%  37.8 25045s
 24808669 9347606 5998.33514  101   91 6177.00000 5995.67739  2.94%  37.8 25050s
 24815730 9350072 6090.17390   96   48 6177.00000 5995.67816  2.94%  37.8 25055s
 24821219 9352066     cutoff   72      6177.00000 5995.67852  2.94%  37.8 25060s
 24827386 9354212 infeasible  111      6177.00000 5995.67909  2.94%  37.8 25065s
 24833493 9356135 6079.47970   96   50 6177.00000 5995.68007  2.94%  37.8 25070s
 24839740 9358427     cutoff  106      6177.00000 5995.68065  2.94%  37.8 25075s
 24845066 9360167 6052.03843  108   54 6177.00000 5995.68134  2.94%  37.8 25080s
 24850055 9361553 6000.52023   78  100 6177.00000 5995.68197  2.94%  37.8 25085s
 24851424 9362203 6006.43130   93   51 6177.00000 5995.68219  2.94%  37.8 25090s
 24856842 9364335 6040.75365   96   54 6177.00000 5995.68321  2.94%  37.8 25095s
 24862399 9366520     cutoff  102      6177.00000 5995.68376  2.94%  37.8 25100s
 24869141 9369435 6029.46771   71  131 6177.00000 5995.68405  2.94%  37.8 25105s
 24874975 9371769 infeasible  114      6177.00000 5995.68469  2.94%  37.8 25110s
 24880699 9373723     cutoff   78      6177.00000 5995.68533  2.94%  37.8 25115s
 24885631 9375732 6002.69036  116   82 6177.00000 5995.68593  2.94%  37.8 25120s
 24892164 9377522     cutoff   84      6177.00000 5995.68679  2.94%  37.8 25125s
 24893367 9378289 6085.59424  105   36 6177.00000 5995.68679  2.94%  37.8 25130s
 24899690 9380768 6093.89349   86   17 6177.00000 5995.68801  2.94%  37.8 25135s
 24905217 9382817 6002.01804   70   50 6177.00000 5995.68867  2.94%  37.8 25140s
 24911366 9385256 6098.72143  117   61 6177.00000 5995.68980  2.94%  37.8 25146s
 24916483 9387127 infeasible  110      6177.00000 5995.69054  2.94%  37.8 25150s
 24923309 9389712 6060.98579  105   62 6177.00000 5995.69158  2.94%  37.8 25156s
 24928917 9392155 6013.98635   83   85 6177.00000 5995.69214  2.94%  37.8 25160s
 24934851 9394370 6005.34230   57  106 6177.00000 5995.69294  2.94%  37.8 25165s
 24941384 9396858     cutoff  117      6177.00000 5995.69353  2.94%  37.8 25170s
 24947046 9399088 6084.88851   64   34 6177.00000 5995.69382  2.94%  37.8 25175s
 24952178 9401076 6010.17870   96   48 6177.00000 5995.69464  2.94%  37.8 25180s
 24958430 9403663 6097.54329   93   30 6177.00000 5995.69484  2.94%  37.8 25186s
 24963754 9405584 6088.44308   62   25 6177.00000 5995.69562  2.94%  37.8 25190s
 24968820 9407295 6038.79709   76   56 6177.00000 5995.69641  2.94%  37.8 25195s
 24975230 9409732 6107.85241   47   51 6177.00000 5995.69694  2.94%  37.8 25201s
 24980305 9411684 6009.09745   78  128 6177.00000 5995.69729  2.94%  37.8 25205s
 24986446 9414116 6100.41116  110   40 6177.00000 5995.69822  2.94%  37.8 25210s
 24992605 9416684 5997.78476   86  104 6177.00000 5995.69914  2.94%  37.8 25215s
 24999058 9418495 6085.32629   50   47 6177.00000 5995.69969  2.94%  37.8 25220s
 25004203 9420277     cutoff   62      6177.00000 5995.70017  2.94%  37.8 25225s
 25009736 9422049 6038.99163   85   75 6177.00000 5995.70132  2.94%  37.8 25230s
 25015145 9424235 6088.39403  110   25 6177.00000 5995.70211  2.94%  37.8 25235s
 25021474 9426719 6033.15974   80   25 6177.00000 5995.70306  2.94%  37.8 25240s
 25023890 9427332 5996.60042   89   88 6177.00000 5995.70347  2.94%  37.8 25245s
 25027881 9429340 6128.93042  103   46 6177.00000 5995.70381  2.94%  37.8 25250s
 25033059 9431658 6019.66726   86   92 6177.00000 5995.70444  2.94%  37.8 25255s
 25040279 9434591 6030.83548  120   36 6177.00000 5995.70454  2.94%  37.8 25260s
 25046191 9436469 6036.31658   59   93 6177.00000 5995.70586  2.93%  37.8 25266s
 25051335 9437997 6048.30000   73   72 6177.00000 5995.70659  2.93%  37.8 25270s
 25056343 9439720     cutoff   75      6177.00000 5995.70724  2.93%  37.8 25275s
 25063193 9442351 infeasible  135      6177.00000 5995.70820  2.93%  37.8 25280s
 25068623 9444143 infeasible  112      6177.00000 5995.70890  2.93%  37.7 25285s
 25073464 9446363 6113.17667  106   32 6177.00000 5995.70949  2.93%  37.7 25290s
 25080155 9449290 6111.96000   84   35 6177.00000 5995.71039  2.93%  37.7 25296s
 25083307 9450985 6073.13026  112   79 6177.00000 5995.71051  2.93%  37.7 25300s
 25089454 9453253 6032.91568  138   59 6177.00000 5995.71120  2.93%  37.7 25305s
 25096446 9456308     cutoff   87      6177.00000 5995.71183  2.93%  37.7 25310s
 25097481 9456326     cutoff   82      6177.00000 5995.71189  2.93%  37.7 25316s
 25097553 9456347 6009.97267  111   55 6177.00000 5995.71189  2.93%  37.7 25320s
 25097598 9456367     cutoff  114      6177.00000 5995.71189  2.93%  37.7 25326s
 25097655 9456369 6018.25970  117   53 6177.00000 5995.71189  2.93%  37.7 25331s
 25097704 9456383 6055.19043   72   83 6177.00000 5995.71189  2.93%  37.7 25335s
 25098011 9456548 6058.07686   75   50 6177.00000 5995.71189  2.93%  37.7 25341s
 25098777 9456850 6143.06987  110   82 6177.00000 5995.71189  2.93%  37.7 25346s
 25101378 9458011 6118.96422   99   36 6177.00000 5995.71263  2.93%  37.7 25350s
 25107613 9460061 infeasible  102      6177.00000 5995.71337  2.93%  37.7 25355s
 25112981 9462202     cutoff   56      6177.00000 5995.71395  2.93%  37.7 25360s
 25115421 9462994 6092.09078  101   47 6177.00000 5995.71409  2.93%  37.7 25365s
 25120800 9465303 6058.54340   60   83 6177.00000 5995.71489  2.93%  37.7 25370s
 25125866 9467730 6107.42081  107   47 6177.00000 5995.71504  2.93%  37.7 25375s
 25131794 9470029 5999.44618  105   59 6177.00000 5995.71552  2.93%  37.7 25380s
 25136299 9471120 6098.39231  115   44 6177.00000 5995.71583  2.93%  37.7 25385s
 25136317 9475591 infeasible  116      6177.00000 5995.71583  2.93%  37.7 25397s
 25148317 9476113 6126.20000  109   16 6177.00000 5995.71711  2.93%  37.7 25400s
 25154630 9478247 5997.03127   89   98 6177.00000 5995.71837  2.93%  37.7 25405s
 25160941 9479876 6094.55538   58   33 6177.00000 5995.71951  2.93%  37.7 25410s
 25166316 9482102 6014.90687   90   70 6177.00000 5995.71979  2.93%  37.7 25415s
 25172795 9484713 6102.21510   86   46 6177.00000 5995.72051  2.93%  37.7 25420s
 25178254 9486570 6088.71500   45   24 6177.00000 5995.72121  2.93%  37.7 25425s
 25184426 9488430     cutoff  108      6177.00000 5995.72193  2.93%  37.7 25430s
 25190894 9491230 6014.29626   89   50 6177.00000 5995.72262  2.93%  37.7 25435s
 25197440 9493261 6025.21507   45  178 6177.00000 5995.72351  2.93%  37.7 25440s
 25202688 9495004 6015.91000  107   31 6177.00000 5995.72412  2.93%  37.7 25445s
 25208867 9497209     cutoff   76      6177.00000 5995.72551  2.93%  37.7 25451s
 25213838 9498783 6121.14921  103   41 6177.00000 5995.72649  2.93%  37.7 25455s
 25218482 9500506 6110.96941  117   47 6177.00000 5995.72732  2.93%  37.7 25460s
 25223575 9502316 6029.28811   59   53 6177.00000 5995.72816  2.93%  37.7 25465s
 25230333 9505021 5997.61569  103   77 6177.00000 5995.72881  2.93%  37.7 25470s
 25236710 9507554 6003.64175  105  144 6177.00000 5995.72961  2.93%  37.7 25475s
 25242826 9509834 6122.98083   81   28 6177.00000 5995.73034  2.93%  37.7 25480s
 25248229 9512045     cutoff   80      6177.00000 5995.73117  2.93%  37.7 25485s
 25253925 9514057 6002.25270   74   61 6177.00000 5995.73173  2.93%  37.7 25490s
 25260126 9516681 infeasible   61      6177.00000 5995.73237  2.93%  37.7 25495s
 25266258 9519002 6094.91715   99   80 6177.00000 5995.73344  2.93%  37.7 25501s
 25271578 9520646 6097.81252  102   20 6177.00000 5995.73435  2.93%  37.7 25505s
 25277548 9522939 infeasible  119      6177.00000 5995.73482  2.93%  37.7 25510s
 25284581 9525630 6155.53324   87   72 6177.00000 5995.73544  2.93%  37.7 25515s
 25290560 9527730 6002.40191  111   70 6177.00000 5995.73626  2.93%  37.7 25520s
 25294974 9528695     cutoff   56      6177.00000 5995.73730  2.93%  37.7 25525s
 25297379 9530211     cutoff   67      6177.00000 5995.73763  2.93%  37.7 25530s
 25302695 9532513 6020.03664   81   50 6177.00000 5995.73824  2.93%  37.7 25535s
 25309098 9535182 6001.88289   94   46 6177.00000 5995.73850  2.93%  37.7 25540s
 25316615 9537609 6096.89769   83   22 6177.00000 5995.73926  2.93%  37.7 25545s
 25321783 9539784 6003.09073   60   62 6177.00000 5995.73980  2.93%  37.7 25550s
 25327931 9542028 6106.07300   96   70 6177.00000 5995.74040  2.93%  37.7 25556s
 25333427 9544153 6141.07862   89   45 6177.00000 5995.74110  2.93%  37.7 25560s
 25338755 9546001 6156.30653   89   48 6177.00000 5995.74176  2.93%  37.7 25565s
 25344745 9548347 6012.64104  119   33 6177.00000 5995.74243  2.93%  37.7 25570s
 25351175 9550632 infeasible   78      6177.00000 5995.74341  2.93%  37.7 25575s
 25355740 9552344 6019.76273   64   55 6177.00000 5995.74393  2.93%  37.7 25580s
 25362839 9555157 6024.40950   69   63 6177.00000 5995.74498  2.93%  37.7 25585s
 25367895 9556951 6124.05000   83   18 6177.00000 5995.74569  2.93%  37.7 25590s
 25373465 9558917 6009.66200  120   71 6177.00000 5995.74652  2.93%  37.7 25595s
 25379763 9561168 6009.84353  111   48 6177.00000 5995.74717  2.93%  37.7 25600s
 25385288 9563477 5997.09934   61   61 6177.00000 5995.74747  2.93%  37.7 25605s
 25391421 9565510 6051.30777   53   94 6177.00000 5995.74841  2.93%  37.7 25611s
 25396521 9567046 6001.29723  104   62 6177.00000 5995.74912  2.93%  37.7 25615s
 25402613 9569446     cutoff  108      6177.00000 5995.75005  2.93%  37.7 25620s
 25409246 9571700 6081.17765  121   48 6177.00000 5995.75078  2.93%  37.7 25626s
 25414394 9573893 6013.76314   81   82 6177.00000 5995.75132  2.93%  37.7 25630s
 25420660 9575657 5996.34341   99   66 6177.00000 5995.75183  2.93%  37.7 25635s
 25426172 9577924     cutoff   82      6177.00000 5995.75245  2.93%  37.7 25640s
 25432853 9580263 6090.54951   55   35 6177.00000 5995.75313  2.93%  37.7 25645s
 25439184 9582352 6101.51667   88   34 6177.00000 5995.75402  2.93%  37.7 25650s
 25443916 9584198 6000.12807  101   67 6177.00000 5995.75463  2.93%  37.7 25655s
 25446659 9589109 6015.02599   65   58 6177.00000 5995.75498  2.93%  37.7 25670s
 25461748 9591265 5995.76276   80   70 6177.00000 5995.75719  2.93%  37.7 25675s
 25467506 9593364 6121.74324  148   92 6177.00000 5995.75766  2.93%  37.7 25680s
 25473991 9595718 6111.50281   63   46 6177.00000 5995.75856  2.93%  37.7 25685s
 25478506 9597551 6033.24875   98   42 6177.00000 5995.75908  2.93%  37.7 25690s
 25485983 9600784 5996.16821   37   83 6177.00000 5995.75945  2.93%  37.7 25695s
 25491635 9602803 6061.10379  115  127 6177.00000 5995.76021  2.93%  37.7 25700s
 25496578 9604698 infeasible   70      6177.00000 5995.76092  2.93%  37.7 25705s
 25501739 9606575 6007.62700   64   41 6177.00000 5995.76144  2.93%  37.7 25710s
 25509217 9609160     cutoff   94      6177.00000 5995.76175  2.93%  37.7 25715s
 25514508 9611317     cutoff   99      6177.00000 5995.76175  2.93%  37.7 25720s
 25521004 9613791 infeasible   92      6177.00000 5995.76205  2.93%  37.7 25725s
 25526787 9615784 6009.59479   72   29 6177.00000 5995.76275  2.93%  37.7 25730s
 25533173 9618525 6109.03736   91   50 6177.00000 5995.76394  2.93%  37.7 25736s
 25539182 9620476 6000.48794   94   89 6177.00000 5995.76415  2.93%  37.7 25740s
 25545571 9622437 infeasible   87      6177.00000 5995.76490  2.93%  37.7 25745s
 25551261 9624330     cutoff   91      6177.00000 5995.76572  2.93%  37.7 25750s
 25557261 9626620 6078.20204   98   68 6177.00000 5995.76662  2.93%  37.7 25755s
 25563749 9628858 6011.85275   79   56 6177.00000 5995.76696  2.93%  37.7 25760s
 25568665 9631208 6115.37500   76   22 6177.00000 5995.76778  2.93%  37.7 25765s
 25574430 9633387 6071.67337   72   80 6177.00000 5995.76830  2.93%  37.7 25770s
 25579910 9635652 6119.39719   95   60 6177.00000 5995.76855  2.93%  37.7 25775s
 25586279 9638334 6003.80215   79   43 6177.00000 5995.76922  2.93%  37.7 25780s
 25592396 9640847 6032.94860  105   38 6177.00000 5995.77003  2.93%  37.7 25786s
 25597678 9642155 6034.95661   96   97 6177.00000 5995.77046  2.93%  37.7 25790s
 25599119 9643192 6025.02245   87   33 6177.00000 5995.77066  2.93%  37.7 25795s
 25605258 9645398 5996.87713  101   88 6177.00000 5995.77174  2.93%  37.7 25800s
 25610549 9647275 6002.04946   63   48 6177.00000 5995.77225  2.93%  37.7 25805s
 25617250 9649546 6030.78687   98   60 6177.00000 5995.77251  2.93%  37.7 25810s
 25622207 9651409 6059.86204   70  114 6177.00000 5995.77283  2.93%  37.7 25815s
 25628175 9653308 6127.32327   98   92 6177.00000 5995.77340  2.93%  37.6 25820s
 25632964 9654978 6033.22308   83   46 6177.00000 5995.77425  2.93%  37.6 25825s
 25638969 9656694 6101.92061   75   40 6177.00000 5995.77500  2.93%  37.6 25830s
 25643883 9658486 6010.95741   66   90 6177.00000 5995.77534  2.93%  37.6 25835s
 25650101 9660775 6086.58252   65   47 6177.00000 5995.77592  2.93%  37.6 25840s
 25655874 9662937 6093.76392   38   43 6177.00000 5995.77663  2.93%  37.6 25845s
 25661806 9665110 6097.17658  101   38 6177.00000 5995.77746  2.93%  37.6 25850s
 25668230 9667183 5995.77782  106   93 6177.00000 5995.77782  2.93%  37.6 25855s
 25673754 9669138 6101.13000   72   30 6177.00000 5995.77853  2.93%  37.6 25860s
 25678661 9671013     cutoff  115      6177.00000 5995.77914  2.93%  37.6 25865s
 25685014 9673516 6103.59136   98   18 6177.00000 5995.78036  2.93%  37.6 25871s
 25689801 9675075 6011.22265   92   49 6177.00000 5995.78116  2.93%  37.6 25875s
 25695495 9677507 6000.26932   79   44 6177.00000 5995.78140  2.93%  37.6 25880s
 25701391 9679830 6068.20329  139   68 6177.00000 5995.78160  2.93%  37.6 25885s
 25707959 9681969 6100.26541   90   60 6177.00000 5995.78226  2.93%  37.6 25890s
 25713192 9684252 infeasible   54      6177.00000 5995.78281  2.93%  37.6 25895s
 25719297 9686232 6007.54980  132   37 6177.00000 5995.78355  2.93%  37.6 25900s
 25725594 9688690 6020.44341  105  111 6177.00000 5995.78398  2.93%  37.6 25906s
 25731022 9691413 6035.15326  100   91 6177.00000 5995.78413  2.93%  37.6 25910s
 25738124 9693817 6037.08527   98  180 6177.00000 5995.78493  2.93%  37.6 25915s
 25743519 9695616 5997.03850   91   84 6177.00000 5995.78560  2.93%  37.6 25920s
 25749984 9698371     cutoff   96      6177.00000 5995.78626  2.93%  37.6 25926s
 25754949 9700487 6029.77582   92   47 6177.00000 5995.78663  2.93%  37.6 25930s
 25756645 9700966 6051.96000  101   32 6177.00000 5995.78663  2.93%  37.6 25935s
 25762686 9703081 5996.85411   61   75 6177.00000 5995.78738  2.93%  37.6 25940s
 25768406 9704972     cutoff   85      6177.00000 5995.78797  2.93%  37.6 25945s
 25774264 9707621 6088.21610   96   51 6177.00000 5995.78864  2.93%  37.6 25950s
 25779751 9709838 6018.91044  101   54 6177.00000 5995.78945  2.93%  37.6 25955s
 25786414 9712229 6074.82023  108   53 6177.00000 5995.78989  2.93%  37.6 25960s
 25792421 9714783 5999.50982   41   61 6177.00000 5995.79026  2.93%  37.6 25965s
 25797775 9716527 5995.89540   75  115 6177.00000 5995.79093  2.93%  37.6 25970s
 25804292 9718506 6082.84722   63   56 6177.00000 5995.79199  2.93%  37.6 25975s
 25808841 9719974 6036.65271   62  129 6177.00000 5995.79292  2.93%  37.6 25980s
 25815096 9722902 6090.93900  105   61 6177.00000 5995.79359  2.93%  37.6 25985s
 25820407 9725049 6112.49098  102   95 6177.00000 5995.79434  2.93%  37.6 25991s
 25825162 9726763 6025.58079  113   51 6177.00000 5995.79520  2.93%  37.6 25995s
 25831026 9728700 infeasible   80      6177.00000 5995.79581  2.93%  37.6 26000s
 25835747 9731115 6113.08974   85   33 6177.00000 5995.79596  2.93%  37.6 26005s
 25841585 9733042 6078.00137   87   28 6177.00000 5995.79660  2.93%  37.6 26010s
 25848038 9735629     cutoff   91      6177.00000 5995.79768  2.93%  37.6 26015s
 25853098 9737273 6013.05250   96   53 6177.00000 5995.79832  2.93%  37.6 26020s
 25859460 9739337 6102.00000   52    7 6177.00000 5995.79862  2.93%  37.6 26025s
 25865342 9741562 infeasible   95      6177.00000 5995.79953  2.93%  37.6 26030s
 25870775 9743383 6002.44821   46   73 6177.00000 5995.79986  2.93%  37.6 26035s
 25876690 9745875 6137.43333   63   27 6177.00000 5995.80040  2.93%  37.6 26040s
 25881554 9747501 6019.16947  109   96 6177.00000 5995.80100  2.93%  37.6 26045s
 25886857 9749666     cutoff  102      6177.00000 5995.80153  2.93%  37.6 26050s
 25893283 9752039 6000.09827   65   60 6177.00000 5995.80254  2.93%  37.6 26055s
 25899541 9754685 6078.82500   88   38 6177.00000 5995.80331  2.93%  37.6 26060s
 25904970 9756427 6103.16444   77   39 6177.00000 5995.80363  2.93%  37.6 26066s
 25904993 9761212 6103.16472   78   37 6177.00000 5995.80363  2.93%  37.6 26079s
 25916993 9762188 infeasible   85      6177.00000 5995.80485  2.93%  37.6 26081s
 25922373 9764249 6092.21207   53   66 6177.00000 5995.80540  2.93%  37.6 26085s
 25928090 9766075 infeasible   99      6177.00000 5995.80641  2.93%  37.6 26090s
 25934414 9768152 6107.47362   41   72 6177.00000 5995.80755  2.93%  37.6 26095s
 25939290 9769846 6108.84677   66  102 6177.00000 5995.80800  2.93%  37.6 26100s
 25944430 9772151 6134.51818   74   56 6177.00000 5995.80938  2.93%  37.6 26105s
 25950670 9774083 6041.87032   95   48 6177.00000 5995.81048  2.93%  37.6 26111s
 25955695 9775659     cutoff   91      6177.00000 5995.81155  2.93%  37.6 26115s
 25960057 9776990 6122.66802  109   40 6177.00000 5995.81249  2.93%  37.6 26120s
 25966260 9779274 6013.88666  102   53 6177.00000 5995.81318  2.93%  37.6 26125s
 25972609 9781397     cutoff   97      6177.00000 5995.81403  2.93%  37.6 26131s
 25977586 9783301 infeasible   99      6177.00000 5995.81485  2.93%  37.6 26135s
 25982805 9785122 5997.03462   55   53 6177.00000 5995.81527  2.93%  37.6 26140s
 25989395 9787877     cutoff   96      6177.00000 5995.81606  2.93%  37.6 26145s
 25995816 9789995 5995.91629   78   48 6177.00000 5995.81639  2.93%  37.6 26150s
 26000412 9791259 5999.55182   87   42 6177.00000 5995.81694  2.93%  37.6 26155s
 26006362 9793632 6152.84361   95   50 6177.00000 5995.81821  2.93%  37.6 26161s
 26012319 9795922 5998.49370   85   97 6177.00000 5995.81863  2.93%  37.6 26165s
 26017442 9797627 6063.51119   77   74 6177.00000 5995.81951  2.93%  37.6 26170s
 26022934 9799738 6051.32012   73   87 6177.00000 5995.82032  2.93%  37.6 26175s
 26029550 9801986 6018.71035  110   59 6177.00000 5995.82110  2.93%  37.6 26180s
 26035556 9804105 6040.21861  108   49 6177.00000 5995.82202  2.93%  37.6 26185s
 26040874 9806179 6060.08039   83  135 6177.00000 5995.82255  2.93%  37.6 26190s
 26047926 9808919 6002.82550   43   71 6177.00000 5995.82323  2.93%  37.6 26195s
 26054166 9811257     cutoff   85      6177.00000 5995.82369  2.93%  37.6 26200s
 26060404 9814002 6090.51644  107   56 6177.00000 5995.82468  2.93%  37.6 26205s
 26065185 9815749 6033.67589  106   29 6177.00000 5995.82504  2.93%  37.6 26210s
 26071373 9817995 6004.29827  117   36 6177.00000 5995.82583  2.93%  37.6 26215s
 26075804 9819366     cutoff   71      6177.00000 5995.82639  2.93%  37.6 26220s
 26082708 9822700 6001.30622   97   37 6177.00000 5995.82685  2.93%  37.6 26225s
 26088077 9824592     cutoff  111      6177.00000 5995.82732  2.93%  37.6 26230s
 26094548 9826827     cutoff   98      6177.00000 5995.82816  2.93%  37.6 26235s
 26101409 9829607 6140.49673  109   41 6177.00000 5995.82899  2.93%  37.6 26240s
 26106689 9831631 6023.19467   82   42 6177.00000 5995.82977  2.93%  37.6 26246s
 26111757 9833422 6008.55255   51  131 6177.00000 5995.83039  2.93%  37.6 26250s
 26118657 9836200     cutoff  100      6177.00000 5995.83100  2.93%  37.6 26255s
 26124218 9837968 6010.62023   53   79 6177.00000 5995.83183  2.93%  37.6 26260s
 26131282 9840826 6094.99348   97   12 6177.00000 5995.83266  2.93%  37.6 26265s
 26136295 9841822 6034.21550   75  151 6177.00000 5995.83315  2.93%  37.6 26272s
 26136314 9841821 6034.23145   76  150 6177.00000 5995.83315  2.93%  37.6 26275s
 26140786 9844103 6106.29307  109   46 6177.00000 5995.83374  2.93%  37.6 26280s
 26145794 9845880 6149.66667   67   14 6177.00000 5995.83402  2.93%  37.6 26285s
 26152208 9848028 infeasible  114      6177.00000 5995.83545  2.93%  37.6 26290s
 26157391 9850100     cutoff   68      6177.00000 5995.83606  2.93%  37.6 26295s
 26163834 9852540     cutoff   88      6177.00000 5995.83693  2.93%  37.6 26300s
 26168471 9854251 infeasible   86      6177.00000 5995.83746  2.93%  37.6 26305s
 26174841 9856524 6092.33448  111   16 6177.00000 5995.83822  2.93%  37.6 26310s
 26180682 9858649 5998.36612   80   41 6177.00000 5995.83853  2.93%  37.6 26315s
 26186344 9861321 6001.88078   94   46 6177.00000 5995.83897  2.93%  37.6 26320s
 26192004 9863456 infeasible   89      6177.00000 5995.83952  2.93%  37.6 26325s
 26198912 9866120 6037.63704   77   72 6177.00000 5995.84001  2.93%  37.6 26330s
 26204689 9867965 6114.79268   83   34 6177.00000 5995.84071  2.93%  37.6 26335s
 26209510 9869870 6088.82053  101  113 6177.00000 5995.84111  2.93%  37.6 26340s
 26216772 9872412 6017.89050  117   52 6177.00000 5995.84167  2.93%  37.6 26345s
 26223217 9874698 6002.81235  113   33 6177.00000 5995.84209  2.93%  37.6 26350s
 26227767 9876453 6111.80000   41   36 6177.00000 5995.84246  2.93%  37.6 26355s
 26233719 9878507 6060.83065   88   61 6177.00000 5995.84290  2.93%  37.6 26360s
 26240155 9880825     cutoff  113      6177.00000 5995.84362  2.93%  37.6 26365s
 26245995 9883405 6056.12942   77   53 6177.00000 5995.84385  2.93%  37.6 26370s
 26250836 9885178 6095.47607   85   32 6177.00000 5995.84460  2.93%  37.6 26375s
 26256328 9887607 6003.83173   78   98 6177.00000 5995.84543  2.93%  37.5 26380s
 26261364 9889100 6129.62674   77   45 6177.00000 5995.84580  2.93%  37.5 26385s
 26267723 9891271 5996.94484   82   90 6177.00000 5995.84653  2.93%  37.5 26390s
 26274349 9893512     cutoff   66      6177.00000 5995.84706  2.93%  37.5 26395s
 26280172 9895326     cutoff   68      6177.00000 5995.84789  2.93%  37.5 26400s
 26285447 9897544 6055.56667   85   76 6177.00000 5995.84827  2.93%  37.5 26405s
 26292118 9899810     cutoff   90      6177.00000 5995.84900  2.93%  37.5 26410s
 26297473 9901599 6002.71718   78   67 6177.00000 5995.84939  2.93%  37.5 26415s
 26303232 9903648     cutoff   80      6177.00000 5995.85028  2.93%  37.5 26420s
 26308493 9905546 6141.68507   44   89 6177.00000 5995.85077  2.93%  37.5 26425s
 26315170 9907724 6094.15670   98   24 6177.00000 5995.85156  2.93%  37.5 26430s
 26321343 9910014 6099.92922  101   74 6177.00000 5995.85199  2.93%  37.5 26435s
 26328603 9912832 6004.49812   83   55 6177.00000 5995.85258  2.93%  37.5 26440s
 26334152 9914851 6115.23036   88   44 6177.00000 5995.85355  2.93%  37.5 26445s
 26339914 9916904 6077.94569   90   42 6177.00000 5995.85400  2.93%  37.5 26450s
 26346321 9918764 6009.67337  137   42 6177.00000 5995.85501  2.93%  37.5 26455s
 26351395 9920383 6111.70785  131   44 6177.00000 5995.85584  2.93%  37.5 26460s
 26358267 9923394 6049.54117   86  106 6177.00000 5995.85669  2.93%  37.5 26465s
 26364507 9925933 6099.87552   75   51 6177.00000 5995.85719  2.93%  37.5 26470s
 26370304 9928056 infeasible   48      6177.00000 5995.85779  2.93%  37.5 26475s
 26374883 9929267 infeasible  108      6177.00000 5995.85848  2.93%  37.5 26480s
 26377379 9930745 6009.88412   73   49 6177.00000 5995.85879  2.93%  37.5 26485s
 26383061 9932579 6109.87110   77   48 6177.00000 5995.85897  2.93%  37.5 26490s
 26388889 9934629 5996.67217   89   62 6177.00000 5995.85965  2.93%  37.5 26495s
 26394352 9936389 infeasible   81      6177.00000 5995.86014  2.93%  37.5 26500s
 26399745 9938051 6117.15000   56   23 6177.00000 5995.86067  2.93%  37.5 26505s
 26406468 9939811     cutoff  115      6177.00000 5995.86118  2.93%  37.5 26510s
 26409846 9940982 6031.00894   85   63 6177.00000 5995.86150  2.93%  37.5 26515s
 26415073 9942881     cutoff   72      6177.00000 5995.86189  2.93%  37.5 26520s
 26420347 9944839 6103.98018   66   54 6177.00000 5995.86245  2.93%  37.5 26525s
 26425762 9946590     cutoff   73      6177.00000 5995.86262  2.93%  37.5 26530s
 26432014 9948594 6018.30220   63   55 6177.00000 5995.86343  2.93%  37.5 26535s
 26438413 9950819 5998.87222  106   54 6177.00000 5995.86394  2.93%  37.5 26540s
 26443290 9952304 infeasible   76      6177.00000 5995.86455  2.93%  37.5 26545s
 26448385 9953975 6108.23846   84   41 6177.00000 5995.86520  2.93%  37.5 26550s
 26455100 9956393 6124.15044   40   72 6177.00000 5995.86599  2.93%  37.5 26555s
 26460304 9958440 6021.64125   78   79 6177.00000 5995.86658  2.93%  37.5 26560s
 26466554 9960689 infeasible   86      6177.00000 5995.86685  2.93%  37.5 26565s
 26471714 9962441 6140.13762  108   36 6177.00000 5995.86768  2.93%  37.5 26570s
 26476757 9964439 infeasible  107      6177.00000 5995.86831  2.93%  37.5 26575s
 26483715 9967014 6093.40772   87   79 6177.00000 5995.86929  2.93%  37.5 26581s
 26487324 9968338 6047.06533  109   87 6177.00000 5995.86970  2.93%  37.5 26585s
 26493977 9970732 6000.09190  109   64 6177.00000 5995.87067  2.93%  37.5 26590s
 26498876 9972378 6008.65985   82  108 6177.00000 5995.87132  2.93%  37.5 26595s
 26505315 9974826 infeasible  117      6177.00000 5995.87210  2.93%  37.5 26600s
 26511069 9976685 6085.23705   94   39 6177.00000 5995.87249  2.93%  37.5 26605s
 26514065 9977444 6012.23760  126   64 6177.00000 5995.87279  2.93%  37.5 26610s
 26519186 9979731 6167.57076  103   35 6177.00000 5995.87331  2.93%  37.5 26616s
 26524438 9981887 5997.88678   93   59 6177.00000 5995.87377  2.93%  37.5 26620s
 26529899 9983907 infeasible  101      6177.00000 5995.87450  2.93%  37.5 26625s
 26536281 9986555 6101.99500   95   36 6177.00000 5995.87532  2.93%  37.5 26630s
 26542862 9988584 5995.87789   51   68 6177.00000 5995.87615  2.93%  37.5 26635s
 26547784 9990008 6008.75626   81   45 6177.00000 5995.87701  2.93%  37.5 26640s
 26553002 9991668 6046.77630   66   69 6177.00000 5995.87765  2.93%  37.5 26645s
 26559765 9994663 6040.93825   73  103 6177.00000 5995.87765  2.93%  37.5 26650s
 26564644 9996812 6109.99714   87   61 6177.00000 5995.87790  2.93%  37.5 26655s
 26570290 9999632     cutoff   74      6177.00000 5995.87807  2.93%  37.5 26660s
 26575320 10001805 6084.73779  142   47 6177.00000 5995.87807  2.93%  37.5 26665s
 26581545 10004461 5998.23289   99   52 6177.00000 5995.87850  2.93%  37.5 26671s
 26586592 10006325 6002.96784   79   64 6177.00000 5995.87854  2.93%  37.5 26675s
 26591859 10008256 6056.21779   96   89 6177.00000 5995.87900  2.93%  37.5 26680s
 26598253 10010381 6102.22118  104   18 6177.00000 5995.87974  2.93%  37.5 26685s
 26604707 10012425 6108.76285   65   69 6177.00000 5995.88054  2.93%  37.5 26690s
 26610992 10014332 6060.16622   92   79 6177.00000 5995.88110  2.93%  37.5 26696s
 26616076 10016211 6021.00262   67   83 6177.00000 5995.88162  2.93%  37.5 26700s
 26621165 10018226 6102.30396   87   27 6177.00000 5995.88263  2.93%  37.5 26705s
 26626323 10020210 6021.21186   73   54 6177.00000 5995.88285  2.93%  37.5 26710s
 26632465 10022738 6136.28250   95   38 6177.00000 5995.88333  2.93%  37.5 26716s
 26633798 10022885 6106.68941   89   62 6177.00000 5995.88333  2.93%  37.5 26720s
 26639131 10025203 5998.24403   70   92 6177.00000 5995.88387  2.93%  37.5 26725s
 26645343 10027202 5998.35837   67   67 6177.00000 5995.88445  2.93%  37.5 26731s
 26650261 10028812     cutoff   97      6177.00000 5995.88523  2.93%  37.5 26735s
 26656420 10030879 6079.13088  111   51 6177.00000 5995.88596  2.93%  37.5 26740s
 26659650 10031977 6117.51628   79   51 6177.00000 5995.88642  2.93%  37.5 26745s
 26663329 10033675 infeasible  111      6177.00000 5995.88673  2.93%  37.5 26750s
 26669019 10036281     cutoff  104      6177.00000 5995.88713  2.93%  37.5 26755s
 26675839 10039326 6002.59091   62   81 6177.00000 5995.88744  2.93%  37.5 26760s
 26681745 10041272 6106.16417   72   28 6177.00000 5995.88761  2.93%  37.5 26765s
 26688067 10043757 infeasible   89      6177.00000 5995.88847  2.93%  37.5 26770s
 26693441 10045650 6019.75764   93   55 6177.00000 5995.88897  2.93%  37.5 26775s
 26698902 10048163 6039.52690  116   63 6177.00000 5995.88961  2.93%  37.5 26780s
 26705446 10050288     cutoff   77      6177.00000 5995.89026  2.93%  37.5 26785s
 26711473 10052395 6014.30978   91   60 6177.00000 5995.89080  2.93%  37.5 26790s
 26717112 10054451 6032.34252  107   90 6177.00000 5995.89153  2.93%  37.5 26795s
 26723162 10056818 6096.16256   76   29 6177.00000 5995.89248  2.93%  37.5 26800s
 26728800 10058832 5996.64757  101  106 6177.00000 5995.89322  2.93%  37.5 26805s
 26734581 10061221 6038.87108  104   64 6177.00000 5995.89372  2.93%  37.5 26810s
 26740585 10063757 6007.99500   78   54 6177.00000 5995.89442  2.93%  37.5 26815s
 26746157 10065814 infeasible  122      6177.00000 5995.89442  2.93%  37.5 26820s
 26752114 10067906 6064.23092   85  129 6177.00000 5995.89539  2.93%  37.5 26825s
 26757374 10069969 6020.20183   70   85 6177.00000 5995.89629  2.93%  37.5 26830s
 26762543 10072026 6070.04000   56   27 6177.00000 5995.89674  2.93%  37.5 26835s
 26768594 10074168 6005.15041  107   46 6177.00000 5995.89755  2.93%  37.5 26840s
 26773952 10076026 6030.32228   69   60 6177.00000 5995.89782  2.93%  37.5 26845s
 26780397 10078697 6088.41375   67   57 6177.00000 5995.89879  2.93%  37.5 26851s
 26785678 10080755 6082.04723   91   55 6177.00000 5995.89935  2.93%  37.5 26855s
 26792152 10083489 6120.21765   39   77 6177.00000 5995.89994  2.93%  37.5 26860s
 26797333 10085363 5997.00063   92   81 6177.00000 5995.90038  2.93%  37.5 26865s
 26803725 10088033 6011.00907   70   81 6177.00000 5995.90083  2.93%  37.5 26870s
 26809757 10089635 6079.55839   95   59 6177.00000 5995.90158  2.93%  37.5 26875s
 26815591 10091015 6080.40649   89   46 6177.00000 5995.90187  2.93%  37.5 26880s
 26816254 10092162 6027.42540   81   48 6177.00000 5995.90207  2.93%  37.5 26885s
 26822005 10094440 6029.30370   87   45 6177.00000 5995.90229  2.93%  37.5 26890s
 26829349 10096987 6150.41000   68   25 6177.00000 5995.90275  2.93%  37.5 26895s
 26834983 10099323 6039.98928  117   51 6177.00000 5995.90353  2.93%  37.5 26900s
 26840996 10101429 6032.48728   93   48 6177.00000 5995.90412  2.93%  37.5 26905s
 26846129 10103358 6099.10045   62   52 6177.00000 5995.90492  2.93%  37.5 26910s
 26852900 10106287 6091.44752  126   50 6177.00000 5995.90552  2.93%  37.5 26915s
 26857817 10108108 6112.74669  119   84 6177.00000 5995.90605  2.93%  37.5 26920s
 26863524 10110337 6028.26695  118   72 6177.00000 5995.90703  2.93%  37.5 26925s
 26870288 10112710 infeasible  108      6177.00000 5995.90779  2.93%  37.5 26930s
 26875167 10114305 6050.30876   61   47 6177.00000 5995.90836  2.93%  37.5 26935s
 26876558 10114304 6027.33884   93   83 6177.00000 5995.90854  2.93%  37.5 26940s
 26876626 10114325 6100.28137   93   35 6177.00000 5995.90854  2.93%  37.5 26947s
 26876647 10114330 6102.20061   94   34 6177.00000 5995.90854  2.93%  37.5 26950s
 26876721 10114344 5996.12210   84  117 6177.00000 5995.90855  2.93%  37.5 26956s
 26876773 10114369 5996.12210   86  117 6177.00000 5995.90855  2.93%  37.5 26960s
 26877100 10114589 5996.12210   89  117 6177.00000 5995.90855  2.93%  37.5 26966s
 26880077 10115790 6003.01006   45  112 6177.00000 5995.90865  2.93%  37.5 26970s
 26884891 10117876 6109.22332   83   48 6177.00000 5995.90966  2.93%  37.5 26976s
 26889842 10119969 6020.40128   81   37 6177.00000 5995.91004  2.93%  37.5 26980s
 26896047 10122194 5998.57048   83  110 6177.00000 5995.91107  2.93%  37.5 26986s
 26900713 10123934 6006.59974   69   37 6177.00000 5995.91152  2.93%  37.5 26990s
 26906959 10125811     cutoff   57      6177.00000 5995.91265  2.93%  37.5 26996s
 26912079 10127497 6000.65362   80   58 6177.00000 5995.91351  2.93%  37.5 27000s
 26918216 10129274 6122.27344   96   29 6177.00000 5995.91447  2.93%  37.5 27005s
 26922900 10130951     cutoff   96      6177.00000 5995.91502  2.93%  37.5 27010s
 26928838 10133050     cutoff  103      6177.00000 5995.91567  2.93%  37.5 27015s
 26934142 10135498 6103.86359   65  122 6177.00000 5995.91628  2.93%  37.4 27020s
 26940168 10137145 6051.55896   86  106 6177.00000 5995.91701  2.93%  37.4 27025s
 26941372 10137905 6114.85347   80   43 6177.00000 5995.91720  2.93%  37.4 27030s
 26946646 10139529     cutoff   86      6177.00000 5995.91779  2.93%  37.4 27035s
 26951212 10141117 6005.16389   96   70 6177.00000 5995.91875  2.93%  37.4 27040s
 26957565 10143349 6096.28571   69   16 6177.00000 5995.91990  2.93%  37.4 27045s
 26962588 10145267 6140.49671  117   74 6177.00000 5995.92065  2.93%  37.4 27050s
 26969187 10147994 6099.88774  109   35 6177.00000 5995.92120  2.93%  37.4 27055s
 26975191 10150180 6019.39250   76   42 6177.00000 5995.92203  2.93%  37.4 27060s
 26980893 10152420 6098.01844   75   87 6177.00000 5995.92264  2.93%  37.4 27065s
 26985720 10154033 6022.27571  103   56 6177.00000 5995.92349  2.93%  37.4 27070s
 26991777 10156395 6009.62980   97   59 6177.00000 5995.92416  2.93%  37.4 27075s
 26998674 10159205     cutoff  108      6177.00000 5995.92510  2.93%  37.4 27080s
 27003860 10161360 infeasible  101      6177.00000 5995.92510  2.93%  37.4 27085s
 27009738 10163542 6011.40069   90   89 6177.00000 5995.92571  2.93%  37.4 27090s
 27016547 10166292 6005.77647   95   37 6177.00000 5995.92585  2.93%  37.4 27095s
 27022267 10168868 6064.61739  101   90 6177.00000 5995.92585  2.93%  37.4 27100s
 27028500 10171557 6034.18850  115   99 6177.00000 5995.92594  2.93%  37.4 27105s
 27035397 10174763 6019.20150  121  112 6177.00000 5995.92606  2.93%  37.4 27110s
 27040756 10177086 6011.10900   73   46 6177.00000 5995.92648  2.93%  37.4 27115s
 27047097 10179033 6000.22064   77   46 6177.00000 5995.92689  2.93%  37.4 27120s
 27052475 10181136 6114.34550  100   31 6177.00000 5995.92705  2.93%  37.4 27125s
 27059154 10183366 6006.15475  121   58 6177.00000 5995.92737  2.93%  37.4 27130s
 27065685 10186044 6008.49185   58   50 6177.00000 5995.92793  2.93%  37.4 27135s
 27071649 10188214 6096.29333   98   59 6177.00000 5995.92834  2.93%  37.4 27140s
 27076822 10190580 6109.49786  105   69 6177.00000 5995.92871  2.93%  37.4 27145s
 27083527 10192853     cutoff  110      6177.00000 5995.92908  2.93%  37.4 27150s
 27089670 10195450 6135.61422   59  134 6177.00000 5995.92965  2.93%  37.4 27155s
 27095088 10196891 6012.43306   78   42 6177.00000 5995.92965  2.93%  37.4 27160s
 27095526 10197513 6107.26316   57   28 6177.00000 5995.92975  2.93%  37.4 27165s
 27100872 10199622     cutoff   87      6177.00000 5995.93054  2.93%  37.4 27170s
 27105905 10201408 6080.63238   70   42 6177.00000 5995.93104  2.93%  37.4 27175s
 27112588 10203580 6029.19362   84   60 6177.00000 5995.93134  2.93%  37.4 27180s
 27117475 10205488 6027.09488   98  101 6177.00000 5995.93179  2.93%  37.4 27185s
 27124194 10208029 5996.23682   55   72 6177.00000 5995.93239  2.93%  37.4 27190s
 27129116 10210050     cutoff   49      6177.00000 5995.93312  2.93%  37.4 27195s
 27135248 10211863 6004.16235  108   24 6177.00000 5995.93429  2.93%  37.4 27200s
 27141993 10214681 infeasible   99      6177.00000 5995.93500  2.93%  37.4 27205s
 27147164 10217083     cutoff   77      6177.00000 5995.93538  2.93%  37.4 27210s
 27152221 10218935     cutoff   92      6177.00000 5995.93642  2.93%  37.4 27215s
 27158203 10221845 6113.36942   66   45 6177.00000 5995.93650  2.93%  37.4 27220s
 27163137 10224274 6029.43401   69   44 6177.00000 5995.93650  2.93%  37.4 27225s
 27168336 10226573 infeasible   89      6177.00000 5995.93650  2.93%  37.4 27230s
 27173681 10228538 6038.67044   82   37 6177.00000 5995.93650  2.93%  37.4 27235s
 27180548 10231032 6002.57414   83  111 6177.00000 5995.93704  2.93%  37.4 27240s
 27186017 10232724 6084.60545   95   51 6177.00000 5995.93750  2.93%  37.4 27245s
 27192393 10235127 6012.04146  109   53 6177.00000 5995.93817  2.93%  37.4 27251s
 27197585 10237315 6042.87493   86   91 6177.00000 5995.93855  2.93%  37.4 27255s
 27202797 10238687 6106.14000   68   21 6177.00000 5995.93900  2.93%  37.4 27260s
 27209260 10241251 6088.56421   71   69 6177.00000 5995.93929  2.93%  37.4 27265s
 27215744 10243505 6097.98919  112   74 6177.00000 5995.93992  2.93%  37.4 27270s
 27222362 10245616 6012.05819   64   30 6177.00000 5995.94070  2.93%  37.4 27275s
 27228733 10248197     cutoff   90      6177.00000 5995.94106  2.93%  37.4 27280s
 27235005 10250263 6023.73520   79  125 6177.00000 5995.94172  2.93%  37.4 27285s
 27240048 10252365 6125.82137   71   61 6177.00000 5995.94230  2.93%  37.4 27290s
 27245840 10254285 6092.17883   91   18 6177.00000 5995.94283  2.93%  37.4 27295s
 27252374 10256955     cutoff   94      6177.00000 5995.94301  2.93%  37.4 27300s
 27258134 10258890 6110.61667   60   30 6177.00000 5995.94368  2.93%  37.4 27305s
 27264273 10261090 6099.26942   89   40 6177.00000 5995.94425  2.93%  37.4 27310s
 27266686 10261608 5996.16206   63   67 6177.00000 5995.94431  2.93%  37.4 27317s
 27268657 10262775 6005.62447   67   73 6177.00000 5995.94476  2.93%  37.4 27320s
 27273441 10264548 6025.70963   87   96 6177.00000 5995.94595  2.93%  37.4 27325s
 27280121 10266879 infeasible  133      6177.00000 5995.94678  2.93%  37.4 27330s
 27285269 10268346 6018.26809  103   60 6177.00000 5995.94744  2.93%  37.4 27335s
 27291207 10270085     cutoff  105      6177.00000 5995.94842  2.93%  37.4 27340s
 27296294 10271738     cutoff   72      6177.00000 5995.94899  2.93%  37.4 27345s
 27301203 10273501 6137.20000   50  108 6177.00000 5995.94986  2.93%  37.4 27350s
 27307445 10275848 5996.99608   80   58 6177.00000 5995.95074  2.93%  37.4 27356s
 27312978 10277635 6099.74731   91   51 6177.00000 5995.95129  2.93%  37.4 27360s
 27318037 10279746 6073.63131   62   89 6177.00000 5995.95219  2.93%  37.4 27365s
 27323788 10282160 6103.46195   56  116 6177.00000 5995.95246  2.93%  37.4 27370s
 27330822 10284443 6105.85421  126   57 6177.00000 5995.95263  2.93%  37.4 27375s
 27335876 10286483 6059.20444   76   73 6177.00000 5995.95284  2.93%  37.4 27380s
 27342338 10288533     cutoff   95      6177.00000 5995.95345  2.93%  37.4 27385s
 27347258 10290314 5996.33058  109   54 6177.00000 5995.95392  2.93%  37.4 27390s
 27354259 10292522     cutoff   59      6177.00000 5995.95441  2.93%  37.4 27395s
 27361183 10294783     cutoff  118      6177.00000 5995.95508  2.93%  37.4 27400s
 27366206 10296584 6099.23667  112   22 6177.00000 5995.95557  2.93%  37.4 27405s
 27373510 10298951     cutoff  105      6177.00000 5995.95658  2.93%  37.4 27410s
 27378814 10300678 5996.00567  104   76 6177.00000 5995.95700  2.93%  37.4 27415s
 27384251 10302571 6094.80324   90   33 6177.00000 5995.95787  2.93%  37.4 27420s
 27389710 10303976 infeasible  103      6177.00000 5995.95860  2.93%  37.4 27425s
 27393599 10304867     cutoff   76      6177.00000 5995.95937  2.93%  37.4 27430s
 27396362 10306228 6016.97104  103   56 6177.00000 5995.95968  2.93%  37.4 27435s
 27402650 10308290 6001.25198   98  128 6177.00000 5995.96050  2.93%  37.4 27440s
 27407858 10310182 6008.00611   62   77 6177.00000 5995.96118  2.93%  37.4 27445s
 27414963 10313169 6021.35724  100   35 6177.00000 5995.96184  2.93%  37.4 27450s
 27420709 10315195     cutoff   88      6177.00000 5995.96231  2.93%  37.4 27455s
 27428288 10318077 6033.93170  107   75 6177.00000 5995.96291  2.93%  37.4 27460s
 27434519 10320490 6095.11045   91   43 6177.00000 5995.96332  2.93%  37.4 27465s
 27439807 10322308 6103.52839   95   63 6177.00000 5995.96379  2.93%  37.4 27470s
 27445779 10324358 6136.53214   68   49 6177.00000 5995.96467  2.93%  37.4 27475s
 27450268 10325997 6039.28906   94   54 6177.00000 5995.96525  2.93%  37.4 27480s
 27457255 10328555 6087.55324  112   43 6177.00000 5995.96602  2.93%  37.4 27486s
 27462362 10330448 6101.06381   97   12 6177.00000 5995.96635  2.93%  37.4 27490s
 27467746 10331952 infeasible   86      6177.00000 5995.96708  2.93%  37.4 27495s
 27473212 10333858 6000.79290   89   42 6177.00000 5995.96798  2.93%  37.4 27501s
 27479174 10335968     cutoff  122      6177.00000 5995.96883  2.93%  37.4 27506s
 27484767 10337736 5999.98278   84   47 6177.00000 5995.96944  2.93%  37.4 27510s
 27489702 10339513 6097.89670  103   33 6177.00000 5995.96990  2.93%  37.4 27515s
 27496092 10341348 6005.98473   72  120 6177.00000 5995.97080  2.93%  37.4 27520s
 27497426 10342142 6027.92963  124   61 6177.00000 5995.97116  2.93%  37.4 27525s
 27503142 10343848 6129.52073  117   68 6177.00000 5995.97179  2.93%  37.4 27530s
 27509259 10345802 infeasible   93      6177.00000 5995.97247  2.93%  37.4 27536s
 27514596 10347468     cutoff  113      6177.00000 5995.97343  2.93%  37.4 27540s
 27519368 10349523 6104.44141  103   44 6177.00000 5995.97388  2.93%  37.4 27545s
 27525837 10351876 6084.40284  103   62 6177.00000 5995.97471  2.93%  37.4 27550s
 27530757 10353794 6109.53374   86   24 6177.00000 5995.97567  2.93%  37.4 27555s
 27536936 10355966 6081.29463   73   78 6177.00000 5995.97674  2.93%  37.4 27560s
 27541897 10357934     cutoff   69      6177.00000 5995.97756  2.93%  37.4 27565s
 27547549 10359974 infeasible   81      6177.00000 5995.97833  2.93%  37.3 27570s
 27553501 10361803 5999.86516   76   68 6177.00000 5995.97953  2.93%  37.3 27575s
 27559511 10363948 6112.20000  102   22 6177.00000 5995.98000  2.93%  37.3 27581s
 27565079 10365705 6099.88214   84   61 6177.00000 5995.98093  2.93%  37.3 27585s
 27569736 10367280 6078.10546   85   54 6177.00000 5995.98166  2.93%  37.3 27590s
 27574771 10369151 6084.91716  132   81 6177.00000 5995.98260  2.93%  37.3 27595s
 27580521 10371197 6030.97778   56   26 6177.00000 5995.98330  2.93%  37.3 27600s
 27586745 10373272     cutoff   78      6177.00000 5995.98423  2.93%  37.3 27605s
 27591600 10374838 6051.05901   42   96 6177.00000 5995.98488  2.93%  37.3 27610s
 27596409 10377102 6075.62363   91   68 6177.00000 5995.98566  2.93%  37.3 27615s
 27603561 10379276 6028.06263   82   23 6177.00000 5995.98630  2.93%  37.3 27620s
 27609846 10381356 infeasible   85      6177.00000 5995.98686  2.93%  37.3 27625s
 27614576 10382893 6048.85692   67   44 6177.00000 5995.98761  2.93%  37.3 27630s
 27621445 10384461 6051.85184   89   79 6177.00000 5995.98774  2.93%  37.3 27635s
 27628518 10387167 6115.74286   98   43 6177.00000 5995.98853  2.93%  37.3 27640s
 27633023 10388924     cutoff   49      6177.00000 5995.98889  2.93%  37.3 27645s
 27637815 10390745     cutoff  105      6177.00000 5995.98950  2.93%  37.3 27650s
 27642906 10392565 6003.43793   58   58 6177.00000 5995.99014  2.93%  37.3 27655s
 27646057 10393247 6018.63819   83   61 6177.00000 5995.99080  2.93%  37.3 27660s
 27648483 10394616 6000.26712   64   73 6177.00000 5995.99113  2.93%  37.3 27665s
 27654018 10396426 6015.80613   43   90 6177.00000 5995.99185  2.93%  37.3 27670s
 27660059 10398464 6009.71907   96  119 6177.00000 5995.99260  2.93%  37.3 27675s
 27665149 10400453 6132.47661  105   66 6177.00000 5995.99310  2.93%  37.3 27680s
 27671954 10402953 6090.15160  103   35 6177.00000 5995.99428  2.93%  37.3 27685s
 27678506 10405136 6076.76622   98   84 6177.00000 5995.99524  2.93%  37.3 27691s
 27683910 10406936 6098.97959   68   19 6177.00000 5995.99602  2.93%  37.3 27695s
 27690476 10409225 6022.88012  103   98 6177.00000 5995.99673  2.93%  37.3 27701s
 27695660 10410740 6005.92353   72   80 6177.00000 5995.99732  2.93%  37.3 27705s
 27700079 10412489 infeasible  109      6177.00000 5995.99784  2.93%  37.3 27710s
 27705815 10414553 6109.99726   87   63 6177.00000 5995.99839  2.93%  37.3 27715s
 27710836 10416229 6050.14231   93   72 6177.00000 5995.99888  2.93%  37.3 27720s
 27716658 10418589 6157.52614   76   48 6177.00000 5995.99925  2.93%  37.3 27725s
 27723048 10421178 6099.64340   75   45 6177.00000 5995.99978  2.93%  37.3 27730s
 27729230 10423784 6048.85001   91   43 6177.00000 5996.00035  2.93%  37.3 27735s
 27733736 10425267 infeasible  104      6177.00000 5996.00092  2.93%  37.3 27740s
 27739424 10427170     cutoff   80      6177.00000 5996.00167  2.93%  37.3 27745s
 27744685 10429271 6002.70133   55   45 6177.00000 5996.00216  2.93%  37.3 27750s
 27750908 10431339 6093.51636  100   39 6177.00000 5996.00285  2.93%  37.3 27755s
 27756891 10433696 6089.27570  101   82 6177.00000 5996.00381  2.93%  37.3 27760s
 27762196 10435732 6021.48538   93   55 6177.00000 5996.00430  2.93%  37.3 27765s
 27768626 10438261 6047.82214   86   35 6177.00000 5996.00514  2.93%  37.3 27770s
 27775352 10441153 6160.35356   84   80 6177.00000 5996.00514  2.93%  37.3 27775s
 27779837 10443149 6056.49364  124   42 6177.00000 5996.00548  2.93%  37.3 27780s
 27786408 10445718 6002.86049   89   76 6177.00000 5996.00567  2.93%  37.3 27785s
 27791969 10447843 6019.73772   97  101 6177.00000 5996.00628  2.93%  37.3 27790s
 27798606 10450307     cutoff  106      6177.00000 5996.00709  2.93%  37.3 27795s
 27803737 10452012 6006.78611  118  106 6177.00000 5996.00768  2.93%  37.3 27800s
 27806519 10452370 infeasible   95      6177.00000 5996.00834  2.93%  37.3 27805s
 27811448 10454446     cutoff   82      6177.00000 5996.00897  2.93%  37.3 27811s
 27816882 10456460 6036.88871   91   99 6177.00000 5996.00931  2.93%  37.3 27816s
 27822285 10458531 5997.70577   97   52 6177.00000 5996.01025  2.93%  37.3 27820s
 27827240 10460355 6010.53179   81  147 6177.00000 5996.01106  2.93%  37.3 27825s
 27833190 10462311 6102.99006   76   96 6177.00000 5996.01157  2.93%  37.3 27831s
 27838160 10463997 6065.47156   77   81 6177.00000 5996.01206  2.93%  37.3 27836s
 27843322 10465632 6096.32812  127   76 6177.00000 5996.01247  2.93%  37.3 27840s
 27848371 10467492 6015.43790   67   56 6177.00000 5996.01322  2.93%  37.3 27845s
 27854503 10469953 infeasible   90      6177.00000 5996.01375  2.93%  37.3 27850s
 27859629 10471591 6016.70786   75   52 6177.00000 5996.01444  2.93%  37.3 27855s
 27865968 10474003 6100.85867   88   33 6177.00000 5996.01528  2.93%  37.3 27861s
 27870932 10475730 6100.06729  100   49 6177.00000 5996.01594  2.93%  37.3 27865s
 27876280 10477362 6050.70973   62  181 6177.00000 5996.01672  2.93%  37.3 27870s
 27881183 10478803 6094.31500   76   23 6177.00000 5996.01748  2.93%  37.3 27875s
 27887616 10481207 6022.45797  113   92 6177.00000 5996.01859  2.93%  37.3 27880s
 27892681 10482869 6083.46697  123   50 6177.00000 5996.01928  2.93%  37.3 27885s
 27899083 10484590 6025.24467   48  125 6177.00000 5996.02000  2.93%  37.3 27890s
 27904153 10486270 6082.03678   73   37 6177.00000 5996.02082  2.93%  37.3 27895s
 27909035 10488539 6010.16500   74   44 6177.00000 5996.02135  2.93%  37.3 27900s
 27914174 10490903 6033.64402   74   66 6177.00000 5996.02135  2.93%  37.3 27905s
 27920737 10493896 6006.07450  100   40 6177.00000 5996.02174  2.93%  37.3 27910s
 27927367 10496421 6127.21704   66   73 6177.00000 5996.02234  2.93%  37.3 27916s
 27932236 10497768 infeasible   78      6177.00000 5996.02301  2.93%  37.3 27920s
 27937523 10499775 6040.61080   61   67 6177.00000 5996.02372  2.93%  37.3 27925s
 27943955 10501994 6090.52111   98   84 6177.00000 5996.02454  2.93%  37.3 27930s
 27949345 10503782 6018.11475   69  101 6177.00000 5996.02500  2.93%  37.3 27935s
 27952118 10504413 infeasible   72      6177.00000 5996.02541  2.93%  37.3 27940s
 27956444 10505871 5996.23682   53   70 6177.00000 5996.02590  2.93%  37.3 27945s
 27962815 10507942     cutoff   98      6177.00000 5996.02665  2.93%  37.3 27950s
 27967949 10509601 6010.34866  106   44 6177.00000 5996.02704  2.93%  37.3 27955s
 27974013 10512027 6097.19676   72   62 6177.00000 5996.02772  2.93%  37.3 27960s
 27980344 10514672 6093.91333   90   42 6177.00000 5996.02854  2.93%  37.3 27966s
 27987179 10517039 6105.94213  124   51 6177.00000 5996.02914  2.93%  37.3 27970s
 27993154 10519013 infeasible  102      6177.00000 5996.02976  2.93%  37.3 27975s
 27998986 10521073 infeasible   61      6177.00000 5996.03035  2.93%  37.3 27980s
 28004178 10522761 infeasible   74      6177.00000 5996.03095  2.93%  37.3 27985s
 28008633 10523796     cutoff  112      6177.00000 5996.03174  2.93%  37.3 27990s
 28011646 10525131 6011.49005   71   40 6177.00000 5996.03212  2.93%  37.3 27995s
 28017515 10527023 6104.85000  109   31 6177.00000 5996.03287  2.93%  37.3 28000s
 28022291 10528715 6122.66842  150   47 6177.00000 5996.03368  2.93%  37.3 28005s
 28029351 10531601 6011.99059   80   63 6177.00000 5996.03454  2.93%  37.3 28011s
 28034974 10533486 6127.84167   63   29 6177.00000 5996.03516  2.93%  37.3 28015s
 28041185 10535535 6089.11579  112   21 6177.00000 5996.03605  2.93%  37.3 28020s
 28046186 10537566 6005.36358   96   59 6177.00000 5996.03662  2.93%  37.3 28025s
 28052817 10540080 6020.42686   66  102 6177.00000 5996.03734  2.93%  37.3 28030s
 28057904 10542017 infeasible   69      6177.00000 5996.03813  2.93%  37.3 28035s
 28063258 10544179 6091.75767   93   46 6177.00000 5996.03880  2.93%  37.3 28040s
 28069917 10546283 6015.73592  101   65 6177.00000 5996.03950  2.93%  37.3 28045s
 28075126 10548267     cutoff   92      6177.00000 5996.04037  2.93%  37.3 28050s
 28081421 10550460 6123.07199   65  113 6177.00000 5996.04118  2.93%  37.3 28055s
 28086472 10552248 5997.56459  120   95 6177.00000 5996.04169  2.93%  37.3 28060s
 28091520 10554187 6044.61990  133   46 6177.00000 5996.04248  2.93%  37.3 28065s
 28096610 10555390     cutoff   84      6177.00000 5996.04280  2.93%  37.3 28072s
 28096712 10555789 infeasible   84      6177.00000 5996.04280  2.93%  37.3 28075s
 28101629 10557650 5999.41193   86   49 6177.00000 5996.04359  2.93%  37.3 28080s
 28107007 10559640 5998.99228   83   77 6177.00000 5996.04420  2.93%  37.3 28085s
 28113542 10561563 6051.25556   70   50 6177.00000 5996.04494  2.93%  37.3 28090s
 28118382 10563329 6014.24107  113   77 6177.00000 5996.04536  2.93%  37.3 28095s
 28124595 10565732 5996.50805   70   53 6177.00000 5996.04584  2.93%  37.3 28100s
 28130097 10567422 6041.44443  101   46 6177.00000 5996.04648  2.93%  37.3 28105s
 28136522 10569631 6158.12815   92  104 6177.00000 5996.04704  2.93%  37.3 28110s
 28141987 10571570 6088.89676  115   44 6177.00000 5996.04765  2.93%  37.3 28115s
 28147243 10573698 6018.25241   93   33 6177.00000 5996.04845  2.93%  37.3 28120s
 28154108 10576294 6124.63976   79   26 6177.00000 5996.04897  2.93%  37.3 28125s
 28159426 10578201 5999.47571   77   93 6177.00000 5996.04937  2.93%  37.3 28130s
 28165650 10580198 6082.08302   98  123 6177.00000 5996.04973  2.93%  37.3 28135s
 28172043 10582440 6003.96729   93   56 6177.00000 5996.05096  2.93%  37.3 28140s
 28177151 10583843 infeasible   63      6177.00000 5996.05139  2.93%  37.3 28145s
 28183584 10586006 6001.08363   72   55 6177.00000 5996.05222  2.93%  37.3 28150s
 28188872 10587914 6101.04510  102   29 6177.00000 5996.05294  2.93%  37.3 28155s
 28195922 10590446 6106.93834  109   44 6177.00000 5996.05341  2.93%  37.3 28160s
 28201949 10592091 6003.10346   56  113 6177.00000 5996.05453  2.93%  37.3 28166s
 28201963 10596578 6003.10366   57  113 6177.00000 5996.05453  2.93%  37.3 28178s
 28213963 10597280 6109.01471  107   64 6177.00000 5996.05528  2.93%  37.3 28180s
 28220298 10599559 6000.20032   79   48 6177.00000 5996.05651  2.93%  37.3 28186s
 28225407 10601324 6083.69732   91   55 6177.00000 5996.05748  2.93%  37.3 28190s
 28230193 10603169 infeasible   85      6177.00000 5996.05815  2.93%  37.3 28195s
 28236168 10605303 6012.78880   90   54 6177.00000 5996.05916  2.93%  37.3 28200s
 28241309 10607318 6033.37794   65   68 6177.00000 5996.05976  2.93%  37.3 28205s
 28248037 10609969     cutoff   99      6177.00000 5996.06039  2.93%  37.3 28210s
 28253308 10611661 6013.06087   82   30 6177.00000 5996.06091  2.93%  37.3 28215s
 28258357 10613419 6002.66330  114   41 6177.00000 5996.06189  2.93%  37.3 28220s
 28263744 10615527 6014.23939  100   38 6177.00000 5996.06267  2.93%  37.3 28225s
 28270259 10617503 infeasible   94      6177.00000 5996.06311  2.93%  37.3 28230s
 28276343 10620051 5996.83693   61   93 6177.00000 5996.06381  2.93%  37.3 28235s
 28281100 10621817     cutoff   67      6177.00000 5996.06382  2.93%  37.3 28240s
 28287240 10623813 5997.29984   97   97 6177.00000 5996.06453  2.93%  37.3 28245s
 28292285 10625591 5996.18790   55  118 6177.00000 5996.06513  2.93%  37.3 28250s
 28298792 10628282 infeasible   60      6177.00000 5996.06602  2.93%  37.3 28255s
 28304409 10629951 6099.38745   95   23 6177.00000 5996.06676  2.93%  37.3 28260s
 28309212 10631514 6099.06222   94   78 6177.00000 5996.06728  2.93%  37.3 28265s
 28315427 10633385 infeasible  117      6177.00000 5996.06820  2.93%  37.3 28270s
 28320286 10634939 6099.22021   69   82 6177.00000 5996.06879  2.93%  37.3 28275s
 28322180 10635625 6100.18044   56   38 6177.00000 5996.06913  2.93%  37.3 28281s
 28327655 10637833 6115.32168   92   58 6177.00000 5996.06986  2.93%  37.3 28286s
 28333379 10640481 5999.24594   85   71 6177.00000 5996.07044  2.93%  37.3 28290s
 28339808 10642900 6116.10377   83   51 6177.00000 5996.07075  2.93%  37.3 28295s
 28344779 10644707 6081.40000   60   40 6177.00000 5996.07169  2.93%  37.3 28300s
 28351281 10647482 6011.29825  130   41 6177.00000 5996.07262  2.93%  37.3 28305s
 28357000 10649407 6026.18402  100   53 6177.00000 5996.07344  2.93%  37.3 28310s
 28363044 10652192 6006.97191   89   75 6177.00000 5996.07387  2.93%  37.3 28315s
 28368707 10653769     cutoff   91      6177.00000 5996.07425  2.93%  37.3 28320s
 28375318 10656095 6001.12377   72   66 6177.00000 5996.07452  2.93%  37.3 28325s
 28381535 10658048 6003.35378   79   36 6177.00000 5996.07544  2.93%  37.3 28330s
 28387345 10660159 5996.19031  120  127 6177.00000 5996.07597  2.93%  37.3 28335s
 28393869 10662840 6010.18403   69   27 6177.00000 5996.07682  2.93%  37.2 28340s
 28399741 10665114     cutoff   48      6177.00000 5996.07760  2.93%  37.2 28345s
 28406286 10667400 6068.76887   89  126 6177.00000 5996.07818  2.93%  37.2 28350s
 28411927 10670221 6101.02957   76   33 6177.00000 5996.07850  2.93%  37.2 28355s
 28418623 10672810 6065.42105   49   38 6177.00000 5996.07909  2.93%  37.2 28360s
 28423679 10674820 5998.89814  104  107 6177.00000 5996.07980  2.93%  37.2 28365s
 28429498 10676786 6006.54317   78   87 6177.00000 5996.08062  2.93%  37.2 28370s
 28434830 10678453     cutoff   46      6177.00000 5996.08145  2.93%  37.2 28375s
 28441089 10680906 6083.79088   66   44 6177.00000 5996.08245  2.93%  37.2 28380s
 28447519 10682184 6018.52721   62   46 6177.00000 5996.08297  2.93%  37.2 28385s
 28448186 10682913 6132.90667   55   19 6177.00000 5996.08300  2.93%  37.2 28390s
 28454286 10685171 6011.58387  107   55 6177.00000 5996.08368  2.93%  37.2 28395s
 28459246 10686551 6041.85441  111   46 6177.00000 5996.08417  2.93%  37.2 28400s
 28460778 10686567 6029.54465   88   84 6177.00000 5996.08423  2.93%  37.2 28406s
 28463237 10687865 6004.88439  102   71 6177.00000 5996.08453  2.93%  37.2 28410s
 28468392 10689653 6004.56483  100   78 6177.00000 5996.08495  2.93%  37.2 28415s
 28474711 10692117     cutoff  114      6177.00000 5996.08571  2.93%  37.2 28420s
 28480064 10693977 6082.28898   50   29 6177.00000 5996.08644  2.93%  37.2 28425s
 28487109 10696704     cutoff   91      6177.00000 5996.08711  2.93%  37.2 28430s
 28493150 10699044 6062.27916   98  111 6177.00000 5996.08750  2.93%  37.2 28435s
 28499359 10701019 6019.70157   39  103 6177.00000 5996.08864  2.93%  37.2 28441s
 28505192 10703554 6140.95655   41  132 6177.00000 5996.08958  2.93%  37.2 28445s
 28511694 10705769 6083.50212  115   50 6177.00000 5996.09028  2.93%  37.2 28450s
 28517896 10707839 infeasible  111      6177.00000 5996.09132  2.93%  37.2 28455s
 28522406 10709597 6001.84382   95   59 6177.00000 5996.09222  2.93%  37.2 28460s
 28528855 10711606 infeasible   90      6177.00000 5996.09310  2.93%  37.2 28465s
 28533920 10713392 infeasible  105      6177.00000 5996.09370  2.93%  37.2 28470s
 28539187 10715375     cutoff   87      6177.00000 5996.09446  2.93%  37.2 28475s
 28546125 10718215 6113.72442  130   34 6177.00000 5996.09493  2.93%  37.2 28480s
 28552129 10720093 5999.40964   96   45 6177.00000 5996.09548  2.93%  37.2 28485s
 28557350 10721741 6008.63953   96   97 6177.00000 5996.09619  2.93%  37.2 28490s
 28562439 10723574 6094.92920   63   34 6177.00000 5996.09673  2.93%  37.2 28495s
 28568829 10725928 infeasible   74      6177.00000 5996.09785  2.93%  37.2 28500s
 28573778 10727784 6051.92308   65   58 6177.00000 5996.09864  2.93%  37.2 28505s
 28579822 10730317 6076.29504   52   85 6177.00000 5996.09864  2.93%  37.2 28510s
 28585128 10732191     cutoff   64      6177.00000 5996.09900  2.93%  37.2 28515s
 28590845 10734001 6083.11452   98   50 6177.00000 5996.09950  2.93%  37.2 28520s
 28596305 10735858 6001.75421  102   68 6177.00000 5996.10045  2.93%  37.2 28525s
 28602768 10738463     cutoff   74      6177.00000 5996.10091  2.93%  37.2 28530s
 28608180 10741220 6008.96902  114   85 6177.00000 5996.10128  2.93%  37.2 28536s
 28613602 10743299 6009.80430   64   48 6177.00000 5996.10179  2.93%  37.2 28540s
 28619489 10745142 infeasible   60      6177.00000 5996.10254  2.93%  37.2 28545s
 28624853 10746844 5996.25921  112   70 6177.00000 5996.10330  2.93%  37.2 28550s
 28631421 10749366 6106.19081  119   76 6177.00000 5996.10361  2.93%  37.2 28555s
 28636746 10751046     cutoff   99      6177.00000 5996.10445  2.93%  37.2 28560s
 28644014 10753618 infeasible   82      6177.00000 5996.10504  2.93%  37.2 28566s
 28649511 10755189 6143.74418   72   34 6177.00000 5996.10549  2.93%  37.2 28570s
 28654361 10756682     cutoff  109      6177.00000 5996.10597  2.93%  37.2 28575s
 28660259 10758578 6046.65430   76  176 6177.00000 5996.10680  2.93%  37.2 28580s
 28665661 10760971 6007.89960   64   50 6177.00000 5996.10733  2.93%  37.2 28585s
 28672245 10764012     cutoff   87      6177.00000 5996.10733  2.93%  37.2 28590s
 28678665 10766669 6040.89011   83   80 6177.00000 5996.10733  2.93%  37.2 28595s
 28683989 10769317 6002.01727   63   46 6177.00000 5996.10733  2.93%  37.2 28600s
 28690444 10772166 6030.89027  101   46 6177.00000 5996.10733  2.93%  37.2 28605s
 28695650 10773942     cutoff   86      6177.00000 5996.10733  2.93%  37.2 28610s
 28698207 10775121 6100.12230   82   24 6177.00000 5996.10733  2.93%  37.2 28615s
 28698227 10779432 6101.47344   83   24 6177.00000 5996.10733  2.93%  37.2 28627s
 28711959 10780583 6087.78690   80   86 6177.00000 5996.10815  2.93%  37.2 28630s
 28719052 10782452 infeasible   97      6177.00000 5996.10855  2.93%  37.2 28635s
 28724046 10783850 5999.25345   93   43 6177.00000 5996.10893  2.93%  37.2 28640s
 28729890 10785738 6017.81612   90   33 6177.00000 5996.10976  2.93%  37.2 28645s
 28735215 10787563 6030.69033   87   55 6177.00000 5996.11011  2.93%  37.2 28650s
 28741771 10789713     cutoff  104      6177.00000 5996.11087  2.93%  37.2 28655s
 28747161 10791395 5996.30489  104   66 6177.00000 5996.11128  2.93%  37.2 28660s
 28753487 10793449 6006.09233   83   51 6177.00000 5996.11136  2.93%  37.2 28665s
 28759324 10795140 6015.63192  126   73 6177.00000 5996.11229  2.93%  37.2 28670s
 28765557 10797622 6037.77553   85   57 6177.00000 5996.11296  2.93%  37.2 28675s
 28771854 10800000 6012.17216   80   52 6177.00000 5996.11387  2.93%  37.2 28681s
 28777263 10801862 6122.00000  104   12 6177.00000 5996.11429  2.93%  37.2 28685s
 28783083 10803491 6052.04188   83   75 6177.00000 5996.11462  2.93%  37.2 28690s
 28788795 10805521     cutoff  107      6177.00000 5996.11546  2.93%  37.2 28695s
 28793946 10807239 6087.97167   74   26 6177.00000 5996.11591  2.93%  37.2 28700s
 28800216 10809327     cutoff  121      6177.00000 5996.11639  2.93%  37.2 28705s
 28805265 10811195 6102.29485   67   45 6177.00000 5996.11700  2.93%  37.2 28710s
 28812133 10813218 6109.20000  108   21 6177.00000 5996.11734  2.93%  37.2 28715s
 28817986 10815136 6123.67790   91   82 6177.00000 5996.11824  2.93%  37.2 28721s
 28822900 10816954     cutoff  103      6177.00000 5996.11909  2.93%  37.2 28725s
 28829266 10819038     cutoff   89      6177.00000 5996.11963  2.93%  37.2 28730s
 28833975 10820836 6075.02598   80   94 6177.00000 5996.12034  2.93%  37.2 28735s
 28840345 10823076 6012.13071   78   57 6177.00000 5996.12107  2.93%  37.2 28740s
 28845387 10825032 5996.12173   90   35 6177.00000 5996.12170  2.93%  37.2 28745s
 28851749 10827295 6041.24364   84   68 6177.00000 5996.12264  2.93%  37.2 28750s
 28856634 10828736 6151.89231   99   70 6177.00000 5996.12338  2.93%  37.2 28755s
 28857781 10829697 6111.33106  101   39 6177.00000 5996.12347  2.93%  37.2 28760s
 28863930 10831703 6011.49538   76   29 6177.00000 5996.12447  2.93%  37.2 28766s
 28869196 10833368 6009.21454   99  109 6177.00000 5996.12523  2.93%  37.2 28770s
 28874811 10835731     cutoff  107      6177.00000 5996.12585  2.93%  37.2 28775s
 28880698 10837816 6094.62222   78   58 6177.00000 5996.12629  2.93%  37.2 28780s
 28887112 10840308     cutoff  103      6177.00000 5996.12719  2.93%  37.2 28785s
 28892340 10842101 6077.11709   60   77 6177.00000 5996.12814  2.93%  37.2 28790s
 28898109 10844128 6093.72000  118   58 6177.00000 5996.12890  2.93%  37.2 28795s
 28903531 10846004     cutoff  114      6177.00000 5996.12962  2.93%  37.2 28800s
 28909867 10848108 6013.57375   60   33 6177.00000 5996.13013  2.93%  37.2 28805s
 28916158 10850227 6081.57061   53  100 6177.00000 5996.13086  2.93%  37.2 28810s
 28921459 10851834 6056.23154   72   60 6177.00000 5996.13136  2.93%  37.2 28815s
 28928113 10854353 6097.78568   72   39 6177.00000 5996.13214  2.93%  37.2 28820s
 28933962 10856166     cutoff  104      6177.00000 5996.13305  2.93%  37.2 28825s
 28940478 10858525     cutoff   96      6177.00000 5996.13338  2.93%  37.2 28830s
 28940685 10858625 infeasible   98      6177.00000 5996.13338  2.93%  37.2 28835s
 28940731 10858655 6011.30640   69   49 6177.00000 5996.13338  2.93%  37.2 28841s
 28940763 10858667 6083.05393   71   48 6177.00000 5996.13338  2.93%  37.2 28846s
 28940797 10858680 infeasible   73      6177.00000 5996.13338  2.93%  37.2 28850s
 28940863 10858684 infeasible   76      6177.00000 5996.13338  2.93%  37.2 28855s
 28941079 10858892 5997.09395   80   51 6177.00000 5996.13338  2.93%  37.2 28860s
 28944184 10860153 5999.57372   83   43 6177.00000 5996.13338  2.93%  37.2 28866s
 28950256 10861152 6146.45225  133   60 6177.00000 5996.13415  2.93%  37.2 28871s
 28954912 10862778 6079.55980  122   34 6177.00000 5996.13471  2.93%  37.2 28875s
 28962230 10864479 5997.97839   80   83 6177.00000 5996.13520  2.93%  37.2 28880s
 28967549 10866103 6003.82269   55   87 6177.00000 5996.13590  2.93%  37.2 28885s
 28972318 10868123 6024.87192   70   39 6177.00000 5996.13633  2.93%  37.2 28890s
 28976274 10869271 6046.82604   80   33 6177.00000 5996.13690  2.93%  37.2 28895s
 28979255 10870791 6010.07462   77  134 6177.00000 5996.13720  2.93%  37.2 28901s
 28983974 10872267 6110.88717   83   42 6177.00000 5996.13803  2.93%  37.2 28905s
 28989403 10874660 6023.42892   76   61 6177.00000 5996.13870  2.93%  37.2 28910s
 28995987 10876797 6130.29706  107   58 6177.00000 5996.13948  2.93%  37.2 28915s
 29000840 10878448 6027.74616   63   42 6177.00000 5996.14030  2.93%  37.2 28920s
 29006333 10880572 6119.79274  110   45 6177.00000 5996.14065  2.93%  37.2 28925s
 29012930 10883242 6013.58404  110   49 6177.00000 5996.14079  2.93%  37.2 28930s
 29018419 10884946 6120.16828  118   51 6177.00000 5996.14162  2.93%  37.2 28935s
 29023358 10886557 6091.67025  110   34 6177.00000 5996.14250  2.93%  37.2 28940s
 29028987 10888780 6004.66743   48   47 6177.00000 5996.14361  2.93%  37.2 28946s
 29033858 10890393 6001.21512  102   50 6177.00000 5996.14440  2.93%  37.2 28950s
 29039342 10892128 6115.86611  104   67 6177.00000 5996.14500  2.93%  37.2 28955s
 29044818 10893962 6010.76621   80   73 6177.00000 5996.14574  2.93%  37.2 28960s
 29051324 10896494 6018.34896   94   54 6177.00000 5996.14673  2.93%  37.2 28965s
 29057449 10898395 6107.10389   83   51 6177.00000 5996.14778  2.93%  37.2 28970s
 29063127 10900344 6096.62133   58   68 6177.00000 5996.14861  2.93%  37.2 28975s
 29068060 10902226 6099.64354   90   53 6177.00000 5996.14917  2.93%  37.2 28980s
 29074262 10904396 6124.17311   86   42 6177.00000 5996.14984  2.93%  37.2 28985s
 29079064 10906027 6079.67762   81   50 6177.00000 5996.15032  2.93%  37.2 28990s
 29083976 10907538 6095.71440   94   87 6177.00000 5996.15090  2.93%  37.2 28995s
 29090435 10909817 6072.90382  102  117 6177.00000 5996.15139  2.93%  37.2 29000s
 29096414 10912051 6107.36755   94   78 6177.00000 5996.15231  2.93%  37.2 29005s
 29101234 10913515 6090.84010   95   46 6177.00000 5996.15311  2.93%  37.2 29010s
 29108190 10916061     cutoff   81      6177.00000 5996.15372  2.93%  37.2 29015s
 29114130 10918478 6113.60703  111   44 6177.00000 5996.15429  2.93%  37.2 29020s
 29118814 10920134 6031.99205   69   52 6177.00000 5996.15512  2.93%  37.2 29025s
 29125778 10922853 6008.24975   87   31 6177.00000 5996.15574  2.93%  37.2 29031s
 29128154 10923433 6033.59272   78   78 6177.00000 5996.15574  2.93%  37.2 29035s
 29131478 10925207 6016.19297   81   72 6177.00000 5996.15574  2.93%  37.2 29040s
 29136837 10927303 6005.69043   78   36 6177.00000 5996.15617  2.93%  37.2 29045s
 29138310 10927309 infeasible  103      6177.00000 5996.15633  2.93%  37.2 29051s
 29138380 10927339 6075.07903   91   95 6177.00000 5996.15633  2.93%  37.2 29055s
 29138411 10927353 6075.07993   93   65 6177.00000 5996.15633  2.93%  37.2 29061s
 29138447 10927360     cutoff   95      6177.00000 5996.15633  2.93%  37.2 29066s
 29138487 10927366 6102.86969   97   44 6177.00000 5996.15633  2.93%  37.2 29071s
 29138530 10927396     cutoff   98      6177.00000 5996.15635  2.93%  37.2 29076s
 29138734 10927462 infeasible  100      6177.00000 5996.15635  2.93%  37.2 29080s
 29139769 10927932 6102.87635  101   46 6177.00000 5996.15635  2.93%  37.2 29085s
 29144204 10929807 infeasible   99      6177.00000 5996.15674  2.93%  37.2 29091s
 29148868 10931595 6097.25527  106   49 6177.00000 5996.15754  2.93%  37.2 29095s
 29154772 10933882 infeasible  104      6177.00000 5996.15821  2.93%  37.2 29100s
 29160440 10936061 6083.13351   49   32 6177.00000 5996.15895  2.93%  37.1 29105s
 29166312 10938098     cutoff   94      6177.00000 5996.15992  2.93%  37.1 29110s
 29171232 10939768 6014.89768   93   53 6177.00000 5996.16048  2.93%  37.1 29115s
 29177341 10942088 6102.57534  105   48 6177.00000 5996.16147  2.93%  37.1 29121s
 29182195 10943881 6085.21149   82   44 6177.00000 5996.16223  2.93%  37.1 29125s
 29186855 10945660 6115.91453   93   56 6177.00000 5996.16293  2.93%  37.1 29130s
 29193402 10947591 6106.60512   96   27 6177.00000 5996.16390  2.93%  37.1 29136s
 29198460 10949604 6071.20675   90   53 6177.00000 5996.16450  2.93%  37.1 29141s
 29203655 10951516 6043.26298  107   54 6177.00000 5996.16520  2.93%  37.1 29145s
 29210372 10954033 6001.77426  106   20 6177.00000 5996.16621  2.93%  37.1 29150s
 29215728 10955842 6053.12019   86   53 6177.00000 5996.16731  2.93%  37.1 29155s
 29221830 10958347 6010.61493   86   32 6177.00000 5996.16831  2.93%  37.1 29160s
 29227421 10960174 infeasible   88      6177.00000 5996.16906  2.93%  37.1 29165s
 29233381 10962771 6081.94118   79   64 6177.00000 5996.16949  2.93%  37.1 29170s
 29238998 10964755     cutoff   53      6177.00000 5996.17017  2.93%  37.1 29175s
 29244003 10967029 6053.73494   85  153 6177.00000 5996.17082  2.93%  37.1 29180s
 29247308 10967924 5996.21643   98   54 6177.00000 5996.17114  2.93%  37.1 29185s
 29251442 10969573 6097.36775  110   54 6177.00000 5996.17146  2.93%  37.1 29191s
 29256708 10971299 6101.01102  114   25 6177.00000 5996.17186  2.93%  37.1 29195s
 29261554 10973320 6059.50000   63   21 6177.00000 5996.17255  2.93%  37.1 29200s
 29267935 10975590     cutoff  101      6177.00000 5996.17352  2.93%  37.1 29206s
 29273067 10977173 6097.62188  104   58 6177.00000 5996.17400  2.93%  37.1 29210s
 29279036 10978654 6018.37777   87   35 6177.00000 5996.17476  2.93%  37.1 29216s
 29284107 10980289 6029.09141   91   48 6177.00000 5996.17562  2.93%  37.1 29220s
 29289220 10982308 6026.94694  122   29 6177.00000 5996.17619  2.93%  37.1 29225s
 29295018 10984436 6092.00000   51   24 6177.00000 5996.17667  2.93%  37.1 29230s
 29299840 10986143 6122.96763   75   68 6177.00000 5996.17772  2.93%  37.1 29235s
 29306276 10988443     cutoff   97      6177.00000 5996.17802  2.93%  37.1 29240s
 29311327 10990348 6089.99000   70   24 6177.00000 5996.17894  2.93%  37.1 29245s
 29317989 10992568 6001.57602  111   49 6177.00000 5996.18001  2.93%  37.1 29250s
 29322896 10994059 6138.07077   68   24 6177.00000 5996.18059  2.93%  37.1 29255s
 29328028 10995885 6003.57910   91   70 6177.00000 5996.18141  2.93%  37.1 29260s
 29334576 10998058 6059.43815   94   72 6177.00000 5996.18235  2.93%  37.1 29265s
 29339751 10999880 6026.42487   84   99 6177.00000 5996.18337  2.93%  37.1 29270s
 29345040 11001577 infeasible   81      6177.00000 5996.18400  2.93%  37.1 29275s
 29350037 11003618 6013.62965  114   61 6177.00000 5996.18456  2.93%  37.1 29280s
 29355819 11005926 6095.15278  105   25 6177.00000 5996.18506  2.93%  37.1 29285s
 29362530 11008510 infeasible   68      6177.00000 5996.18562  2.93%  37.1 29290s
 29367938 11010861 5999.66476   95   57 6177.00000 5996.18607  2.93%  37.1 29295s
 29375965 11014181     cutoff  108      6177.00000 5996.18652  2.93%  37.1 29300s
 29381171 11016502 6085.74559   74   78 6177.00000 5996.18727  2.93%  37.1 29305s
 29387198 11019075 infeasible  105      6177.00000 5996.18772  2.93%  37.1 29310s
 29393740 11021188 6013.93750   96   69 6177.00000 5996.18855  2.93%  37.1 29315s
 29398874 11022508 5999.91910  101   53 6177.00000 5996.18936  2.93%  37.1 29320s
 29399908 11023480 6094.05000   89   19 6177.00000 5996.18952  2.93%  37.1 29325s
 29406294 11026033 6050.40000   72   53 6177.00000 5996.19002  2.93%  37.1 29330s
 29411354 11027860 6035.65949   97  108 6177.00000 5996.19025  2.93%  37.1 29335s
 29417433 11030151 6117.09521  112   36 6177.00000 5996.19168  2.93%  37.1 29340s
 29422634 11031717 6065.05389   99  105 6177.00000 5996.19193  2.93%  37.1 29345s
 29428505 11034150 6098.75445   79   37 6177.00000 5996.19267  2.93%  37.1 29350s
 29434808 11036569 6107.33318   75   35 6177.00000 5996.19325  2.93%  37.1 29355s
 29441199 11038502     cutoff  109      6177.00000 5996.19365  2.93%  37.1 29360s
 29446052 11039982 6016.15740  109   55 6177.00000 5996.19427  2.93%  37.1 29365s
 29452349 11042348 5999.15915   51   59 6177.00000 5996.19538  2.93%  37.1 29370s
 29457512 11043971 6093.37500   68   58 6177.00000 5996.19603  2.93%  37.1 29375s
 29463723 11045913 6109.65243   96   89 6177.00000 5996.19694  2.93%  37.1 29381s
 29468806 11047347 6003.42476  110  104 6177.00000 5996.19730  2.93%  37.1 29385s
 29474300 11049148     cutoff  108      6177.00000 5996.19811  2.93%  37.1 29390s
 29479476 11050881 5997.97104  108   98 6177.00000 5996.19874  2.93%  37.1 29395s
 29485922 11053420     cutoff   59      6177.00000 5996.19964  2.93%  37.1 29400s
 29490560 11055263 6090.60000   71   45 6177.00000 5996.20000  2.93%  37.1 29405s
 29495916 11057481 6088.08571   59   44 6177.00000 5996.20000  2.93%  37.1 29410s
 29501077 11059832 6051.36020   63   58 6177.00000 5996.20000  2.93%  37.1 29415s
 29507284 11062255     cutoff   85      6177.00000 5996.20030  2.93%  37.1 29420s
 29513135 11063874 infeasible   87      6177.00000 5996.20103  2.93%  37.1 29425s
 29517738 11065908     cutoff   97      6177.00000 5996.20144  2.93%  37.1 29430s
 29524357 11068169 6086.64245   73   37 6177.00000 5996.20227  2.93%  37.1 29435s
 29530994 11070803 infeasible   98      6177.00000 5996.20300  2.93%  37.1 29440s
 29536983 11073432 6010.69211   96   42 6177.00000 5996.20365  2.93%  37.1 29445s
 29543669 11075895 6079.14364  119  138 6177.00000 5996.20404  2.93%  37.1 29450s
 29549037 11077405 6055.06601   99   86 6177.00000 5996.20486  2.93%  37.1 29458s
 29549357 11077795     cutoff  101      6177.00000 5996.20486  2.93%  37.1 29461s
 29553433 11079632 6056.60374  104  111 6177.00000 5996.20501  2.93%  37.1 29465s
 29559458 11081786 6043.37268   93   33 6177.00000 5996.20555  2.93%  37.1 29470s
 29566223 11084488 6076.73700   44   34 6177.00000 5996.20630  2.93%  37.1 29475s
 29572467 11086475 6097.17671  124   62 6177.00000 5996.20702  2.93%  37.1 29480s
 29578034 11088281 6010.21614   97   25 6177.00000 5996.20741  2.93%  37.1 29486s
 29583143 11090282 6134.66063  124   38 6177.00000 5996.20802  2.93%  37.1 29490s
 29589239 11092583     cutoff   88      6177.00000 5996.20890  2.93%  37.1 29495s
 29593826 11093964 6088.08515   71   21 6177.00000 5996.20965  2.93%  37.1 29500s
 29600168 11096175 5997.88036  101   68 6177.00000 5996.21047  2.93%  37.1 29506s
 29605236 11098022 6047.11210   91   30 6177.00000 5996.21124  2.93%  37.1 29510s
 29611978 11100477 6106.97657   94   31 6177.00000 5996.21165  2.93%  37.1 29515s
 29617048 11102451 6008.33120   98   36 6177.00000 5996.21215  2.93%  37.1 29520s
 29623311 11104858 6101.35384   72   52 6177.00000 5996.21280  2.93%  37.1 29525s
 29628793 11106843 6011.34284  107  114 6177.00000 5996.21317  2.93%  37.1 29530s
 29634842 11108727 6003.40711  103   45 6177.00000 5996.21403  2.93%  37.1 29535s
 29641252 11110723 6026.99101   95   25 6177.00000 5996.21498  2.93%  37.1 29540s
 29646332 11112337 6119.94077   94   39 6177.00000 5996.21568  2.93%  37.1 29545s
 29652599 11114914 infeasible  114      6177.00000 5996.21643  2.93%  37.1 29550s
 29658622 11116886 infeasible  106      6177.00000 5996.21710  2.93%  37.1 29555s
 29664302 11118891 6039.53220   66   79 6177.00000 5996.21764  2.93%  37.1 29560s
 29670013 11121098 6048.90559  124  103 6177.00000 5996.21826  2.93%  37.1 29566s
 29675370 11122757 infeasible   74      6177.00000 5996.21907  2.93%  37.1 29570s
 29680081 11124479 6018.13355   72   35 6177.00000 5996.21959  2.93%  37.1 29575s
 29686736 11126508 6042.84854  112   82 6177.00000 5996.22054  2.93%  37.1 29580s
 29691644 11128261 6093.20000   88   57 6177.00000 5996.22096  2.93%  37.1 29585s
 29698159 11130567 infeasible   77      6177.00000 5996.22185  2.93%  37.1 29591s
 29703440 11132575 6001.74033   89   74 6177.00000 5996.22244  2.93%  37.1 29595s
 29709857 11134598 infeasible  112      6177.00000 5996.22327  2.93%  37.1 29600s
 29715755 11137075 6063.56842   68   79 6177.00000 5996.22379  2.93%  37.1 29605s
 29721539 11138963 6037.43684  112   40 6177.00000 5996.22416  2.93%  37.1 29610s
 29726354 11140742 6105.70180  102   63 6177.00000 5996.22478  2.93%  37.1 29615s
 29732402 11142635     cutoff  135      6177.00000 5996.22562  2.93%  37.1 29620s
 29737678 11144623 6098.99520   89   67 6177.00000 5996.22629  2.93%  37.1 29625s
 29744058 11146275 5998.80085   93   95 6177.00000 5996.22729  2.93%  37.1 29631s
 29749246 11147899 6020.72941   60   81 6177.00000 5996.22795  2.93%  37.1 29635s
 29754369 11149675 6029.08757  101   22 6177.00000 5996.22857  2.93%  37.1 29640s
 29758264 11150928 6122.31092   80   60 6177.00000 5996.22918  2.93%  37.1 29645s
 29761981 11152618 6031.70546   77   60 6177.00000 5996.22975  2.93%  37.1 29651s
 29767031 11154300 6103.24799   67   55 6177.00000 5996.23062  2.93%  37.1 29655s
 29772247 11156165 infeasible   86      6177.00000 5996.23126  2.93%  37.1 29660s
 29778772 11158983 5997.42870   89   74 6177.00000 5996.23181  2.93%  37.1 29665s
 29784265 11160440 6108.43655   47   17 6177.00000 5996.23307  2.93%  37.1 29670s
 29789699 11162719 6000.99905   95   54 6177.00000 5996.23372  2.93%  37.1 29675s
 29796006 11165170 6002.47431   82   64 6177.00000 5996.23447  2.93%  37.1 29680s
 29801458 11167082 6015.79760   82   88 6177.00000 5996.23538  2.93%  37.1 29685s
 29807802 11169493 6143.40829  123   66 6177.00000 5996.23616  2.93%  37.1 29690s
 29813946 11171655 6030.77430   86   96 6177.00000 5996.23678  2.93%  37.1 29695s
 29818220 11173560 6077.75439  109   92 6177.00000 5996.23682  2.93%  37.1 29700s
 29824971 11175916 6091.06352   92   67 6177.00000 5996.23736  2.93%  37.1 29705s
 29830169 11178064 6028.37777   87   44 6177.00000 5996.23792  2.93%  37.1 29710s
 29836259 11180029 6080.97251   57  117 6177.00000 5996.23863  2.93%  37.1 29715s
 29842228 11182354 6010.09557   56   39 6177.00000 5996.23951  2.93%  37.1 29720s
 29847546 11184265 6114.24167   46   84 6177.00000 5996.23990  2.93%  37.1 29725s
 29854028 11186414 6114.05885   80   42 6177.00000 5996.24088  2.93%  37.1 29730s
 29859172 11188128     cutoff  107      6177.00000 5996.24154  2.93%  37.1 29735s
 29864904 11189994 infeasible  118      6177.00000 5996.24241  2.93%  37.1 29740s
 29871257 11192501 6079.63986   68   84 6177.00000 5996.24293  2.93%  37.1 29745s
 29876355 11194220 6092.63063   64   99 6177.00000 5996.24354  2.93%  37.1 29750s
 29882416 11196080 6111.00111   93   63 6177.00000 5996.24444  2.93%  37.1 29755s
 29889091 11198733 6019.94743   89   34 6177.00000 5996.24523  2.93%  37.1 29761s
 29894512 11200524 6128.15998   80   47 6177.00000 5996.24573  2.93%  37.1 29765s
 29900872 11202650 6012.16548   67   49 6177.00000 5996.24650  2.93%  37.1 29770s
 29906532 11204474 5996.24745   91   67 6177.00000 5996.24725  2.93%  37.1 29776s
 29907669 11204541 6014.77427  110   44 6177.00000 5996.24745  2.93%  37.1 29780s
 29912852 11206565 infeasible  116      6177.00000 5996.24773  2.93%  37.1 29786s
 29917734 11208290     cutoff   56      6177.00000 5996.24844  2.93%  37.1 29790s
 29922610 11209729 6043.85262  109   60 6177.00000 5996.24907  2.93%  37.1 29795s
 29928260 11211823 5996.26216   72   81 6177.00000 5996.25021  2.93%  37.1 29801s
 29933796 11214056 5997.10739   63   83 6177.00000 5996.25107  2.93%  37.1 29806s
 29939296 11215823     cutoff   82      6177.00000 5996.25175  2.93%  37.1 29810s
 29945058 11217639 6145.37363   78   45 6177.00000 5996.25232  2.93%  37.1 29815s
 29951271 11219866 6110.40127   56  188 6177.00000 5996.25325  2.93%  37.1 29820s
 29957719 11221999 6056.04983   68  118 6177.00000 5996.25399  2.93%  37.1 29825s
 29963619 11224180 6137.93333  111   48 6177.00000 5996.25523  2.93%  37.1 29831s
 29969222 11226275 6050.40610   59   61 6177.00000 5996.25532  2.93%  37.1 29835s
 29974879 11228180 6020.52855  129   40 6177.00000 5996.25602  2.93%  37.1 29840s
 29980697 11230487 6108.74286   96   66 6177.00000 5996.25697  2.93%  37.1 29845s
 29986939 11232884 5997.89523   84   58 6177.00000 5996.25754  2.93%  37.1 29850s
 29992599 11234722 infeasible  108      6177.00000 5996.25823  2.93%  37.1 29855s
 29998332 11236581     cutoff   57      6177.00000 5996.25886  2.93%  37.1 29860s
 30003294 11238535 infeasible   79      6177.00000 5996.25965  2.93%  37.1 29865s
 30009529 11240492 6130.31465   93   69 6177.00000 5996.26012  2.93%  37.1 29870s
 30014355 11242170 6109.14626   86   53 6177.00000 5996.26079  2.93%  37.1 29875s
 30020782 11245064     cutoff   99      6177.00000 5996.26121  2.93%  37.1 29880s
 30026801 11247076 6026.98398  137   52 6177.00000 5996.26164  2.93%  37.1 29885s
 30032778 11249070 5996.35735   93   61 6177.00000 5996.26223  2.93%  37.1 29890s
 30038751 11250988 6005.78684   47   95 6177.00000 5996.26282  2.93%  37.1 29895s
 30043431 11252528 6078.95100   81   51 6177.00000 5996.26329  2.93%  37.1 29900s
 30049538 11254527 6074.65518  128   69 6177.00000 5996.26406  2.93%  37.1 29905s
 30054316 11256174 6007.98422  116   58 6177.00000 5996.26491  2.93%  37.1 29910s
 30059583 11257998 6101.47611  118   58 6177.00000 5996.26589  2.93%  37.1 29915s
 30064922 11259541 6129.46236   72   62 6177.00000 5996.26636  2.93%  37.1 29920s
 30067344 11260536 6096.49703  122   24 6177.00000 5996.26678  2.93%  37.1 29925s
 30072472 11262487     cutoff   67      6177.00000 5996.26745  2.93%  37.1 29930s
 30079123 11264783 6039.47745   87   94 6177.00000 5996.26873  2.93%  37.1 29936s
 30083916 11266531 infeasible   58      6177.00000 5996.26927  2.93%  37.1 29940s
 30091036 11269287 6139.45000  100   46 6177.00000 5996.27037  2.93%  37.1 29946s
 30096003 11271112 6012.42153   75   49 6177.00000 5996.27051  2.93%  37.1 29950s
 30102301 11273069     cutoff   73      6177.00000 5996.27149  2.93%  37.1 29955s
 30107082 11274835 6011.85484   98   83 6177.00000 5996.27204  2.93%  37.1 29960s
 30113659 11277213     cutoff  114      6177.00000 5996.27220  2.93%  37.0 29965s
 30118678 11278997 6015.65907   69   69 6177.00000 5996.27316  2.93%  37.0 29970s
 30124748 11281189     cutoff   69      6177.00000 5996.27387  2.93%  37.0 29975s
 30131164 11283846 6031.83725   77   43 6177.00000 5996.27437  2.93%  37.0 29980s
 30136199 11285610 6083.53723  114   88 6177.00000 5996.27487  2.93%  37.0 29985s
 30142284 11287928 6049.80926  101   77 6177.00000 5996.27545  2.93%  37.0 29990s
 30149149 11290530 6054.83091   98  100 6177.00000 5996.27591  2.93%  37.0 29995s
 30154984 11292692 6144.20543   99   51 6177.00000 5996.27639  2.93%  37.0 30000s
 30161344 11294855 6082.36209  110   65 6177.00000 5996.27724  2.93%  37.0 30005s
 30166692 11297256 infeasible   51      6177.00000 5996.27793  2.93%  37.0 30010s
 30171980 11299501 6129.09752  133   37 6177.00000 5996.27839  2.93%  37.0 30015s
 30178838 11302270     cutoff   92      6177.00000 5996.27878  2.93%  37.0 30020s
 30183813 11304229 6018.80555   85  104 6177.00000 5996.27927  2.93%  37.0 30025s
 30189598 11306658 6006.23589  102   79 6177.00000 5996.27991  2.93%  37.0 30030s
 30196219 11308774 6048.68696  106   54 6177.00000 5996.28044  2.93%  37.0 30035s
 30202858 11310705 6016.38483   80   57 6177.00000 5996.28144  2.93%  37.0 30040s
 30207603 11312442 6000.25218  110  108 6177.00000 5996.28211  2.93%  37.0 30045s
 30211538 11313338 6020.32982  105   60 6177.00000 5996.28262  2.93%  37.0 30050s
 30215651 11315200 6011.90694   83   63 6177.00000 5996.28319  2.93%  37.0 30055s
 30221026 11317127 6034.49612   56   88 6177.00000 5996.28395  2.93%  37.0 30060s
 30225890 11318878 6102.10877   95   38 6177.00000 5996.28499  2.93%  37.0 30065s
 30232213 11321048 5997.54488   59   51 6177.00000 5996.28559  2.93%  37.0 30070s
 30237474 11322920 6005.35147   73   39 6177.00000 5996.28627  2.93%  37.0 30075s
 30243424 11325024 6065.30995   45  147 6177.00000 5996.28684  2.93%  37.0 30080s
 30249768 11327876 6129.16138  103   61 6177.00000 5996.28718  2.93%  37.0 30085s
 30256708 11330824 6089.24519   66   29 6177.00000 5996.28781  2.93%  37.0 30090s
 30261661 11332572 6125.00999  112   43 6177.00000 5996.28846  2.93%  37.0 30095s
 30268422 11335290 6097.41802  109   50 6177.00000 5996.28874  2.93%  37.0 30100s
 30274904 11337219 5996.90463   78   53 6177.00000 5996.28907  2.93%  37.0 30105s
 30279610 11339167 6067.92479   79  103 6177.00000 5996.28956  2.93%  37.0 30110s
 30284275 11341134 6038.87462  120   49 6177.00000 5996.29025  2.93%  37.0 30115s
 30290736 11343562 6110.70431   84   42 6177.00000 5996.29106  2.93%  37.0 30120s
 30295796 11345222 6006.31921   90   48 6177.00000 5996.29176  2.93%  37.0 30125s
 30301325 11347462 6006.76086   78   72 6177.00000 5996.29236  2.93%  37.0 30130s
 30307840 11350033     cutoff   54      6177.00000 5996.29294  2.93%  37.0 30135s
 30314631 11352396 infeasible   72      6177.00000 5996.29361  2.93%  37.0 30140s
 30320476 11354315 6095.34286  101   43 6177.00000 5996.29395  2.93%  37.0 30145s
 30326001 11356262     cutoff  108      6177.00000 5996.29456  2.93%  37.0 30150s
 30331401 11358367     cutoff   95      6177.00000 5996.29487  2.93%  37.0 30155s
 30337945 11360699 6007.29799   80   49 6177.00000 5996.29582  2.93%  37.0 30160s
 30344339 11362830 6027.91553   38  169 6177.00000 5996.29651  2.93%  37.0 30165s
 30349164 11364508 6022.02164   69   45 6177.00000 5996.29721  2.93%  37.0 30170s
 30354791 11366226 6037.08063  113   53 6177.00000 5996.29805  2.93%  37.0 30175s
 30360011 11367503     cutoff   77      6177.00000 5996.29860  2.93%  37.0 30180s
 30360646 11368091 6016.61632  121   47 6177.00000 5996.29860  2.93%  37.0 30185s
 30365906 11370647 6029.98474  105   39 6177.00000 5996.29921  2.93%  37.0 30190s
 30372271 11373396 6026.94286   99   27 6177.00000 5996.29962  2.93%  37.0 30195s
 30378693 11375748 6002.25690   80   97 6177.00000 5996.30038  2.93%  37.0 30200s
 30384060 11377864 6052.91244   68   82 6177.00000 5996.30087  2.93%  37.0 30205s
 30391294 11380455 6046.05283  127   17 6177.00000 5996.30169  2.93%  37.0 30210s
 30396452 11382307 6101.33750   55   28 6177.00000 5996.30204  2.93%  37.0 30215s
 30401983 11384555 infeasible   67      6177.00000 5996.30287  2.93%  37.0 30220s
 30408536 11387165 6000.42020  103   49 6177.00000 5996.30344  2.93%  37.0 30225s
 30413673 11388522 infeasible   69      6177.00000 5996.30391  2.93%  37.0 30230s
 30420118 11390741 6099.88389  106   28 6177.00000 5996.30454  2.93%  37.0 30236s
 30424978 11392636 6065.93351   63   90 6177.00000 5996.30499  2.93%  37.0 30240s
 30430136 11394397 6018.02824   77   43 6177.00000 5996.30552  2.93%  37.0 30245s
 30436384 11396444 6011.05939   90   52 6177.00000 5996.30613  2.93%  37.0 30250s
 30442771 11398944 6002.12667  117   58 6177.00000 5996.30723  2.93%  37.0 30256s
 30448149 11400911 6020.43962   65  120 6177.00000 5996.30777  2.93%  37.0 30260s
 30454839 11403411 6009.94687   79   44 6177.00000 5996.30802  2.93%  37.0 30265s
 30459880 11405181 6001.62565   63   77 6177.00000 5996.30875  2.93%  37.0 30270s
 30466978 11408115 6143.06202  115   43 6177.00000 5996.30923  2.93%  37.0 30275s
 30472508 11410352 6005.65546   91   74 6177.00000 5996.30954  2.93%  37.0 30280s
 30479129 11412622 6048.89784  111  110 6177.00000 5996.31034  2.93%  37.0 30285s
 30484029 11414468     cutoff  104      6177.00000 5996.31098  2.93%  37.0 30290s
 30489872 11416481 5997.76110   93  104 6177.00000 5996.31176  2.93%  37.0 30295s
 30494889 11418386 6092.71429   70   37 6177.00000 5996.31227  2.93%  37.0 30300s
 30501157 11420171     cutoff  111      6177.00000 5996.31337  2.93%  37.0 30305s
 30507376 11422251     cutoff   55      6177.00000 5996.31420  2.93%  37.0 30310s
 30512383 11424142 6013.25223  102   73 6177.00000 5996.31486  2.93%  37.0 30315s
 30518761 11426340     cutoff   95      6177.00000 5996.31563  2.93%  37.0 30320s
 30524936 11428655 6125.40385  124   61 6177.00000 5996.31609  2.93%  37.0 30325s
 30527454 11433340 6047.90528   68   54 6177.00000 5996.31666  2.93%  37.0 30340s
 30543274 11435342 6036.04288   85   81 6177.00000 5996.31779  2.93%  37.0 30345s
 30549134 11437557 6007.98789   96   95 6177.00000 5996.31846  2.93%  37.0 30350s
 30553605 11439272     cutoff  109      6177.00000 5996.31867  2.93%  37.0 30355s
 30560016 11441810     cutoff   76      6177.00000 5996.31926  2.93%  37.0 30360s
 30564902 11443580 6058.56763  105   80 6177.00000 5996.31950  2.93%  37.0 30365s
 30570729 11445333 6003.57356  106  136 6177.00000 5996.32005  2.93%  37.0 30370s
 30576428 11447613 6056.22084   90   59 6177.00000 5996.32017  2.93%  37.0 30375s
 30583213 11450235 6078.07895  122   56 6177.00000 5996.32091  2.93%  37.0 30380s
 30589368 11452341 infeasible   50      6177.00000 5996.32145  2.93%  37.0 30386s
 30594393 11453861 6025.94659   79   42 6177.00000 5996.32227  2.93%  37.0 30390s
 30599725 11456296     cutoff   66      6177.00000 5996.32251  2.93%  37.0 30395s
 30606311 11458534     cutoff   98      6177.00000 5996.32320  2.92%  37.0 30400s
 30611466 11460236     cutoff   96      6177.00000 5996.32397  2.92%  37.0 30405s
 30617317 11462335 6084.69118   87   36 6177.00000 5996.32471  2.92%  37.0 30410s
 30624291 11465175     cutoff   69      6177.00000 5996.32527  2.92%  37.0 30415s
 30630128 11467616 6002.47200   81   37 6177.00000 5996.32565  2.92%  37.0 30420s
 30636607 11469969 6107.61133   83   32 6177.00000 5996.32593  2.92%  37.0 30425s
 30641814 11472058 6011.51666  102   61 6177.00000 5996.32632  2.92%  37.0 30430s
 30648595 11474459 infeasible  104      6177.00000 5996.32687  2.92%  37.0 30435s
 30654042 11476437 6099.92771   61   22 6177.00000 5996.32730  2.92%  37.0 30440s
 30659014 11478120     cutoff  106      6177.00000 5996.32745  2.92%  37.0 30445s
 30665152 11480324 6059.99105   84   55 6177.00000 5996.32844  2.92%  37.0 30450s
 30670213 11482617 6107.80000   82   25 6177.00000 5996.32879  2.92%  37.0 30455s
 30676459 11485125 infeasible   82      6177.00000 5996.32938  2.92%  37.0 30460s
 30682477 11487092 6030.96584   85   80 6177.00000 5996.33014  2.92%  37.0 30465s
 30688523 11488637     cutoff   67      6177.00000 5996.33089  2.92%  37.0 30470s
 30690050 11489477 infeasible   78      6177.00000 5996.33117  2.92%  37.0 30475s
 30695329 11491295 6021.43480   97   40 6177.00000 5996.33183  2.92%  37.0 30480s
 30700512 11493242 6002.40844   94   86 6177.00000 5996.33236  2.92%  37.0 30485s
 30707279 11495454 6010.76763   88   90 6177.00000 5996.33329  2.92%  37.0 30490s
 30713085 11498048 6115.09643   79   49 6177.00000 5996.33350  2.92%  37.0 30495s
 30718306 11500160 6005.90009   53   82 6177.00000 5996.33384  2.92%  37.0 30500s
 30724516 11502194 5999.08540  125   69 6177.00000 5996.33461  2.92%  37.0 30505s
 30729034 11504005 infeasible   94      6177.00000 5996.33563  2.92%  37.0 30510s
 30735389 11506248     cutoff  112      6177.00000 5996.33598  2.92%  37.0 30515s
 30741483 11508593 6059.76928  112   87 6177.00000 5996.33674  2.92%  37.0 30520s
 30747610 11510555 6098.02009   87   29 6177.00000 5996.33727  2.92%  37.0 30525s
 30752880 11512360     cutoff   87      6177.00000 5996.33788  2.92%  37.0 30530s
 30759840 11515274 6000.38305   94   59 6177.00000 5996.33839  2.92%  37.0 30535s
 30766555 11517806     cutoff   73      6177.00000 5996.33870  2.92%  37.0 30540s
 30771532 11519386 6088.77182   89  173 6177.00000 5996.33895  2.92%  37.0 30545s
 30777763 11521481 6090.92607   77   68 6177.00000 5996.33996  2.92%  37.0 30550s
 30782422 11523175 6004.96427  102   47 6177.00000 5996.34021  2.92%  37.0 30555s
 30787593 11525156 infeasible  111      6177.00000 5996.34047  2.92%  37.0 30560s
 30793897 11527420 6099.74286   68   58 6177.00000 5996.34089  2.92%  37.0 30565s
 30799962 11529645 6015.78582  103   51 6177.00000 5996.34169  2.92%  37.0 30570s
 30804864 11531604 6090.14950  110   29 6177.00000 5996.34216  2.92%  37.0 30575s
 30811209 11533723 infeasible   93      6177.00000 5996.34289  2.92%  37.0 30580s
 30816462 11536174 6016.45559   39    8 6177.00000 5996.34348  2.92%  37.0 30585s
 30820165 11536993 6121.71013   90   19 6177.00000 5996.34370  2.92%  37.0 30590s
 30820239 11537012 6114.94583   92   32 6177.00000 5996.34370  2.92%  37.0 30596s
 30820293 11537018     cutoff   92      6177.00000 5996.34372  2.92%  37.0 30602s
 30820332 11537032 6002.62429   74   96 6177.00000 5996.34384  2.92%  37.0 30606s
 30820360 11537067 6097.31579   75   31 6177.00000 5996.34384  2.92%  37.0 30610s
 30820734 11537250 6097.31579   76   29 6177.00000 5996.34388  2.92%  37.0 30615s
 30822045 11537992 6102.10000   77   21 6177.00000 5996.34402  2.92%  37.0 30620s
 30823369 11538122 6037.77446  109   38 6177.00000 5996.34412  2.92%  37.0 30627s
 30823845 11538885 6000.71495   57   37 6177.00000 5996.34434  2.92%  37.0 30630s
 30831162 11540971     cutoff   89      6177.00000 5996.34559  2.92%  37.0 30635s
 30837527 11543186 6025.65457   63   27 6177.00000 5996.34622  2.92%  37.0 30641s
 30841869 11544518 6096.92321  107   52 6177.00000 5996.34698  2.92%  37.0 30645s
 30847906 11546907 6107.11654  116   46 6177.00000 5996.34773  2.92%  37.0 30650s
 30853184 11548451 6143.93333   42   23 6177.00000 5996.34834  2.92%  37.0 30655s
 30858840 11550299 6085.42595  105   41 6177.00000 5996.34891  2.92%  37.0 30661s
 30863954 11551902 6022.51761   47  165 6177.00000 5996.34945  2.92%  37.0 30665s
 30868337 11553375 infeasible  114      6177.00000 5996.34968  2.92%  37.0 30670s
 30873897 11554994 6030.22358   80   60 6177.00000 5996.35074  2.92%  37.0 30675s
 30879075 11556966 6086.91485  114   36 6177.00000 5996.35150  2.92%  37.0 30680s
 30883953 11558456 6017.99743   55   60 6177.00000 5996.35216  2.92%  37.0 30685s
 30890280 11561075 6050.01465  117   94 6177.00000 5996.35306  2.92%  37.0 30691s
 30894605 11562658     cutoff   83      6177.00000 5996.35308  2.92%  37.0 30695s
 30901150 11564687 5997.76579   85   33 6177.00000 5996.35383  2.92%  37.0 30700s
 30905826 11566629 6121.20792   95   50 6177.00000 5996.35463  2.92%  37.0 30705s
 30912725 11568651 6002.28464   90   65 6177.00000 5996.35525  2.92%  37.0 30710s
 30918031 11570721 6094.28571   71   55 6177.00000 5996.35614  2.92%  36.9 30715s
 30923684 11572990 6126.19557   86   64 6177.00000 5996.35672  2.92%  36.9 30720s
 30929556 11575168 5996.35788   78   35 6177.00000 5996.35685  2.92%  36.9 30725s
 30935606 11577959 6102.81923  104   51 6177.00000 5996.35751  2.92%  36.9 30730s
 30939118 11578659 6059.57868   94   94 6177.00000 5996.35774  2.92%  36.9 30735s
 30941775 11580070 6062.03125   94   58 6177.00000 5996.35816  2.92%  36.9 30740s
 30947064 11581930 6103.02927   71   70 6177.00000 5996.35874  2.92%  36.9 30745s
 30953878 11584253 infeasible  103      6177.00000 5996.35931  2.92%  36.9 30750s
 30958738 11585903 6003.80652   92   38 6177.00000 5996.35988  2.92%  36.9 30755s
 30964479 11588037 6098.55241   98   19 6177.00000 5996.36063  2.92%  36.9 30760s
 30969516 11589864 6020.01943  106   88 6177.00000 5996.36116  2.92%  36.9 30765s
 30974370 11592075     cutoff   91      6177.00000 5996.36174  2.92%  36.9 30770s
 30979939 11593998 6097.85846   93   56 6177.00000 5996.36174  2.92%  36.9 30775s
 30985227 11596315 6014.57427  101   58 6177.00000 5996.36211  2.92%  36.9 30780s
 30990942 11598216 6069.10772  117  117 6177.00000 5996.36279  2.92%  36.9 30785s
 30997181 11600449     cutoff   96      6177.00000 5996.36364  2.92%  36.9 30790s
 31003567 11602797 6145.05000  104   18 6177.00000 5996.36447  2.92%  36.9 30795s
 31008661 11604565     cutoff   56      6177.00000 5996.36534  2.92%  36.9 30800s
 31015050 11607280 5996.99548   93   78 6177.00000 5996.36606  2.92%  36.9 30805s
 31020626 11609409 6054.51336  104   85 6177.00000 5996.36641  2.92%  36.9 30810s
 31026597 11611779 6106.34812  114   71 6177.00000 5996.36694  2.92%  36.9 30816s
 31032076 11613628 6030.71741  114  105 6177.00000 5996.36770  2.92%  36.9 30820s
 31036974 11615330 6038.77955  108   58 6177.00000 5996.36834  2.92%  36.9 30825s
 31042435 11617183 6014.61144   98   62 6177.00000 5996.36903  2.92%  36.9 30830s
 31049592 11619843 infeasible   85      6177.00000 5996.36941  2.92%  36.9 30836s
 31054539 11621416 6060.93158  120   96 6177.00000 5996.37003  2.92%  36.9 30840s
 31060154 11623351 6122.03378   86   59 6177.00000 5996.37103  2.92%  36.9 30845s
 31066525 11625245 infeasible   94      6177.00000 5996.37194  2.92%  36.9 30850s
 31071456 11627267     cutoff   69      6177.00000 5996.37252  2.92%  36.9 30855s
 31077713 11629579 6023.37302   76   45 6177.00000 5996.37301  2.92%  36.9 30860s
 31082634 11631448 6087.78797  126   72 6177.00000 5996.37317  2.92%  36.9 30865s
 31086531 11632435     cutoff   75      6177.00000 5996.37375  2.92%  36.9 30870s
 31089519 11634015 infeasible  100      6177.00000 5996.37426  2.92%  36.9 30875s
 31095426 11636348 6023.61919   78   67 6177.00000 5996.37426  2.92%  36.9 30880s
 31102219 11638879 6006.23033   97  127 6177.00000 5996.37476  2.92%  36.9 30885s
 31107369 11640549 6006.18090  114   30 6177.00000 5996.37540  2.92%  36.9 30890s
 31113815 11643497 6043.26872   95   70 6177.00000 5996.37606  2.92%  36.9 30895s
 31118905 11645450 6104.30000   94    8 6177.00000 5996.37644  2.92%  36.9 30900s
 31124177 11647643     cutoff  109      6177.00000 5996.37702  2.92%  36.9 30905s
 31130255 11649842 6012.41664   59   79 6177.00000 5996.37768  2.92%  36.9 30910s
 31136387 11652011     cutoff   90      6177.00000 5996.37841  2.92%  36.9 30915s
 31142447 11654184     cutoff  120      6177.00000 5996.37933  2.92%  36.9 30920s
 31148835 11656550 6174.00000   94   40 6177.00000 5996.37981  2.92%  36.9 30925s
 31155474 11658748 6035.02701   94   86 6177.00000 5996.38024  2.92%  36.9 30930s
 31160345 11660358 6078.99447   96   65 6177.00000 5996.38081  2.92%  36.9 30935s
 31165719 11662537     cutoff   94      6177.00000 5996.38152  2.92%  36.9 30940s
 31170575 11664424 6122.05629   91   98 6177.00000 5996.38226  2.92%  36.9 30945s
 31177195 11666693 infeasible  103      6177.00000 5996.38315  2.92%  36.9 30950s
 31183325 11668700 6012.66790  106   38 6177.00000 5996.38387  2.92%  36.9 30955s
 31189366 11670785 6091.68758   89   37 6177.00000 5996.38440  2.92%  36.9 30961s
 31194374 11672320 6011.36690   73   52 6177.00000 5996.38500  2.92%  36.9 30965s
 31200365 11674356 6022.94079   93   38 6177.00000 5996.38593  2.92%  36.9 30970s
 31207030 11676946 6034.03892  122   68 6177.00000 5996.38651  2.92%  36.9 30975s
 31212375 11678835     cutoff   74      6177.00000 5996.38717  2.92%  36.9 30980s
 31218560 11680936 5999.49902   97   70 6177.00000 5996.38808  2.92%  36.9 30985s
 31223016 11682555 6094.84466   59   45 6177.00000 5996.38864  2.92%  36.9 30990s
 31229162 11684663 infeasible   77      6177.00000 5996.38919  2.92%  36.9 30995s
 31234363 11686663 6095.23846   94   63 6177.00000 5996.39002  2.92%  36.9 31000s
 31240768 11689018 infeasible  105      6177.00000 5996.39089  2.92%  36.9 31006s
 31242219 11689026 6103.17364   78   39 6177.00000 5996.39089  2.92%  36.9 31011s
 31244399 11690292 6043.52802  116   89 6177.00000 5996.39105  2.92%  36.9 31015s
 31250957 11692778     cutoff  120      6177.00000 5996.39155  2.92%  36.9 31020s
 31255844 11694156     cutoff   88      6177.00000 5996.39192  2.92%  36.9 31025s
 31262141 11696633 6082.74586   43   36 6177.00000 5996.39254  2.92%  36.9 31030s
 31268489 11699220 6066.62436   57   57 6177.00000 5996.39334  2.92%  36.9 31036s
 31273403 11700904 6008.48305   67   28 6177.00000 5996.39423  2.92%  36.9 31040s
 31280406 11702854 6004.67937   67   90 6177.00000 5996.39482  2.92%  36.9 31046s
 31285972 11704822 6092.11678  104   94 6177.00000 5996.39577  2.92%  36.9 31050s
 31291666 11706584 6002.81099   97   61 6177.00000 5996.39627  2.92%  36.9 31055s
 31297688 11709182 6102.83000  102   28 6177.00000 5996.39718  2.92%  36.9 31061s
 31302949 11711519 6006.27021   75   42 6177.00000 5996.39776  2.92%  36.9 31065s
 31310206 11714268 5996.60219   79   71 6177.00000 5996.39796  2.92%  36.9 31070s
 31316124 11716630 6112.49985   99   75 6177.00000 5996.39841  2.92%  36.9 31075s
 31322887 11718996     cutoff   85      6177.00000 5996.39909  2.92%  36.9 31080s
 31328601 11721005 6009.87495   83  127 6177.00000 5996.39977  2.92%  36.9 31085s
 31334145 11722914 6100.14265   81   59 6177.00000 5996.40063  2.92%  36.9 31090s
 31340511 11725404 6054.01305  117  102 6177.00000 5996.40113  2.92%  36.9 31095s
 31345294 11726813 6013.04014   88   62 6177.00000 5996.40189  2.92%  36.9 31100s
 31350652 11728493 6118.21139   76   22 6177.00000 5996.40240  2.92%  36.9 31105s
 31355791 11730578 6102.88679  112   63 6177.00000 5996.40310  2.92%  36.9 31110s
 31362103 11733021 6012.68900  101  111 6177.00000 5996.40393  2.92%  36.9 31115s
 31367763 11735051 infeasible   95      6177.00000 5996.40492  2.92%  36.9 31120s
 31374305 11737288 6100.63971  120   53 6177.00000 5996.40564  2.92%  36.9 31125s
 31380369 11739362 6000.23615   78   44 6177.00000 5996.40641  2.92%  36.9 31131s
 31385039 11740893 6041.83763   92   79 6177.00000 5996.40703  2.92%  36.9 31135s
 31390585 11742512 6007.88122   61   61 6177.00000 5996.40750  2.92%  36.9 31140s
 31396497 11744849 6047.85460   58  139 6177.00000 5996.40854  2.92%  36.9 31145s
 31401206 11746578 6103.00000   83   60 6177.00000 5996.40907  2.92%  36.9 31150s
 31407620 11749301 6051.10740   97  103 6177.00000 5996.40958  2.92%  36.9 31156s
 31412712 11750981 infeasible  103      6177.00000 5996.40996  2.92%  36.9 31160s
 31418496 11752838 6094.73860   69   40 6177.00000 5996.41086  2.92%  36.9 31165s
 31424609 11754926 6006.37761   75   87 6177.00000 5996.41140  2.92%  36.9 31170s
 31429778 11756979 6087.02141   79   27 6177.00000 5996.41178  2.92%  36.9 31175s
 31435175 11758816 6132.03333   64   48 6177.00000 5996.41246  2.92%  36.9 31180s
 31441350 11761207 5996.59615  101   99 6177.00000 5996.41345  2.92%  36.9 31186s
 31446697 11763107 5996.49525   62  106 6177.00000 5996.41425  2.92%  36.9 31191s
 31450792 11764743 5996.41616   82   49 6177.00000 5996.41491  2.92%  36.9 31195s
 31456883 11766601 6027.38467   85   37 6177.00000 5996.41553  2.92%  36.9 31200s
 31461627 11768268 5996.41856   75  119 6177.00000 5996.41606  2.92%  36.9 31205s
 31467904 11770253 6096.51636   96   36 6177.00000 5996.41667  2.92%  36.9 31210s
 31471358 11771348 6077.43711  120   90 6177.00000 5996.41713  2.92%  36.9 31215s
 31473982 11772569 6074.22772   83   16 6177.00000 5996.41768  2.92%  36.9 31220s
 31480730 11774785 6102.33186   86   83 6177.00000 5996.41856  2.92%  36.9 31225s
 31486167 11776904 6099.36579  103   22 6177.00000 5996.41897  2.92%  36.9 31230s
 31492344 11779110 6002.91369   90   91 6177.00000 5996.41916  2.92%  36.9 31235s
 31498774 11781623 infeasible  124      6177.00000 5996.41994  2.92%  36.9 31240s
 31504166 11783692     cutoff   91      6177.00000 5996.42044  2.92%  36.9 31245s
 31510317 11786212     cutoff   54      6177.00000 5996.42127  2.92%  36.9 31250s
 31515284 11787730 6062.45952   82   35 6177.00000 5996.42194  2.92%  36.9 31255s
 31521882 11789950 6018.40702  117   46 6177.00000 5996.42259  2.92%  36.9 31260s
 31528156 11792066 6094.31579   95   17 6177.00000 5996.42373  2.92%  36.9 31265s
 31534230 11794558     cutoff   92      6177.00000 5996.42441  2.92%  36.9 31270s
 31539378 11796317 6144.13164   83   51 6177.00000 5996.42480  2.92%  36.9 31275s
 31545475 11798253 5997.33492   66   53 6177.00000 5996.42573  2.92%  36.9 31280s
 31551091 11800283 6033.99604   74  125 6177.00000 5996.42619  2.92%  36.9 31285s
 31556332 11802262 infeasible  120      6177.00000 5996.42670  2.92%  36.9 31290s
 31562740 11804569 6014.99825   84   32 6177.00000 5996.42727  2.92%  36.9 31296s
 31568139 11806949 6037.38606   83   47 6177.00000 5996.42759  2.92%  36.9 31300s
 31573871 11808723 infeasible   62      6177.00000 5996.42812  2.92%  36.9 31305s
 31578918 11810056 6000.02059   73   61 6177.00000 5996.42868  2.92%  36.9 31310s
 31585494 11812571 6004.83701   48   66 6177.00000 5996.42962  2.92%  36.9 31315s
 31590855 11814361 6099.18182   45   60 6177.00000 5996.42984  2.92%  36.9 31320s
 31597237 11816731 6027.34583   98   43 6177.00000 5996.43079  2.92%  36.9 31325s
 31602293 11818526 infeasible   69      6177.00000 5996.43125  2.92%  36.9 31330s
 31608355 11820664 6009.05662   69   49 6177.00000 5996.43176  2.92%  36.9 31335s
 31616528 11823268     cutoff   83      6177.00000 5996.43239  2.92%  36.9 31340s
 31622798 11825324     cutoff   99      6177.00000 5996.43293  2.92%  36.9 31345s
 31627749 11826617 6105.43828   86   25 6177.00000 5996.43340  2.92%  36.9 31350s
 31628075 11827280 infeasible   93      6177.00000 5996.43340  2.92%  36.9 31355s
 31633839 11829014 6130.09618   96   42 6177.00000 5996.43382  2.92%  36.9 31360s
 31640781 11831223 infeasible   88      6177.00000 5996.43467  2.92%  36.9 31365s
 31645555 11832895 6096.88109   93   37 6177.00000 5996.43504  2.92%  36.9 31370s
 31651682 11834901     cutoff   72      6177.00000 5996.43570  2.92%  36.9 31375s
 31658103 11837480 6023.71456   73   60 6177.00000 5996.43612  2.92%  36.9 31380s
 31663869 11839176 6007.76914   54   52 6177.00000 5996.43650  2.92%  36.9 31385s
 31669606 11841463 6021.80424  101   83 6177.00000 5996.43720  2.92%  36.9 31390s
 31675485 11843739 5996.43930   56   62 6177.00000 5996.43765  2.92%  36.9 31395s
 31681023 11845475 6109.57500   61   48 6177.00000 5996.43836  2.92%  36.9 31400s
 31686652 11847338 6136.02811   92   71 6177.00000 5996.43910  2.92%  36.9 31406s
 31692405 11849636     cutoff   94      6177.00000 5996.43960  2.92%  36.9 31410s
 31697678 11851595     cutoff   93      6177.00000 5996.44044  2.92%  36.9 31415s
 31704324 11854182 6012.30613   75   81 6177.00000 5996.44105  2.92%  36.9 31420s
 31710303 11855962 6012.33907   94   54 6177.00000 5996.44190  2.92%  36.9 31425s
 31715978 11857914     cutoff  124      6177.00000 5996.44283  2.92%  36.9 31431s
 31721191 11859494 5998.52275   88   92 6177.00000 5996.44328  2.92%  36.9 31435s
 31727573 11861968 6080.19284   83  184 6177.00000 5996.44406  2.92%  36.9 31440s
 31732763 11863677     cutoff   65      6177.00000 5996.44445  2.92%  36.9 31445s
 31738934 11866028 6090.50724   74   49 6177.00000 5996.44535  2.92%  36.9 31450s
 31745521 11868385 6003.49301   96   56 6177.00000 5996.44605  2.92%  36.9 31455s
 31751355 11870738 6039.92922   75   42 6177.00000 5996.44701  2.92%  36.9 31460s
 31756806 11872924 6041.41984   79  117 6177.00000 5996.44734  2.92%  36.9 31465s
 31763300 11875125     cutoff  109      6177.00000 5996.44810  2.92%  36.9 31470s
 31769039 11877062 6041.16965   66   90 6177.00000 5996.44912  2.92%  36.9 31475s
 31774516 11878998     cutoff  140      6177.00000 5996.44987  2.92%  36.9 31480s
 31781057 11881426     cutoff   98      6177.00000 5996.45014  2.92%  36.9 31485s
 31785809 11883364 6009.20188   92   27 6177.00000 5996.45062  2.92%  36.9 31490s
 31790901 11884993 6056.70113   76   95 6177.00000 5996.45099  2.92%  36.9 31495s
 31793861 11885626 6014.09267  103   69 6177.00000 5996.45136  2.92%  36.9 31500s
 31798551 11887670 6001.05277   73   63 6177.00000 5996.45151  2.92%  36.8 31505s
 31805198 11890062 6051.11795   79  112 6177.00000 5996.45196  2.92%  36.8 31510s
 31811746 11891949 6000.83937   50   47 6177.00000 5996.45261  2.92%  36.8 31515s
 31816574 11894230 6016.48751  115   51 6177.00000 5996.45280  2.92%  36.8 31520s
 31823102 11896619 6168.09202   92   52 6177.00000 5996.45345  2.92%  36.8 31525s
 31830016 11899191 6012.50328   60   55 6177.00000 5996.45419  2.92%  36.8 31530s
 31835253 11901421 6011.18133   95   49 6177.00000 5996.45479  2.92%  36.8 31536s
 31840271 11902827 infeasible  108      6177.00000 5996.45539  2.92%  36.8 31540s
 31846758 11904889     cutoff   96      6177.00000 5996.45600  2.92%  36.8 31545s
 31853091 11907240 infeasible  102      6177.00000 5996.45662  2.92%  36.8 31550s
 31859094 11909229 6104.01772   52   88 6177.00000 5996.45747  2.92%  36.8 31555s
 31864024 11910858 6082.62117   54   48 6177.00000 5996.45822  2.92%  36.8 31560s
 31870477 11913457 6131.31812  105   53 6177.00000 5996.45893  2.92%  36.8 31565s
 31876614 11915668 6011.88727   89   45 6177.00000 5996.45965  2.92%  36.8 31570s
 31881362 11917019 6031.29222   86  100 6177.00000 5996.46043  2.92%  36.8 31575s
 31887645 11918875 6003.71352   50   39 6177.00000 5996.46129  2.92%  36.8 31580s
 31892525 11920778 6098.50958  112   28 6177.00000 5996.46231  2.92%  36.8 31585s
 31898004 11922131 6091.77490   91   25 6177.00000 5996.46284  2.92%  36.8 31590s
 31904550 11924051 6091.64335   94   35 6177.00000 5996.46298  2.92%  36.8 31595s
 31910636 11926270     cutoff  114      6177.00000 5996.46361  2.92%  36.8 31600s
 31916902 11928397 6091.48235  100   41 6177.00000 5996.46405  2.92%  36.8 31605s
 31923678 11931055 6040.61910   93   65 6177.00000 5996.46433  2.92%  36.8 31610s
 31928280 11932852 6026.83389   81   56 6177.00000 5996.46495  2.92%  36.8 31615s
 31934568 11935323 6028.21390  109   61 6177.00000 5996.46585  2.92%  36.8 31620s
 31940919 11937504 6094.29091   57   73 6177.00000 5996.46679  2.92%  36.8 31625s
 31945985 11939391 5996.50022   72  110 6177.00000 5996.46760  2.92%  36.8 31630s
 31951721 11941213 6083.04000   93   49 6177.00000 5996.46779  2.92%  36.8 31635s
 31953172 11941562 6078.27295   98   49 6177.00000 5996.46788  2.92%  36.8 31640s
 31958647 11943641 5997.31952  103  102 6177.00000 5996.46834  2.92%  36.8 31645s
 31964744 11945797 6101.26000  123   24 6177.00000 5996.46930  2.92%  36.8 31650s
 31966290 11946160 6000.80077   51   47 6177.00000 5996.46942  2.92%  36.8 31655s
 31970801 11947846 6077.16117   49   43 6177.00000 5996.47007  2.92%  36.8 31660s
 31977751 11950135 6121.13333   79   36 6177.00000 5996.47050  2.92%  36.8 31665s
 31983824 11952544 6098.83000   96   53 6177.00000 5996.47112  2.92%  36.8 31670s
 31989701 11954201 6102.51483  116   64 6177.00000 5996.47149  2.92%  36.8 31675s
 31995119 11956203 infeasible  122      6177.00000 5996.47206  2.92%  36.8 31680s
 32001908 11958457 6027.08470   52   44 6177.00000 5996.47274  2.92%  36.8 31685s
 32007787 11961187 6046.07525   62  119 6177.00000 5996.47325  2.92%  36.8 31690s
 32013528 11963255 6021.15785   82  108 6177.00000 5996.47361  2.92%  36.8 31695s
 32019982 11965633 6008.22173   85   90 6177.00000 5996.47408  2.92%  36.8 31700s
 32026067 11967473 6053.79307   61   82 6177.00000 5996.47483  2.92%  36.8 31705s
 32030836 11968988 6133.67901   99   70 6177.00000 5996.47528  2.92%  36.8 31710s
 32037239 11971045 6123.51636   80   42 6177.00000 5996.47619  2.92%  36.8 31715s
 32042292 11973044 6067.65386   77   89 6177.00000 5996.47681  2.92%  36.8 31720s
 32048898 11975422 6102.41223   48   37 6177.00000 5996.47768  2.92%  36.8 31725s
 32054172 11977510 5999.98463   73  114 6177.00000 5996.47812  2.92%  36.8 31730s
 32061064 11979754 6009.46434   64   60 6177.00000 5996.47884  2.92%  36.8 31735s
 32066648 11981659 infeasible   94      6177.00000 5996.47929  2.92%  36.8 31740s
 32073050 11984016 6082.07913  105   39 6177.00000 5996.47989  2.92%  36.8 31745s
 32079311 11986271 6001.18104   91   55 6177.00000 5996.48061  2.92%  36.8 31750s
 32084373 11988168 6100.36777   57  108 6177.00000 5996.48127  2.92%  36.8 31755s
 32089519 11989831 6080.47166   63   70 6177.00000 5996.48190  2.92%  36.8 31760s
 32094938 11991666 6097.66362   88   40 6177.00000 5996.48270  2.92%  36.8 31765s
 32101440 11993810 infeasible   93      6177.00000 5996.48333  2.92%  36.8 31770s
 32106670 11995333 6010.74672   78   87 6177.00000 5996.48382  2.92%  36.8 31775s
 32107950 11995682     cutoff  127      6177.00000 5996.48397  2.92%  36.8 31780s
 32112949 11997717 infeasible   57      6177.00000 5996.48469  2.92%  36.8 31785s
 32119620 11999975 6100.27460   74   50 6177.00000 5996.48559  2.92%  36.8 31791s
 32125052 12001943     cutoff   98      6177.00000 5996.48568  2.92%  36.8 31795s
 32130877 12003347 6010.96692  107   86 6177.00000 5996.48606  2.92%  36.8 31800s
 32136366 12005293 6099.36136  100   67 6177.00000 5996.48690  2.92%  36.8 31805s
 32142495 12007495 6045.33522   95  156 6177.00000 5996.48735  2.92%  36.8 31811s
 32147271 12009239 6100.82778  127   44 6177.00000 5996.48785  2.92%  36.8 31815s
 32153852 12011261 infeasible   87      6177.00000 5996.48858  2.92%  36.8 31820s
 32158044 12012709 6144.36623   60   61 6177.00000 5996.48944  2.92%  36.8 31825s
 32163077 12014186 6020.57098  102   87 6177.00000 5996.49001  2.92%  36.8 31830s
 32169689 12016649     cutoff   83      6177.00000 5996.49082  2.92%  36.8 31835s
 32175464 12018783 6018.37777   99   37 6177.00000 5996.49132  2.92%  36.8 31840s
 32181745 12021049 5997.72632   86  100 6177.00000 5996.49189  2.92%  36.8 31845s
 32187559 12023022 6018.08895   87   83 6177.00000 5996.49249  2.92%  36.8 31850s
 32192553 12024615 5997.09866   59   94 6177.00000 5996.49307  2.92%  36.8 31855s
 32199167 12026832 6149.67024  125   35 6177.00000 5996.49389  2.92%  36.8 31860s
 32204348 12028831 6091.00000   75   39 6177.00000 5996.49439  2.92%  36.8 31865s
 32210544 12030721 6131.85000  100   43 6177.00000 5996.49513  2.92%  36.8 31870s
 32215912 12032514     cutoff   92      6177.00000 5996.49595  2.92%  36.8 31875s
 32221302 12034859 6011.68192   55   50 6177.00000 5996.49643  2.92%  36.8 31880s
 32227314 12036818     cutoff   84      6177.00000 5996.49683  2.92%  36.8 31885s
 32231995 12038765 6130.40000   38   23 6177.00000 5996.49707  2.92%  36.8 31890s
 32237738 12040771 6104.49000   76   36 6177.00000 5996.49772  2.92%  36.8 31895s
 32243921 12042971 6113.12482  118   63 6177.00000 5996.49855  2.92%  36.8 31901s
 32248827 12045360 6103.42857   59   22 6177.00000 5996.49903  2.92%  36.8 31905s
 32252802 12046172 6141.40000   60   46 6177.00000 5996.49938  2.92%  36.8 31910s
 32256113 12048015 infeasible   57      6177.00000 5996.49985  2.92%  36.8 31915s
 32260934 12049733 5997.32856   85   72 6177.00000 5996.50009  2.92%  36.8 31920s
 32266606 12052045     cutoff   55      6177.00000 5996.50105  2.92%  36.8 31925s
 32272738 12054532 6034.26071  105   62 6177.00000 5996.50144  2.92%  36.8 31930s
 32279414 12057102 6054.17515   98   65 6177.00000 5996.50187  2.92%  36.8 31935s
 32284713 12059208 6005.50324   69   58 6177.00000 5996.50232  2.92%  36.8 31940s
 32291299 12061485     cutoff   91      6177.00000 5996.50265  2.92%  36.8 31945s
 32291934 12062062 6016.18214  122   37 6177.00000 5996.50265  2.92%  36.8 31950s
 32298285 12064286 6096.05610   87   43 6177.00000 5996.50344  2.92%  36.8 31955s
 32302946 12066019 6058.12824  107   82 6177.00000 5996.50376  2.92%  36.8 31960s
 32309342 12067785 6131.22476   92   43 6177.00000 5996.50437  2.92%  36.8 31965s
 32315552 12069885 6115.76270   54   84 6177.00000 5996.50483  2.92%  36.8 31970s
 32321251 12071583 6143.68381   82   49 6177.00000 5996.50517  2.92%  36.8 31975s
 32326342 12073087 6033.37970   75   37 6177.00000 5996.50609  2.92%  36.8 31980s
 32332394 12075084 6011.67243   91   51 6177.00000 5996.50692  2.92%  36.8 31985s
 32337501 12076637 6078.86696   83   55 6177.00000 5996.50774  2.92%  36.8 31990s
 32342768 12078641 6140.33719   99   56 6177.00000 5996.50840  2.92%  36.8 31995s
 32349197 12080991 6006.32093   73   72 6177.00000 5996.50898  2.92%  36.8 32000s
 32356235 12083736 6108.36079  107   82 6177.00000 5996.50976  2.92%  36.8 32005s
 32361707 12085726 6000.41526   86   55 6177.00000 5996.51014  2.92%  36.8 32010s
 32368672 12087788 6052.85572   70   49 6177.00000 5996.51044  2.92%  36.8 32015s
 32374440 12090485 6008.30099   72   40 6177.00000 5996.51055  2.92%  36.8 32020s
 32381459 12093014 infeasible   92      6177.00000 5996.51110  2.92%  36.8 32025s
 32387448 12094897 infeasible   53      6177.00000 5996.51160  2.92%  36.8 32030s
 32392641 12096479 infeasible   66      6177.00000 5996.51198  2.92%  36.8 32035s
 32397847 12098198 6057.72057   79  103 6177.00000 5996.51267  2.92%  36.8 32040s
 32403900 12099775 infeasible  114      6177.00000 5996.51327  2.92%  36.8 32045s
 32408855 12101251     cutoff   69      6177.00000 5996.51396  2.92%  36.8 32050s
 32411383 12101718     cutoff   98      6177.00000 5996.51437  2.92%  36.8 32055s
 32415983 12103526 6019.20164  111   80 6177.00000 5996.51491  2.92%  36.8 32060s
 32422331 12105677     cutoff  127      6177.00000 5996.51547  2.92%  36.8 32065s
 32427296 12107386 6028.67808  112   46 6177.00000 5996.51606  2.92%  36.8 32070s
 32433947 12109509 6007.22602   78   56 6177.00000 5996.51684  2.92%  36.8 32075s
 32438967 12111123 6013.86433   42  108 6177.00000 5996.51731  2.92%  36.8 32080s
 32445945 12113348 6119.67450   82   67 6177.00000 5996.51802  2.92%  36.8 32086s
 32451088 12114958 6068.17243   69   60 6177.00000 5996.51856  2.92%  36.8 32090s
 32457279 12116253 6084.99450  107   63 6177.00000 5996.51915  2.92%  36.8 32095s
 32461801 12117708 6097.50333  106   25 6177.00000 5996.51957  2.92%  36.8 32100s
 32466997 12119158 6013.04693   69   47 6177.00000 5996.52020  2.92%  36.8 32105s
 32473992 12121644 6001.65242   73   47 6177.00000 5996.52092  2.92%  36.8 32110s
 32478986 12123222 6106.45918   58   24 6177.00000 5996.52146  2.92%  36.8 32115s
 32483940 12125004 6116.72835   87   54 6177.00000 5996.52223  2.92%  36.8 32120s
 32490606 12127419     cutoff  103      6177.00000 5996.52267  2.92%  36.8 32125s
 32496748 12129320 6088.81128  121   37 6177.00000 5996.52332  2.92%  36.8 32130s
 32503469 12131974     cutoff   91      6177.00000 5996.52397  2.92%  36.8 32135s
 32508539 12133694 5998.30712   67   47 6177.00000 5996.52489  2.92%  36.8 32140s
 32515878 12136448 6062.04746   97   48 6177.00000 5996.52499  2.92%  36.8 32146s
 32521188 12138463 6106.58531   92   17 6177.00000 5996.52499  2.92%  36.8 32150s
 32527644 12140880 6025.30058   59   40 6177.00000 5996.52528  2.92%  36.8 32155s
 32533080 12142582 6008.64810   95   77 6177.00000 5996.52619  2.92%  36.8 32160s
 32539030 12144509 6082.15976  137   46 6177.00000 5996.52691  2.92%  36.8 32165s
 32544325 12146165 6100.19853   78   73 6177.00000 5996.52760  2.92%  36.8 32170s
 32547991 12147015 6030.82118  101   44 6177.00000 5996.52830  2.92%  36.8 32175s
 32549396 12147827 6135.42414  116   48 6177.00000 5996.52837  2.92%  36.8 32180s
 32555278 12149598 6002.95117  116   61 6177.00000 5996.52890  2.92%  36.8 32185s
 32560636 12151054 6008.10286   80   92 6177.00000 5996.52963  2.92%  36.8 32190s
 32562927 12151542 6024.37554   94   86 6177.00000 5996.52995  2.92%  36.8 32195s
 32566718 12152918 6025.75653  118   32 6177.00000 5996.53056  2.92%  36.8 32200s
 32573398 12155078 6119.70050   92   41 6177.00000 5996.53081  2.92%  36.8 32205s
 32578445 12156908 5999.23353  103   68 6177.00000 5996.53105  2.92%  36.8 32211s
 32584143 12159151 6012.82728  100  107 6177.00000 5996.53137  2.92%  36.8 32216s
 32589682 12161176 6004.07958   86   75 6177.00000 5996.53168  2.92%  36.8 32220s
 32595214 12163249 6101.85513   74   28 6177.00000 5996.53197  2.92%  36.8 32225s
 32601788 12165413 6000.42668   79   53 6177.00000 5996.53281  2.92%  36.8 32231s
 32606627 12167171     cutoff   51      6177.00000 5996.53338  2.92%  36.8 32235s
 32611471 12169391 5999.14151   76   56 6177.00000 5996.53404  2.92%  36.8 32240s
 32617758 12171299 6031.56635  105   63 6177.00000 5996.53503  2.92%  36.8 32245s
 32624288 12173365 6034.85681  101   87 6177.00000 5996.53538  2.92%  36.8 32250s
 32630213 12175770 6091.67703   91   39 6177.00000 5996.53601  2.92%  36.8 32255s
 32636644 12177907 6095.21088   84   30 6177.00000 5996.53654  2.92%  36.8 32260s
 32641978 12179919 6168.19310  102  103 6177.00000 5996.53679  2.92%  36.8 32265s
 32647290 12182051 6101.28962   86   42 6177.00000 5996.53731  2.92%  36.8 32270s
 32654538 12184797 infeasible   89      6177.00000 5996.53761  2.92%  36.8 32275s
 32660096 12186402 infeasible   57      6177.00000 5996.53852  2.92%  36.8 32280s
 32666024 12188482 6113.13030   63  188 6177.00000 5996.53904  2.92%  36.8 32285s
 32670754 12189820 6118.34394  104   46 6177.00000 5996.53954  2.92%  36.8 32290s
 32675936 12191495 5997.68658  100   58 6177.00000 5996.54042  2.92%  36.8 32295s
 32681148 12193191 5998.10938  111   88 6177.00000 5996.54102  2.92%  36.8 32300s
 32683526 12193983 5998.92423   88  140 6177.00000 5996.54138  2.92%  36.8 32305s
 32688723 12195497 5997.07020   94   69 6177.00000 5996.54211  2.92%  36.8 32310s
 32693684 12197383 6110.35896   98   37 6177.00000 5996.54290  2.92%  36.8 32315s
 32700125 12199707 6001.69804   98   62 6177.00000 5996.54401  2.92%  36.8 32320s
 32706399 12202196 6047.37821  111   35 6177.00000 5996.54498  2.92%  36.8 32325s
 32711150 12203937 6008.34064   61   47 6177.00000 5996.54521  2.92%  36.7 32330s
 32714605 12204891 6022.20111   75   62 6177.00000 5996.54521  2.92%  36.7 32335s
 32717089 12206101 6102.73832   92   38 6177.00000 5996.54550  2.92%  36.7 32340s
 32724032 12208150 6019.57320   87   51 6177.00000 5996.54606  2.92%  36.7 32345s
 32728716 12209544 6131.23000   60   34 6177.00000 5996.54668  2.92%  36.7 32350s
 32733472 12211208     cutoff   95      6177.00000 5996.54748  2.92%  36.7 32355s
 32740066 12213457 6084.91357  124   44 6177.00000 5996.54832  2.92%  36.7 32360s
 32745252 12215508 6020.67323   81   56 6177.00000 5996.54866  2.92%  36.7 32365s
 32752120 12218580 6097.87404   97   55 6177.00000 5996.54947  2.92%  36.7 32370s
 32756913 12220405 6176.00000  101   17 6177.00000 5996.55032  2.92%  36.7 32375s
 32762082 12222109 6143.42560   87   58 6177.00000 5996.55066  2.92%  36.7 32380s
 32767316 12224018 6099.20092   60   64 6177.00000 5996.55154  2.92%  36.7 32385s
 32773621 12225597     cutoff  114      6177.00000 5996.55235  2.92%  36.7 32390s
 32778548 12227108 6053.64883   72   68 6177.00000 5996.55250  2.92%  36.7 32395s
 32784953 12229776 5996.78981   52   82 6177.00000 5996.55250  2.92%  36.7 32401s
 32790391 12231666 6023.45639   59   66 6177.00000 5996.55250  2.92%  36.7 32405s
 32793983 12237329 6089.86295   70   53 6177.00000 5996.55250  2.92%  36.7 32422s
 32805983 12238053 6023.71000   67   15 6177.00000 5996.55250  2.92%  36.7 32425s
 32813088 12240394     cutoff  107      6177.00000 5996.55283  2.92%  36.7 32431s
 32818261 12242249 6103.43238   89   29 6177.00000 5996.55324  2.92%  36.7 32435s
 32824448 12244067 6120.33698   62   25 6177.00000 5996.55409  2.92%  36.7 32440s
 32829275 12245772     cutoff   86      6177.00000 5996.55478  2.92%  36.7 32445s
 32835298 12247585 6032.92857  105   87 6177.00000 5996.55572  2.92%  36.7 32451s
 32840493 12249235 6006.92500   60   96 6177.00000 5996.55619  2.92%  36.7 32455s
 32845987 12251283 6039.96113   49   44 6177.00000 5996.55682  2.92%  36.7 32460s
 32851438 12253005 6122.23000   79   67 6177.00000 5996.55735  2.92%  36.7 32465s
 32857464 12255171 6104.69342   84   22 6177.00000 5996.55816  2.92%  36.7 32470s
 32862080 12256709 6020.23790   68  104 6177.00000 5996.55861  2.92%  36.7 32475s
 32868956 12259575     cutoff   94      6177.00000 5996.55916  2.92%  36.7 32481s
 32872969 12260390 6101.29414  176   63 6177.00000 5996.55941  2.92%  36.7 32485s
 32875001 12261447 6098.46967   67   26 6177.00000 5996.55968  2.92%  36.7 32490s
 32880797 12263824 5999.28022   49   73 6177.00000 5996.56010  2.92%  36.7 32495s
 32885685 12265317 6091.05327   88   35 6177.00000 5996.56079  2.92%  36.7 32500s
 32890565 12267109 6041.00397   83   92 6177.00000 5996.56163  2.92%  36.7 32505s
 32896623 12269817 6015.41122  111   56 6177.00000 5996.56212  2.92%  36.7 32510s
 32903484 12272296 6012.25274   99  100 6177.00000 5996.56230  2.92%  36.7 32515s
 32909863 12274959 6091.08897  102   50 6177.00000 5996.56305  2.92%  36.7 32520s
 32915884 12277473 6023.47262   94   80 6177.00000 5996.56406  2.92%  36.7 32525s
 32922416 12279713 6043.00982   37   78 6177.00000 5996.56477  2.92%  36.7 32531s
 32926227 12281341 6021.68059   94   76 6177.00000 5996.56523  2.92%  36.7 32535s
 32933037 12283952 6036.20030   72   78 6177.00000 5996.56622  2.92%  36.7 32540s
 32937503 12285705 6115.68916   70   36 6177.00000 5996.56652  2.92%  36.7 32545s
 32942994 12287571 6006.49990   85   64 6177.00000 5996.56737  2.92%  36.7 32550s
 32949080 12289774 6010.78765   50   67 6177.00000 5996.56834  2.92%  36.7 32555s
 32954107 12291373 6012.69359  120   64 6177.00000 5996.56883  2.92%  36.7 32560s
 32960286 12292937 6015.13177   85   33 6177.00000 5996.56927  2.92%  36.7 32565s
 32965363 12295035 6082.87273   56   19 6177.00000 5996.56982  2.92%  36.7 32570s
 32971686 12297167 6131.07534  107   55 6177.00000 5996.57083  2.92%  36.7 32575s
 32977651 12299607 6007.27998   98   61 6177.00000 5996.57120  2.92%  36.7 32580s
 32983884 12301814 6010.99544   58   48 6177.00000 5996.57183  2.92%  36.7 32585s
 32989023 12303677 6096.83320   96   61 6177.00000 5996.57223  2.92%  36.7 32590s
 32995076 12305510 6004.21826  128   44 6177.00000 5996.57305  2.92%  36.7 32595s
 33000244 12307245 6094.01193   85   17 6177.00000 5996.57369  2.92%  36.7 32600s
 33007246 12310359 6004.95570   81   76 6177.00000 5996.57394  2.92%  36.7 32605s
 33013939 12312886 6004.90557   66   77 6177.00000 5996.57424  2.92%  36.7 32610s
 33019374 12315117 6097.84500   47   84 6177.00000 5996.57498  2.92%  36.7 32615s
 33024576 12316508 6095.41576   83   36 6177.00000 5996.57565  2.92%  36.7 32620s
 33027791 12318209 6029.82176   83   53 6177.00000 5996.57602  2.92%  36.7 32626s
 33032556 12320138 6053.64663   78   72 6177.00000 5996.57644  2.92%  36.7 32630s
 33038019 12322481 6090.85714  111   37 6177.00000 5996.57692  2.92%  36.7 32635s
 33040065 12323062 6019.29997  114   31 6177.00000 5996.57692  2.92%  36.7 32640s
 33044711 12324954     cutoff   83      6177.00000 5996.57736  2.92%  36.7 32645s
 33050064 12326574 6024.38374  106   62 6177.00000 5996.57768  2.92%  36.7 32650s
 33055510 12328658 6010.70287  103   52 6177.00000 5996.57804  2.92%  36.7 32655s
 33061544 12330673 6021.96950  110   51 6177.00000 5996.57855  2.92%  36.7 32660s
 33068225 12333162 6109.40423   80   77 6177.00000 5996.57925  2.92%  36.7 32665s
 33073637 12335626 6054.29496   68   73 6177.00000 5996.57931  2.92%  36.7 32670s
 33081520 12338842     cutoff   69      6177.00000 5996.57931  2.92%  36.7 32675s
 33086522 12340722 infeasible   51      6177.00000 5996.57985  2.92%  36.7 32680s
 33091225 12342548 6001.26714   64   47 6177.00000 5996.58013  2.92%  36.7 32685s
 33097577 12344794 6110.43657  108   55 6177.00000 5996.58052  2.92%  36.7 32690s
 33103683 12346432 6057.40000   63   55 6177.00000 5996.58095  2.92%  36.7 32695s
 33105476 12346932     cutoff   67      6177.00000 5996.58095  2.92%  36.7 32700s
 33110726 12348916 5998.58697  108   81 6177.00000 5996.58116  2.92%  36.7 32705s
 33116757 12351402 6143.64920   99   80 6177.00000 5996.58160  2.92%  36.7 32710s
 33121594 12352649 5997.93125   78   84 6177.00000 5996.58237  2.92%  36.7 32715s
 33126409 12354453     cutoff  120      6177.00000 5996.58327  2.92%  36.7 32720s
 33132710 12356500 6000.52361  103   85 6177.00000 5996.58381  2.92%  36.7 32725s
 33139129 12358684 6096.71400   89   54 6177.00000 5996.58455  2.92%  36.7 32730s
 33145236 12360692 5997.20141   78   43 6177.00000 5996.58523  2.92%  36.7 32735s
 33151810 12363431 6021.88240   80   46 6177.00000 5996.58571  2.92%  36.7 32740s
 33156947 12365246     cutoff   70      6177.00000 5996.58629  2.92%  36.7 32745s
 33163618 12367838 6022.94503   80   46 6177.00000 5996.58698  2.92%  36.7 32750s
 33169455 12369664 6114.65100  118  108 6177.00000 5996.58710  2.92%  36.7 32758s
 33169468 12369668 6119.67200  119   88 6177.00000 5996.58710  2.92%  36.7 32760s
 33173599 12371428 6124.71726   94   32 6177.00000 5996.58752  2.92%  36.7 32765s
 33179327 12373362 6061.96919   97   99 6177.00000 5996.58839  2.92%  36.7 32770s
 33185816 12375373 6011.85075   86   57 6177.00000 5996.58941  2.92%  36.7 32775s
 33191579 12377604 6031.22231  109   74 6177.00000 5996.59003  2.92%  36.7 32780s
 33198256 12379866     cutoff   95      6177.00000 5996.59061  2.92%  36.7 32785s
 33205512 12381772 6110.15000   65   37 6177.00000 5996.59083  2.92%  36.7 32790s
 33210943 12383642 6010.01574   64   64 6177.00000 5996.59186  2.92%  36.7 32795s
 33216644 12385670 6051.06578   95   90 6177.00000 5996.59261  2.92%  36.7 32800s
 33221882 12387438 6113.37033  110   89 6177.00000 5996.59297  2.92%  36.7 32805s
 33227885 12389246 infeasible   69      6177.00000 5996.59377  2.92%  36.7 32810s
 33234106 12391657 6088.91805   67   39 6177.00000 5996.59413  2.92%  36.7 32816s
 33238994 12393512 6029.82056  104   38 6177.00000 5996.59517  2.92%  36.7 32820s
 33245287 12395786 6054.50262   96  116 6177.00000 5996.59584  2.92%  36.7 32825s
 33251072 12397788 6061.85152   96   51 6177.00000 5996.59650  2.92%  36.7 32830s
 33255971 12399711 6003.84028   83   55 6177.00000 5996.59733  2.92%  36.7 32835s
 33262349 12402078 infeasible   91      6177.00000 5996.59812  2.92%  36.7 32840s
 33268899 12404614 6008.59872   66   50 6177.00000 5996.59860  2.92%  36.7 32845s
 33275015 12406835 6091.94356   89   42 6177.00000 5996.59903  2.92%  36.7 32850s
 33281005 12409137 infeasible   86      6177.00000 5996.59971  2.92%  36.7 32855s
 33286781 12411260 6054.30397   74  105 6177.00000 5996.60011  2.92%  36.7 32860s
 33289127 12411646 6011.72548   74   46 6177.00000 5996.60040  2.92%  36.7 32865s
 33292973 12413362 6102.46422   79   77 6177.00000 5996.60067  2.92%  36.7 32870s
 33298963 12415474 6099.64378  134   91 6177.00000 5996.60138  2.92%  36.7 32875s
 33304950 12417654 infeasible   86      6177.00000 5996.60216  2.92%  36.7 32880s
 33310553 12419540 6007.95571   99   63 6177.00000 5996.60282  2.92%  36.7 32885s
 33316066 12421321     cutoff   78      6177.00000 5996.60350  2.92%  36.7 32890s
 33322314 12423224 6119.09949   98   62 6177.00000 5996.60398  2.92%  36.7 32896s
 33327104 12425035 6020.47805   76  121 6177.00000 5996.60448  2.92%  36.7 32900s
 33333188 12427054 6056.35368   68   64 6177.00000 5996.60491  2.92%  36.7 32905s
 33338077 12428870 6099.95916  112   55 6177.00000 5996.60554  2.92%  36.7 32910s
 33344581 12431021 6104.99343   64   49 6177.00000 5996.60652  2.92%  36.7 32915s
 33349554 12432631 infeasible   96      6177.00000 5996.60721  2.92%  36.7 32920s
 33355624 12434594 6080.19070   80   75 6177.00000 5996.60812  2.92%  36.7 32925s
 33360866 12436884 6127.10000   69   41 6177.00000 5996.60827  2.92%  36.7 32930s
 33366782 12438813 6109.64385  107   63 6177.00000 5996.60908  2.92%  36.7 32935s
 33373204 12440877 6100.63801   91   73 6177.00000 5996.60961  2.92%  36.7 32940s
 33378174 12442204     cutoff  117      6177.00000 5996.60987  2.92%  36.7 32945s
 33383955 12444179 6105.79464   85   56 6177.00000 5996.61083  2.92%  36.7 32950s
 33388964 12445941 infeasible   79      6177.00000 5996.61117  2.92%  36.7 32955s
 33394518 12447894 6037.02073  104   34 6177.00000 5996.61177  2.92%  36.7 32960s
 33395774 12448264     cutoff  111      6177.00000 5996.61184  2.92%  36.7 32965s
 33400860 12450509 6003.42888   82   47 6177.00000 5996.61239  2.92%  36.7 32970s
 33408142 12452600 6050.80492   79  105 6177.00000 5996.61325  2.92%  36.7 32975s
 33413401 12454686 6097.11087   69   62 6177.00000 5996.61369  2.92%  36.7 32980s
 33418680 12456460 6049.40625   88   66 6177.00000 5996.61418  2.92%  36.7 32985s
 33425227 12458827 6076.05984   99   43 6177.00000 5996.61523  2.92%  36.7 32990s
 33430718 12460351 5997.57662  105   64 6177.00000 5996.61587  2.92%  36.7 32995s
 33436107 12462023 6006.07572  130   57 6177.00000 5996.61682  2.92%  36.7 33000s
 33442605 12464114 6015.68215   64   76 6177.00000 5996.61775  2.92%  36.7 33006s
 33447507 12465793 5998.93426   73   38 6177.00000 5996.61826  2.92%  36.7 33010s
 33452721 12467412 infeasible   89      6177.00000 5996.61883  2.92%  36.7 33015s
 33459253 12469832     cutoff  125      6177.00000 5996.61944  2.92%  36.7 33020s
 33464735 12472001 6013.51907  119   27 6177.00000 5996.62014  2.92%  36.7 33025s
 33470310 12473867     cutoff  102      6177.00000 5996.62068  2.92%  36.7 33030s
 33475668 12475672 6106.67580  126   48 6177.00000 5996.62125  2.92%  36.7 33035s
 33481324 12477641     cutoff  120      6177.00000 5996.62184  2.92%  36.7 33040s
 33487210 12479698     cutoff  118      6177.00000 5996.62267  2.92%  36.7 33045s
 33492225 12480989 6005.92940   90   70 6177.00000 5996.62330  2.92%  36.7 33051s
 33492240 12485160 6006.50573   91   84 6177.00000 5996.62330  2.92%  36.7 33086s
 33504240 12486519 6130.95411   94   49 6177.00000 5996.62472  2.92%  36.7 33090s
 33508183 12486537 5997.71971   52   93 6177.00000 5996.62539  2.92%  36.7 33095s
 33508645 12487702 6045.21655   74  139 6177.00000 5996.62542  2.92%  36.7 33100s
 33515161 12489723 6061.98842   99  123 6177.00000 5996.62634  2.92%  36.7 33105s
 33521294 12492019 6090.15159   81   33 6177.00000 5996.62700  2.92%  36.7 33110s
 33526365 12493602 6076.90651   62   69 6177.00000 5996.62766  2.92%  36.7 33115s
 33531342 12495317 5997.47086  106   77 6177.00000 5996.62857  2.92%  36.7 33120s
 33537731 12497751 infeasible  101      6177.00000 5996.62899  2.92%  36.7 33125s
 33542411 12499389 6140.51468   85   53 6177.00000 5996.62989  2.92%  36.7 33130s
 33548650 12501481 6009.61415  111   95 6177.00000 5996.63081  2.92%  36.7 33136s
 33552480 12502075 6104.69888  112   36 6177.00000 5996.63134  2.92%  36.7 33140s
 33556664 12502461 6079.66495  100   67 6177.00000 5996.63134  2.92%  36.7 33145s
 33562307 12504714 6017.61853   88   53 6177.00000 5996.63171  2.92%  36.7 33150s
 33567898 12506492 infeasible   87      6177.00000 5996.63217  2.92%  36.7 33155s
 33574218 12508666 6005.02964   72   50 6177.00000 5996.63297  2.92%  36.7 33160s
 33579631 12510664     cutoff  106      6177.00000 5996.63363  2.92%  36.7 33165s
 33586542 12512799 5996.97477  109   89 6177.00000 5996.63451  2.92%  36.7 33170s
 33591739 12514899 infeasible   67      6177.00000 5996.63518  2.92%  36.7 33175s
 33598133 12517221 5996.83715   75  127 6177.00000 5996.63609  2.92%  36.7 33180s
 33603021 12518808     cutoff  104      6177.00000 5996.63687  2.92%  36.7 33185s
 33609264 12520790     cutoff   69      6177.00000 5996.63815  2.92%  36.7 33191s
 33614301 12522298 6009.76571   60   70 6177.00000 5996.63874  2.92%  36.7 33195s
 33619317 12523795     cutoff  117      6177.00000 5996.63940  2.92%  36.7 33200s
 33624648 12525312 6132.10601   73   67 6177.00000 5996.63999  2.92%  36.7 33205s
 33630768 12527019 6016.67183   83   59 6177.00000 5996.64081  2.92%  36.7 33210s
 33636733 12528846 6087.94118   65   20 6177.00000 5996.64126  2.92%  36.7 33215s
 33641674 12530985 6037.47531   84   40 6177.00000 5996.64167  2.92%  36.7 33220s
 33644271 12531287 6126.58173   63   47 6177.00000 5996.64191  2.92%  36.7 33227s
 33646722 12532399 6085.56422  128   72 6177.00000 5996.64214  2.92%  36.7 33230s
 33653136 12534977     cutoff  109      6177.00000 5996.64270  2.92%  36.7 33235s
 33658240 12537357 6104.51316   94   51 6177.00000 5996.64329  2.92%  36.7 33240s
 33664474 12539737 6004.44940   89   51 6177.00000 5996.64390  2.92%  36.7 33245s
 33670100 12541295 6043.06954  102   55 6177.00000 5996.64476  2.92%  36.7 33250s
 33674665 12542913 6031.08384   74  157 6177.00000 5996.64525  2.92%  36.7 33255s
 33680538 12545548 infeasible  113      6177.00000 5996.64600  2.92%  36.7 33260s
 33687871 12548254 6077.45706  105   47 6177.00000 5996.64692  2.92%  36.7 33265s
 33692974 12549646 6086.28285  118   23 6177.00000 5996.64730  2.92%  36.7 33270s
 33692993 12553692 6089.55050  119   19 6177.00000 5996.64730  2.92%  36.7 33283s
 33704993 12554255 6051.59829   59   66 6177.00000 5996.64838  2.92%  36.7 33285s
 33711198 12556047 6010.63521   85   73 6177.00000 5996.64981  2.92%  36.7 33290s
 33717716 12558550 6117.75596  111   30 6177.00000 5996.65033  2.92%  36.7 33296s
 33722492 12559938 6004.57780   61   61 6177.00000 5996.65082  2.92%  36.7 33300s
 33728891 12562315 5999.28426  102   84 6177.00000 5996.65183  2.92%  36.7 33305s
 33733990 12564103 6030.70653  108   50 6177.00000 5996.65234  2.92%  36.7 33310s
 33740295 12566299 6116.12559  104   43 6177.00000 5996.65290  2.92%  36.7 33315s
 33746137 12568619 6001.62596   93  107 6177.00000 5996.65382  2.92%  36.7 33320s
 33752816 12570907 6028.25000   94   26 6177.00000 5996.65397  2.92%  36.7 33325s
 33758765 12573065 6084.83028   94   28 6177.00000 5996.65431  2.92%  36.7 33330s
 33763548 12574768 6095.35851   88   41 6177.00000 5996.65490  2.92%  36.7 33335s
 33770624 12577335 infeasible  100      6177.00000 5996.65514  2.92%  36.7 33340s
 33775266 12578851 6000.73284   98   87 6177.00000 5996.65607  2.92%  36.7 33345s
 33781277 12580912     cutoff   99      6177.00000 5996.65679  2.92%  36.7 33350s
 33786261 12582928     cutoff  115      6177.00000 5996.65728  2.92%  36.7 33355s
 33791674 12584946 6119.16691   75   50 6177.00000 5996.65841  2.92%  36.7 33360s
 33797279 12586304 5998.90777  131   67 6177.00000 5996.65891  2.92%  36.7 33365s
 33802983 12588743 6000.03028   60   31 6177.00000 5996.65978  2.92%  36.7 33370s
 33809585 12591004 6006.78044   96   59 6177.00000 5996.66056  2.92%  36.7 33376s
 33813912 12592761 6112.37733   66   43 6177.00000 5996.66130  2.92%  36.7 33380s
 33820547 12595090     cutoff   81      6177.00000 5996.66208  2.92%  36.7 33385s
 33826811 12597116 6052.37227   77   97 6177.00000 5996.66307  2.92%  36.7 33390s
 33831247 12598598     cutoff   93      6177.00000 5996.66345  2.92%  36.7 33395s
 33837656 12600648 6041.13257  116   63 6177.00000 5996.66429  2.92%  36.7 33400s
 33842742 12602548     cutoff   97      6177.00000 5996.66484  2.92%  36.7 33405s
 33848694 12604757     cutoff   97      6177.00000 5996.66545  2.92%  36.7 33410s
 33853300 12606323 6052.59948  100  117 6177.00000 5996.66629  2.92%  36.7 33415s
 33859864 12608963 6018.14068   89   61 6177.00000 5996.66699  2.92%  36.7 33420s
 33865865 12610920 6054.79703   56   70 6177.00000 5996.66765  2.92%  36.7 33426s
 33866986 12610940 6037.31473  124   65 6177.00000 5996.66772  2.92%  36.7 33431s
 33870036 12612278 6042.59080   48  212 6177.00000 5996.66822  2.92%  36.7 33435s
 33875270 12614128 5996.99380   91   96 6177.00000 5996.66892  2.92%  36.7 33440s
 33881246 12616057 6005.25655   55  117 6177.00000 5996.66963  2.92%  36.7 33446s
 33886248 12617636 6053.07983   56   57 6177.00000 5996.67001  2.92%  36.7 33450s
 33891381 12619373 6004.54335   90   72 6177.00000 5996.67076  2.92%  36.7 33455s
 33896932 12621374 6011.70665   72   87 6177.00000 5996.67109  2.92%  36.7 33460s
 33903043 12623834 5997.80061   91  102 6177.00000 5996.67195  2.92%  36.7 33465s
 33908112 12626003 infeasible  163      6177.00000 5996.67255  2.92%  36.7 33470s
 33913371 12628312 6008.45725   78   52 6177.00000 5996.67300  2.92%  36.7 33475s
 33919865 12630684 infeasible   59      6177.00000 5996.67335  2.92%  36.7 33480s
 33924545 12632360 6028.60699   90   40 6177.00000 5996.67349  2.92%  36.7 33485s
 33929559 12633614 6089.94051  102   66 6177.00000 5996.67416  2.92%  36.7 33490s
 33930739 12634823 infeasible  109      6177.00000 5996.67424  2.92%  36.7 33495s
 33938254 12637618 5996.90621   98   61 6177.00000 5996.67512  2.92%  36.7 33501s
 33943140 12639464 6081.40305   81   63 6177.00000 5996.67516  2.92%  36.7 33505s
 33949545 12641796     cutoff  114      6177.00000 5996.67611  2.92%  36.7 33510s
 33955403 12643693 6004.81284   72   63 6177.00000 5996.67701  2.92%  36.7 33516s
 33960277 12645310 6110.17235   87  116 6177.00000 5996.67768  2.92%  36.7 33520s
 33965385 12647211 6017.80673  103   60 6177.00000 5996.67838  2.92%  36.7 33525s
 33971906 12649808 6017.95941   71   63 6177.00000 5996.67921  2.92%  36.7 33530s
 33978199 12652046 6050.54254  136   69 6177.00000 5996.67943  2.92%  36.7 33535s
 33984597 12654191 6100.44298   77   52 6177.00000 5996.68028  2.92%  36.7 33540s
 33989680 12656262 6094.37735   67   41 6177.00000 5996.68045  2.92%  36.7 33545s
 33997306 12659683 6101.12304   90  140 6177.00000 5996.68108  2.92%  36.7 33550s
 34003300 12661279 6104.18979   61   34 6177.00000 5996.68174  2.92%  36.7 33556s
 34007615 12662462 6028.35376  101   93 6177.00000 5996.68228  2.92%  36.7 33560s
 34012396 12664412 6087.20816   94   30 6177.00000 5996.68286  2.92%  36.7 33565s
 34019371 12666684 6051.56321   79   61 6177.00000 5996.68345  2.92%  36.7 33570s
 34024325 12667996 6089.80639   84   32 6177.00000 5996.68403  2.92%  36.7 33575s
 34029539 12669784 6012.17920  103   55 6177.00000 5996.68439  2.92%  36.7 33580s
 34034872 12671520 6113.08438   94   47 6177.00000 5996.68528  2.92%  36.7 33585s
 34041293 12673879 6037.30167   90   41 6177.00000 5996.68606  2.92%  36.7 33590s
 34046768 12675424 6101.71109   55   50 6177.00000 5996.68708  2.92%  36.7 33595s
 34052970 12677279 6029.95943  126   59 6177.00000 5996.68731  2.92%  36.7 33600s
 34057487 12679279 5999.66132  109   55 6177.00000 5996.68796  2.92%  36.7 33605s
 34063955 12681775 5996.68854   64   84 6177.00000 5996.68848  2.92%  36.7 33611s
 34069034 12683437 5996.69758  113   81 6177.00000 5996.68911  2.92%  36.7 33615s
 34074856 12685360 6000.13445   89   98 6177.00000 5996.69013  2.92%  36.6 33620s
 34080396 12687503 6008.48071   60   50 6177.00000 5996.69056  2.92%  36.6 33625s
 34086731 12689761 6098.86599  104   40 6177.00000 5996.69083  2.92%  36.6 33630s
 34088167 12689993 6002.91866  106   58 6177.00000 5996.69120  2.92%  36.6 33635s
 34094135 12692164 6009.61137  113   56 6177.00000 5996.69186  2.92%  36.6 33640s
 34099109 12693634     cutoff  101      6177.00000 5996.69259  2.92%  36.6 33645s
 34105349 12695958 6014.12887   77   40 6177.00000 5996.69307  2.92%  36.6 33650s
 34110656 12697502 6011.67228  115   45 6177.00000 5996.69370  2.92%  36.6 33655s
 34115957 12699393     cutoff  117      6177.00000 5996.69387  2.92%  36.6 33660s
 34122529 12701530     cutoff   90      6177.00000 5996.69464  2.92%  36.6 33665s
 34129035 12703651     cutoff   95      6177.00000 5996.69544  2.92%  36.6 33670s
 34133691 12705114 6013.55498   91   72 6177.00000 5996.69613  2.92%  36.6 33675s
 34139116 12706858     cutoff   96      6177.00000 5996.69697  2.92%  36.6 33680s
 34145234 12708879 6030.24451  130   46 6177.00000 5996.69780  2.92%  36.6 33685s
 34149913 12710451 6089.16227  185   50 6177.00000 5996.69848  2.92%  36.6 33690s
 34156353 12712462 6018.86718   47   81 6177.00000 5996.69924  2.92%  36.6 33695s
 34161572 12714311 6009.73392   45   97 6177.00000 5996.69970  2.92%  36.6 33700s
 34166714 12716140 6053.19400   85   39 6177.00000 5996.70045  2.92%  36.6 33705s
 34173214 12717916 infeasible   66      6177.00000 5996.70130  2.92%  36.6 33710s
 34179056 12719936 infeasible   81      6177.00000 5996.70194  2.92%  36.6 33715s
 34183867 12721711 6087.94118   51   19 6177.00000 5996.70282  2.92%  36.6 33720s
 34190233 12724051 6118.91455  113   57 6177.00000 5996.70372  2.92%  36.6 33726s
 34191521 12724139 6101.53940   93   58 6177.00000 5996.70384  2.92%  36.6 33730s
 34196786 12726300 6103.41093   79   58 6177.00000 5996.70454  2.92%  36.6 33735s
 34201425 12728011 6093.49827   43   35 6177.00000 5996.70485  2.92%  36.6 33740s
 34206828 12729866     cutoff   64      6177.00000 5996.70567  2.92%  36.6 33745s
 34212089 12731549 6027.43209   49   97 6177.00000 5996.70588  2.92%  36.6 33750s
 34213566 12732444 6002.13243   75   40 6177.00000 5996.70629  2.92%  36.6 33755s
 34219567 12735117 6005.57100   80   70 6177.00000 5996.70667  2.92%  36.6 33760s
 34226872 12738086 6004.84974  121   47 6177.00000 5996.70733  2.92%  36.6 33765s
 34232865 12740125 6098.70819   65   29 6177.00000 5996.70809  2.92%  36.6 33770s
 34237920 12741757     cutoff   78      6177.00000 5996.70891  2.92%  36.6 33775s
 34242830 12743304 6047.43415  100   35 6177.00000 5996.70916  2.92%  36.6 33780s
 34247681 12744885 6106.01671   95   44 6177.00000 5996.71001  2.92%  36.6 33785s
 34254603 12747082 6061.35569   82   64 6177.00000 5996.71087  2.92%  36.6 33790s
 34259932 12748706 6102.62519   68   61 6177.00000 5996.71146  2.92%  36.6 33795s
 34265816 12750630 6129.55847  101   55 6177.00000 5996.71230  2.92%  36.6 33800s
 34272013 12752466 6004.91348   74   68 6177.00000 5996.71299  2.92%  36.6 33805s
 34278083 12754062 6086.56131   73  100 6177.00000 5996.71378  2.92%  36.6 33810s
 34284283 12756213 6068.74158  106   80 6177.00000 5996.71444  2.92%  36.6 33815s
 34289247 12757892 6107.23295   70   30 6177.00000 5996.71464  2.92%  36.6 33820s
 34294938 12759744 6103.42857   79   21 6177.00000 5996.71532  2.92%  36.6 33825s
 34300659 12761850 6143.09103  136  104 6177.00000 5996.71569  2.92%  36.6 33830s
 34306178 12763806     cutoff   71      6177.00000 5996.71612  2.92%  36.6 33835s
 34311453 12765946 6025.07034  120   45 6177.00000 5996.71652  2.92%  36.6 33840s
 34319428 12768341 6136.58791   73   57 6177.00000 5996.71726  2.92%  36.6 33845s
 34324665 12770221 6003.41679   66   57 6177.00000 5996.71776  2.92%  36.6 33850s
 34330010 12772094 5996.97909  121   82 6177.00000 5996.71828  2.92%  36.6 33855s
 34336604 12774509     cutoff  101      6177.00000 5996.71905  2.92%  36.6 33860s
 34342621 12776583 6102.18735  103   31 6177.00000 5996.71951  2.92%  36.6 33865s
 34347718 12778417 6026.35526   50   78 6177.00000 5996.71976  2.92%  36.6 33870s
 34354420 12780612     cutoff   88      6177.00000 5996.72048  2.92%  36.6 33876s
 34359063 12782180 6028.07511   96   49 6177.00000 5996.72102  2.92%  36.6 33880s
 34365692 12784477 6023.22669   75   99 6177.00000 5996.72209  2.92%  36.6 33886s
 34370574 12786600 6014.66500  107   30 6177.00000 5996.72226  2.92%  36.6 33890s
 34373457 12787155 6021.53686   88  103 6177.00000 5996.72256  2.92%  36.6 33895s
 34378030 12789246 6092.12813   89   41 6177.00000 5996.72315  2.92%  36.6 33900s
 34383338 12791153 6116.96268   68   42 6177.00000 5996.72371  2.92%  36.6 33905s
 34388695 12793034 5999.80981   86   74 6177.00000 5996.72463  2.92%  36.6 33910s
 34394743 12795281 6117.20498  128   74 6177.00000 5996.72546  2.92%  36.6 33915s
 34401309 12797312 6031.57036   65   28 6177.00000 5996.72610  2.92%  36.6 33921s
 34406533 12799659 6049.73442   72   56 6177.00000 5996.72639  2.92%  36.6 33925s
 34411992 12801373     cutoff   94      6177.00000 5996.72768  2.92%  36.6 33930s
 34416946 12803214     cutoff   90      6177.00000 5996.72843  2.92%  36.6 33935s
 34421973 12805096 6084.82421  117   40 6177.00000 5996.72882  2.92%  36.6 33940s
 34428669 12806311 6101.62500   78   29 6177.00000 5996.72974  2.92%  36.6 33945s
 34430315 12807182 infeasible   66      6177.00000 5996.72997  2.92%  36.6 33950s
 34434922 12808905 6038.03161  113   59 6177.00000 5996.73037  2.92%  36.6 33955s
 34441718 12811259 6099.43998   77   45 6177.00000 5996.73100  2.92%  36.6 33960s
 34446954 12813010 6085.63613  104   40 6177.00000 5996.73158  2.92%  36.6 33965s
 34453081 12814842 6120.24118   97   19 6177.00000 5996.73284  2.92%  36.6 33970s
 34459221 12817291 6108.33770   73   40 6177.00000 5996.73330  2.92%  36.6 33975s
 34463865 12818741     cutoff   91      6177.00000 5996.73383  2.92%  36.6 33980s
 34470234 12820879 6086.15767   86   28 6177.00000 5996.73477  2.92%  36.6 33985s
 34476056 12822810 infeasible  102      6177.00000 5996.73537  2.92%  36.6 33990s
 34482636 12824962 6008.77529   79   95 6177.00000 5996.73622  2.92%  36.6 33995s
 34488496 12826901     cutoff  114      6177.00000 5996.73695  2.92%  36.6 34000s
 34494854 12828954 6148.94795  105   46 6177.00000 5996.73768  2.92%  36.6 34006s
 34500678 12830421 6094.71781   89   28 6177.00000 5996.73793  2.92%  36.6 34010s
 34507227 12832670 6004.86558   96   55 6177.00000 5996.73837  2.92%  36.6 34015s
 34512103 12834139 6075.30469   93   68 6177.00000 5996.73867  2.92%  36.6 34020s
 34515715 12835019     cutoff   81      6177.00000 5996.73912  2.92%  36.6 34026s
 34519367 12836701 infeasible  161      6177.00000 5996.73980  2.92%  36.6 34031s
 34524749 12838324 6028.33165  119   49 6177.00000 5996.74016  2.92%  36.6 34035s
 34530159 12840065 6095.80061   88   30 6177.00000 5996.74060  2.92%  36.6 34040s
 34536825 12841789 6001.14064   85   56 6177.00000 5996.74067  2.92%  36.6 34045s
 34542659 12843942 6098.80405   89   51 6177.00000 5996.74131  2.92%  36.6 34050s
 34548657 12845755 6091.65000   78   32 6177.00000 5996.74194  2.92%  36.6 34056s
 34553939 12847086 infeasible  108      6177.00000 5996.74257  2.92%  36.6 34060s
 34560025 12849124 6117.85384  102   46 6177.00000 5996.74305  2.92%  36.6 34065s
 34564925 12850903 infeasible  117      6177.00000 5996.74380  2.92%  36.6 34070s
 34571030 12853399 6043.46390   70   45 6177.00000 5996.74441  2.92%  36.6 34075s
 34577274 12855597 6097.00218  102   64 6177.00000 5996.74499  2.92%  36.6 34080s
 34583090 12857502 6043.14842   91  112 6177.00000 5996.74549  2.92%  36.6 34086s
 34588523 12859536 6050.27894   92   78 6177.00000 5996.74603  2.92%  36.6 34090s
 34595022 12861852 6100.15642   95   46 6177.00000 5996.74676  2.92%  36.6 34095s
 34601405 12863513 6013.74808   73   28 6177.00000 5996.74725  2.92%  36.6 34100s
 34606972 12865843 6093.11750   90   46 6177.00000 5996.74773  2.92%  36.6 34105s
 34613344 12867836 5996.99233   83   61 6177.00000 5996.74825  2.92%  36.6 34110s
 34619556 12869567 6119.98488  119   45 6177.00000 5996.74880  2.92%  36.6 34115s
 34625768 12871754 6094.97611  101   16 6177.00000 5996.74949  2.92%  36.6 34120s
 34631659 12873804 6094.55464   84   57 6177.00000 5996.75007  2.92%  36.6 34125s
 34637803 12876172 6055.85064   77  101 6177.00000 5996.75083  2.92%  36.6 34130s
 34643265 12878123 infeasible   75      6177.00000 5996.75173  2.92%  36.6 34135s
 34648650 12879932 6106.18237  114   46 6177.00000 5996.75230  2.92%  36.6 34140s
 34654783 12881915 infeasible  119      6177.00000 5996.75302  2.92%  36.6 34145s
 34661852 12884793 6090.34141   85   45 6177.00000 5996.75377  2.92%  36.6 34151s
 34666763 12886183 6098.35291  114   85 6177.00000 5996.75415  2.92%  36.6 34155s
 34668469 12886650 6072.17802  104   42 6177.00000 5996.75434  2.92%  36.6 34160s
 34670097 12887149 6084.76500  107   66 6177.00000 5996.75455  2.92%  36.6 34166s
 34674224 12889095 6125.25021   87   52 6177.00000 5996.75478  2.92%  36.6 34170s
 34680530 12891460 6050.93776   56   71 6177.00000 5996.75515  2.92%  36.6 34175s
 34686195 12893389 6035.49053  105   94 6177.00000 5996.75610  2.92%  36.6 34180s
 34691999 12895251     cutoff   98      6177.00000 5996.75699  2.92%  36.6 34185s
 34696889 12896761 6091.25443   88   49 6177.00000 5996.75791  2.92%  36.6 34190s
 34703133 12898861 6018.26816  103   29 6177.00000 5996.75860  2.92%  36.6 34195s
 34707746 12900119 6027.55736   65  126 6177.00000 5996.75916  2.92%  36.6 34200s
 34714005 12902196 6004.03455   99   63 6177.00000 5996.75985  2.92%  36.6 34205s
 34719026 12903927 6098.25714   83   48 6177.00000 5996.76061  2.92%  36.6 34210s
 34725463 12906044 6017.25115   89   44 6177.00000 5996.76161  2.92%  36.6 34215s
 34732002 12908407     cutoff   77      6177.00000 5996.76226  2.92%  36.6 34220s
 34736795 12910184 5996.79216   96   65 6177.00000 5996.76295  2.92%  36.6 34225s
 34743471 12912772 6104.38534   81   37 6177.00000 5996.76353  2.92%  36.6 34230s
 34750361 12914449 6109.72883   93   53 6177.00000 5996.76413  2.92%  36.6 34235s
 34755308 12916336 6004.01955   84   81 6177.00000 5996.76461  2.92%  36.6 34241s
 34760599 12918232     cutoff  114      6177.00000 5996.76526  2.92%  36.6 34245s
 34766431 12920327 5996.76627   82   95 6177.00000 5996.76606  2.92%  36.6 34250s
 34771991 12922264 6032.26290  140   73 6177.00000 5996.76689  2.92%  36.6 34255s
 34777121 12923836     cutoff   72      6177.00000 5996.76752  2.92%  36.6 34260s
 34783731 12926114     cutoff   66      6177.00000 5996.76833  2.92%  36.6 34265s
 34789196 12928336 6012.45075   57   36 6177.00000 5996.76868  2.92%  36.6 34270s
 34795634 12930305 6001.94620   68   28 6177.00000 5996.76939  2.92%  36.6 34275s
 34801705 12932925 6002.02012   89   84 6177.00000 5996.77002  2.92%  36.6 34280s
 34807185 12934981 6079.23295  129   65 6177.00000 5996.77030  2.92%  36.6 34285s
 34813473 12937146 infeasible   93      6177.00000 5996.77089  2.92%  36.6 34290s
 34818817 12938945 6034.70105   82   59 6177.00000 5996.77146  2.92%  36.6 34295s
 34824336 12940705 6083.50947   90   47 6177.00000 5996.77186  2.92%  36.6 34300s
 34830142 12943066 infeasible   87      6177.00000 5996.77235  2.92%  36.6 34305s
 34834239 12944140 6021.12964   99   23 6177.00000 5996.77281  2.92%  36.6 34310s
 34838131 12945587 6073.52118  109   31 6177.00000 5996.77319  2.92%  36.6 34315s
 34843087 12947153 6001.21104   97   82 6177.00000 5996.77412  2.92%  36.6 34320s
 34848086 12948814 6100.70723   96   39 6177.00000 5996.77480  2.92%  36.6 34325s
 34854599 12951117 6028.18735   92   30 6177.00000 5996.77561  2.92%  36.6 34330s
 34859426 12952477 6095.69076   97  108 6177.00000 5996.77655  2.92%  36.6 34335s
 34864124 12954053 6132.32478   81   57 6177.00000 5996.77714  2.92%  36.6 34340s
 34870943 12956258 6115.27794  106   42 6177.00000 5996.77791  2.92%  36.6 34346s
 34876299 12958180 5997.58973   90   49 6177.00000 5996.77845  2.92%  36.6 34350s
 34882431 12960216 6011.49743   83   49 6177.00000 5996.77925  2.92%  36.6 34356s
 34887809 12961833 6024.87321  129   38 6177.00000 5996.77975  2.92%  36.6 34360s
 34894106 12964159 6078.42143   86   48 6177.00000 5996.78048  2.92%  36.6 34365s
 34899502 12966103 infeasible   89      6177.00000 5996.78126  2.92%  36.6 34370s
 34905866 12968086 6008.54372   66   60 6177.00000 5996.78178  2.92%  36.6 34376s
 34910912 12969876 6104.98911   61   49 6177.00000 5996.78231  2.92%  36.6 34380s
 34916588 12971534 6048.78668   73   43 6177.00000 5996.78308  2.92%  36.6 34385s
 34917668 12975720 6104.60000   76   47 6177.00000 5996.78335  2.92%  36.6 34398s
 34929668 12976274 5996.97211   89   80 6177.00000 5996.78513  2.92%  36.6 34400s
 34934816 12978118 6145.07482  111   34 6177.00000 5996.78583  2.92%  36.6 34405s
 34940030 12980023 5996.83752   79   97 6177.00000 5996.78658  2.92%  36.6 34410s
 34946653 12982410     cutoff  104      6177.00000 5996.78726  2.92%  36.6 34415s
 34952127 12984748 6090.55309   99   70 6177.00000 5996.78764  2.92%  36.6 34420s
 34958654 12987033 6034.74879  114   27 6177.00000 5996.78833  2.92%  36.6 34425s
 34964934 12989532 6018.71270   62   55 6177.00000 5996.78902  2.92%  36.6 34430s
 34970171 12991666 6063.97795   66   83 6177.00000 5996.78979  2.92%  36.6 34435s
 34975125 12993360 6102.73672  117   51 6177.00000 5996.79033  2.92%  36.6 34440s
 34977958 12993874 6102.42968   67   29 6177.00000 5996.79087  2.92%  36.6 34446s
 34981055 12995150 6007.69003   96   64 6177.00000 5996.79107  2.92%  36.6 34450s
 34987408 12997364 6129.21985   93   52 6177.00000 5996.79158  2.92%  36.6 34455s
 34993382 12999348 6095.94314  119   85 6177.00000 5996.79197  2.92%  36.6 34460s
 34999412 13000943 infeasible   53      6177.00000 5996.79272  2.92%  36.6 34465s
 35005244 13002754 6063.01044   88   49 6177.00000 5996.79397  2.92%  36.6 34470s
 35010689 13004226 6110.20383   91   64 6177.00000 5996.79457  2.92%  36.6 34475s
 35017457 13006572 6010.64678   76   40 6177.00000 5996.79497  2.92%  36.6 34480s
 35023225 13008902 infeasible   80      6177.00000 5996.79550  2.92%  36.6 34485s
 35028800 13011075 6052.89631   70   75 6177.00000 5996.79620  2.92%  36.6 34490s
 35035377 13014093 5997.35940   73   43 6177.00000 5996.79620  2.92%  36.6 34495s
 35041627 13017005 6094.50624   72   58 6177.00000 5996.79620  2.92%  36.6 34500s
 35046556 13019073 5999.59146  116   60 6177.00000 5996.79661  2.92%  36.6 34505s
 35053420 13021331 6005.46741   79   45 6177.00000 5996.79696  2.92%  36.6 34510s
 35059848 13023686 5999.87860  104   52 6177.00000 5996.79769  2.92%  36.6 34515s
 35066357 13026114 6010.81336  105   39 6177.00000 5996.79844  2.92%  36.6 34520s
 35071851 13027965 5998.84710  107   44 6177.00000 5996.79905  2.92%  36.6 34525s
 35078349 13030480 6014.68166   74   63 6177.00000 5996.79963  2.92%  36.6 34530s
 35084028 13032563 6100.49179   99   61 6177.00000 5996.80027  2.92%  36.6 34535s
 35089858 13034621 6092.12366   98   46 6177.00000 5996.80069  2.92%  36.6 34540s
 35095498 13036582     cutoff   84      6177.00000 5996.80127  2.92%  36.6 34545s
 35101735 13039028 6128.94263   81   41 6177.00000 5996.80160  2.92%  36.6 34550s
 35106755 13040568 6079.11719   58   52 6177.00000 5996.80216  2.92%  36.6 34555s
 35113440 13042660 6094.29500   94   15 6177.00000 5996.80295  2.92%  36.6 34560s
 35118182 13044447 6004.14386   63   44 6177.00000 5996.80346  2.92%  36.6 34565s
 35124841 13046974 5998.90482   77   77 6177.00000 5996.80413  2.92%  36.6 34571s
 35130538 13049477 6028.19755   98   36 6177.00000 5996.80441  2.92%  36.6 34575s
 35135383 13050704 infeasible   53      6177.00000 5996.80464  2.92%  36.6 34580s
 35138091 13052053 6017.03000   65   31 6177.00000 5996.80492  2.92%  36.6 34585s
 35143367 13053921 6092.43144   73   47 6177.00000 5996.80548  2.92%  36.6 34590s
 35148334 13055852 6105.80223   66   54 6177.00000 5996.80618  2.92%  36.6 34595s
 35153335 13057711 5997.35104   55   44 6177.00000 5996.80698  2.92%  36.6 34600s
 35159956 13059769 6012.56730   75   58 6177.00000 5996.80765  2.92%  36.6 34605s
 35161365 13060859 6094.23376  121   82 6177.00000 5996.80774  2.92%  36.6 34610s
 35166716 13063064 6059.41143   65  145 6177.00000 5996.80825  2.92%  36.6 34615s
 35173538 13065366 6097.61176   89   75 6177.00000 5996.80905  2.92%  36.6 34621s
 35178443 13066656 infeasible  108      6177.00000 5996.80950  2.92%  36.6 34625s
 35184987 13069119     cutoff   80      6177.00000 5996.81025  2.92%  36.6 34630s
 35190711 13071403 6000.11973   85   41 6177.00000 5996.81025  2.92%  36.6 34635s
 35197480 13073937 6074.25395   83   64 6177.00000 5996.81067  2.92%  36.6 34640s
 35204478 13076273     cutoff  116      6177.00000 5996.81118  2.92%  36.6 34645s
 35210273 13077832 5999.06644   90   79 6177.00000 5996.81208  2.92%  36.6 34651s
 35215378 13079692 6112.23426  109   55 6177.00000 5996.81258  2.92%  36.6 34655s
 35221729 13081810 6040.37672   82  101 6177.00000 5996.81345  2.92%  36.6 34660s
 35226716 13083596 6095.34940   89   43 6177.00000 5996.81412  2.92%  36.6 34665s
 35233384 13086016     cutoff   69      6177.00000 5996.81496  2.92%  36.6 34670s
 35241020 13087796     cutoff   98      6177.00000 5996.81542  2.92%  36.6 34675s
 35246616 13090039 6114.82500   90   24 6177.00000 5996.81606  2.92%  36.6 34680s
 35252942 13092239 6090.42629   61   57 6177.00000 5996.81640  2.92%  36.6 34685s
 35258576 13094192 6081.94432   77   52 6177.00000 5996.81721  2.92%  36.6 34690s
 35263956 13095865 6121.01138   66   37 6177.00000 5996.81817  2.92%  36.6 34695s
 35269573 13097733 6005.93941  122   35 6177.00000 5996.81888  2.92%  36.6 34701s
 35274753 13099671 6101.25075  114  107 6177.00000 5996.81926  2.92%  36.6 34705s
 35281650 13102375 6157.42652   73  112 6177.00000 5996.81967  2.92%  36.6 34710s
 35286268 13103860 6078.06811   96   57 6177.00000 5996.82042  2.92%  36.6 34715s
 35290234 13104811 6005.09316   87   44 6177.00000 5996.82092  2.92%  36.5 34720s
 35293115 13106078 6084.30873   84  100 6177.00000 5996.82108  2.92%  36.5 34725s
 35298458 13108364 infeasible   90      6177.00000 5996.82155  2.92%  36.5 34730s
 35304950 13110446 6100.24842   99   71 6177.00000 5996.82211  2.92%  36.5 34735s
 35310363 13112082 6097.87552   91   49 6177.00000 5996.82299  2.92%  36.5 34740s
 35317377 13115256 6004.70611  113  122 6177.00000 5996.82341  2.92%  36.5 34745s
 35323868 13117571 6034.45813   89   49 6177.00000 5996.82384  2.92%  36.5 34751s
 35330060 13119851 6049.26513  102   79 6177.00000 5996.82389  2.92%  36.5 34755s
 35335516 13121667 5999.74568  101   76 6177.00000 5996.82456  2.92%  36.5 34760s
 35340396 13123699     cutoff   72      6177.00000 5996.82491  2.92%  36.5 34765s
 35346716 13126009     cutoff  100      6177.00000 5996.82567  2.92%  36.5 34770s
 35352061 13128123 5997.88070  101   53 6177.00000 5996.82604  2.92%  36.5 34775s
 35358879 13130661 6000.07517  113   68 6177.00000 5996.82666  2.92%  36.5 34780s
 35364168 13132936 6003.51475   96   29 6177.00000 5996.82691  2.92%  36.5 34785s
 35370635 13135169 infeasible  108      6177.00000 5996.82738  2.92%  36.5 34790s
 35376944 13137129 6039.20000  110   76 6177.00000 5996.82792  2.92%  36.5 34795s
 35381599 13138602 6024.20219   83  100 6177.00000 5996.82815  2.92%  36.5 34800s
 35386878 13140714 6035.34253  105   68 6177.00000 5996.82867  2.92%  36.5 34805s
 35393769 13143505 6116.73896  128   29 6177.00000 5996.82928  2.92%  36.5 34811s
 35398585 13144550 infeasible  105      6177.00000 5996.82973  2.92%  36.5 34816s
 35398624 13144564 6001.24286   75   66 6177.00000 5996.82973  2.92%  36.5 34820s
 35398670 13144588 6098.20622   76   35 6177.00000 5996.82973  2.92%  36.5 34825s
 35398704 13144597     cutoff   78      6177.00000 5996.82973  2.92%  36.5 34830s
 35398829 13144734     cutoff   77      6177.00000 5996.82976  2.92%  36.5 34837s
 35399324 13145001 6016.79953   79   43 6177.00000 5996.82976  2.92%  36.5 34841s
 35400388 13145521 6024.47370   81   37 6177.00000 5996.82976  2.92%  36.5 34845s
 35402212 13146255 6002.29337   67   51 6177.00000 5996.82976  2.92%  36.5 34850s
 35406743 13147252 6049.51912   37  104 6177.00000 5996.83029  2.92%  36.5 34855s
 35407142 13147959     cutoff   44      6177.00000 5996.83040  2.92%  36.5 34860s
 35413186 13149859 6003.41869   65   59 6177.00000 5996.83127  2.92%  36.5 34865s
 35419675 13152489     cutoff   84      6177.00000 5996.83164  2.92%  36.5 34871s
 35424817 13154277 6008.79773   94   98 6177.00000 5996.83172  2.92%  36.5 34875s
 35429539 13155692 6094.91784   97   24 6177.00000 5996.83220  2.92%  36.5 34880s
 35434692 13157460 6028.65858   75   48 6177.00000 5996.83269  2.92%  36.5 34885s
 35441192 13159534 6096.72760   98   29 6177.00000 5996.83344  2.92%  36.5 34890s
 35446930 13161549 6091.11291   88   32 6177.00000 5996.83386  2.92%  36.5 34895s
 35451903 13163203 6086.79409   44   44 6177.00000 5996.83433  2.92%  36.5 34900s
 35458928 13165477 6102.98162   84   42 6177.00000 5996.83471  2.92%  36.5 34905s
 35464955 13167230 6035.24143   68   62 6177.00000 5996.83492  2.92%  36.5 34910s
 35470190 13169406 6099.54250   65   35 6177.00000 5996.83492  2.92%  36.5 34915s
 35475210 13171111 6093.24020   61   31 6177.00000 5996.83492  2.92%  36.5 34920s
 35481336 13173447 6052.73984   75   54 6177.00000 5996.83492  2.92%  36.5 34925s
 35486191 13175117 6095.36925   67   43 6177.00000 5996.83492  2.92%  36.5 34930s
 35491639 13177259 6095.27667   54   21 6177.00000 5996.83492  2.92%  36.5 34935s
 35498352 13179631     cutoff   54      6177.00000 5996.83534  2.92%  36.5 34940s
 35504050 13181435 6013.63471   91   60 6177.00000 5996.83627  2.92%  36.5 34946s
 35509059 13183114 6009.52440  132   69 6177.00000 5996.83685  2.92%  36.5 34950s
 35515272 13185505 infeasible  102      6177.00000 5996.83729  2.92%  36.5 34955s
 35520078 13187130 6007.43210   77   52 6177.00000 5996.83762  2.92%  36.5 34960s
 35526164 13189122     cutoff   54      6177.00000 5996.83796  2.92%  36.5 34965s
 35531528 13191302 6015.01791   93   37 6177.00000 5996.83835  2.92%  36.5 34970s
 35538397 13193915     cutoff   85      6177.00000 5996.83886  2.92%  36.5 34975s
 35543779 13195240 5998.51281   69  151 6177.00000 5996.83910  2.92%  36.5 34980s
 35548879 13197281 6095.30658   74   63 6177.00000 5996.83954  2.92%  36.5 34985s
 35555653 13199775 5999.55194   52   48 6177.00000 5996.84022  2.92%  36.5 34990s
 35560787 13201646 6027.25766  104   90 6177.00000 5996.84100  2.92%  36.5 34995s
 35567123 13203791 6115.84477  106   63 6177.00000 5996.84187  2.92%  36.5 35000s
 35569960 13204222 6041.71400  162   65 6177.00000 5996.84219  2.92%  36.5 35005s
 35573074 13205679 6091.23421   90   63 6177.00000 5996.84266  2.92%  36.5 35010s
 35579536 13208042 6098.34298  109   44 6177.00000 5996.84324  2.92%  36.5 35016s
 35584076 13209186 6077.66313  106  109 6177.00000 5996.84357  2.92%  36.5 35020s
 35589756 13211243 6138.17666   51   57 6177.00000 5996.84424  2.92%  36.5 35025s
 35595235 13212936 infeasible  122      6177.00000 5996.84511  2.92%  36.5 35030s
 35601932 13215670 6054.32948  107   72 6177.00000 5996.84565  2.92%  36.5 35035s
 35606689 13217259 6117.94935  105   66 6177.00000 5996.84615  2.92%  36.5 35040s
 35613087 13219396 infeasible   57      6177.00000 5996.84681  2.92%  36.5 35045s
 35619608 13221805 6102.20714   75   44 6177.00000 5996.84759  2.92%  36.5 35050s
 35624372 13223910 6004.79288   73   38 6177.00000 5996.84796  2.92%  36.5 35055s
 35630353 13226179 6051.93856   63  104 6177.00000 5996.84846  2.92%  36.5 35060s
 35636668 13228489 6094.15000   90   19 6177.00000 5996.84888  2.92%  36.5 35065s
 35640851 13229648 infeasible  114      6177.00000 5996.84911  2.92%  36.5 35070s
 35647492 13231754 6158.78354  105   59 6177.00000 5996.84946  2.92%  36.5 35076s
 35652157 13233539     cutoff   90      6177.00000 5996.84992  2.92%  36.5 35080s
 35657928 13235728     cutoff   99      6177.00000 5996.85056  2.92%  36.5 35085s
 35664492 13237874     cutoff   96      6177.00000 5996.85128  2.92%  36.5 35090s
 35670913 13239810 5996.85226   44   91 6177.00000 5996.85193  2.92%  36.5 35095s
 35677271 13243995 6111.14789   87   49 6177.00000 5996.85202  2.92%  36.5 35100s
 35683828 13247656     cutoff  107      6177.00000 5996.85202  2.92%  36.5 35105s
 35690199 13250429 6094.01161   98   41 6177.00000 5996.85225  2.92%  36.5 35110s
 35695972 13252688 6016.35833   66   52 6177.00000 5996.85283  2.92%  36.5 35115s
 35702344 13255010 6107.90577  118   75 6177.00000 5996.85344  2.92%  36.5 35120s
 35708802 13257536 6034.16825   96   34 6177.00000 5996.85372  2.92%  36.5 35125s
 35713632 13259431 6090.42056   82   18 6177.00000 5996.85391  2.92%  36.5 35130s
 35719747 13261262     cutoff   96      6177.00000 5996.85445  2.92%  36.5 35135s
 35726090 13263273 6109.85714  121   40 6177.00000 5996.85530  2.92%  36.5 35140s
 35731059 13264888     cutoff  111      6177.00000 5996.85599  2.92%  36.5 35145s
 35735116 13265965 infeasible  112      6177.00000 5996.85627  2.92%  36.5 35150s
 35738566 13267606     cutoff   70      6177.00000 5996.85659  2.92%  36.5 35156s
 35744120 13269677 6089.23133   48   43 6177.00000 5996.85704  2.92%  36.5 35160s
 35748234 13271175 6101.14256   70   56 6177.00000 5996.85758  2.92%  36.5 35165s
 35755113 13273835 6137.43776   92   70 6177.00000 5996.85825  2.92%  36.5 35170s
 35761923 13275763 infeasible  122      6177.00000 5996.85896  2.92%  36.5 35175s
 35768161 13277502 5998.71314   92   49 6177.00000 5996.85914  2.92%  36.5 35180s
 35772842 13279335 6086.10769   61   49 6177.00000 5996.86012  2.92%  36.5 35185s
 35779303 13281794     cutoff   80      6177.00000 5996.86079  2.92%  36.5 35190s
 35785187 13284058 6021.12394   91   37 6177.00000 5996.86106  2.92%  36.5 35196s
 35791051 13285967 6015.15940   88   70 6177.00000 5996.86159  2.92%  36.5 35200s
 35796233 13287402 infeasible   72      6177.00000 5996.86194  2.92%  36.5 35205s
 35802765 13289351     cutoff  109      6177.00000 5996.86257  2.92%  36.5 35210s
 35808153 13290786 6008.50543   66   47 6177.00000 5996.86288  2.92%  36.5 35215s
 35813524 13292275     cutoff   61      6177.00000 5996.86376  2.92%  36.5 35220s
 35818666 13294194     cutoff  107      6177.00000 5996.86432  2.92%  36.5 35225s
 35825278 13296994 infeasible   81      6177.00000 5996.86498  2.92%  36.5 35230s
 35831616 13298925 6122.42679  101   42 6177.00000 5996.86553  2.92%  36.5 35235s
 35837369 13301230 6017.07595   92   36 6177.00000 5996.86631  2.92%  36.5 35240s
 35843080 13302979 6090.07592  107   44 6177.00000 5996.86718  2.92%  36.5 35245s
 35847656 13304502 5999.77860   62   87 6177.00000 5996.86786  2.92%  36.5 35250s
 35854175 13307443 5998.74589   86  108 6177.00000 5996.86861  2.92%  36.5 35256s
 35859630 13309946     cutoff  122      6177.00000 5996.86885  2.92%  36.5 35260s
 35865915 13312252 6081.92526  102   55 6177.00000 5996.86930  2.92%  36.5 35265s
 35872094 13314769 6046.60640   75   52 6177.00000 5996.86948  2.92%  36.5 35270s
 35876000 13316023     cutoff   83      6177.00000 5996.86986  2.92%  36.5 35275s
 35878280 13317338 6052.25897   65   51 6177.00000 5996.86991  2.92%  36.5 35280s
 35883712 13318937 6027.51464  101   91 6177.00000 5996.87058  2.92%  36.5 35285s
 35890078 13321064 6108.36542   49   59 6177.00000 5996.87118  2.92%  36.5 35290s
 35895709 13323322     cutoff  120      6177.00000 5996.87150  2.92%  36.5 35295s
 35901551 13325021 6087.04263   71  146 6177.00000 5996.87220  2.92%  36.5 35300s
 35907711 13327284 6087.87900  102   43 6177.00000 5996.87248  2.92%  36.5 35305s
 35913324 13328956 6041.93269  117   35 6177.00000 5996.87271  2.92%  36.5 35310s
 35919288 13330847 6121.64900   98   42 6177.00000 5996.87304  2.92%  36.5 35316s
 35924431 13332675     cutoff   50      6177.00000 5996.87379  2.92%  36.5 35320s
 35931377 13335281 infeasible   90      6177.00000 5996.87452  2.92%  36.5 35325s
 35937302 13337764 6034.07098  100   25 6177.00000 5996.87487  2.92%  36.5 35330s
 35943748 13340234 6009.85908   87   43 6177.00000 5996.87550  2.92%  36.5 35335s
 35950366 13342210 6001.06440   88   49 6177.00000 5996.87631  2.92%  36.5 35340s
 35956919 13344658 6007.59894   99   42 6177.00000 5996.87675  2.92%  36.5 35345s
 35962022 13346782 6016.55817  117   58 6177.00000 5996.87727  2.92%  36.5 35350s
 35968760 13348972 6120.31250   80   59 6177.00000 5996.87794  2.92%  36.5 35355s
 35974554 13351617 5999.11184   95   79 6177.00000 5996.87836  2.92%  36.5 35361s
 35979825 13353496     cutoff   49      6177.00000 5996.87894  2.92%  36.5 35365s
 35985474 13355443 6064.78882   90   83 6177.00000 5996.87963  2.92%  36.5 35370s
 35991671 13357269 6174.00000  102   23 6177.00000 5996.88036  2.92%  36.5 35375s
 35997344 13359402     cutoff   69      6177.00000 5996.88095  2.92%  36.5 35380s
 36002617 13361164 6092.20517   85   24 6177.00000 5996.88156  2.92%  36.5 35385s
 36007241 13363000 6065.10473   79   58 6177.00000 5996.88199  2.92%  36.5 35390s
 36014410 13365578 6112.67632  111   54 6177.00000 5996.88286  2.92%  36.5 35395s
 36019400 13367144 6086.63395   94   81 6177.00000 5996.88340  2.92%  36.5 35400s
 36024631 13368605 6085.30283   85   64 6177.00000 5996.88404  2.92%  36.5 35405s
 36029729 13370516 6000.20083   87   43 6177.00000 5996.88457  2.92%  36.5 35410s
 36035112 13371792 6119.76261  119   95 6177.00000 5996.88526  2.92%  36.5 35415s
 36035128 13376067 6121.92104  120  121 6177.00000 5996.88526  2.92%  36.5 35427s
 36047128 13376459     cutoff  123      6177.00000 5996.88598  2.92%  36.5 35430s
 36054040 13379145 infeasible  107      6177.00000 5996.88673  2.92%  36.5 35436s
 36059290 13380551 5996.89419   98   88 6177.00000 5996.88736  2.92%  36.5 35440s
 36064892 13382756 6052.02005   87   90 6177.00000 5996.88771  2.92%  36.5 35445s
 36070929 13384994 6014.23368  113   51 6177.00000 5996.88857  2.92%  36.5 35450s
 36077048 13386917     cutoff   95      6177.00000 5996.88926  2.92%  36.5 35455s
 36083123 13389000 6117.53276  103   21 6177.00000 5996.88987  2.92%  36.5 35460s
 36089352 13390908 6101.55053   60   58 6177.00000 5996.89035  2.92%  36.5 35466s
 36096037 13391965 6106.95598   56   71 6177.00000 5996.89060  2.92%  36.5 35470s
 36101034 13393491 6010.18061  105   47 6177.00000 5996.89100  2.92%  36.5 35475s
 36106921 13395361 6089.89286   90    8 6177.00000 5996.89164  2.92%  36.5 35480s
 36113014 13398251 6014.21065   71   88 6177.00000 5996.89217  2.92%  36.5 35485s
 36119617 13401029 6005.95429   99   66 6177.00000 5996.89269  2.92%  36.5 35490s
 36125461 13404014 6027.47567   66   44 6177.00000 5996.89294  2.92%  36.5 35495s
 36132117 13406179 6097.80868   89   56 6177.00000 5996.89339  2.92%  36.5 35500s
 36137119 13408140 6042.66025   96   61 6177.00000 5996.89393  2.92%  36.5 35505s
 36144129 13410586 6000.96491   48   46 6177.00000 5996.89467  2.92%  36.5 35510s
 36150445 13412770 infeasible  112      6177.00000 5996.89527  2.92%  36.5 35515s
 36155069 13414478 6099.99118   65   31 6177.00000 5996.89571  2.92%  36.5 35520s
 36161437 13417335 6039.97981   79   92 6177.00000 5996.89627  2.92%  36.5 35525s
 36166843 13419158     cutoff  116      6177.00000 5996.89676  2.92%  36.5 35530s
 36172778 13420852 6001.00866   92   63 6177.00000 5996.89721  2.92%  36.5 35535s
 36177988 13422917     cutoff  119      6177.00000 5996.89806  2.92%  36.5 35540s
 36182244 13424216 6128.94000   61   39 6177.00000 5996.89858  2.92%  36.5 35545s
 36188995 13426432 infeasible  100      6177.00000 5996.89908  2.92%  36.5 35550s
 36193758 13428217 6013.92664   94   78 6177.00000 5996.89941  2.92%  36.5 35555s
 36200776 13430682 6088.86547  112   12 6177.00000 5996.89976  2.92%  36.5 35561s
 36203613 13431126 6016.75225   91   44 6177.00000 5996.90023  2.92%  36.5 35565s
 36207248 13433047 6092.72886   61   64 6177.00000 5996.90052  2.92%  36.5 35570s
 36212924 13435323 6086.94083  111   34 6177.00000 5996.90077  2.92%  36.5 35575s
 36218149 13437128     cutoff   78      6177.00000 5996.90155  2.92%  36.5 35580s
 36224293 13439329 6080.96520  101   66 6177.00000 5996.90222  2.92%  36.5 35585s
 36229949 13441464 6010.12929   69   80 6177.00000 5996.90267  2.92%  36.5 35590s
 36236031 13443673 6128.31573  114   36 6177.00000 5996.90307  2.92%  36.5 35595s
 36242271 13445793     cutoff  125      6177.00000 5996.90388  2.92%  36.5 35600s
 36248722 13448149 6023.73402   89   53 6177.00000 5996.90444  2.92%  36.5 35605s
 36255186 13450678 6049.65281  104   56 6177.00000 5996.90516  2.92%  36.5 35611s
 36260475 13452345 6065.83531   74   24 6177.00000 5996.90575  2.92%  36.5 35615s
 36265845 13453811 5999.22595   99   53 6177.00000 5996.90639  2.92%  36.5 35620s
 36271056 13455599 6014.34818   54   62 6177.00000 5996.90671  2.92%  36.5 35625s
 36277381 13457546 6000.72550  111   42 6177.00000 5996.90714  2.92%  36.5 35630s
 36283503 13459567 6077.74013  101   59 6177.00000 5996.90774  2.92%  36.5 35635s
 36289115 13461655 infeasible  107      6177.00000 5996.90807  2.92%  36.5 35640s
 36294975 13463811 6011.50367   82   35 6177.00000 5996.90838  2.92%  36.5 35645s
 36300797 13465758 6121.59823  116   75 6177.00000 5996.90897  2.92%  36.5 35650s
 36306501 13467743     cutoff   91      6177.00000 5996.90989  2.92%  36.5 35655s
