
Gurobi 12.0.0 (win64) logging started Sun Jan 25 18:44:02 2026

Set parameter LogFile to value "Storage_orig/Logs/log_____________2026_01_25_18_44_02.log"
Set parameter MIPGap to value 0.01
Set parameter OutputFlag to value 1
Gurobi Optimizer version 12.0.0 build v12.0.0rc1 (win64 - Windows 11.0 (26100.2))

CPU model: Intel(R) Core(TM) i7-9750H CPU @ 2.60GHz, instruction set [SSE2|AVX|AVX2]
Thread count: 6 physical cores, 12 logical processors, using up to 12 threads

Non-default parameters:
MIPGap  0.01
MIPFocus  1

Optimize a model with 16112 rows, 2280 columns and 42852 nonzeros
Model fingerprint: 0x3e70cc8a
Variable types: 40 continuous, 2240 integer (1360 binary)
Coefficient statistics:
  Matrix range     [2e-01, 1e+03]
  Objective range  [1e+01, 2e+05]
  Bounds range     [1e+00, 1e+00]
  RHS range        [1e+00, 1e+03]
Found heuristic solution: objective 3.022000e+07
Presolve removed 12888 rows and 360 columns
Presolve time: 0.04s
Presolved: 3224 rows, 1920 columns, 23276 nonzeros
Variable types: 40 continuous, 1880 integer (1160 binary)

Root relaxation: objective 6.008050e+03, 1898 iterations, 0.05 seconds (0.06 work units)

    Nodes    |    Current Node    |     Objective Bounds      |     Work
 Expl Unexpl |  Obj  Depth IntInf | Incumbent    BestBd   Gap | It/Node Time

     0     0 6008.05000    0   34 3.0220e+07 6008.05000   100%     -    0s
H    0     0                    2.980412e+07 6008.05000   100%     -    0s
H    0     0                    2.024236e+07 6008.05000   100%     -    0s
H    0     0                    1.986236e+07 6008.05000   100%     -    0s
H    0     0                    1.970236e+07 6008.05000   100%     -    0s
H    0     0                    1.956236e+07 6008.05000   100%     -    0s
H    0     0                    1.950236e+07 6008.05000   100%     -    0s
H    0     0                    1.900637e+07 6280.80895   100%     -    0s
H    0     0                    1.854637e+07 6280.80895   100%     -    0s
H    0     0                    1.776649e+07 6280.80895   100%     -    0s
H    0     0                    1.714649e+07 6280.80895   100%     -    0s
H    0     0                    1.678637e+07 6280.80895   100%     -    0s
     0     0 6280.80895    0   94 1.6786e+07 6280.80895   100%     -    0s
H    0     0                    1.052657e+07 6280.80895   100%     -    0s
H    0     0                    1.032657e+07 6280.80895   100%     -    0s
H    0     0                    1.024657e+07 6280.80895   100%     -    0s
     0     0 6414.79703    0  104 1.0247e+07 6414.79703   100%     -    0s
H    0     0                    1.018657e+07 6418.79261   100%     -    0s
     0     0 6418.79261    0  118 1.0187e+07 6418.79261   100%     -    0s
     0     0 6423.20078    0  124 1.0187e+07 6423.20078   100%     -    0s
     0     0 6424.82043    0  125 1.0187e+07 6424.82043   100%     -    0s
     0     0 6424.82043    0  129 1.0187e+07 6424.82043   100%     -    0s
     0     0 6557.24215    0  154 1.0187e+07 6557.24215   100%     -    0s
H    0     0                    7329909.0000 6591.41137   100%     -    0s
H    0     0                    7189909.0000 6591.41137   100%     -    0s
     0     0 6591.41137    0  152 7189909.00 6591.41137   100%     -    0s
     0     0 6598.91497    0  166 7189909.00 6598.91497   100%     -    0s
     0     0 6599.68015    0  171 7189909.00 6599.68015   100%     -    0s
     0     0 6599.76446    0  181 7189909.00 6599.76446   100%     -    1s
     0     0 6599.99287    0  166 7189909.00 6599.99287   100%     -    1s
     0     0 6600.10209    0  160 7189909.00 6600.10209   100%     -    1s
     0     0 6600.10209    0  160 7189909.00 6600.10209   100%     -    1s
H    0     0                    6850013.0000 6600.10209   100%     -    1s
H    0     0                    6710231.0000 6600.10209   100%     -    1s
H    0     0                    6570231.0000 6636.63240   100%     -    1s
     0     0 6636.63240    0  208 6570231.00 6636.63240   100%     -    1s
H    0     0                    6230231.0000 6636.63240   100%     -    1s
H    0     0                    5810231.0000 6636.63240   100%     -    1s
H    0     0                    5751454.0000 6663.84902   100%     -    1s
H    0     0                    4511454.0000 6663.84902   100%     -    1s
     0     0 6663.84902    0  141 4511454.00 6663.84902   100%     -    1s
     0     0 6677.72011    0  217 4511454.00 6677.72011   100%     -    1s
     0     0 6702.25797    0  172 4511454.00 6702.25797   100%     -    1s
H    0     0                    4330503.0000 6702.76215   100%     -    1s
     0     0 6702.76215    0  207 4330503.00 6702.76215   100%     -    1s
H    0     0                    4231454.0000 6703.77908   100%     -    1s
H    0     0                    3811454.0000 6703.77908   100%     -    1s
H    0     0                    3531454.0000 6703.77908   100%     -    1s
     0     0 6703.77908    0  203 3531454.00 6703.77908   100%     -    1s
     0     0 6703.92441    0  223 3531454.00 6703.92441   100%     -    1s
     0     0 6703.94506    0  243 3531454.00 6703.94506   100%     -    1s
H    0     0                    3391454.0000 6703.94506   100%     -    2s
H    0     0                    3391350.0000 6703.94506   100%     -    2s
H    0     0                    3251350.0000 6703.94506   100%     -    2s
H    0     0                    3070503.0000 6703.94506   100%     -    2s
H    0     0                    2830503.0000 6703.94506   100%     -    2s
H    0     0                    2430503.0000 6703.94506   100%     -    2s
H    0     0                    1871464.0000 6705.37370   100%     -    2s
H    0     0                    990503.00000 6705.37370  99.3%     -    2s
     0     0 6705.37370    0  213 990503.000 6705.37370  99.3%     -    2s
H    0     0                    710604.00000 6705.37370  99.1%     -    2s
H    0     0                    570503.00000 6707.80676  98.8%     -    2s
     0     0 6707.80676    0  289 570503.000 6707.80676  98.8%     -    2s
     0     0 6711.71438    0  228 570503.000 6711.71438  98.8%     -    2s
     0     0 6711.91308    0  290 570503.000 6711.91308  98.8%     -    2s
H    0     0                    431625.00000 6712.37210  98.4%     -    2s
H    0     0                    291625.00000 6712.37210  97.7%     -    2s
     0     0 6712.37210    0  327 291625.000 6712.37210  97.7%     -    2s
     0     0 6714.63457    0  285 291625.000 6714.63457  97.7%     -    2s
     0     0 6714.85150    0  102 291625.000 6714.85150  97.7%     -    2s
     0     0 6714.85150    0  122 291625.000 6714.85150  97.7%     -    2s
     0     0 6716.01490    0   97 291625.000 6716.01490  97.7%     -    2s
     0     2 6716.01490    0   88 291625.000 6716.01490  97.7%     -    3s
H   27    35                    151625.00000 6716.17280  95.6%   234    3s
H   50    63                    150604.00000 6716.17280  95.5%   174    4s
H   91    96                    150500.00000 6716.17280  95.5%   119    4s
H   95   102                    10500.000000 6716.17280  36.0%   117    4s
   101   108 6719.24726   20  176 10500.0000 6716.17280  36.0%   115    5s
H  111   114                    10399.000000 6716.17280  35.4%   109    5s
H  428   419                    8620.0000000 6716.17280  22.1%  68.2    9s
H  437   458                    7397.0000000 6716.17280  9.20%  67.8    9s
H  475   458                    7279.0000000 6716.17280  7.73%  67.7    9s
   494   460     cutoff   80      7279.00000 6716.27083  7.73%  67.7   10s
H  676   630                    7178.0000000 6716.94722  6.42%  77.6   13s
   708   654 6793.58774   25   77 7178.00000 6716.94722  6.42%  78.8   15s
   939   880 6803.45075   42   47 7178.00000 6716.95629  6.42%  84.1   20s
  1358  1221 6862.55299   43   97 7178.00000 6716.95629  6.42%  83.0   25s
  1399  1248 6749.84069   14  171 7178.00000 6717.08853  6.42%  80.5   30s
  1680  1411 7091.13900   41   15 7178.00000 6717.08853  6.42%  97.4   35s
  2043  1505 6923.63037   64  224 7178.00000 6717.08853  6.42%  97.8   40s
  2590  1732 7018.42901   37  123 7178.00000 6717.08853  6.42%  94.3   45s
  2779  1756 infeasible   51      7178.00000 6717.08853  6.42%  94.8   52s
  2800  1764 infeasible   54      7178.00000 6717.08853  6.42%  94.6   55s
  3112  1886 6718.31500   24  133 7178.00000 6717.08853  6.42%  92.4   60s
  3599  2060 7103.18130   54  143 7178.00000 6718.31500  6.40%  93.4   65s
  3677  2054 6765.94118   22   98 7178.00000 6718.31500  6.40%  93.1   70s
  3762  2115 6721.56697   22  178 7178.00000 6718.31500  6.40%  92.7   75s
  4347  2444 6767.71069   24  181 7178.00000 6718.31500  6.40%  94.9   80s
  4687  2531 6766.82353   26  128 7178.00000 6718.31500  6.40%  96.0   85s
  5309  2848 6779.75000   28   70 7178.00000 6719.87596  6.38%  97.7   91s
  5741  3245 7069.07755   53  220 7178.00000 6720.65500  6.37%  98.7   95s
  6425  3807 6909.73372   72   84 7178.00000 6720.65500  6.37%  98.5  100s
  8089  5246     cutoff   76      7178.00000 6722.81591  6.34%  95.3  105s
 10184  6600 6769.25000   25   79 7178.00000 6722.87500  6.34%  93.8  111s
 11642  7606 6771.00000   31   28 7178.00000 6723.47248  6.33%  93.7  115s
 14056  9252 6819.33939   37  187 7178.00000 6725.51591  6.30%  94.6  121s
 15398 10289 6802.09047   30  231 7178.00000 6726.02453  6.30%  95.3  126s
 16394 10851     cutoff   76      7178.00000 6726.25051  6.29%  95.6  130s
 17238 11629 7068.50000   56  110 7178.00000 6726.63500  6.29%  96.3  135s
 18780 12748 6823.31501   48  293 7178.00000 6727.32409  6.28%  97.8  142s
 19369 13007 6777.27035   39  215 7178.00000 6727.77405  6.27%  98.2  145s
 20453 14026 7029.14685   37   83 7178.00000 6728.07551  6.27%  98.8  150s
 21901 15048 6793.15582   43  131 7178.00000 6729.52276  6.25%  98.3  157s
 22448 15470 infeasible   49      7178.00000 6730.01539  6.24%  98.7  165s
 23030 15538 6781.66732   36  177 7178.00000 6730.04072  6.24%  98.6  170s
 23709 16028 6911.58801   41  289 7178.00000 6731.17273  6.22%  98.9  177s
 23957 16484 6806.09606   33   48 7178.00000 6731.19500  6.22%  99.0  185s
 24615 16756 6802.05496   37   93 7178.00000 6731.63820  6.22%  98.6  191s
 24971 17229 6869.53943   39  145 7178.00000 6732.15077  6.21%  98.4  198s
 25633 17783 6804.49071   38  237 7178.00000 6732.62497  6.20%  98.4  206s
 26350 18254 7012.66471   57  242 7178.00000 6732.98791  6.20%  97.8  213s
 26986 18880 6788.51276   45  200 7178.00000 6733.23903  6.20%  97.8  219s
 27788 19086 6778.28833   34  166 7178.00000 6733.78250  6.19%  97.5  233s
 28017 19430 6779.40585   34  157 7178.00000 6733.93916  6.19%  97.4  238s
 28488 19948 6839.39693   32   88 7178.00000 6734.01291  6.19%  97.9  242s
 29936 20879 6787.40909   39  172 7178.00000 6734.85683  6.17%  98.0  247s
 30733 21300 6781.00000   29   15 7178.00000 6735.25075  6.17%  98.0  252s
 32029 21980 6832.94577   36  200 7178.00000 6735.92332  6.16%  98.2  258s
 32306 22441 6788.66500   35  177 7178.00000 6735.94818  6.16%  98.5  262s
 32903 22912 6942.32500   47   19 7178.00000 6737.15393  6.14%  98.3  266s
 33590 23636 6811.65941   36  253 7178.00000 6737.55252  6.14%  98.0  270s
 34689 24233 6794.73765   34   62 7178.00000 6738.54963  6.12%  97.7  275s
 36152 25493 6954.42188   51  124 7178.00000 6740.70615  6.09%  97.8  280s
 38622 27097 6794.18189   40  231 7178.00000 6743.58453  6.05%  97.5  286s
 40073 28131 6800.55875   40  304 7178.00000 6747.89721  5.99%  98.3  291s
 41254 28627     cutoff   53      7178.00000 6751.09180  5.95%   100  296s
 42147 29440 6805.36462   44  117 7178.00000 6759.52585  5.83%   100  302s
 43704 30581 6851.61924   48  268 7178.00000 6764.61224  5.76%   100  307s
 45300 31616     cutoff   36      7178.00000 6765.94118  5.74%   100  310s
 46679 32471 infeasible   48      7178.00000 6765.94118  5.74%   101  315s
 47998 33506 6931.76981   60  286 7178.00000 6766.35578  5.73%   100  320s
 50072 34914 7001.31148   59  193 7178.00000 6766.82353  5.73%   100  325s
 51618 36003 6887.04167   48  118 7178.00000 6766.82353  5.73%   100  330s
 53176 37069 7030.06606   53  137 7178.00000 6766.82353  5.73%   100  335s
*54778 36285              79    7104.0000000 6767.32793  4.74%   101  338s
 54895 36673 6792.65593   35  198 7104.00000 6767.70588  4.73%   101  340s
 56934 38131 6832.85945   61  320 7104.00000 6768.05882  4.73%   101  346s
 58823 39221 6820.41240   36  254 7104.00000 6768.05882  4.73%   100  351s
 60286 40343 6906.00750   58   54 7104.00000 6768.05882  4.73%   100  355s
 62490 41931 6872.35714   38   26 7104.00000 6768.27273  4.73%  99.1  360s
H63587 42115                    7091.0000000 6768.33333  4.55%  98.7  362s
 64592 43216 6904.83425   44   94 7091.00000 6768.40213  4.55%  98.4  366s
 66545 44226 6804.65500   55   77 7091.00000 6768.63158  4.55%  98.1  371s
 68432 45287 6886.64228   68  186 7091.00000 6768.80000  4.54%  97.9  376s
 69598 46103 6842.95300   69   70 7091.00000 6768.85938  4.54%  98.0  380s
H70287 38772                    6990.0000000 6768.94118  3.16%  97.8  383s
 70898 39115 6842.73388   56  251 6990.00000 6768.94118  3.16%  97.7  385s
 72602 40085 6842.05290   38  322 6990.00000 6768.94118  3.16%  97.8  391s
 73832 40826 6796.18830   28  124 6990.00000 6768.94118  3.16%  97.8  395s
H75171 28189                    6876.0000000 6768.94118  1.56%  97.6  398s
 76236 28470     cutoff   53      6876.00000 6768.94118  1.56%  97.6  401s
 77371 29062 6770.58366   31  215 6876.00000 6768.94118  1.56%  97.6  406s
 79441 29864 6835.63323   56   36 6876.00000 6769.25000  1.55%  97.3  411s
 80458 30284 6786.24786   37   86 6876.00000 6769.30909  1.55%  97.3  415s
 82224 31180 6826.09809   54  229 6876.00000 6769.59561  1.55%  97.3  421s
 83417 31548     cutoff   44      6876.00000 6769.79883  1.54%  97.2  425s
 85128 32002 6833.93530   41   76 6876.00000 6769.82353  1.54%  97.5  430s
 86820 32456 6859.33191   32  144 6876.00000 6769.82353  1.54%  97.9  436s
 88033 33038 6788.80214   25  172 6876.00000 6769.94200  1.54%  98.0  441s
 89381 33603     cutoff   39      6876.00000 6770.19132  1.54%  97.9  446s
 90808 34365 6774.00000   29  108 6876.00000 6770.42979  1.54%  97.7  451s
 92103 34992 infeasible   33      6876.00000 6770.66667  1.53%  97.5  455s
 93930 35822 6786.55155   34  290 6876.00000 6770.89286  1.53%  97.4  460s
 95507 36409 6799.68750   32   70 6876.00000 6771.00000  1.53%  97.4  467s
 96703 37007 6782.02789   36  119 6876.00000 6771.00000  1.53%  97.4  472s
 97848 37440 6772.61842   51  166 6876.00000 6771.02800  1.53%  97.4  476s
 99065 37953 6776.27253   38  181 6876.00000 6771.05882  1.53%  97.5  481s
 100225 38408 6801.00000   33   19 6876.00000 6771.11000  1.53%  97.5  485s
 101447 38915 infeasible   46      6876.00000 6771.16556  1.52%  97.5  490s
 103344 39741 6772.52250   37  147 6876.00000 6771.28182  1.52%  97.5  497s
 104570 40252     cutoff   42      6876.00000 6771.39000  1.52%  97.6  501s
 105938 40758     cutoff   38      6876.00000 6771.49808  1.52%  97.5  506s
 107249 41303 6779.78074   48  148 6876.00000 6771.62573  1.52%  97.4  510s
 108132 41624 6859.11961   41  348 6876.00000 6771.67500  1.52%  97.5  515s
 110091 42320 6828.19055   48  319 6876.00000 6771.81892  1.52%  97.5  520s
 111332 42785 6820.42118   30  138 6876.00000 6771.94083  1.51%  97.5  525s
 113432 43490 6836.50476   36  191 6876.00000 6771.96429  1.51%  97.5  531s
 114672 44020 6789.63832   33  170 6876.00000 6772.02434  1.51%  97.4  535s
 116090 44570 6796.46387   38   92 6876.00000 6772.08818  1.51%  97.4  540s
 118002 45326     cutoff   41      6876.00000 6772.17330  1.51%  97.3  545s
 119873 46005 6803.22294   62   97 6876.00000 6772.26741  1.51%  97.2  550s
 121623 46823 6832.63145   58  121 6876.00000 6772.39647  1.51%  97.1  555s
 123401 47585 6773.12143   35  173 6876.00000 6772.49060  1.51%  97.1  561s
 124598 48045     cutoff   34      6876.00000 6772.56000  1.50%  97.1  565s
 126369 48732     cutoff   43      6876.00000 6772.67221  1.50%  96.9  571s
 127512 49147 6791.18469   45  232 6876.00000 6772.74194  1.50%  97.0  575s
 129460 49755 6827.50173   42  105 6876.00000 6772.82353  1.50%  96.9  580s
 131323 50594 6783.28571   42  264 6876.00000 6772.92000  1.50%  96.8  586s
 132586 51138 6801.99813   46  173 6876.00000 6772.99006  1.50%  96.7  591s
 133851 51554     cutoff   41      6876.00000 6773.01118  1.50%  96.7  595s
 135118 51970 6793.12500   39   55 6876.00000 6773.10000  1.50%  96.7  601s
 136341 52561 6817.81000   50   55 6876.00000 6773.14074  1.50%  96.6  605s
 138030 53183 6793.08109   44   82 6876.00000 6773.20919  1.49%  96.6  610s
 139884 53971 6794.30500   44  145 6876.00000 6773.28000  1.49%  96.5  615s
 141873 54821     cutoff   56      6876.00000 6773.37500  1.49%  96.4  620s
 143102 55292     cutoff   56      6876.00000 6773.41994  1.49%  96.3  625s
 144419 55932 6782.27729   43  144 6876.00000 6773.50000  1.49%  96.2  630s
 145445 56367 infeasible   41      6876.00000 6773.52632  1.49%  96.1  635s
 147314 57222 6798.00000   45    7 6876.00000 6773.61133  1.49%  96.0  641s
 148675 57792 6786.24879   41   85 6876.00000 6773.67667  1.49%  95.9  645s
 150494 58518 6798.12121   32   21 6876.00000 6773.75000  1.49%  95.8  650s
 152344 59230 6775.87234   36   97 6876.00000 6773.84615  1.49%  95.7  657s
 153550 59733     cutoff   46      6876.00000 6773.86675  1.49%  95.6  662s
 154877 60263 6804.91318   31  179 6876.00000 6773.89353  1.48%  95.6  667s
 155983 60602 6787.55556   43  195 6876.00000 6773.92191  1.48%  95.6  672s
 157027 61090 6819.97154   46  177 6876.00000 6773.97475  1.48%  95.6  677s
 157668 61285 6776.87708   50  148 6876.00000 6773.98939  1.48%  95.6  680s
 158920 61695     cutoff   50      6876.00000 6774.00000  1.48%  95.6  685s
 160792 62447 6783.55046   37   80 6876.00000 6774.00000  1.48%  95.6  692s
 162156 62983 6825.78046   48  287 6876.00000 6774.00000  1.48%  95.5  697s
 163580 63432     cutoff   40      6876.00000 6774.00000  1.48%  95.4  701s
 164588 63757 6825.07477   40  150 6876.00000 6774.00000  1.48%  95.4  706s
 165786 64269     cutoff   47      6876.00000 6774.00000  1.48%  95.4  712s
 167058 64868 6804.94181   52  114 6876.00000 6774.00000  1.48%  95.4  717s
 167747 65118     cutoff   45      6876.00000 6774.00000  1.48%  95.4  720s
 168952 65637 6779.84360   39  210 6876.00000 6774.00000  1.48%  95.4  726s
 170142 66177 6781.10345   41  142 6876.00000 6774.00000  1.48%  95.4  731s
 171464 66695 6849.42653   42   72 6876.00000 6774.01537  1.48%  95.4  736s
 172712 67092 6787.84404   35  131 6876.00000 6774.04041  1.48%  95.3  740s
 174571 67712 6779.44214   45  159 6876.00000 6774.05882  1.48%  95.4  746s
 175925 68108 6825.52797   53  224 6876.00000 6774.07895  1.48%  95.3  751s
 177115 68521 6798.22500   48   75 6876.00000 6774.10000  1.48%  95.2  755s
 178949 69070 6846.69400   40  202 6876.00000 6774.15041  1.48%  95.2  760s
 180905 69691 6809.36918   54  246 6876.00000 6774.20047  1.48%  95.1  766s
 181973 70062 6790.39286   39  196 6876.00000 6774.25000  1.48%  95.1  770s
 183957 70780 6784.06687   35  102 6876.00000 6774.28771  1.48%  95.0  776s
 185606 71209 6822.71680   43  193 6876.00000 6774.32143  1.48%  95.0  780s
 187049 71725 6779.28587   48  230 6876.00000 6774.36534  1.48%  95.0  786s
 187965 72145 6822.73666   39  192 6876.00000 6774.39083  1.48%  95.0  790s
 189954 72766 6802.42446   44  173 6876.00000 6774.46158  1.48%  94.9  796s
 191766 73388 6779.45101   37   70 6876.00000 6774.55048  1.48%  94.9  801s
 193066 73844 6812.54288   35  209 6876.00000 6774.58909  1.47%  94.9  806s
 194327 74209 6792.90060   65  206 6876.00000 6774.64173  1.47%  94.8  810s
 196359 74820 6782.35796   42   84 6876.00000 6774.66694  1.47%  94.8  816s
 198145 75509 6820.90809   45  158 6876.00000 6774.70833  1.47%  94.7  820s
 199974 76109 6796.62044   35   78 6876.00000 6774.77783  1.47%  94.7  826s
 201207 76482 6825.20000   40  156 6876.00000 6774.82358  1.47%  94.7  830s
 202967 76942 6804.92371   44  155 6876.00000 6774.88207  1.47%  94.7  836s
 203952 77316 6788.36742   47  194 6876.00000 6774.91408  1.47%  94.7  840s
 205098 77646 6809.20000   39   51 6876.00000 6774.94118  1.47%  94.7  845s
 206316 78039 6775.08000   37  148 6876.00000 6774.97820  1.47%  94.7  851s
 207665 78596 6798.54383   46  172 6876.00000 6775.01000  1.47%  94.7  855s
 208934 78825 infeasible   37      6876.00000 6775.02020  1.47%  94.7  860s
 210002 79271 6802.08446   34  178 6876.00000 6775.02044  1.47%  94.6  866s
 211258 79739 6810.68958   39  201 6876.00000 6775.08000  1.47%  94.6  871s
 212715 80220 6794.67140   50  132 6876.00000 6775.11670  1.47%  94.5  876s
 214277 80499 6788.00000   39   51 6876.00000 6775.16429  1.47%  94.4  880s
 216165 81200 6780.66103   33   90 6876.00000 6775.21852  1.47%  94.4  885s
 218212 81959 6775.49493   40  268 6876.00000 6775.27611  1.46%  94.3  892s
 219528 82374 6787.56430   36  189 6876.00000 6775.30435  1.46%  94.3  895s
 221336 83028 6799.59502   42  140 6876.00000 6775.37328  1.46%  94.2  901s
 222495 83462 6827.49508   35  291 6876.00000 6775.41126  1.46%  94.2  905s
 224168 83976 6822.09455   41  253 6876.00000 6775.46217  1.46%  94.2  911s
 226056 84693 infeasible   42      6876.00000 6775.51506  1.46%  94.1  916s
 227204 85039 6798.66111   48  180 6876.00000 6775.55762  1.46%  94.2  921s
 228470 85485 6792.98808   43  193 6876.00000 6775.61905  1.46%  94.1  925s
 230269 86052 6801.12289   43   31 6876.00000 6775.67067  1.46%  94.1  931s
 231576 86517 6801.66584   40  209 6876.00000 6775.71600  1.46%  94.1  935s
 232361 86784 6787.59840   45  215 6876.00000 6775.74194  1.46%  94.1  940s
 234345 87426 6785.09917   47  144 6876.00000 6775.81897  1.46%  94.0  945s
 235765 87954 6833.38154   45  166 6876.00000 6775.85714  1.46%  94.0  950s
 237796 88561 6785.19270   44  188 6876.00000 6775.93505  1.46%  93.9  956s
 239097 88971 6800.81379   28  127 6876.00000 6776.00000  1.45%  93.9  961s
 240322 89393 6791.00000   39  125 6876.00000 6776.00000  1.45%  93.9  967s
 241452 89759 6783.93265   38  157 6876.00000 6776.03149  1.45%  93.9  971s
 243282 90114 6790.84902   46  156 6876.00000 6776.10000  1.45%  93.9  976s
 243876 90572 6812.57957   53  149 6876.00000 6776.10458  1.45%  93.9  980s
 245709 91130     cutoff   67      6876.00000 6776.17647  1.45%  93.8  985s
 247577 91689 6786.12787   52  235 6876.00000 6776.22500  1.45%  93.8  992s
 248774 92063 6840.00000   57   41 6876.00000 6776.25000  1.45%  93.8  996s
 249919 92481 6790.47917   39   61 6876.00000 6776.30032  1.45%  93.8 1000s
 251890 93182 6848.42652   52  100 6876.00000 6776.35135  1.45%  93.8 1005s
 253795 93803     cutoff   45      6876.00000 6776.42415  1.45%  93.7 1010s
 255663 94536 6792.06992   31  253 6876.00000 6776.47873  1.45%  93.6 1016s
 256964 95009 6834.60794   45  241 6876.00000 6776.52354  1.45%  93.6 1021s
 258262 95194 6777.43593   37  305 6876.00000 6776.55401  1.45%  93.6 1025s
 259827 95758 6807.34732   45  232 6876.00000 6776.61824  1.45%  93.6 1031s
 261736 96360 6821.66401   46  241 6876.00000 6776.68750  1.44%  93.5 1036s
 263715 96991 6777.02270   48   14 6876.00000 6776.74225  1.44%  93.5 1041s
 264506 97212 6783.21875   65  166 6876.00000 6776.77000  1.44%  93.5 1046s
 265852 97553 6828.66234   42  112 6876.00000 6776.79669  1.44%  93.4 1050s
 267810 98203 infeasible   43      6876.00000 6776.86324  1.44%  93.4 1056s
 269045 98576 6826.05630   41  152 6876.00000 6776.89353  1.44%  93.4 1060s
 270886 99141 6781.59206   43  132 6876.00000 6776.96041  1.44%  93.4 1066s
 272168 99529 6804.18500   44   45 6876.00000 6777.00000  1.44%  93.4 1070s
 273390 99971 infeasible   43      6876.00000 6777.00000  1.44%  93.3 1075s
 274660 100454 6781.60677   42  177 6876.00000 6777.00000  1.44%  93.3 1081s
 275994 100828 6786.07679   49  196 6876.00000 6777.03000  1.44%  93.3 1085s
 277181 101050     cutoff   45      6876.00000 6777.05882  1.44%  93.3 1091s
 278081 101386 6827.42222   34  157 6876.00000 6777.08353  1.44%  93.3 1095s
 280137 101933 6800.77225   54  191 6876.00000 6777.12575  1.44%  93.2 1100s
 281954 102384 6838.91761   46  310 6876.00000 6777.18770  1.44%  93.2 1105s
 283201 102786 6797.88351   54  248 6876.00000 6777.24882  1.44%  93.2 1110s
 285037 103271 6811.17557   38  173 6876.00000 6777.31034  1.44%  93.2 1116s
 286226 103613 6846.85785   39  153 6876.00000 6777.33333  1.43%  93.2 1120s
 287510 103965 6856.33897   45   76 6876.00000 6777.36667  1.43%  93.2 1126s
 288944 104317 6781.33825   46   33 6876.00000 6777.40000  1.43%  93.2 1130s
 290178 104649 6789.89474   35   51 6876.00000 6777.44737  1.43%  93.2 1135s
 292121 105167 6810.22980   37  126 6876.00000 6777.50767  1.43%  93.2 1141s
 293309 105548 6782.78972   39  115 6876.00000 6777.55696  1.43%  93.2 1147s
 294664 105895 6818.80020   38   52 6876.00000 6777.59178  1.43%  93.1 1151s
 295959 106249 6812.10000   43   33 6876.00000 6777.64286  1.43%  93.1 1156s
 297300 106430 6817.47676   49  174 6876.00000 6777.66667  1.43%  93.1 1160s
 298482 106975 6821.63406   45  182 6876.00000 6777.68000  1.43%  93.1 1165s
 299664 107455 6818.98674   44  242 6876.00000 6777.71348  1.43%  93.1 1170s
 301634 107968 6791.29476   41  245 6876.00000 6777.76567  1.43%  93.1 1176s
 302997 108399 6831.38889   49   44 6876.00000 6777.80047  1.43%  93.1 1180s
 304500 108930 6782.81159   55  169 6876.00000 6777.84468  1.43%  93.1 1186s
 305733 109276     cutoff   61      6876.00000 6777.89185  1.43%  93.1 1190s
 307060 109598     cutoff   55      6876.00000 6777.93136  1.43%  93.1 1196s
 308269 110003 6816.87946   47  158 6876.00000 6777.97543  1.43%  93.1 1201s
 309577 110461 6830.23823   42  171 6876.00000 6778.00000  1.43%  93.1 1205s
 311379 111072 6852.89961   47  329 6876.00000 6778.03977  1.42%  93.1 1210s
 313110 111510     cutoff   39      6876.00000 6778.10305  1.42%  93.1 1216s
 314118 111887     cutoff   41      6876.00000 6778.12882  1.42%  93.1 1220s
 316082 112264 6819.38382   53   72 6876.00000 6778.19256  1.42%  93.1 1226s
 316320 112520 6825.61993   46  181 6876.00000 6778.19446  1.42%  93.1 1230s
 317646 112973 6841.50000   43   53 6876.00000 6778.24775  1.42%  93.0 1235s
 319558 113546 infeasible   41      6876.00000 6778.29587  1.42%  93.0 1240s
 321498 114021 6800.40000   42   55 6876.00000 6778.35708  1.42%  93.0 1246s
 322655 114408 6816.43392   43  142 6876.00000 6778.39714  1.42%  93.0 1250s
 323989 114723     cutoff   52      6876.00000 6778.43984  1.42%  93.0 1255s
 324865 115124 6801.62824   53  236 6876.00000 6778.46491  1.42%  93.0 1260s
 326300 115549 6833.27778   34   53 6876.00000 6778.50826  1.42%  93.0 1265s
 328292 116098     cutoff   46      6876.00000 6778.56524  1.42%  93.0 1270s
 330127 116700 6818.19783   50  127 6876.00000 6778.63594  1.42%  93.0 1276s
 331409 116933 6811.11557   66  165 6876.00000 6778.66375  1.42%  93.0 1280s
 332853 117494 6816.61017   56  299 6876.00000 6778.70713  1.41%  93.0 1287s
 333304 117608 6827.46842   40  240 6876.00000 6778.71843  1.41%  93.0 1291s
 334357 117987 6819.50722   50  223 6876.00000 6778.75306  1.41%  93.0 1296s
 335343 118320 6779.51749   43  126 6876.00000 6778.78000  1.41%  93.0 1300s
 337403 118884 6784.72080   37  147 6876.00000 6778.81250  1.41%  93.0 1305s
 339370 119521 6779.74374   42  172 6876.00000 6778.86333  1.41%  93.0 1311s
 340623 119876 6836.20314   42  165 6876.00000 6778.91976  1.41%  93.0 1316s
 341764 120243 6840.03179   47  234 6876.00000 6778.94536  1.41%  93.0 1320s
 343559 120642 6825.00168   46  144 6876.00000 6778.99851  1.41%  93.0 1327s
 344341 121077 6818.69673   36  187 6876.00000 6779.00000  1.41%  93.0 1332s
 345710 121474 6836.09333   42  105 6876.00000 6779.00635  1.41%  93.0 1336s
 347043 121846 6804.76970   39   71 6876.00000 6779.05179  1.41%  93.0 1341s
 348201 122297 6783.70591   34  304 6876.00000 6779.06276  1.41%  93.0 1345s
 349947 122673 infeasible   42      6876.00000 6779.11042  1.41%  93.0 1350s
 351302 123225 6829.51657   43  257 6876.00000 6779.15920  1.41%  93.0 1356s
 352522 123596     cutoff   53      6876.00000 6779.19324  1.41%  93.0 1360s
 354499 123986 6818.99154   41  160 6876.00000 6779.24349  1.41%  93.0 1365s
 355962 124536 6820.59275   44  221 6876.00000 6779.27052  1.41%  93.0 1371s
 357266 124830 6783.98768   38  198 6876.00000 6779.30101  1.41%  92.9 1375s
 357835 125142     cutoff   40      6876.00000 6779.31950  1.41%  92.9 1381s
 359035 125543     cutoff   36      6876.00000 6779.34286  1.41%  92.9 1386s
 360378 125871 6815.50452   54  245 6876.00000 6779.37054  1.41%  92.9 1390s
 362081 126419     cutoff   39      6876.00000 6779.43368  1.40%  92.9 1395s
 363750 126955 6834.40864   56   58 6876.00000 6779.46333  1.40%  92.9 1401s
 365026 127237 6801.20000   29   51 6876.00000 6779.49505  1.40%  92.9 1405s
 366106 127848 6868.51111   40   77 6876.00000 6779.51723  1.40%  92.8 1410s
 367328 128267 6793.00875   50  110 6876.00000 6779.55000  1.40%  92.8 1415s
 369318 128855 6811.38770   51  153 6876.00000 6779.59860  1.40%  92.8 1421s
 370333 129218 6822.23244   34  108 6876.00000 6779.63517  1.40%  92.8 1425s
 372137 129818 6813.97540   44  212 6876.00000 6779.68421  1.40%  92.7 1431s
 373491 130198 6814.71259   47  102 6876.00000 6779.71280  1.40%  92.7 1435s
 375117 130777 6785.36399   41  231 6876.00000 6779.75687  1.40%  92.7 1442s
 376311 131150     cutoff   43      6876.00000 6779.79310  1.40%  92.7 1446s
 377613 131501 6832.74474   56  136 6876.00000 6779.83541  1.40%  92.7 1451s
 379290 132033 6783.23825   43  110 6876.00000 6779.88000  1.40%  92.7 1456s
 380431 132252 6790.75539   37  216 6876.00000 6779.91750  1.40%  92.7 1461s
 381770 132636 6813.53237   42   48 6876.00000 6779.94594  1.40%  92.7 1465s
 383700 133017     cutoff   32      6876.00000 6779.98611  1.40%  92.7 1471s
 384393 133203 6845.80071   48  182 6876.00000 6780.00000  1.40%  92.7 1476s
 384966 134116 6797.27778   39  105 6876.00000 6780.00000  1.40%  92.7 1487s
 387949 134171 6826.47463   40  271 6876.00000 6780.06213  1.40%  92.7 1490s
 388704 134618     cutoff   51      6876.00000 6780.08333  1.39%  92.7 1495s
 390837 135255     cutoff   45      6876.00000 6780.14500  1.39%  92.7 1501s
 392163 135641 6815.52100   48  193 6876.00000 6780.18320  1.39%  92.7 1506s
 393501 136045 6784.76698   43  191 6876.00000 6780.22600  1.39%  92.7 1510s
 395505 136642 6831.43478   50   93 6876.00000 6780.28000  1.39%  92.7 1515s
 397458 137181 6797.20000   53  137 6876.00000 6780.34317  1.39%  92.7 1521s
 398770 137615     cutoff   42      6876.00000 6780.38152  1.39%  92.7 1525s
 400617 138247     cutoff   41      6876.00000 6780.41084  1.39%  92.6 1531s
 401705 138672 6849.65292   42  173 6876.00000 6780.44579  1.39%  92.6 1535s
 402928 138995 6787.50000   41   71 6876.00000 6780.47857  1.39%  92.6 1540s
 404579 139320 6810.24750   52  188 6876.00000 6780.50335  1.39%  92.7 1547s
 405181 139666 6829.16812   40  162 6876.00000 6780.53376  1.39%  92.7 1551s
 405878 139801 6803.32552   57  245 6876.00000 6780.55592  1.39%  92.7 1555s
 407543 140418     cutoff   42      6876.00000 6780.60595  1.39%  92.7 1561s
 408887 140864 6781.00433   37   33 6876.00000 6780.63390  1.39%  92.7 1565s
 410326 141345 6815.07833   58  294 6876.00000 6780.66816  1.39%  92.7 1570s
 412233 141903     cutoff   35      6876.00000 6780.70833  1.39%  92.6 1575s
 413823 142426 infeasible   40      6876.00000 6780.74418  1.39%  92.6 1580s
 415721 142969 6799.92857   34  261 6876.00000 6780.79027  1.38%  92.6 1587s
 416902 143347 6865.78445   37  276 6876.00000 6780.82009  1.38%  92.6 1591s
 418195 143684 6813.16531   40  179 6876.00000 6780.85108  1.38%  92.6 1595s
 420010 144240 6810.38495   46  213 6876.00000 6780.89516  1.38%  92.6 1601s
 421314 144460 6807.10753   47  158 6876.00000 6780.92308  1.38%  92.6 1605s
 422765 145083 6795.48261   43  146 6876.00000 6780.95468  1.38%  92.6 1612s
 423994 145426 6781.89816   41  124 6876.00000 6780.99257  1.38%  92.6 1616s
 425207 145884 6802.09091   41  107 6876.00000 6781.00000  1.38%  92.6 1621s
 426509 146256     cutoff   40      6876.00000 6781.00695  1.38%  92.6 1625s
 427246 146500 6827.37358   51  139 6876.00000 6781.01434  1.38%  92.6 1630s
 429164 147062 6849.11096   40  278 6876.00000 6781.04933  1.38%  92.6 1636s
 430387 147496 6784.75022   42  284 6876.00000 6781.07606  1.38%  92.6 1641s
 431037 147529 6809.95652   45  131 6876.00000 6781.08981  1.38%  92.6 1646s
 431761 147961 6809.38703   39  200 6876.00000 6781.10901  1.38%  92.6 1651s
 432497 148143     cutoff   74      6876.00000 6781.13840  1.38%  92.6 1655s
 433809 148636 6800.64425   34  198 6876.00000 6781.16540  1.38%  92.6 1660s
 435164 148843 6810.42842   44   56 6876.00000 6781.20000  1.38%  92.6 1665s
 436532 149420     cutoff   37      6876.00000 6781.23039  1.38%  92.6 1671s
 437865 149848 6817.07695   49  164 6876.00000 6781.25643  1.38%  92.6 1675s
 439793 150482 6807.81114   52  261 6876.00000 6781.30011  1.38%  92.6 1681s
 440970 150846 6848.05331   37   92 6876.00000 6781.32142  1.38%  92.6 1685s
 442240 151164 6835.57534   41  181 6876.00000 6781.35151  1.38%  92.5 1690s
 444078 151758 6781.73690   40  170 6876.00000 6781.38880  1.38%  92.5 1695s
 445862 152331 6784.18135   42  304 6876.00000 6781.42744  1.38%  92.5 1701s
 447722 152863 6839.20543   39  256 6876.00000 6781.47050  1.37%  92.5 1706s
 448917 153133 6871.41176   53   86 6876.00000 6781.49929  1.37%  92.6 1711s
 450302 153583 6795.61733   33   63 6876.00000 6781.53059  1.37%  92.6 1716s
 451712 154096 6807.18421   49   89 6876.00000 6781.55556  1.37%  92.6 1721s
 453809 154490 infeasible   40      6876.00000 6781.61111  1.37%  92.5 1726s
 454320 154819     cutoff   41      6876.00000 6781.61983  1.37%  92.5 1731s
 455666 155224 6790.52076   41  192 6876.00000 6781.65136  1.37%  92.5 1735s
 457583 155656 6795.33876   43  196 6876.00000 6781.67872  1.37%  92.5 1741s
 458080 155991 infeasible   50      6876.00000 6781.69765  1.37%  92.5 1745s
 459983 156541     cutoff   45      6876.00000 6781.72947  1.37%  92.6 1752s
 461181 156913 6843.66547   36  153 6876.00000 6781.75556  1.37%  92.6 1755s
 462488 157190 6845.65602   42   99 6876.00000 6781.78342  1.37%  92.6 1760s
 463258 157582 infeasible   48      6876.00000 6781.80041  1.37%  92.6 1765s
 464840 157970 6792.75826   39   98 6876.00000 6781.82366  1.37%  92.6 1771s
 466270 158374     cutoff   40      6876.00000 6781.85714  1.37%  92.6 1776s
 467575 158845 6836.55700   46  210 6876.00000 6781.88877  1.37%  92.6 1780s
 469569 159359 6802.86089   47  227 6876.00000 6781.92773  1.37%  92.5 1786s
 470822 159694 6826.15533   54   62 6876.00000 6781.95605  1.37%  92.5 1790s
 472619 160174     cutoff   40      6876.00000 6781.99899  1.37%  92.6 1796s
 473927 160435 6847.43529   43  107 6876.00000 6782.01099  1.37%  92.6 1800s
 474915 160813     cutoff   43      6876.00000 6782.03172  1.37%  92.5 1806s
 476555 161093 6807.56230   39  170 6876.00000 6782.06673  1.37%  92.5 1811s
 477681 161263 6802.20755   39  136 6876.00000 6782.08517  1.37%  92.5 1815s
 478814 161650 6831.75422   60  156 6876.00000 6782.11222  1.37%  92.6 1821s
 479682 162055 6788.08477   41  123 6876.00000 6782.12500  1.37%  92.6 1826s
 481172 162353 6833.98937   41  218 6876.00000 6782.16584  1.36%  92.5 1831s
 482662 162770 6823.67608   41  305 6876.00000 6782.20491  1.36%  92.5 1835s
 484036 163103 6812.51268   57  307 6876.00000 6782.23043  1.36%  92.5 1840s
 485147 163425 infeasible   49      6876.00000 6782.25000  1.36%  92.5 1845s
 487048 163967     cutoff   53      6876.00000 6782.28922  1.36%  92.5 1851s
 488953 164573     cutoff   55      6876.00000 6782.33333  1.36%  92.6 1856s
 489970 164902 6783.85710   37  316 6876.00000 6782.34822  1.36%  92.6 1860s
 491936 165527     cutoff   41      6876.00000 6782.38582  1.36%  92.5 1866s
 493185 165895     cutoff   47      6876.00000 6782.41462  1.36%  92.5 1870s
 494966 166279 infeasible   45      6876.00000 6782.44318  1.36%  92.5 1876s
 496075 166572     cutoff   54      6876.00000 6782.46618  1.36%  92.5 1880s
 497833 167089     cutoff   55      6876.00000 6782.50000  1.36%  92.5 1887s
 498459 167259 6811.13826   40  206 6876.00000 6782.51774  1.36%  92.5 1890s
 499667 167593     cutoff   45      6876.00000 6782.53333  1.36%  92.5 1895s
 501665 168132 6807.12450   53  335 6876.00000 6782.58501  1.36%  92.5 1901s
 502143 168239 6817.89972   46  124 6876.00000 6782.59178  1.36%  92.5 1905s
 503438 168739 6829.54066   40  216 6876.00000 6782.61977  1.36%  92.5 1911s
 504853 169206 infeasible   56      6876.00000 6782.65202  1.36%  92.5 1916s
 506364 169690 6803.88528   47  162 6876.00000 6782.68446  1.36%  92.5 1921s
 507637 170047 infeasible   32      6876.00000 6782.70968  1.36%  92.5 1925s
 508758 170390 6793.28036   33  105 6876.00000 6782.73592  1.36%  92.5 1930s
 510610 171030     cutoff   43      6876.00000 6782.76181  1.36%  92.5 1936s
 512079 171256     cutoff   37      6876.00000 6782.78581  1.36%  92.5 1940s
 512846 171627     cutoff   54      6876.00000 6782.79981  1.36%  92.5 1945s
 514205 172087 6828.04146   30  228 6876.00000 6782.81286  1.36%  92.5 1950s
 515459 172335 6798.73676   45  128 6876.00000 6782.84090  1.35%  92.5 1956s
 516398 172728 6784.04049   39  237 6876.00000 6782.85938  1.35%  92.5 1960s
 518486 173360 6793.33500   42   75 6876.00000 6782.90000  1.35%  92.5 1966s
 519762 173778 6841.60652   40  116 6876.00000 6782.92114  1.35%  92.5 1970s
 521627 174290 6816.69209   56  281 6876.00000 6782.95474  1.35%  92.5 1975s
 523479 174592 6814.94376   46  319 6876.00000 6783.00000  1.35%  92.5 1981s
 524039 174914 6818.23424   50  224 6876.00000 6783.00371  1.35%  92.5 1985s
 525276 175219     cutoff   51      6876.00000 6783.02579  1.35%  92.5 1990s
 527132 175729     cutoff   53      6876.00000 6783.06122  1.35%  92.5 1996s
 528460 176020 6802.43048   55  160 6876.00000 6783.08692  1.35%  92.5 2000s
 529308 176202 6806.12418   31  275 6876.00000 6783.10744  1.35%  92.5 2006s
 530542 176511 6811.75212   48  236 6876.00000 6783.12748  1.35%  92.5 2011s
 531846 176750 6802.24734   46  238 6876.00000 6783.16100  1.35%  92.5 2016s
 532835 177092 6816.40358   48  181 6876.00000 6783.17391  1.35%  92.6 2021s
 534204 177649     cutoff   51      6876.00000 6783.19136  1.35%  92.6 2025s
 536001 178112 6807.86051   47  247 6876.00000 6783.21799  1.35%  92.5 2030s
 537300 178382     cutoff   46      6876.00000 6783.24385  1.35%  92.5 2035s
 539244 178936 6849.37896   47  185 6876.00000 6783.27546  1.35%  92.5 2041s
 540466 179212 6853.35910   44  218 6876.00000 6783.29627  1.35%  92.5 2046s
 541425 179462 6829.10002   43  275 6876.00000 6783.32050  1.35%  92.5 2050s
 543318 180012 6839.88393   49   82 6876.00000 6783.36883  1.35%  92.5 2056s
 545224 180422 6784.47317   34  198 6876.00000 6783.40903  1.35%  92.5 2062s
 545805 180663 6831.27971   50  267 6876.00000 6783.42055  1.35%  92.5 2066s
 546708 180924 6841.47539   60   93 6876.00000 6783.43834  1.35%  92.5 2071s
 548053 181268 6788.58764   35  182 6876.00000 6783.46790  1.35%  92.5 2075s
 549225 181626 6834.94444   47  165 6876.00000 6783.48482  1.35%  92.5 2080s
 551163 182288 infeasible   45      6876.00000 6783.52437  1.34%  92.6 2087s
 552337 182668 6831.84199   65  107 6876.00000 6783.54795  1.34%  92.5 2091s
 553554 182968 6790.31037   54  220 6876.00000 6783.57800  1.34%  92.5 2096s
 554836 183093     cutoff   47      6876.00000 6783.59972  1.34%  92.5 2101s
 555010 183269 6793.51711   47   89 6876.00000 6783.60414  1.34%  92.5 2106s
 556253 183609 6820.61717   38  110 6876.00000 6783.63454  1.34%  92.5 2112s
 557293 183802 6792.91000   44   15 6876.00000 6783.65459  1.34%  92.5 2116s
 558461 184170 6788.97623   51  274 6876.00000 6783.67647  1.34%  92.5 2121s
 559856 184483     cutoff   59      6876.00000 6783.69792  1.34%  92.5 2125s
 561096 184713 6842.75667   43   45 6876.00000 6783.72216  1.34%  92.6 2130s
 562111 185046 6783.75178   41  354 6876.00000 6783.74760  1.34%  92.6 2135s
 563403 185415     cutoff   71      6876.00000 6783.77273  1.34%  92.6 2140s
 564633 185793     cutoff   53      6876.00000 6783.79245  1.34%  92.6 2146s
 565666 186092 6832.37622   47  285 6876.00000 6783.82026  1.34%  92.6 2151s
 567093 186370 6811.32859   55  107 6876.00000 6783.85569  1.34%  92.6 2155s
 568501 186735 6843.90797   49   74 6876.00000 6783.87584  1.34%  92.6 2160s
 569796 187108 6784.25389   38  235 6876.00000 6783.90714  1.34%  92.6 2165s
 571705 187643     cutoff   49      6876.00000 6783.95112  1.34%  92.6 2171s
 572747 188013 6828.32479   49  241 6876.00000 6783.96969  1.34%  92.6 2176s
 574060 188293 infeasible   52      6876.00000 6783.99895  1.34%  92.6 2180s
 575143 188447 6787.17900   43   97 6876.00000 6784.00000  1.34%  92.6 2185s
 576048 188727 6787.15867   37   92 6876.00000 6784.00000  1.34%  92.6 2190s
 577324 189011     cutoff   47      6876.00000 6784.00000  1.34%  92.6 2195s
 578006 189495 6813.28808   35  217 6876.00000 6784.00000  1.34%  92.6 2201s
 579520 189978 6802.15000   35   39 6876.00000 6784.00000  1.34%  92.6 2205s
 581540 190479 6814.65213   39  172 6876.00000 6784.00658  1.34%  92.6 2212s
 582770 190751 6793.00948   44  222 6876.00000 6784.02495  1.34%  92.7 2216s
 583395 190756     cutoff   44      6876.00000 6784.03924  1.34%  92.7 2220s
 583478 190948 6815.87563   38  241 6876.00000 6784.03924  1.34%  92.7 2225s
 585387 191383 6811.86649   40  285 6876.00000 6784.07391  1.34%  92.7 2232s
 586687 191661 6824.27004   57  279 6876.00000 6784.09620  1.34%  92.7 2236s
 587813 192017 6810.67568   53  116 6876.00000 6784.11519  1.34%  92.7 2240s
 589795 192382 infeasible   42      6876.00000 6784.15091  1.34%  92.7 2246s
 591087 192726 6810.42857   37  166 6876.00000 6784.18636  1.34%  92.7 2250s
 593001 193217 6807.82353   41  131 6876.00000 6784.21318  1.33%  92.7 2256s
 594088 193630 6812.11357   36  258 6876.00000 6784.22333  1.33%  92.7 2260s
 595888 194126     cutoff   46      6876.00000 6784.25952  1.33%  92.7 2266s
 597688 194566 infeasible   43      6876.00000 6784.28802  1.33%  92.7 2271s
 598848 194851 6800.42617   45  188 6876.00000 6784.30912  1.33%  92.7 2276s
 600134 194996 6835.65887   46  282 6876.00000 6784.33329  1.33%  92.7 2281s
 600957 195295     cutoff   37      6876.00000 6784.34815  1.33%  92.7 2286s
 602005 195666 6788.37127   47  211 6876.00000 6784.36240  1.33%  92.7 2290s
 603952 196129     cutoff   40      6876.00000 6784.40350  1.33%  92.7 2296s
 605736 196506 6814.59079   53  186 6876.00000 6784.44734  1.33%  92.7 2301s
 607013 196824 6797.64012   41  152 6876.00000 6784.47990  1.33%  92.7 2305s
 608668 197275 6813.35673   52   95 6876.00000 6784.50653  1.33%  92.7 2311s
 610005 197658 6792.46260   44  259 6876.00000 6784.53434  1.33%  92.7 2316s
 611175 197955     cutoff   52      6876.00000 6784.55917  1.33%  92.7 2320s
 612891 198472 infeasible   51      6876.00000 6784.59859  1.33%  92.7 2326s
 613746 198653 6806.80775   35  148 6876.00000 6784.61447  1.33%  92.7 2331s
 614898 198954 6792.90244   42   79 6876.00000 6784.63873  1.33%  92.7 2336s
 616216 199163 6829.04795   41  101 6876.00000 6784.66458  1.33%  92.7 2340s
 617683 199519     cutoff   42      6876.00000 6784.69042  1.33%  92.7 2347s
 619028 199817 6813.29971   55  323 6876.00000 6784.71147  1.33%  92.7 2351s
 620243 200026     cutoff   40      6876.00000 6784.73453  1.33%  92.7 2355s
 622226 200492 6826.09061   40  203 6876.00000 6784.77899  1.33%  92.8 2361s
 623463 200764 6818.74805   46  273 6876.00000 6784.80998  1.33%  92.8 2365s
 624730 201028 6827.55841   48  148 6876.00000 6784.82991  1.33%  92.8 2370s
 626646 201516 6820.32146   54  245 6876.00000 6784.86312  1.33%  92.8 2376s
 627871 201819 6820.24880   47  199 6876.00000 6784.88889  1.33%  92.8 2381s
 628745 202009 6858.43225   40  118 6876.00000 6784.90178  1.32%  92.8 2385s
 630970 202492 6820.70726   36  101 6876.00000 6784.94845  1.32%  92.8 2392s
 632047 202801     cutoff   41      6876.00000 6784.97189  1.32%  92.8 2396s
 633277 203175 infeasible   47      6876.00000 6785.00000  1.32%  92.8 2400s
 634667 203481 6851.15413   39  268 6876.00000 6785.01899  1.32%  92.8 2405s
 636551 203884 6790.98782   32  250 6876.00000 6785.05632  1.32%  92.8 2411s
 637655 204161 6793.65217   39  136 6876.00000 6785.08000  1.32%  92.8 2415s
 638329 204160 6835.01936   45  127 6876.00000 6785.09157  1.32%  92.7 2420s
 638518 204360     cutoff   53      6876.00000 6785.09239  1.32%  92.7 2426s
 639788 204827 6823.43234   41  141 6876.00000 6785.12146  1.32%  92.7 2431s
 640863 205141 6805.94112   42  170 6876.00000 6785.13612  1.32%  92.7 2437s
 642671 205533 infeasible   46      6876.00000 6785.17447  1.32%  92.7 2442s
 643456 205719 6851.12111   45   71 6876.00000 6785.19182  1.32%  92.7 2446s
 644732 206023 6839.98908   52  180 6876.00000 6785.21429  1.32%  92.7 2450s
 646844 206544 6835.41111   42  229 6876.00000 6785.25382  1.32%  92.7 2456s
 648116 207008 6788.41626   41  241 6876.00000 6785.27690  1.32%  92.7 2460s
 650166 207556 6842.32285   50   83 6876.00000 6785.29982  1.32%  92.7 2467s
 651482 207994     cutoff   55      6876.00000 6785.31818  1.32%  92.7 2472s
 652689 208366 6814.69588   38  217 6876.00000 6785.33862  1.32%  92.7 2475s
 654461 208867     cutoff   66      6876.00000 6785.36089  1.32%  92.7 2481s
 655924 209241 6828.11973   65  257 6876.00000 6785.38509  1.32%  92.7 2485s
 657862 209615 6806.04262   50  287 6876.00000 6785.41071  1.32%  92.7 2491s
 658818 209937     cutoff   47      6876.00000 6785.43000  1.32%  92.7 2496s
 660234 210296 6821.44557   33  169 6876.00000 6785.45669  1.32%  92.7 2500s
 662111 210769 6788.59653   38  193 6876.00000 6785.49947  1.32%  92.7 2506s
 663220 211043 6832.82740   49  113 6876.00000 6785.51352  1.32%  92.7 2510s
 664959 211574     cutoff   40      6876.00000 6785.54958  1.32%  92.7 2516s
 666006 211870 6790.24713   46  204 6876.00000 6785.57089  1.32%  92.7 2521s
 667261 212112 6818.23948   51  230 6876.00000 6785.59753  1.31%  92.7 2525s
 668928 212573 6801.35534   35  149 6876.00000 6785.61972  1.31%  92.7 2530s
 670857 213047 6853.11667   41  100 6876.00000 6785.66665  1.31%  92.7 2536s
 671922 213326 6811.49135   40  159 6876.00000 6785.68559  1.31%  92.7 2541s
 672879 213593 6838.24500   56   84 6876.00000 6785.69890  1.31%  92.7 2545s
 674098 213929 6797.83500   40  178 6876.00000 6785.71742  1.31%  92.8 2550s
 676020 214323 6788.36672   34  222 6876.00000 6785.75805  1.31%  92.8 2556s
 677350 214585 infeasible   52      6876.00000 6785.78731  1.31%  92.8 2560s
 679318 214955 6853.23996   38  107 6876.00000 6785.82870  1.31%  92.8 2566s
 680210 215261 6816.88095   51  150 6876.00000 6785.84355  1.31%  92.8 2570s
 682425 215723 6793.94580   43   85 6876.00000 6785.88766  1.31%  92.8 2576s
 683366 215904 6808.45496   42  170 6876.00000 6785.90000  1.31%  92.8 2581s
 684643 216179 6814.61117   42  295 6876.00000 6785.93571  1.31%  92.8 2585s
 686769 216880     cutoff   28      6876.00000 6785.97802  1.31%  92.8 2591s
 688078 217094 6823.23824   53  224 6876.00000 6786.00000  1.31%  92.8 2596s
 689769 217452 6790.50000   37  134 6876.00000 6786.03715  1.31%  92.8 2601s
 691072 217710 6793.84292   48  269 6876.00000 6786.06160  1.31%  92.8 2605s
 692265 218037 6786.55147   33   99 6876.00000 6786.08493  1.31%  92.8 2610s
 694407 218447     cutoff   49      6876.00000 6786.12500  1.31%  92.8 2616s
 695638 218723 6831.59915   35  210 6876.00000 6786.15408  1.31%  92.8 2620s
 697415 219101 6813.59156   34  233 6876.00000 6786.18330  1.31%  92.8 2626s
 698740 219451 6822.32660   40  257 6876.00000 6786.20487  1.31%  92.8 2630s
 700426 219861 6835.03902   40  175 6876.00000 6786.23712  1.31%  92.8 2636s
 701597 220188     cutoff   46      6876.00000 6786.25347  1.31%  92.8 2640s
 703343 220557 6820.65170   39  339 6876.00000 6786.28370  1.30%  92.8 2645s
 704550 220920 6847.77264   45  194 6876.00000 6786.30116  1.30%  92.8 2651s
 705880 221195 6804.06782   39  152 6876.00000 6786.32568  1.30%  92.8 2655s
 706834 221414 6790.22346   44   27 6876.00000 6786.34163  1.30%  92.8 2660s
 707654 221681 6826.71005   42  199 6876.00000 6786.35288  1.30%  92.8 2665s
 709093 221995 6801.24439   40  271 6876.00000 6786.38182  1.30%  92.8 2670s
 710494 222380 6810.92085   42  150 6876.00000 6786.40000  1.30%  92.8 2675s
 712142 222754     cutoff   39      6876.00000 6786.42986  1.30%  92.8 2682s
 713460 223056     cutoff   49      6876.00000 6786.45682  1.30%  92.8 2686s
 715511 223527 6819.06961   44  105 6876.00000 6786.50000  1.30%  92.8 2692s
 716785 223833 6792.12156   29  158 6876.00000 6786.52000  1.30%  92.8 2696s
 718087 224094     cutoff   36      6876.00000 6786.54624  1.30%  92.8 2701s
 719157 224336     cutoff   54      6876.00000 6786.55860  1.30%  92.8 2705s
 720397 224615 6806.09494   43  263 6876.00000 6786.57817  1.30%  92.8 2710s
 722220 225051     cutoff   42      6876.00000 6786.60483  1.30%  92.8 2716s
 723982 225510 6840.25711   63  108 6876.00000 6786.63000  1.30%  92.8 2721s
 725227 225839 6810.15157   55  260 6876.00000 6786.64286  1.30%  92.8 2725s
 727054 226197 infeasible   37      6876.00000 6786.67037  1.30%  92.8 2732s
 728081 226572     cutoff   44      6876.00000 6786.69405  1.30%  92.8 2736s
 729488 226886 6852.01358   36  161 6876.00000 6786.71618  1.30%  92.8 2741s
 730842 227205 6793.09230   48  170 6876.00000 6786.73969  1.30%  92.8 2745s
 732601 227582 6807.66667   41  134 6876.00000 6786.78333  1.30%  92.8 2750s
 733260 227705 6843.94118   43  111 6876.00000 6786.79663  1.30%  92.8 2755s
 734354 227991 infeasible   47      6876.00000 6786.80000  1.30%  92.8 2760s
 736320 228484     cutoff   43      6876.00000 6786.84211  1.30%  92.8 2766s
 737659 228778     cutoff   38      6876.00000 6786.86368  1.30%  92.8 2771s
 738882 229035 6808.88889   41   48 6876.00000 6786.88782  1.30%  92.8 2775s
 740634 229571 6790.32932   48  258 6876.00000 6786.92622  1.30%  92.8 2781s
 741963 229893 6787.86500   47   13 6876.00000 6786.94766  1.30%  92.8 2785s
 743824 230333 6808.25304   41  114 6876.00000 6786.97489  1.29%  92.8 2791s
 744941 230503 6789.74077   40  123 6876.00000 6786.99624  1.29%  92.8 2795s
 746323 230686 6847.47703   39  242 6876.00000 6787.00000  1.29%  92.9 2800s
 747755 231205 6821.39786   44  207 6876.00000 6787.00000  1.29%  92.9 2807s
 749031 231535 6787.80525   43  229 6876.00000 6787.00000  1.29%  92.9 2811s
 750304 231740 6787.48922   41  201 6876.00000 6787.01000  1.29%  92.9 2817s
 750314 231746 6787.73275   42  205 6876.00000 6787.01000  1.29%  92.9 2820s
 750900 231940 6827.22389   64  236 6876.00000 6787.01000  1.29%  92.9 2827s
 752070 232251 6860.04793   45   28 6876.00000 6787.03509  1.29%  92.9 2831s
 753581 232523 6811.18887   37  189 6876.00000 6787.05968  1.29%  92.9 2836s
 754961 232835 6827.61441   49   92 6876.00000 6787.08602  1.29%  92.9 2840s
 756825 233267 6803.79073   40  241 6876.00000 6787.11485  1.29%  92.9 2846s
 758024 233507 6792.44016   53  171 6876.00000 6787.13534  1.29%  92.9 2850s
 759778 233993 6806.45088   49  143 6876.00000 6787.16752  1.29%  92.9 2856s
 761178 234287 6812.60792   63  247 6876.00000 6787.18592  1.29%  92.9 2860s
 762953 234820 6790.10105   40  189 6876.00000 6787.20687  1.29%  92.9 2866s
 764282 235178 6819.55822   53  242 6876.00000 6787.22839  1.29%  92.9 2870s
 765455 235551 6848.56642   44   61 6876.00000 6787.24713  1.29%  92.9 2875s
 767128 235885 6840.84879   43   74 6876.00000 6787.26908  1.29%  92.9 2882s
 768442 236237 infeasible   46      6876.00000 6787.29909  1.29%  92.9 2886s
 769764 236484     cutoff   35      6876.00000 6787.31822  1.29%  92.9 2890s
 771726 236877 6832.94363   52  162 6876.00000 6787.35417  1.29%  92.9 2896s
 773500 237316     cutoff   40      6876.00000 6787.37838  1.29%  92.9 2901s
 774746 237556 6837.83216   37  108 6876.00000 6787.39861  1.29%  92.9 2905s
 776398 237954 6801.86383   38  141 6876.00000 6787.42322  1.29%  92.9 2911s
 777655 238220 6790.43642   39  288 6876.00000 6787.44375  1.29%  92.9 2915s
 778947 238444     cutoff   43      6876.00000 6787.46219  1.29%  92.9 2920s
 780446 238818 infeasible   54      6876.00000 6787.48616  1.29%  92.9 2926s
 781765 239168     cutoff   42      6876.00000 6787.50000  1.29%  92.9 2930s
 782914 239411 6842.96446   48  153 6876.00000 6787.51672  1.29%  92.9 2935s
 784245 239696 6817.99228   50   77 6876.00000 6787.53333  1.29%  92.9 2940s
 785645 240036     cutoff   36      6876.00000 6787.55556  1.29%  92.9 2945s
 786725 240190 infeasible   52      6876.00000 6787.57000  1.29%  92.9 2950s
 788559 240640 6793.19800   41   84 6876.00000 6787.60262  1.29%  92.9 2956s
 789863 240871     cutoff   43      6876.00000 6787.61862  1.29%  92.9 2960s
 791674 241186 infeasible   50      6876.00000 6787.64791  1.28%  92.9 2965s
 793395 241646 6812.21498   37  270 6876.00000 6787.67197  1.28%  92.9 2971s
 794700 241943 6817.13568   42  223 6876.00000 6787.69202  1.28%  92.9 2975s
 795951 242160 6823.11096   53  233 6876.00000 6787.70889  1.28%  92.9 2980s
 796452 242313 infeasible   54      6876.00000 6787.71217  1.28%  92.9 2985s
 798571 242808 6795.95431   41  137 6876.00000 6787.74778  1.28%  92.9 2992s
 800004 243164 6818.19500   36  221 6876.00000 6787.77206  1.28%  92.9 2996s
 801430 243433 6832.31490   41  292 6876.00000 6787.79263  1.28%  92.9 3000s
 802604 243691 6836.19028   46   98 6876.00000 6787.81150  1.28%  92.9 3005s
 804056 244025 6830.63436   47  141 6876.00000 6787.83955  1.28%  92.9 3010s
 805135 244220 6805.51673   49  239 6876.00000 6787.85688  1.28%  92.9 3015s
 807237 244769     cutoff   49      6876.00000 6787.89123  1.28%  92.9 3020s
 809032 245063 6817.40245   47  182 6876.00000 6787.92375  1.28%  92.9 3026s
 810204 245358 6807.77914   45  271 6876.00000 6787.94469  1.28%  92.9 3031s
 811536 245593     cutoff   42      6876.00000 6787.96445  1.28%  92.9 3036s
 812733 245818 6850.06418   61   78 6876.00000 6787.98398  1.28%  92.9 3040s
 814018 245991 6792.65104   37  191 6876.00000 6788.00000  1.28%  92.9 3045s
 815131 246513 6798.17493   53  245 6876.00000 6788.00000  1.28%  92.9 3051s
 816455 246867 6836.50228   50  262 6876.00000 6788.00000  1.28%  92.9 3056s
 817788 247309 6859.26111   34   82 6876.00000 6788.00000  1.28%  92.9 3060s
 819695 247871 6815.07000   47  110 6876.00000 6788.00000  1.28%  92.9 3066s
 821171 248293     cutoff   67      6876.00000 6788.00000  1.28%  92.9 3070s
 823068 248845     cutoff   43      6876.00000 6788.00000  1.28%  92.9 3075s
 824678 249448     cutoff   45      6876.00000 6788.00000  1.28%  92.8 3080s
 826355 249972     cutoff   58      6876.00000 6788.00000  1.28%  92.8 3086s
 827666 250286     cutoff   40      6876.00000 6788.00013  1.28%  92.8 3090s
 829307 250614 6808.67419   36  153 6876.00000 6788.01707  1.28%  92.8 3095s
 831070 251133 6791.83378   48  112 6876.00000 6788.03409  1.28%  92.8 3101s
 832288 251378     cutoff   40      6876.00000 6788.05177  1.28%  92.8 3105s
 833941 251736 6829.12273   39   89 6876.00000 6788.06696  1.28%  92.8 3111s
 835318 251980 6845.78181   40  166 6876.00000 6788.08825  1.28%  92.8 3115s
 836764 252224 6800.97185   52  175 6876.00000 6788.10997  1.28%  92.8 3121s
 837720 252537 6859.00733   42  171 6876.00000 6788.12140  1.28%  92.8 3125s
 839206 252744 6834.41680   47  112 6876.00000 6788.13660  1.28%  92.8 3130s
 840486 253145 6800.50385   46  285 6876.00000 6788.16071  1.28%  92.8 3136s
 841913 253394 6804.65373   48   98 6876.00000 6788.18568  1.28%  92.8 3140s
 844062 253984 6802.85321   43  248 6876.00000 6788.21220  1.28%  92.8 3146s
 845016 254199 6791.90647   44  120 6876.00000 6788.22393  1.28%  92.8 3150s
 846961 254640 6817.69000   46  117 6876.00000 6788.24935  1.28%  92.8 3157s
 848280 255035 6814.89559   49  242 6876.00000 6788.26891  1.28%  92.8 3161s
 849428 255341 6806.66667   37   79 6876.00000 6788.28000  1.28%  92.8 3165s
 851269 255629 6802.80501   59  214 6876.00000 6788.29843  1.28%  92.8 3170s
 852481 256133     cutoff   47      6876.00000 6788.31099  1.28%  92.8 3176s
 853951 256451     cutoff   40      6876.00000 6788.32731  1.28%  92.8 3180s
 855296 256774     cutoff   42      6876.00000 6788.34559  1.27%  92.8 3185s
 857211 257161     cutoff   34      6876.00000 6788.36790  1.27%  92.8 3191s
 858346 257511 6835.79167   34   99 6876.00000 6788.38254  1.27%  92.8 3196s
 860154 257953     cutoff   41      6876.00000 6788.40296  1.27%  92.8 3201s
 861448 258174 6802.25144   50  296 6876.00000 6788.42654  1.27%  92.8 3205s
 862606 258430 6809.31941   43  286 6876.00000 6788.43750  1.27%  92.8 3211s
 863861 258741 6828.23270   52  213 6876.00000 6788.46500  1.27%  92.8 3216s
 865335 258978     cutoff   49      6876.00000 6788.48507  1.27%  92.8 3220s
 866618 259354 6802.18889   48  118 6876.00000 6788.50000  1.27%  92.8 3225s
 868609 259776 6817.40000   42   46 6876.00000 6788.52500  1.27%  92.8 3231s
 869824 260012 6836.65488   42  130 6876.00000 6788.54446  1.27%  92.8 3235s
 871805 260379 6830.77290   48  121 6876.00000 6788.57619  1.27%  92.8 3242s
 872964 260665 6801.28141   39  196 6876.00000 6788.59667  1.27%  92.8 3246s
 874025 260926 6805.35536   46  104 6876.00000 6788.61053  1.27%  92.8 3251s
 874873 261133 6826.96099   40  194 6876.00000 6788.62297  1.27%  92.8 3256s
 876272 261389 6807.34150   49  252 6876.00000 6788.64447  1.27%  92.8 3260s
 878438 261881 6794.25002   37  174 6876.00000 6788.67795  1.27%  92.8 3267s
 879796 262186 infeasible   50      6876.00000 6788.69964  1.27%  92.8 3271s
 880499 262195 6793.33349   51  167 6876.00000 6788.70712  1.27%  92.8 3276s
 880514 262305 6793.69436   53  173 6876.00000 6788.70712  1.27%  92.8 3280s
 882294 262737     cutoff   48      6876.00000 6788.73635  1.27%  92.8 3286s
 883654 263035 6802.10919   28   71 6876.00000 6788.75043  1.27%  92.8 3290s
 885468 263379     cutoff   43      6876.00000 6788.77447  1.27%  92.8 3297s
 886964 263779     cutoff   45      6876.00000 6788.79420  1.27%  92.8 3302s
 888439 263984 6813.23986   50  186 6876.00000 6788.80297  1.27%  92.8 3306s
 889272 264226 infeasible   44      6876.00000 6788.81313  1.27%  92.8 3311s
 890547 264536 6814.21500   37  213 6876.00000 6788.82850  1.27%  92.8 3315s
 892408 264899 6847.60731   43  207 6876.00000 6788.85147  1.27%  92.8 3320s
 894319 265207     cutoff   47      6876.00000 6788.87781  1.27%  92.8 3326s
 895568 265451 6832.83575   48  229 6876.00000 6788.90384  1.27%  92.8 3330s
 897334 265858     cutoff   46      6876.00000 6788.92955  1.27%  92.8 3336s
 898537 266116 6791.47195   37  265 6876.00000 6788.94182  1.27%  92.8 3341s
 899819 266334 6858.55684   50  242 6876.00000 6788.95833  1.27%  92.8 3345s
 901461 266665 6827.79481   44  178 6876.00000 6788.98167  1.27%  92.8 3351s
 902938 267020 6789.02950   36   63 6876.00000 6789.00000  1.27%  92.8 3355s
 904961 267524 6797.79651   43  183 6876.00000 6789.01000  1.27%  92.8 3361s
 906378 267965     cutoff   50      6876.00000 6789.02502  1.26%  92.8 3365s
 907656 268226 6846.55000   47  130 6876.00000 6789.03433  1.26%  92.7 3370s
 909619 268561 6821.64537   49  239 6876.00000 6789.06360  1.26%  92.7 3376s
 910548 268739 6801.76974   32  115 6876.00000 6789.07409  1.26%  92.7 3380s
 912473 269132 6814.66972   47  129 6876.00000 6789.10020  1.26%  92.7 3386s
 913734 269379 infeasible   43      6876.00000 6789.11984  1.26%  92.7 3390s
 915466 269710 6809.69515   47  211 6876.00000 6789.13903  1.26%  92.7 3396s
 916991 270031 6798.49064   47  147 6876.00000 6789.15412  1.26%  92.7 3400s
 918797 270419 6798.86107   46  174 6876.00000 6789.17500  1.26%  92.7 3406s
 920051 270678 6795.95862   38  245 6876.00000 6789.19596  1.26%  92.7 3410s
 921791 271095 6842.11836   55  309 6876.00000 6789.21268  1.26%  92.7 3415s
 923134 271264 6821.90643   49  185 6876.00000 6789.22855  1.26%  92.7 3420s
 924136 271622 6811.96421   37  213 6876.00000 6789.24273  1.26%  92.7 3425s
 926228 272223     cutoff   42      6876.00000 6789.26820  1.26%  92.7 3431s
 927726 272605 6840.96222   45   82 6876.00000 6789.28000  1.26%  92.6 3435s
 929379 273137 6790.52500   35  146 6876.00000 6789.28889  1.26%  92.6 3441s
 931366 273561     cutoff   37      6876.00000 6789.31000  1.26%  92.6 3446s
 932639 273731     cutoff   37      6876.00000 6789.31420  1.26%  92.6 3451s
 933395 274027 6818.83201   42  131 6876.00000 6789.33000  1.26%  92.6 3455s
 935400 274575     cutoff   39      6876.00000 6789.33953  1.26%  92.6 3461s
 936741 274857 6812.70805   48  164 6876.00000 6789.35511  1.26%  92.6 3466s
 938666 275275 6836.84821   48  256 6876.00000 6789.38740  1.26%  92.6 3470s
 940428 275686 infeasible   44      6876.00000 6789.41071  1.26%  92.6 3476s
 942253 275964 6825.69739   48  175 6876.00000 6789.43762  1.26%  92.6 3481s
 943398 276175 6797.60162   42  125 6876.00000 6789.45682  1.26%  92.6 3485s
 944823 276559 6829.79529   57   41 6876.00000 6789.47619  1.26%  92.6 3491s
 945890 276759 6806.89678   43  184 6876.00000 6789.49118  1.26%  92.6 3495s
 947967 277217 6835.91250   44  272 6876.00000 6789.50202  1.26%  92.6 3501s
 949310 277530     cutoff   56      6876.00000 6789.52190  1.26%  92.6 3505s
 951081 277899 6831.64251   43  270 6876.00000 6789.54171  1.26%  92.6 3511s
 952090 278032 6801.55791   44  129 6876.00000 6789.55762  1.26%  92.6 3515s
 953459 278471     cutoff   45      6876.00000 6789.56863  1.26%  92.6 3521s
 954716 278723 6812.58616   34   90 6876.00000 6789.58520  1.26%  92.6 3526s
 956298 278907 6815.05388   37  149 6876.00000 6789.59503  1.26%  92.6 3530s
 957896 279287 6818.00227   37  252 6876.00000 6789.62339  1.26%  92.6 3536s
 959120 279529     cutoff   37      6876.00000 6789.63795  1.26%  92.6 3540s
 960383 279822 6826.77947   46  218 6876.00000 6789.65476  1.26%  92.6 3545s
 962442 280255 6810.99539   41  188 6876.00000 6789.67619  1.26%  92.6 3551s
 963362 280409 6806.31162   41  107 6876.00000 6789.68639  1.26%  92.6 3555s
 965206 280807 6799.17992   39  210 6876.00000 6789.71367  1.25%  92.6 3561s
 966549 281062 6821.16133   48  322 6876.00000 6789.72503  1.25%  92.6 3565s
 967636 281317 6799.38000   42  141 6876.00000 6789.73792  1.25%  92.6 3570s
 969523 281798 infeasible   35      6876.00000 6789.76416  1.25%  92.6 3576s
 970684 282050 6820.17190   46  104 6876.00000 6789.78015  1.25%  92.6 3581s
 971848 282331 infeasible   56      6876.00000 6789.79296  1.25%  92.6 3585s
 973946 282869     cutoff   47      6876.00000 6789.81423  1.25%  92.6 3590s
 975808 283119 6812.74912   44  230 6876.00000 6789.83558  1.25%  92.5 3596s
 976034 283345 6813.13781   46  233 6876.00000 6789.83774  1.25%  92.5 3600s
 977340 283609 6791.69600   40   27 6876.00000 6789.86000  1.25%  92.6 3605s
 978064 283829     cutoff   40      6876.00000 6789.86806  1.25%  92.6 3610s
 980446 284352 6803.04471   51   78 6876.00000 6789.90000  1.25%  92.5 3616s
 982520 284686 infeasible   49      6876.00000 6789.92276  1.25%  92.5 3621s
 983424 284925 6840.16042   37  142 6876.00000 6789.93519  1.25%  92.5 3625s
 985262 285281 6805.49000   34  122 6876.00000 6789.96212  1.25%  92.5 3631s
 986562 285510 6800.58130   41   92 6876.00000 6789.98400  1.25%  92.5 3636s
 987800 285759 6813.33925   55  312 6876.00000 6790.00000  1.25%  92.6 3640s
 989096 286169 6802.87651   63  209 6876.00000 6790.00161  1.25%  92.5 3645s
 990921 286510     cutoff   35      6876.00000 6790.02373  1.25%  92.5 3650s
 992906 286790 6815.13182   43  163 6876.00000 6790.05654  1.25%  92.5 3656s
 993943 287058 6831.34788   60  106 6876.00000 6790.06897  1.25%  92.5 3660s
 995801 287507 6845.70008   63   60 6876.00000 6790.09145  1.25%  92.5 3666s
 997026 287713 6790.72615   43   30 6876.00000 6790.11111  1.25%  92.5 3670s
 998524 287943 6841.21215   33  247 6876.00000 6790.12514  1.25%  92.5 3677s
 998539 287948 6853.75555   35  210 6876.00000 6790.12514  1.25%  92.5 3681s
 998801 288172 6803.31172   41  140 6876.00000 6790.12514  1.25%  92.5 3685s
 999984 288435 6849.29053   46   72 6876.00000 6790.14674  1.25%  92.5 3690s
 1002180 288902 6799.72879   35  217 6876.00000 6790.17816  1.25%  92.6 3696s
 1003444 289154 6831.92112   47  195 6876.00000 6790.19048  1.25%  92.5 3700s
 1005059 289543     cutoff   44      6876.00000 6790.20833  1.25%  92.5 3706s
 1006286 289774     cutoff   35      6876.00000 6790.22443  1.25%  92.6 3710s
 1008032 290072 6862.77500   41  110 6876.00000 6790.24208  1.25%  92.6 3715s
 1009356 290392 infeasible   39      6876.00000 6790.25878  1.25%  92.6 3721s
 1010750 290675     cutoff   44      6876.00000 6790.28058  1.25%  92.6 3725s
 1012670 290925 6821.15193   40  169 6876.00000 6790.30571  1.25%  92.5 3732s
 1013978 291128 6822.83694   46  150 6876.00000 6790.32711  1.25%  92.6 3736s
 1015584 291543     cutoff   56      6876.00000 6790.35000  1.25%  92.6 3741s
 1016938 291845 6793.76097   37  199 6876.00000 6790.36742  1.25%  92.6 3745s
 1018231 292122 6817.04365   50  141 6876.00000 6790.37636  1.25%  92.6 3750s
 1019972 292567 6798.71429   44  118 6876.00000 6790.39286  1.25%  92.6 3757s
 1021286 292791 6834.82674   40  191 6876.00000 6790.41084  1.24%  92.6 3761s
 1022695 293037 6863.56391   54  129 6876.00000 6790.42546  1.24%  92.5 3765s
 1024554 293473     cutoff   52      6876.00000 6790.44935  1.24%  92.5 3771s
 1025775 293730 6829.52318   55  220 6876.00000 6790.46278  1.24%  92.5 3775s
 1027791 294033 6818.04900   44  125 6876.00000 6790.49015  1.24%  92.5 3781s
 1028958 294291 infeasible   39      6876.00000 6790.50247  1.24%  92.5 3786s
 1030093 294570 6830.65742   44  163 6876.00000 6790.52004  1.24%  92.5 3790s
 1031597 294763 6846.74643   59  145 6876.00000 6790.53868  1.24%  92.5 3795s
 1033378 295077     cutoff   53      6876.00000 6790.56571  1.24%  92.5 3800s
 1035025 295421     cutoff   63      6876.00000 6790.59091  1.24%  92.5 3806s
 1036297 295706 6792.40919   53   72 6876.00000 6790.60833  1.24%  92.6 3810s
 1038292 296134 6826.96106   54  216 6876.00000 6790.63429  1.24%  92.6 3817s
 1039389 296275 6792.10256   47   89 6876.00000 6790.64629  1.24%  92.6 3822s
 1040442 296588 6834.80780   40  168 6876.00000 6790.66212  1.24%  92.6 3827s
 1041876 296878 6813.18316   46  220 6876.00000 6790.67817  1.24%  92.5 3831s
 1043257 297105     cutoff   47      6876.00000 6790.69250  1.24%  92.6 3835s
 1045266 297479 6848.58462   35   68 6876.00000 6790.71447  1.24%  92.6 3841s
 1046622 297701 infeasible   42      6876.00000 6790.73457  1.24%  92.6 3845s
 1048126 297974 6846.40104   45  267 6876.00000 6790.75255  1.24%  92.6 3852s
 1049159 298288 6824.29972   37  270 6876.00000 6790.76446  1.24%  92.6 3856s
 1050864 298594 6824.86685   35   81 6876.00000 6790.77778  1.24%  92.6 3860s
 1052456 299023     cutoff   54      6876.00000 6790.79848  1.24%  92.6 3866s
 1053639 299187 6838.48759   53  326 6876.00000 6790.81563  1.24%  92.6 3870s
 1055310 299547 infeasible   62      6876.00000 6790.83500  1.24%  92.6 3876s
 1056502 299872 6795.00005   56  219 6876.00000 6790.84848  1.24%  92.6 3880s
 1058468 300271 6840.81114   54  177 6876.00000 6790.87164  1.24%  92.6 3886s
 1059685 300540 infeasible   49      6876.00000 6790.88522  1.24%  92.6 3890s
 1060764 300733 6833.62555   42  333 6876.00000 6790.89197  1.24%  92.6 3896s
 1062103 301003 6806.13839   51  181 6876.00000 6790.90861  1.24%  92.5 3900s
 1064048 301391 6802.39223   48  251 6876.00000 6790.93333  1.24%  92.5 3907s
 1065277 301671 6800.85774   57  111 6876.00000 6790.95000  1.24%  92.5 3911s
 1066552 301903     cutoff   48      6876.00000 6790.96510  1.24%  92.5 3915s
 1067221 301947 6812.57784   43  159 6876.00000 6790.97631  1.24%  92.5 3920s
 1068766 302136     cutoff   58      6876.00000 6791.00000  1.24%  92.6 3926s
 1070164 302431 infeasible   34      6876.00000 6791.00000  1.24%  92.5 3931s
 1071639 302619 infeasible   49      6876.00000 6791.00000  1.24%  92.5 3935s
 1073537 302992 6801.60603   49  270 6876.00000 6791.00000  1.24%  92.6 3941s
 1074577 303177 6837.43478   55  134 6876.00000 6791.00000  1.24%  92.6 3946s
 1076616 303544     cutoff   40      6876.00000 6791.00000  1.24%  92.6 3951s
 1078351 303858     cutoff   54      6876.00000 6791.00000  1.24%  92.6 3955s
 1079549 304172 6828.36832   40  113 6876.00000 6791.00000  1.24%  92.6 3960s
 1081470 304709 6819.27050   45  213 6876.00000 6791.00000  1.24%  92.6 3966s
 1082747 304985 6842.53016   53  212 6876.00000 6791.00000  1.24%  92.6 3970s
 1084618 305405     cutoff   51      6876.00000 6791.00162  1.24%  92.6 3976s
 1086297 305727     cutoff   51      6876.00000 6791.01508  1.24%  92.6 3981s
 1087960 305993 6805.35484   47  166 6876.00000 6791.02833  1.24%  92.6 3986s
 1089218 306387 6823.55000   35  118 6876.00000 6791.03409  1.24%  92.6 3991s
 1090548 306875 6801.15242   42  172 6876.00000 6791.04136  1.24%  92.6 3995s
 1091795 307056 6803.90845   52  221 6876.00000 6791.05059  1.24%  92.6 4001s
 1092997 307252 6811.33362   46  212 6876.00000 6791.06375  1.24%  92.6 4006s
 1094095 307522 6850.94462   53   26 6876.00000 6791.07158  1.24%  92.6 4010s
 1096169 307829     cutoff   40      6876.00000 6791.09565  1.23%  92.6 4016s
 1097597 308010 6839.28608   51  226 6876.00000 6791.11167  1.23%  92.6 4020s
 1098969 308143 6857.40307   43  151 6876.00000 6791.12848  1.23%  92.6 4025s
 1100600 308584     cutoff   44      6876.00000 6791.14067  1.23%  92.6 4032s
 1101979 308863 6797.05871   47   74 6876.00000 6791.15973  1.23%  92.6 4036s
 1103893 309140 6834.12434   34  163 6876.00000 6791.18142  1.23%  92.6 4041s
 1105795 309457 6799.92517   48   61 6876.00000 6791.20007  1.23%  92.6 4046s
 1106672 309690 6806.17900   42  121 6876.00000 6791.21043  1.23%  92.6 4050s
 1108549 310118     cutoff   54      6876.00000 6791.22727  1.23%  92.6 4057s
 1109609 310329 infeasible   45      6876.00000 6791.24028  1.23%  92.6 4061s
 1110876 310618     cutoff   53      6876.00000 6791.25379  1.23%  92.6 4065s
 1112754 310851 6813.86402   47  170 6876.00000 6791.27582  1.23%  92.6 4072s
 1112775 310857 6819.92731   48  114 6876.00000 6791.27582  1.23%  92.6 4076s
 1112936 311073     cutoff   50      6876.00000 6791.27665  1.23%  92.6 4080s
 1114139 311355     cutoff   42      6876.00000 6791.28000  1.23%  92.6 4085s
 1116194 311748 6811.44236   41  283 6876.00000 6791.30128  1.23%  92.6 4091s
 1117180 311926 6839.06878   48   86 6876.00000 6791.31439  1.23%  92.6 4095s
 1119041 312271     cutoff   51      6876.00000 6791.32799  1.23%  92.6 4101s
 1120481 312485 6819.37813   39  233 6876.00000 6791.34182  1.23%  92.6 4105s
 1122332 312957 6833.21399   50  119 6876.00000 6791.35806  1.23%  92.5 4111s
 1123653 313217 6794.68723   36  200 6876.00000 6791.37500  1.23%  92.5 4115s
 1125598 313610 infeasible   46      6876.00000 6791.39375  1.23%  92.5 4121s
 1126767 313804 6830.91343   53  153 6876.00000 6791.40669  1.23%  92.5 4125s
 1127979 313970     cutoff   54      6876.00000 6791.42048  1.23%  92.5 4130s
 1128216 314230     cutoff   55      6876.00000 6791.42105  1.23%  92.5 4135s
 1130593 314546 6814.02970   49  137 6876.00000 6791.44667  1.23%  92.5 4140s
 1132698 315048     cutoff   44      6876.00000 6791.47059  1.23%  92.5 4146s
 1133475 315162 6822.96474   35   56 6876.00000 6791.48000  1.23%  92.5 4151s
 1134677 315409     cutoff   47      6876.00000 6791.49675  1.23%  92.5 4155s
 1136638 315786 6807.00000   43   16 6876.00000 6791.52032  1.23%  92.5 4161s
 1137954 316045 6816.00000   42  120 6876.00000 6791.53384  1.23%  92.5 4165s
 1139918 316418 6794.58508   45  238 6876.00000 6791.56095  1.23%  92.5 4171s
 1141169 316670 6805.50000   51   65 6876.00000 6791.57982  1.23%  92.5 4176s
 1142429 316908 6845.63226   50  140 6876.00000 6791.59819  1.23%  92.5 4180s
 1144283 317282 6816.36913   50  128 6876.00000 6791.62238  1.23%  92.5 4186s
 1145725 317514     cutoff   40      6876.00000 6791.63214  1.23%  92.5 4190s
 1147525 317807 infeasible   37      6876.00000 6791.66033  1.23%  92.5 4195s
 1148810 317972 6835.08160   41  158 6876.00000 6791.66960  1.23%  92.5 4201s
 1150102 318209 6836.54882   65  242 6876.00000 6791.68638  1.23%  92.5 4206s
 1151227 318477 6815.61829   44  293 6876.00000 6791.69735  1.23%  92.5 4210s
 1153222 318798 6826.61111   37  103 6876.00000 6791.72305  1.23%  92.5 4216s
 1154514 319062 6805.17756   43  241 6876.00000 6791.73599  1.23%  92.5 4220s
 1156000 319409 infeasible   47      6876.00000 6791.75245  1.23%  92.5 4226s
 1157323 319631     cutoff   39      6876.00000 6791.76784  1.23%  92.5 4230s
 1159232 319988     cutoff   39      6876.00000 6791.78947  1.22%  92.5 4236s
 1160562 320149     cutoff   38      6876.00000 6791.79888  1.22%  92.5 4241s
 1161797 320332 6828.77913   61  233 6876.00000 6791.81481  1.22%  92.5 4245s
 1163700 320718 6860.82670   43  243 6876.00000 6791.84186  1.22%  92.5 4251s
 1165557 320984 6815.39757   38  128 6876.00000 6791.86414  1.22%  92.5 4256s
 1166533 321262     cutoff   52      6876.00000 6791.87631  1.22%  92.5 4261s
 1167768 321456 6805.76973   41  153 6876.00000 6791.89224  1.22%  92.6 4265s
 1169702 321805 6844.15856   47  124 6876.00000 6791.91667  1.22%  92.6 4271s
 1170897 322026 6850.39318   48  162 6876.00000 6791.93109  1.22%  92.6 4275s
 1172688 322324 6800.72840   28  128 6876.00000 6791.95225  1.22%  92.6 4281s
 1174226 322652 6829.82626   41  127 6876.00000 6791.96809  1.22%  92.6 4286s
 1175518 322875 6828.49091   52  267 6876.00000 6791.98269  1.22%  92.6 4290s
 1177293 323253 6802.00007   35  174 6876.00000 6791.99911  1.22%  92.6 4296s
 1178638 323569 6840.32768   48  113 6876.00000 6792.00250  1.22%  92.6 4301s
 1179871 323862 6792.84633   45  165 6876.00000 6792.01000  1.22%  92.6 4305s
 1181658 324115 6832.38119   40  191 6876.00000 6792.01836  1.22%  92.6 4311s
 1182077 324394 6810.68592   31   91 6876.00000 6792.01978  1.22%  92.6 4315s
 1183255 324574 6793.43863   41  132 6876.00000 6792.03039  1.22%  92.6 4320s
 1185234 324926 6800.60698   33  218 6876.00000 6792.05442  1.22%  92.6 4326s
 1186574 325133 6825.96496   56   86 6876.00000 6792.07098  1.22%  92.6 4331s
 1187738 325428 6826.23030   48  226 6876.00000 6792.08572  1.22%  92.6 4335s
 1189270 325617 6808.82407   41  186 6876.00000 6792.10414  1.22%  92.6 4341s
 1190574 325834     cutoff   53      6876.00000 6792.12131  1.22%  92.6 4345s
 1192538 326127     cutoff   46      6876.00000 6792.15277  1.22%  92.6 4351s
 1193677 326313 6799.14456   38   69 6876.00000 6792.16375  1.22%  92.6 4355s
 1194375 326426 6829.09563   54  169 6876.00000 6792.16846  1.22%  92.6 4360s
 1196308 326776 6857.40277   49  156 6876.00000 6792.19580  1.22%  92.6 4366s
 1198250 327150     cutoff   61      6876.00000 6792.21942  1.22%  92.6 4371s
 1200102 327489 6798.85645   38  132 6876.00000 6792.23842  1.22%  92.6 4376s
 1201367 327759 6840.03469   36  129 6876.00000 6792.25227  1.22%  92.6 4380s
 1202973 327994 6802.66022   50  121 6876.00000 6792.26852  1.22%  92.6 4386s
 1204331 328316 6819.98806   44   74 6876.00000 6792.28000  1.22%  92.6 4391s
 1205742 328584 infeasible   55      6876.00000 6792.28393  1.22%  92.5 4396s
 1206957 328838     cutoff   31      6876.00000 6792.30073  1.22%  92.5 4400s
 1209302 329156 6807.55320   48  217 6876.00000 6792.32083  1.22%  92.5 4406s
 1210511 329495     cutoff   53      6876.00000 6792.33333  1.22%  92.5 4410s
 1211697 329759 6814.72824   47   42 6876.00000 6792.34222  1.22%  92.5 4415s
 1213534 330055 infeasible   43      6876.00000 6792.36428  1.22%  92.5 4421s
 1214746 330237 infeasible   51      6876.00000 6792.37768  1.22%  92.5 4425s
 1216399 330609 6823.92586   43  164 6876.00000 6792.39663  1.22%  92.5 4431s
 1218368 331009 6839.91647   55  233 6876.00000 6792.42110  1.22%  92.5 4436s
 1220100 331348 6795.46212   42  254 6876.00000 6792.44000  1.22%  92.5 4441s
 1221279 331441 6816.38205   38  279 6876.00000 6792.45178  1.22%  92.5 4447s
 1221471 331534 6819.07952   47  203 6876.00000 6792.45384  1.22%  92.5 4451s
 1222036 331706     cutoff   40      6876.00000 6792.45572  1.22%  92.5 4455s
 1224084 331963 6825.51843   34  235 6876.00000 6792.49077  1.21%  92.5 4461s
 1225516 332160 6834.75883   45  301 6876.00000 6792.50000  1.21%  92.5 4465s
 1227447 332602     cutoff   48      6876.00000 6792.52422  1.21%  92.5 4471s
 1228733 332764 6794.15718   50   80 6876.00000 6792.54102  1.21%  92.5 4475s
 1230834 333006 6824.87022   45  230 6876.00000 6792.56631  1.21%  92.5 4481s
 1231904 333172 6812.41433   43  245 6876.00000 6792.58032  1.21%  92.5 4485s
 1233621 333414 6825.27569   50  195 6876.00000 6792.60231  1.21%  92.5 4491s
 1235392 333729 6820.55882   48   72 6876.00000 6792.62616  1.21%  92.5 4496s
 1236579 333945 6817.41960   65  243 6876.00000 6792.64100  1.21%  92.5 4500s
 1237851 334072 6824.95858   43  163 6876.00000 6792.65973  1.21%  92.5 4505s
 1239531 334436 6857.97917   37  146 6876.00000 6792.67833  1.21%  92.5 4511s
 1240618 334638 6853.35682   39  242 6876.00000 6792.69654  1.21%  92.5 4515s
 1241974 334884 6822.68685   41  110 6876.00000 6792.71401  1.21%  92.5 4520s
 1243913 335241 6800.61140   58  282 6876.00000 6792.73500  1.21%  92.5 4525s
 1245588 335546 6795.89563   42  186 6876.00000 6792.75630  1.21%  92.5 4531s
 1246926 335760 6849.40182   38  218 6876.00000 6792.77000  1.21%  92.5 4535s
 1248736 336078 6799.76538   46  195 6876.00000 6792.79833  1.21%  92.5 4541s
 1250087 336359 6810.22090   52  130 6876.00000 6792.81410  1.21%  92.5 4545s
 1251847 336711 6808.09658   45   84 6876.00000 6792.83524  1.21%  92.5 4551s
 1253080 336854 6799.35530   51  209 6876.00000 6792.85348  1.21%  92.5 4555s
 1254721 337166 6808.07446   43  143 6876.00000 6792.87573  1.21%  92.5 4561s
 1255867 337252 6838.25549   52  183 6876.00000 6792.89527  1.21%  92.5 4567s
 1256061 337443 6838.35634   53  156 6876.00000 6792.89584  1.21%  92.5 4570s
 1257880 337624 infeasible   48      6876.00000 6792.92000  1.21%  92.5 4575s
 1259189 337821 6817.83333   51   71 6876.00000 6792.93613  1.21%  92.5 4580s
 1261059 338029 6832.48293   53  222 6876.00000 6792.96402  1.21%  92.5 4586s
 1262570 338330 6842.76520   36  184 6876.00000 6792.98720  1.21%  92.5 4591s
 1263901 338533     cutoff   38      6876.00000 6793.00000  1.21%  92.5 4595s
 1265353 338782 6805.90000   28   41 6876.00000 6793.01590  1.21%  92.5 4600s
 1266774 339064 6835.85491   48  202 6876.00000 6793.03376  1.21%  92.5 4607s
 1268046 339328     cutoff   45      6876.00000 6793.04431  1.21%  92.5 4611s
 1269851 339666 6814.17152   74  189 6876.00000 6793.05832  1.21%  92.5 4615s
 1271694 339959 6845.50574   32  170 6876.00000 6793.08036  1.21%  92.5 4621s
 1272966 340140     cutoff   47      6876.00000 6793.09549  1.21%  92.5 4626s
 1274222 340228 6819.39844   52  286 6876.00000 6793.11308  1.21%  92.5 4630s
 1275049 340476 6821.34688   49  167 6876.00000 6793.12175  1.21%  92.5 4636s
 1276334 340753 infeasible   53      6876.00000 6793.13426  1.21%  92.5 4640s
 1278146 341014     cutoff   51      6876.00000 6793.15524  1.20%  92.5 4645s
 1280117 341396 6835.28462   39  156 6876.00000 6793.17833  1.20%  92.5 4651s
 1281288 341658 6813.87229   44  237 6876.00000 6793.19139  1.20%  92.5 4657s
 1282950 341835 6834.80280   41  256 6876.00000 6793.20831  1.20%  92.5 4661s
 1284146 341963 6823.88648   38  284 6876.00000 6793.22347  1.20%  92.5 4665s
 1286047 342267 6806.48795   46  201 6876.00000 6793.25000  1.20%  92.5 4671s
 1287152 342401 6841.21587   48   70 6876.00000 6793.26063  1.20%  92.5 4675s
 1288728 342662 6854.46525   59  219 6876.00000 6793.28409  1.20%  92.5 4681s
 1289906 342827 6828.45271   47  266 6876.00000 6793.29846  1.20%  92.5 4685s
 1291543 343104 6851.38634   35  110 6876.00000 6793.31172  1.20%  92.5 4691s
 1292794 343361     cutoff   49      6876.00000 6793.33333  1.20%  92.5 4695s
 1293598 343774 6824.75641   47  106 6876.00000 6793.34444  1.20%  92.5 4704s
 1294044 343774 6793.34911   40  137 6876.00000 6793.34444  1.20%  92.5 4705s
 1297252 344025     cutoff   51      6876.00000 6793.39259  1.20%  92.5 4711s
 1298495 344192 6795.31158   41   79 6876.00000 6793.40281  1.20%  92.5 4715s
 1299412 344369 6837.09974   38   52 6876.00000 6793.40966  1.20%  92.5 4720s
 1301202 344568 6815.09215   49   74 6876.00000 6793.43343  1.20%  92.5 4726s
 1302612 344764 infeasible   45      6876.00000 6793.45000  1.20%  92.5 4730s
 1304702 345140 6809.30357   41  180 6876.00000 6793.47071  1.20%  92.5 4736s
 1306036 345297     cutoff   44      6876.00000 6793.48609  1.20%  92.5 4740s
 1307453 345537 6822.51240   49  155 6876.00000 6793.50000  1.20%  92.5 4746s
 1308888 345658 6821.73684   45  219 6876.00000 6793.51735  1.20%  92.5 4750s
 1310149 345776 6827.49877   49   97 6876.00000 6793.53557  1.20%  92.5 4756s
 1310166 345781     cutoff   50      6876.00000 6793.53600  1.20%  92.5 4760s
 1311201 345994 6862.69868   57   53 6876.00000 6793.55000  1.20%  92.5 4766s
 1312581 346193 6807.76878   31  140 6876.00000 6793.56610  1.20%  92.5 4770s
 1313505 346341     cutoff   54      6876.00000 6793.57582  1.20%  92.5 4775s
 1314784 346598     cutoff   52      6876.00000 6793.59017  1.20%  92.5 4780s
 1316872 346915 6856.22757   54  204 6876.00000 6793.61661  1.20%  92.5 4786s
 1318169 347147 6818.85805   53  186 6876.00000 6793.63112  1.20%  92.5 4790s
 1319857 347365 6818.47353   47  100 6876.00000 6793.64748  1.20%  92.5 4795s
 1321657 347600 6820.27726   36  269 6876.00000 6793.66603  1.20%  92.5 4800s
 1323006 347785 6818.31162   50  263 6876.00000 6793.68278  1.20%  92.5 4806s
 1324174 347958 6859.62800   55   22 6876.00000 6793.70105  1.20%  92.5 4811s
 1325536 348158 6801.01050   40   84 6876.00000 6793.71731  1.20%  92.5 4815s
 1326773 348337 6821.83391   35  117 6876.00000 6793.73064  1.20%  92.5 4820s
 1328635 348610 6804.00000   38   69 6876.00000 6793.75431  1.20%  92.5 4825s
 1330240 348902 6816.23529   53  255 6876.00000 6793.76607  1.20%  92.6 4831s
 1331639 349082 6797.51762   40  157 6876.00000 6793.78075  1.20%  92.6 4836s
 1332667 349253 6813.91705   52  189 6876.00000 6793.79436  1.20%  92.6 4840s
 1333951 349452 6819.30655   42  203 6876.00000 6793.80677  1.20%  92.6 4845s
 1335273 349722 6831.92478   40  122 6876.00000 6793.82187  1.20%  92.6 4850s
 1337498 350059 6798.92545   44  221 6876.00000 6793.84752  1.19%  92.5 4855s
 1339479 350290 6855.57677   54  120 6876.00000 6793.87136  1.19%  92.5 4861s
 1340188 350481 6825.40608   37  241 6876.00000 6793.87636  1.19%  92.5 4865s
 1342160 350787 6797.68508   40  132 6876.00000 6793.90592  1.19%  92.5 4871s
 1343425 351000 6800.70960   43   25 6876.00000 6793.91782  1.19%  92.5 4875s
 1344493 351102 infeasible   44      6876.00000 6793.93282  1.19%  92.5 4880s
 1346423 351429     cutoff   38      6876.00000 6793.96141  1.19%  92.5 4885s
 1348303 351659 6799.21456   44  193 6876.00000 6793.98262  1.19%  92.5 4891s
 1349533 351811 6850.11111   42   33 6876.00000 6794.00000  1.19%  92.5 4895s
 1351423 351938     cutoff   47      6876.00000 6794.00000  1.19%  92.5 4901s
 1352688 352139     cutoff   43      6876.00000 6794.00000  1.19%  92.5 4905s
 1354325 352418 6824.66410   42   87 6876.00000 6794.00283  1.19%  92.6 4910s
 1356143 352656 6848.83500   42   99 6876.00000 6794.01990  1.19%  92.6 4916s
 1357084 352821 6801.00000   38   66 6876.00000 6794.02998  1.19%  92.6 4920s
 1358991 353085     cutoff   36      6876.00000 6794.05600  1.19%  92.6 4926s
 1360222 353346 infeasible   43      6876.00000 6794.06832  1.19%  92.6 4931s
 1361480 353499     cutoff   37      6876.00000 6794.08324  1.19%  92.6 4935s
 1363346 353792 infeasible   35      6876.00000 6794.10535  1.19%  92.6 4940s
 1365313 354037 6839.10272   46  180 6876.00000 6794.12716  1.19%  92.6 4945s
 1366388 354243 6848.33333   58   35 6876.00000 6794.14067  1.19%  92.6 4950s
 1368226 354488 6823.08833   49  179 6876.00000 6794.16191  1.19%  92.6 4956s
 1369494 354572     cutoff   46      6876.00000 6794.17684  1.19%  92.6 4960s
 1370158 354833 6796.01336   55  243 6876.00000 6794.18817  1.19%  92.6 4965s
 1372187 355077 infeasible   46      6876.00000 6794.21181  1.19%  92.6 4971s
 1374162 355324 6809.73346   46   78 6876.00000 6794.23771  1.19%  92.6 4976s
 1375703 355595 6831.68518   57  218 6876.00000 6794.25862  1.19%  92.6 4982s
 1376907 355760 6846.25000   50   81 6876.00000 6794.27472  1.19%  92.6 4986s
 1378195 356015 6797.09596   45  229 6876.00000 6794.28929  1.19%  92.6 4990s
 1379465 356142 6854.38464   42   53 6876.00000 6794.30321  1.19%  92.6 4997s
 1380799 356165 6811.21058   53  209 6876.00000 6794.32306  1.19%  92.6 5001s
 1381952 356434     cutoff   38      6876.00000 6794.33333  1.19%  92.6 5006s
 1383253 356683     cutoff   47      6876.00000 6794.34692  1.19%  92.6 5010s
 1384932 356947 6801.16000   57  268 6876.00000 6794.37240  1.19%  92.6 5016s
 1386266 357157 6807.01089   55  196 6876.00000 6794.38602  1.19%  92.6 5020s
 1388226 357485     cutoff   52      6876.00000 6794.41157  1.19%  92.6 5027s
 1389447 357704 6823.54243   39  142 6876.00000 6794.42504  1.19%  92.6 5031s
 1391307 357992 6824.15902   47  180 6876.00000 6794.44444  1.19%  92.6 5036s
 1393161 358291 6836.33793   40  166 6876.00000 6794.47150  1.19%  92.6 5041s
 1394425 358441 infeasible   46      6876.00000 6794.48767  1.19%  92.6 5045s
 1396285 358706     cutoff   48      6876.00000 6794.51000  1.19%  92.6 5051s
 1397187 358881 6833.13194   46  202 6876.00000 6794.51827  1.19%  92.6 5055s
 1398142 358962 6812.26147   48  223 6876.00000 6794.53200  1.18%  92.6 5060s
 1399633 359153 infeasible   52      6876.00000 6794.55188  1.18%  92.6 5065s
 1401626 359546     cutoff   47      6876.00000 6794.58000  1.18%  92.6 5070s
 1402839 359727 6839.03467   51  312 6876.00000 6794.59192  1.18%  92.6 5075s
 1404865 360058 6841.32845   38  176 6876.00000 6794.61925  1.18%  92.6 5081s
 1406105 360279 6828.67582   43  256 6876.00000 6794.63158  1.18%  92.6 5085s
 1407915 360475 6831.63362   46  185 6876.00000 6794.65115  1.18%  92.6 5091s
 1408993 360569 6819.01000   40  173 6876.00000 6794.66689  1.18%  92.6 5096s
 1409141 360728 6802.40853   34  166 6876.00000 6794.66792  1.18%  92.6 5100s
 1411212 360966     cutoff   49      6876.00000 6794.69448  1.18%  92.6 5105s
 1413164 361282 6811.02339   47  201 6876.00000 6794.71567  1.18%  92.6 5111s
 1414572 361434 6820.46277   43  114 6876.00000 6794.73437  1.18%  92.6 5115s
 1416308 361763 infeasible   48      6876.00000 6794.75567  1.18%  92.6 5121s
 1417642 362023 6799.40111   34  114 6876.00000 6794.77422  1.18%  92.6 5125s
 1419530 362258 6817.26983   57  316 6876.00000 6794.79630  1.18%  92.6 5132s
 1420723 362454 6834.31076   48  104 6876.00000 6794.81453  1.18%  92.6 5136s
 1421811 362574     cutoff   43      6876.00000 6794.82857  1.18%  92.6 5141s
 1423364 362823 6820.38731   38  105 6876.00000 6794.84909  1.18%  92.6 5146s
 1424828 363010 6815.98893   43  242 6876.00000 6794.87040  1.18%  92.6 5150s
 1426366 363200 6810.09769   36  122 6876.00000 6794.89158  1.18%  92.6 5156s
 1428419 363448 6859.76125   64  117 6876.00000 6794.91698  1.18%  92.6 5161s
 1429789 363573     cutoff   47      6876.00000 6794.94000  1.18%  92.6 5167s
 1430194 363654     cutoff   45      6876.00000 6794.94000  1.18%  92.6 5171s
 1430915 363809 6822.24959   36  156 6876.00000 6794.94400  1.18%  92.6 5175s
 1432830 364103 6820.26144   58  107 6876.00000 6794.97783  1.18%  92.6 5181s
 1434315 364285 6854.20000   43   41 6876.00000 6794.99777  1.18%  92.6 5185s
 1436015 364597 6819.09074   34  175 6876.00000 6795.01397  1.18%  92.6 5191s
 1437399 364715 6805.32000   53   66 6876.00000 6795.03099  1.18%  92.6 5195s
 1439343 364926 6840.05221   49  168 6876.00000 6795.05864  1.18%  92.6 5201s
 1440564 365009 6845.21765   37  155 6876.00000 6795.08333  1.18%  92.6 5206s
 1442263 365201 infeasible   55      6876.00000 6795.10526  1.18%  92.6 5211s
 1443575 365331 infeasible   43      6876.00000 6795.12409  1.18%  92.6 5215s
 1445546 365538 6842.89992   52  191 6876.00000 6795.15440  1.18%  92.6 5220s
 1447201 365802 6820.00000   38  145 6876.00000 6795.17611  1.18%  92.6 5226s
 1448472 365983 6814.90111   33  241 6876.00000 6795.19363  1.18%  92.6 5230s
 1450057 366105     cutoff   52      6876.00000 6795.22061  1.17%  92.6 5236s
 1451401 366284 6823.21565   41  199 6876.00000 6795.23845  1.17%  92.6 5240s
 1453433 366466     cutoff   42      6876.00000 6795.26389  1.17%  92.6 5246s
 1455124 366828     cutoff   50      6876.00000 6795.28000  1.17%  92.6 5251s
 1456298 367035 6848.52112   44  119 6876.00000 6795.28000  1.17%  92.6 5255s
 1458208 367218 6872.00434   36  151 6876.00000 6795.30171  1.17%  92.6 5261s
 1459578 367427     cutoff   47      6876.00000 6795.31723  1.17%  92.6 5265s
 1460812 367594 6841.54215   44  200 6876.00000 6795.33333  1.17%  92.6 5270s
 1462720 367866     cutoff   43      6876.00000 6795.35354  1.17%  92.6 5276s
 1464714 367986     cutoff   54      6876.00000 6795.37991  1.17%  92.6 5282s
 1465649 368210     cutoff   49      6876.00000 6795.39397  1.17%  92.6 5286s
 1466370 368224 6817.06394   42  268 6876.00000 6795.40156  1.17%  92.6 5290s
 1467447 368404     cutoff   59      6876.00000 6795.41832  1.17%  92.6 5295s
 1469503 368614 6804.00000   38   78 6876.00000 6795.44489  1.17%  92.6 5301s
 1470824 368821 6840.29112   39  359 6876.00000 6795.46144  1.17%  92.6 5305s
 1472832 369030 infeasible   42      6876.00000 6795.48691  1.17%  92.6 5311s
 1474141 369195 6856.11490   51  207 6876.00000 6795.50000  1.17%  92.6 5315s
 1475952 369307 6805.21884   34   91 6876.00000 6795.53166  1.17%  92.6 5321s
 1476772 369428     cutoff   54      6876.00000 6795.53756  1.17%  92.6 5326s
 1478124 369633     cutoff   42      6876.00000 6795.56029  1.17%  92.6 5331s
 1480003 369789 6855.09202   42  256 6876.00000 6795.58167  1.17%  92.6 5336s
 1481404 369885 6836.96554   43  203 6876.00000 6795.59576  1.17%  92.6 5341s
 1482626 369939 6821.29810   47   78 6876.00000 6795.61302  1.17%  92.6 5345s
 1483832 370170     cutoff   34      6876.00000 6795.62771  1.17%  92.6 5351s
 1484976 370237     cutoff   56      6876.00000 6795.64815  1.17%  92.6 5356s
 1486373 370372     cutoff   48      6876.00000 6795.66639  1.17%  92.6 5360s
 1488027 370502 6816.63593   36  102 6876.00000 6795.68982  1.17%  92.6 5365s
 1489861 370740     cutoff   39      6876.00000 6795.71849  1.17%  92.6 5371s
 1491183 370843     cutoff   43      6876.00000 6795.74102  1.17%  92.6 5375s
 1492286 370938     cutoff   53      6876.00000 6795.75467  1.17%  92.6 5380s
 1493997 371158 6809.19512   44  168 6876.00000 6795.77105  1.17%  92.6 5386s
 1495281 371321 6798.99304   35  118 6876.00000 6795.79526  1.17%  92.6 5390s
 1497120 371649 6843.38648   49  176 6876.00000 6795.81597  1.17%  92.6 5396s
 1498524 371844     cutoff   34      6876.00000 6795.83391  1.17%  92.6 5400s
 1500359 372034 6815.36813   47  177 6876.00000 6795.85848  1.17%  92.6 5406s
 1501582 372136     cutoff   40      6876.00000 6795.87633  1.17%  92.6 5411s
 1502783 372339     cutoff   41      6876.00000 6795.89462  1.16%  92.6 5415s
 1504396 372523 6808.11364   43  146 6876.00000 6795.90991  1.16%  92.6 5421s
 1504941 372656 6860.66847   46  147 6876.00000 6795.91288  1.16%  92.6 5425s
 1506989 372920 infeasible   37      6876.00000 6795.93849  1.16%  92.6 5431s
 1508153 373032 6828.79359   51  307 6876.00000 6795.95654  1.16%  92.6 5435s
 1509354 373217 infeasible   44      6876.00000 6795.97286  1.16%  92.6 5440s
 1511394 373414 6826.02664   37  174 6876.00000 6796.00000  1.16%  92.6 5447s
 1511736 373529 6813.12326   42  206 6876.00000 6796.00250  1.16%  92.6 5451s
 1513653 373731 6824.88235   47  123 6876.00000 6796.02967  1.16%  92.6 5455s
 1515782 373895 6816.71250   36  107 6876.00000 6796.05556  1.16%  92.6 5460s
 1517632 374100 6837.35294   40   38 6876.00000 6796.08264  1.16%  92.6 5466s
 1518730 374238     cutoff   41      6876.00000 6796.09414  1.16%  92.6 5470s
 1519707 374371     cutoff   39      6876.00000 6796.11055  1.16%  92.6 5475s
 1520704 374512 6830.25989   58  202 6876.00000 6796.12361  1.16%  92.6 5480s
 1522661 374722 6867.48158   46  233 6876.00000 6796.15320  1.16%  92.6 5486s
 1523988 374922     cutoff   43      6876.00000 6796.17333  1.16%  92.6 5490s
 1525496 374978 6849.79725   35  208 6876.00000 6796.19555  1.16%  92.6 5496s
 1526275 375113 6857.23075   53  212 6876.00000 6796.20371  1.16%  92.6 5501s
 1527662 375328 6826.54540   49   63 6876.00000 6796.22380  1.16%  92.6 5505s
 1528964 375433 infeasible   43      6876.00000 6796.23791  1.16%  92.6 5510s
 1530676 375629 6811.00175   43  184 6876.00000 6796.26203  1.16%  92.6 5517s
 1531831 375825 6825.32308   62  192 6876.00000 6796.27638  1.16%  92.6 5521s
 1533204 375929 6815.60770   46  153 6876.00000 6796.29638  1.16%  92.6 5526s
 1534586 376120 6797.37336   34  144 6876.00000 6796.31748  1.16%  92.6 5530s
 1535797 376293 6810.85870   40   98 6876.00000 6796.33201  1.16%  92.6 5535s
 1537777 376575     cutoff   45      6876.00000 6796.35403  1.16%  92.6 5541s
 1538956 376782     cutoff   45      6876.00000 6796.37203  1.16%  92.6 5546s
 1540240 376910 6817.05265   45  139 6876.00000 6796.38535  1.16%  92.6 5551s
 1541257 377108 6819.47538   42  177 6876.00000 6796.39924  1.16%  92.6 5556s
 1542629 377298 6840.15385   40  131 6876.00000 6796.41674  1.16%  92.6 5560s
 1544389 377386 6830.60023   46  272 6876.00000 6796.44232  1.16%  92.6 5566s
 1545735 377499 6860.23271   49  265 6876.00000 6796.46088  1.16%  92.6 5570s
 1546809 377685 6826.15617   34  273 6876.00000 6796.47703  1.16%  92.6 5576s
 1548042 377820 6843.97908   38  298 6876.00000 6796.49474  1.16%  92.6 5580s
 1549912 378115     cutoff   45      6876.00000 6796.51535  1.16%  92.6 5586s
 1551211 378280 6826.31523   48  299 6876.00000 6796.52935  1.16%  92.6 5590s
 1552946 378474 6825.27517   47  246 6876.00000 6796.55147  1.16%  92.6 5596s
 1554273 378586 6826.82302   54  169 6876.00000 6796.57014  1.16%  92.6 5600s
 1555972 378673 6804.81882   59  289 6876.00000 6796.59339  1.15%  92.6 5605s
 1557061 378872 6805.74438   48   91 6876.00000 6796.60226  1.15%  92.6 5611s
 1558941 379021 6809.92418   45  131 6876.00000 6796.62645  1.15%  92.6 5616s
 1560094 379142     cutoff   40      6876.00000 6796.64395  1.15%  92.6 5620s
 1562097 379418 6847.29996   45  175 6876.00000 6796.66931  1.15%  92.6 5626s
 1563136 379558 6818.93504   31  140 6876.00000 6796.68365  1.15%  92.6 5632s
 1564739 379653 infeasible   53      6876.00000 6796.70624  1.15%  92.6 5636s
 1566433 379778     cutoff   48      6876.00000 6796.72694  1.15%  92.6 5640s
 1568120 379937     cutoff   51      6876.00000 6796.74906  1.15%  92.6 5645s
 1570142 380075 6813.44444   48  151 6876.00000 6796.77825  1.15%  92.6 5651s
 1570767 380072 infeasible   38      6876.00000 6796.78281  1.15%  92.6 5656s
 1571128 380196 6799.52647   42  121 6876.00000 6796.78668  1.15%  92.6 5660s
 1572490 380251 6816.00797   43  226 6876.00000 6796.80368  1.15%  92.6 5665s
 1574489 380577 6813.15044   60  253 6876.00000 6796.83333  1.15%  92.6 5670s
 1576499 380778 6839.37500   41   96 6876.00000 6796.85785  1.15%  92.6 5676s
 1577741 381059 6798.64074   45  266 6876.00000 6796.87870  1.15%  92.7 5680s
 1580392 382063 6796.88889   33   43 6876.00000 6796.88889  1.15%  92.6 5685s
 1582638 382349 6810.47396   45  160 6876.00000 6796.90542  1.15%  92.6 5691s
 1583614 382425 6820.76800   46  181 6876.00000 6796.91796  1.15%  92.6 5695s
 1585475 382755 6798.72410   48  145 6876.00000 6796.93927  1.15%  92.6 5701s
 1586456 382875     cutoff   43      6876.00000 6796.95203  1.15%  92.6 5706s
 1587840 382951 6828.45451   58  189 6876.00000 6796.97583  1.15%  92.6 5711s
 1589049 383123 infeasible   55      6876.00000 6796.99558  1.15%  92.6 5715s
 1591024 383316 6810.90212   45  174 6876.00000 6797.00613  1.15%  92.6 5720s
 1592578 383432 infeasible   43      6876.00000 6797.02397  1.15%  92.6 5726s
 1593897 383509 6838.96346   38  172 6876.00000 6797.04167  1.15%  92.6 5730s
 1595794 383736 6819.50483   48  131 6876.00000 6797.06875  1.15%  92.6 5736s
 1596592 383864 6854.96777   59  209 6876.00000 6797.07611  1.15%  92.6 5740s
 1598538 384030     cutoff   40      6876.00000 6797.10587  1.15%  92.6 5745s
 1599583 384194 6798.17703   41  111 6876.00000 6797.12000  1.15%  92.6 5751s
 1600956 384374 infeasible   39      6876.00000 6797.13636  1.15%  92.6 5755s
 1602923 384564 6821.40316   45  143 6876.00000 6797.15973  1.15%  92.6 5760s
 1604403 384714     cutoff   61      6876.00000 6797.17654  1.15%  92.6 5766s
 1605655 384887     cutoff   56      6876.00000 6797.19516  1.15%  92.6 5770s
 1607573 385126     cutoff   45      6876.00000 6797.22368  1.15%  92.6 5775s
 1609521 385319     cutoff   62      6876.00000 6797.24999  1.15%  92.6 5781s
 1611301 385379     cutoff   37      6876.00000 6797.28076  1.14%  92.6 5786s
 1612170 385478 6800.21725   48  186 6876.00000 6797.29652  1.14%  92.6 5790s
 1614232 385602     cutoff   43      6876.00000 6797.32335  1.14%  92.6 5795s
 1615415 385726 infeasible   50      6876.00000 6797.33615  1.14%  92.6 5800s
 1617136 385848 infeasible   49      6876.00000 6797.35700  1.14%  92.6 5806s
 1618302 386018 6841.90781   42  156 6876.00000 6797.37461  1.14%  92.6 5810s
 1620284 386248 6838.51732   49  180 6876.00000 6797.40000  1.14%  92.6 5816s
 1621594 386435 6820.09517   60  305 6876.00000 6797.40909  1.14%  92.6 5821s
 1622143 386639 6822.28956   43  157 6876.00000 6797.41092  1.14%  92.6 5825s
 1624212 386904     cutoff   37      6876.00000 6797.43610  1.14%  92.6 5831s
 1625661 387132 6798.22633   40  244 6876.00000 6797.45394  1.14%  92.6 5836s
 1626959 387145 6812.53535   46  122 6876.00000 6797.46268  1.14%  92.6 5841s
 1627547 387336     cutoff   59      6876.00000 6797.47142  1.14%  92.6 5845s
 1629703 387618 6822.71394   39   95 6876.00000 6797.48941  1.14%  92.6 5850s
 1631645 387891 6801.37986   52  131 6876.00000 6797.51156  1.14%  92.6 5856s
 1633007 388003 6809.21139   56  195 6876.00000 6797.52554  1.14%  92.6 5860s
 1634973 388194     cutoff   49      6876.00000 6797.54896  1.14%  92.6 5865s
 1636794 388302 infeasible   53      6876.00000 6797.57408  1.14%  92.6 5872s
 1637014 388407 6818.29190   45  131 6876.00000 6797.57471  1.14%  92.6 5876s
 1638860 388619 6809.25235   42  188 6876.00000 6797.60000  1.14%  92.6 5881s
 1640090 388691 6814.95950   37  171 6876.00000 6797.61582  1.14%  92.6 5885s
 1642039 388921     cutoff   47      6876.00000 6797.63584  1.14%  92.6 5890s
 1643689 389151 6806.16931   36  145 6876.00000 6797.65599  1.14%  92.6 5896s
 1644985 389313 6854.80077   46  226 6876.00000 6797.68046  1.14%  92.6 5900s
 1646980 389564 6814.94140   42  188 6876.00000 6797.70553  1.14%  92.6 5906s
 1648192 389807 6835.35322   50  234 6876.00000 6797.71922  1.14%  92.6 5910s
 1650257 389944 6812.52566   45   64 6876.00000 6797.73966  1.14%  92.6 5915s
 1651418 390016 6808.00097   39  122 6876.00000 6797.75861  1.14%  92.6 5920s
 1651932 390047 infeasible   39      6876.00000 6797.76476  1.14%  92.6 5926s
 1652677 390218     cutoff   37      6876.00000 6797.77253  1.14%  92.6 5933s
 1653970 390263     cutoff   53      6876.00000 6797.79547  1.14%  92.6 5936s
 1655477 390425 6818.40216   41  233 6876.00000 6797.81473  1.14%  92.6 5940s
 1656947 390615 6840.72137   46  102 6876.00000 6797.83234  1.14%  92.6 5945s
 1658429 390725 6827.05535   39  173 6876.00000 6797.85107  1.14%  92.6 5950s
 1660478 390978 6834.01607   47  164 6876.00000 6797.87840  1.14%  92.6 5957s
 1662051 391170 infeasible   38      6876.00000 6797.89914  1.14%  92.6 5961s
 1663363 391257 infeasible   36      6876.00000 6797.91478  1.14%  92.6 5965s
 1665211 391427 6805.97732   47  276 6876.00000 6797.94295  1.14%  92.6 5970s
 1667143 391579 6854.12245   48  129 6876.00000 6797.97505  1.13%  92.6 5976s
 1668440 391656 6798.00845   39   80 6876.00000 6797.99512  1.13%  92.6 5981s
 1669547 391858 infeasible   53      6876.00000 6798.00000  1.13%  92.6 5985s
 1671445 392304 6835.69294   27  178 6876.00000 6798.00000  1.13%  92.6 5991s
 1672634 392493 infeasible   59      6876.00000 6798.00385  1.13%  92.6 5995s
 1674505 392632 6849.25034   45  215 6876.00000 6798.01742  1.13%  92.6 6000s
 1676200 392778 infeasible   41      6876.00000 6798.03425  1.13%  92.6 6006s
 1677428 392863     cutoff   28      6876.00000 6798.04684  1.13%  92.6 6010s
 1678497 392935     cutoff   33      6876.00000 6798.05875  1.13%  92.6 6015s
 1680456 393129 6814.32352   57  174 6876.00000 6798.08151  1.13%  92.6 6021s
 1681772 393251 6830.88697   49  211 6876.00000 6798.09600  1.13%  92.6 6025s
 1683104 393466 6799.84778   56   97 6876.00000 6798.11156  1.13%  92.6 6030s
 1685054 393599 6826.58331   54  241 6876.00000 6798.13824  1.13%  92.6 6036s
 1686354 393770 6803.93610   37  105 6876.00000 6798.15388  1.13%  92.6 6040s
 1688121 393892     cutoff   50      6876.00000 6798.17714  1.13%  92.6 6047s
 1689430 394035     cutoff   39      6876.00000 6798.18750  1.13%  92.6 6051s
 1690347 394063 6804.20433   45  120 6876.00000 6798.20045  1.13%  92.6 6056s
 1691793 394209 infeasible   50      6876.00000 6798.22335  1.13%  92.6 6060s
 1693821 394387 6834.89866   41  125 6876.00000 6798.25318  1.13%  92.6 6065s
 1695799 394566 6829.27508   43  214 6876.00000 6798.28000  1.13%  92.6 6071s
 1697050 394684 6811.36458   43   77 6876.00000 6798.29167  1.13%  92.6 6075s
 1698676 394883     cutoff   46      6876.00000 6798.30909  1.13%  92.6 6082s
 1700002 394984     cutoff   51      6876.00000 6798.32739  1.13%  92.6 6086s
 1702000 395177     cutoff   51      6876.00000 6798.34848  1.13%  92.6 6091s
 1703336 395249 infeasible   52      6876.00000 6798.36350  1.13%  92.6 6096s
 1704651 395409     cutoff   46      6876.00000 6798.37718  1.13%  92.6 6100s
 1706498 395596     cutoff   43      6876.00000 6798.39858  1.13%  92.6 6106s
 1707655 395657 6839.15516   42  206 6876.00000 6798.41379  1.13%  92.6 6110s
 1708851 395768 6848.64568   34  176 6876.00000 6798.42763  1.13%  92.6 6115s
 1710775 395972 6835.56565   48  124 6876.00000 6798.45493  1.13%  92.6 6121s
 1712227 396060 6811.96446   52  229 6876.00000 6798.47135  1.13%  92.6 6125s
 1713413 396078 6869.16923   46  116 6876.00000 6798.49271  1.13%  92.6 6130s

Cutting planes:
  Learned: 236
  Gomory: 25
  Cover: 363
  MIR: 290
  StrongCG: 13
  Flow cover: 349
  GUB cover: 1
  Inf proof: 70
  Zero half: 3
  Network: 41
  RLT: 15
  Relax-and-lift: 18

Explored 1714187 nodes (158756485 simplex iterations) in 6134.61 seconds (5138.50 work units)
Thread count was 12 (of 12 available processors)

Solution count 10: 6876 6990 7091 ... 10500

Solve interrupted
Best objective 6.876000000000e+03, best bound 6.799000000000e+03, gap 1.1198%
