
Gurobi 12.0.0 (win64) logging started Thu Feb 19 09:02:00 2026

Set parameter LogFile to value "Storage_orig/Logs/log______Sens_handling_time_0.75_2026_02_19_09_02_00.log"
Set parameter MIPGap to value 0.005
Set parameter OutputFlag to value 1
Gurobi Optimizer version 12.0.0 build v12.0.0rc1 (win64 - Windows 11+.0 (26200.2))

CPU model: Intel(R) Core(TM) i7-9750H CPU @ 2.60GHz, instruction set [SSE2|AVX|AVX2]
Thread count: 6 physical cores, 12 logical processors, using up to 12 threads

Non-default parameters:
MIPGap  0.005
MIPFocus  2

Optimize a model with 4176 rows, 840 columns and 11022 nonzeros
Model fingerprint: 0x41b98a37
Variable types: 18 continuous, 822 integer (570 binary)
Coefficient statistics:
  Matrix range     [8e-01, 1e+03]
  Objective range  [1e+01, 2e+03]
  Bounds range     [1e+00, 1e+00]
  RHS range        [1e+00, 1e+03]

User MIP start did not produce a new incumbent solution
User MIP start violates constraint Time_LB_1_4_1 by 2.250000000

Found heuristic solution: objective 18840.000000
Presolve removed 2934 rows and 192 columns
Presolve time: 0.01s
Presolved: 1242 rows, 648 columns, 6477 nonzeros
Variable types: 18 continuous, 630 integer (450 binary)
Root relaxation presolve removed 3 rows and 0 columns
Root relaxation presolved: 1239 rows, 648 columns, 6447 nonzeros


Root relaxation: objective 5.417700e+03, 509 iterations, 0.02 seconds (0.02 work units)

    Nodes    |    Current Node    |     Objective Bounds      |     Work
 Expl Unexpl |  Obj  Depth IntInf | Incumbent    BestBd   Gap | It/Node Time

     0     0 5417.70000    0   16 18840.0000 5417.70000  71.2%     -    0s
H    0     0                    14214.000000 5417.70000  61.9%     -    0s
H    0     0                    13801.000000 5417.70000  60.7%     -    0s
H    0     0                    12961.000000 5417.70000  58.2%     -    0s
H    0     0                    12896.000000 5417.70000  58.0%     -    0s
H    0     0                    12857.000000 5417.70000  57.9%     -    0s
H    0     0                    12657.000000 5417.70000  57.2%     -    0s
H    0     0                    11320.000000 5418.26667  52.1%     -    0s
     0     0 5432.93953    0   53 11320.0000 5432.93953  52.0%     -    0s
     0     0 5432.93953    0   39 11320.0000 5432.93953  52.0%     -    0s
     0     0 5432.93953    0   39 11320.0000 5432.93953  52.0%     -    0s
     0     0 5562.66003    0  118 11320.0000 5562.66003  50.9%     -    0s
H    0     0                    11084.000000 5562.66003  49.8%     -    0s
     0     0 5564.29315    0  118 11084.0000 5564.29315  49.8%     -    0s
     0     0 5564.29315    0  128 11084.0000 5564.29315  49.8%     -    0s
H    0     0                    10401.000000 5564.29315  46.5%     -    0s
H    0     0                    9542.0000000 5564.29315  41.7%     -    0s
H    0     0                    9362.0000000 5588.54999  40.3%     -    0s
H    0     0                    8582.0000000 5588.54999  34.9%     -    0s
H    0     0                    8462.0000000 5588.54999  34.0%     -    0s
H    0     0                    7782.0000000 5588.54999  28.2%     -    0s
H    0     0                    7722.0000000 5588.54999  27.6%     -    0s
H    0     0                    7302.0000000 5588.54999  23.5%     -    0s
H    0     0                    7222.0000000 5588.54999  22.6%     -    0s
     0     0 5588.54999    0  141 7222.00000 5588.54999  22.6%     -    0s
     0     0 5590.27108    0  157 7222.00000 5590.27108  22.6%     -    0s
     0     0 5595.98564    0  170 7222.00000 5595.98564  22.5%     -    0s
     0     0 5597.99449    0  195 7222.00000 5597.99449  22.5%     -    0s
     0     0 5599.24861    0  169 7222.00000 5599.24861  22.5%     -    0s
     0     0 5612.63344    0  167 7222.00000 5612.63344  22.3%     -    0s
     0     0 5612.63344    0  173 7222.00000 5612.63344  22.3%     -    0s
     0     0 5629.01502    0  230 7222.00000 5629.01502  22.1%     -    1s
     0     0 5634.53010    0  229 7222.00000 5634.53010  22.0%     -    1s
     0     0 5635.00000    0  205 7222.00000 5635.00000  22.0%     -    1s
     0     0 5635.00000    0  221 7222.00000 5635.00000  22.0%     -    1s
H    0     0                    7206.0000000 5635.00000  21.8%     -    1s
H    0     0                    6926.0000000 5635.00000  18.6%     -    1s
     0     0 5635.00000    0  253 6926.00000 5635.00000  18.6%     -    1s
     0     0 5635.00000    0  281 6926.00000 5635.00000  18.6%     -    1s
     0     0 5635.00000    0  307 6926.00000 5635.00000  18.6%     -    1s
     0     0 5635.00000    0   44 6926.00000 5635.00000  18.6%     -    2s
H    0     0                    6846.0000000 5635.00000  17.7%     -    2s
     0     2 5635.00000    0   33 6846.00000 5635.00000  17.7%     -    2s
H   28    37                    6786.0000000 5635.19791  17.0%   355    2s
H   32    37                    6726.0000000 5635.19791  16.2%   334    2s
H   73    81                    6646.0000000 5635.19791  15.2%   236    2s
   631   596 6081.45092   45  121 6646.00000 5635.60293  15.2%   115    5s
  1524  1194 5743.48336   13  226 6646.00000 5636.34519  15.2%  91.7   10s
  1556  1215 5961.86545   49  410 6646.00000 5640.98805  15.1%  89.8   15s
  1570  1225 5919.08395   26  339 6646.00000 5641.39923  15.1%  89.0   20s
H 1574  1164                    6610.0000000 5641.39923  14.7%  88.8   22s
  1665  1246 5745.69642   18  182 6610.00000 5645.93390  14.6%   106   25s
H 2108  1438                    6550.0000000 5645.97487  13.8%   130   29s
H 2182  1406                    6490.0000000 5645.97487  13.0%   132   29s
  2241  1441 6053.84958   43  133 6490.00000 5645.97487  13.0%   133   30s
  2957  1838 5857.93441   44  180 6490.00000 5648.93805  13.0%   130   35s
  4965  2689 5749.64261   23  199 6490.00000 5666.02166  12.7%   127   40s
  6921  4004 5741.21161   18  130 6490.00000 5670.59740  12.6%   130   45s
  8535  5198 6253.56918   29  120 6490.00000 5675.54433  12.5%   136   50s
 10577  6476     cutoff   43      6490.00000 5678.47032  12.5%   140   56s
 12115  7304 infeasible   46      6490.00000 5683.45094  12.4%   145   60s
 14040  8400 6076.37785   42  138 6490.00000 5687.44962  12.4%   150   65s
H15290  8716                    6431.0000000 5690.84765  11.5%   152   69s
 15350  8938 6050.52889   35  220 6431.00000 5690.84765  11.5%   152   71s
 17252 10022 6371.01226   50  135 6431.00000 5700.75586  11.4%   152   76s
 18632 10741 5864.95160   38  261 6431.00000 5706.96124  11.3%   155   80s
 20930 11931     cutoff   32      6431.00000 5715.14936  11.1%   155   86s
 22382 12905 6281.09365   44  156 6431.00000 5720.60539  11.0%   156   90s
 25024 14459 5775.67321   21  280 6431.00000 5728.92392  10.9%   158   97s
 27020 15503 5763.93618   24  264 6431.00000 5736.00000  10.8%   158  102s
 27890 16228 6048.88029   35  158 6431.00000 5737.38319  10.8%   159  105s
 29933 17286 5956.88050   28  151 6431.00000 5739.13018  10.8%   161  111s
 32288 18651 6282.28368   37  109 6431.00000 5740.74400  10.7%   162  117s
 33597 19334 6403.93623   48  110 6431.00000 5741.45474  10.7%   161  120s
 35911 20529 5965.25058   27  116 6431.00000 5742.23779  10.7%   162  126s
 38294 21692 5967.72497   37  246 6431.00000 5743.80054  10.7%   162  132s
 39358 22247 infeasible   40      6431.00000 5744.37347  10.7%   163  136s
 41896 23649 5913.54073   21  194 6431.00000 5745.37652  10.7%   164  143s
 43138 24253 5956.45119   38  216 6431.00000 5746.00305  10.7%   164  146s
 45378 25337 5772.40948   29  282 6431.00000 5747.74811  10.6%   165  152s
 46499 25957 5803.08184   30  242 6431.00000 5748.27602  10.6%   166  156s
 48766 27161 5995.20842   35  212 6431.00000 5749.51279  10.6%   167  163s
 49948 27866 5973.57397   33   96 6431.00000 5750.27674  10.6%   167  166s
 51402 28578 5892.00215   27  158 6431.00000 5750.66037  10.6%   167  170s
 53920 29882 5951.15670   29  125 6431.00000 5752.17649  10.6%   167  177s
 55224 30540 6155.11709   42   62 6431.00000 5752.86806  10.5%   167  180s
 57431 31697 5859.68488   21  218 6431.00000 5754.07866  10.5%   167  186s
 58727 32376 6063.65326   29  242 6431.00000 5754.67759  10.5%   167  190s
 61008 33623 5908.85748   34  168 6431.00000 5755.92249  10.5%   166  197s
 62239 34323 5768.07256   25  212 6431.00000 5756.91916  10.5%   167  200s
 64729 35657 6008.82685   32  213 6431.00000 5758.45007  10.5%   167  207s
 65975 36248 6179.39902   61  182 6431.00000 5759.13172  10.4%   167  211s
 68471 37600 6145.69231   45  111 6431.00000 5760.83081  10.4%   167  218s
 69667 38264 5952.39432   33  227 6431.00000 5761.24680  10.4%   167  221s
 70912 38839 5849.60000   27  163 6431.00000 5762.28469  10.4%   167  225s
 73235 40010 5992.41045   39  219 6431.00000 5763.78114  10.4%   167  232s
 74316 40624 6076.58192   42  131 6431.00000 5764.60348  10.4%   167  236s
 76976 42048 6004.35219   37  159 6431.00000 5765.88038  10.3%   167  242s
 78222 42671 5848.70474   36  299 6431.00000 5766.52536  10.3%   167  246s
 80631 43906 6081.21816   48  167 6431.00000 5767.86288  10.3%   167  253s
 81859 44333 infeasible   29      6431.00000 5768.67607  10.3%   167  257s
 82836 45100 5986.09691   28  174 6431.00000 5769.37069  10.3%   167  261s
 85504 46514 5879.17355   43  230 6431.00000 5770.91750  10.3%   167  268s
 87029 47101 6038.36268   45  126 6431.00000 5771.48568  10.3%   166  271s
 89547 48202 5916.14726   30  200 6431.00000 5772.91467  10.2%   166  278s
 90473 48879 infeasible   33      6431.00000 5773.11350  10.2%   166  281s
 91658 49501 6169.33301   40  104 6431.00000 5773.77950  10.2%   166  285s
 94073 50751 5855.16850   32  114 6431.00000 5774.99485  10.2%   166  292s
 95395 51329 6234.83384   40  160 6431.00000 5775.69254  10.2%   166  296s
 97881 52543 infeasible   26      6431.00000 5776.99918  10.2%   166  303s
 98910 53214 6112.13956   53  187 6431.00000 5777.50053  10.2%   166  306s
 101418 54453 5977.67487   39  154 6431.00000 5778.81067  10.1%   166  313s
 102737 55101 5959.74310   34  229 6431.00000 5779.47034  10.1%   166  316s
 103928 55615 6063.77265   26  171 6431.00000 5779.91221  10.1%   166  320s
 106215 56617 5857.85850   35   82 6431.00000 5780.87410  10.1%   167  327s
H106744 54467                    6312.0000000 5780.90637  8.41%   167  327s
 107187 54780 5845.26743   28  267 6312.00000 5781.05415  8.41%   167  331s
 107891 55346 6045.31449   44  173 6312.00000 5781.66453  8.40%   167  335s
 110414 56393 6052.76923   43  129 6312.00000 5782.56031  8.39%   167  342s
 111617 56850 6002.60411   35  184 6312.00000 5783.01944  8.38%   167  345s
 113788 57859 5948.78264   30  223 6312.00000 5783.87046  8.37%   167  353s
 114980 58317 5950.42033   42  127 6312.00000 5784.30243  8.36%   167  356s
 116128 58796     cutoff   42      6312.00000 5784.72374  8.35%   167  360s
 118530 59827 6113.85854   39  215 6312.00000 5785.85386  8.34%   168  366s
 119736 60435 5955.89191   37  148 6312.00000 5786.53746  8.32%   168  370s
 121015 60748 5952.23750   38  147 6312.00000 5787.15220  8.32%   168  375s
H121140 59773                    6291.0000000 5787.15552  8.01%   168  375s
 122845 60799 6273.83209   38   97 6291.00000 5787.90856  8.00%   168  383s
 124066 61242 5904.68287   31  260 6291.00000 5788.66412  7.98%   168  386s
 125295 61856 6157.63746   33  137 6291.00000 5789.41081  7.97%   168  390s
 127725 62850 6035.52701   44   92 6291.00000 5790.53069  7.96%   168  397s
 128839 63245 6279.29038   41   67 6291.00000 5791.00165  7.95%   168  401s
 129966 63852 6076.63371   40  133 6291.00000 5791.29390  7.94%   169  405s
 132682 64924 infeasible   47      6291.00000 5792.38472  7.93%   169  412s
 133753 65364 6267.94671   60  142 6291.00000 5792.66550  7.92%   169  416s
 135122 65827 5962.69642   31  223 6291.00000 5792.78146  7.92%   169  420s
 137627 66934 5964.07619   36  187 6291.00000 5794.19217  7.90%   169  427s
 138868 67447     cutoff   44      6291.00000 5794.55963  7.89%   169  431s
 140029 67960 5964.99529   43  220 6291.00000 5794.88672  7.89%   170  435s
 142658 68788 6002.44374   34   90 6291.00000 5795.99750  7.87%   169  442s
 143301 69265 5886.11103   23  170 6291.00000 5795.99784  7.87%   169  446s
 144414 69849 5873.48216   27  286 6291.00000 5796.23242  7.86%   169  450s
 146892 70908 5963.88235   44  143 6291.00000 5797.81209  7.84%   169  457s
 148207 71362     cutoff   48      6291.00000 5798.32976  7.83%   169  461s
 150500 72372     cutoff   34      6291.00000 5798.94079  7.82%   170  468s
 151656 72989 5903.13821   24  171 6291.00000 5799.68406  7.81%   170  472s
 153039 73467 infeasible   53      6291.00000 5800.06249  7.80%   170  476s
 154246 73947 5846.46667   22   52 6291.00000 5800.49589  7.80%   170  480s
 156664 75093 5807.38090   35  207 6291.00000 5801.51156  7.78%   170  487s
 157993 75175 6221.47714   37  121 6291.00000 5801.90185  7.77%   170  492s
 158145 75415 6276.94554   38  186 6291.00000 5801.90185  7.77%   170  495s
 158641 75748 6221.55230   38  119 6291.00000 5801.90185  7.77%   170  500s
 161159 76887 6183.25826   47  132 6291.00000 5802.91609  7.76%   170  507s
 162512 77424     cutoff   44      6291.00000 5803.14969  7.75%   170  511s
 163759 77965 5949.06302   36  210 6291.00000 5803.59816  7.75%   170  515s
 166297 79049     cutoff   37      6291.00000 5804.38308  7.74%   170  522s
 167445 79588     cutoff   41      6291.00000 5805.14968  7.72%   170  525s
 169895 80726 infeasible   46      6291.00000 5805.75959  7.71%   170  533s
 171085 81161 5954.01875   26  122 6291.00000 5806.40006  7.70%   170  536s
 172303 81696     cutoff   41      6291.00000 5806.64491  7.70%   170  540s
 174736 82764 6083.64460   43  169 6291.00000 5808.10105  7.68%   170  547s
 175906 83337 6000.52574   24  202 6291.00000 5808.48991  7.67%   170  551s
 178424 84311 6143.25416   33  247 6291.00000 5809.71237  7.65%   170  558s
 179480 84902 5985.24304   27  215 6291.00000 5810.00900  7.65%   170  562s
 180720 85515 5853.81546   41  189 6291.00000 5810.29981  7.64%   170  565s
 183317 86601 5865.16135   33  233 6291.00000 5811.16190  7.63%   170  572s
 184500 86998 5884.55772   22  232 6291.00000 5811.79275  7.62%   170  576s
 185477 87560 5961.83114   36  174 6291.00000 5812.11380  7.61%   170  580s
 187934 88686 5903.29862   32  203 6291.00000 5812.80132  7.60%   170  587s
 189360 89108 6235.04177   49  192 6291.00000 5813.49237  7.59%   170  591s
 190459 89580 6284.90949   42  169 6291.00000 5813.99936  7.58%   170  595s
 192785 90454 infeasible   29      6291.00000 5814.89136  7.57%   170  602s
 194052 90987     cutoff   37      6291.00000 5815.14173  7.56%   170  606s
 195333 91497 6232.13951   72  123 6291.00000 5815.75554  7.55%   170  610s
 197683 92658 5897.27662   33  174 6291.00000 5816.56963  7.54%   170  617s
 198948 93185 6067.41322   41  131 6291.00000 5816.99032  7.53%   170  621s
 200218 93588 5972.33568   33  147 6291.00000 5817.55972  7.53%   170  625s
 202519 94509 5905.93544   29  251 6291.00000 5818.50679  7.51%   170  633s
 203790 94942 5931.38226   32  226 6291.00000 5819.08044  7.50%   170  637s
 204942 95479 5893.47662   34  186 6291.00000 5819.51602  7.49%   170  641s
 206282 95955 6012.50000   35  116 6291.00000 5820.15971  7.48%   170  645s
 208913 97003 6102.25323   50  166 6291.00000 5821.35530  7.47%   169  653s
 210205 97472 5995.59403   33  178 6291.00000 5821.97140  7.46%   169  657s
 211341 97921 6042.93726   38  172 6291.00000 5822.56348  7.45%   169  661s
 213574 99013 5913.99984   38  221 6291.00000 5823.43966  7.43%   169  668s
 214895 99506 6055.73258   43   95 6291.00000 5823.93902  7.42%   169  672s
 216102 100108 6146.00000   35   92 6291.00000 5824.61976  7.41%   169  676s
 217463 100701 5906.70791   28  258 6291.00000 5825.08424  7.41%   169  680s
 220132 101688 5910.33029   41   97 6291.00000 5826.07621  7.39%   169  688s
 221532 102298 6280.03309   33  192 6291.00000 5826.61057  7.38%   169  692s
 222788 102887 6043.98954   43   73 6291.00000 5827.03799  7.38%   169  695s
 225413 103843 6062.46212   33  132 6291.00000 5827.75521  7.36%   169  703s
 226760 104179 5833.17937   40  178 6291.00000 5828.20186  7.36%   169  706s
 227702 104622 5892.70640   37  248 6291.00000 5828.70731  7.35%   169  710s
 230060 105700 5901.99974   35  169 6291.00000 5829.73538  7.33%   169  718s
 231260 106103 6173.40419   50  221 6291.00000 5830.01562  7.33%   169  722s
 232308 106643 5876.37291   49  194 6291.00000 5830.58027  7.32%   169  725s
 234700 107675 5976.55650   36  195 6291.00000 5831.34795  7.31%   169  733s
 236024 108225 6048.00000   32  113 6291.00000 5831.78767  7.30%   169  737s
 237316 108746 6010.07385   39  206 6291.00000 5832.24405  7.29%   169  741s
 238495 109255 5984.46722   42  146 6291.00000 5832.60672  7.29%   169  745s
 240898 110187 5871.10652   28  255 6291.00000 5833.08304  7.28%   169  753s
 241917 110625 5889.16027   28  210 6291.00000 5833.37310  7.27%   169  757s
 243075 111313     cutoff   42      6291.00000 5833.64786  7.27%   169  761s
 244487 111899 5974.17237   42  262 6291.00000 5834.10222  7.26%   169  765s
 246977 112927 6078.15631   40  214 6291.00000 5834.38148  7.26%   169  773s
 248205 113556 5926.89044   34  157 6291.00000 5834.97904  7.25%   169  777s
 249493 114078 6003.64420   27  262 6291.00000 5835.33388  7.24%   169  781s
 250717 114580     cutoff   42      6291.00000 5835.57061  7.24%   169  785s
 251933 114939     cutoff   34      6291.00000 5835.98326  7.23%   169  790s
 254223 116030     cutoff   43      6291.00000 5836.34348  7.23%   168  798s
 255405 116582 5947.83078   38  169 6291.00000 5836.75936  7.22%   169  802s
 256570 117170 5956.52525   30  211 6291.00000 5836.97355  7.22%   169  805s
 259302 118248 6150.81722   37  131 6291.00000 5837.60393  7.21%   168  813s
 260432 118844 6105.00000   43  144 6291.00000 5837.88420  7.20%   168  816s
 261719 119402 5895.64593   36  237 6291.00000 5838.10229  7.20%   168  820s
 264088 120315 6196.86568   39  174 6291.00000 5838.79104  7.19%   168  827s
 265267 120858 6232.37277   42  112 6291.00000 5839.06220  7.18%   168  831s
 266398 121419 5972.80369   36  170 6291.00000 5839.30244  7.18%   168  835s
 268614 122371 6084.87680   43  179 6291.00000 5840.00000  7.17%   168  843s
 269729 122802 5869.01472   33  244 6291.00000 5840.00000  7.17%   168  846s
 271012 123387 5958.48663   33  212 6291.00000 5840.04772  7.17%   169  850s
 273453 124466     cutoff   47      6291.00000 5840.20504  7.17%   169  858s
 274568 125024 5879.66759   30  217 6291.00000 5840.26158  7.16%   169  863s
 275856 125663 5950.70568   31  166 6291.00000 5840.47535  7.16%   169  867s
 277144 126203 6150.17625   48   95 6291.00000 5840.63185  7.16%   169  871s
 278300 126640     cutoff   44      6291.00000 5840.73521  7.16%   169  875s
 280712 127580 6064.84819   44  231 6291.00000 5841.07008  7.15%   169  883s
 282060 128128     cutoff   46      6291.00000 5841.17469  7.15%   169  887s
 283298 128754 5853.76812   26  165 6291.00000 5841.24717  7.15%   169  892s
 284573 129157 infeasible   54      6291.00000 5841.40000  7.15%   169  897s
 285502 129752 6092.93286   32  145 6291.00000 5841.52781  7.14%   169  901s
 286636 130277 5847.92323   27  193 6291.00000 5841.52781  7.14%   169  905s
 289115 131318     cutoff   47      6291.00000 5841.87235  7.14%   169  913s
 290146 131893     cutoff   29      6291.00000 5842.01258  7.14%   169  917s
 291354 132370 5978.80562   26  153 6291.00000 5842.15568  7.13%   169  921s
 292498 132854 6165.54259   36  101 6291.00000 5842.17309  7.13%   169  925s
 294929 133796 5873.12814   31  178 6291.00000 5842.41782  7.13%   169  933s
 296035 134290 6098.09980   41  156 6291.00000 5842.48804  7.13%   169  938s
 297125 134899 5976.87524   36  132 6291.00000 5842.62792  7.13%   170  942s
 298445 135467 6082.39935   49  155 6291.00000 5842.76764  7.12%   170  946s
 299715 135939     cutoff   43      6291.00000 5842.85654  7.12%   170  951s
 300923 136392 5843.87234   24  166 6291.00000 5842.85654  7.12%   170  956s
 301953 136951 6204.55926   30  187 6291.00000 5843.00000  7.12%   170  960s
 303121 137576 6082.89174   29  216 6291.00000 5843.00000  7.12%   170  965s
 305638 138770 infeasible   44      6291.00000 5843.05700  7.12%   170  974s
 306819 139376 6001.71582   45  109 6291.00000 5843.13128  7.12%   170  978s
 308046 139907 5883.42786   28  251 6291.00000 5843.18511  7.12%   170  982s
 309146 140471 6165.20000   27  130 6291.00000 5843.25231  7.12%   170  986s
 310291 140983 5857.13812   32  267 6291.00000 5843.32114  7.12%   170  990s
 312690 141921 6173.00000   33   69 6291.00000 5843.44323  7.11%   170  999s
 314046 142253 6272.35974   42  189 6291.00000 5843.51541  7.11%   170 1003s
 315000 142803 6108.46034   44  135 6291.00000 5843.61203  7.11%   170 1007s
 316132 143358 6247.31779   44  181 6291.00000 5843.69254  7.11%   170 1012s
 317366 143936 infeasible   35      6291.00000 5843.79989  7.11%   171 1016s
 318612 144408 6126.95170   34  169 6291.00000 5843.88274  7.11%   171 1021s
 319737 144912 6127.60095   35  200 6291.00000 5843.95078  7.11%   171 1025s
 322136 146137 6056.70888   34  220 6291.00000 5844.11017  7.10%   171 1034s
 323298 146685 6092.90450   34  184 6291.00000 5844.20443  7.10%   171 1039s
 324522 147206     cutoff   70      6291.00000 5844.32230  7.10%   171 1043s
 325813 147606 5946.23814   25  163 6291.00000 5844.40967  7.10%   171 1047s
 327005 148040 5949.32886   28  154 6291.00000 5844.46874  7.10%   171 1052s
 327958 148600 5966.84996   31  280 6291.00000 5844.58677  7.10%   171 1057s
 329365 149041 5982.99805   39  260 6291.00000 5844.70455  7.09%   171 1061s
 330511 149709 5964.00000   29  131 6291.00000 5844.80192  7.09%   171 1066s
 331950 150212 infeasible   47      6291.00000 5844.86690  7.09%   171 1071s
 333059 150725 5993.30227   27  142 6291.00000 5844.96367  7.09%   171 1076s
 334230 151331 5896.18395   39  259 6291.00000 5845.05263  7.09%   171 1080s
 335588 151672 6190.43897   35  131 6291.00000 5845.18210  7.09%   171 1086s
 336345 152231     cutoff   45      6291.00000 5845.18672  7.09%   171 1090s
 337652 152816 5906.81691   27  293 6291.00000 5845.33561  7.08%   171 1095s
 338879 153370 6070.13802   48  151 6291.00000 5845.41975  7.08%   171 1100s
 340229 153891 5878.04313   30  221 6291.00000 5845.53135  7.08%   171 1105s
 341469 154410 6049.16444   38  120 6291.00000 5845.65610  7.08%   172 1110s
 344195 155810 6200.76052   34  259 6291.00000 5845.88372  7.08%   172 1119s
 345586 156163 6068.89682   31  188 6291.00000 5846.00000  7.07%   172 1123s
 346589 156656 6202.93132   32  154 6291.00000 5846.00000  7.07%   172 1128s
 347948 157097 6070.87796   45  141 6291.00000 5846.08970  7.07%   172 1133s
 349087 157698 5872.30802   26  213 6291.00000 5846.15432  7.07%   172 1137s
 350355 158293 6057.00718   42  118 6291.00000 5846.23549  7.07%   172 1142s
 351606 158886 6160.62788   36  205 6291.00000 5846.29897  7.07%   172 1146s
 352923 159372 5879.82222   30  198 6291.00000 5846.42938  7.07%   172 1151s
 354058 159933     cutoff   28      6291.00000 5846.49906  7.07%   172 1155s
 355292 160563 6188.91422   45  189 6291.00000 5846.59700  7.06%   172 1160s
 356617 161034 5961.33323   36  173 6291.00000 5846.68895  7.06%   172 1165s
 358953 161998 5972.11716   27  185 6291.00000 5846.88235  7.06%   172 1174s
 360195 162608 5969.90661   46  185 6291.00000 5846.95055  7.06%   172 1179s
 361476 163164 6052.59572   31  137 6291.00000 5847.03825  7.06%   172 1183s
 362857 163717 5864.66424   32  231 6291.00000 5847.12059  7.06%   172 1188s
 363986 164170 infeasible   39      6291.00000 5847.17167  7.05%   172 1192s
 365043 164675 6089.83090   44  123 6291.00000 5847.24860  7.05%   172 1196s
 366278 165131 5853.69356   32  267 6291.00000 5847.35302  7.05%   172 1201s
 367448 165665     cutoff   51      6291.00000 5847.42601  7.05%   172 1206s
 368834 166117 5973.74686   36  122 6291.00000 5847.48550  7.05%   172 1210s
 369940 166689 5856.70791   31  277 6291.00000 5847.58419  7.05%   172 1215s
 371231 167196 6271.03585   43  225 6291.00000 5847.69480  7.05%   172 1220s
 372423 167563 6253.42877   38  162 6291.00000 5847.77546  7.05%   172 1225s
 373340 168183 5977.69218   44  189 6291.00000 5847.79596  7.05%   172 1230s
 375985 169256 5954.06516   31  174 6291.00000 5847.98712  7.04%   172 1239s
 377131 169936 5874.70934   37  167 6291.00000 5848.03671  7.04%   172 1244s
 378610 170434     cutoff   34      6291.00000 5848.08996  7.04%   172 1249s
 379919 171019 5947.33091   47  152 6291.00000 5848.20401  7.04%   172 1253s
 381178 171521 5957.14307   29  247 6291.00000 5848.30294  7.04%   172 1258s
 382528 171767 5924.50311   35  226 6291.00000 5848.37308  7.04%   172 1263s
 383065 172767 5968.43641   36  217 6291.00000 5848.37500  7.04%   172 1272s
 385428 173410 6168.00833   35  164 6291.00000 5848.49905  7.03%   172 1277s
 386843 173901 infeasible   44      6291.00000 5848.65700  7.03%   172 1282s
 388159 174401 6003.63306   38  140 6291.00000 5848.72881  7.03%   172 1287s
 389475 175038 6045.94023   32  177 6291.00000 5848.82090  7.03%   172 1292s
 390803 175605 6044.95597   42  214 6291.00000 5848.89937  7.03%   172 1296s
 392054 176089 6059.38906   42  154 6291.00000 5848.95677  7.03%   172 1301s
 393393 176637 6048.64541   44  245 6291.00000 5849.06411  7.02%   173 1306s
 394615 177267 5963.38647   38   96 6291.00000 5849.14536  7.02%   173 1311s
 396074 177848 5890.60255   37  219 6291.00000 5849.19756  7.02%   173 1315s
 397453 178281 6187.67124   60  114 6291.00000 5849.26597  7.02%   173 1320s
 399854 179374 5942.78265   36  166 6291.00000 5849.37710  7.02%   173 1329s
 401100 179828 6059.59466   36  111 6291.00000 5849.47148  7.02%   173 1333s
 402129 180332 5950.97949   33  240 6291.00000 5849.51135  7.02%   173 1338s
 403494 180876 5909.98284   26  204 6291.00000 5849.59351  7.02%   173 1342s
 404702 181448 6186.81293   56  129 6291.00000 5849.60490  7.02%   173 1347s
 405833 182019 6075.16388   33  155 6291.00000 5849.72543  7.01%   173 1352s
 407084 182553 5949.12168   30  266 6291.00000 5849.77625  7.01%   173 1357s
 408423 183087 6151.43675   38   84 6291.00000 5849.83365  7.01%   173 1361s
 409597 183532 6008.59111   25  196 6291.00000 5849.89525  7.01%   173 1366s
 410932 183999 5961.80000   32   84 6291.00000 5850.00000  7.01%   173 1371s
 412060 184387 6151.82938   38   88 6291.00000 5850.07479  7.01%   173 1376s
 413172 184821 5922.92969   32  135 6291.00000 5850.13579  7.01%   173 1381s
 414465 185269 5952.81587   37  136 6291.00000 5850.21997  7.01%   173 1385s
 415598 185817 5966.44098   29  265 6291.00000 5850.27456  7.01%   173 1390s
 416854 186298 6223.74190   40  186 6291.00000 5850.35070  7.00%   173 1395s
 417990 186852 6107.13725   44  128 6291.00000 5850.40625  7.00%   173 1400s
 420328 187928 5946.08653   34  194 6291.00000 5850.57694  7.00%   173 1409s
 421565 188365 6169.23598   43  102 6291.00000 5850.63481  7.00%   173 1413s
 422657 188869 6264.00000   58   95 6291.00000 5850.69749  7.00%   173 1417s
 423811 189374 6110.87865   44  122 6291.00000 5850.78353  7.00%   173 1422s
 425125 189837 6010.05731   50   91 6291.00000 5850.85126  7.00%   173 1427s
 426242 190359 5963.75749   37  130 6291.00000 5850.91489  7.00%   173 1432s
 427408 190839 6106.41480   47   97 6291.00000 5850.97556  6.99%   173 1437s
 428741 191334 5993.14173   32  170 6291.00000 5851.05884  6.99%   173 1441s
 429930 191824 6199.69722   45  145 6291.00000 5851.13316  6.99%   173 1446s
 431062 192320 6267.97025   58  103 6291.00000 5851.21282  6.99%   173 1450s
 432330 192744 6044.86507   31  194 6291.00000 5851.28571  6.99%   173 1455s
 433386 193307 6055.01725   34  182 6291.00000 5851.34024  6.99%   173 1461s
 434673 193846 5893.01176   30  256 6291.00000 5851.44175  6.99%   173 1465s
 435853 194319 infeasible   35      6291.00000 5851.52710  6.99%   173 1470s
 437816 195397     cutoff   33      6291.00000 5851.62713  6.98%   173 1481s
 439628 195691 6205.15842   41  174 6291.00000 5851.73333  6.98%   173 1487s
 440406 196251 6104.11327   55  165 6291.00000 5851.73697  6.98%   173 1493s
 441861 196878 infeasible   47      6291.00000 5851.85621  6.98%   173 1498s
 443286 197500 6136.73952   40  180 6291.00000 5851.92569  6.98%   173 1503s
 444775 198012 5860.60521   27  291 6291.00000 5851.99654  6.98%   173 1509s
 446104 198544     cutoff   43      6291.00000 5852.06276  6.98%   173 1513s
 447359 199008 5997.30281   39  207 6291.00000 5852.13270  6.98%   173 1519s
 448580 199445 6009.28034   39  200 6291.00000 5852.21987  6.97%   173 1524s
 449576 199942     cutoff   39      6291.00000 5852.29658  6.97%   173 1529s
 450787 200638 infeasible   47      6291.00000 5852.37867  6.97%   174 1534s
 452213 201149 5944.60838   32  255 6291.00000 5852.45086  6.97%   173 1539s
 453468 201738 5942.55964   33  209 6291.00000 5852.49926  6.97%   174 1544s
 454927 202145     cutoff   42      6291.00000 5852.56160  6.97%   173 1548s
 455927 202632 6085.97612   42  167 6291.00000 5852.64422  6.97%   174 1553s
 457161 203190 infeasible   43      6291.00000 5852.71525  6.97%   174 1558s
 458357 203660 6118.20000   44  106 6291.00000 5852.80008  6.97%   174 1563s
 459569 204114 6001.21847   38  266 6291.00000 5852.86082  6.96%   174 1569s
 460677 204687 5940.66398   28  103 6291.00000 5852.92715  6.96%   174 1574s
 462015 205104 6091.67081   29  201 6291.00000 5853.00000  6.96%   174 1580s
 463279 205678 5949.72084   32  224 6291.00000 5853.03607  6.96%   174 1585s
 464631 206191 infeasible   38      6291.00000 5853.07083  6.96%   174 1590s
 465872 206641 5976.72396   38  190 6291.00000 5853.15402  6.96%   174 1595s
 467025 207163 6071.14431   38  134 6291.00000 5853.19954  6.96%   174 1601s
 468273 207791 infeasible   32      6291.00000 5853.28865  6.96%   174 1606s
 469761 208363 infeasible   47      6291.00000 5853.34993  6.96%   174 1611s
 471123 208796     cutoff   44      6291.00000 5853.41323  6.96%   174 1616s
 472283 209218 5980.37663   48  217 6291.00000 5853.50000  6.95%   174 1621s
 473248 209589 6179.00305   34  126 6291.00000 5853.53988  6.95%   174 1626s
 474412 210120 5980.46297   32  132 6291.00000 5853.60196  6.95%   174 1630s
 475526 210630 6063.21347   44  218 6291.00000 5853.67139  6.95%   174 1635s
 476657 211071 infeasible   52      6291.00000 5853.72414  6.95%   174 1640s
 477783 211580 5957.74806   38  131 6291.00000 5853.79985  6.95%   174 1645s
 478988 212174 6135.25414   58  132 6291.00000 5853.89397  6.95%   174 1650s
 480318 212656 6102.14196   35  155 6291.00000 5853.96813  6.95%   174 1655s
 481528 213100 5998.52262   42  178 6291.00000 5854.03797  6.95%   174 1660s
 482620 213493 5891.53420   28  251 6291.00000 5854.10325  6.94%   174 1665s
 483673 214027 5944.25000   28   94 6291.00000 5854.15459  6.94%   174 1670s
 485056 214520     cutoff   36      6291.00000 5854.18944  6.94%   174 1675s
 486368 215000 5908.90217   30  236 6291.00000 5854.29071  6.94%   174 1680s
 487577 215575 5917.58932   40  265 6291.00000 5854.34873  6.94%   174 1685s
 488796 216110 6020.51483   35  131 6291.00000 5854.41175  6.94%   174 1691s
 490097 216686 5894.88397   41  218 6291.00000 5854.49710  6.94%   174 1696s
 491416 217151 5904.11757   30  219 6291.00000 5854.54908  6.94%   174 1700s
 492486 217541 6019.28324   30  136 6291.00000 5854.59400  6.94%   174 1705s
 493633 218142 5969.66667   29  124 6291.00000 5854.61430  6.94%   174 1710s
 494969 218699 6070.84533   44  203 6291.00000 5854.70847  6.94%   174 1715s
 496179 219145     cutoff   45      6291.00000 5854.76479  6.93%   174 1720s
 497402 219514     cutoff   43      6291.00000 5854.82466  6.93%   174 1725s
 498504 220069 infeasible   32      6291.00000 5854.88889  6.93%   174 1730s
 499775 220650 6053.51557   37  146 6291.00000 5854.99219  6.93%   174 1736s
 501097 221183     cutoff   49      6291.00000 5855.06136  6.93%   174 1741s
 502339 221703 6076.24614   32  140 6291.00000 5855.15846  6.93%   174 1746s
 503686 222160 6107.10197   46   86 6291.00000 5855.20050  6.93%   174 1751s
 504841 222655 5949.41381   37  199 6291.00000 5855.27637  6.93%   174 1756s
 506028 223176 6056.57633   28  199 6291.00000 5855.31667  6.93%   174 1762s
 507225 223668     cutoff   48      6291.00000 5855.38916  6.92%   174 1766s
 508474 224279 6131.02915   48   56 6291.00000 5855.43718  6.92%   174 1772s
 509728 224738 5968.31952   31  154 6291.00000 5855.50535  6.92%   174 1776s
 510855 225210 5953.29751   38  100 6291.00000 5855.58897  6.92%   174 1780s
 511958 225662 infeasible   56      6291.00000 5855.64173  6.92%   174 1785s
 513237 226016     cutoff   45      6291.00000 5855.71939  6.92%   174 1791s
 514260 226487 6149.69250   40  118 6291.00000 5855.80293  6.92%   174 1796s
 515311 227088 6280.66287   32  181 6291.00000 5855.85932  6.92%   174 1801s
 516872 227591 5906.98397   36  155 6291.00000 5855.92719  6.92%   174 1806s
 518048 228001 5957.14766   43  246 6291.00000 5855.96642  6.92%   174 1811s
 519225 228535 infeasible   32      6291.00000 5856.02778  6.91%   174 1816s
 520554 229050     cutoff   34      6291.00000 5856.07200  6.91%   174 1822s
 521813 229514     cutoff   43      6291.00000 5856.13510  6.91%   174 1826s
 523053 229893 5967.21884   33  212 6291.00000 5856.21008  6.91%   174 1832s
 523942 230385 5894.46291   33  251 6291.00000 5856.22438  6.91%   174 1838s
 525135 230884     cutoff   40      6291.00000 5856.28571  6.91%   174 1843s
 526370 231409 5944.25726   34  277 6291.00000 5856.37155  6.91%   174 1848s
 527557 231760 6216.68511   47  181 6291.00000 5856.43178  6.91%   174 1853s
 528530 232305 5916.49070   36  299 6291.00000 5856.50120  6.91%   174 1858s
 529910 232743 6170.49125   45  179 6291.00000 5856.56732  6.91%   174 1863s
 531145 233194 6181.31115   36  146 6291.00000 5856.60988  6.90%   174 1868s
 532367 233657 5944.20700   31  120 6291.00000 5856.68228  6.90%   174 1874s
 533510 234174 5955.61074   31  228 6291.00000 5856.73453  6.90%   174 1879s
 534772 234697 6171.84870   38  191 6291.00000 5856.81680  6.90%   174 1885s
 536059 235153 5863.01451   28  189 6291.00000 5856.89028  6.90%   174 1890s
 537179 235680 5949.49046   28  242 6291.00000 5856.94715  6.90%   174 1896s
 538503 235955 5972.50000   32  129 6291.00000 5857.00000  6.90%   175 1901s
 539183 236445 6266.29461   37  141 6291.00000 5857.00537  6.90%   175 1907s
 540397 237001 5980.09444   32  262 6291.00000 5857.08327  6.90%   175 1913s
 541886 237362 6172.70230   49  144 6291.00000 5857.13916  6.90%   175 1918s
 542745 237981 6067.71781   33  175 6291.00000 5857.20428  6.90%   175 1924s
 544174 238513 6166.02056   48  189 6291.00000 5857.26983  6.89%   175 1929s
 545504 238965 6061.33743   35  133 6291.00000 5857.35472  6.89%   175 1933s
 546596 239443 6135.13438   40  130 6291.00000 5857.40421  6.89%   174 1939s
 547734 239843 infeasible   33      6291.00000 5857.44640  6.89%   175 1944s
 548756 240321 6176.82535   34  212 6291.00000 5857.52847  6.89%   175 1949s
 549989 240848 6085.85349   38  191 6291.00000 5857.61051  6.89%   175 1954s
 551280 241322 infeasible   45      6291.00000 5857.65787  6.89%   175 1959s
 552444 241864 6268.53964   47  147 6291.00000 5857.74194  6.89%   175 1965s
 553749 242309 5859.22025   26  248 6291.00000 5857.78697  6.89%   175 1970s
 555109 242803 6034.39423   58  222 6291.00000 5857.86076  6.89%   175 1976s
 556320 243188 6070.62420   33  199 6291.00000 5857.91597  6.88%   175 1981s
 557471 243638 6135.37969   42   96 6291.00000 5857.97681  6.88%   175 1987s
 558670 244224 5933.69231   43  195 6291.00000 5858.04652  6.88%   175 1992s
 559981 244685 5946.38356   28  105 6291.00000 5858.12240  6.88%   175 1997s
 561127 245264     cutoff   42      6291.00000 5858.17685  6.88%   175 2003s
 562464 245846 5956.60000   35   97 6291.00000 5858.25296  6.88%   175 2008s
 563868 246277 5952.46054   36  152 6291.00000 5858.32381  6.88%   175 2012s
 564992 246761 6059.03799   35  170 6291.00000 5858.37781  6.88%   175 2017s
 566075 247253 infeasible   41      6291.00000 5858.43667  6.88%   175 2022s
 567118 247750 6078.04991   44  162 6291.00000 5858.47727  6.88%   175 2027s
 568305 248208     cutoff   34      6291.00000 5858.53552  6.87%   175 2033s
 569470 248663 5947.84798   41  211 6291.00000 5858.59292  6.87%   175 2039s
 570724 249210 6024.63589   37  161 6291.00000 5858.68186  6.87%   175 2044s
 572044 249608 6019.43037   37  245 6291.00000 5858.74104  6.87%   175 2050s
 573168 250079 6086.05943   39  181 6291.00000 5858.81113  6.87%   175 2055s
 574431 250626 5873.05693   34  176 6291.00000 5858.86410  6.87%   175 2061s
 575706 251068 5981.21878   27  200 6291.00000 5858.92821  6.87%   175 2067s
 576896 251578 6075.89190   48  191 6291.00000 5858.98864  6.87%   175 2072s
 578151 251972 6154.27855   25  115 6291.00000 5859.05336  6.87%   175 2078s
 579220 252403 6167.01483   33  146 6291.00000 5859.11734  6.87%   175 2084s
 580432 252953 5977.14815   41  143 6291.00000 5859.20108  6.86%   175 2090s
 582737 253775 6177.08251   43  134 6291.00000 5859.35000  6.86%   175 2100s
 583955 254156 6153.89343   38  167 6291.00000 5859.42690  6.86%   175 2106s
 585147 254623 5953.56579   40  218 6291.00000 5859.50063  6.86%   175 2111s
 586248 255286 infeasible   35      6291.00000 5859.55369  6.86%   175 2117s
 587862 255760 6008.24971   39  122 6291.00000 5859.62581  6.86%   175 2123s
 589147 256238 6125.40506   42  205 6291.00000 5859.68882  6.86%   175 2129s
 590318 256810 6076.66667   37  124 6291.00000 5859.75495  6.85%   175 2135s
 591574 257183 infeasible   40      6291.00000 5859.82500  6.85%   175 2140s
 592455 257631 6068.00000   43  105 6291.00000 5859.85672  6.85%   175 2146s
 593717 258146 6170.38853   58  105 6291.00000 5859.91152  6.85%   175 2152s
 595083 258581 6097.40971   31  134 6291.00000 5860.00298  6.85%   175 2157s
 596326 259159 5895.64010   33  258 6291.00000 5860.09949  6.85%   175 2163s
 597680 259563 6147.92474   37   98 6291.00000 5860.16998  6.85%   175 2169s
 598972 260086 5936.49394   37  228 6291.00000 5860.21243  6.85%   175 2174s
 600271 260490 5965.75532   34  230 6291.00000 5860.30824  6.85%   175 2179s
 601275 261020 6131.60624   46  152 6291.00000 5860.35344  6.85%   175 2184s
 602588 261490     cutoff   31      6291.00000 5860.42636  6.84%   175 2189s
 603794 261927 6052.66830   33  219 6291.00000 5860.51057  6.84%   175 2195s
 605021 262424 6009.76796   37  116 6291.00000 5860.58209  6.84%   175 2200s
 606216 262860 5954.90201   39  195 6291.00000 5860.62665  6.84%   175 2205s
 607401 263241 6141.33377   38  196 6291.00000 5860.68676  6.84%   175 2211s
 608616 263746 infeasible   45      6291.00000 5860.75475  6.84%   175 2216s
 609830 264207 6210.08695   44  168 6291.00000 5860.84355  6.84%   175 2222s
 611040 264586     cutoff   37      6291.00000 5860.91831  6.84%   175 2227s
 612249 265095 infeasible   43      6291.00000 5861.00198  6.84%   176 2233s
 613521 265527     cutoff   52      6291.00000 5861.05529  6.83%   176 2238s
 614920 265967 5867.05677   27  240 6291.00000 5861.12675  6.83%   176 2243s
 616160 266314 6062.04200   37  149 6291.00000 5861.19553  6.83%   176 2249s
 617185 266773     cutoff   41      6291.00000 5861.24582  6.83%   176 2254s
 618350 267056 6176.75314   33  126 6291.00000 5861.31587  6.83%   176 2259s
 619424 267570 6167.68526   48  139 6291.00000 5861.37306  6.83%   176 2264s
 620676 267957 6229.62946   34  162 6291.00000 5861.45208  6.83%   176 2269s
 621776 268482 6019.39696   41  166 6291.00000 5861.54166  6.83%   176 2274s
 623072 268893 6095.46999   39  162 6291.00000 5861.60711  6.83%   176 2279s
 624063 269419 6148.40000   40   64 6291.00000 5861.63648  6.83%   176 2284s
 625319 269797     cutoff   53      6291.00000 5861.71104  6.82%   176 2290s
 626449 270330     cutoff   40      6291.00000 5861.78212  6.82%   176 2295s
 627936 270859 5910.78014   24  278 6291.00000 5861.85571  6.82%   176 2301s
 629202 271236 5979.43598   34  189 6291.00000 5861.94118  6.82%   176 2306s
 630346 271721 5916.30295   31  196 6291.00000 5861.96149  6.82%   176 2312s
 631723 272174     cutoff   56      6291.00000 5862.04867  6.82%   176 2317s
 632969 272770 5924.35643   38  203 6291.00000 5862.09347  6.82%   176 2322s
 634274 273323 6074.84617   43  168 6291.00000 5862.15902  6.82%   176 2327s
 635591 273735     cutoff   40      6291.00000 5862.25541  6.82%   175 2332s
 636631 274150 6156.17345   37  124 6291.00000 5862.30475  6.81%   176 2337s
 637686 274670 5975.79560   33  147 6291.00000 5862.36311  6.81%   176 2342s
 639008 275193     cutoff   31      6291.00000 5862.44052  6.81%   175 2347s
 640189 275672 6154.55978   38  170 6291.00000 5862.50350  6.81%   175 2352s
 641387 276166 6043.32080   38  190 6291.00000 5862.57721  6.81%   175 2356s
 642602 276557 5865.35186   36  201 6291.00000 5862.62024  6.81%   175 2362s
 643793 277057 6102.84113   29  138 6291.00000 5862.67357  6.81%   175 2367s
 645036 277418 6046.75108   45  105 6291.00000 5862.73782  6.81%   175 2372s
 646050 277696 5953.22998   29  172 6291.00000 5862.78904  6.81%   175 2377s
 647220 278181 5915.21357   27  241 6291.00000 5862.83779  6.81%   175 2383s
 648488 278737 6197.08058   59  150 6291.00000 5862.88430  6.81%   175 2388s
 649866 279156 infeasible   62      6291.00000 5862.98273  6.80%   175 2393s
 651011 279602 5880.63426   35  228 6291.00000 5863.06303  6.80%   175 2399s
 652240 279983 6129.51100   53  143 6291.00000 5863.12677  6.80%   175 2404s
 653327 280384 5912.22193   32  168 6291.00000 5863.18520  6.80%   175 2409s
 654533 280732 5881.16796   33  182 6291.00000 5863.29250  6.80%   175 2414s
 655521 281191 6074.47188   45  136 6291.00000 5863.37196  6.80%   175 2419s
 656938 281464 6068.76815   46  159 6291.00000 5863.44771  6.80%   175 2425s
 657690 281819     cutoff   39      6291.00000 5863.46389  6.80%   175 2431s
 658659 282397 infeasible   49      6291.00000 5863.53028  6.79%   175 2438s
 660217 282936 6167.43925   47  101 6291.00000 5863.61735  6.79%   175 2443s
 661759 283352     cutoff   48      6291.00000 5863.68881  6.79%   175 2449s
 663133 283659 6170.59210   41  226 6291.00000 5863.77276  6.79%   175 2455s
 664005 284130 6062.93657   40  196 6291.00000 5863.81219  6.79%   175 2461s
 665227 284573 5966.42906   27  142 6291.00000 5863.89510  6.79%   175 2466s
 666476 284995 5955.53377   36  204 6291.00000 5863.96975  6.79%   175 2472s
 667942 285418 5972.68009   34  185 6291.00000 5864.04045  6.79%   175 2477s
 669104 285902 5969.69025   35  216 6291.00000 5864.13806  6.79%   175 2483s
 670421 286456 6053.80512   34  230 6291.00000 5864.21131  6.78%   175 2489s
 671722 287010     cutoff   47      6291.00000 5864.28534  6.78%   175 2494s
 673091 287425 6180.29235   41  149 6291.00000 5864.34346  6.78%   175 2499s
 674181 287979 5965.60714   41  148 6291.00000 5864.42148  6.78%   175 2504s
 675495 288407 6072.38689   30  256 6291.00000 5864.50281  6.78%   175 2509s
 676603 288939     cutoff   42      6291.00000 5864.56242  6.78%   175 2514s
 677877 289312 6176.53958   50   94 6291.00000 5864.63114  6.78%   175 2519s
 679004 289659     cutoff   27      6291.00000 5864.69829  6.78%   175 2525s
 680016 290152 5977.35048   46  113 6291.00000 5864.76190  6.78%   175 2530s
 681340 290587 6159.87768   31  194 6291.00000 5864.79698  6.77%   175 2535s
 682573 291047 5966.65136   30  193 6291.00000 5864.90133  6.77%   175 2541s
 683876 291502 5983.60113   42  211 6291.00000 5864.97628  6.77%   175 2546s
 685056 291850 infeasible   42      6291.00000 5865.04297  6.77%   175 2551s
 686265 292295 6055.97860   38  269 6291.00000 5865.13759  6.77%   175 2557s
 687404 292802 6171.88479   39  213 6291.00000 5865.18576  6.77%   175 2562s
 688628 293292     cutoff   39      6291.00000 5865.24383  6.77%   175 2567s
 689980 293831 infeasible   45      6291.00000 5865.34192  6.77%   175 2573s
 691330 294208 6147.95633   40  211 6291.00000 5865.38890  6.77%   175 2577s
 692388 294458 6119.66238   48  134 6291.00000 5865.44418  6.76%   175 2583s
 693153 294997 6188.64284   50  129 6291.00000 5865.44418  6.76%   175 2589s
 694625 295608 6173.75980   48  144 6291.00000 5865.57143  6.76%   176 2595s
 696208 296111 5959.49418   39  261 6291.00000 5865.62606  6.76%   175 2601s
 697541 296532 6165.76073   37  214 6291.00000 5865.72284  6.76%   175 2606s
 698754 297060 6007.82109   44  263 6291.00000 5865.79943  6.76%   175 2612s
 700080 297469 6090.19749   38  100 6291.00000 5865.83572  6.76%   176 2617s
 701354 298046 5979.99433   43  188 6291.00000 5865.93888  6.76%   176 2622s
 702691 298500 infeasible   47      6291.00000 5866.00794  6.76%   176 2627s
 704091 298968 6051.90973   34  188 6291.00000 5866.03013  6.76%   176 2633s
 705391 299460     cutoff   43      6291.00000 5866.14425  6.75%   176 2638s
 706688 299942 infeasible   51      6291.00000 5866.19749  6.75%   175 2644s
 707983 300388 infeasible   37      6291.00000 5866.28435  6.75%   175 2649s
 709164 300860 6193.43443   50  152 6291.00000 5866.33379  6.75%   176 2654s
 710345 301134 infeasible   32      6291.00000 5866.38983  6.75%   175 2659s
 710996 301621 6170.85714   36  102 6291.00000 5866.45733  6.75%   175 2664s
 712374 302175 6048.13805   40  221 6291.00000 5866.52354  6.75%   175 2670s
 713654 302600     cutoff   51      6291.00000 5866.61953  6.75%   176 2676s
 715079 303025 5897.95060   42  215 6291.00000 5866.71539  6.74%   175 2681s
 716441 303463 infeasible   41      6291.00000 5866.78014  6.74%   175 2687s
 717705 303908 6180.95996   46  132 6291.00000 5866.82815  6.74%   175 2692s
 719122 304422 infeasible   59      6291.00000 5866.88757  6.74%   175 2697s
 720401 304790 6180.62545   41  184 6291.00000 5866.96129  6.74%   175 2702s
 721509 305301 5981.23928   36  210 6291.00000 5867.03273  6.74%   175 2707s
 722891 305693     cutoff   34      6291.00000 5867.08333  6.74%   175 2713s
 724078 306142 5978.45066   30  223 6291.00000 5867.12848  6.74%   175 2718s
 725325 306565 6102.78769   32  118 6291.00000 5867.19518  6.74%   175 2723s
 726496 306926 5962.89384   35  144 6291.00000 5867.25636  6.74%   175 2728s
 727658 307314 5954.96322   31   81 6291.00000 5867.33092  6.73%   175 2733s
 728703 307787 5994.05322   34  204 6291.00000 5867.40374  6.73%   175 2738s
 729940 308218 6037.69540   41  186 6291.00000 5867.45169  6.73%   175 2744s
 731071 308808 6069.71109   29  218 6291.00000 5867.56075  6.73%   176 2749s
 732541 309338 6267.37704   43  111 6291.00000 5867.61210  6.73%   175 2755s
 733977 309799     cutoff   48      6291.00000 5867.67458  6.73%   175 2760s
 735233 310243 6211.97401   41  113 6291.00000 5867.77602  6.73%   175 2765s
 736416 310687     cutoff   47      6291.00000 5867.82252  6.73%   175 2770s
 737701 311068 5976.72912   42  162 6291.00000 5867.86685  6.73%   175 2775s
 738809 311556 5908.56283   39  283 6291.00000 5867.94321  6.72%   175 2781s
 740125 311966 6127.99336   34  189 6291.00000 5868.00085  6.72%   175 2786s
 741350 312317 6148.10869   35  225 6291.00000 5868.07822  6.72%   175 2792s
 742512 312714 infeasible   36      6291.00000 5868.12777  6.72%   175 2797s
 743674 313117 6013.99429   47  104 6291.00000 5868.20551  6.72%   175 2803s
 744815 313601 5989.61826   49  176 6291.00000 5868.26262  6.72%   175 2808s
 746045 314028 5875.41125   36  259 6291.00000 5868.31415  6.72%   175 2813s
 747056 314540 5984.87391   29  133 6291.00000 5868.34301  6.72%   175 2818s
 748498 315005     cutoff   40      6291.00000 5868.43180  6.72%   175 2823s
 749787 315463 6029.26301   36  180 6291.00000 5868.52373  6.72%   175 2828s
 751047 315915 6004.02527   48  193 6291.00000 5868.57127  6.71%   175 2833s
 752308 316431 6163.00000   32   74 6291.00000 5868.65729  6.71%   175 2838s
 753610 316787 infeasible   33      6291.00000 5868.73738  6.71%   175 2843s
 754479 317271 5888.94216   36  237 6291.00000 5868.80079  6.71%   175 2849s
 755830 317689 6284.04557   40  129 6291.00000 5868.84561  6.71%   175 2854s
 757054 318180 infeasible   51      6291.00000 5868.92341  6.71%   175 2859s
 758303 318707 5972.18993   38  187 6291.00000 5868.98365  6.71%   175 2864s
 759535 319182     cutoff   58      6291.00000 5869.07276  6.71%   175 2869s
 760719 319678 6239.86376   45   72 6291.00000 5869.11848  6.71%   175 2875s
 761984 320072     cutoff   46      6291.00000 5869.18247  6.71%   175 2880s
 763157 320488 5973.81366   49  135 6291.00000 5869.27547  6.70%   175 2885s
 764247 320894 6086.85765   41  158 6291.00000 5869.32075  6.70%   175 2890s
 765341 321352 6252.96365   47  146 6291.00000 5869.37870  6.70%   175 2895s
 766492 321817 6256.59338   42  127 6291.00000 5869.45224  6.70%   175 2900s
 767766 322309     cutoff   51      6291.00000 5869.49490  6.70%   175 2906s
 768948 322774 6002.60866   36  236 6291.00000 5869.57060  6.70%   175 2911s
 770243 322964 infeasible   34      6291.00000 5869.65124  6.70%   175 2917s
 770889 323418 6162.89149   40  164 6291.00000 5869.65124  6.70%   175 2923s
 772128 323835 6065.06029   54  102 6291.00000 5869.74576  6.70%   175 2928s
 773559 324234 6149.72870   38  122 6291.00000 5869.85615  6.69%   175 2934s
 774743 324676 6043.80828   37  136 6291.00000 5869.92096  6.69%   175 2940s
 776134 325227 5969.34902   38  173 6291.00000 5869.95714  6.69%   175 2945s
 777514 325645 5981.55161   39  208 6291.00000 5870.01731  6.69%   175 2950s
 778696 326153 infeasible   39      6291.00000 5870.07794  6.69%   175 2956s
 780071 326552 6094.59572   38  284 6291.00000 5870.18728  6.69%   175 2961s
 781333 327035     cutoff   39      6291.00000 5870.25790  6.69%   175 2967s
 782616 327464 6156.87327   39  158 6291.00000 5870.34055  6.69%   175 2971s
 783725 327910 6153.44914   35  192 6291.00000 5870.41503  6.69%   175 2977s
 784973 328440     cutoff   48      6291.00000 5870.48169  6.68%   175 2982s
 786205 328909 6110.19488   43  145 6291.00000 5870.54698  6.68%   175 2987s
 787491 329378 5977.59285   35  205 6291.00000 5870.60568  6.68%   175 2993s
 788661 329878 5944.97703   29  291 6291.00000 5870.70527  6.68%   175 2998s
 790085 330262     cutoff   32      6291.00000 5870.75799  6.68%   175 3003s
 791248 330677 5961.49638   44  200 6291.00000 5870.81633  6.68%   175 3008s
 792537 331122 6149.62861   41  185 6291.00000 5870.89795  6.68%   175 3013s
 793664 331461     cutoff   54      6291.00000 5870.93997  6.68%   175 3018s
 794828 331464 5930.28669   39  178 6291.00000 5870.98743  6.68%   175 3025s
 794849 331475 5930.45818   40  227 6291.00000 5870.98743  6.68%   175 3030s
 794861 331482 5957.34310   41  226 6291.00000 5870.98743  6.68%   175 3035s
 794878 331490 5970.41199   42  177 6291.00000 5870.98743  6.68%   175 3041s
 794893 331497 5971.38725   43  194 6291.00000 5870.98743  6.68%   175 3046s
 794910 331772 5972.01626   44  193 6291.00000 5870.99848  6.68%   175 3052s
 795583 332284 6274.73812   32   86 6291.00000 5871.03636  6.68%   175 3057s
 796757 332827 5939.63850   35  119 6291.00000 5871.11438  6.67%   175 3063s
 798157 333228 6084.15150   47  119 6291.00000 5871.19815  6.67%   175 3068s
 799445 333705 6179.19745   43  119 6291.00000 5871.26618  6.67%   175 3073s
 800741 334050 6010.84275   39  200 6291.00000 5871.36446  6.67%   175 3078s
 801843 334566 6150.41075   33  130 6291.00000 5871.40072  6.67%   175 3084s
 803260 334900 6190.88942   49  136 6291.00000 5871.45492  6.67%   175 3088s
 804309 335360 6152.53512   40  231 6291.00000 5871.53689  6.67%   175 3093s
 805528 335781 5951.91722   37  235 6291.00000 5871.60554  6.67%   175 3099s
 806673 336200 6197.31526   53   99 6291.00000 5871.68516  6.67%   175 3104s
 807936 336620 6197.44642   49  176 6291.00000 5871.75371  6.66%   175 3109s
 809149 336991     cutoff   47      6291.00000 5871.79702  6.66%   175 3115s
 810283 337401 5964.04486   29  188 6291.00000 5871.86917  6.66%   175 3120s
 811500 337820 6072.84020   36  119 6291.00000 5871.96049  6.66%   175 3125s
 812579 338282 6023.48390   33  237 6291.00000 5872.03462  6.66%   175 3131s
 813789 338707     cutoff   52      6291.00000 5872.11033  6.66%   175 3136s
 815175 339222 6179.65725   44   98 6291.00000 5872.22080  6.66%   175 3142s
 816340 339677 6102.49220   51  150 6291.00000 5872.27490  6.66%   175 3147s
 817549 340153 6111.85214   44  156 6291.00000 5872.36128  6.65%   175 3153s
 818802 340621 5974.49462   32  221 6291.00000 5872.45316  6.65%   175 3158s
 820009 341110 6004.56498   35  210 6291.00000 5872.50220  6.65%   175 3162s
 821239 341508 6030.14400   34  197 6291.00000 5872.56352  6.65%   175 3168s
 822336 341945 5976.78390   35  174 6291.00000 5872.64273  6.65%   175 3173s
 823541 342369 6134.24763   52  192 6291.00000 5872.73462  6.65%   175 3178s
 824664 342877     cutoff   42      6291.00000 5872.78754  6.65%   175 3184s
 825908 343393 infeasible   39      6291.00000 5872.87207  6.65%   175 3189s
 827272 343844 infeasible   35      6291.00000 5872.95199  6.65%   175 3194s
 828692 344301 6266.73333   54  127 6291.00000 5873.02535  6.64%   175 3199s
 829973 344777 6079.63817   37  179 6291.00000 5873.10976  6.64%   175 3204s
 831224 345176 infeasible   37      6291.00000 5873.17141  6.64%   175 3209s
 832425 345518 infeasible   32      6291.00000 5873.25152  6.64%   175 3214s
 833358 345825 6062.82803   35  137 6291.00000 5873.31535  6.64%   175 3219s
 834208 346185 5970.22146   30  215 6291.00000 5873.33282  6.64%   175 3225s
 835332 346663 infeasible   47      6291.00000 5873.44228  6.64%   175 3230s
 836757 347138 6221.90936   46  155 6291.00000 5873.51088  6.64%   175 3235s
 837991 347509 infeasible   37      6291.00000 5873.56177  6.64%   175 3240s
 839139 347873 6050.51929   33  253 6291.00000 5873.65571  6.63%   175 3245s
 840202 348246 6175.05900   42  174 6291.00000 5873.72986  6.63%   175 3250s
 841303 348690 5981.51951   35  156 6291.00000 5873.79657  6.63%   175 3255s
 842511 349156 5985.06628   31  162 6291.00000 5873.87906  6.63%   175 3260s
 843768 349650 6058.39997   41   96 6291.00000 5873.94165  6.63%   175 3266s
 845231 350055 5944.11226   39  161 6291.00000 5874.01502  6.63%   175 3271s
 846371 350430 6078.78934   37   66 6291.00000 5874.06516  6.63%   175 3276s
 847452 350885 5965.27438   26  176 6291.00000 5874.16002  6.63%   175 3281s
 848798 351396 6026.21245   39  148 6291.00000 5874.21669  6.63%   175 3286s
 850068 351795 6050.66875   41  200 6291.00000 5874.28980  6.62%   175 3291s
 851228 352219 5911.33415   42  154 6291.00000 5874.35980  6.62%   175 3297s
 852350 352663     cutoff   49      6291.00000 5874.44737  6.62%   175 3302s
 853416 352971 6066.20794   38  218 6291.00000 5874.48511  6.62%   175 3307s
 854454 353332 6000.46509   36  180 6291.00000 5874.54000  6.62%   175 3312s
 855499 353848 infeasible   34      6291.00000 5874.64621  6.62%   175 3317s
 856893 354187 6029.37710   37  153 6291.00000 5874.74298  6.62%   175 3323s
 857807 354693 5977.51159   40  192 6291.00000 5874.77610  6.62%   175 3329s
 859145 355239 infeasible   38      6291.00000 5874.85249  6.61%   175 3334s
 860558 355787 infeasible   45      6291.00000 5874.94208  6.61%   175 3339s
 861979 356240 5973.67259   49  162 6291.00000 5875.01812  6.61%   175 3344s
 863232 356721 5897.56678   28  219 6291.00000 5875.09785  6.61%   175 3350s
 864581 357176 6041.50000   35  124 6291.00000 5875.19298  6.61%   175 3355s
 865816 357642 5963.37784   37  196 6291.00000 5875.27821  6.61%   175 3360s
 867039 358060 6012.59796   39  143 6291.00000 5875.36512  6.61%   175 3366s
 868202 358503 6003.19752   37  227 6291.00000 5875.40960  6.61%   175 3371s
 869626 358913 5969.25171   46  243 6291.00000 5875.51894  6.60%   175 3376s
 870786 359400 infeasible   37      6291.00000 5875.57353  6.60%   175 3381s
 872056 359819 5992.19118   32  163 6291.00000 5875.62888  6.60%   175 3386s
 873281 360181 5970.40427   40  186 6291.00000 5875.68933  6.60%   175 3391s
 874315 360651 6176.03230   31  185 6291.00000 5875.74643  6.60%   175 3397s
 875585 361156     cutoff   33      6291.00000 5875.82610  6.60%   175 3402s
 877014 361614 6042.71532   35   57 6291.00000 5875.88872  6.60%   175 3408s
 878354 362015 5911.93423   41  218 6291.00000 5875.98348  6.60%   175 3413s
 879439 362459 6112.50000   41  155 6291.00000 5876.05214  6.60%   175 3419s
 880642 362915 6073.12961   34  174 6291.00000 5876.10733  6.60%   175 3424s
 882025 363326 5980.79087   36  178 6291.00000 5876.15513  6.59%   175 3429s
 883181 363702 6135.32402   51  149 6291.00000 5876.25688  6.59%   175 3434s
 884253 364120 6176.78338   33  139 6291.00000 5876.33330  6.59%   175 3439s
 885480 364641 6186.13407   30  100 6291.00000 5876.41896  6.59%   175 3445s
 886776 365037 6024.17685   40  200 6291.00000 5876.50891  6.59%   175 3450s
 887929 365466 6179.67264   47  121 6291.00000 5876.57352  6.59%   175 3455s
 889286 365858 6191.79305   41  174 6291.00000 5876.63815  6.59%   175 3461s
 890292 366263 5934.00351   38  186 6291.00000 5876.71883  6.59%   175 3466s
 891513 366765 6076.32696   42  154 6291.00000 5876.78205  6.58%   175 3471s
 892699 367108 5955.21563   36  279 6291.00000 5876.84910  6.58%   175 3476s
 893818 367342 6066.89576   32  163 6291.00000 5876.96051  6.58%   175 3482s
 894432 367821 6205.11488   47  139 6291.00000 5876.97082  6.58%   175 3488s
 895799 368362 6067.37691   33  185 6291.00000 5877.08472  6.58%   175 3494s
 897218 368896 5954.28630   27  188 6291.00000 5877.19401  6.58%   175 3500s
 898651 369297 5959.27118   45  164 6291.00000 5877.25957  6.58%   175 3505s
 899979 369700 6249.33943   60   89 6291.00000 5877.35548  6.58%   175 3510s
 901244 370125 5914.45357   35  203 6291.00000 5877.44278  6.57%   175 3516s
 902398 370596 6124.91141   36  168 6291.00000 5877.53092  6.57%   175 3521s
 903759 370987 6156.09424   34  140 6291.00000 5877.60188  6.57%   175 3526s
 904978 371534 5951.71347   37  238 6291.00000 5877.66542  6.57%   175 3532s
 906396 371874 5948.75000   26   94 6291.00000 5877.74072  6.57%   175 3537s
 907701 372344 6077.93084   43  188 6291.00000 5877.85047  6.57%   175 3542s
 909043 372748 5953.76967   33  275 6291.00000 5877.91729  6.57%   175 3547s
 910367 373180 6006.40979   44  150 6291.00000 5877.97703  6.57%   175 3552s
 911755 373516     cutoff   35      6291.00000 5878.03583  6.56%   175 3556s
 912771 373822 6201.70884   32  182 6291.00000 5878.11918  6.56%   175 3561s
 913867 374296 6032.58281   38  115 6291.00000 5878.17304  6.56%   175 3566s
 915095 374685 infeasible   54      6291.00000 5878.28117  6.56%   175 3570s
 916311 375025 6235.00000   40   92 6291.00000 5878.32173  6.56%   175 3575s
 917384 375438     cutoff   34      6291.00000 5878.40017  6.56%   175 3580s
 918659 375886 6200.05733   30  148 6291.00000 5878.46473  6.56%   175 3585s
 919915 376410 6272.20849   43   92 6291.00000 5878.53968  6.56%   175 3590s
 921125 376877 6050.04913   28  206 6291.00000 5878.63061  6.55%   175 3595s
 922303 377293 6123.38192   40  200 6291.00000 5878.69985  6.55%   175 3600s
 923561 377665 5898.84063   23  127 6291.00000 5878.79967  6.55%   175 3605s
 924720 378088 6060.44796   39  174 6291.00000 5878.89338  6.55%   175 3610s
 925956 378537 5984.37433   45  149 6291.00000 5878.98129  6.55%   175 3615s
 927192 378906 6215.32289   38  141 6291.00000 5879.06027  6.55%   175 3620s
 928245 379281 6143.78639   38  137 6291.00000 5879.11623  6.55%   175 3625s
 929233 379859 6020.18732   37  138 6291.00000 5879.20735  6.55%   175 3631s
 930865 380152 6078.00000   29  132 6291.00000 5879.27225  6.54%   175 3636s
 932081 380653 6153.14555   46  131 6291.00000 5879.36951  6.54%   175 3641s
 933363 381054 5944.40180   30  147 6291.00000 5879.43744  6.54%   175 3647s
 934374 381603 5991.60295   39  224 6291.00000 5879.52794  6.54%   175 3652s
 935721 382001 6267.25268   38  160 6291.00000 5879.59769  6.54%   175 3657s
 937066 382504 5975.82155   35  154 6291.00000 5879.68660  6.54%   174 3662s
 938288 382975 5981.77446   48  272 6291.00000 5879.75410  6.54%   174 3667s
 939472 383402 5883.08095   31  191 6291.00000 5879.81996  6.54%   175 3672s
 940878 383771 6206.67887   36  104 6291.00000 5879.88511  6.53%   174 3677s
 941971 384357 6162.00878   31  142 6291.00000 5879.95332  6.53%   174 3682s
 943340 384794 5953.51893   33  166 6291.00000 5880.02218  6.53%   174 3687s
 944482 385290 6153.04386   32  227 6291.00000 5880.06296  6.53%   174 3693s
 945710 385762 6148.50002   25  229 6291.00000 5880.12115  6.53%   174 3698s
 946978 386139 infeasible   52      6291.00000 5880.18915  6.53%   174 3703s
 948123 386533 6182.27197   40  217 6291.00000 5880.26366  6.53%   174 3708s
 949257 386969 6144.36376   40  140 6291.00000 5880.32836  6.53%   174 3713s
 950685 387408 6179.02991   45  235 6291.00000 5880.42366  6.53%   174 3718s
 951887 387992 6164.11669   34  159 6291.00000 5880.50093  6.53%   174 3724s
 953232 388397 6064.65133   46  124 6291.00000 5880.56525  6.52%   174 3729s
 954380 388770 6130.60351   54  115 6291.00000 5880.63254  6.52%   174 3734s
 955681 389241 6280.07303   48  114 6291.00000 5880.69817  6.52%   174 3739s
 956912 389625     cutoff   34      6291.00000 5880.77713  6.52%   174 3744s
 958241 390092 6139.20138   46  143 6291.00000 5880.80177  6.52%   174 3749s
 959474 390469 6051.99383   33  162 6291.00000 5880.92417  6.52%   174 3754s
 960744 390922 6197.11227   41  143 6291.00000 5880.99819  6.52%   174 3759s
 962047 391378 5994.74074   46  162 6291.00000 5881.03261  6.52%   174 3764s
 963190 391837 6156.48115   45   78 6291.00000 5881.13214  6.52%   174 3769s
 964379 392392 6009.30414   33  222 6291.00000 5881.20792  6.51%   174 3775s
 965763 392654 6137.29229   34  159 6291.00000 5881.27153  6.51%   174 3780s
 966697 393120 5904.45519   24  196 6291.00000 5881.31396  6.51%   174 3786s
 968264 393600 6139.21631   54  173 6291.00000 5881.40426  6.51%   174 3792s
 969620 394061 6067.02056   38  185 6291.00000 5881.46667  6.51%   174 3797s
 970839 394593 5961.48049   38  122 6291.00000 5881.54778  6.51%   174 3803s
 972181 395092 6066.43457   38  209 6291.00000 5881.64845  6.51%   174 3808s
 973540 395479 5934.05670   47  259 6291.00000 5881.73509  6.51%   174 3813s
 974768 395938 5913.81009   33  201 6291.00000 5881.81250  6.50%   174 3818s
 976038 396208 6238.94991   44  166 6291.00000 5881.88758  6.50%   174 3824s
 976784 396823 6082.15949   32  165 6291.00000 5881.92645  6.50%   174 3830s
 978224 397245 6084.26310   43  161 6291.00000 5882.01959  6.50%   174 3835s
 979575 397673 5976.82645   40  169 6291.00000 5882.11401  6.50%   174 3840s
 980936 398162 6166.87023   54  120 6291.00000 5882.18396  6.50%   174 3845s
 982145 398623 infeasible   38      6291.00000 5882.28698  6.50%   174 3850s
 983342 399172 6117.23913   42  203 6291.00000 5882.34222  6.50%   174 3855s
 984646 399659 6028.67350   47  199 6291.00000 5882.43446  6.49%   174 3860s
 987105 400391 5995.86330   45  163 6291.00000 5882.57674  6.49%   174 3869s
 988414 400686 6044.52222   36  145 6291.00000 5882.66822  6.49%   174 3874s
 989323 401013     cutoff   37      6291.00000 5882.71035  6.49%   174 3878s
 990414 401527 5965.95853   43  232 6291.00000 5882.79783  6.49%   174 3883s
 991724 402015 6158.28490   41  125 6291.00000 5882.87919  6.49%   174 3888s
 992992 402440 5966.97619   28  239 6291.00000 5882.96092  6.49%   174 3893s
 994076 402904 5944.02761   27  127 6291.00000 5883.00000  6.49%   174 3898s
 995303 403251 6108.66289   50  121 6291.00000 5883.04359  6.48%   174 3904s
 996406 403683 6177.48058   33  146 6291.00000 5883.07692  6.48%   174 3909s
 997700 404183 6144.24885   53  166 6291.00000 5883.12986  6.48%   174 3913s
 998966 404625 5916.07924   36  172 6291.00000 5883.20588  6.48%   174 3918s
 1000055 405135 5976.64667   34  195 6291.00000 5883.26056  6.48%   174 3924s
 1001300 405538 6192.69006   46  120 6291.00000 5883.31841  6.48%   174 3929s
 1002443 405984 infeasible   40      6291.00000 5883.40200  6.48%   174 3934s
 1003586 406439 infeasible   48      6291.00000 5883.43565  6.48%   174 3938s
 1004825 406957     cutoff   54      6291.00000 5883.52853  6.48%   174 3944s
 1006306 407340 6285.84763   43  160 6291.00000 5883.59545  6.48%   174 3948s
 1007426 407749 infeasible   44      6291.00000 5883.63626  6.48%   174 3954s
 1008588 408249 5931.40000   39  138 6291.00000 5883.69551  6.47%   174 3958s
 1009897 408535 infeasible   40      6291.00000 5883.78926  6.47%   174 3963s
 1010972 409013     cutoff   40      6291.00000 5883.83619  6.47%   174 3968s
 1012282 409464 infeasible   43      6291.00000 5883.89298  6.47%   174 3973s
 1013491 409905 6059.85634   37  216 6291.00000 5883.96207  6.47%   174 3978s
 1014750 410391 infeasible   36      6291.00000 5884.03259  6.47%   174 3984s
 1015905 410835 5968.08124   40  120 6291.00000 5884.07677  6.47%   174 3989s
 1017028 411334 6072.97336   34  185 6291.00000 5884.14350  6.47%   174 3994s
 1018341 411827 infeasible   44      6291.00000 5884.19638  6.47%   174 3999s
 1019685 412298 6154.78737   65  147 6291.00000 5884.26657  6.47%   174 4004s
 1020953 412625 6160.65043   46  135 6291.00000 5884.35398  6.46%   174 4010s
 1021727 413426 6030.61607   44  198 6291.00000 5884.36390  6.46%   174 4017s
 1023684 413957 6220.88052   43  194 6291.00000 5884.45216  6.46%   174 4022s
 1025050 414490 infeasible   34      6291.00000 5884.57973  6.46%   174 4028s
 1026399 414876 infeasible   34      6291.00000 5884.60639  6.46%   174 4033s
 1027579 415419 6153.06359   32  121 6291.00000 5884.71942  6.46%   174 4038s
 1028847 415829 5988.86482   39  191 6291.00000 5884.77095  6.46%   174 4043s
 1030011 416245 6169.28301   41  155 6291.00000 5884.85193  6.46%   174 4048s
 1031296 416854 6073.78669   43  189 6291.00000 5884.91798  6.45%   174 4053s
 1032713 417332     cutoff   47      6291.00000 5884.97968  6.45%   174 4058s
 1033974 417832 infeasible   33      6291.00000 5885.05132  6.45%   174 4063s
 1035223 418322 6173.00000   34  171 6291.00000 5885.10002  6.45%   174 4068s
 1036771 418786 infeasible   36      6291.00000 5885.17022  6.45%   174 4074s
 1038011 419075 5959.17035   40  160 6291.00000 5885.21782  6.45%   174 4079s
 1039011 419496 5993.12256   30  228 6291.00000 5885.29330  6.45%   174 4084s
 1040055 420026 6185.53541   40  172 6291.00000 5885.34495  6.45%   174 4089s
 1041395 420398 6156.54927   59   85 6291.00000 5885.41433  6.45%   174 4094s
 1042445 421025 6004.78115   32  257 6291.00000 5885.48889  6.45%   174 4100s
 1044008 421458 6027.86527   52  243 6291.00000 5885.51797  6.45%   174 4105s
 1045340 421913     cutoff   31      6291.00000 5885.58288  6.44%   174 4110s
 1046633 422462 5969.85469   39  224 6291.00000 5885.65037  6.44%   174 4115s
 1047995 422882 5904.69956   35  205 6291.00000 5885.74194  6.44%   174 4120s
 1049113 423355 6115.22287   33  188 6291.00000 5885.79163  6.44%   174 4125s
 1050421 423811     cutoff   46      6291.00000 5885.85946  6.44%   174 4130s
 1053060 424788 6164.07563   32  171 6291.00000 5885.98015  6.44%   174 4140s
 1054309 425172 6259.91386   49  162 6291.00000 5886.02814  6.44%   174 4145s
 1055355 425618 infeasible   38      6291.00000 5886.08681  6.44%   174 4150s
 1056479 426186 5896.58660   38  163 6291.00000 5886.15108  6.44%   174 4155s
 1057817 426601     cutoff   36      6291.00000 5886.19593  6.43%   174 4160s
 1058911 427145 6190.62043   52  122 6291.00000 5886.24329  6.43%   174 4165s
 1060244 427653     cutoff   45      6291.00000 5886.33151  6.43%   174 4171s
 1061611 428215 6237.24182   53  184 6291.00000 5886.40778  6.43%   174 4175s
 1062932 428644 6133.64371   42  121 6291.00000 5886.48333  6.43%   174 4180s
 1064162 429120 6066.19032   44  132 6291.00000 5886.53853  6.43%   174 4185s
 1065425 429571 infeasible   51      6291.00000 5886.60519  6.43%   174 4191s
 1066611 429974 5962.60000   46   71 6291.00000 5886.68132  6.43%   174 4195s
 1067760 430399 6180.57108   31  139 6291.00000 5886.72332  6.43%   174 4200s
 1069058 430893 6021.07580   37  177 6291.00000 5886.78084  6.43%   174 4205s
 1070263 431375 6045.01515   31  115 6291.00000 5886.82230  6.42%   174 4210s
 1071531 431827 5946.34239   27  187 6291.00000 5886.90885  6.42%   174 4215s
 1072730 432247     cutoff   46      6291.00000 5886.94726  6.42%   174 4220s
 1073778 432716 5957.51616   27  255 6291.00000 5887.00000  6.42%   174 4225s
 1075012 433242 6154.77500   39   57 6291.00000 5887.03736  6.42%   174 4230s
 1076233 433665     cutoff   41      6291.00000 5887.09567  6.42%   174 4235s
 1077412 434095 5987.77630   30  173 6291.00000 5887.16166  6.42%   174 4240s
 1078752 434505 5888.45030   36  271 6291.00000 5887.21514  6.42%   174 4245s
 1079742 434962     cutoff   38      6291.00000 5887.26275  6.42%   174 4251s
 1080891 435478 6228.39787   40  183 6291.00000 5887.33982  6.42%   174 4256s
 1082219 435997 6134.65079   40  127 6291.00000 5887.39188  6.42%   174 4261s
 1083528 436446 6029.94382   34  195 6291.00000 5887.47367  6.41%   174 4266s
 1084836 436969 6082.66667   37  130 6291.00000 5887.53882  6.41%   174 4271s
 1086057 437417 6205.70417   29  227 6291.00000 5887.59085  6.41%   174 4277s
 1087332 437922     cutoff   37      6291.00000 5887.65453  6.41%   174 4282s
 1088611 438410 5960.11786   41  240 6291.00000 5887.72006  6.41%   174 4287s
 1089870 438929 5893.74858   33  175 6291.00000 5887.76485  6.41%   174 4292s
 1091181 439408 infeasible   45      6291.00000 5887.83729  6.41%   174 4297s
 1092316 439920 6054.61995   49  205 6291.00000 5887.88518  6.41%   174 4303s
 1093702 440363 6194.50521   47  241 6291.00000 5887.95279  6.41%   174 4308s
 1094739 440832     cutoff   51      6291.00000 5888.00732  6.41%   174 4313s
 1095991 441253 5945.77446   39  182 6291.00000 5888.06931  6.40%   174 4318s
 1097101 441651 5949.37213   49  228 6291.00000 5888.13230  6.40%   174 4323s
 1098251 442126     cutoff   56      6291.00000 5888.19632  6.40%   174 4328s
 1099472 442600 6055.01293   35  173 6291.00000 5888.25214  6.40%   174 4333s
 1100714 443062 infeasible   32      6291.00000 5888.29215  6.40%   174 4338s
 1101921 443573     cutoff   45      6291.00000 5888.36874  6.40%   174 4343s
 1103282 444125 6183.13662   42  161 6291.00000 5888.41190  6.40%   174 4349s
 1104548 444421 6091.65025   41  234 6291.00000 5888.48335  6.40%   174 4354s
 1105278 444894 6109.54171   43  210 6291.00000 5888.49060  6.40%   174 4359s
 1106488 445406 5958.47846   37  190 6291.00000 5888.55077  6.40%   174 4365s
 1107794 445883 5966.03118   32  174 6291.00000 5888.63217  6.40%   174 4370s
 1109043 446346 6037.69040   43  215 6291.00000 5888.71883  6.39%   174 4375s
 1110360 446836 6066.39167   36  182 6291.00000 5888.78821  6.39%   174 4380s
 1111626 447234 6059.02654   32  136 6291.00000 5888.84835  6.39%   174 4386s
 1112821 447646 5957.92129   38  185 6291.00000 5888.92596  6.39%   174 4391s
 1113923 448103 6155.41476   46  195 6291.00000 5888.98561  6.39%   174 4396s
 1115213 448545 6145.54122   49  160 6291.00000 5889.02945  6.39%   174 4401s
 1116442 449010 6187.45665   40  119 6291.00000 5889.09951  6.39%   174 4406s
 1117872 449501 5948.83835   29  156 6291.00000 5889.18317  6.39%   174 4411s
 1119051 450036 5915.29800   37  184 6291.00000 5889.22623  6.39%   174 4416s
 1120371 450450 6284.06295   38  157 6291.00000 5889.28119  6.39%   174 4421s
 1121570 450809 6141.93913   29  144 6291.00000 5889.32451  6.38%   174 4426s
 1122751 451217 infeasible   34      6291.00000 5889.40467  6.38%   174 4431s
 1123968 451726 6097.47831   47  192 6291.00000 5889.47651  6.38%   174 4436s
 1125261 452177 5972.03455   38  184 6291.00000 5889.53618  6.38%   174 4441s
 1126413 452574 infeasible   58      6291.00000 5889.58728  6.38%   174 4445s
 1127678 453049 5965.62213   39  134 6291.00000 5889.64733  6.38%   174 4450s
 1128933 453502     cutoff   36      6291.00000 5889.71506  6.38%   174 4455s
 1130224 453938     cutoff   44      6291.00000 5889.77112  6.38%   174 4461s
 1131456 454279 6045.83293   37  195 6291.00000 5889.85124  6.38%   174 4466s
 1132457 454729 6277.66895   41  152 6291.00000 5889.87990  6.38%   174 4472s
 1133796 455330 6152.81233   32  159 6291.00000 5889.99285  6.37%   174 4477s
 1135219 455874 infeasible   41      6291.00000 5890.04800  6.37%   174 4483s
 1136676 456285 6078.01079   43  243 6291.00000 5890.11693  6.37%   174 4488s
 1137953 456624 5958.12044   45  124 6291.00000 5890.18667  6.37%   174 4494s
 1138851 456980 6135.22164   39  154 6291.00000 5890.19347  6.37%   174 4499s
 1139890 457344 5898.28116   31  223 6291.00000 5890.22835  6.37%   174 4505s
 1141201 457847 5951.64090   43   94 6291.00000 5890.32997  6.37%   174 4510s
 1142499 458317 6149.77301   37   84 6291.00000 5890.41347  6.37%   174 4515s
 1143870 458651 5966.02825   34  210 6291.00000 5890.48130  6.37%   173 4521s
 1144992 459177 6167.92822   41  195 6291.00000 5890.53802  6.37%   174 4527s
 1146299 459676 6134.25813   36   84 6291.00000 5890.59805  6.36%   174 4532s
 1147787 460039 6007.60621   34  243 6291.00000 5890.64863  6.36%   174 4537s
 1148919 460504 infeasible   39      6291.00000 5890.71683  6.36%   174 4542s
 1150292 460982 6154.98761   42  133 6291.00000 5890.77657  6.36%   174 4547s
 1151526 461361 5934.57309   33  212 6291.00000 5890.82900  6.36%   174 4552s
 1152583 461862 6097.49421   38  182 6291.00000 5890.88061  6.36%   174 4558s
 1153985 462240 6131.66777   57  111 6291.00000 5890.95011  6.36%   173 4563s
 1155221 462712 6072.00000   35  106 6291.00000 5890.99650  6.36%   173 4568s
 1156461 463162 6009.39149   44  155 6291.00000 5891.04889  6.36%   173 4573s
 1157595 463663 6102.28922   45  124 6291.00000 5891.10907  6.36%   173 4578s
 1158963 464080     cutoff   50      6291.00000 5891.14666  6.36%   173 4583s
 1160350 464499 5972.17949   35  223 6291.00000 5891.23122  6.35%   173 4587s
 1161478 464961 6117.48971   35  151 6291.00000 5891.28069  6.35%   173 4593s
 1162579 465422 6065.86073   41  210 6291.00000 5891.32888  6.35%   173 4597s
 1164009 465966 5964.27220   24  127 6291.00000 5891.40272  6.35%   173 4602s
 1165379 466391 5991.85984   44  217 6291.00000 5891.46666  6.35%   173 4607s
 1166527 466843 6082.73947   33  198 6291.00000 5891.51178  6.35%   173 4613s
 1167881 467226 6158.61314   48  131 6291.00000 5891.56380  6.35%   173 4617s
 1169068 467677 5988.94504   42  105 6291.00000 5891.61737  6.35%   173 4622s
 1170296 468164 5974.59497   41  206 6291.00000 5891.64458  6.35%   173 4627s
 1171579 468680 infeasible   47      6291.00000 5891.74015  6.35%   173 4632s
 1172767 469110 infeasible   47      6291.00000 5891.76601  6.35%   173 4636s
 1173872 469528 6166.00000   42   95 6291.00000 5891.81673  6.35%   173 4641s
 1175102 469897 6177.16315   40  124 6291.00000 5891.86890  6.34%   173 4646s
 1176181 470257 6183.10353   37  111 6291.00000 5891.88353  6.34%   173 4651s
 1177323 470688 5980.86601   34  195 6291.00000 5891.94718  6.34%   173 4656s
 1178609 471179     cutoff   40      6291.00000 5891.99298  6.34%   173 4661s
 1179979 471677     cutoff   28      6291.00000 5892.03455  6.34%   173 4666s
 1181203 471920 6046.73322   34  198 6291.00000 5892.11841  6.34%   173 4673s
 1182011 472414 6230.42673   43  113 6291.00000 5892.12901  6.34%   173 4678s
 1183320 472888 6218.75512   37  196 6291.00000 5892.16012  6.34%   173 4683s
 1184568 473391 6119.62638   43  192 6291.00000 5892.23332  6.34%   173 4688s
 1185993 473791 6133.38014   58  207 6291.00000 5892.28729  6.34%   173 4693s
 1187195 474237     cutoff   39      6291.00000 5892.33396  6.34%   173 4698s
 1188435 474631 6168.64875   38  130 6291.00000 5892.37508  6.34%   173 4703s
 1189595 475140 5999.49778   23  236 6291.00000 5892.42578  6.34%   173 4708s
 1190809 475579 5962.96898   28  198 6291.00000 5892.46658  6.33%   173 4713s
 1192004 476022 infeasible   57      6291.00000 5892.52723  6.33%   173 4719s
 1193226 476430 6112.53826   56  150 6291.00000 5892.57740  6.33%   173 4724s
 1194494 476997 6157.43607   48  143 6291.00000 5892.61597  6.33%   173 4729s
 1195869 477467 6250.98656   68   64 6291.00000 5892.66785  6.33%   173 4734s
 1197157 477997 5991.47292   41  207 6291.00000 5892.72261  6.33%   173 4738s
 1198427 478429 5967.54597   42  204 6291.00000 5892.76689  6.33%   173 4743s
 1199634 478922 6095.19301   49  174 6291.00000 5892.80744  6.33%   173 4748s
 1200980 479315     cutoff   43      6291.00000 5892.87879  6.33%   173 4753s
 1202097 479722 5903.00658   42  241 6291.00000 5892.92682  6.33%   173 4758s
 1203322 480170     cutoff   52      6291.00000 5892.99077  6.33%   173 4763s
 1204503 480536 6099.52939   42  120 6291.00000 5893.04222  6.33%   173 4768s
 1205615 480991 6135.39258   43  201 6291.00000 5893.08658  6.33%   173 4773s
 1206796 481543 6214.32686   30  186 6291.00000 5893.13523  6.32%   173 4778s
 1208170 481985 6159.05326   35  101 6291.00000 5893.18786  6.32%   173 4783s
 1209381 482411     cutoff   51      6291.00000 5893.20938  6.32%   173 4788s
 1210594 482817 6129.00000   34  147 6291.00000 5893.29085  6.32%   173 4793s
 1211865 483324 6153.91086   33  212 6291.00000 5893.33563  6.32%   173 4798s
 1213120 483760 6091.05025   42  176 6291.00000 5893.39614  6.32%   173 4803s
 1214318 483993 5991.66744   38  173 6291.00000 5893.45781  6.32%   173 4808s
 1215010 484487 5960.01826   24  138 6291.00000 5893.47039  6.32%   173 4813s
 1216296 484951 6062.86565   37  155 6291.00000 5893.51989  6.32%   173 4818s
 1217495 485427 infeasible   47      6291.00000 5893.58697  6.32%   173 4824s
 1218711 485787 6254.08074   44  145 6291.00000 5893.65940  6.32%   173 4829s
 1219882 486291 infeasible   36      6291.00000 5893.72522  6.31%   173 4834s
 1221198 486848 6056.66519   40  137 6291.00000 5893.77518  6.31%   173 4839s
 1222562 487315 5975.10035   32  229 6291.00000 5893.84927  6.31%   173 4844s
 1223777 487742 infeasible   37      6291.00000 5893.89091  6.31%   173 4849s
 1225120 488206 5996.14275   38  220 6291.00000 5893.93979  6.31%   173 4854s
 1226213 488623 5918.86903   35  251 6291.00000 5893.98853  6.31%   173 4859s
 1227350 489060 6196.24907   32  169 6291.00000 5894.00878  6.31%   173 4864s
 1228597 489574 5995.18672   39  197 6291.00000 5894.05682  6.31%   173 4869s
 1229900 490060     cutoff   47      6291.00000 5894.11211  6.31%   173 4874s
 1231211 490448 6092.01976   42  108 6291.00000 5894.15442  6.31%   173 4879s
 1232486 490892 5968.22848   35  199 6291.00000 5894.20958  6.31%   173 4884s
 1233618 491426 6014.39509   41  156 6291.00000 5894.22967  6.31%   173 4889s
 1234861 491896 5943.49806   37  153 6291.00000 5894.28223  6.31%   173 4894s
 1236102 492280 5948.26011   32  175 6291.00000 5894.31409  6.31%   173 4899s
 1237265 492721 6079.39884   52  215 6291.00000 5894.35842  6.30%   173 4904s
 1238314 493227 6155.99614   48  144 6291.00000 5894.39726  6.30%   173 4909s
 1239616 493614     cutoff   53      6291.00000 5894.44061  6.30%   173 4914s
 1240763 494030 6163.00000   43   74 6291.00000 5894.47633  6.30%   173 4919s
 1241930 494486 6074.24091   29  229 6291.00000 5894.52802  6.30%   173 4924s
 1243284 494911 5977.83468   35  101 6291.00000 5894.56891  6.30%   173 4928s
 1244358 495398 infeasible   57      6291.00000 5894.60533  6.30%   173 4933s
 1245724 495837 6025.43321   32  184 6291.00000 5894.63952  6.30%   173 4938s
 1246830 496283 6070.18829   31  118 6291.00000 5894.67529  6.30%   173 4943s
 1248019 496630 5945.84405   40  231 6291.00000 5894.72298  6.30%   173 4948s
 1249087 497064 6002.74343   42  197 6291.00000 5894.76861  6.30%   173 4953s
 1250257 497515 5979.98095   38  236 6291.00000 5894.82877  6.30%   173 4958s
 1251469 497999 infeasible   39      6291.00000 5894.86083  6.30%   173 4962s
 1252724 498495 infeasible   43      6291.00000 5894.91249  6.30%   173 4967s
 1253941 499067 6148.09690   38  174 6291.00000 5894.96002  6.30%   173 4973s
 1255220 499464 6202.25193   57  219 6291.00000 5895.00172  6.29%   173 4978s
 1256273 499964 5961.14286   31  150 6291.00000 5895.05978  6.29%   173 4983s
 1257625 500363 6071.69521   38  236 6291.00000 5895.10666  6.29%   173 4988s
 1259042 500828 5992.41270   37  211 6291.00000 5895.15559  6.29%   173 4992s
 1260333 501216     cutoff   49      6291.00000 5895.21872  6.29%   173 4997s
 1261585 501652 6102.75858   39  146 6291.00000 5895.26080  6.29%   173 5002s
 1262841 502000 6063.08758   34  265 6291.00000 5895.31555  6.29%   173 5007s
 1263937 502530 infeasible   38      6291.00000 5895.36121  6.29%   173 5011s
 1265256 502893 6050.32551   39   74 6291.00000 5895.41809  6.29%   173 5016s
 1266318 503240 infeasible   29      6291.00000 5895.46277  6.29%   173 5021s
 1267515 503691     cutoff   29      6291.00000 5895.50869  6.29%   173 5026s
 1268674 504159 6222.61776   41  190 6291.00000 5895.55417  6.29%   173 5031s
 1269948 504331 6084.60109   37  211 6291.00000 5895.61103  6.28%   173 5037s
 1270504 504754 5991.56611   37   80 6291.00000 5895.61680  6.28%   173 5042s
 1271849 505364 6111.67735   44  129 6291.00000 5895.66782  6.28%   173 5047s
 1273226 505796 6183.87331   38  122 6291.00000 5895.70112  6.28%   173 5052s
 1274562 506249 6254.35476   56  102 6291.00000 5895.74435  6.28%   173 5057s
 1275838 506672     cutoff   48      6291.00000 5895.80998  6.28%   173 5062s
 1277058 507185 6049.94706   47  101 6291.00000 5895.85071  6.28%   173 5067s
 1278371 507486     cutoff   34      6291.00000 5895.90891  6.28%   173 5072s
 1279509 507976 infeasible   48      6291.00000 5895.93553  6.28%   173 5077s
 1280687 508452 6072.75445   46  163 6291.00000 5895.99377  6.28%   173 5083s
 1282059 508842 6094.25523   53  129 6291.00000 5896.04856  6.28%   173 5088s
 1283315 509320 6268.42817   47  129 6291.00000 5896.09353  6.28%   173 5093s
 1284727 509848 6062.10950   27  234 6291.00000 5896.14151  6.28%   173 5098s
 1285992 510341 6202.71198   38  216 6291.00000 5896.19919  6.28%   173 5103s
 1287271 510881 6157.79099   44  136 6291.00000 5896.24250  6.27%   173 5108s
 1288585 511233 6200.04138   40  145 6291.00000 5896.29110  6.27%   173 5113s
 1289899 511701 5915.82311   29  280 6291.00000 5896.32265  6.27%   173 5118s
 1291186 512164 5947.57752   32  169 6291.00000 5896.39156  6.27%   173 5123s
 1292371 512646 6216.54404   41  129 6291.00000 5896.44942  6.27%   173 5128s
 1293624 513049 6152.66632   37  216 6291.00000 5896.49175  6.27%   173 5133s
 1294813 513487 5902.69923   37  212 6291.00000 5896.51470  6.27%   173 5138s
 1296079 513965 5904.06821   41  252 6291.00000 5896.57024  6.27%   173 5143s
 1297280 514495 6065.96239   47   99 6291.00000 5896.61461  6.27%   173 5148s
 1298617 514980 5904.62559   30  252 6291.00000 5896.66824  6.27%   173 5153s
 1299898 515219 5997.35572   29  235 6291.00000 5896.71919  6.27%   173 5158s
 1300778 515647 6066.31177   46  151 6291.00000 5896.72020  6.27%   173 5163s
 1302079 516109 5921.56374   51  156 6291.00000 5896.80791  6.27%   173 5168s
 1303295 516548 5999.77950   36  163 6291.00000 5896.84844  6.27%   173 5173s
 1304531 516876     cutoff   51      6291.00000 5896.90143  6.26%   173 5179s
 1305572 517359 5903.34288   38  170 6291.00000 5896.94160  6.26%   173 5184s
 1306964 517849 6075.21659   28  172 6291.00000 5897.00000  6.26%   173 5189s
 1308184 518243 5986.06250   36  159 6291.00000 5897.00898  6.26%   173 5194s
 1309454 518750 6156.67533   52  123 6291.00000 5897.07096  6.26%   173 5199s
 1310708 519237 6085.14711   39  115 6291.00000 5897.12301  6.26%   173 5204s
 1311974 519745 6116.98765   46  223 6291.00000 5897.19100  6.26%   173 5209s
 1313174 520250 5963.30620   43  183 6291.00000 5897.22657  6.26%   173 5214s
 1314501 520695 6125.19930   51  117 6291.00000 5897.26438  6.26%   173 5219s
 1315693 521058 5898.71805   34  259 6291.00000 5897.31003  6.26%   173 5224s
 1316889 521442     cutoff   45      6291.00000 5897.34761  6.26%   173 5228s
 1318029 521814 5989.84361   36  226 6291.00000 5897.40882  6.26%   173 5234s
 1319190 522400 6252.06211   35  118 6291.00000 5897.46408  6.26%   173 5239s
 1320664 522883 6166.14454   55   72 6291.00000 5897.51883  6.25%   173 5244s
 1322086 523438 5941.50643   26  233 6291.00000 5897.55913  6.25%   172 5249s
 1323448 523953 6067.93648   32  240 6291.00000 5897.60774  6.25%   172 5254s
 1324798 524450 6072.09951   37  122 6291.00000 5897.65770  6.25%   172 5259s
 1326041 524812 5986.75535   32  106 6291.00000 5897.71872  6.25%   172 5264s
 1327365 525306 5947.06433   34  309 6291.00000 5897.77051  6.25%   172 5269s
 1328572 525659 6099.26200   42  144 6291.00000 5897.79562  6.25%   172 5274s
 1329645 526203     cutoff   39      6291.00000 5897.85727  6.25%   172 5279s
 1330875 526675 5910.92192   40  129 6291.00000 5897.89081  6.25%   172 5284s
 1332201 527103 6163.39382   35  133 6291.00000 5897.93541  6.25%   172 5289s
 1333544 527499 6116.04401   30  198 6291.00000 5897.98730  6.25%   172 5294s
 1334585 527972 6196.24784   39  156 6291.00000 5898.04318  6.25%   172 5298s
 1335729 528348 6070.71025   37  108 6291.00000 5898.08403  6.25%   172 5304s
 1336941 528811 5962.50500   37  235 6291.00000 5898.14009  6.24%   172 5308s
 1338078 529189 6091.09940   37  178 6291.00000 5898.18735  6.24%   172 5313s
 1339291 529571 5963.29667   29  149 6291.00000 5898.22853  6.24%   172 5318s
 1340498 530109 5997.25288   31  237 6291.00000 5898.28229  6.24%   172 5323s
 1341843 530387     cutoff   41      6291.00000 5898.33394  6.24%   172 5329s
 1342573 530848 6065.80142   36  125 6291.00000 5898.35635  6.24%   172 5334s
 1343809 531363 5956.27138   33  188 6291.00000 5898.35778  6.24%   172 5339s
 1345195 531985 5965.09093   36  203 6291.00000 5898.43981  6.24%   172 5344s
 1346588 532448     cutoff   46      6291.00000 5898.48661  6.24%   172 5349s
 1348025 532833 6035.10205   36  142 6291.00000 5898.52641  6.24%   172 5354s
 1349208 533234 6021.79019   42  130 6291.00000 5898.57558  6.24%   172 5359s
 1350425 533692 6059.02964   46  126 6291.00000 5898.59856  6.24%   172 5364s
 1351689 534109 5939.09580   31  220 6291.00000 5898.65871  6.24%   172 5369s
 1352776 534643 6071.15189   45  138 6291.00000 5898.70579  6.24%   172 5374s
 1354074 535051 6090.29868   34  211 6291.00000 5898.76089  6.23%   172 5378s
 1355406 535534 6009.29377   39  157 6291.00000 5898.81352  6.23%   172 5383s
 1356664 535997 6010.16061   47  159 6291.00000 5898.86051  6.23%   172 5388s
 1357856 536373 6091.49063   36  205 6291.00000 5898.89267  6.23%   172 5393s
 1358978 536859     cutoff   46      6291.00000 5898.94876  6.23%   172 5398s
 1360255 537356 6169.00000   45   84 6291.00000 5899.00106  6.23%   172 5403s
 1361579 537697     cutoff   45      6291.00000 5899.04285  6.23%   172 5407s
 1362726 538126 5908.89092   40  264 6291.00000 5899.08542  6.23%   172 5412s
 1363908 538510     cutoff   34      6291.00000 5899.13848  6.23%   172 5417s
 1365178 538952 6006.97839   31  205 6291.00000 5899.17778  6.23%   172 5422s
 1366393 539261 5972.28091   42  248 6291.00000 5899.23213  6.23%   172 5428s
 1367331 539745 5899.67622   42  242 6291.00000 5899.24453  6.23%   172 5433s
 1368545 540152     cutoff   59      6291.00000 5899.32652  6.23%   172 5438s
 1369767 540631 5955.18787   35  184 6291.00000 5899.38415  6.23%   172 5443s
 1370999 541058 5998.07883   49  187 6291.00000 5899.43811  6.22%   172 5447s
 1372241 541509 infeasible   32      6291.00000 5899.48468  6.22%   172 5453s
 1373470 541906 5942.95849   31  283 6291.00000 5899.53590  6.22%   172 5457s
 1374652 542304 6007.16900   41  207 6291.00000 5899.58566  6.22%   172 5462s
 1375774 542710 6171.69999   55  124 6291.00000 5899.63446  6.22%   172 5467s
 1376978 543163 6057.30598   44  162 6291.00000 5899.67137  6.22%   172 5472s
 1378284 543642 6099.09867   42  199 6291.00000 5899.71249  6.22%   172 5477s
 1379557 544160 6007.21589   46  193 6291.00000 5899.76772  6.22%   172 5483s
 1380957 544624 5900.23372   34  258 6291.00000 5899.81378  6.22%   172 5488s
 1382141 545107 5958.91570   36  157 6291.00000 5899.86980  6.22%   172 5493s
 1383443 545684 6077.73589   37  189 6291.00000 5899.90482  6.22%   172 5498s
 1384849 546187 6014.62977   45  173 6291.00000 5899.95043  6.22%   172 5502s
 1386176 546666 6212.14564   40   95 6291.00000 5900.00000  6.22%   172 5507s
 1387351 547185 6111.66914   58  153 6291.00000 5900.04609  6.21%   172 5513s
 1388632 547652 6051.50364   34  171 6291.00000 5900.10233  6.21%   172 5517s
 1389876 548150 6208.00301   52  149 6291.00000 5900.16944  6.21%   172 5522s
 1391213 548671 5977.97564   36  268 6291.00000 5900.21662  6.21%   172 5526s
 1392457 549035 6179.64829   42  190 6291.00000 5900.26054  6.21%   172 5531s
 1393446 549508 6184.79068   42  119 6291.00000 5900.31835  6.21%   172 5536s
 1394751 549869 6035.16702   34  229 6291.00000 5900.37827  6.21%   172 5541s
 1395837 550343     cutoff   47      6291.00000 5900.40009  6.21%   172 5545s
 1397256 550710     cutoff   56      6291.00000 5900.44382  6.21%   172 5550s
 1398465 551142 5907.15275   34  188 6291.00000 5900.49178  6.21%   172 5555s
 1399513 551539 6169.11537   36  181 6291.00000 5900.54486  6.21%   172 5560s
 1400946 551966 6103.03374   48  179 6291.00000 5900.58598  6.21%   172 5565s
 1403377 552964 6171.30955   39  210 6291.00000 5900.66346  6.20%   172 5574s
 1404730 553343 6154.03586   38  191 6291.00000 5900.71690  6.20%   172 5579s
 1405717 553709 infeasible   45      6291.00000 5900.77299  6.20%   172 5584s
 1406773 554201 6169.16008   38  125 6291.00000 5900.80210  6.20%   172 5590s
 1408044 554727 6065.09793   40  143 6291.00000 5900.87463  6.20%   172 5595s
 1409463 555221     cutoff   46      6291.00000 5900.92485  6.20%   172 5600s
 1410845 555765 6179.00000   39  149 6291.00000 5900.97311  6.20%   172 5605s
 1412164 556201 6029.48753   40  200 6291.00000 5901.01115  6.20%   172 5610s
 1413496 556596 5972.68599   29  179 6291.00000 5901.06667  6.20%   172 5615s
 1414682 556961 6187.45356   49  173 6291.00000 5901.11049  6.20%   172 5620s
 1415807 557323 6024.19933   33  238 6291.00000 5901.18591  6.20%   172 5625s
 1416922 557830 infeasible   34      6291.00000 5901.23068  6.20%   172 5630s
 1418309 558206 6067.45745   30  182 6291.00000 5901.29424  6.19%   172 5636s
 1419660 558618     cutoff   39      6291.00000 5901.32691  6.19%   172 5641s
 1420880 559090 6164.50072   39  180 6291.00000 5901.38776  6.19%   172 5646s
 1422226 559587 6212.04433   31  190 6291.00000 5901.43468  6.19%   172 5650s
 1423491 560041 6115.57405   55  156 6291.00000 5901.47571  6.19%   172 5655s
 1424703 560315 5986.03571   41  158 6291.00000 5901.51600  6.19%   172 5661s
 1425457 560889 infeasible   44      6291.00000 5901.52065  6.19%   172 5667s
 1426963 561346 infeasible   54      6291.00000 5901.58731  6.19%   172 5673s
 1428365 561793 5964.42431   43  160 6291.00000 5901.63953  6.19%   172 5678s
 1429677 562217 6125.34272   25  188 6291.00000 5901.67831  6.19%   172 5684s
 1430950 562687 6002.14014   32  265 6291.00000 5901.73319  6.19%   172 5689s
 1432297 563235 6177.35986   42  136 6291.00000 5901.78087  6.19%   172 5695s
 1433661 563729     cutoff   27      6291.00000 5901.82736  6.19%   172 5700s
 1436397 564767 6270.10445   59  166 6291.00000 5901.91236  6.18%   172 5710s
 1439235 565625 5991.46106   47  113 6291.00000 5901.99112  6.18%   171 5719s
 1440596 566043 6045.14866   36  219 6291.00000 5902.04884  6.18%   171 5724s
 1441625 566375 6272.69178   43   98 6291.00000 5902.09407  6.18%   171 5729s
 1442659 566780 5967.21951   38  210 6291.00000 5902.15330  6.18%   171 5735s
 1443999 567296 6091.54425   39  150 6291.00000 5902.18684  6.18%   171 5740s
 1445391 567688 infeasible   36      6291.00000 5902.25682  6.18%   171 5745s
 1446641 568041 6100.43689   41  170 6291.00000 5902.32129  6.18%   171 5750s
 1447739 568533     cutoff   42      6291.00000 5902.35890  6.18%   171 5756s
 1449147 569004 6149.29817   71  108 6291.00000 5902.40361  6.18%   171 5761s
 1450515 569476 5962.17139   43  244 6291.00000 5902.44038  6.18%   171 5766s
 1451788 569934 6021.50000   32  123 6291.00000 5902.51328  6.18%   171 5771s
 1453146 570342 6071.39164   32  172 6291.00000 5902.55727  6.17%   171 5776s
 1454214 570775 6063.76944   42  154 6291.00000 5902.61040  6.17%   171 5782s
 1455506 571191 5947.23131   42  302 6291.00000 5902.65306  6.17%   171 5787s
 1456595 571743 6259.17238   47  112 6291.00000 5902.69915  6.17%   171 5792s
 1457853 572209 6048.00000   33  192 6291.00000 5902.74935  6.17%   171 5797s
 1459165 572724 6015.85094   34  286 6291.00000 5902.81114  6.17%   171 5802s
 1460518 573147 5997.22128   38  222 6291.00000 5902.87179  6.17%   171 5807s
 1461839 573594 6225.55650   50  205 6291.00000 5902.91278  6.17%   171 5812s
 1462906 574113 6169.10629   46  115 6291.00000 5902.97068  6.17%   171 5816s
 1464152 574572 5990.21851   47  156 6291.00000 5903.00658  6.17%   171 5821s
 1465386 575048 5909.26173   38  241 6291.00000 5903.04792  6.17%   171 5826s
 1466698 575476 5976.00805   35  299 6291.00000 5903.10718  6.17%   171 5830s
 1467969 575812     cutoff   55      6291.00000 5903.14361  6.17%   171 5835s
 1469075 576349 5917.28916   36  220 6291.00000 5903.19155  6.16%   171 5840s
 1470412 576847 6130.96814   46  146 6291.00000 5903.23307  6.16%   171 5845s
 1472916 577732 6048.09107   34  145 6291.00000 5903.33735  6.16%   171 5854s
 1474114 578089 6280.05714   45  153 6291.00000 5903.36726  6.16%   171 5859s
 1475155 578585     cutoff   37      6291.00000 5903.40000  6.16%   171 5863s
 1476491 579006 6085.00070   41  138 6291.00000 5903.45655  6.16%   171 5868s
 1477604 579455 6156.02435   37  177 6291.00000 5903.49487  6.16%   171 5873s
 1478841 579941 6063.19357   39  181 6291.00000 5903.53511  6.16%   171 5879s
 1480136 580376 6163.00000   46  136 6291.00000 5903.59158  6.16%   171 5883s
 1481317 580804 6191.63388   41  167 6291.00000 5903.62926  6.16%   171 5888s
 1482717 581245 5976.86406   35  251 6291.00000 5903.68274  6.16%   171 5893s
 1484052 581570 6003.69717   36  160 6291.00000 5903.73259  6.16%   171 5897s
 1485320 582047     cutoff   49      6291.00000 5903.75998  6.16%   171 5902s
 1486516 582437 6101.89213   38  246 6291.00000 5903.82238  6.15%   171 5907s
 1487500 582834 5925.41333   38  186 6291.00000 5903.87071  6.15%   171 5912s
 1488579 583305 infeasible   39      6291.00000 5903.90175  6.15%   171 5917s
 1489877 583676 6218.24720   34  183 6291.00000 5903.96572  6.15%   171 5922s
 1491021 584146 6241.16203   45   96 6291.00000 5904.00733  6.15%   171 5926s
 1492318 584546 6085.54232   35  225 6291.00000 5904.06288  6.15%   171 5931s
 1493531 584913 5975.44406   46  133 6291.00000 5904.10806  6.15%   171 5936s
 1494695 585329     cutoff   36      6291.00000 5904.15167  6.15%   171 5941s
 1496073 585751 infeasible   36      6291.00000 5904.19778  6.15%   171 5946s
 1497362 586138 5980.77393   38  140 6291.00000 5904.24748  6.15%   171 5950s
 1498615 586680 5905.15726   30  247 6291.00000 5904.29992  6.15%   171 5955s
 1499980 587005 5961.86409   31  188 6291.00000 5904.31522  6.15%   171 5960s
 1502389 587725 6202.72547   46  160 6291.00000 5904.40766  6.15%   171 5969s
 1503516 588144 6074.19209   40  142 6291.00000 5904.47447  6.14%   171 5974s
 1504746 588619 5913.09016   35  221 6291.00000 5904.53068  6.14%   171 5978s
 1505990 588969     cutoff   42      6291.00000 5904.57861  6.14%   171 5983s
 1507050 589371     cutoff   47      6291.00000 5904.62736  6.14%   171 5988s
 1508342 589794 6059.69184   52  153 6291.00000 5904.66879  6.14%   171 5993s
 1509555 590236 5981.07655   37  179 6291.00000 5904.73078  6.14%   171 5998s
 1510804 590700 6175.79867   49  154 6291.00000 5904.78371  6.14%   171 6002s
 1511978 591140 6099.79918   40  140 6291.00000 5904.83045  6.14%   171 6007s
 1513128 591556 infeasible   57      6291.00000 5904.87134  6.14%   171 6012s
 1514340 591960     cutoff   47      6291.00000 5904.91930  6.14%   171 6017s
 1515516 592356 infeasible   39      6291.00000 5904.96146  6.14%   171 6022s
 1516788 592714 6277.84717   49  121 6291.00000 5905.02255  6.14%   171 6026s
 1518152 593015 6055.34783   44  113 6291.00000 5905.05114  6.13%   171 6031s
 1519199 593402     cutoff   47      6291.00000 5905.09327  6.13%   171 6036s
 1520483 593864 infeasible   53      6291.00000 5905.14938  6.13%   171 6041s
 1521754 594386 6262.57485   35  161 6291.00000 5905.19491  6.13%   171 6045s
 1523084 594777 6017.26966   36  165 6291.00000 5905.23102  6.13%   171 6050s
 1524199 595299 6206.37708   49  117 6291.00000 5905.27230  6.13%   171 6055s
 1526865 596176     cutoff   48      6291.00000 5905.35439  6.13%   171 6064s
 1528056 596583     cutoff   35      6291.00000 5905.41294  6.13%   171 6069s
 1529269 597085 6282.91214   33  168 6291.00000 5905.45655  6.13%   171 6073s
 1530531 597433 6006.06811   47  216 6291.00000 5905.52760  6.13%   171 6078s
 1531603 597938     cutoff   46      6291.00000 5905.57208  6.13%   171 6083s
 1532876 598407 6089.06610   38  125 6291.00000 5905.60856  6.13%   171 6087s
 1534193 598970 infeasible   35      6291.00000 5905.66310  6.13%   171 6092s
 1535546 599458 6105.63691   35  170 6291.00000 5905.71351  6.12%   171 6096s
 1536695 599804 6202.45673   58  106 6291.00000 5905.75059  6.12%   171 6101s
 1537774 600224 6142.77861   35  131 6291.00000 5905.79207  6.12%   171 6106s
 1538983 600586 6070.66074   42  155 6291.00000 5905.85672  6.12%   171 6111s
 1540249 601083 6007.00524   36  269 6291.00000 5905.91178  6.12%   171 6116s
 1541505 601553 6052.78371   37  213 6291.00000 5905.97637  6.12%   171 6121s
 1542764 601979 6025.87090   42  154 6291.00000 5906.02100  6.12%   171 6126s
 1543915 602495 6116.30156   29  101 6291.00000 5906.05466  6.12%   171 6130s
 1545239 602918 6173.74778   45  195 6291.00000 5906.10102  6.12%   171 6135s
 1546478 603332 6218.50246   44  163 6291.00000 5906.15619  6.12%   171 6140s
 1547693 603839 6086.46784   41  156 6291.00000 5906.20948  6.12%   171 6145s
 1549009 604273 5965.82273   35  195 6291.00000 5906.26753  6.12%   171 6150s
 1550204 604620 6068.06667   38  159 6291.00000 5906.30639  6.11%   171 6155s
 1552617 605490 5971.50316   39  198 6291.00000 5906.43194  6.11%   171 6164s
 1553853 605894 6069.23570   48  162 6291.00000 5906.47630  6.11%   171 6169s
 1555073 606283 5999.70377   42  161 6291.00000 5906.53085  6.11%   170 6174s
 1556226 606616 6153.36154   42  120 6291.00000 5906.58332  6.11%   170 6180s
 1557263 606994 6122.71524   36  209 6291.00000 5906.61343  6.11%   170 6185s
 1558587 607574 5989.71632   38  127 6291.00000 5906.65635  6.11%   170 6190s
 1560117 607990 6020.31180   37  168 6291.00000 5906.71524  6.11%   170 6195s
 1561334 608483 6289.69139   57   66 6291.00000 5906.77851  6.11%   170 6200s
 1562663 608917 6105.59841   56  102 6291.00000 5906.82688  6.11%   170 6205s
 1563903 609344 6198.90352   39  127 6291.00000 5906.87147  6.11%   170 6210s
 1565045 609730 6168.41951   50  178 6291.00000 5906.93231  6.11%   170 6215s
 1566422 610147 5948.68741   31  108 6291.00000 5906.96868  6.10%   170 6220s
 1568871 610983 6125.46698   48  204 6291.00000 5907.04764  6.10%   170 6229s
 1570114 611381 6214.48012   51   81 6291.00000 5907.09855  6.10%   170 6234s
 1571222 611824 5936.55081   35  226 6291.00000 5907.15829  6.10%   170 6239s
 1572387 612318 6079.51313   38  153 6291.00000 5907.21723  6.10%   170 6244s
 1573975 612703 6229.25403   47   94 6291.00000 5907.25000  6.10%   170 6249s
 1575069 613163 6050.46883   29  235 6291.00000 5907.30098  6.10%   170 6254s
 1576321 613625     cutoff   51      6291.00000 5907.34319  6.10%   170 6258s
 1577600 614115 6011.70784   30  217 6291.00000 5907.40338  6.10%   170 6263s
 1578996 614584 6142.39773   50  144 6291.00000 5907.43763  6.10%   170 6268s
 1580197 614936 6053.45151   37  191 6291.00000 5907.50186  6.10%   170 6273s
 1581266 615356     cutoff   46      6291.00000 5907.52915  6.10%   170 6278s
 1582515 615838 6019.84304   35  243 6291.00000 5907.59457  6.09%   170 6282s
 1583782 616390 infeasible   37      6291.00000 5907.66052  6.09%   170 6287s
 1585097 616783 infeasible   50      6291.00000 5907.69882  6.09%   170 6291s
 1586405 617187 6197.12706   36  170 6291.00000 5907.74018  6.09%   170 6296s
 1587385 617585     cutoff   39      6291.00000 5907.77209  6.09%   170 6301s
 1588585 618050 5969.92902   32  250 6291.00000 5907.82378  6.09%   170 6306s
 1589819 618506 6065.13439   45  219 6291.00000 5907.85951  6.09%   170 6310s
 1591108 618943 6163.38838   35  199 6291.00000 5907.92769  6.09%   170 6315s
 1592298 619276 6053.22041   44  166 6291.00000 5907.97731  6.09%   170 6320s
 1593456 619609 6051.00000   30  102 6291.00000 5908.01190  6.09%   170 6325s
 1594633 620004 6258.41901   42  111 6291.00000 5908.03105  6.09%   170 6330s
 1595869 620487 6072.18127   38  154 6291.00000 5908.10801  6.09%   170 6335s
 1598355 621306 6241.47955   45  128 6291.00000 5908.20178  6.08%   170 6344s
 1599647 621782 6115.20000   37   99 6291.00000 5908.27157  6.08%   170 6349s
 1600937 622183 6094.33821   58  166 6291.00000 5908.32598  6.08%   170 6354s
 1602172 622597 6202.53339   41  132 6291.00000 5908.36824  6.08%   170 6359s
 1603355 623004 6012.85714   38  174 6291.00000 5908.41476  6.08%   170 6364s
 1604553 623512     cutoff   43      6291.00000 5908.44728  6.08%   170 6369s
 1605833 623916 5967.00855   32  156 6291.00000 5908.50653  6.08%   170 6374s
 1607000 624271 6061.59188   32  164 6291.00000 5908.55051  6.08%   170 6379s
 1608190 624669     cutoff   42      6291.00000 5908.59105  6.08%   170 6383s
 1609411 625076 6193.33484   37  123 6291.00000 5908.65048  6.08%   170 6388s
 1610711 625486 6284.06890   37  153 6291.00000 5908.71691  6.08%   170 6393s
 1611997 625862 infeasible   31      6291.00000 5908.75357  6.08%   170 6398s
 1613239 626336     cutoff   43      6291.00000 5908.79965  6.08%   170 6402s
 1614482 626696 6107.48084   39  214 6291.00000 5908.85047  6.07%   170 6407s
 1615633 627189 6134.83915   44  177 6291.00000 5908.90341  6.07%   170 6412s
 1616902 627635 5990.82077   37  183 6291.00000 5908.94686  6.07%   170 6417s
 1618068 628187     cutoff   37      6291.00000 5909.01769  6.07%   170 6422s
 1619356 628576 6256.01046   47  164 6291.00000 5909.07154  6.07%   170 6427s
 1620501 628938 infeasible   56      6291.00000 5909.12201  6.07%   170 6432s
 1621786 629277 6160.24856   49  138 6291.00000 5909.18747  6.07%   170 6437s
 1623044 629632     cutoff   57      6291.00000 5909.23152  6.07%   170 6442s
 1624219 630053 6023.54102   35  183 6291.00000 5909.28212  6.07%   170 6447s
 1625510 630423     cutoff   34      6291.00000 5909.34601  6.07%   170 6452s
 1626611 630946 6193.91784   34  213 6291.00000 5909.40213  6.07%   170 6457s
 1628023 631308 5996.38543   39  270 6291.00000 5909.44220  6.07%   170 6461s
 1629072 631656     cutoff   47      6291.00000 5909.49395  6.06%   170 6466s
 1630235 632016 6004.10529   44  264 6291.00000 5909.53861  6.06%   170 6470s
 1631360 632402 6142.64272   53  109 6291.00000 5909.57534  6.06%   170 6475s
 1632649 632782 5957.34114   38  225 6291.00000 5909.63098  6.06%   170 6480s
 1633739 633287 6073.85342   30  208 6291.00000 5909.67019  6.06%   170 6485s
 1635012 633679 infeasible   39      6291.00000 5909.71091  6.06%   170 6490s
 1637384 634651 5990.11149   34  210 6291.00000 5909.83155  6.06%   170 6499s
 1638795 635005 5945.92262   33  173 6291.00000 5909.87795  6.06%   170 6504s
 1639886 635411     cutoff   40      6291.00000 5909.93569  6.06%   170 6509s
 1641142 635807 6083.08489   41  167 6291.00000 5909.96405  6.06%   170 6514s
 1642349 636117 5945.78824   33  178 6291.00000 5910.02353  6.06%   170 6519s
 1643206 636594 6248.80391   41  230 6291.00000 5910.07492  6.06%   170 6524s
 1644491 636978 6229.24797   56  204 6291.00000 5910.13617  6.05%   170 6528s
 1645856 637264 infeasible   39      6291.00000 5910.18902  6.05%   170 6534s
 1646795 637745 5922.45605   30  198 6291.00000 5910.21688  6.05%   170 6538s
 1648193 638149 5911.43177   35  217 6291.00000 5910.27063  6.05%   170 6543s
 1649360 638651 5972.38104   39  173 6291.00000 5910.32844  6.05%   170 6548s
 1650667 639011 6084.68860   49  155 6291.00000 5910.38823  6.05%   170 6553s
 1651842 639391 6096.50114   38  188 6291.00000 5910.45238  6.05%   170 6558s
 1653020 639810 6166.01107   43  124 6291.00000 5910.50290  6.05%   170 6563s
 1654148 640292 5955.18642   53  230 6291.00000 5910.55169  6.05%   170 6568s
 1655422 640797 5960.66673   31  174 6291.00000 5910.60000  6.05%   170 6573s
 1656857 641253 6132.08882   51  123 6291.00000 5910.65173  6.05%   170 6577s
 1658182 641587 6201.92087   41  189 6291.00000 5910.72008  6.04%   170 6582s
 1659209 641980 6191.94232   37  155 6291.00000 5910.77860  6.04%   170 6587s
 1660437 642432 6066.48242   36  219 6291.00000 5910.82462  6.04%   170 6592s
 1661755 642858 5961.74624   35  232 6291.00000 5910.88429  6.04%   170 6596s
 1663070 643288 6188.64426   39  147 6291.00000 5910.93352  6.04%   170 6602s
 1664256 643719     cutoff   41      6291.00000 5910.98475  6.04%   170 6607s
 1665566 644187 6150.07499   49  151 6291.00000 5911.03268  6.04%   170 6612s
 1666968 644603 6108.88465   55  161 6291.00000 5911.07691  6.04%   170 6616s
 1668134 645017 5984.79944   29   92 6291.00000 5911.12465  6.04%   170 6622s
 1669493 645507 6277.24143   48  162 6291.00000 5911.17552  6.04%   170 6626s
 1670927 645907 5919.20815   36  237 6291.00000 5911.22469  6.04%   170 6631s
 1671983 646147 6088.83950   28  200 6291.00000 5911.25229  6.04%   170 6636s
 1673198 646525 6061.06169   44  135 6291.00000 5911.30412  6.04%   170 6640s
 1674394 647010     cutoff   42      6291.00000 5911.35085  6.03%   169 6645s
 1675710 647388 infeasible   48      6291.00000 5911.40075  6.03%   169 6650s
 1676839 647725     cutoff   46      6291.00000 5911.44583  6.03%   169 6655s
 1679320 648590 infeasible   40      6291.00000 5911.55870  6.03%   169 6664s
 1680451 649055     cutoff   51      6291.00000 5911.61572  6.03%   169 6669s
 1681714 649651 5949.89373   37  292 6291.00000 5911.66320  6.03%   169 6674s
 1683132 649943 infeasible   41      6291.00000 5911.69845  6.03%   169 6678s
 1684189 650260 6062.90007   35  122 6291.00000 5911.74313  6.03%   169 6683s
 1685367 650710 6167.66897   31  288 6291.00000 5911.79527  6.03%   169 6688s
 1686587 651060 5926.90854   38  231 6291.00000 5911.86024  6.03%   169 6693s
 1687507 651556 6244.18747   56   87 6291.00000 5911.90620  6.03%   169 6697s
 1688845 651939 6104.22998   50  104 6291.00000 5911.95498  6.03%   169 6702s
 1689973 652198 6051.15750   34  202 6291.00000 5912.00000  6.02%   169 6707s
 1690963 652630 6152.03407   35  110 6291.00000 5912.00014  6.02%   169 6712s
 1692250 653010     cutoff   46      6291.00000 5912.05634  6.02%   169 6717s
 1693533 653477 6071.66950   46  174 6291.00000 5912.12779  6.02%   169 6722s
 1694905 653961 6189.16558   45  154 6291.00000 5912.18752  6.02%   169 6727s
 1696247 654317     cutoff   34      6291.00000 5912.26000  6.02%   169 6732s
 1697363 654757 6110.82074   52  164 6291.00000 5912.28254  6.02%   169 6737s
 1698785 655237 6013.14317   44  155 6291.00000 5912.33697  6.02%   169 6742s
 1700054 655715 6266.66042   39  143 6291.00000 5912.37447  6.02%   169 6746s
 1701357 656109 6074.42163   34  228 6291.00000 5912.43797  6.02%   169 6751s
 1702687 656505 6049.25719   40  229 6291.00000 5912.52904  6.02%   169 6756s
 1703848 656728 6036.25350   45  167 6291.00000 5912.57068  6.02%   169 6761s
 1704635 657204 infeasible   49      6291.00000 5912.60808  6.01%   169 6765s
 1705902 657623 6061.86886   44  177 6291.00000 5912.65736  6.01%   169 6770s
 1707149 658038     cutoff   60      6291.00000 5912.67668  6.01%   169 6775s
 1708438 658498 infeasible   36      6291.00000 5912.77146  6.01%   169 6780s
 1709756 658882 6118.52186   37  148 6291.00000 5912.83463  6.01%   169 6785s
 1711021 659344 6036.40957   39  207 6291.00000 5912.86539  6.01%   169 6790s
 1712290 659717 5932.63096   36  172 6291.00000 5912.91125  6.01%   169 6795s
 1714782 660506 6163.48657   46  168 6291.00000 5913.04801  6.01%   169 6804s
 1715981 660904 6070.94118   41  131 6291.00000 5913.09631  6.01%   169 6809s
 1717153 661302 6012.73869   36  193 6291.00000 5913.16219  6.01%   169 6814s
 1718328 661687 5916.97892   43  207 6291.00000 5913.23243  6.00%   169 6819s
 1719553 662105 6005.30679   48  136 6291.00000 5913.27528  6.00%   169 6824s
 1720808 662598 6238.53433   66  139 6291.00000 5913.33975  6.00%   169 6829s
 1722114 662784 6163.56213   35  239 6291.00000 5913.39844  6.00%   169 6834s
 1722758 663223 5941.76985   34  219 6291.00000 5913.41848  6.00%   169 6839s
 1723982 663690     cutoff   35      6291.00000 5913.48097  6.00%   169 6845s
 1725388 664194     cutoff   54      6291.00000 5913.52363  6.00%   169 6850s
 1728036 665032     cutoff   38      6291.00000 5913.63010  6.00%   169 6859s
 1729330 665548 6109.33488   34  212 6291.00000 5913.69521  6.00%   169 6865s
 1732019 666450 6111.05388   38  172 6291.00000 5913.79290  6.00%   169 6874s
 1733343 666721     cutoff   47      6291.00000 5913.85440  6.00%   169 6879s
 1734476 667008     cutoff   49      6291.00000 5913.87746  5.99%   169 6884s
 1735726 667480 6282.28302   50   77 6291.00000 5913.95015  5.99%   169 6889s
 1737134 667903 6015.34992   34  276 6291.00000 5913.99868  5.99%   169 6894s
 1738428 668240 6203.40735   46  135 6291.00000 5914.03776  5.99%   169 6899s
 1739713 668558 6166.47707   47  169 6291.00000 5914.11982  5.99%   169 6903s
 1740844 668948 infeasible   42      6291.00000 5914.16440  5.99%   169 6908s
 1742031 669414 6035.73750   41  185 6291.00000 5914.22438  5.99%   169 6913s
 1743294 669915 6054.53626   44  165 6291.00000 5914.27271  5.99%   169 6917s
 1744592 670430 6163.53987   46  231 6291.00000 5914.34320  5.99%   169 6922s
 1745906 670824 5989.41632   39  195 6291.00000 5914.39714  5.99%   169 6927s
 1747093 671110 6038.37351   48  210 6291.00000 5914.44221  5.99%   169 6933s
 1747817 671581 6190.01073   44   88 6291.00000 5914.45499  5.99%   169 6938s
 1749097 672010 6028.59640   36  133 6291.00000 5914.53144  5.98%   169 6943s
 1750356 672423 6077.97841   49  111 6291.00000 5914.57638  5.98%   169 6947s
 1751783 672791 6231.14163   38  159 6291.00000 5914.64020  5.98%   169 6953s
 1753134 673195 5945.99610   42   68 6291.00000 5914.69598  5.98%   169 6958s
 1754418 673604 6103.53427   44  124 6291.00000 5914.75888  5.98%   169 6962s
 1755654 674013 5918.99700   43  127 6291.00000 5914.82368  5.98%   169 6967s
 1756795 674501     cutoff   34      6291.00000 5914.87017  5.98%   169 6973s
 1758270 674973 6030.21757   41  237 6291.00000 5914.94027  5.98%   169 6977s
 1759596 675429 6243.71014   71  120 6291.00000 5914.97513  5.98%   169 6982s
 1760830 675911 6066.74185   34  135 6291.00000 5915.04895  5.98%   169 6987s
 1762043 676246 infeasible   28      6291.00000 5915.11530  5.97%   169 6992s
 1763093 676749 6114.80691   32  225 6291.00000 5915.16375  5.97%   169 6996s
 1764498 677048 5952.30484   31  230 6291.00000 5915.21391  5.97%   169 7002s
 1765248 677472 6053.25976   32  162 6291.00000 5915.21442  5.97%   169 7007s
 1766524 677967 6073.36303   43  159 6291.00000 5915.25909  5.97%   169 7012s
 1767812 678373     cutoff   40      6291.00000 5915.35044  5.97%   169 7017s
 1769038 678893 6182.00000   59  106 6291.00000 5915.39465  5.97%   169 7022s
 1770414 679389     cutoff   49      6291.00000 5915.47343  5.97%   169 7026s
 1771730 679805     cutoff   42      6291.00000 5915.52794  5.97%   169 7031s
 1772972 680204 6079.33222   43  192 6291.00000 5915.59615  5.97%   169 7036s
 1774360 680694 infeasible   53      6291.00000 5915.64610  5.97%   169 7042s
 1775717 681119 6253.19166   47  149 6291.00000 5915.69389  5.97%   169 7046s
 1776956 681605 5927.07125   38  226 6291.00000 5915.75036  5.96%   169 7051s
 1778346 682075 infeasible   28      6291.00000 5915.76125  5.96%   169 7055s
 1780471 682739 6189.57017   40  120 6291.00000 5915.86514  5.96%   169 7064s
 1781631 682986 5958.09345   41  307 6291.00000 5915.94247  5.96%   169 7068s
 1782330 683495 6235.93124   42  158 6291.00000 5915.97723  5.96%   169 7074s
 1783643 683909 6103.24719   26  185 6291.00000 5916.03386  5.96%   169 7078s
 1784890 684338 6155.03285   36   98 6291.00000 5916.08803  5.96%   169 7083s
 1786127 684725 6189.08508   49  198 6291.00000 5916.12202  5.96%   169 7087s
 1787381 685080 5946.13829   38  238 6291.00000 5916.21068  5.96%   169 7092s
 1788556 685420 6221.44185   39  209 6291.00000 5916.25313  5.96%   169 7097s
 1789538 685805 6110.16182   43  144 6291.00000 5916.32334  5.96%   169 7102s
 1790710 686224 6150.63571   39   68 6291.00000 5916.37911  5.95%   169 7107s
 1792060 686690 6206.35314   52  161 6291.00000 5916.42141  5.95%   169 7112s
 1793478 687086     cutoff   61      6291.00000 5916.47170  5.95%   169 7116s
 1794642 687417 6078.33263   33  186 6291.00000 5916.52010  5.95%   169 7120s
 1795780 687828 6069.18697   36  141 6291.00000 5916.56850  5.95%   169 7125s
 1798204 688536 5954.12456   35  164 6291.00000 5916.64991  5.95%   169 7134s
 1799203 688985     cutoff   46      6291.00000 5916.70284  5.95%   169 7139s
 1800507 689370 6071.07809   39  202 6291.00000 5916.75552  5.95%   169 7144s
 1801682 689751 6050.78908   37  147 6291.00000 5916.81146  5.95%   168 7149s
 1802833 690194     cutoff   56      6291.00000 5916.86786  5.95%   169 7153s
 1804122 690633 6202.63777   43   99 6291.00000 5916.93417  5.95%   168 7158s
 1805458 690985     cutoff   40      6291.00000 5916.96297  5.95%   168 7163s
 1806650 691465     cutoff   38      6291.00000 5917.03133  5.94%   168 7168s
 1807946 691825 6156.41302   58  164 6291.00000 5917.07120  5.94%   168 7172s
 1809143 692245 6153.41822   55  137 6291.00000 5917.14743  5.94%   168 7177s
 1810430 692632 6164.25590   40  117 6291.00000 5917.20580  5.94%   168 7182s
 1811774 693020 6002.24219   38   75 6291.00000 5917.26012  5.94%   168 7186s
 1813006 693442 6121.90200   46  160 6291.00000 5917.31224  5.94%   168 7191s
 1814022 693876 6041.15869   37  170 6291.00000 5917.34751  5.94%   168 7196s
 1815369 694326 infeasible   45      6291.00000 5917.40255  5.94%   168 7200s
 1816526 694710 infeasible   48      6291.00000 5917.43014  5.94%   168 7205s
 1817586 695074 6015.40746   45  143 6291.00000 5917.47656  5.94%   168 7210s
 1820204 695941 infeasible   45      6291.00000 5917.57706  5.94%   168 7219s
 1821378 696335 6208.87186   39  131 6291.00000 5917.61327  5.94%   168 7224s
 1822624 696672 5999.25017   35  204 6291.00000 5917.67858  5.93%   168 7228s
 1823796 697108 infeasible   39      6291.00000 5917.75663  5.93%   168 7233s
 1825036 697570 6019.43574   29  271 6291.00000 5917.78014  5.93%   168 7238s
 1826213 697848 6069.50955   37  153 6291.00000 5917.84148  5.93%   168 7243s
 1827199 698326 6220.11859   41  118 6291.00000 5917.86179  5.93%   168 7248s
 1828548 698747 6244.03629   54   67 6291.00000 5917.96169  5.93%   168 7253s
 1829766 699060 5981.60857   39  111 6291.00000 5918.00720  5.93%   168 7258s
 1830670 699512 6110.50386   49  144 6291.00000 5918.04169  5.93%   168 7264s
 1832160 700017 5932.65466   36  243 6291.00000 5918.11537  5.93%   168 7269s
 1833450 700425 infeasible   41      6291.00000 5918.16887  5.93%   168 7275s
 1834678 700987 5982.71959   44  192 6291.00000 5918.20978  5.93%   168 7280s
 1836099 701374 6258.21469   50  140 6291.00000 5918.29792  5.92%   168 7285s
 1837430 701711 6237.53646   51  151 6291.00000 5918.35994  5.92%   168 7290s
 1838769 702104     cutoff   39      6291.00000 5918.40011  5.92%   168 7295s
 1839985 702560 6203.02593   52   95 6291.00000 5918.45629  5.92%   168 7300s
 1842682 703433 6025.41777   34  170 6291.00000 5918.57391  5.92%   168 7309s
 1844047 703850     cutoff   38      6291.00000 5918.65018  5.92%   168 7314s
 1845250 704285 5929.55175   42  202 6291.00000 5918.71033  5.92%   168 7319s
 1846540 704648     cutoff   44      6291.00000 5918.75226  5.92%   168 7324s
 1847757 705004 6108.87196   38  136 6291.00000 5918.79953  5.92%   168 7328s
 1849022 705409 5965.99967   36  270 6291.00000 5918.88448  5.92%   168 7333s
 1850267 705890 infeasible   42      6291.00000 5918.94768  5.91%   168 7338s
 1851652 706336 6077.61404   28  146 6291.00000 5919.01489  5.91%   168 7343s
 1853008 706821 6059.42672   44  200 6291.00000 5919.05801  5.91%   168 7348s
 1854468 707272 6002.54659   37  163 6291.00000 5919.11820  5.91%   168 7352s
 1855599 707682 6048.23243   41  159 6291.00000 5919.15590  5.91%   168 7357s
 1856807 708150 5966.99430   42  200 6291.00000 5919.22721  5.91%   168 7361s
 1858122 708596 5983.59259   36  150 6291.00000 5919.27350  5.91%   168 7366s
 1859411 708946     cutoff   44      6291.00000 5919.31719  5.91%   168 7370s
 1860723 709372 6015.53158   35  222 6291.00000 5919.37534  5.91%   168 7375s
 1863231 710174 6214.79544   41  128 6291.00000 5919.46365  5.91%   168 7384s
 1864447 710663 6023.34782   38  201 6291.00000 5919.52879  5.90%   168 7389s
 1865783 711133 6058.25657   36  170 6291.00000 5919.58851  5.90%   168 7393s
 1867052 711523 infeasible   48      6291.00000 5919.64238  5.90%   168 7397s
 1868270 711841     cutoff   50      6291.00000 5919.69774  5.90%   168 7402s
 1869432 712127     cutoff   50      6291.00000 5919.76862  5.90%   168 7406s
 1870772 712451     cutoff   35      6291.00000 5919.81681  5.90%   168 7410s
 1871804 712894 infeasible   37      6291.00000 5919.87536  5.90%   168 7415s
 1874288 713648 6064.71429   24  184 6291.00000 5919.99748  5.90%   168 7424s
 1875406 714048     cutoff   44      6291.00000 5920.02475  5.90%   168 7428s
 1876695 714415     cutoff   40      6291.00000 5920.09082  5.90%   168 7433s
 1877800 714827 5972.35377   41  196 6291.00000 5920.13762  5.90%   168 7438s
 1878955 715136 6166.40492   45  129 6291.00000 5920.18562  5.89%   168 7443s
 1880115 715536     cutoff   35      6291.00000 5920.25788  5.89%   168 7448s
 1881453 715542 6162.81011   37  233 6291.00000 5920.29327  5.89%   168 7453s
 1881470 715547 6182.79320   38  184 6291.00000 5920.29327  5.89%   168 7459s
 1881488 715557 6189.12679   39  151 6291.00000 5920.29391  5.89%   168 7464s
 1881502 715567 6233.37475   40  146 6291.00000 5920.29391  5.89%   168 7470s
 1881597 715717     cutoff   42      6291.00000 5920.29391  5.89%   168 7479s
 1881911 716174 6251.37709   41  204 6291.00000 5920.29932  5.89%   168 7484s
 1883227 716544     cutoff   41      6291.00000 5920.36901  5.89%   168 7489s
 1884364 716924 6007.79645   47  180 6291.00000 5920.44396  5.89%   168 7495s
 1885713 717350 5957.62737   33  176 6291.00000 5920.51425  5.89%   168 7500s
 1888321 718120 infeasible   44      6291.00000 5920.62639  5.89%   168 7509s
 1889557 718585 6078.96373   40   87 6291.00000 5920.67145  5.89%   168 7514s
 1890771 718977 infeasible   50      6291.00000 5920.73532  5.89%   168 7519s
 1891976 719501 6143.55418   32  176 6291.00000 5920.79450  5.88%   168 7524s
 1893382 720049 6170.98827   50  105 6291.00000 5920.83721  5.88%   168 7529s
 1894744 720436 6180.42611   41  146 6291.00000 5920.91078  5.88%   168 7534s
 1895988 720635 6063.99123   54  141 6291.00000 5920.95894  5.88%   168 7539s
 1896631 721095 infeasible   34      6291.00000 5920.96587  5.88%   168 7544s
 1897997 721526 6103.32103   48  169 6291.00000 5921.05159  5.88%   168 7549s
 1899305 721865 6169.00600   57  186 6291.00000 5921.11094  5.88%   168 7553s
 1900826 722306 6001.18190   39  180 6291.00000 5921.16590  5.88%   168 7558s
 1902205 722713 6076.70821   36  178 6291.00000 5921.22952  5.88%   168 7563s
 1903488 723114 5981.93361   45  199 6291.00000 5921.28387  5.88%   168 7568s
 1904876 723598 infeasible   41      6291.00000 5921.36248  5.88%   168 7572s
 1906098 723941 6200.37010   59  116 6291.00000 5921.41505  5.87%   168 7576s
 1907277 724351     cutoff   48      6291.00000 5921.47618  5.87%   168 7581s
 1908536 724695 5973.52507   34  247 6291.00000 5921.51289  5.87%   168 7586s
 1909646 725115 6023.95230   45  135 6291.00000 5921.56250  5.87%   168 7590s
 1910884 725540 infeasible   58      6291.00000 5921.62535  5.87%   168 7595s
 1913340 726334 6065.41668   41  176 6291.00000 5921.73271  5.87%   168 7604s
 1914602 726719 6013.79930   44  179 6291.00000 5921.78940  5.87%   168 7608s
 1915761 727081 6092.17905   41  279 6291.00000 5921.83447  5.87%   168 7613s
 1917015 727555 5990.32583   31  164 6291.00000 5921.87032  5.87%   168 7618s
 1918215 727865 infeasible   37      6291.00000 5921.93653  5.87%   168 7622s
 1919220 728327     cutoff   40      6291.00000 5921.98791  5.87%   168 7627s
 1920349 728740 infeasible   63      6291.00000 5922.00330  5.87%   168 7632s
 1921577 729176 6102.87634   44  137 6291.00000 5922.09705  5.86%   168 7637s
 1922841 729663 6289.19153   47  110 6291.00000 5922.14723  5.86%   168 7642s
 1924133 730131 infeasible   37      6291.00000 5922.22783  5.86%   168 7646s
 1925396 730525 6184.99784   42  198 6291.00000 5922.28464  5.86%   168 7651s
 1926766 730878 6264.02623   47  152 6291.00000 5922.33968  5.86%   168 7656s
 1928052 731233 6036.41728   50  170 6291.00000 5922.38095  5.86%   168 7660s
 1929320 731691 6031.73842   46  224 6291.00000 5922.46715  5.86%   167 7665s
 1931802 732430 6103.57310   36   99 6291.00000 5922.60865  5.86%   167 7674s
 1932891 732881 5947.21802   35  130 6291.00000 5922.68910  5.85%   167 7679s
 1934183 733174 5964.71162   28  226 6291.00000 5922.75542  5.85%   167 7683s
 1935289 733599 6155.75601   47   45 6291.00000 5922.79724  5.85%   167 7688s
 1936584 734006     cutoff   65      6291.00000 5922.86312  5.85%   167 7692s
 1937842 734376 6059.92116   34  116 6291.00000 5922.92720  5.85%   167 7697s
 1938981 734790     cutoff   46      6291.00000 5922.98793  5.85%   167 7702s
 1940237 735168 6058.49185   31  217 6291.00000 5923.04619  5.85%   167 7707s
 1941461 735596 6060.92553   32  126 6291.00000 5923.10644  5.85%   167 7712s
 1942676 736012     cutoff   38      6291.00000 5923.16597  5.85%   167 7716s
 1943983 736348 6182.17054   50  231 6291.00000 5923.21875  5.85%   167 7721s
 1945150 736643 6077.64513   38  241 6291.00000 5923.28543  5.85%   167 7726s
 1946313 737057 6042.00317   42  195 6291.00000 5923.34105  5.84%   167 7731s
 1947703 737387 6137.03184   47  157 6291.00000 5923.38736  5.84%   167 7736s
 1948667 737839 6027.69336   34  226 6291.00000 5923.40120  5.84%   167 7741s
 1949978 738267 infeasible   36      6291.00000 5923.52544  5.84%   167 7746s
 1951364 738774 6184.68872   45  179 6291.00000 5923.55876  5.84%   167 7750s
 1952883 739219 6072.96667   30   97 6291.00000 5923.61070  5.84%   167 7755s
 1954159 739811 6201.04945   45  131 6291.00000 5923.63851  5.84%   167 7760s
 1955614 740216 6019.81975   44  145 6291.00000 5923.69394  5.84%   167 7765s
 1956850 740645 infeasible   49      6291.00000 5923.76078  5.84%   167 7770s
 1959314 741549     cutoff   31      6291.00000 5923.86536  5.84%   167 7779s
 1960731 741873 infeasible   40      6291.00000 5923.92623  5.83%   167 7783s
 1961941 742238 6201.58384   42  115 6291.00000 5923.97407  5.83%   167 7788s
 1963201 742669 6222.96793   50  165 6291.00000 5924.01838  5.83%   167 7792s
 1964406 743139 5997.43106   44  165 6291.00000 5924.05556  5.83%   167 7797s
 1965628 743483     cutoff   39      6291.00000 5924.11664  5.83%   167 7801s
 1966990 743861 infeasible   42      6291.00000 5924.15240  5.83%   167 7805s
 1968105 744314 6275.06368   54  136 6291.00000 5924.22635  5.83%   167 7810s
 1970448 745086 6076.99725   48  168 6291.00000 5924.32347  5.83%   167 7819s
 1971604 745446 5958.37190   40  279 6291.00000 5924.36617  5.83%   167 7823s
 1972725 745925 6272.28520   43   75 6291.00000 5924.41191  5.83%   167 7828s
 1974087 746409 6192.20072   52  195 6291.00000 5924.45128  5.83%   167 7832s
 1975422 746878 6197.06042   46  103 6291.00000 5924.49758  5.83%   167 7837s
 1976817 747275 6221.14272   44  189 6291.00000 5924.56446  5.82%   167 7842s
 1978067 747694 6163.00000   28   82 6291.00000 5924.61821  5.82%   167 7846s
 1979171 748166     cutoff   48      6291.00000 5924.65731  5.82%   167 7850s
 1980432 748542 infeasible   47      6291.00000 5924.72565  5.82%   167 7855s
 1982840 749269 6067.50836   36  235 6291.00000 5924.84832  5.82%   167 7864s
 1984072 749638 6213.23306   48  155 6291.00000 5924.88931  5.82%   167 7868s
 1985189 750032 6257.64777   51  139 6291.00000 5924.94931  5.82%   167 7873s
 1986296 750475     cutoff   42      6291.00000 5925.00082  5.82%   167 7878s
 1987537 750912 6147.24180   49  188 6291.00000 5925.06231  5.82%   167 7883s
 1988839 751445 6034.90330   44  155 6291.00000 5925.11626  5.82%   167 7888s
 1990164 751883 6094.28662   43  170 6291.00000 5925.15901  5.82%   167 7893s
 1991272 752254 5992.95742   47  132 6291.00000 5925.22342  5.81%   167 7897s
 1992480 752639 6216.69940   49  203 6291.00000 5925.28571  5.81%   167 7902s
 1993848 753101 6084.99857   45  122 6291.00000 5925.33601  5.81%   167 7906s
 1995164 753407 6191.91811   37   98 6291.00000 5925.39502  5.81%   167 7911s
 1996456 753829 5975.67847   34  284 6291.00000 5925.44662  5.81%   167 7916s
 1997768 754200 5979.75879   58  193 6291.00000 5925.49151  5.81%   167 7920s
 2000230 755014 6159.62401   35  211 6291.00000 5925.59159  5.81%   167 7929s
 2001504 755472 6096.93444   46  151 6291.00000 5925.64718  5.81%   167 7933s
 2002792 755869 6056.51509   49  116 6291.00000 5925.66611  5.81%   167 7937s
 2003833 756188     cutoff   46      6291.00000 5925.74725  5.81%   167 7942s
 2004939 756501 5938.67340   35  146 6291.00000 5925.79709  5.81%   167 7946s
 2006018 756936 6161.79386   38  186 6291.00000 5925.85988  5.80%   167 7950s
 2007198 757420 6141.36199   29  113 6291.00000 5925.91065  5.80%   167 7955s
 2008463 757775 6125.59897   48  194 6291.00000 5925.98752  5.80%   167 7960s
 2009597 758128 6001.99631   26  137 6291.00000 5926.03144  5.80%   167 7965s
 2011883 758949 infeasible   38      6291.00000 5926.13523  5.80%   167 7974s
 2013031 759449 infeasible   56      6291.00000 5926.22170  5.80%   167 7979s
 2014476 759872 6168.21464   40  121 6291.00000 5926.28510  5.80%   167 7984s
 2015783 760186 5985.13042   47  199 6291.00000 5926.34272  5.80%   167 7989s
 2016770 760550 6145.72967   44  119 6291.00000 5926.37476  5.80%   167 7994s
 2018137 760986 6075.01924   43   87 6291.00000 5926.43832  5.79%   167 7998s
 2019517 761478 infeasible   45      6291.00000 5926.50090  5.79%   167 8003s
 2020898 761876     cutoff   33      6291.00000 5926.57916  5.79%   167 8008s
 2022112 762382 6176.97096   38  123 6291.00000 5926.62676  5.79%   167 8012s
 2023417 762819 6164.16442   43  122 6291.00000 5926.69363  5.79%   167 8017s
 2024754 763247 6018.69100   45  210 6291.00000 5926.75409  5.79%   167 8022s
 2026079 763663 6197.10886   41  149 6291.00000 5926.81525  5.79%   167 8026s
 2027497 764050 6066.71852   27  140 6291.00000 5926.86705  5.79%   167 8031s
 2028836 764400 5928.29264   46  315 6291.00000 5926.92795  5.79%   167 8035s
 2029873 764758 6101.57081   46  202 6291.00000 5926.96480  5.79%   167 8040s
 2031045 765209 5994.83610   39  253 6291.00000 5927.00800  5.79%   167 8045s
 2032346 765603 6132.46400   31  115 6291.00000 5927.06817  5.78%   167 8050s
 2033809 765959 6011.52951   46  233 6291.00000 5927.14454  5.78%   167 8055s
 2035086 766401 6037.19713   52  150 6291.00000 5927.20314  5.78%   167 8060s
 2036206 766793 6246.87417   57  142 6291.00000 5927.24276  5.78%   167 8065s
 2037382 767171 5945.10345   38  206 6291.00000 5927.29515  5.78%   167 8070s
 2039920 768033 6208.74096   54  117 6291.00000 5927.41876  5.78%   167 8079s
 2041187 768436 5983.78443   33  228 6291.00000 5927.46728  5.78%   167 8083s
 2042489 768798 6102.50722   49   79 6291.00000 5927.53115  5.78%   167 8088s
 2043769 769119 6012.85382   35  226 6291.00000 5927.57258  5.78%   167 8093s
 2044831 769554 infeasible   57      6291.00000 5927.59720  5.78%   167 8097s
 2046174 770036     cutoff   46      6291.00000 5927.65778  5.78%   167 8102s
 2047544 770477 6166.08647   52  134 6291.00000 5927.71018  5.77%   167 8107s
 2048925 770778 6059.85609   45  156 6291.00000 5927.76506  5.77%   167 8111s
 2049969 771200 6166.03710   51  115 6291.00000 5927.80229  5.77%   167 8116s
 2051315 771563 6016.50009   49  183 6291.00000 5927.86968  5.77%   167 8120s
 2052706 771971 6116.55979   42  117 6291.00000 5927.93278  5.77%   167 8125s
 2055131 772785 infeasible   50      6291.00000 5928.03786  5.77%   167 8134s
 2056345 773158 6010.66152   36  233 6291.00000 5928.09516  5.77%   167 8139s
 2057417 773573 6054.71617   46  216 6291.00000 5928.13778  5.77%   167 8143s
 2058757 774018     cutoff   43      6291.00000 5928.20935  5.77%   167 8148s
 2059838 774418 6237.28488   38   72 6291.00000 5928.25487  5.77%   167 8152s
 2061223 774742 6045.13009   48  143 6291.00000 5928.29520  5.77%   166 8157s
 2062466 775125 6022.12804   45  141 6291.00000 5928.35448  5.76%   166 8162s
 2063617 775582 6256.58020   50  130 6291.00000 5928.39686  5.76%   166 8166s
 2064864 776054 6073.92172   43  175 6291.00000 5928.45250  5.76%   166 8171s
 2066150 776536 6008.11926   45  206 6291.00000 5928.50461  5.76%   166 8176s
 2067571 776858     cutoff   35      6291.00000 5928.55999  5.76%   166 8180s
 2068710 777314 6048.69458   31  190 6291.00000 5928.61064  5.76%   166 8185s
 2071137 778178 infeasible   37      6291.00000 5928.71556  5.76%   166 8194s
 2072544 778604 5959.88638   43  200 6291.00000 5928.75036  5.76%   166 8199s
 2073841 779011 5940.22822   38  218 6291.00000 5928.81363  5.76%   166 8203s
 2075007 779416 6000.60000   31  162 6291.00000 5928.87389  5.76%   166 8208s
 2076347 779806 5944.67145   34  195 6291.00000 5928.91495  5.76%   166 8212s
 2077505 780170 6091.58627   37  245 6291.00000 5928.95831  5.75%   166 8217s
 2078700 780580 6119.64822   53  208 6291.00000 5928.98417  5.75%   166 8221s
 2079815 780941 6103.12921   42  105 6291.00000 5929.03776  5.75%   166 8226s
 2080970 781390 6103.26372   44  144 6291.00000 5929.07965  5.75%   166 8230s
 2082289 781767 5986.60000   27  150 6291.00000 5929.14446  5.75%   166 8235s
 2084835 782532 6221.18427   50  170 6291.00000 5929.25127  5.75%   166 8245s
 2087561 783338 infeasible   56      6291.00000 5929.37105  5.75%   166 8253s
 2088547 783805 6089.50408   29  123 6291.00000 5929.42749  5.75%   166 8258s
 2089833 784200 6062.32101   39  191 6291.00000 5929.47279  5.75%   166 8262s
 2090938 784631 infeasible   50      6291.00000 5929.52380  5.75%   166 8267s
 2092227 785156     cutoff   33      6291.00000 5929.57508  5.75%   166 8271s
 2093655 785444 6219.00000   40  138 6291.00000 5929.62241  5.74%   166 8276s
 2094711 785954 5994.72291   37  182 6291.00000 5929.66120  5.74%   166 8280s
 2095971 786498 6052.32193   42  224 6291.00000 5929.72022  5.74%   166 8285s
 2098409 787130 6025.71160   36  251 6291.00000 5929.80181  5.74%   166 8294s
 2099558 787543     cutoff   42      6291.00000 5929.84932  5.74%   166 8298s
 2100841 787883 6061.97302   44  179 6291.00000 5929.89654  5.74%   166 8303s
 2102073 788210 6207.60235   55   99 6291.00000 5929.93651  5.74%   166 8308s
 2103275 788690 6146.72730   44  160 6291.00000 5929.98226  5.74%   166 8313s
 2104645 788979 5946.99571   40  182 6291.00000 5930.03464  5.74%   166 8317s
 2105776 789395     cutoff   31      6291.00000 5930.07380  5.74%   166 8322s
 2107086 789715 6271.14359   39  176 6291.00000 5930.13822  5.74%   166 8326s
 2108301 790178 infeasible   38      6291.00000 5930.18576  5.74%   166 8331s
 2109676 790562 6163.15963   44   94 6291.00000 5930.22085  5.73%   166 8335s
 2110878 791048 6062.93795   39   94 6291.00000 5930.25520  5.73%   166 8340s
 2113490 791727 5936.93798   41  260 6291.00000 5930.34956  5.73%   166 8349s
 2114399 792117 6067.54431   44  130 6291.00000 5930.38099  5.73%   166 8354s
 2115576 792482 5991.69520   44  246 6291.00000 5930.43430  5.73%   166 8358s
 2116799 792792 5975.72461   36  211 6291.00000 5930.47607  5.73%   166 8363s
 2117960 793238 6066.77906   27  181 6291.00000 5930.51147  5.73%   166 8367s
 2119176 793706 6120.80394   39  245 6291.00000 5930.57841  5.73%   166 8372s
 2120412 794150 infeasible   35      6291.00000 5930.64949  5.73%   166 8377s
 2121739 794594 5946.55125   34  267 6291.00000 5930.68444  5.73%   166 8382s
 2123110 795020 infeasible   42      6291.00000 5930.75013  5.73%   166 8386s
 2124244 795444 infeasible   46      6291.00000 5930.77922  5.73%   166 8391s
 2125687 795791     cutoff   34      6291.00000 5930.83378  5.73%   166 8395s
 2126912 796107 6177.41094   30  212 6291.00000 5930.88798  5.72%   166 8400s
 2129272 796944 6176.60879   38  222 6291.00000 5931.00437  5.72%   166 8409s
 2130564 797269 6164.02488   34  121 6291.00000 5931.05306  5.72%   166 8413s
 2131598 797658 6061.01768   32  161 6291.00000 5931.08242  5.72%   166 8418s
 2132856 798068 5982.26114   39  230 6291.00000 5931.16796  5.72%   166 8422s
 2134085 798451 5979.86164   40  228 6291.00000 5931.23413  5.72%   166 8427s
 2135162 798866 6015.79560   42  145 6291.00000 5931.27486  5.72%   166 8432s
 2136458 799266 infeasible   52      6291.00000 5931.32176  5.72%   166 8436s
 2137730 799737 6092.57143   44  132 6291.00000 5931.37031  5.72%   166 8440s
 2139081 800054 6099.31699   42  128 6291.00000 5931.43948  5.72%   166 8445s
 2140274 800564 6287.42798   53  125 6291.00000 5931.49310  5.71%   166 8450s
 2142917 801396 infeasible   35      6291.00000 5931.60859  5.71%   166 8459s
 2144091 801818 5949.39219   39  243 6291.00000 5931.66109  5.71%   166 8463s
 2145472 802215 6194.77153   49  126 6291.00000 5931.70327  5.71%   166 8467s
 2146522 802596 6039.50108   46  130 6291.00000 5931.74379  5.71%   166 8472s
 2147583 802981 6176.68217   62  134 6291.00000 5931.78640  5.71%   166 8476s
 2148702 803429 6197.76028   48  130 6291.00000 5931.81889  5.71%   166 8480s
 2150010 803963 6049.12937   40  212 6291.00000 5931.85779  5.71%   166 8485s
 2151361 804334 infeasible   51      6291.00000 5931.91227  5.71%   166 8490s
 2152713 804606 6225.09953   60  125 6291.00000 5931.95546  5.71%   166 8495s
 2154587 805402 6041.29917   47  180 6291.00000 5932.00000  5.71%   166 8504s
 2155747 805867 6003.46465   41  166 6291.00000 5932.08645  5.71%   166 8508s
 2156974 806257 5998.96194   51  230 6291.00000 5932.11853  5.70%   166 8513s
 2158290 806708 6105.03627   40  203 6291.00000 5932.17999  5.70%   166 8518s
 2159633 807044 6161.63405   37  159 6291.00000 5932.22801  5.70%   166 8522s
 2160792 807500     cutoff   46      6291.00000 5932.28683  5.70%   166 8527s
 2161985 807881 6034.58087   44  163 6291.00000 5932.33576  5.70%   166 8531s
 2163193 808377 5968.25898   43  271 6291.00000 5932.38406  5.70%   166 8536s
 2164538 808814 6105.26388   37  177 6291.00000 5932.43138  5.70%   166 8540s
 2165894 809195     cutoff   46      6291.00000 5932.48602  5.70%   166 8545s
 2167131 809707 6041.23586   41  122 6291.00000 5932.55445  5.70%   166 8550s
 2169551 810500 5998.66048   45  214 6291.00000 5932.65680  5.70%   166 8559s
 2170836 810767 5965.32069   36  147 6291.00000 5932.71689  5.70%   166 8563s
 2172082 811132 5946.12037   40  237 6291.00000 5932.74760  5.69%   166 8568s
 2173262 811544 6043.28649   33  138 6291.00000 5932.79729  5.69%   166 8573s
 2174422 811944 6062.15407   38  227 6291.00000 5932.84786  5.69%   166 8578s
 2175518 812315     cutoff   40      6291.00000 5932.90865  5.69%   166 8582s
 2176689 812728 6237.44009   43   94 6291.00000 5932.94948  5.69%   166 8587s
 2177993 813064 6164.77788   46  106 6291.00000 5933.00442  5.69%   166 8592s
 2178933 813539 6083.77081   40  167 6291.00000 5933.02210  5.69%   166 8597s
 2180395 813958     cutoff   39      6291.00000 5933.10938  5.69%   166 8602s
 2181647 814454 infeasible   41      6291.00000 5933.14776  5.69%   166 8607s
 2183049 814902     cutoff   42      6291.00000 5933.20491  5.69%   166 8611s
 2184308 815377 6160.38407   42  184 6291.00000 5933.24009  5.69%   166 8616s
 2185615 815844 infeasible   56      6291.00000 5933.28630  5.69%   166 8620s
 2186956 816285 6031.24492   46   94 6291.00000 5933.33811  5.69%   166 8625s
 2188246 816670 6107.73402   41  210 6291.00000 5933.39455  5.68%   166 8630s
 2190921 817497     cutoff   39      6291.00000 5933.50087  5.68%   166 8639s
 2192166 817850 5979.30035   45  183 6291.00000 5933.55513  5.68%   165 8643s
 2193532 818323 5988.49928   39  188 6291.00000 5933.59690  5.68%   165 8647s
 2194797 818756 6114.99978   51  145 6291.00000 5933.62938  5.68%   165 8652s
 2196143 819009 infeasible   47      6291.00000 5933.69328  5.68%   165 8656s
 2196908 819484 5998.80390   36  242 6291.00000 5933.72566  5.68%   165 8662s
 2198474 820006 6040.38746   29  203 6291.00000 5933.78663  5.68%   165 8666s
 2199867 820465 6128.61307   46  170 6291.00000 5933.84015  5.68%   165 8671s
 2201077 820890 6075.22762   48  252 6291.00000 5933.88291  5.68%   165 8676s
 2202330 821327     cutoff   35      6291.00000 5933.92799  5.68%   165 8680s
 2203549 821753 5944.72559   44  207 6291.00000 5933.97116  5.68%   165 8685s
 2204813 822197 6096.10189   44  159 6291.00000 5934.00748  5.67%   165 8690s
 2207593 823093 6049.57054   40  120 6291.00000 5934.08640  5.67%   165 8699s
 2208944 823544 6066.44442   49  116 6291.00000 5934.14342  5.67%   165 8703s
 2210416 823928 6069.33231   40  219 6291.00000 5934.17735  5.67%   165 8708s
 2211584 824320 6001.01772   50  184 6291.00000 5934.21710  5.67%   165 8712s
 2212784 824748 6024.19994   33  235 6291.00000 5934.25850  5.67%   165 8717s
 2214037 825174     cutoff   43      6291.00000 5934.30000  5.67%   165 8722s
 2215393 825431 6091.40166   35  178 6291.00000 5934.37636  5.67%   165 8726s
 2216577 825843 6167.53551   52  122 6291.00000 5934.40729  5.67%   165 8731s
 2217885 826307 6207.93915   52  126 6291.00000 5934.45105  5.67%   165 8735s
 2219150 826802 6259.87030   47  124 6291.00000 5934.49074  5.67%   165 8740s
 2221666 827597 6033.38490   43  168 6291.00000 5934.56997  5.67%   165 8749s
 2222832 828009 6017.88832   50  133 6291.00000 5934.63456  5.66%   165 8754s
 2223915 828380 6120.90455   31  110 6291.00000 5934.67702  5.66%   165 8758s
 2225223 828733     cutoff   42      6291.00000 5934.72105  5.66%   165 8763s
 2226276 829070 6179.30300   40  194 6291.00000 5934.76945  5.66%   165 8768s
 2227472 829496 6223.03569   41  124 6291.00000 5934.81208  5.66%   165 8772s
 2228932 829816 6160.44942   33  165 6291.00000 5934.85302  5.66%   165 8777s
 2230088 830199 6087.17956   28  149 6291.00000 5934.90986  5.66%   165 8782s
 2231193 830570 infeasible   53      6291.00000 5934.91968  5.66%   165 8787s
 2232432 830951 6267.00000   49  116 6291.00000 5934.99641  5.66%   165 8792s
 2233694 831407 6004.12545   40  140 6291.00000 5935.03772  5.66%   165 8797s
 2235067 831723 5990.14908   26  250 6291.00000 5935.08667  5.66%   165 8801s
 2236114 832177 6054.99020   32  140 6291.00000 5935.12698  5.66%   165 8806s
 2237487 832674     cutoff   46      6291.00000 5935.18327  5.66%   165 8811s
 2238829 833144 infeasible   32      6291.00000 5935.22822  5.66%   165 8815s
 2240139 833605 infeasible   46      6291.00000 5935.27410  5.65%   165 8820s
 2241477 833980 5943.33648   27  139 6291.00000 5935.33358  5.65%   165 8825s
 2243839 834714 infeasible   55      6291.00000 5935.41117  5.65%   165 8834s
 2245104 835141 5981.91011   47  107 6291.00000 5935.47010  5.65%   165 8839s
 2246536 835498 5976.32835   50  250 6291.00000 5935.52178  5.65%   165 8844s
 2247799 835859 6231.74297   38  116 6291.00000 5935.55952  5.65%   165 8848s
 2248935 836319     cutoff   50      6291.00000 5935.58759  5.65%   165 8853s
 2250292 836630 infeasible   44      6291.00000 5935.63608  5.65%   165 8857s
 2251466 836960     cutoff   45      6291.00000 5935.66717  5.65%   165 8862s
 2252663 837342 6092.13484   35  154 6291.00000 5935.70097  5.65%   165 8866s
 2253866 837676 6130.05714   35   69 6291.00000 5935.74704  5.65%   165 8871s
 2254983 838112 6217.92627   35  159 6291.00000 5935.79340  5.65%   165 8875s
 2256272 838463 6051.92920   47  157 6291.00000 5935.83903  5.65%   165 8880s
 2259015 839430 6110.78937   44  145 6291.00000 5935.92392  5.64%   165 8889s
 2260243 839689 6283.41462   42  133 6291.00000 5935.97029  5.64%   165 8895s
 2262129 840571 6076.72675   39  207 6291.00000 5935.98310  5.64%   165 8904s
 2263376 841019     cutoff   49      6291.00000 5936.06082  5.64%   165 8908s
 2264718 841221 5980.65501   46  178 6291.00000 5936.10450  5.64%   165 8914s
 2265416 841609 6034.88718   35  237 6291.00000 5936.12278  5.64%   165 8918s
 2266720 842092     cutoff   41      6291.00000 5936.19048  5.64%   165 8923s
 2268061 842455 5964.32811   39  259 6291.00000 5936.23875  5.64%   165 8927s
 2269289 842856 5979.20391   40  211 6291.00000 5936.29740  5.64%   165 8932s
 2270554 843286 6195.97100   35  260 6291.00000 5936.36401  5.64%   165 8936s
 2271816 843816 6011.30607   36  191 6291.00000 5936.40341  5.64%   165 8941s
 2273238 844184 6104.98878   38  150 6291.00000 5936.45194  5.64%   165 8945s
 2274416 844614 6002.99968   41  163 6291.00000 5936.49950  5.64%   165 8950s
 2276912 845445     cutoff   49      6291.00000 5936.56425  5.63%   165 8958s
 2278153 845790 6115.25488   47  161 6291.00000 5936.62222  5.63%   165 8963s
 2279281 846108 6178.19618   55  110 6291.00000 5936.66027  5.63%   165 8967s
 2280500 846440 6246.75542   49  163 6291.00000 5936.72872  5.63%   165 8972s
 2281781 846817 6029.13678   43  194 6291.00000 5936.76384  5.63%   165 8976s
 2283049 847164 6052.94216   44  173 6291.00000 5936.79410  5.63%   165 8981s
 2284216 847520     cutoff   46      6291.00000 5936.84293  5.63%   165 8986s
 2285386 847944 5944.04432   33  190 6291.00000 5936.87394  5.63%   165 8990s
 2286647 848314 6181.89916   53  110 6291.00000 5936.94244  5.63%   165 8995s
 2287866 848781 6142.41384   38  124 6291.00000 5936.99500  5.63%   165 9000s
 2290598 849597 5937.96930   31  205 6291.00000 5937.06572  5.63%   165 9008s
 2292005 849902     cutoff   55      6291.00000 5937.11204  5.63%   165 9013s
 2293169 850305 6179.04633   38  190 6291.00000 5937.14688  5.62%   165 9017s
 2294455 850676 6176.53479   47  106 6291.00000 5937.17725  5.62%   165 9021s
 2295585 851064     cutoff   46      6291.00000 5937.19818  5.62%   165 9026s
 2296832 851459 6151.76165   36  152 6291.00000 5937.26751  5.62%   165 9030s
 2298121 851810 infeasible   61      6291.00000 5937.30353  5.62%   165 9035s
 2300487 852648     cutoff   33      6291.00000 5937.37079  5.62%   165 9043s
 2301763 852989     cutoff   46      6291.00000 5937.41766  5.62%   165 9047s
 2302978 853404 6036.86890   43  186 6291.00000 5937.46539  5.62%   165 9052s
 2304227 853826 6061.84871   45  243 6291.00000 5937.48647  5.62%   165 9057s
 2305512 854270 6175.45667   39  158 6291.00000 5937.53979  5.62%   165 9062s
 2306781 854822 6065.21757   48  227 6291.00000 5937.58146  5.62%   165 9067s
 2308209 855165     cutoff   54      6291.00000 5937.61959  5.62%   165 9071s
 2309417 855590 6065.07096   36  191 6291.00000 5937.67219  5.62%   165 9076s
 2310653 855814 5985.15523   38  135 6291.00000 5937.72367  5.62%   165 9081s
 2311359 856212 infeasible   48      6291.00000 5937.72490  5.62%   165 9086s
 2312605 856621 6024.33656   45  134 6291.00000 5937.74552  5.62%   165 9091s
 2313909 856991 6227.89737   47   67 6291.00000 5937.80761  5.61%   165 9095s
 2315175 857349 6078.43892   35  207 6291.00000 5937.84118  5.61%   165 9100s
 2317763 858182 6063.23885   53  165 6291.00000 5937.92812  5.61%   165 9109s
 2319069 858600 5998.68800   40  218 6291.00000 5937.98210  5.61%   165 9113s
 2320332 859108     cutoff   47      6291.00000 5938.02289  5.61%   165 9118s
 2321692 859597 6217.38181   39  146 6291.00000 5938.05049  5.61%   165 9122s
 2322976 860001     cutoff   46      6291.00000 5938.09608  5.61%   165 9127s
 2324191 860443 6049.79255   35  151 6291.00000 5938.12264  5.61%   165 9132s
 2325528 860829 infeasible   39      6291.00000 5938.17007  5.61%   165 9136s
 2326809 861177 infeasible   62      6291.00000 5938.20273  5.61%   165 9141s
 2328088 861615 6100.53966   33  185 6291.00000 5938.25174  5.61%   165 9146s
 2329447 862013 6054.20305   39  201 6291.00000 5938.29651  5.61%   165 9150s
 2330737 862417 5938.43833   31  166 6291.00000 5938.34535  5.61%   165 9155s
 2333435 863164 6100.93590   39  196 6291.00000 5938.42640  5.60%   165 9163s
 2334654 863577 6166.32573   38   79 6291.00000 5938.48505  5.60%   165 9168s
 2335855 863982 5968.85044   31  271 6291.00000 5938.52829  5.60%   164 9173s
 2337064 864380 6082.45067   43  169 6291.00000 5938.56535  5.60%   164 9177s
 2338280 864782 6118.58589   49  124 6291.00000 5938.60397  5.60%   164 9182s
 2339494 865170 6164.70596   50  102 6291.00000 5938.66356  5.60%   164 9186s
 2340784 865615     cutoff   38      6291.00000 5938.71636  5.60%   164 9191s
 2342132 865975     cutoff   44      6291.00000 5938.74565  5.60%   164 9196s
 2343441 866401     cutoff   39      6291.00000 5938.79597  5.60%   164 9200s
 2345900 867303 5969.48367   37  167 6291.00000 5938.87821  5.60%   164 9209s
 2347092 867729 6040.49639   38  245 6291.00000 5938.90850  5.60%   164 9213s
 2348157 868119 infeasible   47      6291.00000 5938.94788  5.60%   164 9218s
 2349302 868519 6254.38300   50   96 6291.00000 5938.98419  5.60%   164 9222s
 2350533 868992 6274.64485   36  163 6291.00000 5939.02957  5.59%   164 9227s
 2351898 869259 6044.61940   38  215 6291.00000 5939.07815  5.59%   164 9232s
 2353034 869587     cutoff   48      6291.00000 5939.09648  5.59%   164 9237s
 2354184 869994 6285.05244   50  117 6291.00000 5939.14980  5.59%   164 9241s
 2355431 870380 5951.16384   40  220 6291.00000 5939.19333  5.59%   164 9246s
 2356775 870741 6112.90442   54  184 6291.00000 5939.22981  5.59%   164 9251s
 2357960 871165 infeasible   51      6291.00000 5939.27070  5.59%   164 9255s
 2359338 871407 6126.10492   45   98 6291.00000 5939.32610  5.59%   164 9261s
 2360364 871923 6150.93664   45   95 6291.00000 5939.32610  5.59%   164 9267s
 2361875 872345 5995.03219   34  177 6291.00000 5939.40773  5.59%   164 9272s
 2363210 872739 6133.22964   52  106 6291.00000 5939.44296  5.59%   164 9276s
 2364538 873144 infeasible   56      6291.00000 5939.51473  5.59%   164 9281s
 2365825 873555 6008.47539   43  128 6291.00000 5939.54950  5.59%   164 9286s
 2367047 873961 6283.02167   42   97 6291.00000 5939.61028  5.59%   164 9291s
 2368340 874431     cutoff   43      6291.00000 5939.64348  5.59%   164 9296s
 2369710 874805 6115.78571   49  123 6291.00000 5939.69116  5.58%   164 9301s
 2370928 875228 6276.54059   48  177 6291.00000 5939.73607  5.58%   164 9305s
 2372471 875660 6050.13468   28  126 6291.00000 5939.76311  5.58%   164 9310s
 2375163 876449 6135.92092   52  245 6291.00000 5939.86570  5.58%   164 9318s
 2376492 876876 6100.51413   34  236 6291.00000 5939.91121  5.58%   164 9323s
 2377761 877292 6021.14755   30  116 6291.00000 5939.96483  5.58%   164 9328s
 2379002 877681 6113.17218   38  142 6291.00000 5940.00586  5.58%   164 9333s
 2380150 878103     cutoff   30      6291.00000 5940.05013  5.58%   164 9338s
 2381466 878470     cutoff   54      6291.00000 5940.09471  5.58%   164 9342s
 2382750 878872 6213.75974   49  184 6291.00000 5940.14894  5.58%   164 9347s
 2383986 879321 infeasible   27      6291.00000 5940.19153  5.58%   164 9352s
 2385280 879687     cutoff   53      6291.00000 5940.23127  5.58%   164 9357s
 2386414 880147 5996.48859   34  208 6291.00000 5940.26692  5.58%   164 9362s
 2387758 880527 6062.34472   36  147 6291.00000 5940.31669  5.57%   164 9367s
 2389050 881042 infeasible   53      6291.00000 5940.34891  5.57%   164 9372s
 2390409 881354 6029.25204   40  151 6291.00000 5940.37879  5.57%   164 9376s
 2391546 881778 6192.45743   43  154 6291.00000 5940.42829  5.57%   164 9381s
 2392724 882143 6069.59298   36  163 6291.00000 5940.47675  5.57%   164 9386s
 2393841 882604 5965.36670   42  123 6291.00000 5940.51201  5.57%   164 9391s
 2395209 883015 6001.12705   40  236 6291.00000 5940.57958  5.57%   164 9396s
 2396619 883403 6015.46837   38  207 6291.00000 5940.63013  5.57%   164 9401s
 2398051 883697     cutoff   49      6291.00000 5940.67512  5.57%   164 9405s
 2398895 884129 6140.07507   40  133 6291.00000 5940.70763  5.57%   164 9410s
 2400306 884494 6143.05169   41  149 6291.00000 5940.75000  5.57%   164 9415s
 2402871 885261 infeasible   44      6291.00000 5940.83846  5.57%   164 9424s
 2404212 885717     cutoff   40      6291.00000 5940.88866  5.57%   164 9429s
 2405396 886148 6169.43127   41   92 6291.00000 5940.93692  5.56%   164 9433s
 2406558 886652 6232.56483   47  170 6291.00000 5940.98106  5.56%   164 9438s
 2407813 887103 6008.20000   34  106 6291.00000 5941.00000  5.56%   164 9443s
 2409144 887654 6249.95445   55   67 6291.00000 5941.00351  5.56%   164 9447s
 2410637 888177     cutoff   47      6291.00000 5941.01414  5.56%   164 9452s
 2411881 888727 infeasible   50      6291.00000 5941.02345  5.56%   164 9456s
 2413224 889168 6174.13425   55  158 6291.00000 5941.05827  5.56%   164 9461s
 2414406 889730 6151.23133   46   81 6291.00000 5941.06155  5.56%   164 9466s
 2415915 890086 6149.04248   25  156 6291.00000 5941.08137  5.56%   164 9470s
 2416930 890424     cutoff   41      6291.00000 5941.09919  5.56%   164 9475s
 2419221 891267 6160.43191   40  125 6291.00000 5941.14449  5.56%   164 9484s
 2420464 891616 6118.44896   52  118 6291.00000 5941.17141  5.56%   164 9488s
 2421745 892042 5993.18870   31  177 6291.00000 5941.20340  5.56%   164 9493s
 2422924 892465 infeasible   42      6291.00000 5941.22654  5.56%   164 9498s
 2424170 892950 5983.67780   34  228 6291.00000 5941.24223  5.56%   164 9503s
 2425344 893409 5983.61788   38  194 6291.00000 5941.26862  5.56%   164 9508s
 2426931 893831 6073.57862   43  144 6291.00000 5941.31033  5.56%   164 9512s
 2428100 894350 6177.00000   28  143 6291.00000 5941.31957  5.56%   164 9516s
 2429402 894779 6127.01346   45  163 6291.00000 5941.35323  5.56%   164 9521s
 2430745 895177 infeasible   41      6291.00000 5941.38336  5.56%   164 9525s
 2431838 895559 6037.04651   52  145 6291.00000 5941.39450  5.56%   164 9530s
 2433045 896119 6048.00000   40   95 6291.00000 5941.43747  5.56%   164 9535s
 2435597 897022 6206.37908   50  186 6291.00000 5941.50093  5.56%   164 9543s
 2436820 897369 infeasible   29      6291.00000 5941.53174  5.56%   164 9548s
 2437948 897621 5972.69256   44  252 6291.00000 5941.57204  5.55%   164 9553s
 2438678 898049 5951.31021   27  184 6291.00000 5941.57204  5.55%   164 9558s
 2439969 898510 5946.38717   29  268 6291.00000 5941.60870  5.55%   164 9563s
 2441309 898993 6097.37037   36  100 6291.00000 5941.65216  5.55%   164 9568s
 2442635 899445 6167.85490   33  161 6291.00000 5941.68421  5.55%   164 9573s
 2443952 899895 infeasible   57      6291.00000 5941.71548  5.55%   164 9578s
 2445220 900363 6012.61642   30  221 6291.00000 5941.75219  5.55%   164 9583s
 2446475 900798 5942.45468   39  327 6291.00000 5941.78315  5.55%   164 9587s
 2447790 901215 infeasible   36      6291.00000 5941.83776  5.55%   164 9592s
 2449021 901655 6130.14050   40  255 6291.00000 5941.87133  5.55%   164 9597s
 2450301 902091 6059.63959   35  229 6291.00000 5941.90785  5.55%   164 9601s
 2451539 902549 6097.51579   37  127 6291.00000 5941.93702  5.55%   164 9606s
 2452898 903012 5985.05394   49  219 6291.00000 5941.96862  5.55%   164 9610s
 2455587 903753 6075.01103   45  206 6291.00000 5942.04258  5.55%   164 9618s
 2456694 904140 5958.39861   42  165 6291.00000 5942.06240  5.55%   164 9623s
 2457786 904511 6186.36835   36  104 6291.00000 5942.09502  5.55%   164 9627s
 2459037 904926 6067.02901   41  185 6291.00000 5942.11880  5.55%   164 9631s
 2460280 905374 6046.35666   37  151 6291.00000 5942.15495  5.55%   164 9636s
 2461541 905796 6039.23013   32  227 6291.00000 5942.18782  5.54%   164 9640s
 2463801 906681 6243.17604   64  112 6291.00000 5942.23859  5.54%   164 9648s
 2465049 907171 6129.12911   40  179 6291.00000 5942.26454  5.54%   164 9653s
 2466283 907563 6097.91569   60  116 6291.00000 5942.28757  5.54%   164 9657s
 2467538 907924 5958.92903   32  174 6291.00000 5942.31456  5.54%   164 9662s
 2468641 908274 6046.66662   47  124 6291.00000 5942.33836  5.54%   164 9666s
 2469723 908680 6139.91449   38  150 6291.00000 5942.37285  5.54%   164 9671s
 2471102 909165 6103.76105   54  177 6291.00000 5942.40041  5.54%   164 9675s
 2473729 910067 5960.12877   36  230 6291.00000 5942.45152  5.54%   164 9684s
 2474854 910457 6116.16424   44  137 6291.00000 5942.46453  5.54%   164 9688s
 2475951 910885     cutoff   44      6291.00000 5942.50391  5.54%   164 9693s
 2477241 911272 6252.41265   34  123 6291.00000 5942.53000  5.54%   164 9697s
 2478500 911712 6221.83022   44  165 6291.00000 5942.55185  5.54%   164 9702s
 2479639 912142 6206.74118   29  164 6291.00000 5942.57974  5.54%   164 9706s
 2480925 912459 6175.36189   50  200 6291.00000 5942.60294  5.54%   164 9711s
 2482020 913009 infeasible   34      6291.00000 5942.63061  5.54%   164 9715s
 2484784 913931 6205.58629   39  170 6291.00000 5942.69474  5.54%   164 9723s
 2486009 914360 6062.52437   35  103 6291.00000 5942.73496  5.54%   164 9728s
 2487211 914735 6170.27719   42  117 6291.00000 5942.75068  5.54%   164 9732s
 2488285 915168 infeasible   47      6291.00000 5942.78300  5.54%   164 9737s
 2489716 915553 6186.94802   41  125 6291.00000 5942.81109  5.53%   164 9741s
 2490839 915996 6147.26101   50  130 6291.00000 5942.84368  5.53%   164 9745s
 2491998 916426 5997.64790   37  165 6291.00000 5942.87586  5.53%   164 9750s
 2494491 917097     cutoff   41      6291.00000 5942.93327  5.53%   164 9758s
 2495589 917568 infeasible   44      6291.00000 5942.95526  5.53%   164 9763s
 2496899 917992 5971.62636   39  210 6291.00000 5942.98029  5.53%   164 9767s
 2498080 918405 6122.73519   34  166 6291.00000 5943.01091  5.53%   164 9772s
 2499315 918930 6130.41571   43  108 6291.00000 5943.03632  5.53%   164 9776s
 2500618 919281 6048.67929   36  152 6291.00000 5943.06279  5.53%   164 9781s
 2501589 919666 6155.85424   42  149 6291.00000 5943.07007  5.53%   164 9786s
 2502822 920104 6004.85471   34  202 6291.00000 5943.10547  5.53%   164 9790s
 2504034 920478 5960.11768   34  178 6291.00000 5943.13353  5.53%   164 9795s
 2506601 921428 6155.25473   43  146 6291.00000 5943.18037  5.53%   164 9804s
 2508104 921881 6073.40360   55  122 6291.00000 5943.20189  5.53%   164 9808s
 2509241 922317 5965.79450   38  203 6291.00000 5943.22409  5.53%   164 9812s
 2510418 922778 5970.98210   36  232 6291.00000 5943.25672  5.53%   164 9817s
 2511571 923185 5950.97435   42  250 6291.00000 5943.27286  5.53%   164 9821s
 2512830 923589 infeasible   46      6291.00000 5943.30729  5.53%   164 9825s
 2514033 924043 6258.06481   46  144 6291.00000 5943.34173  5.53%   163 9830s
 2515090 924420 6041.69686   34  172 6291.00000 5943.34456  5.53%   163 9835s
 2517467 925271 6059.89125   43  160 6291.00000 5943.41004  5.53%   163 9844s
 2518737 925767 infeasible   42      6291.00000 5943.44088  5.52%   163 9848s
 2520122 926213 5944.90000   40  156 6291.00000 5943.46676  5.52%   163 9852s
 2521343 926595 6065.36836   53  175 6291.00000 5943.49312  5.52%   163 9857s
 2522478 927010 6043.08258   43  118 6291.00000 5943.51349  5.52%   163 9861s
 2523777 927302 5950.32127   37  174 6291.00000 5943.54354  5.52%   163 9866s
 2524771 927737     cutoff   47      6291.00000 5943.55081  5.52%   163 9870s
 2526137 928086 6180.02297   36  152 6291.00000 5943.60553  5.52%   163 9875s
 2528471 928923 6131.96449   59  207 6291.00000 5943.65733  5.52%   163 9884s
 2529829 929320 6046.51824   52  102 6291.00000 5943.67275  5.52%   163 9888s
 2531118 929705 6268.20101   56  129 6291.00000 5943.71733  5.52%   163 9893s
 2532335 930104     cutoff   45      6291.00000 5943.75654  5.52%   163 9897s
 2533846 930508 5997.46990   34  225 6291.00000 5943.77556  5.52%   163 9901s
 2535044 930842 6061.83871   31  178 6291.00000 5943.80585  5.52%   163 9906s
 2536079 931371 5973.45944   33  153 6291.00000 5943.83321  5.52%   163 9910s
 2538611 932060     cutoff   38      6291.00000 5943.88979  5.52%   163 9918s
 2539833 932416 5944.23824   54  302 6291.00000 5943.92813  5.52%   163 9923s
 2540951 932796 5989.06348   46  276 6291.00000 5943.95611  5.52%   163 9927s
 2542066 933224 6006.57424   40  206 6291.00000 5943.98800  5.52%   163 9931s
 2543272 933562 6146.09012   49   92 6291.00000 5944.00000  5.52%   163 9936s
 2544269 934106     cutoff   27      6291.00000 5944.00000  5.52%   163 9942s
 2545639 934593 6003.69994   31  252 6291.00000 5944.00000  5.52%   163 9947s
 2547023 934991 6265.38079   39  139 6291.00000 5944.00000  5.52%   163 9953s
 2548252 935386 5944.04015   36  194 6291.00000 5944.00000  5.52%   163 9958s
 2549513 935827 6150.08492   33  134 6291.00000 5944.00000  5.52%   163 9964s
 2550603 936311 6179.06655   38  133 6291.00000 5944.00000  5.52%   163 9970s
 2551898 936780 5949.87598   35  248 6291.00000 5944.00000  5.52%   163 9975s
 2553113 937286 6046.12166   27  147 6291.00000 5944.00000  5.52%   163 9981s
 2554511 937934 6115.90813   40  221 6291.00000 5944.00000  5.52%   163 9986s
 2555975 938490 5984.75298   43  101 6291.00000 5944.00689  5.52%   163 9991s
 2557330 939218     cutoff   39      6291.00000 5944.00920  5.52%   163 9997s
 2558874 939866 6235.10840   49   60 6291.00000 5944.01041  5.52%   163 10002s
 2560502 940457 6218.45907   43  166 6291.00000 5944.01090  5.52%   163 10007s
 2561995 940915 6025.68534   42  179 6291.00000 5944.01458  5.52%   163 10011s
 2563358 941083     cutoff   31      6291.00000 5944.02180  5.52%   163 10016s
 2563995 941510 5949.63582   51  200 6291.00000 5944.02227  5.52%   163 10022s
 2565272 942093 5961.21191   46  175 6291.00000 5944.02487  5.52%   163 10027s
 2566633 942593 6223.21228   43  172 6291.00000 5944.03206  5.52%   163 10032s
 2568052 943059     cutoff   45      6291.00000 5944.03456  5.52%   163 10037s
 2569352 943586 6177.99970   58  117 6291.00000 5944.04018  5.52%   163 10042s
 2570720 944014 5997.72193   43  139 6291.00000 5944.04587  5.52%   163 10047s
 2571926 944446 6142.18098   57  145 6291.00000 5944.05021  5.52%   163 10052s
 2573200 944831 5944.21792   29   59 6291.00000 5944.05654  5.51%   163 10057s
 2574345 945338 6177.76154   44  153 6291.00000 5944.06164  5.51%   163 10061s
 2575669 945772 6281.55033   39   78 6291.00000 5944.06894  5.51%   163 10066s
 2576905 946227 5965.58980   39  183 6291.00000 5944.07565  5.51%   163 10071s
 2578244 946718 5955.83131   36  241 6291.00000 5944.08308  5.51%   163 10077s
 2579516 947149 5950.87853   34  188 6291.00000 5944.08625  5.51%   163 10081s
 2580917 947570     cutoff   42      6291.00000 5944.09249  5.51%   163 10086s
 2582134 948013 5960.93794   33  214 6291.00000 5944.10087  5.51%   163 10091s
 2583353 948559 6180.56556   37  146 6291.00000 5944.11195  5.51%   163 10096s
 2584700 949111 5961.93162   38  167 6291.00000 5944.11887  5.51%   163 10101s
 2586109 949570 6196.40073   49   79 6291.00000 5944.12625  5.51%   163 10106s
 2587371 950009 infeasible   29      6291.00000 5944.13000  5.51%   163 10111s
 2588547 950539 6055.09296   42  175 6291.00000 5944.13738  5.51%   163 10115s
 2589889 951063 6232.12898   60  136 6291.00000 5944.14599  5.51%   163 10120s
 2592504 952066 5955.21275   32  134 6291.00000 5944.15798  5.51%   163 10129s
 2593882 952504 6164.40952   56   98 6291.00000 5944.15987  5.51%   163 10134s
 2595184 952929 5957.09959   31   59 6291.00000 5944.17144  5.51%   163 10138s
 2596379 953259 6230.78449   45  155 6291.00000 5944.17965  5.51%   163 10143s
 2597678 953657 5985.10967   43  212 6291.00000 5944.19025  5.51%   163 10147s
 2598909 954218 6053.82537   32  212 6291.00000 5944.20453  5.51%   163 10152s
 2600164 954645     cutoff   48      6291.00000 5944.21669  5.51%   163 10157s
 2601211 955261     cutoff   43      6291.00000 5944.22311  5.51%   163 10162s
 2602691 955748 6045.47661   32  152 6291.00000 5944.23945  5.51%   163 10167s
 2604032 956218     cutoff   47      6291.00000 5944.24817  5.51%   163 10172s
 2605281 956756     cutoff   44      6291.00000 5944.25827  5.51%   163 10176s
 2606682 957244 infeasible   49      6291.00000 5944.26631  5.51%   163 10181s
 2607943 957642 6051.00000   41  116 6291.00000 5944.27575  5.51%   163 10186s
 2609174 958154 infeasible   42      6291.00000 5944.28288  5.51%   163 10190s
 2610408 958578 6278.99125   55  146 6291.00000 5944.29825  5.51%   163 10195s
 2613023 959234 5948.82700   30  154 6291.00000 5944.31915  5.51%   163 10205s
 2615282 960198 6056.70000   39   49 6291.00000 5944.33294  5.51%   163 10214s
 2616708 960651 6070.39736   41  205 6291.00000 5944.34649  5.51%   163 10218s
 2618044 961031 5989.86954   33  165 6291.00000 5944.35459  5.51%   163 10223s
 2619403 961490 6215.93333   58   74 6291.00000 5944.36123  5.51%   163 10227s
 2620636 962008     cutoff   60      6291.00000 5944.37255  5.51%   163 10231s
 2621894 962379 5964.88231   49  183 6291.00000 5944.37617  5.51%   163 10236s
 2623069 962839 infeasible   36      6291.00000 5944.38438  5.51%   163 10240s
 2625595 963632 5946.91834   42  158 6291.00000 5944.40761  5.51%   163 10249s
 2626772 964053 5945.48478   24  224 6291.00000 5944.41552  5.51%   163 10253s
 2627930 964485 6063.85447   53  105 6291.00000 5944.42651  5.51%   163 10257s
 2629301 964964 5948.91359   39  190 6291.00000 5944.43808  5.51%   163 10262s
 2630556 965457 5985.39628   44  181 6291.00000 5944.44556  5.51%   163 10266s
 2631966 965836 6204.19482   51  129 6291.00000 5944.45626  5.51%   163 10270s
 2634136 966692 6167.10118   48  192 6291.00000 5944.47101  5.51%   163 10279s
 2635408 967207 5989.01268   44  204 6291.00000 5944.48347  5.51%   163 10284s
 2636765 967622 6232.24647   54   49 6291.00000 5944.49609  5.51%   163 10288s
 2638031 968049 6138.01950   52   57 6291.00000 5944.50000  5.51%   163 10293s
 2639209 968570 6070.13562   44  154 6291.00000 5944.50798  5.51%   163 10297s
 2640434 969010 5944.61476   38  127 6291.00000 5944.51619  5.51%   163 10301s
 2641619 969319 6256.13492   52  118 6291.00000 5944.52774  5.51%   163 10306s
 2642715 969847 6194.00978   43  155 6291.00000 5944.53966  5.51%   163 10310s
 2644123 970157 infeasible   44      6291.00000 5944.54081  5.51%   163 10315s
 2645039 970506     cutoff   43      6291.00000 5944.55164  5.51%   163 10320s
 2646110 971048 6150.89651   35   71 6291.00000 5944.55598  5.51%   163 10325s
 2648860 972040 6009.31104   42  205 6291.00000 5944.57143  5.51%   163 10334s
 2650149 972432 6172.88484   56  160 6291.00000 5944.58187  5.51%   163 10338s
 2651332 972950 6229.06891   36  130 6291.00000 5944.58695  5.51%   163 10343s
 2652651 973340 6270.90924   53  137 6291.00000 5944.60128  5.51%   163 10348s
 2653839 973813 5986.09803   36  164 6291.00000 5944.61076  5.51%   163 10352s
 2655177 974271 6155.51577   54  167 6291.00000 5944.62217  5.51%   163 10357s
 2656424 974607     cutoff   40      6291.00000 5944.63151  5.51%   163 10361s
 2657649 975102 6099.85281   28  204 6291.00000 5944.64040  5.51%   163 10366s
 2658896 975521     cutoff   51      6291.00000 5944.64701  5.51%   163 10370s
 2660066 975994 5993.59241   39  133 6291.00000 5944.65915  5.51%   163 10375s
 2661363 976404 6247.59721   45  189 6291.00000 5944.66973  5.51%   163 10380s
 2662533 976792 6093.81374   36  149 6291.00000 5944.68385  5.50%   163 10385s
 2664977 977560 5985.62079   46  209 6291.00000 5944.69732  5.50%   163 10394s
 2666104 977978 6162.40973   70  124 6291.00000 5944.71010  5.50%   163 10398s
 2667312 978450 6091.63277   36  143 6291.00000 5944.73111  5.50%   163 10403s
 2668773 978831 5962.38755   47  120 6291.00000 5944.73891  5.50%   163 10408s
 2669767 979294 6008.90749   48  180 6291.00000 5944.73891  5.50%   163 10413s
 2671029 979774 5952.25312   36  135 6291.00000 5944.75951  5.50%   163 10417s
 2672315 980190     cutoff   40      6291.00000 5944.77268  5.50%   163 10422s
 2673569 980663 6089.72409   37  148 6291.00000 5944.79146  5.50%   163 10427s
 2674870 981080 5963.29032   48  150 6291.00000 5944.80466  5.50%   163 10432s
 2676054 981565 6180.04402   52  194 6291.00000 5944.81354  5.50%   163 10437s
 2677316 982002 6201.67474   58  129 6291.00000 5944.82870  5.50%   163 10442s
 2678545 982396 6029.86445   29  254 6291.00000 5944.84079  5.50%   163 10446s
 2679743 982597 6044.87570   32  205 6291.00000 5944.85311  5.50%   163 10452s
 2680319 982984 infeasible   39      6291.00000 5944.85311  5.50%   163 10456s
 2681457 983594 infeasible   60      6291.00000 5944.86203  5.50%   163 10461s
 2682878 983911 infeasible   43      6291.00000 5944.87489  5.50%   163 10466s
 2683924 984321     cutoff   40      6291.00000 5944.88235  5.50%   163 10471s
 2685195 984760 infeasible   44      6291.00000 5944.88536  5.50%   163 10476s
 2686459 985250 infeasible   50      6291.00000 5944.89553  5.50%   163 10481s
 2687820 985677 6048.11514   38  201 6291.00000 5944.91127  5.50%   163 10486s
 2689072 986143 infeasible   40      6291.00000 5944.91974  5.50%   163 10491s
 2690498 986697 infeasible   30      6291.00000 5944.92922  5.50%   163 10496s
 2691853 986976 6206.82119   56  184 6291.00000 5944.94285  5.50%   163 10501s
 2692579 987419 6050.86318   31  171 6291.00000 5944.94285  5.50%   163 10506s
 2693985 987907 6179.96851   28  121 6291.00000 5944.96056  5.50%   163 10511s
 2695414 988322 6257.17116   69  130 6291.00000 5944.97353  5.50%   163 10516s
 2696704 988837     cutoff   41      6291.00000 5944.98719  5.50%   163 10520s
 2697983 989168 infeasible   36      6291.00000 5945.00000  5.50%   163 10525s
 2699208 989615 6108.85875   65  103 6291.00000 5945.00472  5.50%   163 10530s
 2701875 990572     cutoff   43      6291.00000 5945.02737  5.50%   163 10539s
 2703088 990981     cutoff   41      6291.00000 5945.03971  5.50%   163 10544s
 2704305 991369 infeasible   35      6291.00000 5945.05755  5.50%   163 10548s
 2705507 991803 6074.02174   43  163 6291.00000 5945.06452  5.50%   163 10553s
 2706689 992313 6066.81897   39  190 6291.00000 5945.07584  5.50%   163 10558s
 2708023 992852     cutoff   47      6291.00000 5945.09517  5.50%   163 10563s
 2709458 993300 6018.07387   38  116 6291.00000 5945.10553  5.50%   163 10568s
 2710757 993754 6199.32460   42  117 6291.00000 5945.11975  5.50%   163 10573s
 2712007 994218 6027.68174   34  191 6291.00000 5945.12597  5.50%   163 10577s
 2713298 994667 5956.45097   42  184 6291.00000 5945.14428  5.50%   163 10582s
 2714541 995031 5974.72934   36  203 6291.00000 5945.16109  5.50%   163 10586s
 2715838 995549 6153.44444   33  126 6291.00000 5945.17119  5.50%   163 10591s
 2717189 995940 6209.39750   37  168 6291.00000 5945.18141  5.50%   163 10595s
 2718242 996412 infeasible   36      6291.00000 5945.19153  5.50%   163 10600s
 2720912 997385 5979.88425   27  301 6291.00000 5945.21161  5.50%   163 10609s
 2722251 997802 5985.37803   27  214 6291.00000 5945.22114  5.50%   163 10613s
 2723428 998076 infeasible   47      6291.00000 5945.23529  5.50%   163 10619s
 2724205 998455 infeasible   56      6291.00000 5945.23980  5.50%   163 10623s
 2725375 998887 6019.88931   44  155 6291.00000 5945.24896  5.50%   163 10628s
 2726517 999283 6081.50000   32  170 6291.00000 5945.26703  5.50%   163 10632s
 2727746 999706 6161.77705   39  138 6291.00000 5945.28040  5.50%   163 10637s
 2729042 1000184 6165.59561   42  181 6291.00000 5945.28670  5.50%   163 10642s
 2730383 1000562     cutoff   42      6291.00000 5945.29635  5.50%   163 10646s
 2731562 1000944 5945.47969   32  126 6291.00000 5945.30600  5.50%   163 10651s
 2732785 1001370 6269.83616   38  158 6291.00000 5945.31920  5.49%   163 10655s
 2735240 1002168 6194.67973   45  164 6291.00000 5945.33654  5.49%   163 10664s
 2736518 1002626 6082.18822   43  148 6291.00000 5945.34640  5.49%   163 10669s
 2737775 1003058 6206.68219   46  213 6291.00000 5945.35326  5.49%   163 10673s
 2738991 1003461 6064.54256   30  216 6291.00000 5945.36498  5.49%   163 10678s
 2740321 1003965 6130.63212   42  238 6291.00000 5945.37455  5.49%   163 10682s
 2741655 1004323 6033.50489   37  233 6291.00000 5945.38215  5.49%   163 10687s
 2742812 1004630 6189.00660   41  116 6291.00000 5945.39073  5.49%   163 10691s
 2744020 1005132 6189.93668   57   96 6291.00000 5945.40058  5.49%   163 10696s
 2745284 1005580 6208.16957   51  185 6291.00000 5945.40426  5.49%   163 10700s
 2746442 1006013 6043.46256   52  159 6291.00000 5945.41388  5.49%   163 10705s
 2747667 1006394 6154.57455   44  138 6291.00000 5945.42128  5.49%   163 10710s
 2748817 1006804 6160.00000   40   83 6291.00000 5945.43597  5.49%   163 10715s
 2750117 1007338     cutoff   38      6291.00000 5945.44984  5.49%   163 10720s
 2751476 1007788 6088.53449   51  112 6291.00000 5945.45909  5.49%   163 10725s
 2754157 1008835     cutoff   47      6291.00000 5945.47951  5.49%   163 10734s
 2755359 1009274 6113.08076   36  181 6291.00000 5945.48899  5.49%   163 10739s
 2756556 1009708 5959.59420   48  152 6291.00000 5945.49582  5.49%   163 10744s
 2757829 1010234     cutoff   37      6291.00000 5945.50706  5.49%   163 10748s
 2759071 1010811 6065.00000   36  104 6291.00000 5945.51265  5.49%   163 10753s
 2760515 1011253 infeasible   36      6291.00000 5945.52715  5.49%   163 10757s
 2761809 1011595 infeasible   37      6291.00000 5945.53749  5.49%   163 10762s
 2762900 1012049 6048.25685   40  197 6291.00000 5945.54522  5.49%   163 10767s
 2764216 1012454 6072.68914   40  124 6291.00000 5945.55747  5.49%   163 10771s
 2765421 1012895 infeasible   50      6291.00000 5945.57137  5.49%   163 10776s
 2766777 1013411 6044.67559   43  200 6291.00000 5945.59277  5.49%   163 10781s
 2768084 1013745 6160.40423   45  120 6291.00000 5945.60298  5.49%   163 10785s
 2769219 1014213 6176.19211   59  147 6291.00000 5945.61112  5.49%   163 10790s
 2771597 1015005 6213.41300   36  189 6291.00000 5945.64299  5.49%   163 10799s
 2772770 1015454 6054.26667   41   64 6291.00000 5945.65893  5.49%   163 10804s
 2774021 1015891 6085.00000   36   62 6291.00000 5945.67182  5.49%   163 10809s
 2775408 1016223 5958.99941   38  163 6291.00000 5945.68354  5.49%   163 10814s
 2776420 1016669 6072.08201   39  165 6291.00000 5945.68661  5.49%   163 10819s
 2777834 1017198 6049.15310   43  183 6291.00000 5945.71239  5.49%   163 10824s
 2779269 1017620 6049.15507   42  162 6291.00000 5945.71978  5.49%   163 10829s
 2780566 1017983 5945.89052   48  185 6291.00000 5945.73283  5.49%   163 10834s
 2781708 1018447 5945.74604   44  192 6291.00000 5945.74585  5.49%   163 10838s
 2783085 1018995 6049.39716   42  218 6291.00000 5945.75571  5.49%   163 10843s
 2784469 1019445 infeasible   35      6291.00000 5945.76618  5.49%   163 10847s
 2785619 1019828 6151.86374   42  176 6291.00000 5945.77017  5.49%   163 10851s
 2786779 1020330 5951.12794   37  247 6291.00000 5945.78137  5.49%   163 10856s
 2788064 1020787     cutoff   45      6291.00000 5945.78168  5.49%   163 10861s
 2789321 1021205 6052.29079   43  113 6291.00000 5945.79886  5.49%   163 10865s
 2790556 1021529 6066.85538   36  203 6291.00000 5945.80821  5.49%   163 10870s
 2792578 1022333 6268.32168   42  168 6291.00000 5945.82106  5.49%   163 10879s
 2793791 1022777 5951.36657   34  229 6291.00000 5945.83081  5.49%   163 10884s
 2795074 1023265 6209.32609   49  125 6291.00000 5945.84007  5.49%   163 10888s
 2796447 1023730 6127.25992   37  197 6291.00000 5945.85106  5.49%   163 10893s
 2797655 1024120 5952.11013   40  216 6291.00000 5945.86618  5.49%   163 10897s
 2798775 1024577 6180.84309   39  134 6291.00000 5945.87503  5.49%   163 10902s
 2800037 1025055 6076.89115   34  176 6291.00000 5945.88660  5.49%   163 10906s
 2801274 1025513 6055.52521   37  143 6291.00000 5945.89914  5.49%   163 10911s
 2802680 1025925 6155.20869   39  162 6291.00000 5945.91244  5.49%   163 10915s
 2803797 1026299 infeasible   27      6291.00000 5945.92638  5.49%   163 10920s
 2806085 1027161 6183.65947   45  190 6291.00000 5945.94865  5.48%   163 10929s
 2807319 1027575 5977.60000   44  164 6291.00000 5945.95818  5.48%   163 10934s
 2808589 1028046 6079.72055   43  195 6291.00000 5945.97382  5.48%   163 10939s
 2809952 1028407 6158.03974   39  178 6291.00000 5945.98911  5.48%   163 10944s
 2811099 1028948 6209.43982   33  223 6291.00000 5946.00000  5.48%   163 10948s
 2812492 1029390 6052.27216   42  217 6291.00000 5946.00992  5.48%   163 10953s
 2813722 1029856 6072.53573   35  171 6291.00000 5946.01978  5.48%   163 10958s
 2815017 1030307 5962.04628   43  112 6291.00000 5946.03229  5.48%   163 10962s
 2816224 1030608     cutoff   36      6291.00000 5946.04403  5.48%   163 10967s
 2817313 1031031 6270.52239   67  109 6291.00000 5946.05558  5.48%   163 10971s
 2818595 1031431 5990.62487   40  173 6291.00000 5946.06282  5.48%   163 10976s
 2819901 1031820 6117.32245   36  232 6291.00000 5946.08545  5.48%   163 10981s
 2821233 1032163 infeasible   40      6291.00000 5946.09812  5.48%   163 10985s
 2822383 1032374 6072.26046   33  202 6291.00000 5946.11624  5.48%   163 10991s
 2823000 1032794 6247.17264   56  124 6291.00000 5946.11833  5.48%   163 10996s
 2824251 1033251 6175.21766   46  193 6291.00000 5946.12324  5.48%   163 11001s
 2825633 1033705 5947.51810   39  216 6291.00000 5946.15046  5.48%   163 11007s
 2826860 1034172 6153.01686   41   54 6291.00000 5946.17037  5.48%   163 11012s
 2828257 1034592 6081.09208   53  107 6291.00000 5946.18490  5.48%   163 11016s
 2829702 1035013 5949.48459   35  177 6291.00000 5946.19733  5.48%   163 11021s
 2830944 1035416 5985.29701   28  250 6291.00000 5946.21081  5.48%   163 11026s
 2832272 1035907 5946.22349   41  283 6291.00000 5946.22349  5.48%   163 11031s
 2833551 1036343 6053.94500   47  216 6291.00000 5946.22861  5.48%   163 11036s
 2834895 1036718 6102.48187   42  141 6291.00000 5946.24954  5.48%   163 11041s
 2836169 1037092 5956.33290   34  184 6291.00000 5946.26245  5.48%   163 11045s
 2837472 1037336 6163.61308   30  129 6291.00000 5946.27397  5.48%   163 11050s
 2838400 1037744 6097.66667   28  193 6291.00000 5946.28371  5.48%   163 11055s
 2839594 1038284 6172.86539   48  181 6291.00000 5946.29298  5.48%   163 11060s
 2842351 1039211 6036.38927   39  204 6291.00000 5946.32859  5.48%   163 11069s
 2843566 1039629     cutoff   43      6291.00000 5946.33750  5.48%   163 11073s
 2844883 1040079 infeasible   34      6291.00000 5946.35088  5.48%   163 11077s
 2846264 1040525 6151.59050   49  137 6291.00000 5946.35700  5.48%   163 11082s
 2847623 1040973 5950.22980   35  190 6291.00000 5946.37311  5.48%   163 11086s
 2848786 1041410     cutoff   45      6291.00000 5946.38647  5.48%   163 11090s
 2849959 1041869 6262.38573   29  227 6291.00000 5946.39877  5.48%   163 11095s
 2852405 1042552 infeasible   44      6291.00000 5946.42005  5.48%   163 11103s
 2853570 1042946 5949.53198   40  160 6291.00000 5946.42911  5.48%   163 11107s
 2854736 1043273     cutoff   42      6291.00000 5946.44360  5.48%   163 11112s
 2855933 1043680 6093.87320   31  194 6291.00000 5946.45594  5.48%   163 11116s
 2857149 1044045 6110.30053   36   99 6291.00000 5946.47295  5.48%   163 11120s
 2858336 1044439 6166.21081   47   80 6291.00000 5946.48535  5.48%   163 11126s
 2859560 1044883     cutoff   61      6291.00000 5946.50054  5.48%   163 11130s
 2860920 1045373 5964.47968   38  178 6291.00000 5946.52023  5.48%   163 11135s
 2862300 1045799     cutoff   45      6291.00000 5946.53311  5.48%   163 11140s
 2864785 1046463 6185.53646   41  201 6291.00000 5946.55754  5.48%   163 11149s
 2865841 1046915 6019.42256   47  195 6291.00000 5946.56801  5.47%   163 11154s
 2867077 1047296 6098.02368   41  135 6291.00000 5946.58181  5.47%   163 11159s
 2868344 1047669 5949.16390   38  208 6291.00000 5946.60181  5.47%   163 11163s
 2869524 1048116 6048.20967   36  193 6291.00000 5946.61477  5.47%   163 11168s
 2870889 1048408 6163.07195   43  211 6291.00000 5946.62630  5.47%   163 11173s
 2871915 1048834 5950.73840   37  273 6291.00000 5946.64951  5.47%   163 11177s
 2873173 1049283 infeasible   36      6291.00000 5946.66715  5.47%   163 11182s
 2874495 1049782 6002.64417   49  148 6291.00000 5946.68588  5.47%   163 11187s
 2875869 1050150 6049.95890   35  169 6291.00000 5946.70099  5.47%   163 11192s
 2877207 1050536     cutoff   40      6291.00000 5946.71140  5.47%   163 11196s
 2878404 1050942 6114.57109   37  134 6291.00000 5946.72443  5.47%   163 11200s
 2879530 1051203 6001.53526   38  152 6291.00000 5946.73497  5.47%   163 11205s
 2880256 1051621 6070.01389   38  209 6291.00000 5946.74557  5.47%   163 11210s
 2881382 1052055 6043.21741   44  184 6291.00000 5946.75124  5.47%   163 11215s
 2882753 1052492 6092.77097   36  221 6291.00000 5946.76894  5.47%   163 11220s
 2884002 1052893     cutoff   49      6291.00000 5946.77913  5.47%   163 11226s
 2885229 1053479 5969.14829   32  309 6291.00000 5946.79745  5.47%   163 11230s
 2886628 1053788 5969.28696   42  217 6291.00000 5946.81401  5.47%   163 11236s
 2887750 1054256 infeasible   42      6291.00000 5946.82417  5.47%   163 11241s
 2889124 1054812 5977.38755   45  234 6291.00000 5946.84425  5.47%   163 11246s
 2890518 1055190 6044.87993   44  200 6291.00000 5946.85509  5.47%   163 11251s
 2891467 1055656 infeasible   44      6291.00000 5946.85749  5.47%   163 11256s
 2892924 1056057 6233.53360   52  130 6291.00000 5946.87430  5.47%   163 11261s
 2894268 1056448 6007.50000   32  141 6291.00000 5946.89173  5.47%   163 11265s
 2895350 1056967 infeasible   37      6291.00000 5946.90807  5.47%   163 11271s
 2896860 1057442 6106.79240   42  153 6291.00000 5946.92518  5.47%   163 11276s
 2898187 1057855 6169.79456   60   92 6291.00000 5946.94039  5.47%   163 11280s
 2899323 1058273 6020.83272   38  168 6291.00000 5946.95346  5.47%   163 11285s
 2902130 1059132     cutoff   43      6291.00000 5946.97481  5.47%   163 11294s
 2903394 1059565 6044.87206   41  197 6291.00000 5946.99193  5.47%   163 11298s
 2904553 1059911 5966.83606   39  260 6291.00000 5947.00000  5.47%   163 11303s
 2905795 1060241 6169.00000   43   89 6291.00000 5947.00000  5.47%   163 11308s
 2906856 1060514     cutoff   39      6291.00000 5947.00000  5.47%   163 11312s
 2907950 1060985 6126.24798   37  117 6291.00000 5947.00000  5.47%   163 11317s
 2909133 1061309 6101.93012   47  228 6291.00000 5947.00000  5.47%   163 11321s
 2910374 1061667 6008.68808   29  232 6291.00000 5947.00000  5.47%   163 11326s
 2911446 1062073 6048.88531   47  215 6291.00000 5947.00000  5.47%   163 11331s
 2912712 1062474 6170.46432   44  103 6291.00000 5947.00000  5.47%   163 11336s
 2913779 1062945 5979.47086   42  234 6291.00000 5947.00000  5.47%   163 11342s
 2915224 1063371 6170.37781   42  157 6291.00000 5947.00000  5.47%   163 11347s
 2916391 1063898 6117.59798   47  124 6291.00000 5947.00674  5.47%   163 11352s
 2917879 1064320 5996.81437   41  164 6291.00000 5947.01713  5.47%   163 11357s
 2919195 1064669 6179.43434   53  169 6291.00000 5947.02717  5.47%   163 11362s
 2920213 1065031 6051.09841   44  157 6291.00000 5947.03329  5.47%   163 11367s
 2921411 1065485     cutoff   39      6291.00000 5947.04160  5.47%   163 11372s
 2922767 1065844 6135.11344   47  147 6291.00000 5947.04669  5.47%   163 11377s
 2924011 1066359 6105.39534   40  148 6291.00000 5947.05178  5.47%   163 11382s
 2925474 1066834 5947.14870   31  193 6291.00000 5947.06433  5.47%   163 11387s
 2926661 1067228     cutoff   42      6291.00000 5947.06993  5.47%   163 11392s
 2927881 1067708 6276.55228   37  144 6291.00000 5947.08318  5.47%   163 11397s
 2929248 1068128 6285.43260   38  147 6291.00000 5947.09207  5.47%   163 11402s
 2930554 1068530 infeasible   46      6291.00000 5947.10319  5.47%   163 11407s
 2931702 1069002 6043.97764   35  126 6291.00000 5947.11603  5.47%   163 11412s
 2932989 1069273 6188.31410   37  274 6291.00000 5947.12728  5.47%   163 11417s
 2933896 1069903     cutoff   47      6291.00000 5947.13216  5.47%   163 11423s
 2935415 1070262 5967.48122   37  289 6291.00000 5947.13814  5.47%   163 11428s
 2936721 1070628 infeasible   35      6291.00000 5947.14928  5.47%   163 11433s
 2938005 1071076 6120.55267   39  224 6291.00000 5947.16123  5.47%   163 11438s
 2939364 1071569 6270.73495   46  102 6291.00000 5947.16744  5.47%   163 11443s
 2940844 1072007 6034.97374   36  194 6291.00000 5947.17798  5.47%   163 11448s
 2942175 1072432 5956.36169   38  174 6291.00000 5947.18045  5.47%   163 11453s
 2943395 1072827 6164.70244   43  137 6291.00000 5947.19433  5.47%   163 11458s
 2944659 1073249 6237.10979   51  107 6291.00000 5947.21059  5.46%   163 11463s
 2945948 1073617 6062.85897   42   56 6291.00000 5947.22177  5.46%   163 11468s
 2947175 1074060     cutoff   36      6291.00000 5947.22952  5.46%   163 11473s
 2948408 1074529 6212.13815   37  171 6291.00000 5947.24293  5.46%   163 11477s
 2949821 1074902     cutoff   39      6291.00000 5947.24774  5.46%   163 11481s
 2950850 1075241 6051.10020   37  232 6291.00000 5947.26065  5.46%   163 11486s
 2951992 1075683 infeasible   53      6291.00000 5947.26703  5.46%   163 11491s
 2953303 1076137 5955.13639   46  215 6291.00000 5947.27966  5.46%   163 11495s
 2955732 1076885 6239.34149   48  121 6291.00000 5947.29991  5.46%   163 11504s
 2956986 1077269 6064.75526   47  147 6291.00000 5947.31118  5.46%   163 11508s
 2958054 1077636 5974.37819   45  205 6291.00000 5947.32695  5.46%   163 11513s
 2959175 1077970 6096.01215   44  108 6291.00000 5947.33513  5.46%   163 11518s
 2960392 1078444 6163.15948   38  142 6291.00000 5947.34263  5.46%   163 11522s
 2961737 1078864 6083.84358   48  203 6291.00000 5947.35361  5.46%   163 11526s
 2963020 1079164 6281.04097   46  178 6291.00000 5947.36413  5.46%   163 11531s
 2964027 1079543 6057.01232   40  175 6291.00000 5947.37211  5.46%   163 11536s
 2965146 1079958 5976.88236   40  216 6291.00000 5947.38101  5.46%   163 11541s
 2966336 1080375 6080.03708   45  179 6291.00000 5947.39279  5.46%   163 11546s
 2967555 1080825 6058.37606   45  166 6291.00000 5947.39930  5.46%   163 11551s
 2968920 1081186 6167.03199   51  124 6291.00000 5947.41218  5.46%   163 11556s
 2970069 1081629     cutoff   36      6291.00000 5947.42184  5.46%   163 11560s
 2971224 1082118 infeasible   35      6291.00000 5947.43501  5.46%   163 11565s
 2972574 1082647 6206.99704   54  122 6291.00000 5947.44483  5.46%   163 11570s
 2973997 1082956 6157.51105   32  165 6291.00000 5947.45656  5.46%   163 11575s
 2976260 1083651 5956.34734   38  182 6291.00000 5947.47326  5.46%   163 11584s
 2977466 1084091 6063.61002   45  120 6291.00000 5947.48351  5.46%   163 11589s
 2978768 1084096 6126.37100   40  211 6291.00000 5947.48780  5.46%   163 11595s
 2978786 1084103     cutoff   41      6291.00000 5947.48780  5.46%   163 11600s
 2978803 1084124 6186.33113   41   73 6291.00000 5947.48780  5.46%   163 11605s
 2978839 1084263     cutoff   42      6291.00000 5947.48780  5.46%   163 11610s
 2979195 1084453 6099.93174   46  117 6291.00000 5947.49253  5.46%   163 11616s
 2979776 1084875 5963.67593   37  177 6291.00000 5947.49628  5.46%   163 11621s
 2980973 1085283 5985.90720   33  241 6291.00000 5947.49886  5.46%   163 11627s
 2982364 1085751 6078.17937   50  131 6291.00000 5947.51305  5.46%   163 11632s
 2983723 1086368 5989.23919   39  273 6291.00000 5947.52834  5.46%   163 11638s
 2985221 1086832 infeasible   53      6291.00000 5947.53664  5.46%   163 11642s
 2986517 1087228 6063.53395   48  109 6291.00000 5947.54420  5.46%   163 11647s
 2987615 1087619 5955.55102   34  228 6291.00000 5947.55309  5.46%   163 11651s
 2988939 1088082 6049.96309   35  116 6291.00000 5947.55911  5.46%   163 11656s
 2989974 1088476 6169.82099   44  137 6291.00000 5947.56731  5.46%   163 11661s
 2991167 1089006 5991.20261   32  145 6291.00000 5947.57614  5.46%   163 11666s
 2992500 1089321 6058.99621   30  201 6291.00000 5947.58229  5.46%   163 11671s
 2993975 1089754 6163.95907   44  146 6291.00000 5947.58977  5.46%   163 11675s
 2995128 1089905     cutoff   36      6291.00000 5947.59716  5.46%   163 11681s
 2995638 1090250 5991.31163   45  217 6291.00000 5947.59716  5.46%   163 11686s
 2996814 1090652 5993.92552   43  174 6291.00000 5947.60591  5.46%   163 11690s
 2998260 1091132     cutoff   32      6291.00000 5947.62169  5.46%   163 11696s
 2999514 1091592 6145.77254   35  105 6291.00000 5947.62511  5.46%   163 11700s
 3000931 1091995 6167.14899   48  224 6291.00000 5947.63943  5.46%   163 11705s
 3002099 1092451 6056.56568   29  208 6291.00000 5947.65123  5.46%   163 11710s
 3004723 1093301     cutoff   37      6291.00000 5947.67187  5.46%   163 11719s
 3005931 1093674 6140.74968   43  131 6291.00000 5947.68588  5.46%   163 11723s
 3006981 1094004 6154.21921   39  157 6291.00000 5947.69480  5.46%   163 11728s
 3008086 1094532 6183.43882   38  147 6291.00000 5947.70072  5.46%   163 11733s
 3009465 1095028 5996.44650   36  197 6291.00000 5947.71554  5.46%   163 11738s
 3010812 1095391 6163.17283   46   88 6291.00000 5947.72617  5.46%   163 11742s
 3011992 1095949 6054.00000   46   78 6291.00000 5947.73435  5.46%   163 11747s
 3013439 1096431 6245.84605   41  101 6291.00000 5947.73931  5.46%   163 11752s
 3014880 1096889     cutoff   58      6291.00000 5947.75039  5.46%   163 11757s
 3016160 1097232     cutoff   49      6291.00000 5947.76108  5.46%   163 11761s
 3017318 1097772 6024.28279   40  279 6291.00000 5947.76932  5.46%   163 11766s
 3018712 1098239 6097.33279   55  201 6291.00000 5947.78060  5.46%   163 11770s
 3019953 1098676 infeasible   42      6291.00000 5947.79025  5.46%   163 11775s
 3021257 1099155 6099.16907   33  176 6291.00000 5947.80020  5.46%   163 11780s
 3023740 1099875 6191.31734   63  162 6291.00000 5947.81938  5.46%   163 11789s
 3025010 1100356 6227.32559   43  137 6291.00000 5947.83077  5.45%   163 11793s
 3026315 1100831 6001.27200   43  284 6291.00000 5947.83691  5.45%   163 11798s
 3027610 1101289 6152.18509   49  107 6291.00000 5947.84497  5.45%   163 11802s
 3028789 1101673 6008.21889   34  250 6291.00000 5947.85834  5.45%   163 11807s
 3029947 1102021 infeasible   33      6291.00000 5947.86601  5.45%   163 11811s
 3031241 1102486 5953.58537   30  230 6291.00000 5947.87708  5.45%   163 11816s
 3032425 1102844 6223.56764   40  126 6291.00000 5947.88235  5.45%   163 11821s
 3033586 1103339 5951.24891   32  209 6291.00000 5947.88972  5.45%   163 11825s
 3034971 1103676 5989.57656   42  174 6291.00000 5947.90228  5.45%   163 11830s
 3037603 1104523 5988.60087   36  159 6291.00000 5947.91692  5.45%   163 11839s
 3038831 1104848 6086.48922   59  165 6291.00000 5947.92662  5.45%   163 11844s
 3039981 1105373 6062.09000   38   96 6291.00000 5947.93840  5.45%   163 11848s
 3041329 1105721 5949.73978   33  308 6291.00000 5947.94818  5.45%   163 11853s
 3042409 1106174 infeasible   52      6291.00000 5947.95944  5.45%   163 11858s
 3043824 1106543     cutoff   52      6291.00000 5947.96825  5.45%   163 11862s
 3044915 1106956 6137.18684   42  240 6291.00000 5947.97848  5.45%   163 11867s
 3046154 1107332 6062.69466   35  193 6291.00000 5947.99114  5.45%   163 11871s
 3047252 1107792 5956.34051   24  216 6291.00000 5948.00000  5.45%   163 11876s
 3048330 1108341     cutoff   44      6291.00000 5948.00000  5.45%   163 11881s
 3049451 1108788 6166.39771   41  131 6291.00000 5948.00000  5.45%   163 11886s
 3050761 1109231 6057.06873   37  162 6291.00000 5948.00759  5.45%   163 11891s
 3051841 1109731 6246.72634   44  144 6291.00000 5948.01121  5.45%   163 11895s
 3053171 1110148 6267.06566   47  100 6291.00000 5948.01702  5.45%   163 11900s
 3054408 1110632 infeasible   36      6291.00000 5948.02874  5.45%   163 11905s
 3055727 1111093 6050.45757   30  202 6291.00000 5948.03731  5.45%   163 11910s
 3056890 1111652 5960.20304   44  150 6291.00000 5948.04367  5.45%   163 11915s
 3058254 1112235 6049.97863   30  192 6291.00000 5948.05070  5.45%   163 11920s
 3060766 1113282 6156.05128   34  146 6291.00000 5948.06391  5.45%   163 11929s
 3061933 1113704 6268.95183   37  146 6291.00000 5948.07207  5.45%   163 11933s
 3063355 1114056 6163.00000   58   83 6291.00000 5948.07935  5.45%   163 11938s
 3064702 1114543 6048.04757   46  123 6291.00000 5948.08398  5.45%   163 11942s
 3065838 1114824 6169.28906   47  141 6291.00000 5948.08885  5.45%   163 11947s
 3066603 1115252 5970.10367   32  276 6291.00000 5948.08943  5.45%   163 11952s
 3067851 1115731     cutoff   61      6291.00000 5948.10732  5.45%   163 11956s
 3069166 1116177 6000.35201   45  237 6291.00000 5948.11915  5.45%   163 11961s
 3070289 1116610 6128.33535   41  183 6291.00000 5948.12805  5.45%   163 11966s
 3071441 1117108 6089.19037   37  252 6291.00000 5948.13645  5.45%   163 11970s
 3072765 1117474 6007.49914   39  202 6291.00000 5948.14570  5.45%   163 11975s
 3073938 1117883 6041.41624   46  174 6291.00000 5948.15334  5.45%   163 11980s
 3076481 1118845 6027.86006   40  125 6291.00000 5948.17281  5.45%   163 11989s
 3077817 1119349 6048.64872   44  203 6291.00000 5948.18078  5.45%   163 11994s
 3079096 1119795 6049.11551   38  143 6291.00000 5948.18413  5.45%   163 11998s
 3080229 1120184 5979.18479   42  250 6291.00000 5948.19451  5.45%   163 12003s
 3081373 1120652 5992.01346   35  182 6291.00000 5948.20335  5.45%   163 12008s
 3082578 1121068 6001.48810   38  181 6291.00000 5948.21304  5.45%   163 12013s
 3083776 1121541 6071.77995   36  185 6291.00000 5948.21949  5.45%   163 12017s
 3084908 1121999 5949.53660   41  257 6291.00000 5948.22649  5.45%   163 12022s
 3086184 1122457     cutoff   50      6291.00000 5948.23325  5.45%   163 12027s
 3087486 1122999 6215.26257   51  174 6291.00000 5948.24273  5.45%   163 12031s
 3088846 1123422 5990.83042   33  108 6291.00000 5948.25300  5.45%   163 12036s
 3090118 1123683 infeasible   50      6291.00000 5948.26076  5.45%   163 12041s
 3090775 1124180 6169.71605   48  159 6291.00000 5948.26272  5.45%   163 12046s
 3092182 1124763 infeasible   61      6291.00000 5948.27737  5.45%   163 12051s
 3093690 1125189 6053.32909   32  229 6291.00000 5948.28651  5.45%   163 12055s
 3094845 1125626 6095.00362   44  165 6291.00000 5948.29424  5.45%   163 12060s
 3097435 1126437 6106.45607   42  142 6291.00000 5948.31416  5.45%   163 12069s
 3098631 1126747 5977.94122   39  225 6291.00000 5948.31994  5.45%   163 12074s
 3099635 1127264 6054.91956   43  162 6291.00000 5948.32562  5.45%   163 12078s
 3100775 1127814 6062.00000   46   58 6291.00000 5948.33296  5.45%   163 12083s
 3102139 1128273 6076.86070   39  125 6291.00000 5948.33844  5.45%   163 12088s
 3103447 1128886 5972.81128   45  130 6291.00000 5948.34978  5.45%   163 12093s
 3104911 1129426 6205.88443   44  138 6291.00000 5948.35602  5.45%   163 12097s
 3106191 1129782 6074.61680   43  179 6291.00000 5948.36433  5.45%   163 12102s
 3107492 1130234 5982.83065   45  211 6291.00000 5948.36947  5.45%   163 12106s
 3108699 1130588 6048.97148   31  184 6291.00000 5948.37742  5.45%   163 12111s
 3109966 1130992 6153.11514   32  116 6291.00000 5948.38369  5.45%   163 12116s
 3111209 1131449 5971.88065   37  222 6291.00000 5948.39106  5.45%   163 12120s
 3112428 1131880 6185.54896   44  114 6291.00000 5948.39874  5.45%   163 12125s
 3114808 1132743 6010.85998   40  258 6291.00000 5948.41220  5.45%   163 12135s
 3115727 1133163 5949.06908   26  245 6291.00000 5948.41542  5.45%   163 12141s
 3117206 1133649 6110.75704   39  164 6291.00000 5948.42533  5.45%   163 12147s
 3118604 1134069 6045.17885   37  196 6291.00000 5948.43573  5.45%   163 12152s
 3119888 1134567     cutoff   54      6291.00000 5948.44867  5.45%   163 12157s
 3121277 1135054 6269.30416   57  150 6291.00000 5948.46206  5.44%   163 12163s
 3122729 1135593 6175.65016   32  151 6291.00000 5948.47030  5.44%   163 12168s
 3124160 1136007 6285.91293   46  145 6291.00000 5948.48120  5.44%   163 12173s
 3125312 1136542 6147.32857   36  129 6291.00000 5948.48756  5.44%   163 12178s
 3126713 1136934 5962.56622   43  208 6291.00000 5948.49829  5.44%   163 12183s
 3127959 1137458 6155.68030   41  112 6291.00000 5948.50792  5.44%   163 12188s
 3129307 1137918 6077.85553   36  147 6291.00000 5948.51703  5.44%   163 12193s
 3130690 1138397 infeasible   49      6291.00000 5948.52715  5.44%   163 12198s
 3132070 1138927 6095.09148   52  187 6291.00000 5948.53512  5.44%   163 12202s
 3133412 1139360 6063.58471   42  110 6291.00000 5948.54352  5.44%   163 12207s
 3134644 1139742 5951.74996   37  297 6291.00000 5948.55362  5.44%   163 12212s
 3135919 1140206 6264.78069   61  109 6291.00000 5948.56142  5.44%   163 12216s
 3137124 1140682 6113.52740   35  168 6291.00000 5948.56862  5.44%   163 12220s
 3138506 1141087     cutoff   42      6291.00000 5948.57695  5.44%   162 12225s
 3140758 1141837 6056.28149   31  189 6291.00000 5948.59070  5.44%   162 12233s
 3141900 1142287     cutoff   45      6291.00000 5948.59755  5.44%   162 12238s
 3143200 1142754 5951.50000   24  108 6291.00000 5948.60440  5.44%   162 12243s
 3144375 1143238 6052.50506   44  110 6291.00000 5948.61103  5.44%   162 12247s
 3145637 1143717 6190.68431   44  163 6291.00000 5948.62374  5.44%   162 12252s
 3146865 1144138 6082.66053   40  100 6291.00000 5948.63482  5.44%   162 12256s
 3148065 1144547 5981.02537   37  195 6291.00000 5948.64374  5.44%   162 12261s
 3149258 1144973 5967.75485   42  200 6291.00000 5948.65129  5.44%   162 12266s
 3150473 1145366 6109.93268   53  112 6291.00000 5948.65858  5.44%   162 12271s
 3151754 1145781 6089.25181   38  186 6291.00000 5948.66616  5.44%   162 12275s
 3152899 1146209     cutoff   47      6291.00000 5948.67479  5.44%   162 12280s
 3154180 1146611 6073.82342   55  147 6291.00000 5948.68191  5.44%   162 12285s
 3156673 1147459 6083.78421   34  223 6291.00000 5948.69770  5.44%   162 12294s
 3157970 1147915 5997.83466   42  226 6291.00000 5948.70444  5.44%   162 12299s
 3159197 1148305 6191.06144   61   70 6291.00000 5948.71645  5.44%   162 12304s
 3160406 1148750 6045.00000   35  188 6291.00000 5948.72400  5.44%   162 12308s
 3161626 1149196 6026.32178   38  234 6291.00000 5948.73385  5.44%   162 12313s
 3162909 1149619 5953.37812   34  260 6291.00000 5948.74279  5.44%   162 12318s
 3164140 1150005 6279.40492   49  178 6291.00000 5948.75430  5.44%   162 12323s
 3165338 1150265 6185.83948   52  182 6291.00000 5948.76311  5.44%   162 12329s
 3166156 1150740 6054.19578   26  183 6291.00000 5948.76518  5.44%   162 12334s
 3167408 1151080 6058.55063   27   92 6291.00000 5948.76861  5.44%   162 12338s
 3168621 1151530 5950.04638   36  270 6291.00000 5948.77828  5.44%   162 12343s
 3170079 1151873 6059.34025   51  160 6291.00000 5948.78516  5.44%   162 12347s
 3171091 1152249 6054.63764   31  160 6291.00000 5948.79487  5.44%   162 12351s
 3172295 1152656 6017.06151   43  206 6291.00000 5948.79864  5.44%   162 12356s
 3173484 1153105 6035.00526   33  150 6291.00000 5948.80975  5.44%   162 12360s
 3175960 1154028     cutoff   51      6291.00000 5948.82428  5.44%   162 12369s
 3177152 1154538 6261.73600   43  132 6291.00000 5948.83333  5.44%   162 12373s
 3178502 1155065     cutoff   47      6291.00000 5948.84219  5.44%   162 12378s
 3179818 1155514 6166.00000   36  133 6291.00000 5948.84907  5.44%   162 12382s
 3181101 1155839 6270.45495   68  112 6291.00000 5948.85724  5.44%   162 12387s
 3182275 1156202 6166.58854   38  136 6291.00000 5948.86341  5.44%   162 12391s
 3183403 1156588     cutoff   41      6291.00000 5948.86878  5.44%   162 12396s
 3184546 1156985 5976.99405   41  233 6291.00000 5948.87774  5.44%   162 12400s
 3185799 1157419 5970.44970   26  277 6291.00000 5948.88679  5.44%   162 12405s
 3187017 1157852 6134.55166   37  144 6291.00000 5948.89345  5.44%   162 12410s
 3188262 1158271 6092.31527   41  136 6291.00000 5948.90266  5.44%   162 12415s
 3189492 1158640 6116.09678   34  174 6291.00000 5948.91031  5.44%   162 12420s
 3192243 1159720 6051.21439   45  135 6291.00000 5948.92749  5.44%   162 12429s
 3193568 1160027 infeasible   37      6291.00000 5948.93201  5.44%   162 12433s
 3194616 1160399 5952.40418   36  218 6291.00000 5948.93847  5.44%   162 12438s
 3196052 1160786 6182.48048   42  156 6291.00000 5948.94807  5.44%   162 12443s
 3197353 1161172 6175.91766   42  167 6291.00000 5948.95621  5.44%   162 12447s
 3198494 1161620 6092.64375   33  128 6291.00000 5948.96322  5.44%   162 12452s
 3199828 1162012 5965.16439   50  167 6291.00000 5948.96958  5.44%   162 12456s
 3201108 1162467 6051.47611   40  158 6291.00000 5948.97613  5.44%   162 12460s
 3203568 1163185 6265.12951   55  122 6291.00000 5948.99275  5.44%   162 12469s
 3204935 1163676     cutoff   41      6291.00000 5949.00224  5.44%   162 12473s
 3206211 1164043 6155.23983   33  159 6291.00000 5949.00755  5.44%   162 12478s
 3207387 1164518 6063.50049   37  225 6291.00000 5949.01126  5.44%   162 12483s
 3208783 1164940 5950.15044   43  144 6291.00000 5949.02407  5.44%   162 12487s
 3210034 1165433 5954.29345   41  187 6291.00000 5949.03108  5.44%   162 12492s
 3211291 1165927 infeasible   51      6291.00000 5949.03758  5.44%   162 12496s
 3212480 1166361 6007.43253   39  113 6291.00000 5949.04465  5.44%   162 12501s
 3213604 1166804 6048.06171   33   97 6291.00000 5949.05166  5.44%   162 12506s
 3214851 1167281 6018.69598   41  160 6291.00000 5949.06191  5.44%   162 12510s
 3216098 1167781 6059.15826   42  176 6291.00000 5949.06821  5.44%   162 12515s
 3217434 1168175 6083.85327   45  135 6291.00000 5949.07469  5.44%   162 12520s
 3218790 1168642     cutoff   43      6291.00000 5949.08448  5.43%   162 12525s
 3221267 1169485 5949.73645   31  224 6291.00000 5949.09981  5.43%   162 12534s
 3222518 1170003 5954.16088   57  236 6291.00000 5949.11081  5.43%   162 12538s
 3223877 1170560 6229.03113   40  155 6291.00000 5949.11904  5.43%   162 12543s
 3225230 1170924 6270.20689   50  121 6291.00000 5949.12950  5.43%   162 12547s
 3226204 1171305 6176.86549   46  225 6291.00000 5949.13755  5.43%   162 12553s
 3227441 1171677 infeasible   48      6291.00000 5949.14696  5.43%   162 12558s
 3228594 1172150 6013.98152   41  197 6291.00000 5949.15499  5.43%   162 12562s
 3229911 1172620 5959.55687   49  183 6291.00000 5949.16249  5.43%   162 12567s
 3231318 1172871 6161.50010   36  215 6291.00000 5949.17220  5.43%   162 12573s
 3232108 1173460 6166.31151   42  197 6291.00000 5949.17220  5.43%   162 12578s
 3233468 1173912 6062.55321   47  122 6291.00000 5949.18077  5.43%   162 12583s
 3234786 1174399 infeasible   46      6291.00000 5949.19018  5.43%   162 12588s
 3236162 1174854 6079.03593   50  101 6291.00000 5949.20289  5.43%   162 12593s
 3237568 1175363 5983.17286   43  179 6291.00000 5949.20675  5.43%   162 12598s
 3239006 1175883 6090.82132   39  144 6291.00000 5949.21953  5.43%   162 12603s
 3240413 1176436 infeasible   41      6291.00000 5949.22813  5.43%   162 12607s
 3241711 1176853 infeasible   50      6291.00000 5949.23364  5.43%   162 12612s
 3242983 1177266 6238.02723   39  179 6291.00000 5949.24224  5.43%   162 12616s
 3244302 1177774 6052.49556   42  242 6291.00000 5949.24891  5.43%   162 12621s
 3245584 1178202 6167.08551   52  138 6291.00000 5949.25574  5.43%   162 12625s
 3246757 1178631 6002.41139   42  237 6291.00000 5949.26205  5.43%   162 12630s
 3247958 1178951 5957.96991   43  210 6291.00000 5949.27028  5.43%   162 12635s
 3250113 1179831 5976.38833   46  203 6291.00000 5949.28553  5.43%   162 12644s
 3251446 1180309 6184.29186   50  182 6291.00000 5949.29535  5.43%   162 12649s
 3252759 1180665 infeasible   51      6291.00000 5949.30109  5.43%   162 12653s
 3253935 1181180 5949.38810   34  125 6291.00000 5949.30826  5.43%   162 12658s
 3255338 1181671 6098.74163   42  173 6291.00000 5949.31727  5.43%   162 12663s
 3256678 1182117 5952.85622   46  171 6291.00000 5949.32402  5.43%   162 12667s
 3257933 1182533 6167.87380   40  132 6291.00000 5949.33275  5.43%   162 12672s
 3259222 1182949 6155.62416   29  205 6291.00000 5949.33481  5.43%   162 12676s
 3260430 1183352 5980.01564   44  274 6291.00000 5949.34720  5.43%   162 12681s
 3261595 1183789 6166.00000   37   84 6291.00000 5949.35324  5.43%   162 12687s
 3262886 1184306     cutoff   42      6291.00000 5949.36319  5.43%   162 12692s
 3264347 1184711 infeasible   49      6291.00000 5949.37049  5.43%   162 12696s
 3265614 1185204     cutoff   54      6291.00000 5949.37889  5.43%   162 12701s
 3266878 1185478 6220.53158   26  136 6291.00000 5949.38477  5.43%   162 12706s
 3267757 1186141 6119.64941   58  187 6291.00000 5949.38477  5.43%   162 12711s
 3269267 1186626 6140.10020   40  137 6291.00000 5949.39492  5.43%   162 12716s
 3270633 1187003 6045.58182   38  174 6291.00000 5949.40374  5.43%   162 12720s
 3273388 1187938 5970.41878   47  139 6291.00000 5949.41891  5.43%   162 12729s
 3274626 1188336 infeasible   38      6291.00000 5949.42532  5.43%   162 12733s
 3275763 1188672 6076.75143   46  115 6291.00000 5949.43090  5.43%   162 12738s
 3276652 1189156 5951.93682   38  215 6291.00000 5949.43590  5.43%   162 12743s
 3278029 1189634 6063.39319   52  163 6291.00000 5949.44304  5.43%   162 12748s
 3279308 1190071     cutoff   41      6291.00000 5949.45391  5.43%   162 12752s
 3280562 1190588 6088.17578   50   87 6291.00000 5949.46466  5.43%   162 12757s
 3281944 1190998 6007.70302   31  181 6291.00000 5949.47238  5.43%   162 12761s
 3283106 1191466 6178.37716   46  194 6291.00000 5949.47713  5.43%   162 12766s
 3284279 1191754 6110.40413   38  152 6291.00000 5949.48391  5.43%   162 12770s
 3285495 1192179 6038.12665   43  113 6291.00000 5949.49585  5.43%   162 12775s
 3286704 1192557 6181.17016   45  116 6291.00000 5949.50052  5.43%   162 12780s
 3289151 1193412 5974.94787   35  266 6291.00000 5949.51259  5.43%   162 12789s
 3290433 1193761 6219.85714   36   97 6291.00000 5949.51698  5.43%   162 12794s
 3291516 1194175 5949.75264   33  138 6291.00000 5949.51698  5.43%   162 12799s
 3292857 1194857 infeasible   40      6291.00000 5949.53368  5.43%   162 12804s
 3294413 1195376     cutoff   54      6291.00000 5949.53623  5.43%   162 12808s
 3295821 1195888 6220.52060   56   46 6291.00000 5949.53826  5.43%   162 12813s
 3297096 1196427 5949.86739   42  207 6291.00000 5949.54594  5.43%   162 12818s
 3298552 1196859 6035.30880   43  184 6291.00000 5949.55327  5.43%   162 12822s
 3299612 1197411 6050.28396   41  115 6291.00000 5949.55860  5.43%   162 12826s
 3300886 1197870 6166.36305   54  124 6291.00000 5949.56439  5.43%   162 12831s
 3302248 1198278 6210.33324   34  198 6291.00000 5949.56894  5.43%   162 12835s
 3303420 1198748     cutoff   44      6291.00000 5949.57468  5.43%   162 12840s
 3305440 1199488 6279.76715   37  164 6291.00000 5949.58269  5.43%   162 12849s
 3306718 1199998 6152.10429   30  126 6291.00000 5949.59171  5.43%   162 12853s
 3308138 1200495 6176.55013   50  119 6291.00000 5949.59612  5.43%   162 12857s
 3309370 1200793 6260.50000   41   92 6291.00000 5949.60212  5.43%   162 12862s
 3310560 1201327 6196.95644   37   75 6291.00000 5949.60705  5.43%   162 12866s
 3311838 1201786 5967.07230   37  153 6291.00000 5949.61425  5.43%   162 12871s
 3313116 1202259 6164.60868   37  169 6291.00000 5949.62151  5.43%   162 12875s
 3315637 1202974 6096.98112   43  258 6291.00000 5949.63366  5.43%   162 12884s
 3316909 1203497 5949.70302   40  160 6291.00000 5949.64179  5.43%   162 12888s
 3318227 1203866 6185.77587   42  129 6291.00000 5949.64880  5.43%   162 12893s
 3319406 1204317 6146.23928   45  187 6291.00000 5949.65625  5.43%   162 12898s
 3320696 1204728 5952.71853   41  180 6291.00000 5949.66253  5.43%   162 12902s
 3322014 1205152 5955.30653   37  218 6291.00000 5949.66667  5.43%   162 12907s
 3323300 1205578 6020.12646   40  130 6291.00000 5949.67618  5.43%   162 12911s
 3324527 1205943 6017.61401   41  194 6291.00000 5949.68453  5.43%   162 12916s
 3325721 1206461     cutoff   40      6291.00000 5949.68824  5.43%   162 12921s
 3326986 1206801 6101.67955   39  177 6291.00000 5949.69588  5.43%   162 12925s
 3327960 1207371 6279.18779   41  277 6291.00000 5949.70023  5.43%   162 12930s
 3330511 1208395 6009.61172   43  156 6291.00000 5949.70869  5.43%   162 12939s
 3331947 1208865 6229.93510   44  193 6291.00000 5949.71539  5.42%   162 12944s
 3333088 1209248 6049.91570   30  160 6291.00000 5949.72090  5.42%   162 12948s
 3334297 1209729 6085.21314   41  208 6291.00000 5949.72822  5.42%   162 12953s
 3335606 1210199 5949.79240   36   99 6291.00000 5949.73333  5.42%   162 12957s
 3336829 1210611 5949.88894   42  192 6291.00000 5949.73885  5.42%   162 12962s
 3338255 1210998 6231.20847   36  220 6291.00000 5949.74506  5.42%   162 12966s
 3339416 1211458     cutoff   38      6291.00000 5949.75254  5.42%   162 12971s
 3340658 1211820 5963.76129   39  223 6291.00000 5949.75696  5.42%   162 12975s
 3343026 1212716 6204.76431   43  149 6291.00000 5949.77489  5.42%   162 12984s
 3344223 1213053     cutoff   58      6291.00000 5949.78012  5.42%   162 12988s
 3345509 1213439     cutoff   49      6291.00000 5949.78537  5.42%   162 12993s
 3346674 1213869 6048.22814   35  184 6291.00000 5949.79104  5.42%   162 12997s
 3347894 1214199 6257.60275   68   36 6291.00000 5949.79601  5.42%   162 13002s
 3349170 1214620 6086.39882   54  193 6291.00000 5949.80178  5.42%   162 13006s
 3350476 1215106 5994.59678   38  176 6291.00000 5949.80915  5.42%   162 13010s
 3351734 1215453 6104.64852   64  117 6291.00000 5949.81714  5.42%   162 13015s
 3352878 1215776 6208.37776   36  130 6291.00000 5949.82263  5.42%   162 13020s
 3353930 1216344     cutoff   43      6291.00000 5949.82612  5.42%   162 13025s
 3355431 1216879 6120.78761   60  158 6291.00000 5949.83185  5.42%   162 13030s
 3356906 1217339 6178.14150   44  144 6291.00000 5949.83823  5.42%   162 13035s
 3359458 1218231 6084.32003   35  190 6291.00000 5949.85317  5.42%   162 13044s
 3360837 1218656 6025.82453   35  172 6291.00000 5949.85925  5.42%   162 13048s
 3362024 1218991 5969.87266   50  156 6291.00000 5949.86628  5.42%   162 13053s
 3363383 1219350     cutoff   36      6291.00000 5949.87161  5.42%   162 13057s
 3364666 1219704 5960.69139   35   91 6291.00000 5949.88039  5.42%   162 13062s
 3365740 1220134 5949.97396   48  189 6291.00000 5949.88533  5.42%   162 13067s
 3367035 1220508 6081.24967   41   86 6291.00000 5949.89480  5.42%   162 13071s
 3368278 1220929 6048.13129   35  230 6291.00000 5949.90176  5.42%   162 13076s
 3369539 1221348 6242.18904   44   93 6291.00000 5949.90932  5.42%   162 13080s
 3370771 1221659 infeasible   41      6291.00000 5949.91785  5.42%   162 13085s
 3371834 1222116 5950.70533   34   94 6291.00000 5949.92569  5.42%   162 13091s
 3373385 1222574 infeasible   46      6291.00000 5949.93196  5.42%   162 13096s
 3374694 1223006 infeasible   43      6291.00000 5949.94149  5.42%   162 13100s
 3376049 1223365     cutoff   50      6291.00000 5949.95143  5.42%   162 13105s
 3377327 1223803 6172.74798   38  170 6291.00000 5949.96144  5.42%   162 13110s
 3379921 1224658 6177.25618   43  171 6291.00000 5949.97748  5.42%   162 13119s
 3381229 1225061 6064.33090   48  163 6291.00000 5949.98530  5.42%   162 13124s
 3382376 1225498 infeasible   40      6291.00000 5949.99287  5.42%   162 13128s
 3383540 1225799 6272.54665   38  104 6291.00000 5949.99993  5.42%   162 13133s
 3384471 1226134     cutoff   38      6291.00000 5950.00000  5.42%   162 13138s
 3385564 1226644 6158.33714   34  158 6291.00000 5950.00000  5.42%   162 13143s
 3386845 1227112 6191.33333   41  107 6291.00000 5950.00194  5.42%   162 13148s
 3388141 1227583 6109.73684   52  173 6291.00000 5950.01080  5.42%   162 13153s
 3389489 1227932 infeasible   36      6291.00000 5950.01855  5.42%   162 13158s
 3390611 1228394 6113.71847   39  192 6291.00000 5950.02421  5.42%   162 13163s
 3392077 1228860 6056.18885   33  226 6291.00000 5950.03197  5.42%   162 13168s
 3393498 1229175     cutoff   55      6291.00000 5950.04139  5.42%   162 13173s
 3394817 1229609 6056.16737   32  164 6291.00000 5950.04959  5.42%   162 13177s
 3396136 1229938 6169.00000   38  108 6291.00000 5950.05652  5.42%   162 13182s
 3397415 1230348 5954.40249   34  223 6291.00000 5950.06161  5.42%   162 13186s
 3398650 1230800 6059.59518   44  139 6291.00000 5950.07069  5.42%   162 13191s
 3399806 1231328 infeasible   42      6291.00000 5950.07908  5.42%   162 13196s
 3401331 1231747 6060.33374   40  207 6291.00000 5950.08548  5.42%   162 13200s
 3403863 1232586 infeasible   59      6291.00000 5950.09746  5.42%   162 13209s
 3404990 1232996 6162.00000   25  128 6291.00000 5950.10557  5.42%   162 13213s
 3406145 1233418 5972.06148   34  125 6291.00000 5950.11157  5.42%   162 13217s
 3407631 1233890 6140.97128   51  184 6291.00000 5950.12006  5.42%   162 13222s
 3408936 1234342 6073.59283   33  227 6291.00000 5950.12727  5.42%   162 13227s
 3410075 1234847 6169.10062   41  178 6291.00000 5950.13250  5.42%   162 13231s
 3411489 1235227 6017.51020   48  203 6291.00000 5950.13885  5.42%   162 13236s
 3412673 1235562 6188.59508   52   99 6291.00000 5950.14844  5.42%   162 13240s
 3413837 1235894     cutoff   34      6291.00000 5950.15555  5.42%   162 13245s
 3416265 1236712 6258.25659   50   83 6291.00000 5950.17161  5.42%   162 13254s
 3417491 1237146 6093.00010   39  118 6291.00000 5950.18010  5.42%   162 13259s
 3418770 1237632 6203.88644   59  103 6291.00000 5950.18725  5.42%   162 13263s
 3420087 1238085 6152.06098   39  172 6291.00000 5950.19486  5.42%   162 13268s
 3421392 1238442 6055.16934   34  241 6291.00000 5950.20167  5.42%   162 13272s
 3422513 1238900     cutoff   41      6291.00000 5950.20969  5.42%   162 13277s
 3423712 1239327     cutoff   43      6291.00000 5950.21743  5.42%   162 13281s
 3424924 1239763 6153.13025   43   70 6291.00000 5950.22237  5.42%   162 13286s
 3426208 1240145 6048.21122   40  206 6291.00000 5950.22962  5.42%   162 13291s
 3427432 1240579 infeasible   44      6291.00000 5950.23949  5.42%   162 13296s
 3428721 1241016 infeasible   36      6291.00000 5950.24759  5.42%   162 13300s
 3430088 1241409     cutoff   45      6291.00000 5950.25896  5.42%   162 13305s
 3432730 1242208 6210.45842   47  198 6291.00000 5950.27230  5.42%   162 13313s
 3433993 1242461 6048.00156   34  144 6291.00000 5950.28045  5.42%   162 13319s
 3434813 1242939 6130.73685   38  164 6291.00000 5950.28344  5.42%   162 13323s
 3436026 1243333 6160.58389   32  208 6291.00000 5950.29357  5.42%   162 13328s
 3437294 1243785     cutoff   39      6291.00000 5950.30825  5.42%   162 13332s
 3438593 1244237 6049.74118   27  205 6291.00000 5950.31802  5.42%   162 13337s
 3439854 1244751 6004.19235   41  233 6291.00000 5950.32449  5.42%   162 13341s
 3441070 1245217 6057.66295   48  128 6291.00000 5950.33105  5.42%   162 13346s
 3442347 1245612 6066.98612   33  135 6291.00000 5950.33776  5.42%   162 13351s
 3443576 1245970 6063.21070   39  154 6291.00000 5950.34868  5.41%   162 13355s
 3444757 1246416 5972.57438   39  264 6291.00000 5950.35636  5.41%   162 13360s
 3447387 1247209 6184.22261   56  104 6291.00000 5950.37431  5.41%   162 13368s
 3448502 1247563 6069.76066   45  150 6291.00000 5950.38091  5.41%   162 13373s
 3449739 1248001 6150.85216   35  161 6291.00000 5950.38736  5.41%   162 13377s
 3450913 1248349 infeasible   62      6291.00000 5950.39450  5.41%   162 13382s
 3452235 1248780     cutoff   45      6291.00000 5950.40013  5.41%   162 13386s
 3453433 1249158     cutoff   52      6291.00000 5950.40935  5.41%   162 13391s
 3454657 1249615     cutoff   45      6291.00000 5950.41460  5.41%   162 13395s
 3455920 1249914 5976.32444   39  218 6291.00000 5950.42516  5.41%   162 13400s
 3458267 1250764 infeasible   50      6291.00000 5950.44104  5.41%   162 13409s
 3459444 1251276 6167.77561   37  199 6291.00000 5950.44952  5.41%   162 13413s
 3460786 1251614 5985.42861   28  170 6291.00000 5950.45771  5.41%   162 13417s
 3461934 1251970 6173.19828   45  121 6291.00000 5950.45925  5.41%   162 13422s
 3463077 1252452 6161.69526   35   62 6291.00000 5950.47555  5.41%   162 13427s
 3464334 1252913 6053.22216   36  258 6291.00000 5950.48681  5.41%   162 13432s
 3465658 1253362 infeasible   43      6291.00000 5950.49867  5.41%   162 13437s
 3467011 1253708 6134.86524   57  133 6291.00000 5950.50457  5.41%   162 13441s
 3468108 1254035 6153.70149   38  138 6291.00000 5950.51414  5.41%   162 13446s
 3469033 1254493 6103.50836   58  164 6291.00000 5950.51527  5.41%   162 13451s
 3470254 1254851     cutoff   55      6291.00000 5950.51966  5.41%   162 13455s
 3471474 1255152 6166.10549   41  126 6291.00000 5950.52823  5.41%   162 13460s
 3472677 1255618 6090.06226   42  171 6291.00000 5950.54178  5.41%   162 13465s
 3474166 1256047 6117.79128   43  115 6291.00000 5950.54864  5.41%   162 13470s
 3476628 1256838 6121.68525   44  263 6291.00000 5950.56193  5.41%   162 13479s
 3477942 1257223 6000.98222   40  251 6291.00000 5950.57139  5.41%   162 13483s
 3479168 1257687 6083.48155   43  151 6291.00000 5950.58399  5.41%   162 13488s
 3480450 1258092 6187.50467   49  222 6291.00000 5950.59371  5.41%   162 13493s
 3481604 1258554 6065.94980   38  212 6291.00000 5950.59926  5.41%   162 13497s
 3482883 1258931 6280.82515   50  136 6291.00000 5950.60864  5.41%   162 13502s
 3484022 1259397 6076.65409   39  232 6291.00000 5950.61547  5.41%   162 13507s
 3485393 1259839     cutoff   42      6291.00000 5950.62467  5.41%   162 13511s
 3486796 1260262     cutoff   42      6291.00000 5950.63371  5.41%   162 13515s
 3488055 1260704 6287.61824   54   93 6291.00000 5950.64119  5.41%   162 13520s
 3490668 1261615 5989.56504   33  177 6291.00000 5950.66136  5.41%   162 13529s
 3491869 1262052 6206.12410   42  231 6291.00000 5950.67083  5.41%   162 13533s
 3493093 1262483 6182.40588   43  110 6291.00000 5950.67724  5.41%   162 13537s
 3494314 1262835 5971.90189   42  213 6291.00000 5950.68536  5.41%   162 13542s
 3495468 1263207 5995.76618   40  173 6291.00000 5950.69573  5.41%   162 13546s
 3496599 1263576 6171.24777   45  138 6291.00000 5950.70400  5.41%   162 13550s
 3497865 1264121 6042.15257   43  196 6291.00000 5950.71161  5.41%   162 13555s
 3500826 1265018 6163.87266   60  118 6291.00000 5950.72641  5.41%   162 13563s
 3501967 1265437 6018.99949   45  237 6291.00000 5950.73017  5.41%   162 13567s
 3503098 1265919 6049.82061   48  208 6291.00000 5950.73998  5.41%   162 13571s
 3504377 1266249 6048.42146   51  134 6291.00000 5950.74774  5.41%   162 13576s
 3505452 1266596 6169.36294   38  148 6291.00000 5950.75436  5.41%   162 13580s
 3507762 1267391 6064.66228   35  206 6291.00000 5950.76763  5.41%   162 13589s
 3508884 1267883 6190.73043   42  183 6291.00000 5950.77584  5.41%   162 13594s
 3510130 1268293 6038.71800   44  255 6291.00000 5950.78143  5.41%   162 13598s
 3511415 1268734 5989.90164   33  153 6291.00000 5950.78971  5.41%   162 13603s
 3512548 1269230 5987.38048   36  124 6291.00000 5950.79669  5.41%   162 13607s
 3513880 1269588 5993.88514   34  240 6291.00000 5950.80272  5.41%   162 13612s
 3514995 1269925 5987.81701   28  160 6291.00000 5950.81291  5.41%   162 13616s
 3516178 1270372 6021.05392   41  185 6291.00000 5950.81915  5.41%   162 13621s
 3517545 1270761 infeasible   38      6291.00000 5950.82875  5.41%   162 13626s
 3518905 1271147 6270.81194   46   93 6291.00000 5950.83536  5.41%   162 13630s
 3520058 1271465 6268.73219   39  143 6291.00000 5950.84286  5.41%   161 13635s
 3520969 1271868 5953.04098   31  194 6291.00000 5950.84286  5.41%   161 13640s
 3522257 1272379 6051.33167   42  204 6291.00000 5950.85392  5.41%   161 13645s
 3524964 1273348 infeasible   40      6291.00000 5950.86812  5.41%   161 13654s
 3526151 1273844     cutoff   49      6291.00000 5950.87582  5.41%   161 13659s
 3527463 1274325 5962.63256   50  141 6291.00000 5950.88121  5.41%   161 13663s
 3528782 1274875 6281.98333   47  142 6291.00000 5950.88888  5.41%   161 13668s
 3530112 1275380 6115.26316   48  228 6291.00000 5950.89594  5.41%   161 13672s
 3531425 1275809 6163.06261   45   89 6291.00000 5950.90142  5.41%   161 13677s
 3532721 1276273 6062.85294   42  132 6291.00000 5950.90803  5.41%   161 13681s
 3534105 1276739 6003.02192   38  196 6291.00000 5950.91487  5.41%   161 13686s
 3535378 1277206 6066.09899   45  213 6291.00000 5950.92208  5.41%   161 13690s
 3538166 1277974 6080.76081   38  177 6291.00000 5950.93412  5.41%   161 13698s
 3539242 1278335 infeasible   35      6291.00000 5950.93911  5.41%   161 13702s
 3540315 1278792 5964.71739   31  146 6291.00000 5950.94748  5.41%   161 13706s
 3541449 1279170 6049.98086   42  186 6291.00000 5950.95351  5.41%   161 13710s
 3543787 1279970 6257.63327   53  151 6291.00000 5950.96797  5.41%   161 13718s
 3545076 1280368 6166.42372   36  149 6291.00000 5950.97324  5.40%   161 13723s
 3546189 1280737 6089.00000   46   56 6291.00000 5950.97702  5.40%   161 13727s
 3547283 1281090 6052.15197   45  148 6291.00000 5950.98922  5.40%   161 13731s
 3548396 1281349 6058.09499   34  178 6291.00000 5950.99579  5.40%   161 13736s
 3549295 1281570 6260.42353   28  196 6291.00000 5951.00000  5.40%   161 13741s
 3550096 1282020     cutoff   34      6291.00000 5951.00000  5.40%   161 13746s
 3551351 1282446 infeasible   68      6291.00000 5951.00632  5.40%   161 13750s
 3552583 1282680 6071.66632   30  157 6291.00000 5951.01089  5.40%   161 13756s
 3553310 1283048 infeasible   49      6291.00000 5951.01474  5.40%   161 13761s
 3554528 1283502 6035.52469   41  183 6291.00000 5951.02109  5.40%   161 13766s
 3555808 1283909 6167.08003   52  139 6291.00000 5951.03235  5.40%   161 13771s
 3557054 1284311 6063.08273   51  169 6291.00000 5951.03946  5.40%   161 13776s
 3558211 1284714 5976.94369   34  217 6291.00000 5951.04569  5.40%   161 13781s
 3559310 1285243 6185.16454   50  158 6291.00000 5951.05166  5.40%   161 13785s
 3560726 1285642 5951.22469   46  211 6291.00000 5951.06153  5.40%   161 13790s
 3561958 1286078 6059.22361   43  128 6291.00000 5951.07118  5.40%   161 13795s
 3563220 1286488 6067.76260   36   99 6291.00000 5951.07696  5.40%   161 13800s
 3564559 1286956 6219.10764   49  110 6291.00000 5951.08153  5.40%   161 13805s
 3567217 1287823 6108.18580   48  147 6291.00000 5951.09360  5.40%   161 13814s
 3568421 1288390 6080.28899   37  186 6291.00000 5951.09898  5.40%   161 13819s
 3569831 1288789 infeasible   39      6291.00000 5951.10144  5.40%   161 13824s
 3571038 1289451 6062.84499   48  137 6291.00000 5951.10875  5.40%   161 13829s
 3572700 1289795 5964.53598   39  214 6291.00000 5951.11082  5.40%   161 13832s
 3573724 1290236 6074.51634   38  262 6291.00000 5951.11568  5.40%   161 13836s
 3574832 1290744 6090.18875   46  108 6291.00000 5951.12090  5.40%   161 13840s
 3577020 1291453 6165.67358   29  231 6291.00000 5951.13097  5.40%   161 13848s
 3578248 1291923 infeasible   39      6291.00000 5951.13700  5.40%   161 13852s
 3579433 1292305     cutoff   35      6291.00000 5951.14408  5.40%   161 13857s
 3580651 1292659 6187.72374   37  174 6291.00000 5951.15515  5.40%   161 13861s
 3581727 1293115 5959.70226   33  229 6291.00000 5951.16359  5.40%   161 13865s
 3584067 1293917 6017.95484   39  141 6291.00000 5951.17458  5.40%   161 13874s
 3585155 1294330 6177.10400   34  147 6291.00000 5951.18179  5.40%   161 13878s
 3586310 1294827 6106.53078   42  151 6291.00000 5951.18773  5.40%   161 13882s
 3587664 1295294     cutoff   52      6291.00000 5951.19613  5.40%   161 13887s
 3588972 1295707     cutoff   48      6291.00000 5951.20112  5.40%   161 13892s
 3590199 1296103 6011.12311   39  172 6291.00000 5951.20712  5.40%   161 13896s
 3591349 1296538 infeasible   30      6291.00000 5951.21207  5.40%   161 13901s
 3592682 1297023 6169.00000   46   99 6291.00000 5951.22089  5.40%   161 13906s
 3594070 1297473 5958.10757   38  200 6291.00000 5951.22918  5.40%   161 13910s
 3595473 1297647     cutoff   46      6291.00000 5951.23589  5.40%   161 13916s
 3596160 1297952 6192.43789   33  213 6291.00000 5951.23589  5.40%   161 13921s
 3597123 1298363     cutoff   46      6291.00000 5951.24400  5.40%   161 13926s
 3598346 1298803 6061.49101   50  126 6291.00000 5951.25393  5.40%   161 13931s
 3599681 1299302 6264.72587   44  116 6291.00000 5951.26168  5.40%   161 13936s
 3601024 1299646 6236.07138   55  105 6291.00000 5951.27024  5.40%   161 13940s
 3602260 1300074 6211.92590   46  210 6291.00000 5951.27707  5.40%   161 13945s
 3603606 1300520 infeasible   29      6291.00000 5951.28578  5.40%   161 13950s
 3604938 1300924 6152.25779   43  156 6291.00000 5951.29283  5.40%   161 13955s
 3606306 1301381     cutoff   71      6291.00000 5951.30089  5.40%   161 13960s
 3607709 1301774 6078.45263   42  131 6291.00000 5951.30970  5.40%   161 13965s
 3610338 1302513 6166.16665   50  113 6291.00000 5951.32465  5.40%   161 13973s
 3611518 1302892 infeasible   53      6291.00000 5951.33021  5.40%   161 13978s
 3612698 1303265 6149.88975   62  161 6291.00000 5951.33668  5.40%   161 13982s
 3613900 1303732 6225.86875   35  142 6291.00000 5951.34421  5.40%   161 13986s
 3615157 1304061 6052.77468   46  116 6291.00000 5951.35009  5.40%   161 13991s
 3616289 1304436 6089.93918   43  239 6291.00000 5951.35559  5.40%   161 13995s
 3618694 1305173 6159.10858   30  137 6291.00000 5951.37112  5.40%   161 14004s
 3619884 1305523     cutoff   46      6291.00000 5951.37968  5.40%   161 14008s
 3621058 1305971 6260.50000   33  107 6291.00000 5951.38716  5.40%   161 14013s
 3622254 1306402 6213.33973   44   98 6291.00000 5951.39380  5.40%   161 14017s
 3623545 1306810 6115.74163   29  168 6291.00000 5951.40000  5.40%   161 14022s
 3624754 1307262     cutoff   40      6291.00000 5951.40746  5.40%   161 14026s
 3626127 1307699 6064.21230   48  165 6291.00000 5951.41376  5.40%   161 14031s
 3627360 1308130 6056.33596   46  208 6291.00000 5951.42226  5.40%   161 14036s
 3628513 1308541 infeasible   46      6291.00000 5951.42558  5.40%   161 14040s
 3629899 1308923 infeasible   51      6291.00000 5951.43409  5.40%   161 14045s
 3631092 1309351 6073.92552   42  157 6291.00000 5951.44016  5.40%   161 14050s
 3633923 1310171 6177.88198   60  134 6291.00000 5951.45624  5.40%   161 14059s
 3634834 1310614 6053.80945   41  181 6291.00000 5951.45943  5.40%   161 14064s
 3636102 1311050 6123.16560   32  189 6291.00000 5951.46340  5.40%   161 14069s
 3637426 1311434 6267.01586   46  106 6291.00000 5951.47117  5.40%   161 14074s
 3638698 1311847     cutoff   42      6291.00000 5951.48105  5.40%   161 14078s
 3639915 1312346 6068.74510   53  168 6291.00000 5951.48716  5.40%   161 14083s
 3641231 1312803 6055.23507   39  137 6291.00000 5951.49318  5.40%   161 14087s
 3642533 1313184     cutoff   54      6291.00000 5951.50055  5.40%   161 14092s
 3643639 1313730 6003.52550   35  233 6291.00000 5951.50611  5.40%   161 14097s
 3644985 1314079 6206.47553   52  105 6291.00000 5951.51615  5.40%   161 14102s
 3646177 1314508 6069.41428   38  123 6291.00000 5951.52083  5.40%   161 14107s
 3647485 1315026 5971.79141   43  272 6291.00000 5951.52777  5.40%   161 14111s
 3648815 1315419 6184.05727   39  186 6291.00000 5951.53498  5.40%   161 14116s
 3650137 1315754 6166.00000   39  110 6291.00000 5951.54198  5.40%   161 14121s
 3651415 1316250 infeasible   39      6291.00000 5951.55055  5.40%   161 14125s
 3652708 1316590     cutoff   43      6291.00000 5951.55875  5.40%   161 14130s
 3655115 1317464 5984.93534   42  217 6291.00000 5951.57139  5.40%   161 14139s
 3656359 1317901 6076.97207   48  177 6291.00000 5951.58051  5.40%   161 14143s
 3657607 1318378 6165.76861   49  147 6291.00000 5951.58957  5.40%   161 14148s
 3659030 1318761     cutoff   40      6291.00000 5951.59226  5.40%   161 14152s
 3660221 1319242     cutoff   46      6291.00000 5951.60000  5.40%   161 14157s
 3661507 1319586 5981.89428   41  263 6291.00000 5951.60785  5.39%   161 14162s
 3662845 1320092 6105.79446   33  201 6291.00000 5951.61493  5.39%   161 14166s
 3664303 1320470 infeasible   32      6291.00000 5951.62186  5.39%   161 14170s
 3666648 1321020 6073.25589   34   96 6291.00000 5951.63579  5.39%   161 14179s
 3667229 1321345 6050.92704   38   96 6291.00000 5951.63689  5.39%   161 14184s
 3668332 1321795 6065.09121   40  143 6291.00000 5951.63934  5.39%   161 14189s
 3669600 1322213     cutoff   40      6291.00000 5951.65472  5.39%   161 14193s
 3670939 1322602 infeasible   54      6291.00000 5951.66299  5.39%   161 14198s
 3672115 1323058 5983.04131   35  244 6291.00000 5951.67327  5.39%   161 14202s
 3673433 1323504 6172.39150   46  172 6291.00000 5951.68123  5.39%   161 14207s
 3674736 1323883 6077.01515   28  103 6291.00000 5951.69209  5.39%   161 14211s
 3675986 1324293 6109.07199   39  156 6291.00000 5951.70124  5.39%   161 14216s
 3677357 1324655 6017.49407   46  150 6291.00000 5951.70838  5.39%   161 14221s
 3678648 1325063 5953.46572   55  203 6291.00000 5951.71963  5.39%   161 14225s
 3679863 1325429 6271.91779   45  137 6291.00000 5951.72776  5.39%   161 14230s
 3682277 1326253     cutoff   47      6291.00000 5951.74525  5.39%   161 14239s
 3683319 1326616 6154.47637   39  249 6291.00000 5951.75184  5.39%   161 14244s
 3684635 1327103 6065.73735   32  101 6291.00000 5951.75930  5.39%   161 14249s
 3686134 1327489 5951.86267   32  203 6291.00000 5951.76505  5.39%   161 14253s
 3687330 1327864     cutoff   54      6291.00000 5951.77300  5.39%   161 14258s
 3688447 1328217 6135.83661   38  100 6291.00000 5951.78048  5.39%   161 14262s
 3689660 1328641 6042.74020   33  235 6291.00000 5951.78709  5.39%   161 14267s
 3690961 1329003 6069.38315   42  166 6291.00000 5951.79429  5.39%   161 14272s
 3692203 1329419 6170.77909   57  125 6291.00000 5951.80382  5.39%   161 14276s
 3693447 1329808 5967.40390   39  265 6291.00000 5951.81000  5.39%   161 14281s
 3694684 1330229 6012.98562   40  140 6291.00000 5951.81731  5.39%   161 14286s
 3695941 1330564 6216.07503   32  191 6291.00000 5951.82485  5.39%   161 14290s
 3697085 1330860 6063.13099   44  164 6291.00000 5951.83069  5.39%   161 14295s
 3697957 1331347 6200.24990   44  150 6291.00000 5951.83468  5.39%   161 14300s
 3700411 1332118     cutoff   43      6291.00000 5951.85322  5.39%   161 14310s
 3701808 1332365 6273.64544   51  112 6291.00000 5951.86013  5.39%   161 14315s
 3702629 1332835 6106.54733   36  246 6291.00000 5951.86119  5.39%   161 14320s
 3704122 1333299 6245.46118   44  155 6291.00000 5951.87598  5.39%   161 14325s
 3705501 1333776     cutoff   47      6291.00000 5951.88664  5.39%   161 14330s
 3706902 1334182 6206.79805   44  153 6291.00000 5951.89415  5.39%   161 14335s
 3708177 1334568 6072.99410   45  256 6291.00000 5951.90344  5.39%   161 14340s
 3709493 1335134 6157.21265   39  249 6291.00000 5951.91082  5.39%   161 14345s
 3712278 1335864 6156.20460   49   96 6291.00000 5951.92437  5.39%   161 14354s
 3713650 1336258 6037.43356   32  158 6291.00000 5951.93723  5.39%   161 14359s
 3714824 1336692 6180.03904   45  218 6291.00000 5951.94664  5.39%   161 14363s
 3716024 1337096 6004.70409   32  134 6291.00000 5951.95695  5.39%   161 14368s
 3717332 1337432     cutoff   43      6291.00000 5951.96315  5.39%   161 14372s
 3718470 1337961     cutoff   50      6291.00000 5951.96875  5.39%   161 14377s
 3719963 1338227 5954.77468   29  222 6291.00000 5951.98171  5.39%   161 14383s
 3720685 1338725 6026.80487   31  283 6291.00000 5951.98171  5.39%   161 14388s
 3722098 1339099 5967.65695   42  183 6291.00000 5951.99421  5.39%   161 14392s
 3723410 1339640 6176.25083   45  174 6291.00000 5952.00000  5.39%   161 14397s
 3724915 1340058 6174.03504   39  151 6291.00000 5952.00787  5.39%   161 14403s
 3726256 1340560 6045.05600   40  106 6291.00000 5952.01741  5.39%   161 14407s
 3727700 1341020 infeasible   34      6291.00000 5952.02611  5.39%   161 14412s
 3728995 1341423 infeasible   40      6291.00000 5952.03438  5.39%   161 14416s
 3730270 1341807 infeasible   45      6291.00000 5952.04208  5.39%   161 14421s
 3731423 1342228 6057.14131   29  209 6291.00000 5952.05053  5.39%   161 14426s
 3732662 1342524 6059.29323   44  258 6291.00000 5952.05614  5.39%   161 14430s
 3733813 1342938 6173.74850   47  129 6291.00000 5952.06294  5.39%   161 14435s
 3735029 1343454 infeasible   39      6291.00000 5952.07109  5.39%   161 14440s
 3737564 1344182 6136.62147   61  132 6291.00000 5952.09079  5.39%   161 14449s
 3738694 1344531     cutoff   48      6291.00000 5952.09774  5.39%   161 14453s
 3739776 1344860     cutoff   48      6291.00000 5952.10227  5.39%   161 14458s
 3741006 1345321 6233.24124   49  124 6291.00000 5952.11111  5.39%   161 14462s
 3742296 1345730 6063.83224   42  102 6291.00000 5952.12047  5.39%   161 14467s
 3743536 1346222 6091.74559   46  160 6291.00000 5952.12895  5.39%   161 14472s
 3744850 1346509 infeasible   35      6291.00000 5952.13656  5.39%   161 14477s
 3745942 1346907 6089.22738   31  194 6291.00000 5952.14379  5.39%   161 14481s
 3747206 1347395 6085.21310   41  150 6291.00000 5952.15068  5.39%   161 14486s
 3748568 1347761 6045.48993   27  152 6291.00000 5952.16379  5.39%   161 14491s
 3749808 1348097 6049.59211   33  174 6291.00000 5952.17004  5.39%   161 14495s
 3751059 1348500 6126.64286   45  100 6291.00000 5952.18097  5.39%   161 14500s
 3752260 1348823 infeasible   34      6291.00000 5952.18518  5.39%   161 14505s
 3754881 1349550 6137.06296   38  195 6291.00000 5952.20075  5.39%   161 14514s
 3756104 1349992 infeasible   45      6291.00000 5952.20666  5.39%   161 14518s
 3757349 1350383 6050.08463   45  141 6291.00000 5952.21823  5.39%   161 14523s
 3758389 1350820 6051.13297   40  156 6291.00000 5952.22354  5.39%   161 14527s
 3759743 1351240 6226.46159   39  198 6291.00000 5952.23346  5.38%   161 14531s
 3761045 1351430 infeasible   36      6291.00000 5952.24461  5.38%   161 14536s
 3761788 1351755 infeasible   47      6291.00000 5952.25140  5.38%   161 14541s
 3763094 1352209 6191.77283   50  152 6291.00000 5952.25710  5.38%   161 14545s
 3764486 1352609 5954.63598   37  228 6291.00000 5952.26649  5.38%   161 14550s
 3767006 1353440 6254.64746   40  202 6291.00000 5952.28205  5.38%   161 14559s
 3768226 1353834 6062.96344   37  202 6291.00000 5952.28867  5.38%   161 14563s
 3769535 1354216 6162.99082   44  138 6291.00000 5952.29436  5.38%   161 14568s
 3770769 1354617 6151.69829   42  143 6291.00000 5952.30430  5.38%   161 14573s
 3771979 1355024 6073.58683   41  231 6291.00000 5952.31453  5.38%   161 14578s
 3773397 1355307 5961.91788   40  221 6291.00000 5952.32528  5.38%   161 14582s
 3774633 1355645 6284.04213   45  176 6291.00000 5952.33224  5.38%   161 14586s
 3775653 1356119 6233.24797   41  199 6291.00000 5952.33627  5.38%   161 14591s
 3777002 1356425 6054.13775   45  180 6291.00000 5952.34667  5.38%   161 14595s
 3779286 1357283 6031.78590   45  153 6291.00000 5952.36107  5.38%   161 14604s
 3780408 1357646 6158.49764   46  178 6291.00000 5952.36816  5.38%   161 14609s
 3781654 1358109 6073.94380   41  239 6291.00000 5952.37767  5.38%   161 14613s
 3782988 1358419 6170.55456   64  147 6291.00000 5952.38679  5.38%   161 14618s
 3783903 1358837 6262.97072   42  161 6291.00000 5952.38942  5.38%   161 14623s
 3784906 1359266 6146.10550   41  159 6291.00000 5952.39519  5.38%   161 14627s
 3786172 1359680 6100.40227   42  184 6291.00000 5952.40344  5.38%   161 14632s
 3787484 1360094 6021.96381   34  277 6291.00000 5952.41618  5.38%   161 14637s
 3788752 1360528 6164.41005   51  115 6291.00000 5952.42480  5.38%   161 14641s
 3790075 1360930 6048.21246   36  264 6291.00000 5952.43137  5.38%   161 14646s
 3791363 1361308 6041.71022   35  224 6291.00000 5952.43795  5.38%   161 14650s
 3792588 1361681 6045.13970   42  210 6291.00000 5952.44544  5.38%   161 14655s
 3793706 1362143 5955.44071   39  237 6291.00000 5952.45229  5.38%   161 14660s
 3796352 1363013 5965.34207   43  173 6291.00000 5952.47581  5.38%   161 14669s
 3797635 1363349 infeasible   38      6291.00000 5952.48668  5.38%   161 14673s
 3798864 1363689 infeasible   45      6291.00000 5952.49598  5.38%   161 14678s
 3800231 1364177 6166.02810   41   96 6291.00000 5952.50212  5.38%   161 14682s
 3801417 1364595 6078.69542   40  157 6291.00000 5952.51324  5.38%   161 14687s
 3802691 1365039 6277.63885   48  128 6291.00000 5952.52244  5.38%   161 14692s
 3803942 1365385 6019.83584   43  237 6291.00000 5952.53146  5.38%   161 14696s
 3805295 1365838 6150.12811   43  105 6291.00000 5952.53799  5.38%   161 14701s
 3806515 1366153 5971.04784   42  257 6291.00000 5952.54759  5.38%   161 14705s
 3807421 1366608 6014.13311   52  189 6291.00000 5952.55100  5.38%   161 14710s
 3810032 1367452 infeasible   27      6291.00000 5952.56640  5.38%   161 14719s
 3811350 1367882 6264.45590   52  162 6291.00000 5952.57436  5.38%   161 14724s
 3812613 1368223 6054.46970   33  122 6291.00000 5952.58106  5.38%   161 14728s
 3813729 1368624 5975.97281   36  171 6291.00000 5952.58986  5.38%   161 14733s
 3814908 1369141     cutoff   47      6291.00000 5952.59532  5.38%   161 14737s
 3816247 1369580 6170.16513   46  169 6291.00000 5952.60620  5.38%   161 14742s
 3817493 1369948 6267.52195   45  149 6291.00000 5952.61294  5.38%   161 14747s
 3818575 1370326 infeasible   37      6291.00000 5952.62008  5.38%   161 14751s
 3819803 1370705 6066.25342   43  184 6291.00000 5952.62865  5.38%   161 14756s
 3820870 1370903 6033.10202   37  229 6291.00000 5952.63392  5.38%   161 14761s
 3821565 1371232 infeasible   38      6291.00000 5952.63605  5.38%   161 14766s
 3822893 1371645 6065.00000   40  122 6291.00000 5952.64954  5.38%   161 14770s
 3824161 1372030     cutoff   35      6291.00000 5952.65999  5.38%   161 14776s
 3825339 1372427 5991.51942   33  177 6291.00000 5952.66742  5.38%   161 14780s
 3826647 1372883 infeasible   47      6291.00000 5952.67770  5.38%   161 14785s
 3829139 1373669 6269.92155   42  189 6291.00000 5952.69344  5.38%   161 14793s
 3830309 1374106 6051.46939   39  250 6291.00000 5952.70003  5.38%   161 14797s
 3831669 1374499 6269.44013   62  174 6291.00000 5952.70776  5.38%   161 14802s
 3832827 1374823     cutoff   62      6291.00000 5952.71571  5.38%   161 14806s
 3834026 1375279 6184.78916   57  141 6291.00000 5952.72338  5.38%   161 14810s
 3835238 1375494 6131.99148   45   64 6291.00000 5952.73191  5.38%   161 14815s
 3835842 1375911 5963.05221   39  114 6291.00000 5952.73333  5.38%   161 14820s
 3838351 1376781 6186.66960   43  162 6291.00000 5952.74977  5.38%   161 14829s
 3839560 1377238 6153.81235   44  156 6291.00000 5952.75672  5.38%   161 14833s
 3840927 1377613 infeasible   59      6291.00000 5952.76687  5.38%   161 14838s
 3842096 1377929 6062.15793   47  130 6291.00000 5952.77150  5.38%   161 14843s
 3843273 1378241 6178.52327   54  159 6291.00000 5952.77766  5.38%   161 14848s
 3844657 1378689 6068.30667   47  112 6291.00000 5952.78713  5.38%   161 14852s
 3845910 1379133 6166.67995   57   89 6291.00000 5952.79491  5.38%   161 14857s
 3847237 1379568 6133.19284   44  125 6291.00000 5952.80201  5.38%   161 14861s
 3848474 1379900     cutoff   44      6291.00000 5952.81034  5.38%   161 14866s
 3849655 1380293 6210.04270   43  150 6291.00000 5952.81883  5.38%   161 14870s
 3850900 1380637     cutoff   39      6291.00000 5952.82466  5.38%   161 14875s
 3853399 1381403 6054.28034   45  146 6291.00000 5952.83941  5.38%   161 14884s
 3854646 1381823 6201.60698   37  186 6291.00000 5952.84428  5.38%   161 14888s
 3855917 1382264 6220.57375   44  183 6291.00000 5952.85273  5.38%   161 14893s
 3857160 1382674 5959.77870   34  201 6291.00000 5952.86325  5.37%   161 14897s
 3858382 1382989 infeasible   30      6291.00000 5952.87118  5.37%   161 14902s
 3859389 1383368 6051.55421   24  262 6291.00000 5952.88116  5.37%   161 14907s
 3860513 1383775 6056.80961   43  189 6291.00000 5952.88796  5.37%   161 14911s
 3861696 1384186 6124.49343   49   73 6291.00000 5952.89669  5.37%   161 14916s
 3862879 1384628 5962.79930   37  233 6291.00000 5952.90416  5.37%   161 14921s
 3864336 1384896 6048.90476   40  161 6291.00000 5952.90790  5.37%   161 14925s
 3866494 1385743 infeasible   33      6291.00000 5952.92394  5.37%   161 14934s
 3867707 1386143 6089.66588   50  189 6291.00000 5952.93306  5.37%   161 14939s
 3868811 1386491 5959.07486   36  140 6291.00000 5952.94229  5.37%   161 14943s
 3870063 1386895 6180.60203   50  171 6291.00000 5952.95097  5.37%   161 14948s
 3871330 1387168 5972.40359   46  234 6291.00000 5952.95689  5.37%   161 14953s
 3872310 1387510 5967.48690   35  231 6291.00000 5952.96796  5.37%   161 14957s
 3873416 1387765 6042.02035   44  139 6291.00000 5952.97453  5.37%   161 14962s
 3874231 1388203 6184.36913   36  127 6291.00000 5952.98232  5.37%   161 14967s
 3875510 1388612 6065.00000   37   67 6291.00000 5952.99214  5.37%   161 14972s
 3876821 1389101     cutoff   50      6291.00000 5952.99982  5.37%   161 14977s
 3878216 1389468 5987.13199   29  169 6291.00000 5953.00181  5.37%   161 14982s
 3879544 1389917     cutoff   44      6291.00000 5953.00923  5.37%   161 14987s
 3880849 1390412 6084.46107   40  162 6291.00000 5953.02102  5.37%   161 14992s
 3882212 1390777 5979.17300   42  194 6291.00000 5953.02839  5.37%   161 14996s
 3883476 1391204     cutoff   31      6291.00000 5953.03782  5.37%   161 15001s
 3884740 1391668 6204.08840   33  175 6291.00000 5953.04430  5.37%   161 15005s
 3887116 1392531 5973.20279   36  198 6291.00000 5953.05863  5.37%   161 15013s
 3888329 1392803 6159.11534   52  108 6291.00000 5953.06842  5.37%   161 15018s
 3889534 1393069 6049.74602   36   71 6291.00000 5953.07369  5.37%   161 15022s
 3890709 1393431 6149.72062   42  119 6291.00000 5953.08249  5.37%   161 15027s
 3891855 1393843 6119.36716   57  181 6291.00000 5953.08913  5.37%   161 15031s
 3892936 1394155     cutoff   51      6291.00000 5953.09624  5.37%   161 15036s
 3893956 1394496 6075.10111   27  169 6291.00000 5953.10429  5.37%   161 15040s
 3895280 1394883 infeasible   33      6291.00000 5953.11096  5.37%   161 15045s
 3896515 1395292     cutoff   46      6291.00000 5953.12000  5.37%   161 15050s
 3899051 1396190 6179.32070   55  100 6291.00000 5953.13714  5.37%   161 15059s
 3900359 1396571 infeasible   45      6291.00000 5953.14520  5.37%   161 15064s
 3901576 1396970     cutoff   54      6291.00000 5953.15330  5.37%   161 15068s
 3902734 1397396 6066.26374   37  276 6291.00000 5953.16391  5.37%   161 15073s
 3903911 1397724     cutoff   49      6291.00000 5953.17109  5.37%   161 15078s
 3905217 1398077 6138.01865   38  165 6291.00000 5953.17940  5.37%   161 15082s
 3906322 1398531 6177.53820   41  120 6291.00000 5953.18868  5.37%   161 15087s
 3907643 1398906     cutoff   52      6291.00000 5953.19994  5.37%   161 15092s
 3908907 1399278     cutoff   50      6291.00000 5953.20834  5.37%   161 15097s
 3910182 1399639 infeasible   48      6291.00000 5953.21656  5.37%   161 15101s
 3911221 1400044     cutoff   56      6291.00000 5953.22293  5.37%   161 15106s
 3912529 1400481 6013.65466   35  174 6291.00000 5953.23055  5.37%   161 15111s
 3913854 1400926 6255.81699   43   78 6291.00000 5953.23938  5.37%   161 15115s
 3915228 1401297 6096.41785   37  171 6291.00000 5953.25000  5.37%   161 15120s
 3917627 1402167 6063.73300   42  194 6291.00000 5953.26739  5.37%   161 15129s
 3918985 1402500 6264.71301   60  137 6291.00000 5953.27628  5.37%   161 15133s
 3920089 1402918 6056.31413   32  116 6291.00000 5953.28527  5.37%   161 15138s
 3921354 1403254 6062.06326   62  131 6291.00000 5953.29695  5.37%   161 15143s
 3922470 1403611 6163.00000   49  104 6291.00000 5953.30464  5.37%   161 15147s
 3923799 1404027 6069.24543   29  228 6291.00000 5953.31250  5.37%   161 15152s
 3925080 1404454 infeasible   40      6291.00000 5953.32315  5.37%   161 15156s
 3926306 1404786 6208.68774   51  136 6291.00000 5953.33499  5.37%   161 15161s
 3927555 1405153 6006.83743   34  279 6291.00000 5953.34254  5.37%   161 15165s
 3928785 1405493 6061.58440   41   89 6291.00000 5953.35274  5.37%   161 15170s
 3929920 1405808     cutoff   46      6291.00000 5953.36246  5.37%   161 15175s
 3932322 1406618 5961.85992   27  211 6291.00000 5953.37734  5.37%   161 15184s
 3933548 1406899 6189.63058   56  175 6291.00000 5953.38698  5.37%   161 15188s
 3934719 1407348 6235.85323   48  110 6291.00000 5953.39626  5.37%   161 15193s
 3936020 1407747 6155.06490   69  168 6291.00000 5953.40513  5.37%   161 15198s
 3937195 1407977 5993.42516   40  220 6291.00000 5953.41430  5.37%   161 15203s
 3937996 1408390 6066.74196   42  170 6291.00000 5953.42132  5.37%   161 15209s
 3939457 1408865 6166.77925   49  161 6291.00000 5953.42892  5.37%   161 15215s
 3942466 1409709 6018.73343   43  210 6291.00000 5953.45088  5.37%   161 15224s
 3943811 1410153 6163.64538   45  159 6291.00000 5953.46091  5.37%   161 15229s
 3945180 1410571 6163.21707   34   93 6291.00000 5953.47290  5.37%   161 15234s
 3946502 1410955     cutoff   59      6291.00000 5953.48217  5.37%   161 15239s
 3947722 1411333 6281.13413   31  174 6291.00000 5953.49371  5.36%   161 15244s
 3949140 1411740 6188.58828   58   88 6291.00000 5953.50307  5.36%   161 15249s
 3950389 1412175 6244.37452   58  175 6291.00000 5953.51068  5.36%   161 15253s
 3951727 1412642     cutoff   44      6291.00000 5953.51832  5.36%   161 15258s
 3953071 1413006 6200.31967   54  220 6291.00000 5953.52449  5.36%   161 15263s
 3954267 1413463 infeasible   33      6291.00000 5953.53393  5.36%   161 15268s
 3955678 1413626 infeasible   41      6291.00000 5953.54086  5.36%   161 15273s
 3956269 1413987 5959.54849   40  177 6291.00000 5953.54249  5.36%   161 15278s
 3957471 1414489 6064.42416   37  140 6291.00000 5953.55242  5.36%   161 15283s
 3958929 1414843     cutoff   55      6291.00000 5953.56352  5.36%   161 15288s
 3960310 1415298 6107.72031   48  182 6291.00000 5953.57197  5.36%   161 15293s
 3961547 1415649 6225.77693   44  175 6291.00000 5953.58118  5.36%   161 15298s
 3962981 1416022 5963.49153   30  167 6291.00000 5953.58723  5.36%   161 15303s
 3964170 1416441 6165.68335   55  149 6291.00000 5953.59631  5.36%   161 15308s
 3965407 1416781 6170.49123   60  146 6291.00000 5953.60478  5.36%   161 15313s
 3966742 1417155 6031.30649   35  268 6291.00000 5953.61524  5.36%   161 15317s
 3968209 1417559 6065.28125   34  125 6291.00000 5953.62519  5.36%   161 15322s
 3969546 1417925     cutoff   33      6291.00000 5953.63663  5.36%   161 15327s
 3970824 1418300 6273.58607   44  208 6291.00000 5953.64221  5.36%   161 15332s
 3971991 1418693 6265.88005   41  151 6291.00000 5953.65178  5.36%   161 15336s
 3973160 1419119 6072.79221   48  162 6291.00000 5953.66126  5.36%   161 15342s
 3974544 1419525 6249.00585   42  145 6291.00000 5953.67184  5.36%   161 15347s
 3975879 1419851 6115.33302   46  217 6291.00000 5953.67931  5.36%   161 15351s
 3977034 1420264 6026.15601   49  147 6291.00000 5953.68997  5.36%   161 15356s
 3978436 1420687 5957.00026   31  308 6291.00000 5953.69887  5.36%   161 15361s
 3979746 1421007 6062.90578   38  167 6291.00000 5953.71026  5.36%   161 15366s
 3980944 1421313 6251.00797   48  180 6291.00000 5953.71492  5.36%   161 15371s
 3981988 1421699 6204.24908   45  199 6291.00000 5953.72727  5.36%   161 15376s
 3983130 1422146 6064.91305   45  185 6291.00000 5953.73654  5.36%   161 15380s
 3984481 1422514 5980.64819   40  234 6291.00000 5953.74207  5.36%   161 15385s
 3985675 1422797 6268.53530   34  178 6291.00000 5953.75488  5.36%   161 15390s
 3986989 1423133 6051.43421   36  151 6291.00000 5953.76704  5.36%   161 15395s
 3988026 1423710 6051.98606   40  131 6291.00000 5953.77509  5.36%   161 15400s
 3989426 1424138 6068.64321   42  142 6291.00000 5953.78551  5.36%   161 15405s
 3990784 1424585 5989.12958   36  134 6291.00000 5953.79551  5.36%   161 15410s
 3993291 1425228 infeasible   53      6291.00000 5953.81382  5.36%   161 15419s
 3994397 1425610 6174.78655   39  113 6291.00000 5953.82356  5.36%   161 15424s
 3995643 1426042 6166.99974   40  225 6291.00000 5953.83440  5.36%   161 15429s
 3996975 1426351 6256.00000   39   93 6291.00000 5953.84348  5.36%   161 15433s
 3998116 1426740 6268.21331   40  156 6291.00000 5953.85760  5.36%   161 15438s
 3999353 1427020 6069.04344   51  118 6291.00000 5953.86771  5.36%   161 15443s
 4000198 1427317 infeasible   53      6291.00000 5953.87283  5.36%   161 15448s
 4001298 1427327 5989.29195   37  111 6291.00000 5953.87384  5.36%   161 15454s
 4001312 1427336 6034.99959   38  105 6291.00000 5953.87384  5.36%   161 15460s
 4001327 1427342     cutoff   39      6291.00000 5953.87384  5.36%   161 15465s
 4001345 1427348 infeasible   39      6291.00000 5953.87384  5.36%   161 15470s
 4001363 1427357 infeasible   38      6291.00000 5953.87896  5.36%   161 15475s
 4001378 1427442 6126.39590   39  222 6291.00000 5953.87898  5.36%   161 15481s
 4001689 1427903 5955.52880   43  199 6291.00000 5953.88315  5.36%   161 15486s
 4003113 1428312 6059.50259   36  150 6291.00000 5953.89184  5.36%   161 15491s
 4004507 1428812 infeasible   39      6291.00000 5953.90537  5.36%   161 15496s
 4005956 1429175 6153.36745   40   60 6291.00000 5953.91234  5.36%   161 15501s
 4007147 1429667     cutoff   44      6291.00000 5953.92385  5.36%   161 15506s
 4008619 1430026 5972.00000   30  151 6291.00000 5953.93268  5.36%   161 15511s
 4009957 1430353 6027.37776   47  273 6291.00000 5953.94521  5.36%   161 15516s
 4011078 1430736 5959.82203   30  197 6291.00000 5953.95195  5.36%   161 15520s
 4012277 1431087 6098.33947   43  144 6291.00000 5953.96052  5.36%   161 15525s
 4013444 1431479 5972.03312   44  174 6291.00000 5953.96860  5.36%   161 15530s
 4014662 1431854 6267.31545   47  122 6291.00000 5953.98093  5.36%   161 15535s
 4015849 1432210 5970.46946   33  225 6291.00000 5953.99274  5.36%   161 15540s
 4016867 1432449     cutoff   47      6291.00000 5953.99862  5.36%   161 15545s
 4017737 1432771 6219.75000   29  154 6291.00000 5954.00000  5.36%   161 15550s
 4018866 1433178 5960.93178   34  211 6291.00000 5954.00000  5.36%   161 15555s
 4020172 1433617 6242.38153   50  239 6291.00000 5954.00523  5.36%   161 15560s
 4021493 1434085 6070.82716   29  169 6291.00000 5954.01411  5.36%   161 15565s
 4022846 1434418 5957.68811   37   55 6291.00000 5954.02512  5.36%   161 15570s
 4023929 1434792 6066.52506   36  106 6291.00000 5954.03105  5.36%   161 15575s
 4025155 1435176 6063.48201   42  155 6291.00000 5954.04191  5.36%   161 15580s
 4026444 1435493 6104.62393   36  255 6291.00000 5954.04958  5.36%   161 15585s
 4028849 1436105 infeasible   41      6291.00000 5954.06243  5.36%   161 15594s
 4029883 1436626 6077.77102   44  224 6291.00000 5954.07026  5.36%   161 15599s
 4031334 1437019     cutoff   54      6291.00000 5954.07587  5.36%   161 15604s
 4032553 1437504 6041.29355   41  173 6291.00000 5954.08422  5.36%   161 15608s
 4033864 1437808 5978.99160   37  214 6291.00000 5954.09112  5.36%   161 15613s
 4034972 1438145 5968.05604   32  143 6291.00000 5954.09954  5.36%   161 15618s
 4036005 1438526 6057.88508   29  193 6291.00000 5954.10680  5.36%   161 15622s
 4037314 1438982 infeasible   42      6291.00000 5954.11578  5.36%   161 15627s
 4038700 1439383 6037.53008   35  219 6291.00000 5954.12224  5.35%   161 15632s
 4039989 1439739     cutoff   48      6291.00000 5954.13516  5.35%   161 15636s
 4041226 1440176 6048.00000   29   76 6291.00000 5954.14327  5.35%   161 15641s
 4042373 1440568 6270.84043   37  128 6291.00000 5954.15362  5.35%   161 15645s
 4043675 1441014 6155.23111   46  200 6291.00000 5954.16212  5.35%   161 15650s
 4045024 1441357 6204.55390   48  145 6291.00000 5954.16873  5.35%   161 15655s
 4046141 1441864 infeasible   32      6291.00000 5954.17614  5.35%   161 15660s
 4047599 1442317 6065.27829   25  183 6291.00000 5954.18669  5.35%   161 15665s
 4048844 1442682 6271.47072   50  134 6291.00000 5954.19542  5.35%   161 15670s
 4050196 1443129 6045.75582   40  224 6291.00000 5954.20407  5.35%   161 15675s
 4052720 1443844 6142.91812   39  170 6291.00000 5954.22423  5.35%   161 15684s
 4053913 1444202     cutoff   31      6291.00000 5954.23265  5.35%   161 15689s
 4055058 1444536 6116.04802   60  164 6291.00000 5954.24226  5.35%   161 15694s
 4056212 1444926 infeasible   44      6291.00000 5954.25283  5.35%   161 15699s
 4057498 1445280 6063.14965   45  189 6291.00000 5954.26124  5.35%   161 15703s
 4058777 1445634 6166.06667   37   78 6291.00000 5954.27387  5.35%   161 15708s
 4059813 1445937 6204.69839   45  157 6291.00000 5954.28164  5.35%   161 15713s
 4061125 1446228 6160.26133   34  195 6291.00000 5954.28788  5.35%   161 15718s
 4062227 1446622 6177.91499   38  154 6291.00000 5954.29572  5.35%   161 15723s
 4063576 1447021 6185.60515   41  126 6291.00000 5954.30482  5.35%   161 15727s
 4065007 1447478 5995.57485   34  172 6291.00000 5954.31054  5.35%   161 15731s
 4066155 1447858 5966.56680   46  159 6291.00000 5954.31687  5.35%   161 15736s
 4067324 1448164 5955.33068   44  201 6291.00000 5954.32967  5.35%   161 15740s
 4068393 1448534 6140.03611   50  147 6291.00000 5954.33568  5.35%   161 15745s
 4069766 1448905 6043.57563   46   86 6291.00000 5954.34348  5.35%   161 15750s
 4072010 1449761 6046.60834   37  159 6291.00000 5954.35625  5.35%   161 15759s
 4073297 1450043 5999.48923   40  237 6291.00000 5954.36720  5.35%   161 15764s
 4074422 1450342 6023.86957   37  173 6291.00000 5954.37500  5.35%   161 15768s
 4075673 1450632 5982.86196   48  228 6291.00000 5954.38261  5.35%   161 15773s
 4076628 1451013 6173.02746   30  148 6291.00000 5954.38711  5.35%   161 15778s
 4077938 1451340 infeasible   47      6291.00000 5954.39647  5.35%   161 15783s
 4079258 1451788 6111.72121   42  191 6291.00000 5954.40293  5.35%   161 15787s
 4080550 1452134 6042.22049   41  159 6291.00000 5954.41041  5.35%   161 15792s
 4081647 1452547 6066.98184   42  176 6291.00000 5954.41974  5.35%   161 15797s
 4082854 1452909 infeasible   32      6291.00000 5954.42618  5.35%   161 15802s
 4084259 1453305     cutoff   48      6291.00000 5954.43324  5.35%   161 15806s
 4085523 1453700 6166.00000   26   96 6291.00000 5954.44760  5.35%   161 15811s
 4086829 1454033     cutoff   43      6291.00000 5954.45479  5.35%   161 15816s
 4087889 1454454 6225.44452   48  221 6291.00000 5954.46415  5.35%   161 15820s
 4090278 1455074 infeasible   39      6291.00000 5954.48437  5.35%   161 15829s
 4091572 1455434 6094.03860   36  253 6291.00000 5954.49206  5.35%   161 15834s
 4092770 1455872 5970.28736   35  113 6291.00000 5954.49964  5.35%   161 15839s
 4093995 1456307 6182.26642   38  192 6291.00000 5954.50625  5.35%   161 15843s
 4095310 1456649 6164.43643   54  187 6291.00000 5954.51347  5.35%   161 15848s
 4096536 1457015 5964.43436   36  366 6291.00000 5954.52733  5.35%   161 15852s
 4097840 1457412 6147.59661   60  121 6291.00000 5954.53414  5.35%   161 15857s
 4099086 1457707 6153.95090   55  131 6291.00000 5954.54363  5.35%   161 15861s
 4100134 1458056 6210.09427   57  124 6291.00000 5954.54923  5.35%   161 15866s
 4101315 1458475 6236.96392   36  184 6291.00000 5954.55988  5.35%   161 15871s
 4102803 1458791 6166.01922   48  143 6291.00000 5954.56938  5.35%   161 15875s
 4103950 1459232 6124.18344   47  194 6291.00000 5954.57526  5.35%   161 15880s
 4106332 1459961 6166.00000   39   95 6291.00000 5954.59524  5.35%   161 15889s
 4107447 1460441 6114.95739   39  170 6291.00000 5954.60156  5.35%   161 15894s
 4108782 1460939 6169.36776   47  158 6291.00000 5954.60963  5.35%   161 15899s
 4110071 1461395 6204.55662   61  215 6291.00000 5954.61832  5.35%   161 15904s
 4111343 1461566 6047.52830   42  122 6291.00000 5954.62971  5.35%   161 15909s
 4111826 1461881 6108.77381   43  217 6291.00000 5954.63171  5.35%   161 15914s
 4112859 1462282 6173.96552   31  137 6291.00000 5954.63949  5.35%   161 15919s
 4114217 1462754 6063.30230   40  195 6291.00000 5954.65520  5.35%   161 15924s
 4115627 1463113 6270.53054   57   90 6291.00000 5954.66386  5.35%   161 15929s
 4116979 1463484 6094.95080   28  206 6291.00000 5954.66911  5.35%   161 15933s
 4118225 1463956     cutoff   42      6291.00000 5954.68274  5.35%   161 15938s
 4119514 1464285     cutoff   46      6291.00000 5954.69076  5.35%   161 15942s
 4120638 1464697 6230.26488   45  172 6291.00000 5954.70119  5.35%   161 15947s
 4121861 1465147 6263.75600   57   97 6291.00000 5954.70954  5.35%   161 15952s
 4123099 1465577 6010.27809   47  191 6291.00000 5954.71897  5.35%   161 15957s
 4124454 1465983 6112.89637   45  156 6291.00000 5954.72981  5.35%   161 15961s
 4125706 1466331 6066.53846   40   86 6291.00000 5954.73938  5.35%   161 15966s
 4126955 1466809 6040.19152   30  158 6291.00000 5954.74773  5.34%   161 15971s
 4128274 1467196 infeasible   43      6291.00000 5954.75625  5.34%   161 15975s
 4129561 1467607 6158.28012   38  116 6291.00000 5954.76612  5.34%   161 15980s
 4131998 1468372 6166.01162   42  191 6291.00000 5954.78328  5.34%   161 15989s
 4133316 1468655 6080.65594   51  143 6291.00000 5954.79256  5.34%   161 15994s
 4134612 1469143 6192.85990   37  103 6291.00000 5954.80365  5.34%   161 15998s
 4135992 1469517 infeasible   43      6291.00000 5954.81119  5.34%   161 16003s
 4137342 1469996     cutoff   40      6291.00000 5954.82336  5.34%   161 16007s
 4138679 1470293 6220.78135   55  173 6291.00000 5954.83319  5.34%   161 16011s
 4139892 1470689 5963.34974   26  227 6291.00000 5954.83999  5.34%   161 16015s
 4141053 1471090 6131.55829   56  175 6291.00000 5954.84742  5.34%   161 16020s
 4143340 1471771 6062.54089   33  202 6291.00000 5954.86647  5.34%   161 16028s
 4144379 1472192 5979.05974   43  187 6291.00000 5954.87211  5.34%   161 16033s
 4145699 1472502 6034.74859   36  112 6291.00000 5954.87648  5.34%   161 16037s
 4146833 1472886 6045.87712   41  184 6291.00000 5954.88558  5.34%   161 16042s
 4148136 1473258 6138.10694   44  239 6291.00000 5954.89719  5.34%   161 16046s
 4149322 1473603 infeasible   57      6291.00000 5954.90618  5.34%   161 16050s
 4150439 1473989 6155.88317   40  198 6291.00000 5954.91500  5.34%   161 16055s
 4151742 1474342 6074.82985   40  192 6291.00000 5954.92171  5.34%   161 16060s
 4154136 1475240 infeasible   46      6291.00000 5954.93790  5.34%   161 16069s
 4155432 1475631 6178.21559   34  112 6291.00000 5954.94889  5.34%   161 16073s
 4156601 1476034     cutoff   36      6291.00000 5954.95617  5.34%   161 16078s
 4157855 1476419 6067.38009   35  189 6291.00000 5954.96322  5.34%   161 16083s
 4159051 1476840 6214.11437   49  174 6291.00000 5954.97065  5.34%   161 16088s
 4160374 1477266 6255.49456   37  146 6291.00000 5954.98505  5.34%   161 16093s
 4161708 1477648 6067.37220   40  199 6291.00000 5954.99051  5.34%   161 16097s
 4162896 1478075     cutoff   49      6291.00000 5955.00000  5.34%   161 16102s
 4164175 1478444 5961.67128   45  197 6291.00000 5955.00582  5.34%   161 16107s
 4165330 1478901     cutoff   51      6291.00000 5955.01345  5.34%   161 16112s
 4166670 1479207     cutoff   36      6291.00000 5955.02435  5.34%   161 16116s
 4167940 1479645 6077.33613   34  147 6291.00000 5955.03599  5.34%   161 16121s
 4169249 1480037 infeasible   50      6291.00000 5955.04503  5.34%   160 16125s
 4170509 1480362 6075.02108   47  127 6291.00000 5955.05174  5.34%   160 16130s
 4173045 1481158 6092.80021   29  181 6291.00000 5955.06910  5.34%   160 16139s
 4174460 1481479 infeasible   57      6291.00000 5955.07831  5.34%   160 16143s
 4175586 1481815 5975.27870   33  217 6291.00000 5955.08589  5.34%   160 16148s
 4176787 1482108 5961.44590   38  116 6291.00000 5955.09295  5.34%   160 16153s
 4177843 1482430 6282.67891   58  138 6291.00000 5955.10536  5.34%   160 16158s
 4178752 1482804 6048.72558   41  112 6291.00000 5955.10536  5.34%   160 16162s
 4180064 1483271 6069.97531   47  157 6291.00000 5955.12280  5.34%   160 16167s
 4181429 1483668 6244.78016   47  152 6291.00000 5955.13231  5.34%   160 16172s
 4182899 1484063 6004.68044   38  224 6291.00000 5955.13727  5.34%   160 16176s
 4184060 1484504 6173.84049   48  105 6291.00000 5955.14521  5.34%   160 16181s
 4185287 1484790 infeasible   42      6291.00000 5955.15178  5.34%   160 16186s
 4186418 1485158     cutoff   40      6291.00000 5955.16203  5.34%   160 16191s
 4187687 1485479 6045.59347   37  148 6291.00000 5955.16997  5.34%   160 16195s
 4189116 1485802 6103.07315   48  220 6291.00000 5955.17746  5.34%   160 16200s
 4190259 1486109     cutoff   43      6291.00000 5955.18740  5.34%   160 16205s
 4192708 1486968 6263.27692   34  210 6291.00000 5955.20743  5.34%   160 16214s
 4194017 1487347 5982.12201   43  194 6291.00000 5955.21278  5.34%   160 16218s
 4195225 1487758 6143.20730   58  164 6291.00000 5955.22239  5.34%   160 16223s
 4196445 1488259 infeasible   34      6291.00000 5955.23184  5.34%   160 16228s
 4197728 1488739 6143.80419   48  156 6291.00000 5955.23955  5.34%   160 16232s
 4199001 1489166 6156.56242   63  165 6291.00000 5955.24694  5.34%   160 16236s
 4200270 1489545 infeasible   45      6291.00000 5955.25522  5.34%   160 16241s
 4201398 1489716 infeasible   40      6291.00000 5955.26522  5.34%   160 16246s
 4202251 1490075 6159.52657   41  167 6291.00000 5955.26871  5.34%   160 16250s
 4203336 1490446 6065.14615   30  168 6291.00000 5955.27338  5.34%   160 16255s
 4204465 1490887 6277.85110   40  111 6291.00000 5955.28511  5.34%   160 16260s
 4205849 1491283 6228.91951   55  104 6291.00000 5955.29120  5.34%   160 16265s
 4208506 1492167 6063.05078   42  209 6291.00000 5955.30998  5.34%   160 16274s
 4209798 1492640 6167.49403   39  195 6291.00000 5955.31879  5.34%   160 16278s
 4211138 1492915 6285.77720   47  124 6291.00000 5955.32643  5.34%   160 16283s
 4212321 1493198 6037.50469   42  216 6291.00000 5955.33333  5.34%   160 16287s
 4213240 1493649 6167.14999   48  157 6291.00000 5955.33745  5.34%   160 16292s
 4214430 1494048     cutoff   42      6291.00000 5955.34600  5.34%   160 16297s
 4215831 1494521     cutoff   46      6291.00000 5955.35868  5.34%   160 16301s
 4217242 1494943 infeasible   44      6291.00000 5955.36823  5.34%   160 16306s
 4218445 1495266 6190.07728   41  198 6291.00000 5955.37739  5.33%   160 16311s
 4219564 1495625 5957.32906   49  205 6291.00000 5955.38958  5.33%   160 16315s
 4220746 1495976 6069.39782   37  183 6291.00000 5955.39938  5.33%   160 16320s
 4222085 1496357 6153.03761   45  175 6291.00000 5955.40589  5.33%   160 16325s
 4224741 1497080 5991.40111   43  182 6291.00000 5955.41921  5.33%   160 16334s
 4225874 1497521 6142.21420   44  196 6291.00000 5955.42643  5.33%   160 16339s
 4227165 1497905 5968.41165   36  189 6291.00000 5955.43824  5.33%   160 16343s
 4228440 1498290 6157.32845   50  173 6291.00000 5955.44387  5.33%   160 16348s
 4229628 1498715 6012.88186   34  208 6291.00000 5955.45062  5.33%   160 16353s
 4230914 1499072 6205.78513   45  164 6291.00000 5955.46121  5.33%   160 16358s
 4232135 1499520 infeasible   45      6291.00000 5955.46953  5.33%   160 16363s
 4233534 1499945 6065.00449   32  128 6291.00000 5955.48100  5.33%   160 16367s
 4234884 1500270 infeasible   57      6291.00000 5955.48999  5.33%   160 16372s
 4236051 1500573 6036.51825   44  263 6291.00000 5955.49982  5.33%   160 16377s
 4237158 1500868 5955.51690   34  298 6291.00000 5955.50460  5.33%   160 16382s
 4237881 1501200 5956.23130   35  261 6291.00000 5955.50524  5.33%   160 16387s
 4239027 1501640 6046.87353   34  198 6291.00000 5955.51076  5.33%   160 16392s
 4240439 1502084 6176.00000   39  132 6291.00000 5955.52492  5.33%   160 16397s
 4241811 1502476 6063.41678   35  126 6291.00000 5955.53177  5.33%   160 16401s
 4243063 1502856 6014.68550   44  171 6291.00000 5955.54264  5.33%   160 16406s
 4244358 1503303 6048.92681   52  166 6291.00000 5955.55303  5.33%   160 16411s
 4245661 1503694 6059.97691   35  171 6291.00000 5955.56174  5.33%   160 16416s
 4247041 1504029 6024.38163   27  230 6291.00000 5955.56563  5.33%   160 16421s
 4248347 1504473 5989.73070   48  241 6291.00000 5955.57778  5.33%   160 16425s
 4249646 1504903 6085.85714   39   84 6291.00000 5955.58437  5.33%   160 16430s
 4252181 1505602 6067.84298   35  176 6291.00000 5955.60000  5.33%   160 16439s
 4253401 1505946 6169.00000   43  121 6291.00000 5955.60807  5.33%   160 16443s
 4254557 1506314 6076.25043   46  202 6291.00000 5955.61487  5.33%   160 16448s
 4255737 1506696 6018.68366   45  213 6291.00000 5955.62173  5.33%   160 16452s
 4256989 1507022 6174.54991   39  165 6291.00000 5955.63151  5.33%   160 16457s
 4258172 1507376 infeasible   41      6291.00000 5955.63953  5.33%   160 16462s
 4259294 1507751 6070.83603   35  129 6291.00000 5955.64983  5.33%   160 16466s
 4260417 1508171     cutoff   36      6291.00000 5955.65824  5.33%   160 16471s
 4261662 1508621 6055.01114   38  176 6291.00000 5955.66667  5.33%   160 16476s
 4263022 1509052 6144.98255   30  169 6291.00000 5955.67576  5.33%   160 16480s
 4264435 1509394 6262.13464   58  116 6291.00000 5955.68194  5.33%   160 16485s
 4266985 1510086 6058.20298   32  231 6291.00000 5955.70167  5.33%   160 16494s
 4268055 1510499 infeasible   49      6291.00000 5955.70878  5.33%   160 16498s
 4269321 1510951 infeasible   45      6291.00000 5955.71599  5.33%   160 16503s
 4270522 1511357     cutoff   46      6291.00000 5955.71881  5.33%   160 16508s
 4271622 1511749 6070.93745   33  237 6291.00000 5955.73187  5.33%   160 16512s
 4272955 1512278 infeasible   45      6291.00000 5955.73940  5.33%   160 16517s
 4274278 1512683     cutoff   48      6291.00000 5955.74320  5.33%   160 16522s
 4275476 1513095 6146.06585   36  140 6291.00000 5955.75168  5.33%   160 16526s
 4276715 1513440 6003.59085   41  162 6291.00000 5955.76302  5.33%   160 16531s
 4278151 1513775 6247.52329   44  127 6291.00000 5955.76649  5.33%   160 16535s
 4279364 1514251     cutoff   54      6291.00000 5955.77566  5.33%   160 16540s
 4281815 1514984     cutoff   38      6291.00000 5955.78735  5.33%   160 16549s
 4283066 1515298 6124.72996   41  257 6291.00000 5955.79665  5.33%   160 16553s
 4284172 1515709 6144.35760   43  134 6291.00000 5955.80670  5.33%   160 16558s
 4285438 1515978 6069.35208   37  188 6291.00000 5955.81588  5.33%   160 16563s
 4286492 1516349 infeasible   53      6291.00000 5955.82065  5.33%   160 16568s
 4287674 1516765 6075.19908   35  179 6291.00000 5955.82780  5.33%   160 16573s
 4289038 1517157     cutoff   46      6291.00000 5955.83732  5.33%   160 16578s
 4290350 1517566     cutoff   48      6291.00000 5955.84812  5.33%   160 16583s
 4291710 1517919 6126.63648   56  157 6291.00000 5955.85414  5.33%   160 16588s
 4293110 1518223 infeasible   27      6291.00000 5955.86364  5.33%   160 16593s
 4294261 1518706 6136.27237   38  146 6291.00000 5955.87058  5.33%   160 16598s
 4295661 1519099 6105.77475   40  181 6291.00000 5955.87825  5.33%   160 16602s
 4296928 1519550 6069.09254   41  164 6291.00000 5955.89055  5.33%   160 16607s
 4298299 1520034 5993.00076   33  271 6291.00000 5955.90027  5.33%   160 16612s
 4299606 1520471     cutoff   35      6291.00000 5955.90711  5.33%   160 16617s
 4300843 1520915 6067.71111   39  148 6291.00000 5955.91655  5.33%   160 16621s
 4302169 1521332 6177.91564   42  157 6291.00000 5955.92451  5.33%   160 16626s
 4303369 1521793 6213.74590   44  120 6291.00000 5955.93355  5.33%   160 16631s
 4304775 1522220 5964.16062   34  218 6291.00000 5955.94138  5.33%   160 16635s
 4306059 1522538 infeasible   42      6291.00000 5955.94547  5.33%   160 16640s
 4308460 1523342 6180.35409   47  100 6291.00000 5955.96351  5.33%   160 16649s
 4309732 1523807 5956.06256   35  241 6291.00000 5955.96984  5.33%   160 16654s
 4310994 1524096 6190.85999   43  183 6291.00000 5955.97885  5.33%   160 16658s
 4311994 1524410 6051.69075   39  220 6291.00000 5955.98846  5.33%   160 16663s
 4313148 1524602 6241.47032   44   93 6291.00000 5955.99316  5.33%   160 16668s
 4313819 1524943 infeasible   43      6291.00000 5955.99582  5.33%   160 16673s
 4315001 1525297 6166.01252   49  114 6291.00000 5956.00000  5.33%   160 16678s
 4316132 1525690     cutoff   46      6291.00000 5956.00769  5.32%   160 16683s
 4317454 1526078 6053.88669   34  139 6291.00000 5956.01646  5.32%   160 16687s
 4318803 1526445 6067.57486   44  227 6291.00000 5956.02567  5.32%   160 16692s
 4320185 1526874 6001.54328   35  162 6291.00000 5956.03290  5.32%   160 16697s
 4321443 1527305 6195.68972   49  169 6291.00000 5956.04032  5.32%   160 16701s
 4322839 1527642 6166.98370   57  137 6291.00000 5956.04928  5.32%   160 16706s
 4324102 1528063 5978.10767   43  243 6291.00000 5956.05736  5.32%   160 16710s
 4325364 1528404     cutoff   53      6291.00000 5956.06649  5.32%   160 16715s
 4327674 1529115     cutoff   41      6291.00000 5956.08445  5.32%   160 16723s
 4328808 1529493 6165.36868   51  154 6291.00000 5956.09050  5.32%   160 16728s
 4330001 1529991 6053.07285   33  119 6291.00000 5956.10129  5.32%   160 16733s
 4331330 1530272 6065.42428   28  234 6291.00000 5956.10911  5.32%   160 16737s
 4332533 1530552 infeasible   51      6291.00000 5956.11764  5.32%   160 16742s
 4333383 1530941 6048.62195   32  205 6291.00000 5956.11967  5.32%   160 16747s
 4334700 1531431 6157.91916   41  151 6291.00000 5956.13088  5.32%   160 16752s
 4335972 1531780 6113.29817   31  207 6291.00000 5956.13752  5.32%   160 16756s
 4337376 1532160 6206.75171   45  140 6291.00000 5956.14788  5.32%   160 16761s
 4338660 1532645 6070.56226   53  137 6291.00000 5956.15648  5.32%   160 16766s
 4339980 1533043 5990.09091   44  166 6291.00000 5956.16417  5.32%   160 16770s
 4341183 1533450 6051.59518   38   96 6291.00000 5956.17032  5.32%   160 16775s
 4342418 1533819 infeasible   44      6291.00000 5956.17968  5.32%   160 16780s
 4344900 1534442 6205.14751   48  187 6291.00000 5956.19682  5.32%   160 16789s
 4346011 1534864 6134.53525   36  183 6291.00000 5956.20226  5.32%   160 16793s
 4347252 1535325 infeasible   36      6291.00000 5956.20925  5.32%   160 16798s
 4348562 1535737 6163.00000   40  120 6291.00000 5956.21815  5.32%   160 16803s
 4349877 1536195     cutoff   50      6291.00000 5956.22645  5.32%   160 16807s
 4351030 1536569 6262.99089   46  127 6291.00000 5956.23477  5.32%   160 16812s
 4352334 1536977 6028.30205   39   93 6291.00000 5956.24134  5.32%   160 16816s
 4353572 1537338     cutoff   43      6291.00000 5956.25000  5.32%   160 16821s
 4354859 1537748 infeasible   36      6291.00000 5956.25365  5.32%   160 16825s
 4355925 1538158 6262.30679   38  111 6291.00000 5956.26104  5.32%   160 16830s
 4358448 1538756 6104.11858   39  168 6291.00000 5956.27795  5.32%   160 16840s
 4359177 1539247 6106.27477   42  171 6291.00000 5956.27928  5.32%   160 16845s
 4360725 1539692 6057.21385   32  100 6291.00000 5956.28405  5.32%   160 16850s
 4362095 1540054 6163.00000   36  130 6291.00000 5956.29992  5.32%   160 16855s
 4363409 1540331 infeasible   42      6291.00000 5956.30577  5.32%   160 16860s
 4364618 1540755 6062.10316   40  149 6291.00000 5956.31692  5.32%   160 16865s
 4365983 1541190 6070.07855   59  140 6291.00000 5956.32344  5.32%   160 16870s
 4367278 1541630 6194.70498   45  216 6291.00000 5956.33343  5.32%   160 16875s
 4368762 1541967 infeasible   56      6291.00000 5956.33921  5.32%   160 16880s
 4370051 1542355 6177.05618   30  178 6291.00000 5956.34587  5.32%   160 16885s
 4371367 1542756 6182.86978   51  198 6291.00000 5956.35293  5.32%   160 16890s
 4373884 1543477 6281.88972   47  153 6291.00000 5956.36986  5.32%   160 16899s
 4375058 1543909 infeasible   34      6291.00000 5956.37560  5.32%   160 16904s
 4376370 1544306 6028.22204   35  262 6291.00000 5956.38225  5.32%   160 16908s
 4377598 1544673 infeasible   45      6291.00000 5956.38933  5.32%   160 16913s
 4378770 1545075 6122.71391   29  169 6291.00000 5956.39583  5.32%   160 16917s
 4379945 1545463 infeasible   56      6291.00000 5956.40269  5.32%   160 16922s
 4381219 1545774 6062.87854   44  230 6291.00000 5956.41207  5.32%   160 16926s
 4382299 1546177 6211.65475   42  144 6291.00000 5956.42050  5.32%   160 16931s
 4383598 1546547     cutoff   48      6291.00000 5956.42834  5.32%   160 16936s
 4384846 1546987 6176.71343   50  131 6291.00000 5956.43478  5.32%   160 16940s
 4387543 1547769 6061.00688   46  226 6291.00000 5956.45057  5.32%   160 16949s
 4388815 1548094 6185.25131   42  118 6291.00000 5956.45719  5.32%   160 16954s
 4390004 1548574 6065.40537   37  216 6291.00000 5956.46668  5.32%   160 16958s
 4391274 1548930 6093.15171   47  159 6291.00000 5956.47390  5.32%   160 16963s
 4392402 1549256     cutoff   39      6291.00000 5956.48291  5.32%   160 16968s
 4393599 1549626 6210.80747   58  166 6291.00000 5956.48854  5.32%   160 16972s
 4394956 1550013 6142.77540   45  145 6291.00000 5956.49634  5.32%   160 16977s
 4396157 1550347 5970.53107   40  196 6291.00000 5956.50000  5.32%   160 16981s
 4397344 1550695 6013.85287   41  196 6291.00000 5956.50655  5.32%   160 16985s
 4398416 1551215 6115.01956   35  155 6291.00000 5956.51202  5.32%   160 16990s
 4400886 1551896 6084.82335   38  228 6291.00000 5956.52422  5.32%   160 16999s
 4402053 1552286 6036.75925   41  196 6291.00000 5956.53596  5.32%   160 17003s
 4403141 1552663 6201.37883   41  186 6291.00000 5956.54188  5.32%   160 17008s
 4404463 1552920 6212.01031   50  183 6291.00000 5956.54938  5.32%   160 17013s
 4405196 1553268 6074.48317   36  175 6291.00000 5956.55145  5.32%   160 17018s
 4406371 1553751 6056.96024   30  156 6291.00000 5956.56283  5.32%   160 17023s
 4407770 1554199 infeasible   53      6291.00000 5956.57170  5.32%   160 17027s
 4409038 1554632     cutoff   41      6291.00000 5956.57935  5.32%   160 17032s
 4410335 1555076 6026.71207   43  164 6291.00000 5956.58371  5.32%   160 17036s
 4411646 1555415     cutoff   45      6291.00000 5956.59498  5.32%   160 17041s
 4412876 1555772 infeasible   50      6291.00000 5956.60044  5.32%   160 17046s
 4414104 1556183     cutoff   37      6291.00000 5956.60727  5.32%   160 17050s
 4415399 1556554 6182.12727   52  110 6291.00000 5956.61722  5.32%   160 17055s
 4416642 1556914 5995.96487   45  198 6291.00000 5956.62637  5.32%   160 17060s
 4419006 1557736 infeasible   47      6291.00000 5956.64135  5.31%   160 17070s
 4421773 1558529 6173.13491   45  180 6291.00000 5956.65852  5.31%   160 17079s
 4423048 1558903 6073.45119   43  176 6291.00000 5956.66667  5.31%   160 17084s
 4424287 1559266 infeasible   39      6291.00000 5956.67167  5.31%   160 17088s
 4425605 1559630 6024.82449   45  240 6291.00000 5956.68162  5.31%   160 17093s
 4426813 1560006 6156.75757   44  157 6291.00000 5956.69092  5.31%   160 17098s
 4428051 1560460 6085.15934   39  160 6291.00000 5956.70104  5.31%   160 17103s
 4429321 1560924 6274.17874   56  111 6291.00000 5956.70664  5.31%   160 17107s
 4430671 1561218 6167.61285   53  201 6291.00000 5956.71647  5.31%   160 17112s
 4431633 1561628 6076.78218   42  144 6291.00000 5956.72258  5.31%   160 17117s
 4432920 1562129 6081.34918   45  111 6291.00000 5956.72999  5.31%   160 17121s
 4434297 1562534 5992.15575   35  133 6291.00000 5956.73347  5.31%   160 17126s
 4435752 1562979 infeasible   41      6291.00000 5956.73786  5.31%   160 17130s
 4437033 1563149 6065.76450   40  162 6291.00000 5956.74824  5.31%   160 17136s
 4437566 1563511 6007.91022   38  141 6291.00000 5956.74958  5.31%   160 17140s
 4438635 1563924 6183.45542   46  228 6291.00000 5956.75679  5.31%   160 17145s
 4439803 1564290 6182.44752   45  154 6291.00000 5956.76859  5.31%   160 17150s
 4442519 1565181     cutoff   57      6291.00000 5956.78324  5.31%   160 17159s
 4443785 1565507 5964.83203   35  190 6291.00000 5956.79331  5.31%   160 17164s
 4444992 1565885 5970.48825   34  200 6291.00000 5956.80010  5.31%   160 17169s
 4446416 1566236 infeasible   39      6291.00000 5956.80766  5.31%   160 17173s
 4447651 1566635 infeasible   46      6291.00000 5956.81778  5.31%   160 17178s
 4448974 1567000 5990.51098   47  156 6291.00000 5956.82573  5.31%   160 17182s
 4450116 1567297 6101.20663   49  159 6291.00000 5956.83191  5.31%   160 17187s
 4451292 1567701 5957.45272   36  199 6291.00000 5956.83618  5.31%   160 17192s
 4452577 1568230 infeasible   38      6291.00000 5956.84454  5.31%   160 17197s
 4453914 1568620     cutoff   48      6291.00000 5956.85151  5.31%   160 17201s
 4455192 1569004 6048.16908   38  159 6291.00000 5956.86204  5.31%   160 17206s
 4456483 1569416 6052.62770   40  251 6291.00000 5956.87178  5.31%   160 17210s
 4457724 1569803 6070.63540   44  194 6291.00000 5956.88043  5.31%   160 17215s
 4460182 1570608 6289.96335   43  163 6291.00000 5956.89740  5.31%   160 17224s
 4461469 1570969 6058.41466   41  200 6291.00000 5956.90619  5.31%   160 17229s
 4462601 1571381 5991.27561   44  208 6291.00000 5956.91705  5.31%   160 17233s
 4463855 1571783 6168.13846   44  121 6291.00000 5956.92631  5.31%   160 17238s
 4465021 1572105 6166.00000   48  134 6291.00000 5956.93091  5.31%   160 17243s
 4466192 1572422 5992.70968   43  113 6291.00000 5956.93983  5.31%   160 17248s
 4467345 1572889     cutoff   49      6291.00000 5956.94630  5.31%   160 17253s
 4468710 1573257 6205.27799   39  182 6291.00000 5956.95451  5.31%   160 17257s
 4469966 1573693 6062.59985   36  254 6291.00000 5956.96329  5.31%   160 17262s
 4471277 1574078 6065.94648   57  202 6291.00000 5956.97316  5.31%   160 17267s
 4472660 1574465 5971.54666   29  137 6291.00000 5956.97936  5.31%   160 17271s
 4474033 1574832 6172.55502   54  106 6291.00000 5956.98892  5.31%   160 17276s
 4475229 1575145     cutoff   56      6291.00000 5956.99691  5.31%   160 17280s
 4476235 1575468 6139.87984   32  149 6291.00000 5957.00000  5.31%   160 17285s
 4477264 1575744 6074.17501   38  117 6291.00000 5957.00000  5.31%   160 17290s
 4478229 1576194 6219.54813   37  130 6291.00000 5957.00031  5.31%   160 17295s
 4480784 1577074     cutoff   38      6291.00000 5957.01653  5.31%   160 17304s
 4482088 1577541 6166.13010   42  191 6291.00000 5957.02713  5.31%   160 17309s
 4483462 1577909 6184.35165   42  228 6291.00000 5957.03443  5.31%   160 17314s
 4484498 1578134 6058.09444   49  132 6291.00000 5957.03893  5.31%   160 17319s
 4485564 1578586 6269.00000   61   62 6291.00000 5957.04332  5.31%   160 17324s
 4487004 1578978 5996.32714   32  190 6291.00000 5957.05208  5.31%   160 17329s
 4488228 1579473 infeasible   51      6291.00000 5957.05868  5.31%   160 17334s
 4489819 1579868 6065.00000   48   71 6291.00000 5957.06730  5.31%   160 17339s
 4491079 1580244 5989.50075   40  244 6291.00000 5957.07395  5.31%   160 17344s
 4492281 1580639 6206.66834   60   82 6291.00000 5957.08140  5.31%   160 17349s
 4493521 1581064 5974.78915   44  259 6291.00000 5957.08940  5.31%   160 17354s
 4494885 1581456 6067.45697   40  215 6291.00000 5957.09902  5.31%   160 17358s
 4496063 1581659 6066.24436   36  211 6291.00000 5957.10399  5.31%   160 17364s
 4496721 1582017     cutoff   46      6291.00000 5957.10399  5.31%   160 17369s
 4497821 1582334 6191.02782   43  172 6291.00000 5957.10576  5.31%   160 17374s
 4498907 1582658 6164.22222   39   75 6291.00000 5957.12055  5.31%   160 17379s
 4500113 1583157 infeasible   43      6291.00000 5957.13217  5.31%   160 17383s
 4501503 1583508 6064.19721   38  143 6291.00000 5957.14048  5.31%   160 17388s
 4502839 1583881 6050.66748   40  180 6291.00000 5957.15002  5.31%   160 17393s
 4504073 1584190 6048.87264   40   93 6291.00000 5957.15595  5.31%   160 17397s
 4505272 1584643 5995.36714   35  201 6291.00000 5957.16541  5.31%   160 17403s
 4506584 1585016 6171.22888   50  176 6291.00000 5957.17275  5.31%   160 17407s
 4507773 1585430 6064.75916   32  267 6291.00000 5957.17941  5.31%   160 17412s
 4509112 1585833 5974.48384   32  236 6291.00000 5957.18996  5.31%   160 17416s
 4510397 1586175     cutoff   39      6291.00000 5957.19901  5.31%   160 17421s
 4511491 1586590 6067.52868   38  177 6291.00000 5957.20623  5.31%   160 17425s
 4512804 1587004 5990.70092   52  188 6291.00000 5957.21290  5.31%   160 17430s
 4514191 1587377 infeasible   44      6291.00000 5957.21799  5.31%   160 17435s
 4515378 1587727     cutoff   56      6291.00000 5957.22565  5.31%   160 17440s
 4517733 1588391 6175.94424   45  121 6291.00000 5957.23916  5.31%   160 17450s
 4520225 1589174 infeasible   44      6291.00000 5957.25519  5.31%   160 17459s
 4521481 1589534 6172.73142   52  188 6291.00000 5957.26356  5.30%   160 17464s
 4522793 1589900 infeasible   41      6291.00000 5957.27415  5.30%   160 17468s
 4523966 1590317 6246.19515   36  139 6291.00000 5957.28027  5.30%   160 17472s
 4525171 1590763 6180.42744   53  161 6291.00000 5957.28499  5.30%   160 17477s
 4526421 1591172     cutoff   45      6291.00000 5957.29269  5.30%   160 17482s
 4527676 1591492 6190.12031   33  187 6291.00000 5957.30223  5.30%   160 17486s
 4528810 1591871 6183.34099   52  178 6291.00000 5957.31159  5.30%   160 17491s
 4530016 1592249 6097.60770   45  144 6291.00000 5957.32335  5.30%   160 17495s
 4531214 1592535 6167.94985   42  131 6291.00000 5957.33192  5.30%   160 17500s
 4532343 1592885 6031.92842   41  167 6291.00000 5957.34193  5.30%   160 17505s
 4534775 1593608 5979.69654   39  194 6291.00000 5957.35960  5.30%   160 17514s
 4536050 1594013 6152.52880   50   85 6291.00000 5957.36729  5.30%   160 17519s
 4537409 1594393 6216.44963   46  159 6291.00000 5957.37520  5.30%   160 17523s
 4538680 1594714 infeasible   36      6291.00000 5957.38265  5.30%   160 17528s
 4539908 1595131 6113.40105   44  192 6291.00000 5957.38946  5.30%   160 17532s
 4541172 1595558 5958.23754   35  202 6291.00000 5957.39938  5.30%   160 17537s
 4542300 1595962 6064.07347   37  282 6291.00000 5957.40538  5.30%   160 17542s
 4543488 1596423     cutoff   53      6291.00000 5957.41451  5.30%   160 17547s
 4544820 1596880 infeasible   43      6291.00000 5957.42467  5.30%   160 17551s
 4546090 1597220     cutoff   42      6291.00000 5957.43411  5.30%   160 17556s
 4547305 1597694 infeasible   40      6291.00000 5957.44412  5.30%   160 17561s
 4548527 1598075 6187.65078   51  137 6291.00000 5957.45230  5.30%   160 17566s
 4549772 1598485 6199.65379   44  239 6291.00000 5957.46155  5.30%   160 17571s
 4551043 1598780 6186.63585   46  116 6291.00000 5957.46983  5.30%   160 17575s
 4552260 1599178 5995.97604   36  198 6291.00000 5957.47424  5.30%   160 17580s
 4553476 1599574 6027.05661   39  165 6291.00000 5957.48187  5.30%   160 17585s
 4554652 1600060     cutoff   48      6291.00000 5957.48966  5.30%   160 17590s
 4556016 1600418     cutoff   58      6291.00000 5957.49877  5.30%   160 17595s
 4558433 1601255 6062.09148   41  158 6291.00000 5957.51123  5.30%   160 17604s
 4559719 1601599 5963.99310   36  216 6291.00000 5957.52432  5.30%   160 17609s
 4560850 1601934 5979.96229   36  191 6291.00000 5957.52941  5.30%   160 17614s
 4562076 1602351 infeasible   32      6291.00000 5957.53642  5.30%   160 17618s
 4563305 1602709 6118.06667   47   97 6291.00000 5957.54387  5.30%   160 17623s
 4564523 1603086 6160.89465   37  101 6291.00000 5957.55461  5.30%   160 17628s
 4565904 1603343 6170.31994   38   99 6291.00000 5957.56302  5.30%   160 17632s
 4566953 1603757 5997.95204   50  179 6291.00000 5957.57220  5.30%   160 17637s
 4568230 1604016 6191.84507   49  125 6291.00000 5957.58305  5.30%   160 17642s
 4569400 1604326 infeasible   46      6291.00000 5957.59337  5.30%   160 17646s
 4570553 1604709     cutoff   53      6291.00000 5957.60051  5.30%   160 17651s
 4571699 1605179 6065.00000   37  116 6291.00000 5957.60680  5.30%   160 17656s
 4573168 1605445 6166.03982   39  146 6291.00000 5957.61595  5.30%   160 17661s
 4574219 1605816 6160.13820   35  195 6291.00000 5957.62191  5.30%   160 17667s
 4575455 1606281     cutoff   44      6291.00000 5957.62774  5.30%   160 17671s
 4576794 1606728 6004.66529   46  254 6291.00000 5957.63850  5.30%   160 17676s
 4578128 1607090 6042.01728   46  122 6291.00000 5957.64653  5.30%   160 17681s
 4579212 1607420 6170.53201   39  195 6291.00000 5957.65623  5.30%   160 17686s
 4580333 1607810 6147.39429   34  182 6291.00000 5957.65988  5.30%   160 17691s
 4581616 1608239 5989.51502   30  218 6291.00000 5957.66871  5.30%   160 17695s
 4582978 1608566 5993.17410   35  191 6291.00000 5957.67944  5.30%   160 17700s
 4584466 1608922 6067.00597   49  165 6291.00000 5957.68370  5.30%   160 17705s
 4586934 1609774 6086.02319   45  124 6291.00000 5957.70114  5.30%   160 17714s
 4588169 1610134 6098.77925   48  134 6291.00000 5957.71088  5.30%   160 17718s
 4589248 1610425 5976.80156   43  247 6291.00000 5957.71953  5.30%   160 17723s
 4590386 1610813 5985.09448   36  202 6291.00000 5957.72753  5.30%   160 17728s
 4591673 1611260 6063.79831   53  206 6291.00000 5957.73603  5.30%   160 17732s
 4593076 1611636     cutoff   46      6291.00000 5957.74000  5.30%   160 17737s
 4594230 1612067     cutoff   43      6291.00000 5957.74877  5.30%   160 17741s
 4595494 1612465 5963.08538   34  252 6291.00000 5957.75853  5.30%   160 17746s
 4596724 1612894 6100.29392   32  156 6291.00000 5957.76683  5.30%   160 17751s
 4597991 1613329 6167.31084   47  120 6291.00000 5957.77499  5.30%   160 17755s
 4599331 1613675 6079.14910   54  167 6291.00000 5957.78266  5.30%   160 17760s
 4600440 1614068 6163.47445   45  128 6291.00000 5957.79076  5.30%   160 17765s
 4602826 1614896 6178.78638   58  138 6291.00000 5957.81023  5.30%   160 17774s
 4604082 1615268 6186.35651   34  252 6291.00000 5957.81746  5.30%   160 17778s
 4605240 1615745 infeasible   43      6291.00000 5957.82532  5.30%   160 17783s
 4606561 1616081     cutoff   45      6291.00000 5957.83200  5.30%   160 17788s
 4607795 1616487 infeasible   46      6291.00000 5957.83962  5.30%   160 17793s
 4609076 1616866 5963.77677   51  235 6291.00000 5957.84799  5.30%   160 17798s
 4610271 1617224 6179.57660   41   85 6291.00000 5957.85627  5.30%   160 17802s
 4611624 1617646 6151.79234   35  202 6291.00000 5957.86276  5.30%   160 17807s
 4613061 1617942 6210.10782   45  105 6291.00000 5957.87190  5.30%   160 17811s
 4614198 1618268 6116.48299   41  246 6291.00000 5957.88037  5.30%   160 17816s
 4615451 1618603 6099.94581   44  170 6291.00000 5957.88826  5.30%   160 17821s
 4616669 1618901 6058.88078   34  121 6291.00000 5957.89946  5.29%   160 17825s
 4617929 1619263 6073.53571   45  103 6291.00000 5957.90564  5.29%   160 17830s
 4619190 1619617 6246.64000   42  103 6291.00000 5957.91420  5.29%   160 17835s
 4620304 1620075 infeasible   49      6291.00000 5957.92044  5.29%   160 17840s
 4622889 1620896 6142.22347   49  141 6291.00000 5957.93869  5.29%   160 17849s
 4624189 1621281 6166.05066   39   97 6291.00000 5957.94723  5.29%   160 17854s
 4625382 1621692 6194.52558   55  152 6291.00000 5957.95775  5.29%   160 17858s
 4626655 1622012 6062.45790   46  231 6291.00000 5957.96335  5.29%   160 17863s
 4627857 1622336 6155.85485   48  196 6291.00000 5957.97339  5.29%   160 17867s
 4629120 1622778 6048.26746   36  255 6291.00000 5957.98060  5.29%   160 17872s
 4630420 1623210 6177.85363   39  228 6291.00000 5957.99234  5.29%   160 17876s
 4631604 1623733 6195.50795   29  253 6291.00000 5958.00000  5.29%   160 17881s
 4632669 1624296 5965.78598   42  106 6291.00000 5958.00000  5.29%   160 17886s
 4633858 1624838 6183.95168   42  184 6291.00000 5958.00000  5.29%   160 17891s
 4635127 1625390 6060.81647   38  219 6291.00000 5958.00000  5.29%   160 17896s
 4636411 1625840     cutoff   46      6291.00000 5958.00000  5.29%   160 17901s
 4637669 1626170     cutoff   48      6291.00000 5958.00000  5.29%   160 17906s
 4638777 1626595 5964.62176   37  235 6291.00000 5958.00000  5.29%   160 17911s
 4639939 1626983 5962.40237   49  149 6291.00000 5958.00000  5.29%   160 17916s
 4641183 1627501     cutoff   45      6291.00000 5958.00000  5.29%   160 17921s
 4642538 1627962 infeasible   47      6291.00000 5958.00500  5.29%   160 17926s
 4644009 1628365 infeasible   28      6291.00000 5958.00924  5.29%   160 17931s
 4645077 1628999 5958.13008   30  200 6291.00000 5958.01346  5.29%   160 17936s
 4646517 1629478     cutoff   50      6291.00000 5958.01557  5.29%   160 17942s
 4647875 1630052 6173.12757   42  115 6291.00000 5958.02364  5.29%   160 17946s
 4649350 1630628 5958.03179   40  127 6291.00000 5958.02626  5.29%   160 17951s
 4650743 1630895 6066.86667   32  176 6291.00000 5958.03045  5.29%   160 17956s
 4651760 1631316     cutoff   58      6291.00000 5958.03368  5.29%   160 17962s
 4653164 1631745     cutoff   59      6291.00000 5958.04083  5.29%   160 17968s
 4654580 1632248 5983.13392   39  250 6291.00000 5958.04627  5.29%   160 17973s
 4655902 1632623 6166.09963   52   86 6291.00000 5958.05064  5.29%   160 17978s
 4657420 1633070 6247.49968   51  161 6291.00000 5958.05448  5.29%   160 17983s
 4658646 1633550 6124.00603   53  125 6291.00000 5958.05987  5.29%   160 17988s
 4659972 1633911     cutoff   42      6291.00000 5958.06488  5.29%   160 17993s
 4661093 1634316 5982.74161   51  144 6291.00000 5958.06957  5.29%   160 17999s
 4662263 1634707 5996.52452   43  180 6291.00000 5958.07784  5.29%   160 18003s
 4663485 1635085     cutoff   38      6291.00000 5958.08273  5.29%   160 18008s
 4664771 1635380 5998.89171   34  208 6291.00000 5958.08975  5.29%   160 18013s
 4666051 1635877 6001.43024   44  122 6291.00000 5958.09191  5.29%   160 18018s
 4667421 1636425 6053.32491   29  159 6291.00000 5958.10002  5.29%   160 18023s
 4668809 1636951 6076.84840   36  134 6291.00000 5958.10423  5.29%   160 18028s
 4670124 1637302 6265.08394   61  151 6291.00000 5958.11008  5.29%   160 18033s
 4671206 1637770 6136.19588   37  167 6291.00000 5958.11532  5.29%   160 18037s
 4672547 1638113 6063.96854   54  152 6291.00000 5958.12157  5.29%   160 18042s
 4673706 1638607 6084.74199   44  170 6291.00000 5958.12823  5.29%   160 18046s
 4675146 1639038 6184.58713   45  145 6291.00000 5958.13214  5.29%   160 18051s
 4676497 1639443 6167.11173   49   89 6291.00000 5958.13794  5.29%   160 18055s
 4677756 1639853 6124.08429   42  213 6291.00000 5958.14352  5.29%   160 18060s
 4679112 1640293 5967.06405   34  210 6291.00000 5958.14738  5.29%   160 18065s
 4681525 1641136 5966.16081   33  259 6291.00000 5958.15966  5.29%   160 18074s
 4682762 1641582 6087.40794   46  197 6291.00000 5958.16564  5.29%   160 18078s
 4683984 1642109 infeasible   35      6291.00000 5958.16955  5.29%   160 18083s
 4685303 1642483 6180.42268   48  167 6291.00000 5958.17128  5.29%   160 18087s
 4686496 1642926     cutoff   46      6291.00000 5958.17939  5.29%   160 18092s
 4687750 1643331 6006.87454   41  225 6291.00000 5958.18633  5.29%   160 18096s
 4688998 1643587 infeasible   35      6291.00000 5958.19316  5.29%   160 18102s
 4689675 1644144 6076.56958   36  202 6291.00000 5958.19565  5.29%   160 18107s
 4691212 1644564 6058.67533   45  152 6291.00000 5958.20109  5.29%   160 18112s
 4692689 1644902 6094.70437   64  153 6291.00000 5958.20671  5.29%   160 18116s
 4693988 1645361 5964.39883   29  292 6291.00000 5958.21348  5.29%   160 18121s
 4695269 1645767 6068.13633   42  198 6291.00000 5958.21903  5.29%   160 18126s
 4696511 1646203 6073.39143   43  153 6291.00000 5958.22481  5.29%   160 18131s
 4697799 1646647 6216.13389   61   80 6291.00000 5958.22965  5.29%   160 18135s
 4698968 1647022 6071.03294   51  149 6291.00000 5958.23513  5.29%   160 18140s
 4700203 1647539 infeasible   55      6291.00000 5958.24124  5.29%   160 18145s
 4701539 1647989 6072.22610   37  113 6291.00000 5958.24632  5.29%   160 18150s
 4704022 1648768 6041.18036   36  127 6291.00000 5958.26077  5.29%   160 18159s
 4705317 1649201 6059.15038   33  131 6291.00000 5958.26662  5.29%   160 18164s
 4706659 1649633 5997.07723   45  154 6291.00000 5958.27209  5.29%   160 18168s
 4707825 1650021 6067.40524   31  113 6291.00000 5958.27796  5.29%   160 18173s
 4708965 1650410 6204.98018   48  137 6291.00000 5958.28043  5.29%   160 18177s
 4710224 1650775 6077.66969   39  229 6291.00000 5958.28572  5.29%   160 18182s
 4711441 1651275 6167.12196   33  118 6291.00000 5958.29227  5.29%   160 18187s
 4712854 1651637 6059.41100   29  170 6291.00000 5958.29910  5.29%   160 18192s
 4714195 1652013 6192.04512   49  170 6291.00000 5958.30550  5.29%   160 18196s
 4715466 1652424 5967.83245   44  275 6291.00000 5958.30923  5.29%   160 18201s
 4716722 1652693 5997.54610   40  177 6291.00000 5958.31589  5.29%   160 18205s
 4717904 1653133 6166.76755   46  118 6291.00000 5958.32141  5.29%   160 18210s
 4719211 1653527 6099.55360   33  291 6291.00000 5958.32784  5.29%   160 18215s
 4720497 1653968 6120.07821   36  175 6291.00000 5958.33333  5.29%   160 18220s
 4721703 1654435 infeasible   54      6291.00000 5958.33865  5.29%   160 18225s
 4724096 1655305 6173.27381   48  122 6291.00000 5958.34749  5.29%   160 18234s
 4725374 1655772 6062.05103   25  121 6291.00000 5958.35185  5.29%   160 18239s
 4726576 1656197 6177.44635   38  280 6291.00000 5958.35846  5.29%   160 18243s
 4727840 1656622 6052.89336   49  147 6291.00000 5958.36469  5.29%   160 18248s
 4729087 1657023 6057.46341   41  120 6291.00000 5958.37104  5.29%   160 18253s
 4730319 1657387 6208.50845   49  110 6291.00000 5958.37750  5.29%   160 18257s
 4731559 1657793 6250.98439   42  158 6291.00000 5958.38295  5.29%   160 18262s
 4732809 1658151 6063.52233   47  165 6291.00000 5958.38933  5.29%   160 18266s
 4733990 1658520 6170.47840   46  106 6291.00000 5958.39605  5.29%   160 18271s
 4735220 1658907 6228.53870   49  212 6291.00000 5958.40252  5.29%   160 18276s
 4736638 1659293 6099.12969   62  155 6291.00000 5958.40669  5.29%   160 18281s
 4737944 1659673 6067.23246   46  114 6291.00000 5958.41178  5.29%   160 18285s
 4739181 1660078 6061.66875   41  109 6291.00000 5958.41762  5.29%   160 18290s
 4740343 1660508 6104.12552   38  168 6291.00000 5958.42337  5.29%   160 18295s
 4741659 1660953     cutoff   46      6291.00000 5958.42964  5.29%   160 18300s
 4743014 1661404 6207.85710   39  187 6291.00000 5958.43310  5.29%   160 18305s
 4745530 1662139     cutoff   44      6291.00000 5958.44545  5.29%   160 18314s
 4746715 1662437 6151.01961   47  181 6291.00000 5958.45112  5.29%   160 18318s
 4747708 1662781     cutoff   40      6291.00000 5958.45601  5.29%   160 18323s
 4748816 1663173     cutoff   55      6291.00000 5958.46164  5.29%   160 18328s
 4750060 1663574 6258.82453   42  198 6291.00000 5958.46801  5.29%   160 18333s
 4751539 1664005 6167.27078   42  142 6291.00000 5958.47392  5.29%   160 18338s
 4752835 1664305 6065.81932   41  198 6291.00000 5958.47729  5.29%   160 18342s
 4754181 1664721     cutoff   43      6291.00000 5958.48235  5.29%   160 18347s
 4755511 1665128 6073.93644   52  161 6291.00000 5958.48811  5.29%   160 18351s
 4756632 1665514 infeasible   43      6291.00000 5958.49350  5.29%   160 18356s
 4758077 1665812 6024.10279   50  190 6291.00000 5958.49784  5.29%   160 18361s
 4759257 1666230 6170.58343   31  128 6291.00000 5958.50305  5.29%   160 18366s
 4760428 1666552 6059.39647   47  124 6291.00000 5958.50700  5.29%   160 18370s
 4761647 1666902 6210.79047   53  163 6291.00000 5958.51261  5.29%   160 18375s
 4762853 1667267 6230.74267   45  195 6291.00000 5958.51825  5.29%   160 18380s
 4764128 1667626 6093.18865   45  202 6291.00000 5958.52414  5.28%   160 18385s
 4765470 1668016 6151.90757   54  176 6291.00000 5958.53249  5.28%   160 18390s
 4766641 1668493 5961.17582   36  228 6291.00000 5958.53631  5.28%   160 18395s
 4769258 1669169 6068.07208   34  122 6291.00000 5958.54712  5.28%   160 18404s
 4770525 1669574 6164.55489   46  102 6291.00000 5958.55293  5.28%   160 18408s
 4771867 1669950 5965.90906   34  196 6291.00000 5958.55879  5.28%   160 18413s
 4772953 1670355 6177.17820   46  234 6291.00000 5958.56253  5.28%   160 18418s
 4774291 1670773 5995.03425   38  270 6291.00000 5958.56772  5.28%   160 18423s
 4775675 1671187 6063.40606   49  134 6291.00000 5958.57276  5.28%   160 18428s
 4776844 1671690 6059.31549   36  289 6291.00000 5958.57871  5.28%   160 18432s
 4778156 1672095 6202.70397   64  152 6291.00000 5958.58283  5.28%   160 18437s
 4779336 1672580 6096.00190   54  128 6291.00000 5958.59089  5.28%   160 18441s
 4780669 1672971 6155.20049   46  216 6291.00000 5958.59824  5.28%   160 18446s
 4781957 1673373 6076.08082   37  204 6291.00000 5958.60281  5.28%   160 18450s
 4784311 1674171 6072.78188   40  205 6291.00000 5958.61700  5.28%   160 18459s
 4785475 1674586 5996.71349   39  248 6291.00000 5958.62242  5.28%   160 18464s
 4786576 1674982 6099.90138   60  123 6291.00000 5958.62658  5.28%   160 18468s
 4787800 1675478     cutoff   31      6291.00000 5958.63402  5.28%   160 18473s
 4789194 1675804 5958.82136   35  212 6291.00000 5958.63911  5.28%   160 18478s
 4790432 1676146 6096.22239   46  194 6291.00000 5958.64688  5.28%   160 18482s
 4791594 1676542 5979.14820   41  159 6291.00000 5958.64889  5.28%   160 18487s
 4792861 1676877 6063.16151   30  119 6291.00000 5958.65647  5.28%   160 18492s
 4794120 1677309     cutoff   32      6291.00000 5958.66401  5.28%   160 18496s
 4795365 1677664     cutoff   31      6291.00000 5958.67163  5.28%   160 18500s
 4796723 1677877 6167.26748   50  167 6291.00000 5958.67629  5.28%   160 18506s
 4797513 1678218 6114.42193   36  143 6291.00000 5958.67783  5.28%   160 18511s
 4798520 1678640 6146.05722   50  154 6291.00000 5958.67996  5.28%   160 18517s
 4800026 1679032 6247.01062   50  168 6291.00000 5958.69369  5.28%   160 18522s
 4801548 1679407 6080.44424   34  189 6291.00000 5958.70126  5.28%   160 18526s
 4802675 1679784 5999.12871   42  188 6291.00000 5958.70565  5.28%   160 18532s
 4803924 1680278 6232.66665   40  177 6291.00000 5958.71369  5.28%   160 18537s
 4805335 1680738 6076.85689   42  161 6291.00000 5958.72020  5.28%   160 18542s
 4806803 1681101 6203.92530   36  229 6291.00000 5958.72567  5.28%   160 18547s
 4808035 1681579 5974.97688   42  233 6291.00000 5958.73291  5.28%   160 18551s
 4809444 1681861 6044.37500   46  136 6291.00000 5958.73880  5.28%   160 18556s
 4810540 1682270 6177.35354   50  156 6291.00000 5958.74248  5.28%   160 18561s
 4811794 1682654 6174.40626   38  137 6291.00000 5958.75000  5.28%   160 18566s
 4813019 1683045 infeasible   40      6291.00000 5958.75549  5.28%   160 18571s
 4814421 1683455 infeasible   60      6291.00000 5958.76242  5.28%   160 18575s
 4815679 1683778 6074.87356   34  214 6291.00000 5958.76702  5.28%   160 18580s
 4816761 1684228 6013.19106   48  202 6291.00000 5958.77163  5.28%   160 18586s
 4818167 1684614 6129.47529   43  161 6291.00000 5958.77593  5.28%   160 18591s
 4819543 1685114 5969.30437   38  237 6291.00000 5958.78276  5.28%   160 18595s
 4820851 1685612 6180.70920   40  217 6291.00000 5958.78872  5.28%   160 18600s
 4822240 1686029 6103.46938   35  197 6291.00000 5958.79379  5.28%   160 18605s
 4823444 1686371 infeasible   49      6291.00000 5958.79739  5.28%   160 18610s
 4824621 1686753 6063.47212   44  125 6291.00000 5958.80315  5.28%   160 18615s
 4827248 1687575 6052.66215   50  153 6291.00000 5958.81527  5.28%   160 18624s
 4828501 1687944 5981.11286   38  253 6291.00000 5958.82203  5.28%   160 18629s
 4829750 1688361     cutoff   49      6291.00000 5958.82466  5.28%   160 18633s
 4831047 1688813 5965.73903   38  185 6291.00000 5958.83070  5.28%   160 18638s
 4832444 1689228 6176.26159   41   97 6291.00000 5958.83536  5.28%   160 18642s
 4833647 1689706 6163.06396   47   91 6291.00000 5958.84056  5.28%   160 18647s
 4834978 1689922 6094.16254   36  179 6291.00000 5958.84551  5.28%   160 18652s
 4835537 1690329 6205.53326   43  166 6291.00000 5958.84563  5.28%   160 18658s
 4836911 1690784 infeasible   32      6291.00000 5958.85145  5.28%   160 18663s
 4838366 1691220 5988.10247   54  198 6291.00000 5958.86145  5.28%   160 18668s
 4839849 1691702     cutoff   44      6291.00000 5958.86774  5.28%   160 18673s
 4841236 1692135     cutoff   47      6291.00000 5958.87287  5.28%   160 18678s
 4842572 1692601 6163.11804   46   99 6291.00000 5958.87917  5.28%   160 18683s
 4843758 1693017 6176.28274   49  152 6291.00000 5958.88349  5.28%   160 18688s
 4845078 1693460 6066.25359   48  103 6291.00000 5958.89038  5.28%   160 18693s
 4846378 1693828 6181.74250   52  115 6291.00000 5958.89610  5.28%   160 18698s
 4847545 1694316 6072.54237   36  210 6291.00000 5958.90016  5.28%   160 18702s
 4848937 1694712 infeasible   52      6291.00000 5958.90773  5.28%   160 18707s
 4850126 1695167     cutoff   49      6291.00000 5958.91462  5.28%   160 18712s
 4851453 1695687 infeasible   38      6291.00000 5958.92010  5.28%   160 18717s
 4852846 1696112 6062.68435   50  115 6291.00000 5958.92857  5.28%   160 18721s
 4854047 1696537     cutoff   44      6291.00000 5958.93221  5.28%   160 18725s
 4855274 1696824 5988.80208   32  264 6291.00000 5958.94012  5.28%   160 18730s
 4857701 1697596 6235.66081   54  150 6291.00000 5958.94867  5.28%   160 18739s
 4858898 1697963     cutoff   32      6291.00000 5958.95540  5.28%   160 18743s
 4860078 1698402     cutoff   45      6291.00000 5958.96228  5.28%   160 18748s
 4861320 1698805 6160.40246   31   88 6291.00000 5958.96722  5.28%   160 18752s
 4862464 1699162     cutoff   42      6291.00000 5958.97393  5.28%   160 18757s
 4863779 1699594 infeasible   40      6291.00000 5958.97994  5.28%   160 18761s
 4865027 1700076 5959.42311   38  189 6291.00000 5958.98600  5.28%   160 18765s
 4866313 1700407 6068.38714   40  132 6291.00000 5958.99171  5.28%   160 18770s
 4868721 1701192 6164.15852   47  105 6291.00000 5959.00000  5.28%   160 18779s
 4869996 1701560 6213.10419   48  226 6291.00000 5959.00483  5.28%   160 18784s
 4871188 1702047 5959.55826   39  158 6291.00000 5959.01138  5.28%   160 18789s
 4872622 1702470 6074.01213   41  175 6291.00000 5959.01593  5.28%   160 18793s
 4873880 1702941 6065.00000   50  136 6291.00000 5959.02159  5.28%   160 18798s
 4875166 1703315     cutoff   47      6291.00000 5959.02711  5.28%   160 18803s
 4876381 1703659 6051.13581   35   98 6291.00000 5959.03246  5.28%   160 18807s
 4877545 1704179 5972.57783   33  286 6291.00000 5959.03880  5.28%   160 18812s
 4878937 1704581 6176.22953   40  176 6291.00000 5959.04405  5.28%   160 18817s
 4880215 1704981 6216.76406   44  187 6291.00000 5959.05016  5.28%   160 18821s
 4881400 1705421 infeasible   48      6291.00000 5959.05457  5.28%   160 18826s
 4882777 1705888 6142.41480   37  198 6291.00000 5959.05793  5.28%   160 18830s
 4884153 1706293     cutoff   40      6291.00000 5959.06291  5.28%   160 18835s
 4885149 1706744 6062.45388   50   97 6291.00000 5959.06648  5.28%   160 18840s
 4887716 1707516 6225.99600   41  122 6291.00000 5959.07645  5.28%   160 18849s
 4889001 1707993 6275.49278   47  111 6291.00000 5959.08379  5.28%   160 18853s
 4890285 1708296 infeasible   62      6291.00000 5959.08936  5.28%   160 18858s
 4891468 1708803 6052.66330   41  175 6291.00000 5959.09491  5.28%   160 18862s
 4892759 1709131 6066.14312   27  205 6291.00000 5959.10087  5.28%   160 18867s
 4893830 1709524 6263.36382   32  188 6291.00000 5959.10456  5.28%   160 18872s
 4895106 1709918     cutoff   35      6291.00000 5959.11024  5.28%   160 18877s
 4896394 1710249 6084.96001   45  198 6291.00000 5959.11502  5.28%   160 18881s
 4897695 1710655     cutoff   51      6291.00000 5959.12192  5.28%   160 18886s
 4898913 1710929 6271.22882   55   94 6291.00000 5959.12754  5.28%   160 18891s
 4899837 1711364 6176.39083   32  144 6291.00000 5959.12883  5.28%   160 18895s
 4901146 1711786 infeasible   45      6291.00000 5959.13522  5.28%   160 18900s
 4902382 1712274 6167.71865   40  153 6291.00000 5959.14329  5.28%   160 18905s
 4903725 1712717 infeasible   65      6291.00000 5959.14991  5.27%   160 18910s
 4905042 1713127 6177.13369   38  197 6291.00000 5959.15512  5.27%   160 18915s
 4907688 1713987 6129.30909   42  197 6291.00000 5959.16813  5.27%   160 18924s
 4909090 1714263 6184.84168   44   69 6291.00000 5959.17311  5.27%   160 18929s
 4910223 1714274 6008.39048   42  137 6291.00000 5959.17998  5.27%   160 18934s
 4910236 1714276 6023.81478   43  149 6291.00000 5959.17998  5.27%   160 18941s
 4910258 1714286 6052.28666   44  130 6291.00000 5959.18001  5.27%   160 18946s
 4910272 1714295 6101.88801   44  126 6291.00000 5959.18001  5.27%   160 18953s
 4910287 1714299 6111.95312   45  138 6291.00000 5959.18001  5.27%   160 18958s
 4910306 1714434 6108.48031   45  128 6291.00000 5959.18001  5.27%   160 18963s
 4910728 1714889 6232.33389   48  146 6291.00000 5959.18070  5.27%   160 18968s
 4912349 1715319 infeasible   38      6291.00000 5959.18845  5.27%   160 18973s
 4913877 1715739     cutoff   44      6291.00000 5959.19279  5.27%   160 18978s
 4915299 1716120 5996.34977   42  159 6291.00000 5959.20004  5.27%   160 18983s
 4916675 1716499     cutoff   64      6291.00000 5959.20935  5.27%   160 18989s
 4917902 1716943 6064.97417   37  179 6291.00000 5959.21428  5.27%   160 18993s
 4919238 1717401 5959.37170   37  205 6291.00000 5959.22155  5.27%   160 18998s
 4920599 1717898 infeasible   49      6291.00000 5959.22931  5.27%   160 19003s
 4922125 1718307 6015.45953   65  155 6291.00000 5959.23091  5.27%   160 19007s
 4923353 1718550 6077.94160   46  120 6291.00000 5959.23743  5.27%   160 19013s
 4924024 1718854 6101.49057   47  133 6291.00000 5959.23859  5.27%   160 19018s
 4925223 1719421     cutoff   42      6291.00000 5959.24146  5.27%   160 19023s
 4926633 1719741 infeasible   47      6291.00000 5959.25059  5.27%   160 19027s
 4927729 1720118 6077.39580   45  183 6291.00000 5959.25752  5.27%   160 19032s
 4928909 1720537 6081.45209   42  170 6291.00000 5959.26313  5.27%   160 19036s
 4930138 1720911 infeasible   40      6291.00000 5959.26621  5.27%   160 19041s
 4931436 1721325 5992.53697   39  285 6291.00000 5959.27291  5.27%   160 19045s
 4932778 1721782 infeasible   46      6291.00000 5959.27677  5.27%   160 19050s
 4935236 1722619     cutoff   41      6291.00000 5959.28747  5.27%   160 19059s
 4936611 1723041 6067.12304   48  167 6291.00000 5959.29336  5.27%   160 19063s
 4937824 1723511 5960.08162   51  123 6291.00000 5959.29878  5.27%   160 19068s
 4939124 1723867 6051.24487   43  213 6291.00000 5959.30203  5.27%   160 19072s
 4940206 1724265 6096.44030   33  219 6291.00000 5959.30821  5.27%   160 19077s
 4941568 1724717 6263.99676   48  135 6291.00000 5959.31302  5.27%   160 19081s
 4942839 1725235 6004.71605   42  143 6291.00000 5959.31864  5.27%   160 19086s
 4944171 1725677     cutoff   55      6291.00000 5959.32487  5.27%   160 19091s
 4945558 1726056 6275.73661   48  118 6291.00000 5959.33015  5.27%   160 19095s
 4946664 1726444 6079.72663   37   93 6291.00000 5959.33647  5.27%   160 19100s
 4949089 1727188 6163.39243   44  195 6291.00000 5959.34555  5.27%   160 19109s
 4950298 1727668 5995.82605   44  235 6291.00000 5959.34856  5.27%   160 19114s
 4951602 1728024 6065.40966   41  188 6291.00000 5959.35769  5.27%   160 19118s
 4952848 1728539 6105.79224   50  151 6291.00000 5959.36273  5.27%   160 19123s
 4954210 1728955 6065.34491   31  138 6291.00000 5959.36957  5.27%   160 19128s
 4955516 1729326 6058.60149   46  153 6291.00000 5959.37640  5.27%   160 19132s
 4956795 1729658     cutoff   35      6291.00000 5959.38345  5.27%   160 19137s
 4958026 1729953 5959.64162   52  199 6291.00000 5959.38888  5.27%   160 19141s
 4959175 1730387 6067.07839   38  171 6291.00000 5959.39552  5.27%   160 19146s
 4960489 1730751 6165.01122   53  155 6291.00000 5959.40185  5.27%   160 19150s
 4961697 1731206 6045.95352   35  170 6291.00000 5959.40886  5.27%   160 19155s
 4964364 1731923 6063.60527   45   85 6291.00000 5959.42000  5.27%   160 19164s
 4965544 1732421 6020.24403   39  183 6291.00000 5959.42641  5.27%   160 19168s
 4966986 1732762 6166.10925   32  161 6291.00000 5959.43008  5.27%   159 19173s
 4968187 1733047     cutoff   37      6291.00000 5959.43446  5.27%   159 19177s
 4969303 1733420     cutoff   46      6291.00000 5959.44093  5.27%   159 19182s
 4970578 1733791 6092.79760   53  170 6291.00000 5959.44595  5.27%   159 19186s
 4971735 1734179 6065.72473   41  184 6291.00000 5959.45235  5.27%   159 19191s
 4972989 1734613 6077.10708   48  201 6291.00000 5959.45641  5.27%   159 19195s
 4974268 1734989 5982.62133   47  211 6291.00000 5959.46177  5.27%   159 19200s
 4975239 1735546 infeasible   47      6291.00000 5959.46335  5.27%   159 19205s
 4977952 1736381 6068.09291   40  118 6291.00000 5959.47414  5.27%   159 19214s
 4979129 1736819 5964.43691   46  202 6291.00000 5959.47941  5.27%   159 19218s
 4980503 1737249 6068.85460   35  236 6291.00000 5959.48473  5.27%   159 19222s
 4981762 1737685     cutoff   59      6291.00000 5959.49136  5.27%   159 19227s
 4983056 1738030 5976.32789   48  218 6291.00000 5959.49603  5.27%   159 19232s
 4984212 1738397 infeasible   37      6291.00000 5959.50000  5.27%   159 19236s
 4985520 1738774 6273.55753   36  135 6291.00000 5959.50626  5.27%   159 19241s
 4986805 1739208 infeasible   43      6291.00000 5959.51213  5.27%   159 19245s
 4988107 1739587 5961.42519   43  204 6291.00000 5959.51937  5.27%   159 19250s
 4989429 1739961 6150.39601   49  228 6291.00000 5959.52474  5.27%   159 19255s
 4991889 1740679 6155.79131   49  176 6291.00000 5959.53670  5.27%   159 19264s
 4993074 1741109 5997.69895   41  216 6291.00000 5959.54217  5.27%   159 19268s
 4994361 1741539     cutoff   44      6291.00000 5959.54743  5.27%   159 19273s
 4995750 1741888 6150.75656   55  133 6291.00000 5959.55249  5.27%   159 19277s
 4996934 1742152 6073.96276   39   63 6291.00000 5959.55704  5.27%   159 19282s
 4998083 1742569 6225.07626   46  135 6291.00000 5959.56054  5.27%   159 19287s
 4999355 1743058 6001.44933   45  166 6291.00000 5959.56815  5.27%   159 19292s
 5000661 1743566 6268.12491   45  204 6291.00000 5959.57292  5.27%   159 19297s
 5002051 1743927 5965.93849   38  224 6291.00000 5959.58012  5.27%   159 19301s
 5003157 1744293 6072.27945   40  240 6291.00000 5959.58457  5.27%   159 19306s
 5004474 1744705 6092.35332   43  216 6291.00000 5959.58947  5.27%   159 19310s
 5006992 1745415 6218.29161   36  160 6291.00000 5959.60016  5.27%   159 19319s
 5008244 1745765 infeasible   38      6291.00000 5959.60495  5.27%   159 19324s
 5009425 1746150     cutoff   46      6291.00000 5959.61018  5.27%   159 19328s
 5010804 1746539 6062.74373   48  154 6291.00000 5959.61500  5.27%   159 19332s
 5012003 1746905 6101.36969   45  131 6291.00000 5959.61964  5.27%   159 19337s
 5013091 1747395 6020.53213   41  156 6291.00000 5959.62285  5.27%   159 19341s
 5014425 1747850 5963.29141   30  268 6291.00000 5959.62977  5.27%   159 19346s
 5015615 1748293     cutoff   57      6291.00000 5959.63482  5.27%   159 19350s
 5016910 1748713 6064.02113   38  196 6291.00000 5959.63669  5.27%   159 19355s
 5019678 1749489     cutoff   57      6291.00000 5959.64867  5.27%   159 19364s
 5021067 1749882 6065.41841   52  124 6291.00000 5959.65539  5.27%   159 19368s
 5022197 1750223 6049.28681   36  257 6291.00000 5959.66227  5.27%   159 19372s
 5023410 1750585 6173.70950   35  107 6291.00000 5959.67092  5.27%   159 19377s
 5024787 1750881 6082.71991   44  227 6291.00000 5959.67557  5.27%   159 19381s
 5025835 1751309 6062.65950   37  140 6291.00000 5959.67953  5.27%   159 19386s
 5027024 1751715 6191.37665   43  127 6291.00000 5959.68604  5.27%   159 19390s
 5029563 1752508 6048.78852   37  219 6291.00000 5959.69474  5.27%   159 19399s
 5030891 1752874 6206.33333   50  146 6291.00000 5959.69882  5.27%   159 19403s
 5032074 1753164 6052.92404   42  130 6291.00000 5959.70314  5.27%   159 19407s
 5033298 1753568 6159.95243   45   93 6291.00000 5959.70845  5.27%   159 19412s
 5034543 1753894 6163.15252   48   93 6291.00000 5959.71247  5.27%   159 19417s
 5035437 1754234 5983.23015   31  152 6291.00000 5959.71408  5.27%   159 19422s
 5036606 1754640 6075.52518   41  152 6291.00000 5959.71702  5.27%   159 19426s
 5037886 1755060 6259.40742   54  195 6291.00000 5959.72286  5.27%   159 19431s
 5039295 1755522 5984.01353   39  129 6291.00000 5959.73082  5.27%   159 19435s
 5040596 1755893     cutoff   47      6291.00000 5959.73599  5.27%   159 19440s
 5042970 1756755 6069.38324   39  266 6291.00000 5959.74695  5.27%   159 19448s
 5044137 1757186 6071.68709   34  185 6291.00000 5959.75323  5.27%   159 19453s
 5045326 1757649 6177.51678   37  179 6291.00000 5959.75846  5.27%   159 19457s
 5046636 1758052     cutoff   40      6291.00000 5959.76255  5.27%   159 19461s
 5047829 1758450 6176.00000   45  132 6291.00000 5959.76826  5.27%   159 19465s
 5048999 1758742     cutoff   48      6291.00000 5959.77282  5.27%   159 19470s
 5051402 1759585     cutoff   58      6291.00000 5959.78474  5.26%   159 19479s
 5052663 1759972 infeasible   42      6291.00000 5959.79175  5.26%   159 19483s
 5053883 1760255 infeasible   45      6291.00000 5959.79714  5.26%   159 19488s
 5054918 1760637 6265.02776   51  187 6291.00000 5959.80208  5.26%   159 19492s
 5056206 1761135     cutoff   47      6291.00000 5959.80866  5.26%   159 19497s
 5057583 1761520 infeasible   40      6291.00000 5959.81320  5.26%   159 19502s
 5058752 1761961 infeasible   44      6291.00000 5959.82124  5.26%   159 19506s
 5059994 1762364     cutoff   48      6291.00000 5959.82423  5.26%   159 19510s
 5062532 1763209 6021.89087   36  189 6291.00000 5959.83863  5.26%   159 19519s
 5063768 1763650 5968.17577   27  183 6291.00000 5959.84413  5.26%   159 19523s
 5064910 1764049 6161.10978   43  102 6291.00000 5959.84868  5.26%   159 19527s
 5066152 1764479 6264.73001   46   89 6291.00000 5959.85333  5.26%   159 19532s
 5067409 1764836 6050.41628   42  158 6291.00000 5959.85889  5.26%   159 19536s
 5068590 1765214 6164.26691   43  148 6291.00000 5959.86456  5.26%   159 19540s
 5071097 1766053     cutoff   46      6291.00000 5959.87472  5.26%   159 19549s
 5072314 1766432 6056.52905   36  212 6291.00000 5959.88110  5.26%   159 19553s
 5073564 1766829 6089.80132   43  160 6291.00000 5959.88495  5.26%   159 19558s
 5074867 1767118     cutoff   50      6291.00000 5959.89203  5.26%   159 19562s
 5076156 1767505 6174.82635   48  123 6291.00000 5959.89968  5.26%   159 19567s
 5077426 1767791     cutoff   46      6291.00000 5959.90548  5.26%   159 19571s
 5078571 1768163     cutoff   55      6291.00000 5959.91147  5.26%   159 19576s
 5079915 1768605 6169.02590   46  138 6291.00000 5959.91632  5.26%   159 19580s
 5081264 1768898 infeasible   28      6291.00000 5959.92284  5.26%   159 19585s
 5083879 1769725 6211.50937   44  223 6291.00000 5959.93270  5.26%   159 19593s
 5084999 1770150 5960.96611   40  212 6291.00000 5959.93846  5.26%   159 19598s
 5086223 1770613 6222.91846   44  216 6291.00000 5959.94599  5.26%   159 19602s
 5087535 1771094     cutoff   39      6291.00000 5959.95200  5.26%   159 19606s
 5088917 1771553 6105.95211   40  147 6291.00000 5959.95818  5.26%   159 19611s
 5090239 1771903 6174.55556   51  111 6291.00000 5959.96190  5.26%   159 19615s
 5091425 1772373     cutoff   58      6291.00000 5959.96886  5.26%   159 19620s
 5094185 1773137 infeasible   32      6291.00000 5959.97904  5.26%   159 19628s
 5095381 1773617     cutoff   35      6291.00000 5959.98300  5.26%   159 19633s
 5096764 1773993 6277.97262   38  106 6291.00000 5959.98818  5.26%   159 19637s
 5097941 1774296 5963.59896   35  271 6291.00000 5959.99630  5.26%   159 19642s
 5098986 1774635 6081.78481   41  173 6291.00000 5960.00000  5.26%   159 19646s
 5100006 1774976 6223.10988   44  139 6291.00000 5960.00000  5.26%   159 19651s
 5101378 1775435     cutoff   34      6291.00000 5960.00604  5.26%   159 19655s
 5104064 1776198 6255.78842   42  111 6291.00000 5960.01818  5.26%   159 19664s
 5105155 1776532 6059.13857   46  195 6291.00000 5960.02095  5.26%   159 19668s
 5106307 1777024     cutoff   44      6291.00000 5960.02756  5.26%   159 19673s
 5107592 1777409 6177.10796   42   64 6291.00000 5960.03479  5.26%   159 19678s
 5108722 1777863     cutoff   33      6291.00000 5960.03856  5.26%   159 19682s
 5110107 1778166 infeasible   43      6291.00000 5960.04433  5.26%   159 19687s
 5111318 1778601 6135.75694   59  140 6291.00000 5960.04941  5.26%   159 19691s
 5112666 1779062 5960.63234   33  295 6291.00000 5960.05470  5.26%   159 19695s
 5113993 1779502 infeasible   36      6291.00000 5960.06024  5.26%   159 19700s
 5116518 1780225 6064.12513   48  196 6291.00000 5960.07035  5.26%   159 19708s
 5117368 1780639 6179.00000   41  103 6291.00000 5960.07376  5.26%   159 19713s
 5118605 1780944 6136.78680   33  184 6291.00000 5960.08507  5.26%   159 19717s
 5119767 1781319     cutoff   40      6291.00000 5960.09091  5.26%   159 19722s
 5121065 1781667 6100.47116   56   87 6291.00000 5960.09783  5.26%   159 19726s
 5122368 1781985 6049.76892   35  131 6291.00000 5960.10376  5.26%   159 19731s
 5123186 1782336 6170.79105   38   96 6291.00000 5960.10636  5.26%   159 19735s
 5124312 1782799 6009.14220   45  209 6291.00000 5960.11421  5.26%   159 19740s
 5125673 1783211 6124.52896   35  174 6291.00000 5960.11844  5.26%   159 19745s
 5128375 1784070 5978.08624   34  147 6291.00000 5960.13175  5.26%   159 19754s
 5129656 1784479 6063.80139   53  134 6291.00000 5960.13655  5.26%   159 19759s
 5130933 1784821 6111.51409   37  100 6291.00000 5960.14283  5.26%   159 19763s
 5132277 1785241 5965.41085   43  213 6291.00000 5960.14909  5.26%   159 19767s
 5133528 1785586 infeasible   38      6291.00000 5960.15516  5.26%   159 19772s
 5134624 1785919 6127.29992   52  153 6291.00000 5960.16204  5.26%   159 19776s
 5136035 1786313 infeasible   53      6291.00000 5960.16888  5.26%   159 19781s
 5137258 1786668 6172.00741   28  198 6291.00000 5960.17483  5.26%   159 19785s
 5138461 1787025 5961.32628   51  166 6291.00000 5960.17973  5.26%   159 19790s
 5140729 1787664 6015.12012   61  163 6291.00000 5960.19105  5.26%   159 19799s
 5141890 1788099 5976.80152   31  267 6291.00000 5960.19825  5.26%   159 19803s
 5143190 1788470 6001.19192   47  269 6291.00000 5960.20521  5.26%   159 19808s
 5144405 1788851 6064.07697   48  107 6291.00000 5960.21104  5.26%   159 19812s
 5145704 1789240 6183.51469   43  241 6291.00000 5960.21712  5.26%   159 19817s
 5146921 1789580 6166.00000   38   90 6291.00000 5960.22479  5.26%   159 19821s
 5148040 1790000 6083.83311   60  145 6291.00000 5960.22938  5.26%   159 19826s
 5149505 1790303 5962.11472   42  266 6291.00000 5960.23406  5.26%   159 19830s
 5150601 1790634 6226.90614   60  187 6291.00000 5960.24087  5.26%   159 19835s
 5153005 1791453 6280.02202   52   86 6291.00000 5960.25253  5.26%   159 19843s
 5154191 1791818 6087.58208   52  293 6291.00000 5960.25844  5.26%   159 19848s
 5155384 1792216 6154.87683   52  221 6291.00000 5960.26307  5.26%   159 19852s
 5156609 1792591 infeasible   41      6291.00000 5960.26822  5.26%   159 19857s
 5157787 1793091 5970.60056   42  171 6291.00000 5960.27211  5.26%   159 19862s
 5159153 1793370 6073.57570   43  151 6291.00000 5960.27956  5.26%   159 19867s
 5159984 1793716 6095.93429   34  125 6291.00000 5960.28089  5.26%   159 19871s
 5161177 1794163     cutoff   54      6291.00000 5960.28825  5.26%   159 19876s
 5162507 1794571 infeasible   49      6291.00000 5960.29607  5.26%   159 19881s
 5163906 1794869     cutoff   38      6291.00000 5960.30123  5.26%   159 19885s
 5165093 1795362 6217.91097   36  168 6291.00000 5960.30275  5.26%   159 19890s
 5166547 1795739 5970.08919   49  216 6291.00000 5960.31320  5.26%   159 19895s
 5169150 1796511 6042.35303   46  156 6291.00000 5960.32592  5.26%   159 19904s
 5170357 1796792 6164.72464   44  130 6291.00000 5960.33124  5.26%   159 19908s
 5171480 1797220 infeasible   37      6291.00000 5960.33948  5.26%   159 19912s
 5172836 1797717 6164.85637   54  145 6291.00000 5960.34623  5.26%   159 19917s
 5174267 1797988 infeasible   31      6291.00000 5960.35256  5.26%   159 19921s
 5175323 1798371 6065.28512   37  142 6291.00000 5960.35817  5.26%   159 19926s
 5176514 1798700 5961.78510   39  222 6291.00000 5960.36541  5.26%   159 19930s
 5179181 1799517 6065.00000   42   80 6291.00000 5960.37651  5.26%   159 19939s
 5180598 1799843 6265.62112   52  124 6291.00000 5960.38112  5.26%   159 19943s
 5181891 1800315 6077.55806   51  169 6291.00000 5960.39022  5.26%   159 19948s
 5183267 1800637 6235.40024   54  100 6291.00000 5960.39463  5.26%   159 19952s
 5184347 1800989 6190.10515   52  100 6291.00000 5960.40064  5.26%   159 19957s
 5185531 1801539 infeasible   37      6291.00000 5960.40544  5.26%   159 19962s
 5187044 1801983 6192.30693   51  261 6291.00000 5960.41457  5.25%   159 19966s
 5188343 1802295 5997.03631   42  186 6291.00000 5960.42168  5.25%   159 19971s
 5189462 1802703 6112.16026   42  148 6291.00000 5960.42818  5.25%   159 19975s
 5190715 1803156 6005.81828   45  215 6291.00000 5960.43368  5.25%   159 19980s
 5192097 1803506 6104.84249   44  215 6291.00000 5960.44125  5.25%   159 19985s
 5194668 1804136 6121.50000   29  106 6291.00000 5960.45180  5.25%   159 19994s
 5195957 1804440 6049.89540   38  121 6291.00000 5960.45683  5.25%   159 19998s
 5197132 1804825 6069.34367   35  204 6291.00000 5960.46516  5.25%   159 20003s
 5198424 1805189 6120.03519   50  101 6291.00000 5960.47101  5.25%   159 20007s
 5199640 1805611 5972.70805   42  148 6291.00000 5960.47693  5.25%   159 20011s
 5200987 1806022 6168.79188   47  188 6291.00000 5960.48280  5.25%   159 20016s
 5202299 1806381 6174.47729   37  215 6291.00000 5960.48976  5.25%   159 20020s
 5203382 1806793 6065.00983   42  172 6291.00000 5960.49273  5.25%   159 20026s
 5204852 1807348 6115.23265   50  133 6291.00000 5960.49973  5.25%   159 20031s
 5206359 1807757 6232.17230   39  133 6291.00000 5960.50353  5.25%   159 20035s
 5207785 1808112 6064.90171   43  147 6291.00000 5960.51242  5.25%   159 20040s
 5208993 1808285 6234.71501   50  219 6291.00000 5960.51728  5.25%   159 20045s
 5210690 1809031 6053.27164   37  191 6291.00000 5960.52032  5.25%   159 20054s
 5211931 1809499 6166.84099   42  102 6291.00000 5960.52980  5.25%   159 20058s
 5213347 1809891 6202.79680   43  148 6291.00000 5960.53781  5.25%   159 20063s
 5214696 1810293     cutoff   56      6291.00000 5960.54339  5.25%   159 20068s
 5215970 1810743 6082.49041   48  178 6291.00000 5960.54998  5.25%   159 20072s
 5217243 1811166 6052.03562   30  265 6291.00000 5960.55535  5.25%   159 20076s
 5218440 1811620 6063.76920   42  197 6291.00000 5960.56035  5.25%   159 20081s
 5219858 1811949 infeasible   54      6291.00000 5960.56603  5.25%   159 20085s
 5221126 1812359 6102.27988   32  153 6291.00000 5960.57115  5.25%   159 20090s
 5223651 1813016 6169.17950   41  200 6291.00000 5960.58571  5.25%   159 20099s
 5224923 1813384 5962.18230   37  161 6291.00000 5960.58813  5.25%   159 20103s
 5226013 1813731 6160.89685   40  162 6291.00000 5960.59015  5.25%   159 20108s
 5227119 1814197 5988.76786   42  113 6291.00000 5960.59821  5.25%   159 20112s
 5228512 1814594 5963.39405   38  185 6291.00000 5960.60460  5.25%   159 20116s
 5229957 1814954 infeasible   47      6291.00000 5960.61121  5.25%   159 20121s
 5231224 1815366 6170.28349   50   85 6291.00000 5960.61444  5.25%   159 20125s
 5232412 1815695     cutoff   49      6291.00000 5960.62164  5.25%   159 20130s
 5234797 1816437 6173.77571   41  153 6291.00000 5960.63460  5.25%   159 20138s
 5236041 1816799 6166.95619   38  146 6291.00000 5960.64005  5.25%   159 20142s
 5237414 1817140 6183.93470   52  107 6291.00000 5960.64344  5.25%   159 20147s
 5238524 1817558 6149.15199   40  200 6291.00000 5960.64801  5.25%   159 20151s
 5239932 1817984     cutoff   54      6291.00000 5960.65565  5.25%   159 20156s
 5241267 1818396 6067.23955   36  259 6291.00000 5960.66243  5.25%   159 20161s
 5242514 1818851     cutoff   57      6291.00000 5960.66662  5.25%   159 20166s
 5243818 1819197 6226.61248   43  157 6291.00000 5960.67227  5.25%   159 20170s
 5245112 1819506 6067.02291   37  151 6291.00000 5960.67985  5.25%   159 20175s
 5247545 1820204 6013.19367   47  155 6291.00000 5960.69243  5.25%   159 20184s
 5248826 1820573 6207.53524   57  155 6291.00000 5960.69649  5.25%   159 20188s
 5249912 1821033 6069.13792   40  235 6291.00000 5960.70291  5.25%   159 20193s
 5251230 1821517 infeasible   37      6291.00000 5960.70790  5.25%   159 20198s
 5252576 1821962 6270.00000   56   92 6291.00000 5960.71374  5.25%   159 20202s
 5253896 1822297     cutoff   46      6291.00000 5960.71890  5.25%   159 20207s
 5255205 1822602 infeasible   57      6291.00000 5960.72401  5.25%   159 20211s
 5256425 1822973 6176.21115   35  106 6291.00000 5960.73003  5.25%   159 20216s
 5257646 1823417 6100.96597   30   96 6291.00000 5960.73587  5.25%   159 20221s
 5259066 1823814 6169.32572   55  142 6291.00000 5960.74333  5.25%   159 20225s
 5261456 1824479 6084.52330   42  192 6291.00000 5960.75531  5.25%   159 20234s
 5262534 1824816 infeasible   43      6291.00000 5960.75880  5.25%   159 20238s
 5263787 1825181 6091.41081   37  171 6291.00000 5960.76488  5.25%   159 20242s
 5265043 1825598 6108.43834   37  220 6291.00000 5960.77239  5.25%   159 20247s
 5266377 1825990 5983.42850   39  158 6291.00000 5960.77864  5.25%   159 20252s
 5267669 1826362 6063.50371   43  197 6291.00000 5960.78378  5.25%   159 20256s
 5268818 1826754 5971.05881   26   87 6291.00000 5960.78938  5.25%   159 20261s
 5270030 1827085 6055.42857   40   90 6291.00000 5960.79492  5.25%   159 20265s
 5271378 1827577 6186.26499   59   99 6291.00000 5960.79861  5.25%   159 20270s
 5274181 1828232 6248.03630   58  141 6291.00000 5960.81077  5.25%   159 20278s
 5275400 1828633 6174.65562   48  131 6291.00000 5960.81582  5.25%   159 20283s
 5276750 1828951 6178.26458   43  201 6291.00000 5960.82224  5.25%   159 20287s
 5277919 1829391     cutoff   43      6291.00000 5960.82817  5.25%   159 20292s
 5279332 1829872 6068.94223   47  178 6291.00000 5960.83281  5.25%   159 20296s
 5280714 1830187 6141.50998   48  140 6291.00000 5960.83505  5.25%   159 20300s
 5283073 1830862 6115.38930   59  161 6291.00000 5960.84758  5.25%   159 20309s
 5284096 1831228 6071.69306   54  202 6291.00000 5960.85200  5.25%   159 20313s
 5285192 1831565 6131.26385   51  188 6291.00000 5960.85642  5.25%   159 20317s
 5286508 1831915 6261.24583   58  135 6291.00000 5960.86216  5.25%   159 20322s
 5287696 1832230 6234.91470   72  136 6291.00000 5960.86716  5.25%   159 20326s
 5288820 1832601 6174.92165   46  209 6291.00000 5960.87432  5.25%   159 20331s
 5290085 1832986 6217.78547   46  205 6291.00000 5960.87767  5.25%   159 20335s
 5291429 1833399 5984.67797   37  205 6291.00000 5960.88235  5.25%   159 20340s
 5293910 1834149 5991.83850   60  146 6291.00000 5960.89453  5.25%   159 20348s
 5295081 1834558 6064.95998   31  186 6291.00000 5960.90100  5.25%   159 20353s
 5296399 1835014 6073.42857   37  183 6291.00000 5960.90746  5.25%   159 20358s
 5297742 1835465 5974.47094   49  217 6291.00000 5960.91519  5.25%   159 20363s
 5299110 1835967 infeasible   45      6291.00000 5960.92179  5.25%   159 20368s
 5300492 1836341 6164.79937   48  119 6291.00000 5960.92797  5.25%   159 20372s
 5301650 1836805     cutoff   44      6291.00000 5960.93256  5.25%   159 20377s
 5302973 1837252 6190.41568   46  173 6291.00000 5960.93787  5.25%   159 20382s
 5304312 1837612 6081.58921   52  202 6291.00000 5960.94384  5.25%   159 20386s
 5305827 1837896 infeasible   54      6291.00000 5960.94815  5.25%   159 20391s
 5307222 1838303 infeasible   42      6291.00000 5960.95386  5.25%   159 20395s
 5308436 1838745 6064.34204   49  180 6291.00000 5960.95856  5.25%   159 20400s
 5310940 1839446 6133.92718   45  230 6291.00000 5960.97205  5.25%   159 20409s
 5311986 1839869 infeasible   47      6291.00000 5960.97809  5.25%   159 20414s
 5313211 1840363     cutoff   61      6291.00000 5960.98479  5.25%   159 20418s
 5314658 1840584 5996.27582   42  168 6291.00000 5960.99157  5.25%   159 20423s
 5315347 1840968 6165.83069   43  180 6291.00000 5960.99334  5.25%   159 20428s
 5316578 1841390 6115.54627   33  167 6291.00000 5960.99689  5.25%   159 20433s
 5317742 1841878 6204.58695   44  213 6291.00000 5961.00000  5.25%   159 20438s
 5319056 1842384 6194.56005   48  159 6291.00000 5961.00000  5.25%   159 20444s
 5320265 1842796 6178.51964   32  166 6291.00000 5961.00000  5.25%   159 20449s
 5321585 1843198 6070.86481   30  206 6291.00000 5961.00000  5.25%   159 20454s
 5322737 1843679 6068.09370   34  148 6291.00000 5961.00000  5.25%   159 20459s
 5323999 1844075 infeasible   28      6291.00000 5961.00000  5.25%   159 20464s
 5325101 1844552 6002.92998   42  162 6291.00000 5961.00000  5.25%   159 20469s
 5326240 1845077 6063.75585   38  114 6291.00000 5961.00000  5.25%   159 20474s
 5327530 1845442 infeasible   47      6291.00000 5961.00000  5.25%   159 20479s
 5328782 1845988 infeasible   38      6291.00000 5961.00726  5.25%   159 20484s
 5330273 1846359 6075.34174   38  231 6291.00000 5961.01292  5.25%   159 20489s
 5331687 1846807     cutoff   40      6291.00000 5961.01961  5.25%   159 20493s
 5332933 1847077 5971.00896   52  241 6291.00000 5961.02392  5.25%   159 20497s
 5333980 1847474 6098.41251   45  240 6291.00000 5961.02801  5.25%   159 20501s
 5335329 1847970 5990.11427   37  279 6291.00000 5961.03423  5.25%   159 20506s
 5336597 1848299 5974.01061   42  156 6291.00000 5961.03720  5.24%   159 20510s
 5338825 1849119 infeasible   39      6291.00000 5961.04655  5.24%   159 20519s
 5340082 1849497 6086.95783   37  158 6291.00000 5961.05295  5.24%   159 20524s
 5341340 1849894 6156.09294   41  182 6291.00000 5961.05919  5.24%   159 20528s
 5342545 1850246 6060.29518   35  148 6291.00000 5961.06424  5.24%   159 20533s
 5343753 1850469     cutoff   43      6291.00000 5961.06837  5.24%   159 20538s
 5344510 1850806 5961.74081   37  241 6291.00000 5961.06894  5.24%   159 20542s
 5345681 1851177 infeasible   51      6291.00000 5961.07471  5.24%   159 20547s
 5347019 1851603 6286.54413   33  172 6291.00000 5961.08089  5.24%   159 20551s
 5348343 1852005 5965.24587   46  206 6291.00000 5961.08694  5.24%   159 20556s
 5349726 1852325 6065.28348   31  210 6291.00000 5961.09247  5.24%   159 20561s
 5350915 1852690 6173.54181   52  166 6291.00000 5961.09809  5.24%   159 20565s
 5352132 1853056 6172.40897   47  184 6291.00000 5961.10459  5.24%   159 20570s
 5354595 1853814 6152.61592   45  146 6291.00000 5961.11433  5.24%   159 20579s
 5355881 1854154 5968.10931   38  286 6291.00000 5961.12086  5.24%   159 20583s
 5356852 1854470 6264.08412   35  114 6291.00000 5961.12597  5.24%   159 20587s
 5357968 1854838 6201.99719   53  162 6291.00000 5961.13033  5.24%   159 20592s
 5359207 1855133     cutoff   41      6291.00000 5961.13582  5.24%   159 20597s
 5360446 1855487 infeasible   42      6291.00000 5961.14136  5.24%   159 20601s
 5361754 1855922 6193.57063   40  122 6291.00000 5961.14559  5.24%   159 20606s
 5363113 1856306 6169.55872   52  163 6291.00000 5961.15043  5.24%   159 20610s
 5364482 1856691 6281.58374   40  162 6291.00000 5961.15606  5.24%   159 20615s
 5367238 1857413 6180.34031   42  130 6291.00000 5961.16587  5.24%   159 20624s
 5368508 1857710 6068.23542   47  166 6291.00000 5961.17291  5.24%   159 20629s
 5369352 1858191 6080.88299   39  160 6291.00000 5961.17364  5.24%   159 20634s
 5370701 1858631 6019.88851   50  212 6291.00000 5961.17601  5.24%   159 20640s
 5372128 1859069 5962.89213   38  182 6291.00000 5961.18393  5.24%   159 20645s
 5374937 1859842 infeasible   57      6291.00000 5961.19829  5.24%   159 20654s
 5376256 1860315 6042.99176   37  257 6291.00000 5961.20318  5.24%   159 20659s
 5377635 1860670 6013.60386   44  208 6291.00000 5961.20882  5.24%   159 20663s
 5378908 1861034 6054.01513   37  248 6291.00000 5961.21528  5.24%   159 20668s
 5380222 1861374 6008.99393   47  181 6291.00000 5961.22052  5.24%   159 20673s
 5381509 1861724     cutoff   45      6291.00000 5961.22560  5.24%   159 20677s
 5382672 1862146     cutoff   47      6291.00000 5961.23060  5.24%   159 20682s
 5383945 1862561 6174.29977   39  156 6291.00000 5961.23613  5.24%   159 20686s
 5385278 1862940     cutoff   48      6291.00000 5961.24110  5.24%   159 20691s
 5386641 1863333 infeasible   52      6291.00000 5961.24562  5.24%   159 20696s
 5387852 1863794 6265.98692   38  127 6291.00000 5961.25070  5.24%   159 20700s
 5389098 1864171 6097.19073   43  162 6291.00000 5961.25396  5.24%   159 20705s
 5390311 1864591     cutoff   46      6291.00000 5961.25751  5.24%   159 20710s
 5392902 1865444 6033.94349   40  205 6291.00000 5961.26945  5.24%   159 20719s
 5394152 1865816 5970.15609   31  226 6291.00000 5961.27536  5.24%   158 20723s
 5395406 1866082 6171.65366   59  110 6291.00000 5961.27797  5.24%   158 20728s
 5396515 1866447 6065.36367   41  170 6291.00000 5961.28483  5.24%   158 20733s
 5397740 1866772 6219.41329   39  136 6291.00000 5961.29078  5.24%   158 20737s
 5398888 1867184 6001.13598   41  191 6291.00000 5961.29577  5.24%   158 20742s
 5400174 1867665 6069.05372   40  185 6291.00000 5961.30035  5.24%   158 20746s
 5401519 1868050 6020.42158   42  239 6291.00000 5961.30672  5.24%   158 20751s
 5402683 1868346 6065.22502   40  142 6291.00000 5961.31369  5.24%   158 20755s
 5403746 1868649 6264.32962   36  205 6291.00000 5961.31782  5.24%   158 20760s
 5404805 1869157 6004.10577   34  170 6291.00000 5961.32332  5.24%   158 20766s
 5406514 1869541 5999.76276   38  123 6291.00000 5961.32934  5.24%   158 20770s
 5407802 1869913 6166.29778   52  137 6291.00000 5961.33315  5.24%   158 20775s
 5410429 1870677 infeasible   49      6291.00000 5961.34115  5.24%   158 20783s
 5411733 1871066 6185.85293   51  196 6291.00000 5961.34363  5.24%   158 20788s
 5412903 1871549 6199.07095   40  104 6291.00000 5961.34952  5.24%   158 20792s
 5414231 1871917 5961.51632   41  261 6291.00000 5961.35484  5.24%   158 20796s
 5415502 1872245 6275.11904   46  139 6291.00000 5961.35758  5.24%   158 20801s
 5416801 1872701 6163.00000   52  112 6291.00000 5961.36223  5.24%   158 20805s
 5418025 1873090 infeasible   42      6291.00000 5961.36699  5.24%   158 20810s
 5420535 1873820 infeasible   45      6291.00000 5961.37684  5.24%   158 20818s
 5421604 1874106 infeasible   42      6291.00000 5961.37982  5.24%   158 20823s
 5422693 1874627 6066.16935   33  194 6291.00000 5961.38550  5.24%   158 20828s
 5424276 1875031     cutoff   50      6291.00000 5961.39034  5.24%   158 20833s
 5425722 1875375 6176.22500   49  159 6291.00000 5961.39483  5.24%   158 20837s
 5426883 1875671 6099.46633   33  193 6291.00000 5961.39940  5.24%   158 20842s
 5427772 1876032 6152.48333   47   96 6291.00000 5961.40070  5.24%   158 20847s
 5429005 1876466 6075.74900   44  122 6291.00000 5961.40746  5.24%   158 20852s
 5430371 1876869 infeasible   55      6291.00000 5961.41338  5.24%   158 20856s
 5431724 1877214 6163.00000   38  123 6291.00000 5961.41848  5.24%   158 20861s
 5433052 1877663 5971.64418   31  238 6291.00000 5961.42223  5.24%   158 20865s
 5434407 1878028 6146.83223   37  143 6291.00000 5961.42781  5.24%   158 20870s
 5436994 1878958 5962.69747   34  309 6291.00000 5961.43812  5.24%   158 20879s
 5438354 1879436     cutoff   53      6291.00000 5961.44416  5.24%   158 20883s
 5439635 1879863 6259.43430   41  159 6291.00000 5961.44922  5.24%   158 20888s
 5440817 1880368 6162.09785   36  188 6291.00000 5961.45176  5.24%   158 20893s
 5442188 1880606 6050.12592   35  126 6291.00000 5961.45801  5.24%   158 20898s
 5442974 1880917 6105.96950   48  196 6291.00000 5961.45896  5.24%   158 20903s
 5444359 1881387 infeasible   57      6291.00000 5961.46721  5.24%   158 20908s
 5445793 1881809 6167.15961   44  203 6291.00000 5961.47288  5.24%   158 20913s
 5447114 1882169 5982.49262   47  220 6291.00000 5961.47989  5.24%   158 20918s
 5448511 1882648 6087.75966   39  204 6291.00000 5961.48418  5.24%   158 20922s
 5449830 1882995     cutoff   41      6291.00000 5961.49246  5.24%   158 20928s
 5451080 1883476 6041.15027   39  235 6291.00000 5961.49982  5.24%   158 20932s
 5452516 1883962 6168.75060   50  216 6291.00000 5961.50376  5.24%   158 20937s
 5453899 1884458 infeasible   50      6291.00000 5961.50775  5.24%   158 20942s
 5455256 1884894 6059.50975   46  139 6291.00000 5961.51135  5.24%   158 20947s
 5456660 1885223 6123.11418   28  225 6291.00000 5961.51723  5.24%   158 20951s
 5457744 1885657 6185.79634   45  175 6291.00000 5961.52211  5.24%   158 20956s
 5459116 1886080 5997.31756   42  214 6291.00000 5961.52848  5.24%   158 20961s
 5460362 1886411 6182.32426   41  211 6291.00000 5961.53183  5.24%   158 20965s
 5461502 1886813 6109.32977   44  163 6291.00000 5961.53828  5.24%   158 20970s
 5463967 1887619 6065.68999   50  171 6291.00000 5961.55257  5.24%   158 20979s
 5465307 1888052 6051.00232   34  168 6291.00000 5961.55728  5.24%   158 20983s
 5466581 1888457 6199.83056   50  133 6291.00000 5961.56267  5.24%   158 20987s
 5467827 1888730 infeasible   37      6291.00000 5961.56871  5.24%   158 20992s
 5468834 1889061 6176.67135   36  130 6291.00000 5961.57236  5.24%   158 20996s
 5470035 1889460 5991.22356   34  230 6291.00000 5961.57985  5.24%   158 21001s
 5471257 1889909 6170.56034   43  130 6291.00000 5961.58252  5.24%   158 21005s
 5472603 1890361 6182.43899   44  140 6291.00000 5961.58763  5.24%   158 21010s
 5473911 1890705 6102.28125   40  187 6291.00000 5961.59405  5.24%   158 21015s
 5475036 1891005 6256.80076   58  166 6291.00000 5961.59937  5.24%   158 21020s
 5476157 1891313 6216.48761   47  193 6291.00000 5961.60407  5.24%   158 21025s
 5477420 1891728 5971.89447   33  171 6291.00000 5961.60951  5.24%   158 21030s
 5480096 1892413 6086.97687   44  221 6291.00000 5961.62031  5.24%   158 21039s
 5481388 1892610 6205.68077   48  180 6291.00000 5961.62330  5.24%   158 21044s
 5482166 1893018     cutoff   32      6291.00000 5961.62366  5.24%   158 21048s
 5483272 1893434 6165.36946   51  167 6291.00000 5961.62366  5.24%   158 21053s
 5484662 1893874 6167.47176   47  174 6291.00000 5961.63855  5.24%   158 21058s
 5486003 1894376 6037.94444   30  190 6291.00000 5961.64311  5.24%   158 21063s
 5487326 1894763 6165.10539   45  135 6291.00000 5961.64784  5.24%   158 21067s
 5488652 1895146     cutoff   44      6291.00000 5961.65476  5.24%   158 21072s
 5489858 1895577 6013.55766   39  204 6291.00000 5961.66000  5.24%   158 21076s
 5491285 1895890 infeasible   37      6291.00000 5961.66471  5.24%   158 21081s
 5492428 1896251     cutoff   42      6291.00000 5961.67031  5.23%   158 21085s
 5493545 1896625 6050.11445   55  111 6291.00000 5961.67483  5.23%   158 21090s
 5496062 1897348 infeasible   31      6291.00000 5961.68545  5.23%   158 21099s
 5497391 1897769 6267.91137   37  141 6291.00000 5961.69058  5.23%   158 21104s
 5498594 1898117 5978.53295   35  256 6291.00000 5961.69434  5.23%   158 21108s
 5499839 1898489 5972.74830   32  182 6291.00000 5961.69938  5.23%   158 21113s
 5501124 1898983 infeasible   42      6291.00000 5961.70419  5.23%   158 21117s
 5502542 1899269 infeasible   86      6291.00000 5961.70961  5.23%   158 21122s
 5503870 1899658     cutoff   40      6291.00000 5961.71403  5.23%   158 21126s
 5505145 1900002 6212.10264   32  129 6291.00000 5961.71912  5.23%   158 21131s
 5506377 1900338 5984.57143   43  121 6291.00000 5961.72456  5.23%   158 21135s
 5508689 1901088 6062.21009   39  117 6291.00000 5961.73384  5.23%   158 21144s
 5509917 1901573 6263.71855   48  143 6291.00000 5961.73976  5.23%   158 21148s
 5511216 1902030 infeasible   50      6291.00000 5961.74471  5.23%   158 21153s
 5512541 1902383 6111.08163   54  157 6291.00000 5961.74924  5.23%   158 21158s
 5513800 1902743 6063.56291   40  176 6291.00000 5961.75309  5.23%   158 21162s
 5514900 1903181 5964.02007   38  308 6291.00000 5961.75825  5.23%   158 21167s
 5516252 1903615 infeasible   48      6291.00000 5961.76248  5.23%   158 21172s
 5517633 1904021 6166.74268   55  137 6291.00000 5961.76990  5.23%   158 21176s
 5519027 1904545 6103.12800   48  206 6291.00000 5961.77552  5.23%   158 21181s
 5520415 1904918     cutoff   53      6291.00000 5961.78059  5.23%   158 21186s
 5521647 1905235 6184.91792   50  157 6291.00000 5961.78497  5.23%   158 21190s
 5522883 1905421 6067.52811   35  220 6291.00000 5961.78816  5.23%   158 21196s
 5523614 1905818 6067.54960   36  138 6291.00000 5961.79036  5.23%   158 21201s
 5524837 1906196     cutoff   66      6291.00000 5961.79530  5.23%   158 21206s
 5526115 1906641 6042.13708   38  269 6291.00000 5961.80056  5.23%   158 21210s
 5527476 1907084 6062.47850   39  200 6291.00000 5961.80653  5.23%   158 21215s
 5528776 1907503 6006.52808   32  173 6291.00000 5961.81078  5.23%   158 21220s
 5531509 1908408 6180.56835   62   77 6291.00000 5961.82129  5.23%   158 21229s
 5532777 1908743 6142.34485   52  137 6291.00000 5961.82408  5.23%   158 21234s
 5534011 1909094 6244.54660   63  126 6291.00000 5961.82826  5.23%   158 21238s
 5535121 1909515 6071.97575   47  180 6291.00000 5961.83389  5.23%   158 21243s
 5536614 1909981 6187.72840   50  171 6291.00000 5961.84031  5.23%   158 21248s
 5537895 1910373 6109.51564   47  149 6291.00000 5961.84517  5.23%   158 21252s
 5539121 1910756 infeasible   35      6291.00000 5961.85066  5.23%   158 21257s
 5540414 1911064 6208.22867   33  187 6291.00000 5961.85550  5.23%   158 21261s
 5541516 1911483     cutoff   62      6291.00000 5961.86033  5.23%   158 21266s
 5542801 1911932 6069.69420   52  222 6291.00000 5961.86619  5.23%   158 21270s
 5544195 1912271 6173.75247   50  160 6291.00000 5961.87020  5.23%   158 21275s
 5546713 1913184 6106.11530   35  247 6291.00000 5961.87991  5.23%   158 21284s
 5548085 1913644 6072.29478   34  184 6291.00000 5961.88655  5.23%   158 21288s
 5549330 1913993 6038.81978   46  146 6291.00000 5961.89264  5.23%   158 21293s
 5550606 1914412 6113.39397   34  279 6291.00000 5961.89850  5.23%   158 21297s
 5551915 1914839 5993.96525   35  265 6291.00000 5961.90432  5.23%   158 21302s
 5553247 1915080 5972.68955   34  171 6291.00000 5961.90762  5.23%   158 21306s
 5554326 1915491 infeasible   37      6291.00000 5961.91128  5.23%   158 21311s
 5555587 1915928 6018.67405   33  155 6291.00000 5961.91672  5.23%   158 21315s
 5558110 1916655     cutoff   42      6291.00000 5961.92829  5.23%   158 21324s
 5559130 1917057     cutoff   47      6291.00000 5961.93175  5.23%   158 21329s
 5560614 1917483 infeasible   40      6291.00000 5961.93524  5.23%   158 21333s
 5561866 1917850     cutoff   27      6291.00000 5961.94063  5.23%   158 21338s
 5563139 1918315 5964.39487   37  242 6291.00000 5961.94631  5.23%   158 21342s
 5564436 1918641 6279.39631   40  193 6291.00000 5961.94960  5.23%   158 21347s
 5565652 1918969 6062.09635   44  193 6291.00000 5961.95319  5.23%   158 21351s
 5566987 1919346 6210.80782   49  113 6291.00000 5961.96002  5.23%   158 21356s
 5568175 1919748 5962.07296   32  241 6291.00000 5961.96470  5.23%   158 21361s
 5569399 1920159 6212.63402   35  156 6291.00000 5961.97114  5.23%   158 21366s
 5570630 1920502 5962.99249   39  207 6291.00000 5961.97406  5.23%   158 21370s
 5571973 1920861 6064.15428   40  201 6291.00000 5961.98083  5.23%   158 21375s
 5573340 1921358 6062.20547   32  178 6291.00000 5961.98883  5.23%   158 21380s
 5576055 1922129 6049.45774   42  133 6291.00000 5961.99944  5.23%   158 21389s
 5577127 1922446 6085.61770   55  109 6291.00000 5962.00260  5.23%   158 21394s
 5578274 1922811     cutoff   43      6291.00000 5962.00616  5.23%   158 21399s
 5579530 1923321 6164.19996   45  142 6291.00000 5962.01064  5.23%   158 21403s
 5580955 1923800 6189.32318   50   91 6291.00000 5962.01609  5.23%   158 21408s
 5582363 1924302 6059.19241   41  167 6291.00000 5962.02169  5.23%   158 21412s
 5583648 1924464 infeasible   53      6291.00000 5962.02575  5.23%   158 21418s
 5584332 1924747 6227.04111   54  242 6291.00000 5962.02643  5.23%   158 21423s
 5585382 1925235 infeasible   55      6291.00000 5962.02835  5.23%   158 21427s
 5586745 1925665 5973.39570   40  129 6291.00000 5962.04006  5.23%   158 21432s
 5588080 1926088 6078.88634   52  195 6291.00000 5962.04594  5.23%   158 21436s
 5589286 1926561     cutoff   59      6291.00000 5962.05208  5.23%   158 21441s
 5590637 1926970     cutoff   55      6291.00000 5962.05711  5.23%   158 21445s
 5593028 1927739 6009.13442   34  163 6291.00000 5962.06716  5.23%   158 21454s
 5594140 1928116 infeasible   40      6291.00000 5962.07085  5.23%   158 21458s
 5595235 1928576 6064.36418   42  186 6291.00000 5962.07403  5.23%   158 21463s
 5596583 1928996     cutoff   56      6291.00000 5962.08209  5.23%   158 21467s
 5597963 1929330     cutoff   59      6291.00000 5962.08679  5.23%   158 21472s
 5599176 1929802 infeasible   38      6291.00000 5962.09160  5.23%   158 21477s
 5600486 1930212 6056.71719   57  161 6291.00000 5962.09770  5.23%   158 21481s
 5601681 1930618 6071.76551   39  151 6291.00000 5962.09882  5.23%   158 21486s
 5602884 1931078 6065.18377   33  110 6291.00000 5962.10666  5.23%   158 21490s
 5604250 1931474 6166.83043   43  155 6291.00000 5962.11093  5.23%   158 21495s
 5606979 1932243 6247.17449   40  145 6291.00000 5962.12247  5.23%   158 21504s
 5608044 1932661 6194.48600   44  129 6291.00000 5962.12866  5.23%   158 21508s
 5609216 1932978 6067.03631   42  115 6291.00000 5962.13275  5.23%   158 21512s
 5610434 1933370 6080.58541   46  172 6291.00000 5962.13953  5.23%   158 21517s
 5611684 1933751     cutoff   35      6291.00000 5962.14286  5.23%   158 21521s
 5612786 1934114 6029.24678   36  129 6291.00000 5962.14904  5.23%   158 21526s
 5613998 1934503     cutoff   51      6291.00000 5962.15339  5.23%   158 21530s
 5615197 1934789 6077.46229   44  141 6291.00000 5962.15877  5.23%   158 21535s
 5616129 1935063 6168.55629   62  163 6291.00000 5962.16129  5.23%   158 21540s
 5617236 1935495 6174.06436   40  130 6291.00000 5962.16681  5.23%   158 21545s
 5619888 1936317 6270.45331   53  116 6291.00000 5962.17883  5.23%   158 21554s
 5621267 1936734 6152.21728   45  153 6291.00000 5962.18403  5.23%   158 21558s
 5622546 1937172 5965.93222   38  252 6291.00000 5962.19008  5.23%   158 21563s
 5624006 1937526 6065.84995   42  132 6291.00000 5962.19544  5.23%   158 21568s
 5625117 1937985 infeasible   53      6291.00000 5962.20088  5.23%   158 21573s
 5626566 1938449     cutoff   48      6291.00000 5962.20598  5.23%   158 21578s
 5627949 1938880 6001.97659   26  211 6291.00000 5962.21333  5.23%   158 21582s
 5629156 1939303 6204.79287   44   78 6291.00000 5962.21708  5.23%   158 21587s
 5630481 1939744 5963.22084   35  145 6291.00000 5962.22237  5.23%   158 21592s
 5631838 1940109 6251.34034   44  100 6291.00000 5962.22927  5.23%   158 21597s
 5633228 1940513 6068.55425   41  158 6291.00000 5962.23238  5.23%   158 21602s
 5634439 1940874 6269.64085   44  151 6291.00000 5962.23767  5.23%   158 21606s
 5635599 1941390 6100.02010   35  123 6291.00000 5962.24408  5.23%   158 21611s
 5636925 1941788 6186.81550   27  185 6291.00000 5962.24815  5.23%   158 21615s
 5638207 1942201 6125.69032   41  186 6291.00000 5962.25236  5.23%   158 21620s
 5640713 1942914 6052.35399   40   99 6291.00000 5962.26447  5.23%   158 21630s
 5642901 1943720 6244.22404   44  155 6291.00000 5962.27051  5.23%   158 21639s
 5644160 1944117 6165.68280   40  142 6291.00000 5962.27481  5.23%   158 21644s
 5645430 1944448 6061.01213   32  238 6291.00000 5962.28198  5.23%   158 21648s
 5646804 1944860 6073.23611   44  154 6291.00000 5962.28729  5.23%   158 21653s
 5648079 1945255 infeasible   46      6291.00000 5962.29234  5.23%   158 21657s
 5649393 1945623 6165.00000   33  122 6291.00000 5962.29670  5.22%   158 21662s
 5650361 1946040 5996.64616   38  217 6291.00000 5962.30129  5.22%   158 21667s
 5651756 1946373 6047.32237   37  137 6291.00000 5962.30572  5.22%   158 21671s
 5653005 1946795     cutoff   56      6291.00000 5962.30983  5.22%   158 21676s
 5654284 1947148 6172.24089   37  186 6291.00000 5962.31566  5.22%   158 21680s
 5656726 1948018 6067.36165   44  174 6291.00000 5962.32625  5.22%   158 21689s
 5658052 1948388 6079.12569   34  188 6291.00000 5962.33130  5.22%   158 21693s
 5659283 1948724 6008.91109   36  190 6291.00000 5962.33804  5.22%   158 21697s
 5660485 1949180 6284.35394   37  170 6291.00000 5962.34229  5.22%   158 21702s
 5661785 1949525 6165.66929   38  118 6291.00000 5962.34748  5.22%   158 21707s
 5663068 1949947 infeasible   47      6291.00000 5962.35165  5.22%   158 21711s
 5664346 1950378 6012.72302   35  209 6291.00000 5962.35621  5.22%   158 21716s
 5665577 1950836 5967.07510   40  204 6291.00000 5962.35986  5.22%   158 21720s
 5666849 1951185 6137.10007   34  158 6291.00000 5962.36389  5.22%   158 21725s
 5668016 1951642 5965.56919   38  157 6291.00000 5962.36928  5.22%   158 21730s
 5670801 1952411 6150.96980   35  208 6291.00000 5962.37800  5.22%   158 21739s
 5671978 1952892 6065.43940   37  108 6291.00000 5962.38324  5.22%   158 21743s
 5673252 1953199 5973.49712   41  202 6291.00000 5962.38830  5.22%   158 21748s
 5674521 1953538 6176.37500   40  166 6291.00000 5962.39147  5.22%   158 21753s
 5675750 1953911 6288.30592   51  154 6291.00000 5962.39916  5.22%   158 21757s
 5677026 1954243 5987.02972   41  222 6291.00000 5962.40262  5.22%   158 21762s
 5678330 1954682 6065.71844   38  228 6291.00000 5962.40803  5.22%   158 21767s
 5679596 1955030 5977.05886   44  243 6291.00000 5962.41207  5.22%   158 21772s
 5680903 1955375 5999.19433   37  213 6291.00000 5962.41687  5.22%   158 21776s
 5682131 1955829 6077.34401   66  164 6291.00000 5962.42031  5.22%   158 21781s
 5683480 1956265 6166.50853   45  147 6291.00000 5962.42596  5.22%   158 21786s
 5684811 1956647 infeasible   41      6291.00000 5962.42918  5.22%   158 21790s
 5685979 1957027 6093.34703   41  167 6291.00000 5962.43383  5.22%   158 21796s
 5687058 1957481 6028.37438   35  186 6291.00000 5962.43859  5.22%   158 21800s
 5688358 1957945 6170.61538   47   93 6291.00000 5962.44444  5.22%   158 21805s
 5689658 1958331 6069.04662   34  128 6291.00000 5962.44828  5.22%   158 21811s
 5690887 1958722 infeasible   43      6291.00000 5962.45279  5.22%   158 21815s
 5692118 1958971 6066.22746   28  153 6291.00000 5962.45685  5.22%   158 21820s
 5692754 1959260 6264.51411   41  231 6291.00000 5962.45818  5.22%   158 21825s
 5693832 1959692 5990.47102   37  182 6291.00000 5962.45935  5.22%   158 21830s
 5695055 1960037 6072.00877   34  172 6291.00000 5962.47133  5.22%   158 21836s
 5696360 1960496 6179.83112   44  129 6291.00000 5962.47799  5.22%   158 21841s
 5697804 1960833 6166.78036   71   74 6291.00000 5962.48132  5.22%   158 21846s
 5698970 1961351 infeasible   34      6291.00000 5962.48518  5.22%   158 21851s
 5700459 1961726 6024.13590   50  235 6291.00000 5962.48922  5.22%   158 21855s
 5701672 1962005 6008.43903   40  204 6291.00000 5962.49676  5.22%   158 21860s
 5702963 1962403     cutoff   47      6291.00000 5962.50089  5.22%   158 21865s
 5704254 1962824     cutoff   54      6291.00000 5962.50596  5.22%   158 21870s
 5705538 1963183 5962.66817   43  224 6291.00000 5962.50973  5.22%   158 21875s
 5706596 1963601 6154.69544   42  226 6291.00000 5962.51177  5.22%   158 21880s
 5709189 1964507     cutoff   41      6291.00000 5962.52120  5.22%   158 21889s
 5710663 1964874 6040.19074   54  164 6291.00000 5962.53052  5.22%   158 21894s
 5712022 1965293 infeasible   47      6291.00000 5962.53565  5.22%   158 21899s
 5713341 1965684 6063.53437   35  194 6291.00000 5962.54283  5.22%   158 21903s
 5714630 1966150 6154.46424   47  197 6291.00000 5962.54697  5.22%   158 21907s
 5715964 1966586 5968.20126   41  226 6291.00000 5962.55219  5.22%   158 21913s
 5717241 1966990     cutoff   59      6291.00000 5962.55593  5.22%   158 21917s
 5718502 1967334 6064.19472   37  169 6291.00000 5962.56235  5.22%   158 21922s
 5719848 1967810 6166.00000   39  103 6291.00000 5962.56835  5.22%   158 21927s
 5721165 1968149 6149.45273   44  191 6291.00000 5962.57189  5.22%   158 21931s
 5722336 1968549 infeasible   49      6291.00000 5962.57766  5.22%   158 21936s
 5723550 1969117 6190.60009   38  165 6291.00000 5962.58384  5.22%   158 21941s
 5725025 1969610     cutoff   65      6291.00000 5962.58903  5.22%   158 21945s
 5727713 1970382 6176.47988   49  161 6291.00000 5962.60051  5.22%   158 21954s
 5728800 1970848 6201.71382   43  235 6291.00000 5962.60454  5.22%   158 21958s
 5730106 1971275 6267.04047   34   94 6291.00000 5962.60885  5.22%   158 21963s
 5731323 1971706 6062.26238   53  175 6291.00000 5962.61183  5.22%   158 21967s
 5732603 1972065 infeasible   48      6291.00000 5962.61724  5.22%   158 21972s
 5733851 1972478 6071.44612   41  205 6291.00000 5962.62415  5.22%   158 21976s
 5735199 1972907 6081.62649   41  143 6291.00000 5962.62920  5.22%   158 21980s
 5736434 1973276 6071.24941   42  142 6291.00000 5962.63550  5.22%   158 21985s
 5737572 1973695     cutoff   40      6291.00000 5962.64089  5.22%   158 21990s
 5740363 1974360 6008.82529   33  247 6291.00000 5962.65000  5.22%   158 21998s
 5741552 1974717 6081.64491   39  217 6291.00000 5962.65483  5.22%   158 22002s
 5742878 1975045 6068.43891   50  196 6291.00000 5962.65894  5.22%   158 22007s
 5744160 1975400 6188.86336   47  119 6291.00000 5962.66205  5.22%   158 22011s
 5745340 1975817 6084.36097   31  218 6291.00000 5962.66667  5.22%   158 22016s
 5746491 1976272 6081.05188   41  149 6291.00000 5962.67096  5.22%   158 22020s
 5747854 1976735 6179.00000   41   96 6291.00000 5962.67460  5.22%   158 22025s
 5750561 1977576 6063.56285   44  127 6291.00000 5962.68333  5.22%   158 22033s
 5751739 1978047     cutoff   40      6291.00000 5962.68967  5.22%   158 22038s
 5753031 1978488 6048.04880   38  216 6291.00000 5962.69305  5.22%   158 22043s
 5754285 1978831 6141.90763   38  149 6291.00000 5962.69686  5.22%   158 22047s
 5755600 1979219 6062.04386   35  192 6291.00000 5962.70358  5.22%   158 22052s
 5756731 1979722 6156.16008   39  177 6291.00000 5962.70848  5.22%   158 22056s
 5758158 1979904 6167.35957   59  193 6291.00000 5962.71318  5.22%   158 22061s
 5758758 1980365 infeasible   50      6291.00000 5962.71471  5.22%   158 22066s
 5760128 1980716 6188.87511   37  192 6291.00000 5962.71920  5.22%   158 22071s
 5761348 1981153 infeasible   34      6291.00000 5962.72532  5.22%   158 22075s
 5762674 1981515 6073.40000   40  146 6291.00000 5962.72947  5.22%   158 22080s
 5765301 1982238 6150.58429   41  215 6291.00000 5962.73953  5.22%   158 22089s
 5766612 1982584 6020.08643   42  278 6291.00000 5962.74361  5.22%   158 22093s
 5767810 1983080 6159.45377   43  212 6291.00000 5962.75027  5.22%   158 22097s
 5769143 1983522 6075.69687   48  168 6291.00000 5962.75414  5.22%   158 22102s
 5770476 1983911     cutoff   52      6291.00000 5962.75817  5.22%   158 22106s
 5771735 1984397 infeasible   42      6291.00000 5962.76444  5.22%   158 22111s
 5773099 1984785     cutoff   60      6291.00000 5962.76878  5.22%   158 22116s
 5774351 1985255     cutoff   33      6291.00000 5962.77282  5.22%   158 22120s
 5777093 1986190 6063.78338   41  129 6291.00000 5962.78236  5.22%   158 22128s
 5778371 1986601 6281.79012   46   82 6291.00000 5962.78839  5.22%   158 22133s
 5779641 1986945 5964.18943   35  244 6291.00000 5962.79278  5.22%   158 22137s
 5780931 1987221 6207.90640   38  192 6291.00000 5962.79751  5.22%   158 22142s
 5782106 1987527 6067.73655   45  113 6291.00000 5962.79899  5.22%   158 22146s
 5783279 1987933 6107.08264   45  115 6291.00000 5962.79967  5.22%   158 22150s
 5785647 1988701 6178.84419   36   74 6291.00000 5962.81195  5.22%   158 22159s
 5786896 1989160 infeasible   28      6291.00000 5962.81544  5.22%   158 22163s
 5788180 1989497 6050.63012   46   89 6291.00000 5962.82000  5.22%   158 22168s
 5789501 1989897 infeasible   43      6291.00000 5962.82536  5.22%   158 22172s
 5790646 1990331     cutoff   41      6291.00000 5962.82852  5.22%   158 22177s
 5792026 1990665 6070.29678   34  217 6291.00000 5962.83425  5.22%   158 22182s
 5793227 1991128 6103.10445   54  107 6291.00000 5962.83968  5.22%   158 22186s
 5794646 1991469     cutoff   43      6291.00000 5962.84314  5.22%   158 22191s
 5795783 1991764 infeasible   41      6291.00000 5962.84865  5.22%   158 22195s
 5797154 1992134 6172.25734   48  136 6291.00000 5962.85209  5.22%   158 22200s
 5799706 1993065 6237.17047   39  172 6291.00000 5962.86155  5.22%   158 22209s
 5801076 1993386 6021.56441   68  114 6291.00000 5962.86737  5.22%   158 22213s
 5802220 1993709 6027.85040   39  216 6291.00000 5962.87115  5.22%   158 22217s
 5803406 1994064 5966.07464   37  190 6291.00000 5962.87720  5.22%   158 22222s
 5804694 1994472 5966.66917   50  149 6291.00000 5962.88306  5.22%   158 22226s
 5805978 1994818 6193.00000   45   84 6291.00000 5962.88707  5.22%   158 22232s
 5807018 1995328 6063.82444   47  139 6291.00000 5962.88966  5.22%   158 22237s
 5808574 1995726 infeasible   36      6291.00000 5962.89442  5.22%   158 22242s
 5809792 1996143 6009.57736   38  228 6291.00000 5962.90063  5.22%   158 22246s
 5811269 1996571 5984.29473   41  227 6291.00000 5962.90579  5.22%   158 22251s
 5812607 1996974 6178.33240   42  162 6291.00000 5962.91132  5.22%   158 22256s
 5813955 1997274 6167.09142   45  199 6291.00000 5962.91626  5.22%   158 22261s
 5815288 1997488 6040.86687   44  132 6291.00000 5962.91958  5.22%   158 22266s
 5816009 1997901     cutoff   51      6291.00000 5962.92049  5.22%   158 22270s
 5817184 1998295 6011.55292   46  168 6291.00000 5962.92330  5.22%   158 22275s
 5818446 1998627 6065.29363   38  147 6291.00000 5962.92981  5.21%   158 22280s
 5820824 1999388     cutoff   48      6291.00000 5962.94241  5.21%   158 22289s
 5821996 1999838 6025.78664   37  200 6291.00000 5962.94603  5.21%   158 22294s
 5823380 2000266 6072.79897   43  130 6291.00000 5962.95236  5.21%   158 22299s
 5824700 2000620 6243.41547   41  155 6291.00000 5962.95984  5.21%   158 22303s
 5826030 2000988 6081.60926   42  103 6291.00000 5962.96508  5.21%   158 22307s
 5827302 2001447 6078.51823   39  183 6291.00000 5962.96992  5.21%   158 22312s
 5828569 2001782 6065.79790   40  269 6291.00000 5962.97391  5.21%   158 22316s
 5829713 2002154 6166.08452   46  131 6291.00000 5962.97789  5.21%   158 22321s
 5831100 2002477 6062.12609   35  172 6291.00000 5962.98183  5.21%   158 22325s
 5833430 2003216 6010.27665   45  182 6291.00000 5962.99400  5.21%   158 22334s
 5834569 2003558     cutoff   36      6291.00000 5962.99674  5.21%   158 22338s
 5835795 2003868     cutoff   41      6291.00000 5963.00066  5.21%   158 22342s
 5836999 2004281 6176.54664   40  127 6291.00000 5963.00389  5.21%   158 22347s
 5838391 2004627 6225.65582   41  180 6291.00000 5963.00862  5.21%   158 22352s
 5839612 2004903     cutoff   44      6291.00000 5963.01413  5.21%   158 22356s
 5840820 2005238 infeasible   48      6291.00000 5963.01948  5.21%   158 22360s
 5841985 2005604     cutoff   56      6291.00000 5963.02349  5.21%   158 22365s
 5844537 2006400 6251.65671   37  196 6291.00000 5963.03437  5.21%   158 22374s
 5845774 2006802     cutoff   49      6291.00000 5963.04117  5.21%   158 22378s
 5847202 2007151 6138.83258   39  146 6291.00000 5963.04681  5.21%   158 22383s
 5848505 2007576     cutoff   58      6291.00000 5963.05364  5.21%   158 22387s
 5849711 2007979     cutoff   41      6291.00000 5963.05895  5.21%   158 22391s
 5850912 2008308     cutoff   36      6291.00000 5963.06296  5.21%   158 22396s
 5852113 2008725 6036.43665   36  209 6291.00000 5963.06849  5.21%   158 22400s
 5853428 2008993 5989.87434   34  169 6291.00000 5963.07320  5.21%   158 22405s
 5854101 2009368     cutoff   38      6291.00000 5963.07409  5.21%   158 22410s
 5855323 2009726 5975.47333   40  210 6291.00000 5963.08088  5.21%   158 22415s
 5857953 2010497 infeasible   38      6291.00000 5963.09285  5.21%   158 22424s
 5858974 2010970 6168.20819   49  147 6291.00000 5963.09531  5.21%   158 22429s
 5860477 2011331 infeasible   44      6291.00000 5963.10055  5.21%   158 22434s
 5861851 2011758 6103.82199   58  153 6291.00000 5963.10350  5.21%   158 22438s
 5863196 2012151 6068.15475   42  179 6291.00000 5963.11001  5.21%   158 22443s
 5864462 2012558 6163.31426   43  143 6291.00000 5963.11468  5.21%   158 22447s
 5865719 2012933     cutoff   49      6291.00000 5963.11978  5.21%   158 22451s
 5866939 2013286 6032.25330   49  130 6291.00000 5963.12254  5.21%   158 22455s
 5868140 2013677 infeasible   45      6291.00000 5963.12759  5.21%   158 22460s
 5870679 2014400 6053.59370   32  185 6291.00000 5963.13812  5.21%   158 22468s
 5871924 2014814 6277.57883   52  219 6291.00000 5963.14136  5.21%   158 22473s
 5873239 2015123 6236.43559   41  195 6291.00000 5963.14389  5.21%   158 22477s
 5874383 2015453     cutoff   43      6291.00000 5963.15088  5.21%   158 22482s
 5875678 2015887 6137.06938   31  186 6291.00000 5963.15722  5.21%   158 22486s
 5876982 2016287 infeasible   44      6291.00000 5963.16355  5.21%   158 22490s
 5878250 2016567 6091.32020   40  219 6291.00000 5963.16667  5.21%   158 22495s
 5879121 2016977     cutoff   58      6291.00000 5963.17123  5.21%   158 22500s
 5880375 2017390 5968.64775   39  162 6291.00000 5963.17598  5.21%   158 22505s
 5883171 2018107 6059.15284   43  147 6291.00000 5963.18449  5.21%   158 22512s
 5884310 2018413 6021.67159   38  155 6291.00000 5963.18870  5.21%   158 22516s
 5885512 2018689 infeasible   41      6291.00000 5963.19169  5.21%   157 22520s
 5887779 2019445     cutoff   40      6291.00000 5963.20010  5.21%   157 22528s
 5889000 2019798 infeasible   51      6291.00000 5963.20548  5.21%   157 22533s
 5890223 2020153 6183.53664   35  145 6291.00000 5963.20995  5.21%   157 22538s
 5891303 2020404 6108.86667   52  130 6291.00000 5963.21373  5.21%   157 22542s
 5892067 2020773 5991.52714   34  182 6291.00000 5963.21500  5.21%   157 22547s
 5893242 2021029 6058.27955   38  266 6291.00000 5963.22078  5.21%   157 22551s
 5894337 2021485 infeasible   42      6291.00000 5963.22576  5.21%   157 22556s
 5895638 2021872 6178.67481   33  205 6291.00000 5963.23083  5.21%   157 22560s
 5896927 2022395 6055.24009   55   97 6291.00000 5963.23606  5.21%   157 22565s
 5899718 2023272 5988.27170   40  176 6291.00000 5963.24720  5.21%   157 22573s
 5900879 2023672 6238.59096   44  181 6291.00000 5963.25152  5.21%   157 22578s
 5902233 2024003     cutoff   53      6291.00000 5963.25787  5.21%   157 22582s
 5903379 2024427 6055.99598   38  132 6291.00000 5963.26078  5.21%   157 22586s
 5904637 2024853     cutoff   49      6291.00000 5963.26730  5.21%   157 22591s
 5905917 2025314 6172.77990   45  224 6291.00000 5963.27227  5.21%   157 22595s
 5907200 2025686 6182.82569   39  149 6291.00000 5963.27665  5.21%   157 22600s
 5909779 2026294 infeasible   49      6291.00000 5963.28812  5.21%   157 22608s
 5910779 2026595 5972.08039   45  304 6291.00000 5963.29253  5.21%   157 22613s
 5912009 2026970 infeasible   46      6291.00000 5963.29776  5.21%   157 22617s
 5913264 2027358 6078.91445   40  220 6291.00000 5963.30348  5.21%   157 22622s
 5914513 2027776 6110.26108   45  130 6291.00000 5963.30831  5.21%   157 22626s
 5915923 2028155 6257.49714   47  124 6291.00000 5963.31440  5.21%   157 22631s
 5917300 2028440 6065.79417   45  206 6291.00000 5963.31951  5.21%   157 22635s
 5918289 2028963 infeasible   32      6291.00000 5963.32381  5.21%   157 22641s
 5919828 2029371 5987.79538   37  252 6291.00000 5963.33045  5.21%   157 22647s
 5921319 2029744 5963.45596   46  194 6291.00000 5963.33578  5.21%   157 22652s
 5922515 2030272 5965.35030   44  269 6291.00000 5963.34324  5.21%   157 22656s
 5923981 2030651 6064.62323   41  151 6291.00000 5963.34718  5.21%   157 22661s
 5925305 2030994 5978.49638   41  198 6291.00000 5963.35366  5.21%   157 22666s
 5926489 2031396 6025.39915   39  236 6291.00000 5963.35798  5.21%   157 22670s
 5927757 2031811 6164.06193   55  159 6291.00000 5963.36189  5.21%   157 22675s
 5928990 2032139 6069.38470   32  165 6291.00000 5963.36712  5.21%   157 22680s
 5931802 2032981 6210.90708   57   86 6291.00000 5963.37669  5.21%   157 22689s
 5933018 2033416 infeasible   52      6291.00000 5963.38342  5.21%   157 22694s
 5934442 2033890 6067.34443   50  123 6291.00000 5963.38928  5.21%   157 22698s
 5935911 2034341 6081.88349   41  172 6291.00000 5963.39466  5.21%   157 22703s
 5937310 2034636     cutoff   47      6291.00000 5963.39906  5.21%   157 22707s
 5938574 2034932 5968.05167   43  278 6291.00000 5963.40400  5.21%   157 22712s
 5939561 2035282 6058.08569   44  232 6291.00000 5963.40649  5.21%   157 22716s
 5940753 2035669 6078.38044   39  161 6291.00000 5963.41296  5.21%   157 22721s
 5941973 2036116 6105.75103   57  190 6291.00000 5963.41856  5.21%   157 22725s
 5943344 2036363 6005.42386   43  185 6291.00000 5963.42426  5.21%   157 22730s
 5944544 2036716     cutoff   51      6291.00000 5963.42928  5.21%   157 22735s
 5946973 2037566 6196.76711   46  152 6291.00000 5963.43832  5.21%   157 22744s
 5948364 2037866 6194.17258   61   93 6291.00000 5963.44378  5.21%   157 22748s
 5949565 2038228 6225.92389   49  128 6291.00000 5963.44896  5.21%   157 22753s
 5950922 2038629 6092.93940   50  151 6291.00000 5963.45492  5.21%   157 22757s
 5952182 2039085 6043.98799   44  182 6291.00000 5963.45892  5.21%   157 22761s
 5953660 2039451 6170.07374   50  156 6291.00000 5963.46346  5.21%   157 22766s
 5955096 2039764 6065.40794   29  193 6291.00000 5963.46759  5.21%   157 22770s
 5956215 2040170 6206.15666   29  121 6291.00000 5963.47212  5.21%   157 22775s
 5957443 2040395 6073.54697   42  187 6291.00000 5963.47694  5.21%   157 22780s
 5959245 2040921 6055.21802   50  142 6291.00000 5963.48071  5.21%   157 22789s
 5959993 2041353 6077.12823   45  147 6291.00000 5963.48303  5.21%   157 22794s
 5961460 2041731 infeasible   46      6291.00000 5963.49255  5.21%   157 22799s
 5962866 2041967 infeasible   63      6291.00000 5963.49795  5.21%   157 22804s
 5964115 2042481 6185.19504   40  155 6291.00000 5963.50131  5.21%   157 22809s
 5965644 2042886 infeasible   47      6291.00000 5963.50561  5.21%   157 22813s
 5966940 2043358     cutoff   51      6291.00000 5963.51359  5.21%   157 22818s
 5968308 2043751 6166.26170   66  128 6291.00000 5963.51890  5.21%   157 22823s
 5969450 2044184 6101.85341   49  112 6291.00000 5963.52355  5.21%   157 22828s
 5970812 2044558 infeasible   41      6291.00000 5963.52997  5.21%   157 22833s
 5972077 2044940     cutoff   45      6291.00000 5963.53538  5.21%   157 22837s
 5973376 2045272 6178.08241   39  103 6291.00000 5963.54081  5.21%   157 22842s
 5974554 2045652 6238.44135   46  136 6291.00000 5963.54684  5.21%   157 22847s
 5975875 2046023 6173.70540   47   86 6291.00000 5963.55302  5.21%   157 22851s
 5977074 2046437 6003.88260   28  185 6291.00000 5963.55781  5.20%   157 22856s
 5978408 2046863 6166.18800   42  152 6291.00000 5963.56119  5.20%   157 22860s
 5979687 2047293 5975.99842   42  229 6291.00000 5963.56715  5.20%   157 22865s
 5982342 2048159 6063.22211   38  131 6291.00000 5963.58097  5.20%   157 22873s
 5983625 2048513 6084.20592   48  163 6291.00000 5963.58472  5.20%   157 22878s
 5984843 2048947 infeasible   48      6291.00000 5963.59077  5.20%   157 22882s
 5986154 2049363 6009.90354   50  166 6291.00000 5963.59739  5.20%   157 22886s
 5987598 2049739 6262.77989   68   93 6291.00000 5963.60103  5.20%   157 22891s
 5988862 2050083 6268.80121   58  127 6291.00000 5963.60581  5.20%   157 22895s
 5990169 2050489 infeasible   45      6291.00000 5963.61052  5.20%   157 22900s
 5992785 2051060 6062.99914   34  149 6291.00000 5963.62152  5.20%   157 22908s
 5993969 2051482 6058.88337   40  225 6291.00000 5963.62706  5.20%   157 22913s
 5995190 2051778     cutoff   41      6291.00000 5963.63091  5.20%   157 22917s
 5996253 2052187 6168.12472   48  178 6291.00000 5963.63621  5.20%   157 22922s
 5997751 2052623 6104.06303   46  284 6291.00000 5963.64017  5.20%   157 22926s
 5999001 2053023 6152.48005   61  178 6291.00000 5963.64798  5.20%   157 22930s
 6000250 2053389 5969.09287   39  118 6291.00000 5963.65284  5.20%   157 22935s
 6002781 2054126 6275.99699   63  105 6291.00000 5963.66432  5.20%   157 22943s
 6003978 2054508     cutoff   47      6291.00000 5963.66972  5.20%   157 22947s
 6005156 2054847 infeasible   45      6291.00000 5963.67539  5.20%   157 22952s
 6006352 2055204     cutoff   60      6291.00000 5963.68055  5.20%   157 22956s
 6007680 2055596 6135.91636   39  262 6291.00000 5963.68717  5.20%   157 22961s
 6008927 2055965 5964.83365   36  262 6291.00000 5963.69280  5.20%   157 22965s
 6010153 2056318 6049.13644   42  159 6291.00000 5963.69908  5.20%   157 22970s
 6011524 2056555     cutoff   37      6291.00000 5963.70533  5.20%   157 22975s
 6013984 2057137 6201.71913   50  192 6291.00000 5963.71495  5.20%   157 22984s
 6015290 2057499 6167.76917   57  138 6291.00000 5963.72101  5.20%   157 22988s
 6016553 2057902 infeasible   44      6291.00000 5963.72546  5.20%   157 22993s
 6018113 2058105 6252.98538   58   82 6291.00000 5963.73329  5.20%   157 22998s
 6018885 2058434 infeasible   50      6291.00000 5963.73652  5.20%   157 23002s
 6020189 2058838 6263.55933   53  178 6291.00000 5963.74257  5.20%   157 23007s
 6021547 2059079 6059.88911   39  221 6291.00000 5963.74870  5.20%   157 23012s
 6022378 2059519 6002.67600   33  187 6291.00000 5963.75180  5.20%   157 23016s
 6023830 2059906 6036.43483   51  180 6291.00000 5963.75463  5.20%   157 23021s
 6025071 2060344     cutoff   49      6291.00000 5963.75999  5.20%   157 23025s
 6026429 2060745 6146.00000   32   93 6291.00000 5963.76439  5.20%   157 23030s
 6029035 2061545 6020.25045   39  222 6291.00000 5963.77400  5.20%   157 23039s
 6030321 2061843 infeasible   43      6291.00000 5963.78167  5.20%   157 23043s
 6031606 2062218 6113.45918   37  207 6291.00000 5963.78730  5.20%   157 23047s
 6032921 2062537 infeasible   45      6291.00000 5963.79004  5.20%   157 23051s
 6034083 2062892 6178.86710   27  173 6291.00000 5963.79815  5.20%   157 23056s
 6035326 2063202     cutoff   50      6291.00000 5963.80525  5.20%   157 23060s
 6037625 2063841     cutoff   50      6291.00000 5963.81653  5.20%   157 23068s
 6038933 2064264 6072.00000   30   99 6291.00000 5963.82231  5.20%   157 23073s
 6040166 2064682 6193.03814   45  174 6291.00000 5963.82775  5.20%   157 23077s
 6041407 2064940 6185.59544   43  232 6291.00000 5963.83007  5.20%   157 23082s
 6042539 2065298 6285.85976   56   78 6291.00000 5963.83817  5.20%   157 23087s
 6043779 2065620 5964.66811   34  202 6291.00000 5963.84433  5.20%   157 23091s
 6044959 2066039 6169.05122   41  145 6291.00000 5963.84876  5.20%   157 23095s
 6046342 2066331 6066.77539   45   95 6291.00000 5963.85436  5.20%   157 23100s
 6048769 2067067 6067.73344   50  245 6291.00000 5963.86279  5.20%   157 23109s
 6050092 2067463 6206.18782   57  134 6291.00000 5963.87074  5.20%   157 23113s
 6051346 2067840 6084.62219   56  172 6291.00000 5963.87538  5.20%   157 23118s
 6052632 2068186 6184.46989   60   99 6291.00000 5963.88200  5.20%   157 23122s
 6054054 2068518 6108.35812   40  198 6291.00000 5963.88782  5.20%   157 23127s
 6055153 2068851     cutoff   46      6291.00000 5963.89427  5.20%   157 23131s
 6056425 2069199     cutoff   40      6291.00000 5963.90054  5.20%   157 23136s
 6057712 2069568 6100.16965   45  208 6291.00000 5963.90615  5.20%   157 23140s
 6058790 2069984 6185.02504   43  128 6291.00000 5963.91034  5.20%   157 23145s
 6060619 2070378 6068.00000   36  129 6291.00000 5963.91550  5.20%   157 23150s
 6062698 2070959 6104.79828   40  165 6291.00000 5963.92731  5.20%   157 23159s
 6063863 2071246 6182.67992   42  217 6291.00000 5963.93335  5.20%   157 23163s
 6065118 2071645 6096.36364   43  150 6291.00000 5963.93869  5.20%   157 23168s
 6066398 2071868     cutoff   40      6291.00000 5963.94446  5.20%   157 23174s
 6067111 2071975 infeasible   36      6291.00000 5963.94721  5.20%   157 23179s
 6067458 2072318 6063.49605   37  125 6291.00000 5963.94775  5.20%   157 23186s
 6068463 2072602 6204.96050   52  202 6291.00000 5963.94775  5.20%   157 23193s
 6069580 2072982 5988.91074   38   93 6291.00000 5963.94920  5.20%   157 23201s
 6071034 2073508 6067.88138   31  180 6291.00000 5963.95190  5.20%   157 23208s
 6072964 2074067     cutoff   63      6291.00000 5963.97258  5.20%   157 23214s
 6074915 2074525 5984.09213   47  179 6291.00000 5963.98086  5.20%   157 23220s
 6076542 2075039 6166.54254   49   95 6291.00000 5963.98925  5.20%   157 23226s
 6078150 2075533 6150.79609   40   92 6291.00000 5963.99741  5.20%   157 23232s
 6079651 2075863 6123.82794   33  118 6291.00000 5964.00000  5.20%   157 23237s
 6080830 2076262     cutoff   39      6291.00000 5964.00000  5.20%   157 23242s
 6082037 2076751 6160.53542   32  174 6291.00000 5964.00000  5.20%   157 23248s
 6083495 2077242 infeasible   31      6291.00000 5964.00432  5.20%   157 23253s
 6084885 2077587 6018.40421   48  213 6291.00000 5964.00960  5.20%   157 23257s
 6086162 2078009     cutoff   49      6291.00000 5964.01348  5.20%   157 23261s
 6087428 2078290     cutoff   62      6291.00000 5964.01867  5.20%   157 23266s
 6088371 2078627 6054.31578   41  181 6291.00000 5964.02294  5.20%   157 23270s
 6089575 2078920 6174.33920   42  220 6291.00000 5964.02774  5.20%   157 23275s
 6091873 2079671 5995.83399   43  196 6291.00000 5964.03746  5.20%   157 23284s
 6093223 2079970     cutoff   47      6291.00000 5964.04258  5.20%   157 23288s
 6094459 2080409 6049.61178   44  198 6291.00000 5964.04624  5.20%   157 23293s
 6095787 2080797 6068.75360   51  246 6291.00000 5964.05268  5.20%   157 23297s
 6097077 2081164     cutoff   39      6291.00000 5964.05839  5.20%   157 23301s
 6098136 2081466 6248.00002   49  139 6291.00000 5964.06429  5.20%   157 23306s
 6099433 2081738     cutoff   40      6291.00000 5964.07074  5.20%   157 23311s
 6100654 2082083 6072.78752   38  101 6291.00000 5964.07441  5.20%   157 23315s
 6101889 2082414     cutoff   45      6291.00000 5964.08317  5.20%   157 23320s
 6103178 2082717 6063.55193   42  163 6291.00000 5964.08896  5.20%   157 23325s
 6104217 2083158 6073.62299   49  177 6291.00000 5964.09039  5.20%   157 23330s
 6105564 2083438 6093.86248   43  198 6291.00000 5964.09298  5.20%   157 23335s
 6106636 2083933 6187.93617   37  206 6291.00000 5964.09793  5.20%   157 23340s
 6108907 2084297 5964.39799   36  224 6291.00000 5964.10943  5.20%   157 23345s
 6110804 2085110 5964.70421   40  205 6291.00000 5964.12000  5.20%   157 23354s
 6112195 2085470 6000.91578   47  114 6291.00000 5964.12578  5.20%   157 23358s
 6113426 2085866 infeasible   50      6291.00000 5964.12893  5.20%   157 23363s
 6114667 2086326 5964.87406   43  241 6291.00000 5964.13496  5.20%   157 23368s
 6115942 2086672     cutoff   55      6291.00000 5964.14059  5.20%   157 23372s
 6117289 2087066 6065.26566   34  161 6291.00000 5964.14645  5.20%   157 23377s
 6118554 2087441 infeasible   45      6291.00000 5964.15181  5.20%   157 23381s
 6119742 2087759 6117.72855   40  172 6291.00000 5964.15750  5.20%   157 23386s
 6121146 2088107 6282.49668   48  138 6291.00000 5964.16282  5.20%   157 23390s
 6122269 2088481 6271.05909   52  138 6291.00000 5964.16662  5.20%   157 23395s
 6124642 2089167     cutoff   52      6291.00000 5964.17911  5.20%   157 23404s
 6125845 2089564 6081.90405   34  177 6291.00000 5964.18320  5.19%   157 23408s
 6127146 2089916     cutoff   59      6291.00000 5964.18737  5.19%   157 23413s
 6128560 2090208     cutoff   38      6291.00000 5964.19530  5.19%   157 23417s
 6129737 2090546 6268.25842   60  115 6291.00000 5964.19894  5.19%   157 23421s
 6130930 2090905 6179.00000   29  116 6291.00000 5964.20558  5.19%   157 23425s
 6132094 2091306 infeasible   46      6291.00000 5964.21006  5.19%   157 23430s
 6133221 2091654 6197.67172   38  152 6291.00000 5964.21487  5.19%   157 23435s
 6135826 2092413 6172.00000   36   96 6291.00000 5964.22864  5.19%   157 23443s
 6137072 2092854 infeasible   41      6291.00000 5964.23250  5.19%   157 23448s
 6138370 2093151 6058.08058   35  113 6291.00000 5964.23777  5.19%   157 23453s
 6139637 2093465 6102.03867   41   95 6291.00000 5964.24160  5.19%   157 23458s
 6140890 2093883 6190.86650   39  123 6291.00000 5964.24547  5.19%   157 23462s
 6142350 2094181     cutoff   45      6291.00000 5964.25170  5.19%   157 23466s
 6143399 2094498 5986.38045   36  206 6291.00000 5964.25650  5.19%   157 23471s
 6144539 2094943 6061.77573   34  210 6291.00000 5964.26177  5.19%   157 23475s
 6147174 2095792 infeasible   42      6291.00000 5964.27318  5.19%   157 23484s
 6148431 2096123     cutoff   48      6291.00000 5964.27800  5.19%   157 23488s
 6149680 2096555 6063.73321   38  189 6291.00000 5964.28392  5.19%   157 23492s
 6150978 2096778 infeasible   47      6291.00000 5964.28973  5.19%   157 23498s
 6151661 2097085 5993.80171   43  194 6291.00000 5964.29123  5.19%   157 23502s
 6152812 2097512 6157.47032   54  116 6291.00000 5964.29123  5.19%   157 23507s
 6154065 2097905 6077.88478   42  225 6291.00000 5964.30262  5.19%   157 23511s
 6155500 2098293 6065.93565   43  202 6291.00000 5964.30739  5.19%   157 23516s
 6156760 2098716 6242.18711   58  106 6291.00000 5964.31368  5.19%   157 23521s
 6158086 2099202 6206.57022   48   88 6291.00000 5964.31914  5.19%   157 23525s
 6159385 2099553     cutoff   44      6291.00000 5964.32567  5.19%   157 23530s
 6161796 2100294 5997.17483   46  244 6291.00000 5964.33480  5.19%   157 23539s
 6163071 2100738 6114.89314   65  152 6291.00000 5964.34090  5.19%   157 23543s
 6164379 2101061 5964.77106   49  151 6291.00000 5964.34684  5.19%   157 23547s
 6165757 2101350 infeasible   48      6291.00000 5964.35113  5.19%   157 23552s
 6167002 2101702 6152.26524   43  126 6291.00000 5964.35527  5.19%   157 23556s
 6168265 2102057 5982.63514   40  184 6291.00000 5964.36179  5.19%   157 23561s
 6169389 2102385 6086.02518   37  104 6291.00000 5964.36762  5.19%   157 23565s
 6171806 2103141 6072.00000   57   70 6291.00000 5964.37912  5.19%   157 23574s
 6173156 2103531 5972.25605   40  230 6291.00000 5964.38574  5.19%   157 23578s
 6174432 2103869 6130.21484   57  157 6291.00000 5964.39015  5.19%   157 23583s
 6175880 2104265 6180.46769   36  239 6291.00000 5964.39536  5.19%   157 23587s
 6177111 2104485 6250.45825   36   89 6291.00000 5964.40002  5.19%   157 23591s
 6178217 2104778 6160.46932   59  155 6291.00000 5964.40390  5.19%   157 23595s
 6180536 2105538     cutoff   47      6291.00000 5964.41224  5.19%   157 23603s
 6181742 2105927 5991.75425   43  278 6291.00000 5964.41710  5.19%   157 23608s
 6182916 2106275 6283.85284   45  140 6291.00000 5964.42109  5.19%   157 23612s
 6184095 2106600 6091.02443   46  136 6291.00000 5964.42717  5.19%   157 23617s
 6185197 2106983 5973.63296   38  272 6291.00000 5964.43328  5.19%   157 23621s
 6186481 2107327 infeasible   47      6291.00000 5964.43664  5.19%   157 23625s
 6187786 2107685 6189.48092   51  182 6291.00000 5964.44215  5.19%   157 23630s
 6190353 2108297 6165.36983   55  118 6291.00000 5964.45356  5.19%   157 23639s
 6191179 2108732     cutoff   57      6291.00000 5964.45547  5.19%   157 23644s
 6192397 2109178 infeasible   48      6291.00000 5964.45776  5.19%   157 23649s
 6193902 2109433 6163.83375   45   98 6291.00000 5964.46861  5.19%   157 23652s
 6194949 2109784 6005.84808   51  140 6291.00000 5964.47360  5.19%   157 23656s
 6196117 2110234 6066.41899   39  242 6291.00000 5964.47855  5.19%   157 23661s
 6197429 2110606 6139.10730   49  133 6291.00000 5964.48529  5.19%   157 23665s
 6199885 2111329 6125.83331   35  192 6291.00000 5964.49605  5.19%   157 23673s
 6201169 2111610 infeasible   37      6291.00000 5964.50074  5.19%   157 23678s
 6202524 2111898 6012.60950   29  142 6291.00000 5964.50384  5.19%   157 23682s
 6203664 2112322 6219.18657   51  151 6291.00000 5964.50882  5.19%   157 23686s
 6204909 2112717 6011.34292   47  183 6291.00000 5964.51296  5.19%   157 23691s
 6206142 2112994     cutoff   46      6291.00000 5964.51895  5.19%   157 23695s
 6208664 2113595 6112.22540   61  155 6291.00000 5964.53125  5.19%   157 23703s
 6209942 2113909 6150.01813   39  169 6291.00000 5964.53627  5.19%   157 23708s
 6211098 2114239 6078.89404   49  192 6291.00000 5964.54237  5.19%   157 23712s
 6212361 2114683 6267.15363   63  119 6291.00000 5964.54840  5.19%   157 23716s
 6213689 2115028     cutoff   46      6291.00000 5964.55581  5.19%   157 23721s
 6214904 2115352 6117.43129   48  171 6291.00000 5964.56217  5.19%   157 23725s
 6217374 2116071 6067.35786   41  185 6291.00000 5964.57122  5.19%   157 23734s
 6218656 2116489 infeasible   48      6291.00000 5964.57771  5.19%   157 23738s
 6220043 2116862     cutoff   42      6291.00000 5964.58292  5.19%   157 23743s
 6221257 2117060 6061.64794   54  196 6291.00000 5964.58684  5.19%   157 23747s
 6222274 2117391 6131.40519   51  141 6291.00000 5964.59256  5.19%   157 23751s
 6223449 2117736 6111.06647   38  201 6291.00000 5964.59648  5.19%   157 23756s
 6224678 2118119 6065.37521   39  171 6291.00000 5964.60349  5.19%   157 23761s
 6226045 2118398     cutoff   56      6291.00000 5964.60823  5.19%   157 23765s
 6227190 2118763 infeasible   35      6291.00000 5964.61309  5.19%   157 23770s
 6229566 2119519 infeasible   49      6291.00000 5964.62233  5.19%   157 23779s
 6231003 2119901 6107.89302   48  220 6291.00000 5964.62908  5.19%   157 23783s
 6232071 2120329     cutoff   41      6291.00000 5964.63511  5.19%   157 23787s
 6233292 2120588 infeasible   50      6291.00000 5964.63958  5.19%   157 23792s
 6234469 2120853 infeasible   34      6291.00000 5964.64505  5.19%   157 23796s
 6235608 2121170     cutoff   40      6291.00000 5964.65164  5.19%   157 23801s
 6236824 2121552     cutoff   60      6291.00000 5964.65641  5.19%   157 23805s
 6239243 2122144 infeasible   42      6291.00000 5964.66841  5.19%   157 23814s
 6240377 2122549 infeasible   38      6291.00000 5964.67635  5.19%   157 23819s
 6241540 2123017 5964.91878   44  247 6291.00000 5964.68107  5.19%   157 23824s
 6242878 2123373 5999.00786   78  123 6291.00000 5964.68886  5.19%   157 23828s
 6244029 2123719 6226.50606   59  146 6291.00000 5964.69394  5.19%   157 23833s
 6245351 2124200 5964.83528   39  226 6291.00000 5964.70108  5.19%   157 23838s
 6246786 2124560 6067.08230   52  165 6291.00000 5964.70578  5.19%   157 23842s
 6247906 2124913     cutoff   43      6291.00000 5964.71125  5.19%   157 23847s
 6249176 2125303 6177.76834   45  145 6291.00000 5964.71591  5.19%   157 23852s
 6250369 2125574 6264.42817   41   78 6291.00000 5964.72037  5.19%   157 23856s
 6251633 2125959 6066.61245   37  101 6291.00000 5964.72952  5.19%   157 23861s
 6252938 2126290     cutoff   50      6291.00000 5964.73351  5.19%   157 23866s
 6253979 2126732 6147.82501   48  161 6291.00000 5964.73558  5.19%   157 23871s
 6255291 2127077 5969.37986   44  154 6291.00000 5964.74029  5.19%   157 23875s
 6256621 2127462 5965.80647   56  193 6291.00000 5964.74862  5.19%   157 23880s
 6257813 2127869 6186.74024   44  149 6291.00000 5964.75338  5.19%   157 23885s
 6259122 2128216     cutoff   50      6291.00000 5964.75774  5.19%   157 23890s
 6261666 2129006 6102.51776   47  155 6291.00000 5964.76882  5.19%   157 23899s
 6263121 2129410 6096.21702   46  142 6291.00000 5964.77373  5.19%   157 23903s
 6264324 2129896 6088.63232   52  182 6291.00000 5964.77877  5.19%   157 23908s
 6265694 2130248 6065.73979   32  123 6291.00000 5964.78519  5.19%   157 23913s
 6266993 2130546 6095.18197   39  141 6291.00000 5964.78927  5.19%   157 23918s
 6267947 2130931 6087.42928   47  167 6291.00000 5964.79198  5.19%   157 23923s
 6269082 2131410 6064.77913   36   73 6291.00000 5964.79922  5.19%   157 23928s
 6270650 2131845 6022.52830   33  189 6291.00000 5964.80591  5.19%   157 23933s
 6272032 2132135     cutoff   53      6291.00000 5964.81058  5.19%   157 23938s
 6273320 2132501     cutoff   30      6291.00000 5964.81668  5.18%   157 23943s
 6274608 2132934     cutoff   48      6291.00000 5964.82228  5.18%   157 23947s
 6275928 2133359     cutoff   61      6291.00000 5964.82965  5.18%   157 23952s
 6277342 2133744     cutoff   43      6291.00000 5964.83432  5.18%   157 23957s
 6278574 2134157 6142.57687   40  118 6291.00000 5964.84146  5.18%   157 23961s
 6279996 2134517 6267.00000   41  110 6291.00000 5964.84771  5.18%   157 23966s
 6281331 2134904 6065.63407   35  137 6291.00000 5964.85295  5.18%   157 23971s
 6282630 2135408 6179.29603   39  214 6291.00000 5964.86098  5.18%   157 23975s
 6284061 2135692 6087.07530   47  195 6291.00000 5964.86460  5.18%   157 23980s
 6285257 2136174 6005.84370   46  137 6291.00000 5964.87197  5.18%   157 23985s
 6288194 2137041 6068.19686   56  133 6291.00000 5964.88420  5.18%   157 23994s
 6289364 2137482 6176.25683   44  135 6291.00000 5964.88979  5.18%   157 23998s
 6290711 2137863 infeasible   39      6291.00000 5964.89197  5.18%   157 24003s
 6292028 2138291 6112.62556   52   98 6291.00000 5964.89793  5.18%   157 24007s
 6293204 2138651 6066.81824   40  106 6291.00000 5964.90211  5.18%   157 24011s
 6294478 2139022     cutoff   61      6291.00000 5964.90792  5.18%   157 24016s
 6295688 2139344 6195.14148   57  116 6291.00000 5964.91424  5.18%   157 24020s
 6298105 2140105     cutoff   54      6291.00000 5964.92692  5.18%   157 24028s
 6299380 2140432 6096.47149   54  158 6291.00000 5964.93333  5.18%   157 24033s
 6300550 2140751 6153.37512   38  118 6291.00000 5964.93937  5.18%   157 24037s
 6301753 2141067 6178.29472   45  162 6291.00000 5964.94419  5.18%   157 24042s
 6303026 2141408 6076.42944   35  199 6291.00000 5964.95217  5.18%   157 24047s
 6304245 2141720 5969.12255   33  252 6291.00000 5964.95669  5.18%   157 24051s
 6305495 2142107 6060.53410   44  197 6291.00000 5964.96260  5.18%   157 24056s
 6306731 2142534 6175.07691   37  165 6291.00000 5964.96991  5.18%   157 24061s
 6308055 2142908     cutoff   41      6291.00000 5964.97427  5.18%   157 24066s
 6309350 2143260     cutoff   44      6291.00000 5964.98044  5.18%   157 24070s
 6310767 2143560 6182.19720   40  155 6291.00000 5964.98422  5.18%   157 24075s
 6313043 2144295     cutoff   48      6291.00000 5964.99479  5.18%   157 24083s
 6314286 2144667 5989.17625   56  112 6291.00000 5964.99886  5.18%   157 24088s
 6315527 2145006 6090.24381   45  117 6291.00000 5965.00400  5.18%   157 24093s
 6316974 2145323 6015.94311   33  159 6291.00000 5965.00983  5.18%   157 24097s
 6318156 2145671 6136.34568   50  164 6291.00000 5965.01600  5.18%   157 24102s
 6319285 2146038 6211.42559   45  252 6291.00000 5965.02149  5.18%   157 24106s
 6320585 2146520 infeasible   46      6291.00000 5965.02727  5.18%   157 24111s
 6321948 2146754 6068.39772   49  200 6291.00000 5965.03400  5.18%   157 24115s
 6323004 2147148 6143.89865   48  128 6291.00000 5965.03692  5.18%   157 24120s
 6325676 2147944 6266.60450   46  195 6291.00000 5965.04957  5.18%   157 24129s
 6326947 2148262 infeasible   55      6291.00000 5965.05578  5.18%   157 24133s
 6327918 2148547 6156.74540   60  117 6291.00000 5965.06043  5.18%   157 24138s
 6329106 2149008 6173.26126   51  109 6291.00000 5965.06532  5.18%   157 24142s
 6330490 2149312 6167.41853   37  167 6291.00000 5965.07158  5.18%   157 24147s
 6331769 2149682 6179.46844   50  166 6291.00000 5965.07821  5.18%   157 24151s
 6332932 2149948 6261.07803   44  124 6291.00000 5965.08462  5.18%   157 24156s
 6334230 2150289 6032.01195   49  173 6291.00000 5965.08959  5.18%   157 24160s
 6335563 2150619 6062.68747   37  136 6291.00000 5965.09495  5.18%   157 24165s
 6338011 2151350     cutoff   46      6291.00000 5965.10570  5.18%   157 24174s
 6339191 2151685     cutoff   38      6291.00000 5965.11205  5.18%   157 24178s
 6340438 2152042 6100.94114   43  170 6291.00000 5965.11831  5.18%   157 24183s
 6341718 2152373 infeasible   41      6291.00000 5965.12260  5.18%   157 24188s
 6343003 2152796 6162.29468   46  214 6291.00000 5965.12782  5.18%   157 24192s
 6344359 2153177 6068.52441   43  152 6291.00000 5965.13366  5.18%   157 24197s
 6345496 2153638     cutoff   43      6291.00000 5965.13857  5.18%   157 24201s
 6346853 2153983 6184.53913   47  150 6291.00000 5965.14463  5.18%   157 24206s
 6348013 2154425     cutoff   35      6291.00000 5965.15110  5.18%   157 24210s
 6350673 2155104 infeasible   36      6291.00000 5965.16440  5.18%   157 24219s
 6351510 2155474 infeasible   35      6291.00000 5965.16560  5.18%   157 24223s
 6352763 2155875 6267.03639   57   96 6291.00000 5965.16894  5.18%   157 24228s
 6354034 2156237 6068.50000   40  126 6291.00000 5965.17640  5.18%   157 24233s
 6355198 2156593 6191.02249   40  130 6291.00000 5965.18381  5.18%   157 24237s
 6356594 2156975 6144.31618   45  149 6291.00000 5965.19162  5.18%   157 24242s
 6357762 2157333 infeasible   43      6291.00000 5965.19592  5.18%   157 24246s
 6359057 2157665 6063.42123   46  161 6291.00000 5965.20333  5.18%   156 24251s
 6360239 2158064 6068.48266   63  101 6291.00000 5965.20946  5.18%   156 24256s
 6361587 2158475     cutoff   60      6291.00000 5965.21474  5.18%   156 24260s
 6362884 2158800 6065.81873   38  129 6291.00000 5965.21914  5.18%   156 24265s
 6365317 2159467 6089.83267   39  214 6291.00000 5965.23155  5.18%   156 24274s
 6366572 2159831 infeasible   33      6291.00000 5965.23460  5.18%   156 24278s
 6367848 2160157     cutoff   53      6291.00000 5965.24132  5.18%   156 24283s
 6369178 2160321 infeasible   32      6291.00000 5965.24794  5.18%   156 24288s
 6369880 2160664 6073.85805   64  101 6291.00000 5965.24970  5.18%   156 24292s
 6371082 2161042 infeasible   69      6291.00000 5965.24980  5.18%   156 24297s
 6372295 2161477     cutoff   43      6291.00000 5965.25984  5.18%   156 24302s
 6373632 2161894     cutoff   53      6291.00000 5965.26273  5.18%   156 24306s
 6374942 2162400 6005.87846   51  176 6291.00000 5965.27040  5.18%   156 24311s
 6376369 2162719     cutoff   61      6291.00000 5965.27610  5.18%   156 24315s
 6377623 2163078 6253.23286   49  124 6291.00000 5965.28190  5.18%   156 24320s
 6380232 2163867 6172.40854   50  174 6291.00000 5965.29830  5.18%   156 24329s
 6381400 2164216 6066.40000   30  127 6291.00000 5965.30473  5.18%   156 24334s
 6382625 2164666 6198.95334   29  193 6291.00000 5965.30930  5.18%   156 24339s
 6383940 2165112 6097.45821   59  131 6291.00000 5965.31634  5.18%   156 24343s
 6385273 2165522 6181.72268   53  180 6291.00000 5965.32172  5.18%   156 24347s
 6386594 2165895     cutoff   40      6291.00000 5965.32791  5.18%   156 24352s
 6387972 2166329     cutoff   58      6291.00000 5965.33531  5.18%   156 24357s
 6389313 2166745 6089.30586   46  121 6291.00000 5965.33996  5.18%   156 24361s
 6390667 2167092 6062.63308   32  240 6291.00000 5965.34559  5.18%   156 24366s
 6391854 2167458     cutoff   46      6291.00000 5965.35239  5.18%   156 24370s
 6393191 2167711 6186.40780   59   86 6291.00000 5965.36007  5.18%   156 24375s
 6394382 2168099 5989.26667   41  108 6291.00000 5965.36554  5.18%   156 24380s
 6396966 2168858 6250.00000   54   75 6291.00000 5965.37700  5.18%   156 24388s
 6398141 2169272 5994.46511   51  146 6291.00000 5965.38177  5.18%   156 24392s
 6399466 2169680 6128.90131   47  231 6291.00000 5965.38707  5.18%   156 24396s
 6400780 2170075     cutoff   58      6291.00000 5965.39324  5.18%   156 24401s
 6402002 2170355 6168.71102   35  162 6291.00000 5965.39785  5.18%   156 24405s
 6404325 2171117 6133.60092   44  166 6291.00000 5965.40731  5.18%   156 24413s
 6405594 2171477 infeasible   35      6291.00000 5965.41261  5.18%   156 24418s
 6406776 2171816 5996.77243   38  256 6291.00000 5965.41739  5.18%   156 24423s
 6407922 2172229 6004.49721   34  264 6291.00000 5965.42267  5.18%   156 24427s
 6409174 2172571 6284.00000   45   91 6291.00000 5965.42984  5.18%   156 24431s
 6410389 2172940 6164.51188   43   82 6291.00000 5965.43533  5.18%   156 24436s
 6411671 2173174     cutoff   44      6291.00000 5965.44218  5.17%   156 24441s
 6412706 2173597 6078.07945   48  131 6291.00000 5965.44444  5.17%   156 24445s
 6415358 2174121 6078.85620   64   55 6291.00000 5965.45580  5.17%   156 24455s
 6417560 2175087 6010.83653   51  154 6291.00000 5965.46632  5.17%   156 24464s
 6418847 2175522 6103.91819   45  205 6291.00000 5965.47190  5.17%   156 24468s
 6420194 2175846 6199.08868   69  136 6291.00000 5965.47626  5.17%   156 24473s
 6421388 2176164 6184.36350   42  108 6291.00000 5965.48202  5.17%   156 24478s
 6422702 2176525 6108.84614   31  199 6291.00000 5965.48862  5.17%   156 24483s
 6424011 2176908 6063.82719   53  169 6291.00000 5965.49520  5.17%   156 24488s
 6425315 2177333 6002.00745   50  218 6291.00000 5965.50026  5.17%   156 24492s
 6426638 2177687     cutoff   54      6291.00000 5965.50504  5.17%   156 24497s
 6427778 2178072     cutoff   47      6291.00000 5965.51051  5.17%   156 24501s
 6429069 2178441 6063.27474   47  115 6291.00000 5965.51582  5.17%   156 24505s
 6430428 2178812 6186.00000   38  114 6291.00000 5965.52205  5.17%   156 24510s
 6433160 2179509 infeasible   50      6291.00000 5965.53288  5.17%   156 24519s
 6434338 2180057 6151.77260   49  161 6291.00000 5965.53663  5.17%   156 24523s
 6435732 2180487 6039.23634   34  205 6291.00000 5965.54072  5.17%   156 24527s
 6436888 2180822     cutoff   37      6291.00000 5965.54763  5.17%   156 24531s
 6438049 2181305     cutoff   50      6291.00000 5965.55242  5.17%   156 24535s
 6440587 2182001 infeasible   53      6291.00000 5965.56217  5.17%   156 24543s
 6441674 2182324 6215.16999   38  136 6291.00000 5965.56772  5.17%   156 24547s
 6442815 2182588 6120.38897   41  281 6291.00000 5965.57293  5.17%   156 24552s
 6443893 2182946 6192.45371   44  110 6291.00000 5965.57937  5.17%   156 24556s
 6445231 2183326 infeasible   43      6291.00000 5965.58570  5.17%   156 24560s
 6447615 2183829 6285.56354   52  198 6291.00000 5965.59500  5.17%   156 24568s
 6448930 2184153 6283.00000   44  121 6291.00000 5965.59844  5.17%   156 24573s
 6450206 2184451 infeasible   30      6291.00000 5965.60338  5.17%   156 24578s
 6451453 2184829     cutoff   49      6291.00000 5965.60822  5.17%   156 24582s
 6452571 2185122 6151.99023   50  189 6291.00000 5965.61306  5.17%   156 24587s
 6453583 2185390 5967.70765   37  143 6291.00000 5965.61917  5.17%   156 24592s
 6454740 2185780     cutoff   37      6291.00000 5965.62335  5.17%   156 24597s
 6456105 2186224 6146.67667   36  196 6291.00000 5965.63026  5.17%   156 24602s
 6457440 2186675     cutoff   46      6291.00000 5965.63475  5.17%   156 24606s
 6458857 2187048 6117.83013   55  102 6291.00000 5965.64233  5.17%   156 24611s
 6460008 2187486 5992.33563   53  238 6291.00000 5965.64700  5.17%   156 24616s
 6461354 2187869 6062.61064   39  146 6291.00000 5965.65436  5.17%   156 24620s
 6462624 2188372 6268.06796   52  153 6291.00000 5965.66024  5.17%   156 24625s
 6465551 2189083 6210.64383   42  140 6291.00000 5965.67371  5.17%   156 24634s
 6466840 2189438 6169.06054   37  215 6291.00000 5965.67551  5.17%   156 24639s
 6468121 2189864 6185.13369   50  123 6291.00000 5965.68407  5.17%   156 24643s
 6469520 2190291 6166.00000   54   78 6291.00000 5965.68998  5.17%   156 24647s
 6470729 2190647 5969.37646   42  124 6291.00000 5965.69455  5.17%   156 24651s
 6471975 2190901 6168.80336   49  104 6291.00000 5965.69886  5.17%   156 24656s
 6473059 2191359 6060.28072   37  127 6291.00000 5965.70460  5.17%   156 24660s
 6474464 2191774 6161.36033   37  191 6291.00000 5965.70928  5.17%   156 24665s
 6476823 2192525     cutoff   44      6291.00000 5965.71806  5.17%   156 24673s
 6478030 2192838 5966.54962   38  199 6291.00000 5965.72489  5.17%   156 24678s
 6479034 2193229 infeasible   53      6291.00000 5965.72923  5.17%   156 24682s
 6480319 2193647     cutoff   56      6291.00000 5965.73375  5.17%   156 24687s
 6481667 2193937 6262.25619   35  207 6291.00000 5965.73996  5.17%   156 24691s
 6482818 2194251 infeasible   51      6291.00000 5965.74596  5.17%   156 24695s
 6484007 2194630 infeasible   45      6291.00000 5965.75233  5.17%   156 24700s
 6486620 2195226 6164.06072   46  122 6291.00000 5965.76224  5.17%   156 24708s
 6487835 2195592 6267.69583   52  138 6291.00000 5965.76721  5.17%   156 24713s
 6489041 2195948 infeasible   47      6291.00000 5965.77291  5.17%   156 24717s
 6490263 2196208 infeasible   38      6291.00000 5965.77773  5.17%   156 24722s
 6491237 2196516 6180.68714   37  149 6291.00000 5965.77773  5.17%   156 24727s
 6492490 2196908 6006.00008   41  160 6291.00000 5965.78722  5.17%   156 24731s
 6493726 2197225 6209.96745   49  106 6291.00000 5965.79506  5.17%   156 24736s
 6494817 2197640 6123.29988   67  209 6291.00000 5965.79943  5.17%   156 24740s
 6496158 2197996 infeasible   32      6291.00000 5965.80471  5.17%   156 24745s
 6498694 2198759 6055.74742   36  141 6291.00000 5965.81435  5.17%   156 24754s
 6499975 2199152 6064.28506   46  195 6291.00000 5965.81946  5.17%   156 24759s
 6501232 2199544 6111.24496   49  141 6291.00000 5965.82456  5.17%   156 24763s
 6502375 2199887     cutoff   57      6291.00000 5965.83371  5.17%   156 24768s
 6503559 2200322     cutoff   63      6291.00000 5965.83886  5.17%   156 24772s
 6504888 2200794 6287.00819   59  110 6291.00000 5965.84487  5.17%   156 24777s
 6506195 2201223 5988.45974   44  282 6291.00000 5965.85100  5.17%   156 24781s
 6507382 2201513 6192.60768   30  138 6291.00000 5965.85746  5.17%   156 24785s
 6508373 2201838 6062.00000   46  108 6291.00000 5965.86169  5.17%   156 24790s
 6510836 2202534 6068.68240   49  139 6291.00000 5965.87677  5.17%   156 24799s
 6511949 2202868     cutoff   45      6291.00000 5965.88162  5.17%   156 24804s
 6513111 2203257 5968.73762   34  240 6291.00000 5965.88928  5.17%   156 24809s
 6514588 2203608 6187.22222   53  111 6291.00000 5965.89567  5.17%   156 24814s
 6515918 2203927 6073.25471   49  161 6291.00000 5965.90294  5.17%   156 24818s
 6517099 2204306 6179.05747   38  164 6291.00000 5965.90868  5.17%   156 24823s
 6518327 2204615 6063.24638   36  174 6291.00000 5965.91439  5.17%   156 24828s
 6519497 2204929 6065.76719   31  175 6291.00000 5965.91915  5.17%   156 24832s
 6520860 2205223 6226.93075   58   91 6291.00000 5965.92744  5.17%   156 24837s
 6522155 2205579 6072.54635   42  213 6291.00000 5965.93359  5.17%   156 24842s
 6523455 2205920     cutoff   55      6291.00000 5965.93834  5.17%   156 24846s
 6524721 2206306 6207.98279   47  237 6291.00000 5965.94263  5.17%   156 24851s
 6525995 2206611 6164.12642   51  118 6291.00000 5965.94972  5.17%   156 24855s
 6528519 2207151     cutoff   49      6291.00000 5965.95781  5.17%   156 24864s
 6529233 2207559 infeasible   51      6291.00000 5965.96339  5.17%   156 24868s
 6530580 2207882 6005.69666   51  135 6291.00000 5965.97223  5.17%   156 24873s
 6531731 2208364 6066.72036   48  173 6291.00000 5965.97695  5.17%   156 24878s
 6533115 2208752     cutoff   46      6291.00000 5965.98279  5.17%   156 24882s
 6534457 2209076 6250.94396   59  243 6291.00000 5965.99157  5.17%   156 24887s
 6535711 2209492 6068.17805   72  208 6291.00000 5965.99604  5.17%   156 24891s
 6536979 2209745     cutoff   39      6291.00000 5966.00000  5.17%   156 24896s
 6538186 2210057 infeasible   47      6291.00000 5966.00197  5.17%   156 24900s
 6539373 2210445 6016.42122   48  171 6291.00000 5966.00750  5.17%   156 24905s
 6540766 2210814 6267.25156   47   85 6291.00000 5966.01359  5.17%   156 24910s
 6543305 2211598     cutoff   55      6291.00000 5966.02498  5.17%   156 24919s
 6544467 2211971 6257.58584   43  111 6291.00000 5966.03157  5.17%   156 24923s
 6545755 2212375 6107.78199   46  240 6291.00000 5966.03741  5.17%   156 24928s
 6547018 2212727 6102.34779   55  137 6291.00000 5966.04315  5.17%   156 24933s
 6548287 2212995 6120.85003   41  178 6291.00000 5966.04932  5.17%   156 24937s
 6549290 2213363 6088.52758   36  187 6291.00000 5966.05298  5.17%   156 24942s
 6550501 2213746 6005.09902   46  175 6291.00000 5966.05981  5.17%   156 24947s
 6551686 2214156     cutoff   45      6291.00000 5966.06452  5.17%   156 24952s
 6553079 2214525     cutoff   45      6291.00000 5966.07114  5.16%   156 24956s
 6554370 2214877 6067.81514   45  240 6291.00000 5966.07763  5.16%   156 24961s
 6555680 2215250 6184.99925   49  115 6291.00000 5966.08382  5.16%   156 24966s
 6557030 2215574 6201.50000   40  139 6291.00000 5966.08823  5.16%   156 24970s
 6558123 2215981     cutoff   45      6291.00000 5966.09291  5.16%   156 24975s
 6559415 2216426 6067.70909   44  161 6291.00000 5966.09955  5.16%   156 24980s
 6561942 2217066 6042.09158   40  172 6291.00000 5966.10970  5.16%   156 24988s
 6563017 2217414 6226.87204   50  162 6291.00000 5966.11475  5.16%   156 24993s
 6564237 2217697 6186.10832   46  221 6291.00000 5966.12230  5.16%   156 24997s
 6565307 2218049 6083.60817   42  163 6291.00000 5966.12566  5.16%   156 25002s
 6566619 2218431     cutoff   59      6291.00000 5966.13199  5.16%   156 25006s
 6567910 2218802 6086.96087   43  155 6291.00000 5966.13933  5.16%   156 25011s
 6569161 2219078     cutoff   35      6291.00000 5966.14485  5.16%   156 25015s
 6570319 2219460 infeasible   45      6291.00000 5966.14877  5.16%   156 25020s
 6571628 2219884 6061.07400   53  162 6291.00000 5966.15318  5.16%   156 25025s
 6574271 2220712 6123.39029   40  169 6291.00000 5966.16391  5.16%   156 25034s
 6575476 2221027 6042.22013   38  123 6291.00000 5966.16951  5.16%   156 25039s
 6576790 2221365 6181.73790   54  183 6291.00000 5966.17481  5.16%   156 25043s
 6578134 2221637 6077.24784   39  143 6291.00000 5966.17784  5.16%   156 25048s
 6579233 2222185     cutoff   46      6291.00000 5966.18301  5.16%   156 25053s
 6580772 2222671 6109.65223   37  201 6291.00000 5966.18863  5.16%   156 25058s
 6582163 2222869 6163.17409   52  120 6291.00000 5966.19535  5.16%   156 25063s
 6583023 2223238 6149.83316   45  231 6291.00000 5966.19600  5.16%   156 25068s
 6584440 2223662 6133.29860   62  132 6291.00000 5966.20230  5.16%   156 25073s
 6585821 2224136 6077.09836   33  299 6291.00000 5966.20880  5.16%   156 25077s
 6587187 2224575 6098.24806   38  157 6291.00000 5966.21499  5.16%   156 25082s
 6588609 2224933 6178.77481   50  156 6291.00000 5966.22169  5.16%   156 25086s
 6589944 2225283 6137.40315   34  157 6291.00000 5966.22781  5.16%   156 25091s
 6591265 2225724 6200.99866   59  123 6291.00000 5966.23130  5.16%   156 25096s
 6592566 2226158     cutoff   44      6291.00000 5966.23838  5.16%   156 25100s
 6595163 2226933     cutoff   59      6291.00000 5966.24995  5.16%   156 25109s
 6596375 2227281 infeasible   41      6291.00000 5966.25684  5.16%   156 25114s
 6597592 2227704     cutoff   33      6291.00000 5966.26196  5.16%   156 25119s
 6598971 2228037 6211.58464   39  205 6291.00000 5966.26802  5.16%   156 25123s
 6599835 2228407     cutoff   40      6291.00000 5966.27205  5.16%   156 25129s
 6601269 2228783 6168.72419   44  138 6291.00000 5966.27816  5.16%   156 25133s
 6602588 2229034 6269.98464   41   68 6291.00000 5966.28565  5.16%   156 25139s
 6603466 2229542 6072.61639   41  150 6291.00000 5966.28575  5.16%   156 25144s
 6604798 2229969     cutoff   34      6291.00000 5966.29513  5.16%   156 25149s
 6606252 2230462 5966.78253   38  175 6291.00000 5966.30100  5.16%   156 25154s
 6607755 2230849 5995.80810   41  207 6291.00000 5966.30709  5.16%   156 25159s
 6609122 2231278 5966.98913   50  107 6291.00000 5966.31370  5.16%   156 25164s
 6610509 2231702 6075.86436   48  156 6291.00000 5966.31979  5.16%   156 25168s
 6611855 2232003 infeasible   26      6291.00000 5966.32783  5.16%   156 25173s
 6613076 2232303 infeasible   43      6291.00000 5966.33388  5.16%   156 25178s
 6614152 2232599     cutoff   43      6291.00000 5966.34136  5.16%   156 25183s
 6615368 2233138 6179.36699   55   97 6291.00000 5966.34660  5.16%   156 25187s
 6616852 2233499 infeasible   41      6291.00000 5966.35273  5.16%   156 25192s
 6618097 2233931     cutoff   44      6291.00000 5966.35762  5.16%   156 25196s
 6619323 2234353 6116.84725   52  126 6291.00000 5966.36224  5.16%   156 25201s
 6620636 2234704 6064.31036   35  158 6291.00000 5966.37034  5.16%   156 25205s
 6621856 2235151 6225.08342   38  118 6291.00000 5966.37618  5.16%   156 25210s
 6624324 2235711 6224.24834   68  173 6291.00000 5966.38657  5.16%   156 25218s
 6625499 2235959 infeasible   50      6291.00000 5966.39096  5.16%   156 25223s
 6626745 2236369 6253.48125   57  204 6291.00000 5966.39901  5.16%   156 25227s
 6628069 2236717 6130.19355   37  188 6291.00000 5966.40577  5.16%   156 25231s
 6629270 2237123     cutoff   49      6291.00000 5966.41248  5.16%   156 25236s
 6630637 2237481 6070.89594   51  180 6291.00000 5966.41667  5.16%   156 25240s
 6631915 2237881 6246.47753   33  198 6291.00000 5966.42227  5.16%   156 25245s
 6634543 2238684 6006.12911   48  264 6291.00000 5966.43052  5.16%   156 25253s
 6635752 2238991 6019.83815   33  231 6291.00000 5966.43561  5.16%   156 25256s
 6636902 2239319     cutoff   56      6291.00000 5966.44049  5.16%   156 25261s
 6638050 2239627 6136.65192   36  245 6291.00000 5966.44587  5.16%   156 25265s
 6639245 2239937 6183.34528   41  130 6291.00000 5966.45307  5.16%   156 25270s
 6641494 2240645     cutoff   39      6291.00000 5966.46290  5.16%   156 25279s
 6642699 2240927 5972.17481   37  254 6291.00000 5966.46839  5.16%   156 25283s
 6643867 2241322 6059.87633   40  241 6291.00000 5966.47641  5.16%   156 25288s
 6645137 2241831 6086.20253   33   91 6291.00000 5966.48229  5.16%   156 25292s
 6646608 2242156 6283.48791   50  187 6291.00000 5966.48844  5.16%   156 25297s
 6647798 2242578 6169.66374   48  117 6291.00000 5966.49490  5.16%   156 25301s
 6649123 2242915 6114.84367   58  164 6291.00000 5966.49901  5.16%   156 25306s
 6650479 2243202     cutoff   53      6291.00000 5966.50208  5.16%   156 25311s
 6651598 2243585     cutoff   48      6291.00000 5966.51274  5.16%   156 25316s
 6653159 2243758     cutoff   30      6291.00000 5966.51546  5.16%   156 25321s
 6653955 2244161 5979.10710   44  163 6291.00000 5966.52154  5.16%   156 25326s
 6655353 2244563 6165.76073   47  108 6291.00000 5966.52911  5.16%   156 25330s
 6656743 2244808 5970.15614   41  210 6291.00000 5966.53415  5.16%   156 25336s
 6657824 2245226 6011.56858   43  239 6291.00000 5966.53737  5.16%   156 25341s
 6659313 2245609 6129.03845   42  144 6291.00000 5966.54919  5.16%   156 25346s
 6660633 2245881 6163.80685   49  120 6291.00000 5966.55564  5.16%   156 25351s
 6661796 2246331 6073.75512   36  171 6291.00000 5966.56288  5.16%   156 25355s
 6663188 2246738 6237.86696   54  144 6291.00000 5966.56731  5.16%   156 25360s
 6664557 2247186 6102.11390   44  167 6291.00000 5966.57332  5.16%   156 25365s
 6667007 2247869 6063.41770   47  119 6291.00000 5966.58427  5.16%   156 25374s
 6668311 2248144 6167.93759   42  117 6291.00000 5966.59042  5.16%   156 25379s
 6669509 2248604 6087.52759   55  143 6291.00000 5966.59599  5.16%   156 25384s
 6670895 2248968 infeasible   55      6291.00000 5966.60294  5.16%   156 25388s
 6672021 2249264 6053.86090   53  167 6291.00000 5966.61023  5.16%   156 25393s
 6673235 2249644 6230.29489   47  114 6291.00000 5966.61609  5.16%   156 25397s
 6674632 2249982 6174.44475   49  121 6291.00000 5966.62006  5.16%   156 25402s
 6675853 2250395 6191.20620   63  121 6291.00000 5966.62592  5.16%   156 25407s
 6677196 2250738 6280.53133   55  137 6291.00000 5966.63323  5.16%   156 25411s
 6678485 2251112 infeasible   48      6291.00000 5966.63825  5.16%   156 25416s
 6679775 2251457 6075.92175   41  205 6291.00000 5966.64288  5.16%   156 25421s
 6681080 2251846 5985.25225   52  213 6291.00000 5966.64912  5.16%   156 25425s
 6682425 2252181 6045.00000   39  101 6291.00000 5966.65623  5.16%   156 25430s
 6683507 2252667 6041.87616   43  208 6291.00000 5966.66074  5.16%   156 25435s
 6686170 2253454 infeasible   53      6291.00000 5966.67061  5.16%   156 25444s
 6687506 2253868 6210.34686   33  151 6291.00000 5966.67626  5.16%   156 25448s
 6688779 2254194 6076.88135   29  177 6291.00000 5966.68135  5.16%   156 25453s
 6689810 2254523 6109.51728   38  269 6291.00000 5966.68872  5.16%   156 25457s
 6691029 2254880 6069.34670   49  181 6291.00000 5966.69248  5.16%   156 25462s
 6692358 2255211 6177.75520   35  154 6291.00000 5966.69830  5.16%   156 25466s
 6693673 2255632 6143.92652   34  234 6291.00000 5966.70365  5.15%   156 25470s
 6695043 2255780 6159.71032   43  127 6291.00000 5966.71037  5.15%   156 25476s
 6695594 2256084 6078.99477   41  220 6291.00000 5966.71055  5.15%   156 25480s
 6696623 2256452 6010.66992   52  254 6291.00000 5966.71167  5.15%   156 25485s
 6698019 2256790     cutoff   40      6291.00000 5966.72169  5.15%   156 25490s
 6700398 2257564 6250.48006   47  117 6291.00000 5966.73333  5.15%   156 25499s
 6701695 2257921 infeasible   62      6291.00000 5966.73927  5.15%   156 25503s
 6703075 2258123 6162.60412   33  144 6291.00000 5966.74265  5.15%   156 25508s
 6703819 2258487 6089.92602   48  138 6291.00000 5966.74556  5.15%   156 25513s
 6705167 2258850 6077.03779   50  145 6291.00000 5966.74966  5.15%   156 25517s
 6706736 2259109 6043.89323   44  182 6291.00000 5966.75295  5.15%   156 25521s
 6707736 2259446     cutoff   44      6291.00000 5966.75728  5.15%   156 25525s
 6708824 2259761 6075.78991   40  118 6291.00000 5966.76160  5.15%   156 25530s
 6711354 2260449 6098.26391   47  132 6291.00000 5966.77062  5.15%   156 25538s
 6712446 2260803 6091.50471   40  184 6291.00000 5966.77464  5.15%   156 25542s
 6713744 2261212 6167.30141   50  122 6291.00000 5966.77850  5.15%   156 25547s
 6714936 2261576 6066.93610   40  145 6291.00000 5966.78289  5.15%   156 25551s
 6716302 2261912 6097.00279   48  204 6291.00000 5966.78786  5.15%   156 25555s
 6717390 2262278 infeasible   52      6291.00000 5966.79094  5.15%   156 25560s
 6719755 2262811 6166.90215   51  202 6291.00000 5966.80320  5.15%   156 25568s
 6720943 2263170 6118.78362   51  156 6291.00000 5966.81141  5.15%   156 25573s
 6722225 2263455 6220.17897   50  182 6291.00000 5966.81721  5.15%   156 25577s
 6723534 2263916 infeasible   62      6291.00000 5966.82064  5.15%   156 25582s
 6724898 2264294 6134.03448   31  135 6291.00000 5966.82709  5.15%   156 25586s
 6726243 2264628 5988.85852   44  227 6291.00000 5966.83138  5.15%   156 25590s
 6727547 2265055 6273.31359   42  224 6291.00000 5966.83641  5.15%   156 25595s
 6729932 2265665 6164.54244   50  115 6291.00000 5966.85015  5.15%   156 25603s
 6731084 2265991 infeasible   53      6291.00000 5966.85734  5.15%   156 25607s
 6732256 2266372 6062.80687   46  183 6291.00000 5966.86172  5.15%   156 25612s
 6733461 2266650 infeasible   41      6291.00000 5966.86648  5.15%   156 25616s
 6734648 2266987 6180.66917   37  160 6291.00000 5966.86955  5.15%   156 25620s
 6735846 2267338 6167.07874   44  123 6291.00000 5966.87561  5.15%   156 25625s
 6738293 2268080 6268.09709   49  187 6291.00000 5966.88675  5.15%   156 25634s
 6739561 2268414 6092.67355   40  187 6291.00000 5966.89171  5.15%   156 25638s
 6740809 2268826     cutoff   45      6291.00000 5966.89809  5.15%   156 25643s
 6742097 2269273 6102.72251   47  165 6291.00000 5966.90389  5.15%   156 25647s
 6743572 2269499 6157.62434   39  104 6291.00000 5966.91064  5.15%   156 25651s
 6744489 2269886 6153.17889   47  131 6291.00000 5966.91540  5.15%   156 25655s
 6745830 2270299 6067.63632   35  174 6291.00000 5966.92251  5.15%   156 25660s
 6748394 2271033 infeasible   54      6291.00000 5966.93277  5.15%   156 25669s
 6749655 2271373 6015.76539   44  240 6291.00000 5966.93860  5.15%   156 25673s
 6750762 2271683     cutoff   33      6291.00000 5966.94472  5.15%   156 25678s
 6751928 2272086 infeasible   50      6291.00000 5966.94940  5.15%   156 25682s
 6753340 2272401 6213.00782   51  116 6291.00000 5966.95488  5.15%   156 25687s
 6754308 2272753 6186.36988   32  118 6291.00000 5966.95802  5.15%   156 25691s
 6755540 2273004 6155.00243   41  140 6291.00000 5966.96497  5.15%   156 25696s
 6756685 2273360 6166.72866   42  111 6291.00000 5966.97260  5.15%   156 25700s
 6759335 2274116 6073.15102   39  161 6291.00000 5966.98300  5.15%   156 25709s
 6760670 2274356 6046.55015   26  110 6291.00000 5966.99019  5.15%   156 25713s
 6761961 2274700 6255.89855   39  188 6291.00000 5966.99403  5.15%   156 25718s
 6763169 2275075 6181.36765   55  179 6291.00000 5967.00000  5.15%   156 25722s
 6764513 2275506 6111.22764   47  139 6291.00000 5967.00112  5.15%   156 25727s
 6765905 2275849 6185.94005   44  100 6291.00000 5967.01307  5.15%   156 25731s
 6767018 2276226 6155.87482   45  124 6291.00000 5967.01907  5.15%   156 25736s
 6768263 2276527 6101.66333   48  153 6291.00000 5967.02473  5.15%   156 25740s
 6769433 2276739 6176.79362   47  130 6291.00000 5967.03023  5.15%   156 25745s
 6770102 2276964 6277.67433   34  210 6291.00000 5967.03051  5.15%   156 25750s
 6772202 2277834 6187.74553   44  178 6291.00000 5967.04418  5.15%   156 25759s
 6773705 2278186 6066.52189   52  206 6291.00000 5967.05097  5.15%   156 25764s
 6774983 2278699 5996.03689   42  161 6291.00000 5967.05774  5.15%   156 25768s
 6776414 2279032 6106.21947   48   78 6291.00000 5967.06337  5.15%   156 25773s
 6777746 2279391 6008.09486   41  201 6291.00000 5967.07013  5.15%   156 25777s
 6779059 2279811 6107.60856   52  193 6291.00000 5967.07601  5.15%   156 25782s
 6780512 2280101 6253.12876   41  101 6291.00000 5967.07882  5.15%   156 25786s
 6781621 2280457 6183.24593   49  194 6291.00000 5967.08675  5.15%   156 25790s
 6782793 2280845 infeasible   43      6291.00000 5967.09091  5.15%   156 25795s
 6785316 2281518 5978.04247   39  124 6291.00000 5967.10109  5.15%   156 25804s
 6786452 2281880 6176.23578   50  131 6291.00000 5967.10672  5.15%   156 25808s
 6787645 2282235 6270.00000   43   78 6291.00000 5967.11144  5.15%   156 25812s
 6788851 2282571 6055.93365   42  169 6291.00000 5967.11799  5.15%   156 25817s
 6790036 2282976 6149.99176   49  118 6291.00000 5967.12433  5.15%   156 25821s
 6791311 2283410 6114.57727   39  247 6291.00000 5967.12794  5.15%   156 25826s
 6792687 2283786     cutoff   61      6291.00000 5967.13544  5.15%   156 25830s
 6793995 2284130 6136.43923   37  235 6291.00000 5967.14054  5.15%   156 25835s
 6796632 2284758 infeasible   47      6291.00000 5967.15534  5.15%   156 25844s
 6797826 2285133 6201.78491   44  212 6291.00000 5967.16060  5.15%   156 25848s
 6799118 2285363     cutoff   37      6291.00000 5967.16722  5.15%   156 25853s
 6799953 2285751 5994.57378   38  190 6291.00000 5967.16873  5.15%   156 25858s
 6801429 2286228 6176.57272   52  102 6291.00000 5967.17712  5.15%   156 25863s
 6802821 2286586 6246.32187   58  231 6291.00000 5967.18287  5.15%   156 25868s
 6804071 2286956 6137.15575   40  241 6291.00000 5967.18879  5.15%   156 25872s
 6805447 2287306 infeasible   45      6291.00000 5967.19291  5.15%   156 25877s
 6806657 2287699 5973.03270   38  255 6291.00000 5967.19912  5.15%   156 25882s
 6807978 2287952 5995.88813   37   64 6291.00000 5967.20710  5.15%   156 25887s
 6808932 2288336 6275.94118   43  132 6291.00000 5967.20892  5.15%   156 25891s
 6810312 2288746 infeasible   42      6291.00000 5967.21605  5.15%   156 25896s
 6811702 2289160 6064.65510   43  180 6291.00000 5967.22242  5.15%   156 25901s
 6813042 2289472 infeasible   45      6291.00000 5967.22734  5.15%   156 25905s
 6814272 2289857 6165.50626   40  118 6291.00000 5967.23195  5.15%   156 25910s
 6815581 2290280 6207.77975   33  146 6291.00000 5967.23913  5.15%   156 25915s
 6818226 2290960 6226.77327   43  163 6291.00000 5967.25309  5.15%   156 25924s
 6819410 2291357 5972.80096   32  286 6291.00000 5967.26002  5.15%   156 25928s
 6820614 2291767 6085.65539   48  127 6291.00000 5967.26541  5.15%   156 25932s
 6821898 2292220     cutoff   38      6291.00000 5967.27408  5.15%   156 25937s
 6823206 2292544 infeasible   41      6291.00000 5967.27878  5.15%   156 25941s
 6824481 2292931 6247.24027   70   95 6291.00000 5967.28683  5.15%   156 25945s
 6825694 2293278 6068.65041   43  143 6291.00000 5967.29252  5.15%   156 25950s
 6828115 2293969 6023.48254   39  201 6291.00000 5967.30449  5.15%   156 25959s
 6829355 2294297 6114.21500   43  101 6291.00000 5967.30999  5.15%   156 25963s
 6830585 2294605     cutoff   52      6291.00000 5967.31374  5.15%   156 25967s
 6831717 2295004 infeasible   44      6291.00000 5967.31896  5.15%   156 25972s
 6833034 2295373 6102.05942   37  143 6291.00000 5967.32284  5.15%   156 25976s
 6834243 2295380 6076.08767   36  211 6291.00000 5967.32864  5.14%   156 25981s
 6834260 2298878     cutoff   36      6291.00000 5967.32864  5.14%   156 26045s
 6846260 2299394 6204.30270   38  191 6291.00000 5967.37439  5.14%   156 26052s
 6848056 2299892 6279.10008   55   94 6291.00000 5967.38222  5.14%   156 26059s
 6849847 2300411 6201.45730   47   90 6291.00000 5967.39299  5.14%   156 26065s
 6851644 2300905 6067.57391   37  166 6291.00000 5967.40030  5.14%   156 26071s
 6853112 2301267 6205.06083   45  112 6291.00000 5967.40739  5.14%   156 26076s
 6854358 2301720     cutoff   51      6291.00000 5967.41421  5.14%   156 26081s
 6855718 2302098 6277.05794   53  120 6291.00000 5967.42141  5.14%   156 26086s
 6857004 2302558     cutoff   63      6291.00000 5967.42813  5.14%   156 26090s
 6859577 2303294 6077.26364   41  111 6291.00000 5967.44231  5.14%   156 26099s
 6860792 2303665 5976.97112   54  235 6291.00000 5967.44819  5.14%   156 26104s
 6862128 2304106 6164.06573   50  115 6291.00000 5967.45623  5.14%   156 26109s
 6863566 2304507 infeasible   37      6291.00000 5967.46336  5.14%   156 26113s
 6864825 2304849     cutoff   47      6291.00000 5967.46854  5.14%   156 26117s
 6866064 2305191 6072.31082   45  177 6291.00000 5967.47279  5.14%   156 26122s
 6867305 2305452     cutoff   51      6291.00000 5967.47841  5.14%   156 26126s
 6868409 2305982 6027.86636   43  197 6291.00000 5967.48300  5.14%   156 26131s
 6869901 2306350 6078.11409   60  179 6291.00000 5967.49300  5.14%   156 26135s
 6871190 2306792 6283.00000   43  118 6291.00000 5967.49986  5.14%   156 26140s
 6873626 2307546 infeasible   39      6291.00000 5967.50818  5.14%   156 26149s
 6875072 2307920     cutoff   45      6291.00000 5967.51408  5.14%   155 26153s
 6876328 2308353     cutoff   43      6291.00000 5967.51880  5.14%   155 26158s
 6877635 2308750 6062.06468   44  138 6291.00000 5967.52423  5.14%   155 26162s
 6878939 2309047 6169.64475   44   90 6291.00000 5967.53392  5.14%   155 26166s
 6880023 2309550 5967.71080   40  225 6291.00000 5967.53849  5.14%   155 26171s
 6881334 2309947 6088.24356   49  203 6291.00000 5967.54495  5.14%   155 26175s
 6883953 2310807 6150.02459   32  209 6291.00000 5967.55629  5.14%   155 26184s
 6885280 2311116 6068.37574   43  201 6291.00000 5967.56217  5.14%   155 26188s
 6886327 2311411 6197.98311   49  166 6291.00000 5967.56780  5.14%   155 26192s
 6887522 2311794 6043.64583   57   93 6291.00000 5967.57239  5.14%   155 26196s
 6888742 2312139 infeasible   29      6291.00000 5967.57861  5.14%   155 26201s
 6890022 2312504 6176.29231   63  132 6291.00000 5967.58201  5.14%   155 26205s
 6891332 2312852 infeasible   38      6291.00000 5967.58715  5.14%   155 26210s
 6893870 2313459 infeasible   55      6291.00000 5967.59668  5.14%   155 26218s
 6895040 2313809     cutoff   59      6291.00000 5967.60056  5.14%   155 26223s
 6896181 2314147 6070.07574   44  190 6291.00000 5967.60641  5.14%   155 26227s
 6897368 2314542 6216.50287   41  199 6291.00000 5967.61098  5.14%   155 26232s
 6898663 2314761 6181.67539   42  195 6291.00000 5967.61851  5.14%   155 26237s
 6899430 2315040 6249.25791   48  120 6291.00000 5967.61959  5.14%   155 26241s
 6900619 2315454 6158.51704   51  147 6291.00000 5967.62279  5.14%   155 26246s
 6901981 2315761 6087.35597   49  191 6291.00000 5967.63317  5.14%   155 26250s
 6903178 2316139 6166.00000   45  125 6291.00000 5967.63994  5.14%   155 26255s
 6905730 2316813 6152.16662   59  169 6291.00000 5967.65152  5.14%   155 26264s
 6906810 2317257 infeasible   41      6291.00000 5967.65855  5.14%   155 26268s
 6908191 2317562 6096.06374   40  153 6291.00000 5967.66618  5.14%   155 26273s
 6909355 2318039 5977.39095   39  211 6291.00000 5967.67130  5.14%   155 26278s
 6910786 2318362     cutoff   53      6291.00000 5967.67767  5.14%   155 26282s
 6911963 2318650 6238.96195   58  121 6291.00000 5967.68198  5.14%   155 26287s
 6912815 2319153     cutoff   41      6291.00000 5967.68288  5.14%   155 26293s
 6914314 2319598 6169.63718   67  168 6291.00000 5967.69012  5.14%   155 26297s
 6915768 2320006 6178.94836   36  187 6291.00000 5967.69838  5.14%   155 26302s
 6917062 2320511 6073.91170   38  193 6291.00000 5967.70317  5.14%   155 26306s
 6918556 2320894 6064.40114   42  102 6291.00000 5967.70868  5.14%   155 26311s
 6919792 2321309 6065.63482   36  197 6291.00000 5967.71751  5.14%   155 26316s
 6921039 2321643 6063.88104   42  172 6291.00000 5967.72355  5.14%   155 26320s
 6922288 2321898     cutoff   51      6291.00000 5967.73077  5.14%   155 26325s
 6923288 2322325 6062.98254   45  175 6291.00000 5967.73100  5.14%   155 26330s
 6925891 2323028 6108.37946   36  198 6291.00000 5967.74679  5.14%   155 26339s
 6927200 2323473 6069.33964   41  166 6291.00000 5967.75207  5.14%   155 26344s
 6928521 2323914     cutoff   43      6291.00000 5967.75633  5.14%   155 26348s
 6929894 2324221     cutoff   53      6291.00000 5967.76190  5.14%   155 26352s
 6931064 2324595     cutoff   57      6291.00000 5967.76524  5.14%   155 26356s
 6932277 2324978 6111.08033   50  184 6291.00000 5967.77125  5.14%   155 26361s
 6933518 2325387     cutoff   34      6291.00000 5967.77747  5.14%   155 26365s
 6936122 2325921 6001.82354   42  227 6291.00000 5967.78716  5.14%   155 26374s
 6937127 2326295 6063.48933   53  146 6291.00000 5967.79149  5.14%   155 26378s
 6938478 2326628     cutoff   52      6291.00000 5967.79760  5.14%   155 26382s
 6939860 2327014 5973.99373   26  134 6291.00000 5967.80260  5.14%   155 26387s
 6941201 2327268 6137.22659   50  123 6291.00000 5967.80864  5.14%   155 26391s
 6942519 2327539     cutoff   54      6291.00000 5967.81287  5.14%   155 26395s
 6944734 2328322 infeasible   36      6291.00000 5967.82339  5.14%   155 26404s
 6946031 2328668 6142.07359   59   86 6291.00000 5967.82899  5.14%   155 26409s
 6947188 2329018 6075.09476   42  219 6291.00000 5967.83419  5.14%   155 26413s
 6948532 2329428 6199.10764   41  188 6291.00000 5967.83907  5.14%   155 26418s
 6949781 2329822     cutoff   43      6291.00000 5967.84560  5.14%   155 26422s
 6951014 2330168 6060.44214   38  153 6291.00000 5967.85227  5.14%   155 26427s
 6952207 2330531 6000.99508   47  215 6291.00000 5967.85922  5.14%   155 26431s
 6953547 2330915     cutoff   41      6291.00000 5967.86589  5.14%   155 26436s
 6954998 2331112 infeasible   39      6291.00000 5967.87163  5.14%   155 26441s
 6955792 2331521 6067.22826   45  250 6291.00000 5967.87395  5.14%   155 26446s
 6957102 2331955     cutoff   36      6291.00000 5967.88188  5.14%   155 26450s
 6958476 2332258 6273.40372   46  172 6291.00000 5967.88820  5.14%   155 26455s
 6961078 2333078 6179.93114   34  116 6291.00000 5967.90244  5.14%   155 26464s
 6962373 2333444 6250.91565   55  138 6291.00000 5967.91159  5.14%   155 26468s
 6963671 2333855 6145.05970   32  161 6291.00000 5967.91667  5.14%   155 26473s
 6965017 2334229 6270.00000   60   89 6291.00000 5967.92336  5.14%   155 26477s
 6966197 2334594 infeasible   55      6291.00000 5967.92774  5.14%   155 26481s
 6967377 2334989 6065.25005   53  185 6291.00000 5967.93241  5.14%   155 26486s
 6968626 2335431 6063.73415   46  205 6291.00000 5967.93694  5.14%   155 26490s
 6969932 2335798 6058.97442   39  223 6291.00000 5967.94119  5.14%   155 26495s
 6971171 2336164 infeasible   37      6291.00000 5967.94719  5.14%   155 26500s
 6973826 2336940 6108.57773   48  151 6291.00000 5967.96175  5.13%   155 26508s
 6975103 2337354     cutoff   47      6291.00000 5967.96645  5.13%   155 26513s
 6976403 2337572 6066.62796   42  161 6291.00000 5967.97436  5.13%   155 26518s
 6977106 2337912 6110.18223   45  120 6291.00000 5967.97436  5.13%   155 26522s
 6978323 2338294 6109.00000   36   87 6291.00000 5967.98152  5.13%   155 26527s
 6979620 2338685 6179.72458   37  105 6291.00000 5967.98683  5.13%   155 26531s
 6980938 2339014 6086.72065   43  123 6291.00000 5967.99291  5.13%   155 26536s
 6982359 2339457 6215.82925   62  100 6291.00000 5967.99732  5.13%   155 26540s
 6983574 2339922 5973.94137   33  178 6291.00000 5968.00020  5.13%   155 26545s
 6984989 2340219 6168.91815   41  175 6291.00000 5968.00545  5.13%   155 26550s
 6987546 2341082 6045.00000   31  175 6291.00000 5968.01686  5.13%   155 26559s
 6988804 2341355 6090.94197   41  116 6291.00000 5968.02145  5.13%   155 26563s
 6990037 2341765 6228.29018   57  117 6291.00000 5968.02422  5.13%   155 26567s
 6991307 2342177 6063.76032   34  225 6291.00000 5968.03069  5.13%   155 26571s
 6992737 2342476 6243.58243   53  108 6291.00000 5968.03849  5.13%   155 26576s
 6994065 2342865 6178.00949   63  137 6291.00000 5968.04362  5.13%   155 26580s
 6996570 2343651 6153.25314   47  154 6291.00000 5968.05645  5.13%   155 26589s
 6997939 2343969 6176.39444   50  104 6291.00000 5968.06088  5.13%   155 26593s
 6999004 2344315 6172.88170   40  142 6291.00000 5968.06382  5.13%   155 26598s
 7000164 2344618 infeasible   44      6291.00000 5968.07002  5.13%   155 26602s
 7001435 2344974 6075.44444   45   88 6291.00000 5968.07622  5.13%   155 26607s
 7002678 2345247     cutoff   53      6291.00000 5968.08330  5.13%   155 26612s
 7003698 2345718 6127.98716   50  220 6291.00000 5968.08757  5.13%   155 26617s
 7005189 2346134 6218.60994   48  169 6291.00000 5968.09408  5.13%   155 26621s
 7006532 2346611 6064.22585   37  178 6291.00000 5968.10054  5.13%   155 26626s
 7007815 2347022 6130.23427   41  137 6291.00000 5968.10667  5.13%   155 26630s
 7010512 2347804 6065.87140   52  209 6291.00000 5968.11607  5.13%   155 26639s
 7011773 2348078 6166.63487   37  197 6291.00000 5968.12370  5.13%   155 26643s
 7012930 2348394 6134.95779   43  197 6291.00000 5968.12909  5.13%   155 26648s
 7014022 2348679 6087.07107   40  191 6291.00000 5968.13393  5.13%   155 26652s
 7015195 2349028 6165.86752   53  168 6291.00000 5968.14093  5.13%   155 26657s
 7016460 2349442     cutoff   61      6291.00000 5968.14816  5.13%   155 26661s
 7017768 2349831 6169.14216   47  107 6291.00000 5968.15490  5.13%   155 26666s
 7019021 2350276 6070.79978   42  221 6291.00000 5968.15979  5.13%   155 26671s
 7020424 2350562 6137.05913   39  164 6291.00000 5968.16177  5.13%   155 26675s
 7022692 2351176     cutoff   44      6291.00000 5968.17500  5.13%   155 26683s
 7024047 2351582 infeasible   49      6291.00000 5968.18024  5.13%   155 26688s
 7025347 2351984     cutoff   46      6291.00000 5968.18616  5.13%   155 26692s
 7026498 2352329 6093.22276   35  185 6291.00000 5968.18930  5.13%   155 26696s
 7027715 2352692 6124.07390   47  166 6291.00000 5968.19778  5.13%   155 26701s
 7028995 2353099 6145.32399   43  172 6291.00000 5968.20206  5.13%   155 26705s
 7030379 2353491 6230.43098   34  240 6291.00000 5968.20776  5.13%   155 26710s
 7032845 2354270     cutoff   46      6291.00000 5968.21705  5.13%   155 26718s
 7034081 2354602 6243.72982   63   91 6291.00000 5968.22289  5.13%   155 26722s
 7035241 2354894 6286.28323   43  103 6291.00000 5968.23137  5.13%   155 26727s
 7036448 2355162 infeasible   51      6291.00000 5968.23648  5.13%   155 26731s
 7037665 2355555 6170.57898   35  116 6291.00000 5968.24284  5.13%   155 26736s
 7039022 2355996 infeasible   41      6291.00000 5968.24980  5.13%   155 26740s
 7041509 2356666 6179.72727   42  119 6291.00000 5968.26040  5.13%   155 26749s
 7042783 2357127     cutoff   41      6291.00000 5968.26542  5.13%   155 26753s
 7044056 2357398 5986.58483   42  227 6291.00000 5968.27155  5.13%   155 26757s
 7045277 2357677 6174.27003   54   96 6291.00000 5968.27533  5.13%   155 26762s
 7046290 2358088 6087.02747   45  245 6291.00000 5968.28119  5.13%   155 26766s
 7047577 2358431 6106.50314   36  206 6291.00000 5968.28801  5.13%   155 26770s
 7048748 2358772 infeasible   35      6291.00000 5968.29352  5.13%   155 26775s
 7051197 2359610 6021.86055   38  183 6291.00000 5968.30321  5.13%   155 26784s
 7052244 2360001     cutoff   45      6291.00000 5968.30626  5.13%   155 26788s
 7053624 2360354 6068.93651   41  162 6291.00000 5968.31197  5.13%   155 26793s
 7055011 2360687 6063.20197   42   96 6291.00000 5968.31564  5.13%   155 26797s
 7056075 2361036 6003.15280   40  234 6291.00000 5968.32040  5.13%   155 26802s
 7057431 2361368 6168.29686   55  180 6291.00000 5968.32592  5.13%   155 26806s
 7058594 2361725 6179.86449   54  160 6291.00000 5968.32956  5.13%   155 26810s
 7059866 2362182 6052.56671   45   66 6291.00000 5968.33461  5.13%   155 26815s
 7062518 2362870 6065.67658   34  147 6291.00000 5968.34606  5.13%   155 26823s
 7063728 2363054 6183.17435   41  109 6291.00000 5968.34985  5.13%   155 26828s
 7064375 2363510 6177.50000   35  119 6291.00000 5968.35058  5.13%   155 26832s
 7065644 2363823 6143.70223   57  105 6291.00000 5968.35821  5.13%   155 26837s
 7066817 2364207 infeasible   52      6291.00000 5968.36237  5.13%   155 26841s
 7068124 2364601 6108.22367   48  189 6291.00000 5968.36820  5.13%   155 26846s
 7069442 2364976 6181.14181   49  161 6291.00000 5968.37308  5.13%   155 26850s
 7070707 2365333     cutoff   31      6291.00000 5968.37976  5.13%   155 26855s
 7073180 2365992 5974.53973   43  173 6291.00000 5968.38997  5.13%   155 26863s
 7074549 2366304 6177.21055   46  155 6291.00000 5968.39520  5.13%   155 26868s
 7075956 2366643 6197.32765   37  211 6291.00000 5968.40025  5.13%   155 26872s
 7077241 2367045 6196.80674   41  140 6291.00000 5968.40617  5.13%   155 26876s
 7078469 2367462     cutoff   33      6291.00000 5968.41198  5.13%   155 26880s
 7079676 2367765 infeasible   44      6291.00000 5968.41672  5.13%   155 26885s
 7082054 2368440 6192.38160   73  151 6291.00000 5968.42808  5.13%   155 26893s
 7083273 2368606     cutoff   52      6291.00000 5968.43337  5.13%   155 26898s
 7083937 2368966 6250.07990   52  128 6291.00000 5968.43376  5.13%   155 26902s
 7085048 2369417 6068.50276   43  267 6291.00000 5968.43830  5.13%   155 26907s
 7086344 2369759     cutoff   49      6291.00000 5968.44555  5.13%   155 26911s
 7087549 2370099 6109.46002   63  109 6291.00000 5968.45081  5.13%   155 26916s
 7088847 2370501 6063.92830   43  137 6291.00000 5968.45628  5.13%   155 26920s
 7090193 2370904 6065.84401   42  142 6291.00000 5968.46287  5.13%   155 26925s
 7092889 2371676     cutoff   48      6291.00000 5968.47278  5.13%   155 26934s
 7094281 2372049 6160.02212   45  221 6291.00000 5968.47919  5.13%   155 26938s
 7095502 2372330 infeasible   50      6291.00000 5968.48531  5.13%   155 26943s
 7096766 2372605     cutoff   50      6291.00000 5968.49029  5.13%   155 26947s
 7097945 2373051 6066.90211   53  121 6291.00000 5968.49529  5.13%   155 26951s
 7099251 2373281 infeasible   44      6291.00000 5968.50007  5.13%   155 26956s
 7100349 2373570     cutoff   45      6291.00000 5968.50494  5.13%   155 26960s
 7101563 2373808     cutoff   64      6291.00000 5968.50861  5.13%   155 26965s
 7103631 2374517     cutoff   43      6291.00000 5968.51690  5.13%   155 26974s
 7105027 2374848 6083.77525   41  160 6291.00000 5968.52175  5.13%   155 26979s
 7106307 2375307 6064.74654   50  146 6291.00000 5968.52744  5.13%   155 26983s
 7107647 2375694 6119.50093   50  186 6291.00000 5968.53311  5.13%   155 26987s
 7109026 2376046     cutoff   57      6291.00000 5968.53806  5.13%   155 26992s
 7110322 2376438 5974.86730   34  220 6291.00000 5968.54272  5.13%   155 26996s
 7111607 2376809 6136.79349   41  143 6291.00000 5968.54882  5.13%   155 27000s
 7112843 2377238 6179.16104   45  139 6291.00000 5968.55599  5.13%   155 27005s
 7115418 2377907 6152.52199   48  153 6291.00000 5968.56585  5.13%   155 27014s
 7116662 2378294     cutoff   57      6291.00000 5968.57197  5.13%   155 27019s
 7118027 2378709 6265.47554   57   85 6291.00000 5968.57927  5.13%   155 27023s
 7119432 2379070 5983.65083   47  182 6291.00000 5968.58376  5.13%   155 27028s
 7120582 2379416 6063.87182   37  271 6291.00000 5968.58983  5.12%   155 27032s
 7121720 2379783 6131.14657   43  137 6291.00000 5968.59337  5.12%   155 27037s
 7122985 2380179 infeasible   44      6291.00000 5968.60014  5.12%   155 27041s
 7124245 2380542 6175.43482   43  197 6291.00000 5968.60450  5.12%   155 27045s
 7126886 2381283 6173.83201   61  143 6291.00000 5968.61454  5.12%   155 27054s
 7128078 2381598 6126.21395   50  253 6291.00000 5968.61844  5.12%   155 27058s
 7129392 2381950 6194.32197   33  127 6291.00000 5968.62454  5.12%   155 27063s
 7130840 2382324 6107.02975   65   85 6291.00000 5968.63101  5.12%   155 27067s
 7131954 2382734 6092.55457   41  162 6291.00000 5968.63551  5.12%   155 27071s
 7133194 2383082 6011.18738   35  209 6291.00000 5968.63875  5.12%   155 27076s
 7134254 2383454 6261.13079   51  143 6291.00000 5968.64497  5.12%   155 27080s
 7136647 2384166     cutoff   50      6291.00000 5968.65466  5.12%   155 27089s
 7137959 2384635 6028.35531   42  144 6291.00000 5968.66123  5.12%   155 27093s
 7139289 2384951 6204.25014   57   98 6291.00000 5968.66638  5.12%   155 27098s
 7140390 2385302     cutoff   53      6291.00000 5968.67102  5.12%   155 27102s
 7141705 2385673 6166.00000   34  126 6291.00000 5968.67862  5.12%   155 27106s
 7142920 2386031 6185.67683   55  107 6291.00000 5968.68451  5.12%   155 27111s
 7144190 2386473 6114.97147   40  227 6291.00000 5968.68849  5.12%   155 27115s
 7146680 2387072     cutoff   42      6291.00000 5968.70092  5.12%   155 27124s
 7147795 2387445 6071.70031   49  200 6291.00000 5968.70477  5.12%   155 27129s
 7149135 2387770 6173.53846   51  123 6291.00000 5968.71126  5.12%   155 27133s
 7150365 2388153 infeasible   47      6291.00000 5968.71967  5.12%   155 27137s
 7151575 2388669 6179.51047   44  117 6291.00000 5968.72473  5.12%   155 27142s
 7152923 2389079 6177.02693   60   80 6291.00000 5968.72727  5.12%   155 27146s
 7154225 2389355 infeasible   40      6291.00000 5968.72727  5.12%   155 27150s
 7155349 2389784 6071.82753   49  166 6291.00000 5968.73533  5.12%   155 27155s
 7157954 2390501 6006.76008   43  175 6291.00000 5968.74754  5.12%   155 27163s
 7159081 2390907 6072.42412   45  202 6291.00000 5968.75079  5.12%   155 27167s
 7160373 2391246 6210.72727   50   82 6291.00000 5968.75660  5.12%   155 27172s
 7161523 2391552 6060.06383   30  113 6291.00000 5968.76234  5.12%   155 27176s
 7162763 2391881 6067.76495   40  182 6291.00000 5968.76908  5.12%   155 27180s
 7164182 2392223 6206.55492   38  230 6291.00000 5968.77397  5.12%   155 27185s
 7166577 2392879 infeasible   31      6291.00000 5968.78457  5.12%   155 27193s
 7167781 2393331 6007.07043   53  224 6291.00000 5968.79221  5.12%   155 27198s
 7169228 2393642 6050.08524   48  216 6291.00000 5968.79949  5.12%   155 27203s
 7170334 2394026 6281.00000   40   84 6291.00000 5968.80388  5.12%   155 27208s
 7171572 2394499 6048.65202   50  110 6291.00000 5968.80845  5.12%   155 27213s
 7172951 2394805 infeasible   55      6291.00000 5968.81426  5.12%   155 27217s
 7174194 2395238 6204.04071   51  177 6291.00000 5968.82105  5.12%   155 27222s
 7175554 2395624 6163.87202   36  144 6291.00000 5968.82657  5.12%   155 27226s
 7176924 2395934 6173.93874   35  183 6291.00000 5968.83408  5.12%   155 27231s
 7177959 2396258 6213.25340   39  126 6291.00000 5968.83851  5.12%   155 27236s
 7179200 2396650 infeasible   54      6291.00000 5968.84447  5.12%   155 27240s
 7180542 2397096 6082.25913   49  148 6291.00000 5968.85042  5.12%   155 27245s
 7183137 2397812 infeasible   61      6291.00000 5968.86076  5.12%   155 27254s
 7184347 2398195 6101.92900   42  187 6291.00000 5968.86626  5.12%   155 27258s
 7185589 2398563     cutoff   39      6291.00000 5968.87170  5.12%   155 27263s
 7186977 2398906 6173.32261   58  181 6291.00000 5968.88019  5.12%   155 27267s
 7188295 2399240 5999.53239   43  204 6291.00000 5968.88375  5.12%   155 27271s
 7189429 2399590 6170.44398   45  193 6291.00000 5968.89174  5.12%   155 27276s
 7190568 2399964 5970.08826   34  235 6291.00000 5968.89653  5.12%   155 27280s
 7192019 2400300 6076.92870   43  187 6291.00000 5968.90262  5.12%   155 27285s
 7194712 2400982 6076.29714   47  162 6291.00000 5968.91627  5.12%   155 27294s
 7195973 2401201     cutoff   39      6291.00000 5968.92300  5.12%   155 27298s
 7196675 2401500 6168.15158   43  193 6291.00000 5968.92436  5.12%   155 27303s
 7197903 2401835 6093.17571   53  150 6291.00000 5968.92849  5.12%   155 27307s
 7199296 2402171 5971.23517   46  161 6291.00000 5968.93502  5.12%   155 27312s
 7200410 2402636 6267.37596   41  129 6291.00000 5968.93906  5.12%   155 27316s
 7201795 2402973 6077.65046   35  222 6291.00000 5968.94554  5.12%   155 27320s
 7204100 2403718 5970.17719   43  278 6291.00000 5968.95924  5.12%   155 27329s
 7205512 2404086 6009.57797   35  235 6291.00000 5968.96301  5.12%   155 27334s
 7206766 2404467 6284.07562   33  183 6291.00000 5968.96852  5.12%   155 27338s
 7208054 2404871 6129.42857   43  182 6291.00000 5968.97665  5.12%   155 27342s
 7209322 2405214 6282.73740   50  123 6291.00000 5968.98156  5.12%   155 27346s
 7210424 2405579 5970.53824   43  213 6291.00000 5968.98727  5.12%   155 27351s
 7211605 2406035 6127.41855   51  155 6291.00000 5968.99298  5.12%   155 27355s
 7214086 2406591 6090.06663   56  171 6291.00000 5969.00579  5.12%   155 27364s
 7215352 2406911 5969.88024   36  226 6291.00000 5969.01117  5.12%   155 27368s
 7216608 2407323 6094.49889   44  119 6291.00000 5969.01558  5.12%   155 27373s
 7217940 2407698 6066.09622   56  103 6291.00000 5969.02356  5.12%   155 27377s
 7219174 2408105     cutoff   40      6291.00000 5969.02869  5.12%   155 27381s
 7220384 2408397 infeasible   34      6291.00000 5969.03583  5.12%   155 27386s
 7221597 2408682 6073.03986   59  206 6291.00000 5969.04155  5.12%   155 27390s
 7222878 2409057     cutoff   53      6291.00000 5969.04928  5.12%   155 27395s
 7225399 2409856 5976.61157   38  248 6291.00000 5969.06421  5.12%   155 27403s
 7226670 2410120 6171.00986   47  167 6291.00000 5969.06946  5.12%   155 27408s
 7227954 2410421     cutoff   43      6291.00000 5969.07153  5.12%   155 27412s
 7229108 2410732     cutoff   51      6291.00000 5969.07861  5.12%   155 27416s
 7230329 2411120 6199.58800   42  197 6291.00000 5969.08513  5.12%   155 27421s
 7231670 2411510 6165.08147   55  150 6291.00000 5969.09265  5.12%   155 27425s
 7233051 2411755 6164.36998   41  131 6291.00000 5969.09816  5.12%   155 27430s
 7235348 2412593 6062.96645   46  104 6291.00000 5969.10965  5.12%   155 27439s
 7236735 2412920     cutoff   69      6291.00000 5969.11645  5.12%   155 27443s
 7237976 2413246 6101.58776   39  171 6291.00000 5969.12284  5.12%   155 27447s
 7239196 2413505 infeasible   64      6291.00000 5969.12866  5.12%   155 27452s
 7240205 2413875     cutoff   39      6291.00000 5969.13380  5.12%   155 27457s
 7241456 2414344 6088.74909   35  163 6291.00000 5969.14016  5.12%   155 27461s
 7242863 2414769 5973.91962   54  238 6291.00000 5969.14598  5.12%   155 27466s
 7244227 2415213 infeasible   49      6291.00000 5969.15138  5.12%   155 27470s
 7245454 2415520 6264.00000   38  156 6291.00000 5969.15574  5.12%   155 27475s
 7247820 2416228     cutoff   52      6291.00000 5969.16612  5.12%   155 27484s
 7249003 2416636     cutoff   66      6291.00000 5969.17154  5.12%   155 27488s
 7250324 2417000 infeasible   51      6291.00000 5969.17643  5.12%   155 27492s
 7251554 2417322 6092.14507   34  184 6291.00000 5969.18152  5.12%   155 27496s
 7252744 2417753     cutoff   45      6291.00000 5969.18550  5.12%   155 27501s
 7254055 2418191 6016.92235   33  186 6291.00000 5969.19173  5.12%   155 27505s
 7256598 2418963 6189.69738   51  152 6291.00000 5969.20574  5.12%   155 27514s
 7257929 2419300 infeasible   32      6291.00000 5969.21257  5.12%   155 27518s
 7259122 2419587 5987.01038   45  165 6291.00000 5969.21702  5.11%   155 27523s
 7260263 2419968 6079.69574   42  174 6291.00000 5969.22283  5.11%   155 27528s
 7261676 2420288     cutoff   48      6291.00000 5969.22991  5.11%   155 27533s
 7262799 2420668 6123.17598   49  167 6291.00000 5969.23465  5.11%   155 27537s
 7264369 2421027 infeasible   35      6291.00000 5969.24351  5.11%   155 27542s
 7265544 2421429 infeasible   59      6291.00000 5969.24711  5.11%   155 27546s
 7266821 2421728 6088.08828   45  119 6291.00000 5969.25504  5.11%   155 27551s
 7268100 2422198 6134.68472   45  150 6291.00000 5969.25993  5.11%   155 27556s
 7269433 2422559 6136.64750   49  200 6291.00000 5969.26623  5.11%   155 27560s
 7270631 2422878     cutoff   41      6291.00000 5969.27187  5.11%   155 27565s
 7273348 2423686 6146.16660   40  282 6291.00000 5969.28511  5.11%   155 27574s
 7274674 2424129 6000.39244   35  288 6291.00000 5969.28939  5.11%   155 27578s
 7276057 2424429 6254.33333   44  114 6291.00000 5969.29477  5.11%   155 27582s
 7277356 2424780 5980.47182   41  164 6291.00000 5969.30100  5.11%   155 27587s
 7278526 2425153 6074.95574   36  243 6291.00000 5969.30579  5.11%   155 27592s
 7279824 2425492 6133.89740   46  248 6291.00000 5969.31090  5.11%   155 27596s
 7281114 2425861 6042.03377   39  208 6291.00000 5969.31745  5.11%   155 27601s
 7282441 2426231 6265.46477   52   78 6291.00000 5969.32475  5.11%   155 27605s
 7283753 2426361 infeasible   44      6291.00000 5969.32869  5.11%   155 27610s
 7284365 2426641 6012.67625   44  225 6291.00000 5969.33082  5.11%   155 27615s
 7286755 2427291 6087.52274   34  234 6291.00000 5969.34536  5.11%   155 27624s
 7288023 2427663 infeasible   45      6291.00000 5969.35184  5.11%   155 27629s
 7289299 2428005 6174.59305   40  136 6291.00000 5969.35868  5.11%   155 27633s
 7290720 2428373     cutoff   45      6291.00000 5969.36549  5.11%   155 27638s
 7291982 2428816 6062.01441   38  203 6291.00000 5969.37177  5.11%   155 27642s
 7293311 2429152 6103.82006   41  159 6291.00000 5969.37594  5.11%   155 27647s
 7294589 2429601 6050.79065   43  159 6291.00000 5969.38368  5.11%   155 27651s
 7295941 2429886 6174.79882   57  116 6291.00000 5969.38877  5.11%   155 27655s
 7297004 2430271 6002.85619   41  169 6291.00000 5969.39503  5.11%   155 27660s
 7299550 2430953 6096.40685   52  161 6291.00000 5969.40672  5.11%   155 27669s
 7300724 2431243 6108.73582   45  168 6291.00000 5969.41416  5.11%   155 27673s
 7302113 2431628     cutoff   41      6291.00000 5969.42063  5.11%   155 27678s
 7303404 2432075 6180.28453   54   80 6291.00000 5969.42550  5.11%   155 27682s
 7304718 2432410 infeasible   38      6291.00000 5969.43110  5.11%   155 27686s
 7306042 2432761 6173.09439   36  153 6291.00000 5969.43547  5.11%   155 27691s
 7307304 2433083     cutoff   47      6291.00000 5969.44157  5.11%   155 27695s
 7308570 2433445     cutoff   46      6291.00000 5969.44694  5.11%   155 27700s
 7310816 2434091 6158.76595   43  183 6291.00000 5969.45848  5.11%   155 27708s
 7312096 2434495 6183.34414   61  167 6291.00000 5969.46543  5.11%   155 27713s
 7313418 2434811 6162.93788   41  138 6291.00000 5969.47112  5.11%   155 27717s
 7314748 2435179 6168.75268   48  114 6291.00000 5969.47733  5.11%   155 27722s
 7315955 2435550 6123.09172   55  179 6291.00000 5969.48354  5.11%   155 27726s
 7317131 2435947 infeasible   51      6291.00000 5969.48814  5.11%   155 27731s
 7318354 2436307 6179.41042   45  166 6291.00000 5969.49446  5.11%   155 27735s
 7319550 2436636 6284.19801   42  103 6291.00000 5969.49975  5.11%   155 27740s
 7320853 2436816 infeasible   64      6291.00000 5969.50297  5.11%   155 27745s
 7322813 2437614 6151.92633   40   71 6291.00000 5969.51351  5.11%   155 27754s
 7324204 2437964     cutoff   55      6291.00000 5969.51966  5.11%   155 27759s
 7325497 2438412 6063.48985   44  203 6291.00000 5969.52740  5.11%   155 27763s
 7326837 2438837 6270.00000   38  111 6291.00000 5969.53298  5.11%   155 27768s
 7328199 2439280 6174.59780   42  133 6291.00000 5969.53929  5.11%   155 27772s
 7329570 2439665 6068.82504   56  171 6291.00000 5969.54423  5.11%   155 27776s
 7330853 2439987 6078.76674   39  143 6291.00000 5969.54848  5.11%   155 27781s
 7332025 2440338 infeasible   58      6291.00000 5969.55471  5.11%   155 27785s
 7333311 2440638 6158.84456   45  121 6291.00000 5969.56173  5.11%   155 27790s
 7335953 2441320 6143.66912   47  164 6291.00000 5969.57332  5.11%   155 27798s
 7337245 2441775 6059.03469   60  100 6291.00000 5969.57980  5.11%   155 27802s
 7338605 2442125 6087.16565   50  178 6291.00000 5969.58521  5.11%   155 27806s
 7339785 2442487 6067.15637   50  211 6291.00000 5969.58850  5.11%   155 27810s
 7342097 2443182 6198.89587   67  126 6291.00000 5969.60000  5.11%   155 27819s
 7343348 2443557 6064.61699   49  172 6291.00000 5969.60661  5.11%   155 27823s
 7344628 2443879 infeasible   35      6291.00000 5969.61386  5.11%   155 27827s
 7345778 2444092 6020.42090   47  193 6291.00000 5969.61774  5.11%   155 27832s
 7346451 2444435 infeasible   49      6291.00000 5969.61933  5.11%   155 27837s
 7347671 2444769     cutoff   44      6291.00000 5969.62694  5.11%   155 27841s
 7348940 2445170 6255.13721   41  170 6291.00000 5969.63459  5.11%   155 27846s
 7350299 2445502 6081.78115   49  180 6291.00000 5969.64057  5.11%   155 27851s
 7351699 2445839 6104.27959   48  162 6291.00000 5969.64557  5.11%   155 27855s
 7352836 2446176 6087.88771   44  158 6291.00000 5969.65218  5.11%   155 27860s
 7355236 2446886 6166.94565   56  169 6291.00000 5969.66224  5.11%   155 27869s
 7356510 2447228     cutoff   51      6291.00000 5969.66694  5.11%   155 27873s
 7357791 2447590 6123.16989   34  183 6291.00000 5969.67458  5.11%   155 27878s
 7358940 2447988     cutoff   42      6291.00000 5969.67983  5.11%   155 27882s
 7360352 2448357 6169.23365   39  110 6291.00000 5969.68643  5.11%   155 27887s
 7361628 2448751 6163.16728   50  122 6291.00000 5969.69273  5.11%   155 27891s
 7362923 2449167 6170.36066   38  190 6291.00000 5969.69819  5.11%   155 27895s
 7364212 2449510 6170.10956   40  149 6291.00000 5969.70465  5.11%   155 27900s
 7366628 2450253 6135.46208   51   95 6291.00000 5969.71725  5.11%   155 27909s
 7367989 2450616 6074.75212   59  115 6291.00000 5969.72239  5.11%   155 27913s
 7369324 2451077 6087.48222   43  224 6291.00000 5969.72858  5.11%   155 27918s
 7370639 2451401 6277.14286   45  118 6291.00000 5969.73333  5.11%   155 27922s
 7371674 2451737 5994.02069   43  194 6291.00000 5969.73779  5.11%   155 27926s
 7372861 2452078 6125.01753   43  179 6291.00000 5969.74499  5.11%   155 27930s
 7374132 2452529 6094.21937   47  233 6291.00000 5969.75042  5.11%   155 27935s
 7375545 2452956 5970.83779   40  241 6291.00000 5969.75617  5.11%   155 27940s
 7376873 2453272     cutoff   77      6291.00000 5969.76281  5.11%   155 27945s
 7379103 2453932 6179.74768   48  101 6291.00000 5969.77505  5.11%   155 27953s
 7380350 2454320 6137.99050   33  155 6291.00000 5969.78254  5.11%   155 27958s
 7381640 2454733 6068.46203   45  144 6291.00000 5969.78896  5.11%   155 27962s
 7382933 2455070 6000.99098   33  157 6291.00000 5969.79593  5.11%   155 27967s
 7384183 2455368 6156.91341   47  136 6291.00000 5969.80000  5.11%   155 27971s
 7385496 2455687 infeasible   49      6291.00000 5969.80559  5.11%   155 27975s
 7386776 2456095 infeasible   46      6291.00000 5969.81070  5.11%   155 27980s
 7389422 2456768 6185.81820   51  166 6291.00000 5969.82456  5.11%   154 27989s
 7390574 2457177 5976.46615   49  236 6291.00000 5969.82948  5.11%   154 27993s
 7391882 2457669 6063.32790   29  181 6291.00000 5969.83653  5.11%   154 27998s
 7393297 2457908 6079.08494   49  140 6291.00000 5969.84126  5.11%   154 28002s
 7394433 2458211 5971.42796   41  171 6291.00000 5969.84618  5.10%   154 28007s
 7395692 2458499     cutoff   50      6291.00000 5969.85149  5.10%   154 28011s
 7396814 2458927 5995.12984   52  205 6291.00000 5969.85715  5.10%   154 28015s
 7398173 2459293     cutoff   55      6291.00000 5969.86320  5.10%   154 28020s
 7400613 2459895 6160.09562   52  134 6291.00000 5969.87526  5.10%   154 28028s
 7401813 2460333 6210.08444   48  225 6291.00000 5969.88264  5.10%   154 28033s
 7403159 2460686 6118.98727   45  187 6291.00000 5969.88853  5.10%   154 28037s
 7404468 2461098 6077.17966   46  187 6291.00000 5969.89126  5.10%   154 28041s
 7405811 2461288     cutoff   53      6291.00000 5969.89725  5.10%   154 28046s
 7406913 2461639 6113.51761   44  226 6291.00000 5969.90128  5.10%   154 28050s
 7408237 2462042 6012.70372   35  263 6291.00000 5969.90790  5.10%   154 28055s
 7410803 2462830 infeasible   45      6291.00000 5969.91774  5.10%   154 28063s
 7412080 2463097 6132.85215   35  138 6291.00000 5969.92287  5.10%   154 28068s
 7413231 2463470 6069.66465   53  165 6291.00000 5969.92867  5.10%   154 28072s
 7414585 2463815 6255.64912   40  180 6291.00000 5969.93235  5.10%   154 28076s
 7415771 2464172 6066.58372   41  126 6291.00000 5969.93767  5.10%   154 28081s
 7417080 2464530 infeasible   38      6291.00000 5969.94285  5.10%   154 28085s
 7419450 2465254     cutoff   62      6291.00000 5969.95538  5.10%   154 28094s
 7420693 2465644 6199.81575   51  233 6291.00000 5969.95957  5.10%   154 28098s
 7422086 2465973 infeasible   56      6291.00000 5969.96794  5.10%   154 28102s
 7423282 2466403 6087.49926   51  183 6291.00000 5969.97421  5.10%   154 28107s
 7424639 2466788     cutoff   55      6291.00000 5969.97720  5.10%   154 28111s
 7425798 2467139 6074.56005   46  174 6291.00000 5969.98637  5.10%   154 28116s
 7427001 2467470 6091.44601   33  207 6291.00000 5969.99085  5.10%   154 28120s
 7428323 2467901 6049.40254   36  152 6291.00000 5970.00000  5.10%   154 28125s
 7430800 2468612 6065.02440   43  164 6291.00000 5970.00852  5.10%   154 28133s
 7431963 2468988 6192.54927   46  127 6291.00000 5970.01460  5.10%   154 28137s
 7433256 2469311 6285.92762   45  140 6291.00000 5970.02181  5.10%   154 28142s
 7434451 2469679     cutoff   52      6291.00000 5970.02800  5.10%   154 28146s
 7435870 2470040 6129.17005   61  162 6291.00000 5970.03473  5.10%   154 28150s
 7437083 2470272     cutoff   49      6291.00000 5970.04002  5.10%   154 28155s
 7437894 2470520     cutoff   46      6291.00000 5970.04224  5.10%   154 28160s
 7440244 2471228     cutoff   32      6291.00000 5970.05757  5.10%   154 28169s
 7441587 2471570 6160.35985   60  104 6291.00000 5970.06465  5.10%   154 28174s
 7442923 2471899 6070.93718   40  188 6291.00000 5970.07292  5.10%   154 28178s
 7444175 2472277 6130.32199   47  258 6291.00000 5970.07989  5.10%   154 28182s
 7445465 2472649 6098.02034   41  160 6291.00000 5970.08453  5.10%   154 28186s
 7446767 2473043 6108.65346   50  137 6291.00000 5970.09021  5.10%   154 28191s
 7448029 2473432 6176.60302   37  126 6291.00000 5970.09637  5.10%   154 28195s
 7450485 2474103 6164.68998   47  154 6291.00000 5970.10622  5.10%   154 28204s
 7451708 2474454 infeasible   46      6291.00000 5970.11379  5.10%   154 28208s
 7453028 2474841 6078.10165   47  193 6291.00000 5970.11898  5.10%   154 28213s
 7454419 2475210 6011.46158   43  191 6291.00000 5970.12445  5.10%   154 28217s
 7455629 2475559 6062.81568   45  157 6291.00000 5970.12882  5.10%   154 28221s
 7456844 2475933 6150.06444   45   78 6291.00000 5970.13593  5.10%   154 28225s
 7458032 2476241 infeasible   67      6291.00000 5970.13918  5.10%   154 28230s
 7459361 2476644     cutoff   42      6291.00000 5970.14540  5.10%   154 28235s
 7461824 2477369 infeasible   45      6291.00000 5970.15748  5.10%   154 28244s
 7463078 2477655 6151.92594   42  177 6291.00000 5970.16340  5.10%   154 28249s
 7464550 2478073 6062.61334   39   67 6291.00000 5970.16870  5.10%   154 28253s
 7465786 2478345     cutoff   43      6291.00000 5970.17539  5.10%   154 28257s
 7466975 2478650     cutoff   54      6291.00000 5970.18179  5.10%   154 28262s
 7468095 2479037     cutoff   53      6291.00000 5970.18780  5.10%   154 28267s
 7469424 2479366 6173.13333   54   76 6291.00000 5970.19428  5.10%   154 28271s
 7470729 2479734 6013.65043   38  154 6291.00000 5970.20000  5.10%   154 28276s
 7472048 2480089 infeasible   45      6291.00000 5970.20522  5.10%   154 28280s
 7474493 2480771 infeasible   32      6291.00000 5970.21752  5.10%   154 28289s
 7475590 2481090 6172.39541   43  172 6291.00000 5970.22131  5.10%   154 28293s
 7476782 2481447     cutoff   35      6291.00000 5970.22866  5.10%   154 28298s
 7478067 2481806 6061.45570   52   89 6291.00000 5970.23613  5.10%   154 28303s
 7479496 2482102 6183.68371   44  188 6291.00000 5970.24341  5.10%   154 28307s
 7480456 2482407     cutoff   45      6291.00000 5970.24720  5.10%   154 28311s
 7481588 2482841 6067.46213   46  143 6291.00000 5970.25364  5.10%   154 28315s
 7482892 2483228 6090.20000   43  137 6291.00000 5970.26012  5.10%   154 28320s
 7484152 2483633 6149.31268   31  159 6291.00000 5970.26781  5.10%   154 28325s
 7486747 2484394 6163.29657   45  145 6291.00000 5970.27971  5.10%   154 28334s
 7488036 2484803 6166.12734   44  213 6291.00000 5970.28410  5.10%   154 28338s
 7489348 2485230 infeasible   54      6291.00000 5970.28976  5.10%   154 28343s
 7490581 2485482 6190.85074   60  165 6291.00000 5970.29399  5.10%   154 28347s
 7491770 2485766 6176.43358   40  237 6291.00000 5970.30034  5.10%   154 28352s
 7492853 2486179 6016.60446   37  224 6291.00000 5970.30592  5.10%   154 28356s
 7494174 2486553 6088.21865   41  206 6291.00000 5970.31367  5.10%   154 28361s
 7495415 2486911 6077.24492   49  156 6291.00000 5970.31970  5.10%   154 28365s
 7497865 2487672 6216.53623   45  216 6291.00000 5970.33179  5.10%   154 28374s
 7499007 2488042 infeasible   41      6291.00000 5970.33706  5.10%   154 28378s
 7500345 2488429 6178.76299   42  148 6291.00000 5970.34367  5.10%   154 28383s
 7501659 2488893 6077.66667   43  159 6291.00000 5970.34741  5.10%   154 28387s
 7502982 2489225 5990.16568   37  157 6291.00000 5970.35342  5.10%   154 28391s
 7504069 2489602     cutoff   52      6291.00000 5970.35932  5.10%   154 28395s
 7505285 2490014     cutoff   42      6291.00000 5970.36579  5.10%   154 28400s
 7507841 2490835 5971.39811   35  206 6291.00000 5970.37930  5.10%   154 28408s
 7509190 2491120     cutoff   56      6291.00000 5970.38577  5.10%   154 28412s
 7510383 2491257     cutoff   59      6291.00000 5970.39033  5.10%   154 28417s
 7511046 2491557 6179.66926   51  158 6291.00000 5970.39085  5.10%   154 28421s
 7512185 2491964 6143.73359   58  134 6291.00000 5970.39896  5.10%   154 28426s
 7513539 2492254 6178.75779   44  196 6291.00000 5970.40347  5.10%   154 28430s
 7514803 2492599 6171.44235   48  211 6291.00000 5970.41081  5.10%   154 28435s
 7516106 2493001 5994.77110   38  200 6291.00000 5970.41541  5.10%   154 28440s
 7518779 2493718 6232.43198   62  157 6291.00000 5970.42752  5.10%   154 28448s
 7519962 2494061 6075.00000   35  148 6291.00000 5970.43299  5.10%   154 28452s
 7521112 2494391 6168.39508   44  161 6291.00000 5970.43875  5.10%   154 28457s
 7522259 2494660 6003.87490   40  142 6291.00000 5970.43905  5.10%   154 28461s
 7523396 2494973 6168.91793   42  126 6291.00000 5970.45229  5.10%   154 28465s
 7524672 2495239 6170.27966   44  164 6291.00000 5970.45938  5.10%   154 28470s
 7525973 2495631 6234.97749   54  138 6291.00000 5970.46357  5.10%   154 28475s
 7528398 2496299 6213.44250   40  206 6291.00000 5970.47440  5.09%   154 28483s
 7529650 2496665 6096.01404   45  210 6291.00000 5970.48264  5.09%   154 28487s
 7530920 2496952 6168.92537   48  142 6291.00000 5970.48762  5.09%   154 28492s
 7532164 2497264 6149.49229   50  193 6291.00000 5970.49539  5.09%   154 28496s
 7533392 2497591 6060.16160   34  216 6291.00000 5970.50000  5.09%   154 28501s
 7534665 2497907 6258.14047   38  112 6291.00000 5970.50537  5.09%   154 28505s
 7535924 2498421 5984.89071   36  295 6291.00000 5970.51243  5.09%   154 28510s
 7538530 2499144 6078.23043   40  182 6291.00000 5970.52442  5.09%   154 28519s
 7539686 2499464 6189.01130   57   91 6291.00000 5970.52849  5.09%   154 28523s
 7540965 2499854     cutoff   49      6291.00000 5970.53465  5.09%   154 28527s
 7542175 2500228 infeasible   29      6291.00000 5970.53832  5.09%   154 28532s
 7543489 2500568 6244.91090   39  142 6291.00000 5970.54516  5.09%   154 28536s
 7544898 2500794 6169.87716   42  165 6291.00000 5970.55109  5.09%   154 28541s
 7545806 2501184 5986.26869   39  252 6291.00000 5970.55417  5.09%   154 28546s
 7547068 2501614 6045.05663   42  144 6291.00000 5970.56095  5.09%   154 28550s
 7548409 2502000 5994.10712   43  167 6291.00000 5970.56708  5.09%   154 28555s
 7550873 2502730 6186.92830   41   95 6291.00000 5970.57881  5.09%   154 28564s
 7552070 2503120 6073.77331   40  139 6291.00000 5970.58520  5.09%   154 28568s
 7553420 2503506 6172.40938   46  137 6291.00000 5970.59014  5.09%   154 28573s
 7554673 2503768 infeasible   44      6291.00000 5970.59276  5.09%   154 28577s
 7556008 2504135     cutoff   39      6291.00000 5970.59910  5.09%   154 28581s
 7557221 2504433 5972.35251   43  195 6291.00000 5970.60411  5.09%   154 28585s
 7559478 2505116     cutoff   44      6291.00000 5970.61614  5.09%   154 28594s
 7560719 2505471 6185.09090   55   96 6291.00000 5970.62318  5.09%   154 28598s
 7561856 2505766 6173.44197   43   99 6291.00000 5970.62837  5.09%   154 28603s
 7562936 2506120 infeasible   46      6291.00000 5970.63450  5.09%   154 28608s
 7564230 2506404 6012.60896   44  113 6291.00000 5970.64043  5.09%   154 28612s
 7565269 2506792     cutoff   45      6291.00000 5970.64560  5.09%   154 28616s
 7566473 2507131 6072.77533   54  194 6291.00000 5970.65128  5.09%   154 28621s
 7567830 2507461 infeasible   44      6291.00000 5970.65686  5.09%   154 28625s
 7568997 2507851 6168.78306   40  172 6291.00000 5970.66255  5.09%   154 28630s
 7571744 2508628 6099.10412   41  146 6291.00000 5970.67393  5.09%   154 28638s
 7572853 2508986 infeasible   46      6291.00000 5970.68003  5.09%   154 28643s
 7574234 2509346 6133.87330   51  118 6291.00000 5970.68644  5.09%   154 28647s
 7575527 2509764 infeasible   52      6291.00000 5970.69110  5.09%   154 28651s
 7576841 2510124     cutoff   46      6291.00000 5970.69738  5.09%   154 28656s
 7578089 2510524 6162.53697   33  147 6291.00000 5970.70513  5.09%   154 28660s
 7580528 2510999     cutoff   50      6291.00000 5970.71808  5.09%   154 28669s
 7581235 2511314     cutoff   62      6291.00000 5970.71808  5.09%   154 28673s
 7582259 2511643     cutoff   43      6291.00000 5970.72093  5.09%   154 28678s
 7583462 2512038     cutoff   54      6291.00000 5970.73048  5.09%   154 28682s
 7584705 2512385 5984.37506   48  149 6291.00000 5970.73876  5.09%   154 28687s
 7586000 2512745 6156.04224   41   79 6291.00000 5970.74576  5.09%   154 28691s
 7587315 2513147     cutoff   34      6291.00000 5970.75167  5.09%   154 28696s
 7588505 2513530     cutoff   50      6291.00000 5970.75481  5.09%   154 28700s
 7591191 2514433 6185.15414   36  118 6291.00000 5970.77145  5.09%   154 28709s
 7592383 2514745 6060.50175   27  116 6291.00000 5970.77696  5.09%   154 28713s
 7593574 2515171 6068.31238   37   97 6291.00000 5970.78338  5.09%   154 28717s
 7595003 2515475     cutoff   44      6291.00000 5970.78729  5.09%   154 28721s
 7596128 2515851 infeasible   34      6291.00000 5970.79434  5.09%   154 28725s
 7597333 2516152 6232.11448   41  138 6291.00000 5970.79762  5.09%   154 28730s
 7599720 2516868 6062.02587   41  100 6291.00000 5970.80960  5.09%   154 28739s
 7601057 2517108 6056.12944   35  137 6291.00000 5970.81563  5.09%   154 28743s
 7602072 2517454 5975.47761   25  218 6291.00000 5970.81901  5.09%   154 28747s
 7603239 2517828     cutoff   63      6291.00000 5970.82622  5.09%   154 28752s
 7604480 2518097 infeasible   54      6291.00000 5970.83333  5.09%   154 28756s
 7605702 2518385 6169.43107   39  117 6291.00000 5970.83823  5.09%   154 28760s
 7606951 2518693 5977.51648   46  194 6291.00000 5970.84267  5.09%   154 28765s
 7608149 2519128 6117.88293   64  133 6291.00000 5970.84838  5.09%   154 28770s
 7610865 2519993 infeasible   40      6291.00000 5970.86277  5.09%   154 28779s
 7612201 2520294     cutoff   45      6291.00000 5970.86846  5.09%   154 28783s
 7613405 2520644 infeasible   48      6291.00000 5970.87357  5.09%   154 28787s
 7614713 2520977 6271.41322   57  107 6291.00000 5970.88091  5.09%   154 28791s
 7616025 2521283 6181.27998   40  108 6291.00000 5970.88714  5.09%   154 28795s
 7617179 2521684 6197.96277   55  178 6291.00000 5970.89208  5.09%   154 28800s
 7619632 2522310 6067.94428   45  221 6291.00000 5970.90254  5.09%   154 28808s
 7620778 2522619 6064.77663   52  128 6291.00000 5970.90873  5.09%   154 28813s
 7621988 2522997 6072.58420   47  152 6291.00000 5970.91374  5.09%   154 28817s
 7623203 2523318 6166.62707   46  123 6291.00000 5970.91952  5.09%   154 28821s
 7624430 2523683 5975.46993   56  205 6291.00000 5970.92527  5.09%   154 28825s
 7625877 2524104 6064.22109   34  245 6291.00000 5970.93124  5.09%   154 28830s
 7627199 2524369 6165.73731   56   81 6291.00000 5970.93761  5.09%   154 28835s
 7629755 2525124 6111.30838   48  125 6291.00000 5970.94993  5.09%   154 28843s
 7631120 2525453 6169.45080   47  111 6291.00000 5970.95388  5.09%   154 28847s
 7632357 2525776 6092.37107   36  175 6291.00000 5970.95862  5.09%   154 28852s
 7633415 2526150 6079.54055   34  151 6291.00000 5970.96235  5.09%   154 28856s
 7634645 2526521     cutoff   52      6291.00000 5970.96918  5.09%   154 28860s
 7635971 2526860 6269.66732   43  122 6291.00000 5970.97393  5.09%   154 28865s
 7638136 2527476 6173.52196   41  124 6291.00000 5970.98251  5.09%   154 28874s
 7639347 2527802 6003.28431   44  161 6291.00000 5970.98908  5.09%   154 28878s
 7640501 2528106 6186.89721   36  251 6291.00000 5970.99600  5.09%   154 28883s
 7641632 2528399 6012.94983   26  196 6291.00000 5971.00000  5.09%   154 28887s
 7642648 2528695 infeasible   50      6291.00000 5971.00000  5.09%   154 28892s
 7643726 2528931 infeasible   36      6291.00000 5971.00000  5.09%   154 28897s
 7644753 2529328 6072.18722   36  209 6291.00000 5971.00000  5.09%   154 28902s
 7646049 2529694 6171.17036   60  132 6291.00000 5971.00392  5.09%   154 28908s
 7647489 2530255 infeasible   55      6291.00000 5971.00962  5.09%   154 28913s
 7649125 2530667 6179.48411   45  113 6291.00000 5971.01772  5.09%   154 28918s
 7650461 2531100 5988.68554   42  206 6291.00000 5971.02527  5.09%   154 28922s
 7651733 2531461 infeasible   43      6291.00000 5971.03024  5.09%   154 28927s
 7652993 2531721     cutoff   68      6291.00000 5971.03497  5.09%   154 28932s
 7653974 2532138 6030.28076   34  219 6291.00000 5971.03583  5.09%   154 28937s
 7655406 2532634 infeasible   46      6291.00000 5971.04557  5.09%   154 28941s
 7656857 2532941     cutoff   63      6291.00000 5971.05125  5.09%   154 28946s
 7658100 2533224 infeasible   41      6291.00000 5971.05718  5.09%   154 28951s
 7659225 2533705     cutoff   56      6291.00000 5971.06109  5.09%   154 28955s
 7660609 2533992 6082.59441   51  220 6291.00000 5971.06691  5.09%   154 28960s
 7661809 2534419 infeasible   40      6291.00000 5971.07259  5.09%   154 28965s
 7664338 2535118 6082.34697   47  151 6291.00000 5971.08193  5.09%   154 28973s
 7665632 2535486 6125.63521   36  169 6291.00000 5971.08935  5.09%   154 28977s
 7666846 2535776 6217.01718   48  126 6291.00000 5971.09577  5.09%   154 28982s
 7668039 2536108 6114.08798   38  225 6291.00000 5971.10158  5.09%   154 28986s
 7669264 2536514 6045.19645   38   69 6291.00000 5971.10812  5.08%   154 28991s
 7670461 2536884 infeasible   28      6291.00000 5971.11141  5.08%   154 28995s
 7671776 2537345 6111.61011   40  195 6291.00000 5971.11839  5.08%   154 29000s
 7674374 2537997 6045.54779   47  145 6291.00000 5971.12698  5.08%   154 29008s
 7675480 2538370 6056.01897   32  209 6291.00000 5971.13600  5.08%   154 29013s
 7676759 2538741 6071.39011   42  192 6291.00000 5971.14269  5.08%   154 29017s
 7677994 2539038 6276.83679   53  140 6291.00000 5971.14667  5.08%   154 29022s
 7679226 2539356 5977.25922   38  226 6291.00000 5971.15348  5.08%   154 29026s
 7680404 2539769 6067.33350   37  188 6291.00000 5971.15924  5.08%   154 29031s
 7681543 2540160 infeasible   38      6291.00000 5971.16507  5.08%   154 29036s
 7682912 2540574 6002.36457   38  243 6291.00000 5971.17043  5.08%   154 29040s
 7684292 2540938     cutoff   52      6291.00000 5971.17786  5.08%   154 29045s
 7685586 2541325 6064.17889   40  208 6291.00000 5971.18343  5.08%   154 29050s
 7688042 2541957 6013.74033   43  211 6291.00000 5971.19424  5.08%   154 29059s
 7689372 2542275 6073.52326   47  124 6291.00000 5971.20354  5.08%   154 29063s
 7690667 2542605 6007.10383   36  192 6291.00000 5971.20851  5.08%   154 29068s
 7691813 2543062 6192.77988   50  189 6291.00000 5971.21521  5.08%   154 29073s
 7693166 2543285 6063.13552   46  134 6291.00000 5971.21802  5.08%   154 29078s
 7694374 2543653     cutoff   41      6291.00000 5971.22390  5.08%   154 29082s
 7695705 2543979     cutoff   49      6291.00000 5971.22931  5.08%   154 29087s
 7696893 2544318     cutoff   57      6291.00000 5971.23670  5.08%   154 29091s
 7698219 2544665 6016.99922   32  214 6291.00000 5971.24321  5.08%   154 29096s
 7699440 2545053 6076.99175   34  233 6291.00000 5971.25000  5.08%   154 29100s
 7700668 2545368 6271.52572   49  115 6291.00000 5971.25506  5.08%   154 29106s
 7701769 2545649 infeasible   49      6291.00000 5971.25983  5.08%   154 29111s
 7702931 2546115 6211.70404   44  236 6291.00000 5971.26795  5.08%   154 29115s
 7704375 2546468 6168.26404   41  156 6291.00000 5971.27459  5.08%   154 29120s
 7705639 2546838 infeasible   42      6291.00000 5971.28078  5.08%   154 29125s
 7706927 2547212 6114.24614   56  139 6291.00000 5971.28723  5.08%   154 29130s
 7709607 2547977 6127.19643   40  154 6291.00000 5971.30100  5.08%   154 29139s
 7710845 2548374 6123.80323   47  216 6291.00000 5971.30834  5.08%   154 29144s
 7712285 2548723 6216.86168   55  109 6291.00000 5971.31063  5.08%   154 29148s
 7713570 2549090     cutoff   59      6291.00000 5971.31997  5.08%   154 29153s
 7714909 2549475 6107.09731   55  130 6291.00000 5971.32596  5.08%   154 29157s
 7716274 2549930     cutoff   45      6291.00000 5971.33194  5.08%   154 29162s
 7717646 2550218 6108.62450   44  102 6291.00000 5971.33881  5.08%   154 29166s
 7718783 2550376 5982.44948   50  261 6291.00000 5971.34407  5.08%   154 29171s
 7719417 2550847 6244.73269   53  144 6291.00000 5971.34483  5.08%   154 29176s
 7720926 2551276 6095.72201   60  157 6291.00000 5971.35414  5.08%   154 29181s
 7722380 2551736     cutoff   39      6291.00000 5971.36194  5.08%   154 29185s
 7723813 2552086 6067.06199   32  241 6291.00000 5971.36789  5.08%   154 29190s
 7726401 2552944     cutoff   53      6291.00000 5971.38153  5.08%   154 29199s
 7727809 2553344 5986.93411   36  146 6291.00000 5971.38608  5.08%   154 29203s
 7729096 2553670 6060.83877   44  235 6291.00000 5971.39328  5.08%   154 29207s
 7730400 2554002 6232.32911   41  154 6291.00000 5971.39946  5.08%   154 29212s
 7731582 2554367     cutoff   44      6291.00000 5971.40525  5.08%   154 29216s
 7732822 2554641 6229.89079   52  207 6291.00000 5971.40821  5.08%   154 29220s
 7734051 2555002 infeasible   59      6291.00000 5971.41522  5.08%   154 29225s
 7736574 2555832 6150.81792   47  128 6291.00000 5971.42801  5.08%   154 29234s
 7737994 2556219 6040.70843   37  136 6291.00000 5971.43441  5.08%   154 29238s
 7739258 2556616 6169.89061   40  199 6291.00000 5971.44154  5.08%   154 29242s
 7740539 2556917 6089.43984   35  175 6291.00000 5971.44528  5.08%   154 29246s
 7741702 2557221 5980.72589   44  185 6291.00000 5971.45210  5.08%   154 29251s
 7742798 2557519 6101.74191   45  199 6291.00000 5971.45586  5.08%   154 29256s
 7743788 2557891 5976.61686   46  212 6291.00000 5971.46134  5.08%   154 29260s
 7744946 2558190 6138.30080   43  193 6291.00000 5971.46357  5.08%   154 29265s
 7747656 2558967     cutoff   57      6291.00000 5971.47841  5.08%   154 29273s
 7748849 2559355 infeasible   40      6291.00000 5971.48238  5.08%   154 29278s
 7750193 2559752 6163.43644   50  120 6291.00000 5971.48928  5.08%   154 29282s
 7751517 2560079 6100.00000   46   64 6291.00000 5971.49407  5.08%   154 29287s
 7752791 2560459 5981.17640   41  197 6291.00000 5971.49967  5.08%   154 29291s
 7754166 2560825     cutoff   69      6291.00000 5971.50356  5.08%   154 29295s
 7755442 2561173 infeasible   25      6291.00000 5971.50949  5.08%   154 29300s
 7757855 2561883 6156.43353   37  137 6291.00000 5971.52226  5.08%   154 29309s
 7758968 2562309 6019.72581   42  198 6291.00000 5971.52892  5.08%   154 29313s
 7760326 2562582 infeasible   33      6291.00000 5971.53351  5.08%   154 29317s
 7761560 2562918 6213.29352   43  185 6291.00000 5971.54093  5.08%   154 29322s
 7762841 2563206 infeasible   50      6291.00000 5971.54455  5.08%   154 29326s
 7763980 2563605 6166.53652   43  172 6291.00000 5971.55131  5.08%   154 29331s
 7765262 2564020 6143.42263   48  227 6291.00000 5971.55987  5.08%   154 29335s
 7767736 2564690 6125.66036   51  205 6291.00000 5971.57302  5.08%   154 29344s
 7768836 2564954 6180.79401   44  223 6291.00000 5971.57867  5.08%   154 29348s
 7770091 2565338 infeasible   47      6291.00000 5971.58630  5.08%   154 29352s
 7771414 2565703 5972.77242   40  241 6291.00000 5971.59382  5.08%   154 29357s
 7772744 2565967     cutoff   46      6291.00000 5971.59933  5.08%   154 29362s
 7774018 2566266     cutoff   56      6291.00000 5971.60122  5.08%   154 29367s
 7774991 2566592 infeasible   48      6291.00000 5971.60526  5.08%   154 29371s
 7776417 2566971 6018.04046   29  256 6291.00000 5971.60760  5.08%   154 29376s
 7777654 2567346 6213.36364   34  194 6291.00000 5971.61812  5.08%   154 29380s
 7778866 2567597 5979.02588   51  159 6291.00000 5971.62420  5.08%   154 29385s
 7781509 2568309 5982.45996   37  158 6291.00000 5971.63703  5.08%   154 29393s
 7782601 2568722 6220.55608   53  139 6291.00000 5971.64302  5.08%   154 29397s
 7784004 2569075 6048.31195   34  141 6291.00000 5971.64896  5.08%   154 29402s
 7785326 2569418 6061.50355   45  200 6291.00000 5971.65425  5.08%   154 29406s
 7786595 2569790 6070.92602   48  177 6291.00000 5971.66096  5.08%   154 29411s
 7787888 2569995 6203.17599   66  106 6291.00000 5971.66750  5.08%   154 29415s
 7788838 2570360 6235.55283   35  126 6291.00000 5971.66935  5.08%   154 29420s
 7791516 2571053 infeasible   55      6291.00000 5971.68105  5.08%   154 29428s
 7792449 2571392 6086.21429   44  201 6291.00000 5971.68497  5.08%   154 29433s
 7793741 2571664 6179.98068   47  126 6291.00000 5971.69111  5.08%   154 29438s
 7794571 2572176 6275.10134   51  127 6291.00000 5971.69506  5.08%   154 29443s
 7796013 2572609 6071.37988   56  215 6291.00000 5971.70045  5.08%   154 29447s
 7797353 2573009 6073.05905   41  193 6291.00000 5971.70856  5.08%   154 29452s
 7798641 2573436 6114.47973   42  167 6291.00000 5971.71587  5.08%   154 29457s
 7800014 2573805 6065.86667   50  128 6291.00000 5971.72384  5.08%   154 29461s
 7801337 2574198 infeasible   40      6291.00000 5971.72712  5.08%   154 29466s
 7802725 2574554 6168.11902   50  155 6291.00000 5971.73233  5.07%   154 29470s
 7804062 2574885 6212.62975   48  135 6291.00000 5971.73848  5.07%   154 29475s
 7806563 2575393     cutoff   57      6291.00000 5971.75317  5.07%   154 29485s
 7807132 2575737 5978.59626   68  200 6291.00000 5971.75317  5.07%   154 29490s
 7809599 2576452 6038.03433   38  233 6291.00000 5971.76737  5.07%   154 29499s
 7810875 2576873     cutoff   39      6291.00000 5971.77334  5.07%   154 29503s
 7812214 2577264 6215.50395   58  110 6291.00000 5971.77978  5.07%   154 29508s
 7813509 2577560 6063.80970   47  150 6291.00000 5971.78582  5.07%   154 29512s
 7814671 2577801 6164.01636   48  142 6291.00000 5971.78996  5.07%   154 29516s
 7815852 2578160     cutoff   49      6291.00000 5971.79536  5.07%   154 29521s
 7817134 2578460 infeasible   36      6291.00000 5971.80314  5.07%   154 29525s
 7818373 2578862     cutoff   37      6291.00000 5971.80946  5.07%   154 29530s
 7820826 2579450     cutoff   48      6291.00000 5971.82133  5.07%   154 29538s
 7822168 2579882     cutoff   45      6291.00000 5971.82819  5.07%   154 29543s
 7823440 2580206 infeasible   40      6291.00000 5971.83333  5.07%   154 29547s
 7824627 2580546     cutoff   51      6291.00000 5971.84010  5.07%   154 29551s
 7825883 2580858 6062.51292   54  235 6291.00000 5971.84375  5.07%   154 29556s
 7827092 2581321 6072.58526   42  204 6291.00000 5971.85042  5.07%   154 29560s
 7828405 2581626     cutoff   49      6291.00000 5971.85708  5.07%   154 29565s
 7830891 2582417 6059.70418   47  206 6291.00000 5971.86648  5.07%   154 29574s
 7832228 2582587 6017.80897   49  144 6291.00000 5971.87203  5.07%   154 29579s
 7832934 2582927 6259.94428   53  157 6291.00000 5971.87508  5.07%   154 29583s
 7834309 2583328 6171.36080   47  152 6291.00000 5971.88274  5.07%   154 29588s
 7835630 2583751 6182.89129   41  132 6291.00000 5971.89048  5.07%   154 29592s
 7836972 2584172 6092.71140   53  132 6291.00000 5971.89491  5.07%   154 29597s
 7838257 2584540 6173.70325   46   86 6291.00000 5971.90174  5.07%   154 29601s
 7839525 2585005     cutoff   40      6291.00000 5971.90963  5.07%   154 29606s
 7840881 2585422 6070.43652   39  207 6291.00000 5971.91447  5.07%   154 29610s
 7842193 2585754 6126.75274   33  162 6291.00000 5971.92196  5.07%   154 29615s
 7844896 2586447 6220.50511   57  128 6291.00000 5971.93620  5.07%   154 29624s
 7846345 2586740 6049.90757   38  170 6291.00000 5971.94118  5.07%   154 29628s
 7847413 2587194 6091.29788   53  186 6291.00000 5971.94672  5.07%   154 29632s
 7848702 2587631     cutoff   54      6291.00000 5971.95178  5.07%   154 29636s
 7849895 2587940 6164.34071   58  153 6291.00000 5971.95606  5.07%   154 29640s
 7851213 2588372 6062.64777   46  119 6291.00000 5971.96234  5.07%   154 29645s
 7853202 2589067     cutoff   71      6291.00000 5971.96837  5.07%   154 29653s
 7854466 2589449     cutoff   51      6291.00000 5971.97333  5.07%   154 29657s
 7855741 2589825     cutoff   43      6291.00000 5971.98096  5.07%   154 29662s
 7857065 2590195     cutoff   62      6291.00000 5971.98573  5.07%   154 29666s
 7858397 2590502 6060.93452   42  177 6291.00000 5971.99173  5.07%   154 29670s
 7859640 2590901 6072.11009   34  147 6291.00000 5971.99696  5.07%   154 29675s
 7861898 2591560 6070.49511   39  234 6291.00000 5972.00646  5.07%   154 29683s
 7863219 2591961 6050.05307   45  220 6291.00000 5972.01212  5.07%   154 29687s
 7864568 2592413 6068.80212   44  187 6291.00000 5972.01930  5.07%   154 29691s
 7865888 2592613 infeasible   41      6291.00000 5972.02516  5.07%   154 29696s
 7866755 2592997 5973.62990   66  140 6291.00000 5972.02744  5.07%   154 29701s
 7868078 2593322 6197.92040   57  118 6291.00000 5972.03455  5.07%   154 29705s
 7869324 2593774 5976.42151   53  165 6291.00000 5972.04105  5.07%   154 29710s
 7871994 2594595 infeasible   35      6291.00000 5972.05660  5.07%   154 29719s
 7873367 2594939 6185.76001   59  191 6291.00000 5972.06110  5.07%   154 29723s
 7874630 2595303 6059.56972   42  128 6291.00000 5972.06757  5.07%   154 29727s
 7875727 2595687 6185.10427   54  111 6291.00000 5972.07325  5.07%   154 29731s
 7877094 2595938     cutoff   43      6291.00000 5972.08004  5.07%   154 29736s
 7878211 2596262 infeasible   46      6291.00000 5972.08503  5.07%   154 29740s
 7880877 2596947 6167.66767   44  195 6291.00000 5972.09792  5.07%   154 29749s
 7882073 2597360 infeasible   43      6291.00000 5972.10229  5.07%   154 29754s
 7883458 2597698 infeasible   43      6291.00000 5972.10947  5.07%   154 29758s
 7884641 2598031 infeasible   48      6291.00000 5972.11764  5.07%   154 29762s
 7885891 2598332 6115.75760   52  117 6291.00000 5972.12482  5.07%   154 29766s
 7887108 2598720 infeasible   44      6291.00000 5972.12779  5.07%   154 29770s
 7888418 2598938 5981.89872   40  175 6291.00000 5972.13690  5.07%   154 29775s
 7889262 2599342     cutoff   39      6291.00000 5972.13844  5.07%   154 29780s
 7891814 2600077 5990.15392   41  237 6291.00000 5972.15239  5.07%   154 29789s
 7893179 2600391 6058.73451   39  160 6291.00000 5972.15700  5.07%   154 29793s
 7894368 2600784 5977.78382   35  268 6291.00000 5972.16160  5.07%   154 29798s
 7895578 2601117 6155.31449   32  117 6291.00000 5972.16793  5.07%   154 29802s
 7896962 2601514 6181.95257   39  194 6291.00000 5972.17444  5.07%   154 29807s
 7898322 2601873 6171.37335   60  105 6291.00000 5972.18060  5.07%   154 29811s
 7899636 2602206 6203.00000   47  127 6291.00000 5972.18609  5.07%   154 29815s
 7900856 2602624 5993.51887   50  161 6291.00000 5972.19136  5.07%   154 29820s
 7903389 2603306 infeasible   54      6291.00000 5972.20236  5.07%   154 29828s
 7904658 2603685 6067.92543   51  184 6291.00000 5972.20816  5.07%   154 29832s
 7905871 2604055 6098.45057   66  156 6291.00000 5972.21478  5.07%   154 29836s
 7907192 2604203 6071.75026   51  179 6291.00000 5972.21994  5.07%   154 29841s
 7907744 2604575 6271.41022   37  157 6291.00000 5972.22242  5.07%   154 29845s
 7908970 2605116 6271.48073   49  198 6291.00000 5972.22885  5.07%   154 29850s
 7911694 2605870 6152.57633   44  214 6291.00000 5972.24079  5.07%   154 29858s
 7912917 2606238 6204.87421   46  162 6291.00000 5972.24604  5.07%   154 29863s
 7914149 2606616 6166.09709   29  165 6291.00000 5972.25131  5.07%   154 29867s
 7915360 2607002 6175.54681   52  162 6291.00000 5972.25780  5.07%   154 29872s
 7916728 2607365 6063.25513   37  230 6291.00000 5972.26290  5.07%   154 29876s
 7917995 2607710 6060.85777   32  149 6291.00000 5972.26915  5.07%   154 29881s
 7919289 2608111 6196.76306   34  199 6291.00000 5972.27523  5.07%   154 29885s
 7920587 2608378 6160.93618   45  198 6291.00000 5972.28000  5.07%   154 29890s
 7923091 2609131 infeasible   43      6291.00000 5972.29222  5.07%   154 29899s
 7924240 2609561 infeasible   43      6291.00000 5972.29892  5.07%   154 29903s
 7925654 2609934 6270.01206   60  115 6291.00000 5972.30458  5.07%   154 29908s
 7926932 2610360 5995.79493   35  219 6291.00000 5972.31127  5.07%   154 29912s
 7928294 2610603 6171.02775   38  149 6291.00000 5972.31872  5.07%   154 29916s
 7929443 2610999 5972.36321   38  198 6291.00000 5972.32531  5.07%   154 29921s
 7930724 2611419 6254.31349   38  157 6291.00000 5972.33043  5.07%   154 29925s
 7933236 2612085 6152.77053   43  149 6291.00000 5972.34136  5.07%   154 29934s
 7934524 2612414     cutoff   39      6291.00000 5972.34643  5.07%   154 29938s
 7935661 2612762 5983.35666   36  152 6291.00000 5972.35247  5.07%   154 29942s
 7936990 2613145 6081.31319   56  235 6291.00000 5972.35971  5.07%   154 29947s
 7938356 2613455     cutoff   44      6291.00000 5972.36521  5.06%   154 29951s
 7939555 2613846 6124.30499   63   97 6291.00000 5972.36905  5.06%   154 29955s
 7940752 2614229 6097.94315   48  237 6291.00000 5972.37763  5.06%   154 29960s
 7943290 2614955 6075.03378   40  204 6291.00000 5972.38823  5.06%   154 29969s
 7944545 2615200     cutoff   37      6291.00000 5972.39326  5.06%   154 29973s
 7945799 2615493 6222.51655   37  159 6291.00000 5972.39812  5.06%   154 29977s
 7946912 2615757 6050.04589   41  203 6291.00000 5972.40170  5.06%   154 29982s
 7947976 2616108 6153.30798   39  162 6291.00000 5972.40928  5.06%   154 29986s
 7949264 2616470     cutoff   53      6291.00000 5972.41581  5.06%   154 29991s
 7950541 2616755     cutoff   38      6291.00000 5972.42161  5.06%   154 29995s
 7953133 2617242     cutoff   49      6291.00000 5972.43479  5.06%   154 30005s
 7954959 2617981 5972.52974   49  231 6291.00000 5972.43979  5.06%   154 30014s
 7956136 2618359 6282.23195   56   81 6291.00000 5972.44943  5.06%   154 30019s
 7957520 2618808 infeasible   55      6291.00000 5972.45754  5.06%   154 30023s
 7958844 2619139 6189.93745   56  202 6291.00000 5972.46467  5.06%   154 30028s
 7960112 2619502     cutoff   46      6291.00000 5972.47172  5.06%   154 30032s
 7961482 2619856 6112.52252   48  181 6291.00000 5972.47811  5.06%   154 30037s
 7962710 2620264 6032.10611   47  232 6291.00000 5972.48170  5.06%   154 30041s
 7964256 2620646 6082.85068   42  121 6291.00000 5972.48929  5.06%   154 30045s
 7965469 2621032     cutoff   48      6291.00000 5972.49539  5.06%   154 30050s
 7967986 2621689     cutoff   46      6291.00000 5972.50567  5.06%   154 30058s
 7969045 2621915 5979.70606   48  207 6291.00000 5972.51104  5.06%   154 30062s
 7969738 2622278 6176.44139   41  158 6291.00000 5972.51504  5.06%   154 30067s
 7971096 2622627 6067.50225   50  218 6291.00000 5972.51967  5.06%   154 30072s
 7972527 2622963 6085.50503   48  153 6291.00000 5972.52552  5.06%   154 30076s
 7973752 2623421 5990.25489   42  163 6291.00000 5972.53304  5.06%   154 30080s
 7976242 2623997 6161.02711   49  178 6291.00000 5972.54465  5.06%   154 30089s
 7977402 2624396 6027.23110   34  215 6291.00000 5972.54953  5.06%   154 30093s
 7978746 2624760 6195.02672   42  132 6291.00000 5972.55735  5.06%   154 30098s
 7980007 2625091 6234.44149   49  144 6291.00000 5972.56290  5.06%   154 30102s
 7981441 2625386 6080.28037   30  220 6291.00000 5972.56772  5.06%   154 30106s
 7982593 2625735 6063.51101   37  151 6291.00000 5972.57324  5.06%   154 30110s
 7983780 2626079 6113.18198   48  186 6291.00000 5972.58221  5.06%   154 30115s
 7986286 2626734 6085.71543   46  196 6291.00000 5972.59369  5.06%   154 30123s
 7987459 2627094 infeasible   42      6291.00000 5972.59965  5.06%   154 30128s
 7988761 2627440 6212.50000   41   63 6291.00000 5972.60660  5.06%   154 30132s
 7990003 2627773 infeasible   44      6291.00000 5972.61230  5.06%   154 30137s
 7991219 2628093 6169.77769   58   98 6291.00000 5972.61987  5.06%   154 30141s
 7992564 2628398 6159.09427   37  182 6291.00000 5972.62408  5.06%   154 30145s
 7993863 2628587 6151.26537   36   97 6291.00000 5972.62842  5.06%   154 30151s
 7994525 2629077 6039.64362   47  175 6291.00000 5972.63141  5.06%   154 30156s
 7996025 2629500 6203.58342   38   89 6291.00000 5972.63950  5.06%   154 30161s
 7997455 2629854 6071.10114   42  170 6291.00000 5972.64589  5.06%   154 30166s
 7998743 2630281 6139.39989   59  145 6291.00000 5972.65385  5.06%   154 30170s
 8000151 2630679     cutoff   53      6291.00000 5972.65959  5.06%   154 30175s
 8002827 2631388 6004.52057   30  200 6291.00000 5972.67124  5.06%   154 30184s
 8004046 2631716 6189.19583   39  163 6291.00000 5972.67314  5.06%   154 30188s
 8005356 2632173 6194.69761   50  146 6291.00000 5972.68072  5.06%   154 30193s
 8006703 2632534 6087.91345   46  136 6291.00000 5972.68733  5.06%   154 30197s
 8008122 2632899 6067.09184   41  171 6291.00000 5972.69452  5.06%   154 30202s
 8009540 2633330     cutoff   30      6291.00000 5972.70162  5.06%   154 30206s
 8010864 2633751 infeasible   34      6291.00000 5972.70852  5.06%   154 30211s
 8012228 2634170 6150.65713   45   82 6291.00000 5972.71357  5.06%   154 30215s
 8014798 2634673 6158.41261   38  216 6291.00000 5972.72310  5.06%   154 30223s
 8015813 2635003 infeasible   36      6291.00000 5972.72896  5.06%   154 30227s
 8016902 2635359 6062.00000   36  104 6291.00000 5972.73341  5.06%   154 30231s
 8018236 2635731 6091.30496   46  124 6291.00000 5972.73812  5.06%   154 30236s
 8019572 2636055 infeasible   49      6291.00000 5972.74364  5.06%   153 30240s
 8021983 2636635     cutoff   61      6291.00000 5972.75321  5.06%   153 30248s
 8023268 2636969 6120.81079   32   74 6291.00000 5972.75868  5.06%   153 30253s
 8024541 2637315 5989.51589   43  203 6291.00000 5972.76518  5.06%   153 30257s
 8025636 2637705 6114.17444   36  158 6291.00000 5972.77063  5.06%   153 30261s
 8026933 2637999 6092.78087   54  220 6291.00000 5972.77583  5.06%   153 30266s
 8028161 2638419 infeasible   44      6291.00000 5972.78139  5.06%   153 30270s
 8029495 2638753 infeasible   46      6291.00000 5972.78663  5.06%   153 30275s
 8030772 2638995 6022.07912   34  216 6291.00000 5972.79301  5.06%   153 30280s
 8031777 2639343 6073.68053   33  159 6291.00000 5972.79606  5.06%   153 30285s
 8033145 2639669     cutoff   46      6291.00000 5972.80433  5.06%   153 30290s
 8035877 2640348 6176.72194   48  150 6291.00000 5972.81579  5.06%   153 30299s
 8037125 2640707 6032.08238   46  170 6291.00000 5972.82333  5.06%   153 30303s
 8038375 2640910 6001.72789   51  237 6291.00000 5972.82839  5.06%   153 30308s
 8039175 2641300 6132.40712   51  210 6291.00000 5972.83297  5.06%   153 30313s
 8040676 2641690 6160.12086   40  124 6291.00000 5972.83882  5.06%   153 30317s
 8042068 2642094 6113.55341   58  151 6291.00000 5972.84437  5.06%   153 30322s
 8043457 2642421 6112.08440   40  141 6291.00000 5972.85227  5.06%   153 30326s
 8044656 2642804 6273.81025   43  245 6291.00000 5972.85775  5.06%   153 30331s
 8046071 2643224 6046.90520   47  205 6291.00000 5972.86577  5.06%   153 30336s
 8047411 2643620 6153.18343   34  151 6291.00000 5972.87034  5.06%   153 30340s
 8050000 2644261 6261.92318   52  105 6291.00000 5972.88339  5.06%   153 30349s
 8051036 2644582 infeasible   26      6291.00000 5972.88818  5.06%   153 30353s
 8052253 2644964 6183.72465   55  140 6291.00000 5972.89424  5.06%   153 30358s
 8053541 2645263 6081.30413   38  202 6291.00000 5972.90095  5.06%   153 30362s
 8054792 2645581 6069.35243   55  106 6291.00000 5972.90861  5.06%   153 30367s
 8056027 2645968 6068.62575   33  150 6291.00000 5972.91253  5.06%   153 30372s
 8057306 2646296 infeasible   48      6291.00000 5972.91729  5.06%   153 30376s
 8058736 2646579 6210.18829   57  228 6291.00000 5972.91955  5.06%   153 30380s
 8059975 2646850 6218.29766   51  183 6291.00000 5972.92640  5.06%   153 30385s
 8062510 2647500     cutoff   37      6291.00000 5972.93977  5.06%   153 30394s
 8063618 2647864     cutoff   37      6291.00000 5972.94421  5.06%   153 30398s
 8064836 2648211 6026.82609   39  185 6291.00000 5972.94995  5.06%   153 30403s
 8066280 2648577     cutoff   35      6291.00000 5972.95654  5.06%   153 30407s
 8067714 2648903 6153.98011   59  117 6291.00000 5972.96215  5.06%   153 30411s
 8068735 2649212 6199.09204   60  161 6291.00000 5972.96852  5.06%   153 30415s
 8069864 2649583 6167.20770   37  186 6291.00000 5972.97363  5.06%   153 30420s
 8072430 2650276 6070.86119   54   94 6291.00000 5972.98355  5.06%   153 30429s
 8073692 2650532 6187.70840   56  186 6291.00000 5972.98672  5.06%   153 30433s
 8074791 2650941     cutoff   44      6291.00000 5972.99315  5.05%   153 30437s
 8076076 2651241     cutoff   48      6291.00000 5972.99806  5.05%   153 30442s
 8077297 2651616 6193.41583   34  182 6291.00000 5973.00056  5.05%   153 30446s
 8078725 2651968 6187.24814   36  164 6291.00000 5973.01006  5.05%   153 30450s
 8080028 2652285 6188.80004   37  195 6291.00000 5973.01800  5.05%   153 30455s
 8081244 2652582 6113.26047   44  122 6291.00000 5973.02685  5.05%   153 30460s
 8083572 2653241 6065.87103   46  114 6291.00000 5973.04013  5.05%   153 30468s
 8084816 2653553 6111.14630   42  175 6291.00000 5973.04494  5.05%   153 30473s
 8086018 2653924 infeasible   40      6291.00000 5973.05178  5.05%   153 30477s
 8087510 2654292 6083.84956   36  210 6291.00000 5973.05866  5.05%   153 30482s
 8088654 2654661 6086.09041   50   67 6291.00000 5973.06382  5.05%   153 30486s
 8089840 2654958 6277.02357   35  220 6291.00000 5973.07176  5.05%   153 30491s
 8091058 2655303     cutoff   71      6291.00000 5973.07719  5.05%   153 30496s
 8092339 2655655 6067.62429   44  184 6291.00000 5973.08375  5.05%   153 30501s
 8093702 2655945 6265.37257   55  182 6291.00000 5973.08745  5.05%   153 30505s
 8096261 2656709 6216.81502   52  193 6291.00000 5973.10279  5.05%   153 30514s
 8097655 2657084 6264.17644   42  114 6291.00000 5973.11107  5.05%   153 30519s
 8099041 2657507 6009.61709   50  204 6291.00000 5973.11701  5.05%   153 30523s
 8100370 2657776 6188.49879   50  164 6291.00000 5973.12248  5.05%   153 30528s
 8101311 2657953 6063.71254   45  127 6291.00000 5973.12744  5.05%   153 30532s
 8101932 2658386 6065.47950   45  122 6291.00000 5973.13070  5.05%   153 30537s
 8103338 2658769 6272.35673   46  110 6291.00000 5973.13569  5.05%   153 30541s
 8104664 2659149 6166.11291   47   98 6291.00000 5973.14187  5.05%   153 30546s
 8105999 2659524 6090.46873   71   85 6291.00000 5973.14967  5.05%   153 30550s
 8108510 2660251     cutoff   45      6291.00000 5973.16233  5.05%   153 30559s
 8109735 2660590     cutoff   52      6291.00000 5973.16857  5.05%   153 30563s
 8110871 2660942 6163.26658   54  103 6291.00000 5973.17424  5.05%   153 30567s
 8112148 2661304     cutoff   39      6291.00000 5973.18009  5.05%   153 30571s
 8113306 2661690 6173.01170   52  166 6291.00000 5973.18632  5.05%   153 30575s
 8114515 2661942     cutoff   39      6291.00000 5973.19205  5.05%   153 30580s
 8116721 2662567 6069.85023   48  176 6291.00000 5973.20152  5.05%   153 30589s
 8118099 2662888 6248.33641   62   98 6291.00000 5973.20580  5.05%   153 30593s
 8119458 2663229 6269.52874   48  129 6291.00000 5973.21330  5.05%   153 30597s
 8120708 2663361 6021.31531   42  180 6291.00000 5973.21854  5.05%   153 30602s
 8121249 2663710 6071.82220   54  154 6291.00000 5973.22125  5.05%   153 30607s
 8122589 2664157 6160.11030   44  193 6291.00000 5973.23031  5.05%   153 30611s
 8123947 2664472 6063.12142   50  126 6291.00000 5973.23552  5.05%   153 30615s
 8126428 2665154 6251.05728   60  131 6291.00000 5973.24747  5.05%   153 30624s
 8127582 2665485 infeasible   54      6291.00000 5973.25351  5.05%   153 30628s
 8128759 2665829     cutoff   38      6291.00000 5973.25644  5.05%   153 30632s
 8129972 2666180 6016.27397   45  237 6291.00000 5973.26484  5.05%   153 30636s
 8131171 2666533 6194.72842   53  121 6291.00000 5973.27110  5.05%   153 30641s
 8132452 2666928 6059.82695   45  206 6291.00000 5973.27708  5.05%   153 30645s
 8133809 2667258 6143.73600   47  155 6291.00000 5973.28214  5.05%   153 30650s
 8136223 2667908     cutoff   40      6291.00000 5973.29404  5.05%   153 30658s
 8137389 2668281 6287.46187   51  167 6291.00000 5973.30051  5.05%   153 30662s
 8138538 2668684 5982.70163   32  183 6291.00000 5973.30557  5.05%   153 30667s
 8139951 2669039 6095.86512   53  205 6291.00000 5973.31269  5.05%   153 30672s
 8141285 2669348 6167.25496   49  125 6291.00000 5973.32334  5.05%   153 30676s
 8142407 2669753 6073.41550   41  194 6291.00000 5973.32981  5.05%   153 30681s
 8143707 2670155 6071.63163   49  174 6291.00000 5973.33539  5.05%   153 30686s
 8144915 2670600 6165.22927   47  150 6291.00000 5973.34116  5.05%   153 30690s
 8146348 2670828 6208.01305   53  106 6291.00000 5973.34306  5.05%   153 30695s
 8148893 2671481 6163.73564   47  144 6291.00000 5973.35846  5.05%   153 30704s
 8150188 2671634 6035.77233   46  254 6291.00000 5973.36422  5.05%   153 30709s
 8150733 2671931 6043.11729   47  270 6291.00000 5973.36422  5.05%   153 30713s
 8151883 2672346 6127.72201   50  109 6291.00000 5973.36521  5.05%   153 30718s
 8153256 2672689 6074.11365   54  179 6291.00000 5973.38090  5.05%   153 30723s
 8154630 2673022 5981.85154   34  173 6291.00000 5973.38474  5.05%   153 30728s
 8155814 2673342 6172.08338   51  151 6291.00000 5973.39033  5.05%   153 30732s
 8157140 2673833 6166.60000   41  108 6291.00000 5973.39905  5.05%   153 30737s
 8158622 2674206 6014.68592   38  150 6291.00000 5973.40198  5.05%   153 30741s
 8159956 2674538 6063.13423   49  159 6291.00000 5973.41056  5.05%   153 30745s
 8162431 2675035 6170.59195   64  150 6291.00000 5973.42272  5.05%   153 30754s
 8163590 2675361     cutoff   42      6291.00000 5973.42727  5.05%   153 30758s
 8164854 2675683 6055.65030   44  220 6291.00000 5973.43396  5.05%   153 30762s
 8166068 2676017 infeasible   39      6291.00000 5973.43953  5.05%   153 30767s
 8167343 2676333 infeasible   48      6291.00000 5973.44680  5.05%   153 30771s
 8168609 2676645 6161.41647   27  140 6291.00000 5973.45368  5.05%   153 30775s
 8171136 2677090 6116.03340   64  213 6291.00000 5973.46811  5.05%   153 30783s
 8171553 2677421 6063.05340   41  136 6291.00000 5973.47112  5.05%   153 30788s
 8172833 2677743 6165.89390   52  114 6291.00000 5973.47683  5.05%   153 30793s
 8174186 2678086 6016.13707   38  206 6291.00000 5973.48241  5.05%   153 30797s
 8175490 2678429 6100.51529   45  176 6291.00000 5973.48986  5.05%   153 30801s
 8176670 2678800 5977.09264   38  204 6291.00000 5973.49724  5.05%   153 30806s
 8177899 2679167 6179.63194   49  176 6291.00000 5973.50168  5.05%   153 30810s
 8179232 2679523 5973.57607   38  192 6291.00000 5973.50791  5.05%   153 30815s
 8180511 2679822 6112.00000   33   89 6291.00000 5973.51475  5.05%   153 30820s
 8183045 2680517 infeasible   41      6291.00000 5973.52747  5.05%   153 30829s
 8184283 2680893 6089.51385   52  161 6291.00000 5973.53648  5.05%   153 30834s
 8185460 2681261 6169.48457   41  101 6291.00000 5973.54291  5.05%   153 30839s
 8186744 2681605 6172.00000   44   84 6291.00000 5973.54895  5.05%   153 30843s
 8188093 2681906 6067.07254   39  150 6291.00000 5973.55394  5.05%   153 30848s
 8189225 2682348 6057.97459   37  177 6291.00000 5973.56106  5.05%   153 30853s
 8190585 2682674 6065.00000   51   83 6291.00000 5973.56696  5.05%   153 30857s
 8192028 2682975 6114.75956   50  220 6291.00000 5973.57457  5.05%   153 30862s
 8193371 2683387 6166.03026   37  108 6291.00000 5973.57855  5.05%   153 30866s
 8194748 2683797     cutoff   45      6291.00000 5973.58487  5.05%   153 30871s
 8196156 2684098 infeasible   45      6291.00000 5973.58987  5.05%   153 30875s
 8198339 2684693 6078.11582   45  192 6291.00000 5973.60104  5.05%   153 30883s
 8199674 2684998 6066.57042   45   94 6291.00000 5973.60731  5.05%   153 30888s
 8200853 2685312 infeasible   55      6291.00000 5973.61201  5.05%   153 30892s
 8202175 2685593 infeasible   30      6291.00000 5973.61773  5.05%   153 30897s
 8203434 2685889     cutoff   41      6291.00000 5973.62477  5.04%   153 30901s
 8204649 2686211     cutoff   56      6291.00000 5973.62844  5.04%   153 30906s
 8206037 2686597 infeasible   45      6291.00000 5973.63459  5.04%   153 30910s
 8208397 2687278     cutoff   57      6291.00000 5973.64498  5.04%   153 30918s
 8209686 2687646 6100.47167   26  272 6291.00000 5973.65317  5.04%   153 30923s
 8210915 2688011 6267.83355   48  143 6291.00000 5973.65959  5.04%   153 30927s
 8212189 2688303 6059.00000   57   70 6291.00000 5973.66547  5.04%   153 30931s
 8213374 2688628 infeasible   54      6291.00000 5973.67176  5.04%   153 30936s
 8214615 2688976 6179.29212   40  155 6291.00000 5973.67769  5.04%   153 30941s
 8215949 2689152 infeasible   54      6291.00000 5973.68345  5.04%   153 30945s
 8216976 2689479 6060.07604   54  169 6291.00000 5973.68865  5.04%   153 30950s
 8219728 2690168 6231.06726   52  173 6291.00000 5973.70066  5.04%   153 30959s
 8220944 2690597 6083.97738   42  174 6291.00000 5973.70742  5.04%   153 30964s
 8222283 2690827     cutoff   55      6291.00000 5973.71503  5.04%   153 30969s
 8223201 2691181 6060.43526   42   51 6291.00000 5973.71503  5.04%   153 30973s
 8224548 2691495 6033.58570   39  192 6291.00000 5973.72646  5.04%   153 30977s
 8225729 2691839 6089.24994   47  143 6291.00000 5973.73296  5.04%   153 30982s
 8227076 2692198 6068.71898   33  153 6291.00000 5973.73934  5.04%   153 30987s
 8228359 2692543 6211.75001   41  157 6291.00000 5973.74513  5.04%   153 30991s
 8229713 2692931 6104.26328   50   91 6291.00000 5973.74997  5.04%   153 30996s
 8231034 2693302 infeasible   41      6291.00000 5973.75858  5.04%   153 31000s
 8232136 2693587 6173.55668   41  175 6291.00000 5973.76249  5.04%   153 31005s
 8233287 2694013 6286.22891   35  212 6291.00000 5973.76680  5.04%   153 31010s
 8236048 2694721 6178.91886   40  152 6291.00000 5973.78126  5.04%   153 31019s
 8237290 2695051 6119.16280   41  196 6291.00000 5973.79105  5.04%   153 31024s
 8238660 2695343 infeasible   46      6291.00000 5973.79769  5.04%   153 31029s
 8239928 2695631 6252.87125   52  125 6291.00000 5973.80221  5.04%   153 31033s
 8241213 2696031 6110.68221   45  171 6291.00000 5973.80791  5.04%   153 31038s
 8242481 2696303 infeasible   41      6291.00000 5973.81667  5.04%   153 31044s
 8243693 2696669 6167.22283   52  161 6291.00000 5973.82069  5.04%   153 31048s
 8244911 2696985     cutoff   46      6291.00000 5973.82875  5.04%   153 31053s
 8246201 2697295     cutoff   42      6291.00000 5973.83531  5.04%   153 31058s
 8247491 2697630 6062.02955   39  147 6291.00000 5973.84126  5.04%   153 31063s
 8248709 2698018 6153.67761   37  150 6291.00000 5973.84865  5.04%   153 31069s
 8250004 2698436 6173.41737   44  141 6291.00000 5973.85085  5.04%   153 31074s
 8251364 2698726     cutoff   63      6291.00000 5973.85973  5.04%   153 31078s
 8252554 2699156 6069.74747   52  146 6291.00000 5973.86677  5.04%   153 31083s
 8253890 2699310 6163.77208   44  183 6291.00000 5973.87234  5.04%   153 31088s
 8254464 2699659 6085.00000   44  162 6291.00000 5973.87582  5.04%   153 31093s
 8255810 2700043 5982.79809   40  204 6291.00000 5973.88149  5.04%   153 31098s
 8256996 2700530 6163.03775   32  102 6291.00000 5973.88668  5.04%   153 31104s
 8258463 2700839 infeasible   56      6291.00000 5973.89279  5.04%   153 31108s
 8259749 2701151     cutoff   45      6291.00000 5973.89827  5.04%   153 31113s
 8260924 2701543     cutoff   32      6291.00000 5973.90191  5.04%   153 31117s
 8262287 2701801     cutoff   41      6291.00000 5973.90889  5.04%   153 31122s
 8263488 2702078 6264.83762   59   91 6291.00000 5973.91505  5.04%   153 31127s
 8264462 2702433 5977.73513   37  207 6291.00000 5973.91736  5.04%   153 31131s
 8265709 2702738 6072.60624   35  155 6291.00000 5973.92478  5.04%   153 31136s
 8266976 2703136 5992.77058   36  158 6291.00000 5973.93165  5.04%   153 31140s
 8268294 2703498 6130.39548   40  200 6291.00000 5973.93681  5.04%   153 31145s
 8269651 2703843 5980.57272   43  137 6291.00000 5973.94468  5.04%   153 31150s
 8272196 2704535     cutoff   52      6291.00000 5973.95894  5.04%   153 31158s
 8273505 2704803 6172.51392   35  158 6291.00000 5973.96526  5.04%   153 31162s
 8274769 2705118 6129.83563   48  225 6291.00000 5973.97034  5.04%   153 31166s
 8275943 2705357 6128.59402   40  236 6291.00000 5973.97706  5.04%   153 31171s
 8276774 2705738 5974.73410   41  215 6291.00000 5973.98025  5.04%   153 31175s
 8279190 2706392 infeasible   42      6291.00000 5973.99425  5.04%   153 31184s
 8280439 2706632 6084.41241   41  170 6291.00000 5973.99766  5.04%   153 31188s
 8281381 2706915 infeasible   40      6291.00000 5974.00000  5.04%   153 31193s
 8282439 2707253 6067.95012   43  176 6291.00000 5974.00000  5.04%   153 31197s
 8283740 2707625 6113.99469   35  233 6291.00000 5974.00642  5.04%   153 31202s
 8285138 2707920 6260.99608   51  135 6291.00000 5974.01206  5.04%   153 31206s
 8286435 2708294 6191.97768   44  196 6291.00000 5974.02135  5.04%   153 31211s
 8287825 2708595 6262.12897   47  150 6291.00000 5974.02735  5.04%   153 31215s
 8290358 2709368     cutoff   53      6291.00000 5974.03957  5.04%   153 31222s
 8291537 2709644 6050.18038   42  213 6291.00000 5974.04566  5.04%   153 31227s
 8292601 2710003 6060.70188   46  191 6291.00000 5974.05209  5.04%   153 31231s
 8293824 2710492     cutoff   35      6291.00000 5974.05931  5.04%   153 31235s
 8295171 2710810 6117.35367   58  103 6291.00000 5974.06538  5.04%   153 31240s
 8297749 2711486 6059.21104   57  128 6291.00000 5974.07768  5.04%   153 31248s
 8298824 2711827 6141.60821   50  118 6291.00000 5974.08557  5.04%   153 31252s
 8299981 2712153     cutoff   46      6291.00000 5974.08965  5.04%   153 31257s
 8301045 2712514 infeasible   54      6291.00000 5974.09441  5.04%   153 31261s
 8302384 2712856 5976.50062   42  199 6291.00000 5974.10162  5.04%   153 31266s
 8303567 2713193 6080.67682   41  191 6291.00000 5974.10498  5.04%   153 31270s
 8304890 2713556     cutoff   44      6291.00000 5974.10902  5.04%   153 31275s
 8307544 2714275 infeasible   40      6291.00000 5974.12013  5.04%   153 31283s
 8308888 2714742     cutoff   38      6291.00000 5974.12687  5.04%   153 31288s
 8310167 2715028 6189.68090   50  150 6291.00000 5974.13240  5.04%   153 31292s
 8311468 2715227 6064.79007   44  158 6291.00000 5974.13501  5.04%   153 31296s
 8312174 2715533 6105.40055   50  122 6291.00000 5974.13626  5.04%   153 31301s
 8313295 2715831 infeasible   43      6291.00000 5974.13981  5.04%   153 31305s
 8315806 2716616 infeasible   39      6291.00000 5974.15818  5.04%   153 31314s
 8317137 2717005 infeasible   48      6291.00000 5974.16359  5.04%   153 31318s
 8318418 2717403 infeasible   43      6291.00000 5974.17048  5.04%   153 31322s
 8319767 2717754 6170.38276   48  179 6291.00000 5974.17690  5.04%   153 31326s
 8320985 2718088 6250.40525   40  121 6291.00000 5974.18270  5.04%   153 31331s
 8322161 2718471 infeasible   58      6291.00000 5974.18926  5.04%   153 31335s
 8323430 2718832 6256.39009   51  131 6291.00000 5974.19645  5.04%   153 31340s
 8325985 2719436 6256.64357   47  113 6291.00000 5974.21031  5.04%   153 31348s
 8327169 2719581 infeasible   60      6291.00000 5974.21810  5.04%   153 31353s
 8327770 2719912 6076.39205   43  202 6291.00000 5974.21987  5.04%   153 31358s
 8329104 2720247 infeasible   49      6291.00000 5974.22793  5.04%   153 31362s
 8330403 2720643 6048.68635   38  208 6291.00000 5974.23453  5.04%   153 31367s
 8331843 2720936     cutoff   38      6291.00000 5974.24664  5.04%   153 31372s
 8333066 2721346 6073.90329   35  193 6291.00000 5974.25192  5.03%   153 31376s
 8334363 2721706 6195.93247   43  215 6291.00000 5974.25982  5.03%   153 31381s
 8335682 2722102 6086.46330   40  166 6291.00000 5974.26656  5.03%   153 31386s
 8337029 2722452 6133.85447   47  170 6291.00000 5974.27436  5.03%   153 31390s
 8338304 2722772 6070.71541   51  141 6291.00000 5974.28054  5.03%   153 31395s
 8341045 2723515 infeasible   48      6291.00000 5974.29176  5.03%   153 31404s
 8342404 2723924 6064.25003   50  149 6291.00000 5974.29694  5.03%   153 31409s
 8343720 2724236 6214.90394   48  146 6291.00000 5974.30224  5.03%   153 31413s
 8344990 2724614 infeasible   50      6291.00000 5974.30850  5.03%   153 31417s
 8346237 2724951     cutoff   53      6291.00000 5974.31620  5.03%   153 31422s
 8347502 2725383     cutoff   56      6291.00000 5974.32222  5.03%   153 31426s
 8348890 2725700 6010.34492   44  307 6291.00000 5974.32653  5.03%   153 31430s
 8351352 2726344 infeasible   63      6291.00000 5974.33915  5.03%   153 31438s
 8352419 2726665 6154.66249   43  122 6291.00000 5974.34583  5.03%   153 31443s
 8353738 2726971 6149.30312   47  105 6291.00000 5974.35099  5.03%   153 31447s
 8354961 2727297 6123.86406   42  116 6291.00000 5974.35684  5.03%   153 31451s
 8356309 2727683 infeasible   38      6291.00000 5974.36233  5.03%   153 31456s
 8357512 2727973 6027.10906   47  154 6291.00000 5974.36932  5.03%   153 31460s
 8359808 2728468 5991.56848   50  176 6291.00000 5974.38113  5.03%   153 31469s
 8360891 2728716 6223.50191   65  140 6291.00000 5974.38687  5.03%   153 31473s
 8362115 2729029     cutoff   49      6291.00000 5974.39484  5.03%   153 31478s
 8363359 2729358 6078.66117   49  145 6291.00000 5974.40045  5.03%   153 31483s
 8364715 2729687 6072.24781   37  140 6291.00000 5974.40826  5.03%   153 31487s
 8365880 2729984 6019.56760   41  251 6291.00000 5974.41400  5.03%   153 31492s
 8367256 2730287     cutoff   52      6291.00000 5974.41818  5.03%   153 31496s
 8368547 2730608 infeasible   46      6291.00000 5974.42424  5.03%   153 31501s
 8369818 2730903 6082.03142   38  227 6291.00000 5974.43017  5.03%   153 31505s
 8371008 2731069 6110.22043   43  188 6291.00000 5974.43565  5.03%   153 31511s
 8371500 2731431 6110.57602   44  152 6291.00000 5974.43703  5.03%   153 31515s
 8372851 2731752 6248.41193   61  166 6291.00000 5974.44520  5.03%   153 31520s
 8375470 2732567 6077.67665   42  152 6291.00000 5974.46134  5.03%   153 31529s
 8376868 2732923 6109.05534   37  210 6291.00000 5974.46846  5.03%   153 31533s
 8378134 2733314     cutoff   67      6291.00000 5974.47659  5.03%   153 31538s
 8379446 2733594 6070.53859   48  180 6291.00000 5974.48180  5.03%   153 31543s
 8380709 2733910 6189.22087   61  142 6291.00000 5974.48857  5.03%   153 31547s
 8381953 2734177 infeasible   49      6291.00000 5974.49352  5.03%   153 31552s
 8383112 2734460     cutoff   40      6291.00000 5974.50000  5.03%   153 31556s
 8384351 2734780 6251.28621   50  164 6291.00000 5974.50576  5.03%   153 31561s
 8385814 2735155 6089.20689   46  198 6291.00000 5974.50955  5.03%   153 31566s
 8387129 2735539 6119.76517   46  141 6291.00000 5974.51757  5.03%   153 31570s
 8389779 2736245 6168.11371   49  114 6291.00000 5974.53326  5.03%   153 31579s
 8391006 2736626     cutoff   53      6291.00000 5974.53918  5.03%   153 31583s
 8392314 2736985 6189.06246   57  146 6291.00000 5974.54384  5.03%   153 31587s
 8393677 2737225 6166.00000   42   88 6291.00000 5974.54969  5.03%   153 31591s
 8394704 2737452 6235.13064   53  161 6291.00000 5974.55318  5.03%   153 31597s
 8395726 2737575 6171.41917   58  143 6291.00000 5974.55942  5.03%   153 31601s
 8396192 2738033 5994.33471   52  199 6291.00000 5974.56166  5.03%   153 31606s
 8397687 2738385 6061.12317   58  182 6291.00000 5974.56754  5.03%   153 31610s
 8398847 2738784 6176.92483   45   97 6291.00000 5974.57462  5.03%   153 31615s
 8400297 2739116 6077.85905   42  209 6291.00000 5974.58126  5.03%   153 31620s
 8402962 2739775 6199.32535   48  171 6291.00000 5974.58996  5.03%   153 31629s
 8404226 2740060 6024.11729   33  249 6291.00000 5974.59928  5.03%   153 31633s
 8405435 2740359 6058.94235   33  122 6291.00000 5974.60492  5.03%   153 31638s
 8406708 2740634 6128.86522   45  153 6291.00000 5974.61453  5.03%   153 31642s
 8407832 2740992 6217.68431   49  222 6291.00000 5974.62022  5.03%   153 31647s
 8409158 2741222 6152.55001   43  164 6291.00000 5974.62500  5.03%   153 31651s
 8410021 2741621     cutoff   44      6291.00000 5974.62892  5.03%   153 31656s
 8411492 2742016 infeasible   38      6291.00000 5974.63645  5.03%   153 31661s
 8412902 2742326     cutoff   48      6291.00000 5974.64059  5.03%   153 31665s
 8415526 2743068 6119.10863   34  212 6291.00000 5974.65673  5.03%   153 31674s
 8416886 2743441 6168.24447   38  251 6291.00000 5974.66024  5.03%   153 31678s
 8418098 2743739 6067.48600   54  154 6291.00000 5974.66851  5.03%   153 31682s
 8419213 2744074 6081.61411   46  167 6291.00000 5974.67335  5.03%   153 31687s
 8420477 2744412 6041.62886   32  184 6291.00000 5974.68002  5.03%   153 31691s
 8421748 2744736 6056.10450   27  140 6291.00000 5974.68576  5.03%   153 31695s
 8422992 2744962     cutoff   55      6291.00000 5974.69192  5.03%   153 31700s
 8425501 2745690 6169.00000   43   90 6291.00000 5974.70567  5.03%   153 31708s
 8426676 2746096 6115.97788   55  216 6291.00000 5974.71371  5.03%   153 31713s
 8427949 2746417 6019.70059   42  180 6291.00000 5974.71984  5.03%   153 31718s
 8429169 2746804 6088.19284   37  190 6291.00000 5974.72553  5.03%   153 31722s
 8430473 2747159     cutoff   38      6291.00000 5974.73350  5.03%   153 31726s
 8431694 2747579 infeasible   44      6291.00000 5974.73879  5.03%   153 31731s
 8432999 2747906     cutoff   59      6291.00000 5974.74324  5.03%   153 31735s
 8434091 2748325 6061.20138   57  193 6291.00000 5974.75251  5.03%   153 31740s
 8436719 2749143 6020.00872   49  157 6291.00000 5974.76382  5.03%   153 31748s
 8437906 2749512 6105.27907   50  153 6291.00000 5974.76995  5.03%   153 31753s
 8439183 2749844     cutoff   57      6291.00000 5974.77787  5.03%   153 31757s
 8440438 2750005 6096.57976   44  188 6291.00000 5974.78508  5.03%   153 31762s
 8441287 2750368 6182.62677   52  145 6291.00000 5974.78816  5.03%   153 31766s
 8442578 2750703     cutoff   45      6291.00000 5974.79632  5.03%   153 31770s
 8443850 2751104 6044.42620   52  175 6291.00000 5974.80225  5.03%   153 31775s
 8445243 2751441 6068.20083   40  229 6291.00000 5974.80863  5.03%   153 31780s
 8447580 2752021 6130.75539   33  161 6291.00000 5974.81980  5.03%   153 31788s
 8448804 2752352 6154.58039   45  189 6291.00000 5974.82401  5.03%   153 31793s
 8450136 2752777 6059.68201   49  185 6291.00000 5974.83223  5.03%   153 31798s
 8451593 2753184 infeasible   44      6291.00000 5974.83778  5.03%   153 31802s
 8452895 2753624 6101.39664   39  139 6291.00000 5974.84491  5.03%   153 31807s
 8454305 2753945 6081.56747   43  143 6291.00000 5974.85297  5.03%   153 31811s
 8455577 2754316 6051.54443   50  161 6291.00000 5974.85906  5.03%   153 31815s
 8458001 2754994 infeasible   47      6291.00000 5974.87023  5.03%   153 31823s
 8459216 2755287 6144.96889   55  196 6291.00000 5974.87610  5.03%   153 31827s
 8460416 2755640 6066.62029   51  112 6291.00000 5974.88372  5.02%   153 31831s
 8461669 2755998 6065.00000   38  156 6291.00000 5974.89067  5.02%   153 31835s
 8463979 2756648 5989.56955   40  134 6291.00000 5974.90123  5.02%   153 31843s
 8465223 2756948 6169.57920   49   83 6291.00000 5974.90868  5.02%   153 31847s
 8466397 2757210 6043.42857   52  117 6291.00000 5974.91397  5.02%   153 31851s
 8467603 2757581 6167.25436   53  136 6291.00000 5974.91991  5.02%   153 31855s
 8468889 2757803 6178.01336   62  116 6291.00000 5974.92805  5.02%   153 31860s
 8471129 2758469 5983.24682   36  242 6291.00000 5974.93856  5.02%   153 31869s
 8472446 2758865 6106.37261   43  133 6291.00000 5974.94684  5.02%   153 31873s
 8473672 2759161 6066.21224   34  170 6291.00000 5974.95178  5.02%   153 31877s
 8474830 2759526 6229.99053   61  133 6291.00000 5974.95779  5.02%   153 31882s
 8476085 2759717 6219.73806   30  164 6291.00000 5974.96475  5.02%   153 31886s
 8476720 2760034 5994.84318   43  212 6291.00000 5974.97016  5.02%   153 31891s
 8477998 2760438 6197.10235   52  141 6291.00000 5974.97586  5.02%   153 31896s
 8479395 2760821 5977.29751   47  263 6291.00000 5974.98550  5.02%   153 31901s
 8480726 2761135 6169.70403   57  158 6291.00000 5974.98985  5.02%   153 31906s
 8482106 2761517 infeasible   44      6291.00000 5974.99899  5.02%   153 31911s
 8483347 2761861 infeasible   43      6291.00000 5975.00280  5.02%   153 31915s
 8484616 2762214 6062.07483   48  106 6291.00000 5975.00856  5.02%   153 31920s
 8486016 2762560 6113.18945   37  187 6291.00000 5975.01490  5.02%   153 31925s
 8488588 2763065     cutoff   49      6291.00000 5975.02975  5.02%   153 31935s
 8490536 2763644 6178.68459   50  207 6291.00000 5975.03822  5.02%   153 31944s
 8491798 2763915 6187.33091   55  175 6291.00000 5975.04491  5.02%   153 31948s
 8493100 2764321 6234.21581   60  162 6291.00000 5975.05243  5.02%   153 31953s
 8494530 2764650 6048.01732   41   84 6291.00000 5975.06113  5.02%   153 31958s
 8495807 2765084 6066.61651   40  185 6291.00000 5975.06485  5.02%   153 31962s
 8497040 2765372     cutoff   36      6291.00000 5975.07038  5.02%   153 31966s
 8498254 2765727     cutoff   66      6291.00000 5975.07487  5.02%   153 31971s
 8499574 2766032     cutoff   44      6291.00000 5975.08219  5.02%   153 31975s
 8502147 2766738 6174.03489   47  155 6291.00000 5975.09305  5.02%   153 31983s
 8503378 2767006 6244.79921   50  137 6291.00000 5975.10166  5.02%   153 31988s
 8504551 2767445 6152.66262   40   93 6291.00000 5975.10852  5.02%   153 31992s
 8505884 2767789 6070.22535   42  144 6291.00000 5975.11471  5.02%   153 31997s
 8507095 2768143 6073.46656   59  119 6291.00000 5975.12116  5.02%   153 32001s
 8508452 2768413 6206.07642   43  145 6291.00000 5975.12668  5.02%   153 32005s
 8510939 2769070 6152.63236   62  109 6291.00000 5975.14156  5.02%   153 32013s
 8512218 2769331 6066.44300   41  165 6291.00000 5975.14902  5.02%   153 32018s
 8513213 2769595 6174.45081   53  135 6291.00000 5975.15267  5.02%   153 32022s
 8514326 2769882 5978.51570   37  186 6291.00000 5975.15951  5.02%   153 32026s
 8515386 2770280 6116.28767   51  140 6291.00000 5975.16529  5.02%   153 32031s
 8516613 2770647 6179.66184   46  122 6291.00000 5975.17099  5.02%   153 32035s
 8519147 2771207 6072.62728   47  162 6291.00000 5975.18249  5.02%   153 32044s
 8520402 2771577 6067.13671   43  204 6291.00000 5975.18779  5.02%   153 32048s
 8521678 2771799 6221.33937   48  207 6291.00000 5975.19537  5.02%   153 32054s
 8522430 2772172     cutoff   46      6291.00000 5975.19719  5.02%   153 32058s
 8523779 2772518 6239.86290   49  120 6291.00000 5975.20136  5.02%   153 32063s
 8525011 2772906 6086.91452   43  174 6291.00000 5975.20961  5.02%   153 32067s
 8526254 2773187 infeasible   60      6291.00000 5975.21568  5.02%   153 32072s
 8527344 2773594 6241.70010   48  123 6291.00000 5975.22041  5.02%   153 32077s
 8528680 2774009 infeasible   55      6291.00000 5975.22789  5.02%   153 32082s
 8530112 2774392 infeasible   44      6291.00000 5975.23539  5.02%   153 32086s
 8531422 2774736 6148.58802   50  163 6291.00000 5975.24454  5.02%   153 32090s
 8532675 2775013 6101.30844   58  175 6291.00000 5975.24865  5.02%   153 32095s
 8534009 2775373 6026.59923   38  252 6291.00000 5975.25321  5.02%   153 32100s
 8536436 2776134 infeasible   37      6291.00000 5975.26734  5.02%   153 32109s
 8537792 2776520 6091.19803   36  160 6291.00000 5975.27233  5.02%   153 32113s
 8539087 2776846 6177.35182   51  115 6291.00000 5975.27788  5.02%   153 32118s
 8540424 2777244 6230.75242   54  206 6291.00000 5975.28569  5.02%   153 32122s
 8541709 2777519 6287.05176   54  152 6291.00000 5975.29290  5.02%   153 32126s
 8542948 2777894 infeasible   39      6291.00000 5975.29795  5.02%   153 32131s
 8544295 2778244     cutoff   42      6291.00000 5975.30403  5.02%   153 32136s
 8545472 2778569 6183.07676   53  134 6291.00000 5975.30951  5.02%   153 32140s
 8546723 2778782     cutoff   42      6291.00000 5975.31403  5.02%   153 32145s
 8547561 2779097 6046.77162   44  188 6291.00000 5975.31747  5.02%   153 32150s
 8548887 2779567 6101.14690   49  180 6291.00000 5975.32577  5.02%   153 32155s
 8551643 2780136 6069.82613   48  143 6291.00000 5975.33947  5.02%   153 32165s
 8552318 2780482     cutoff   52      6291.00000 5975.34020  5.02%   153 32170s
 8554944 2781152     cutoff   51      6291.00000 5975.35490  5.02%   153 32179s
 8556231 2781453 6058.08734   32  243 6291.00000 5975.36306  5.02%   153 32184s
 8557464 2781874 infeasible   50      6291.00000 5975.36804  5.02%   153 32188s
 8558901 2782075     cutoff   56      6291.00000 5975.37386  5.02%   153 32193s
 8559639 2782537 6017.36679   41  209 6291.00000 5975.37807  5.02%   153 32198s
 8561090 2782900     cutoff   52      6291.00000 5975.38380  5.02%   153 32203s
 8562412 2783231 6175.72706   41  124 6291.00000 5975.39192  5.02%   153 32208s
 8563566 2783562 6123.24978   48  156 6291.00000 5975.39747  5.02%   153 32212s
 8564891 2783901 6097.29272   53  195 6291.00000 5975.40437  5.02%   153 32217s
 8566177 2784154     cutoff   35      6291.00000 5975.41426  5.02%   153 32221s
 8567381 2784453     cutoff   45      6291.00000 5975.42039  5.02%   153 32226s
 8568602 2784765 5987.17201   27  175 6291.00000 5975.42831  5.02%   153 32230s
 8570128 2785123 6159.62000   34  111 6291.00000 5975.43493  5.02%   153 32235s
 8572697 2785830 6206.34908   54  150 6291.00000 5975.44564  5.02%   153 32243s
 8573931 2786198 infeasible   49      6291.00000 5975.45311  5.02%   153 32247s
 8575233 2786524 6097.04987   41  227 6291.00000 5975.46010  5.02%   153 32252s
 8576470 2786833 6260.00000   47   73 6291.00000 5975.46667  5.02%   153 32256s
 8577734 2787241 6067.96772   40  171 6291.00000 5975.47331  5.02%   153 32261s
 8579086 2787480 6104.33246   58  112 6291.00000 5975.47941  5.02%   153 32265s
 8580253 2787821 6041.77433   43  150 6291.00000 5975.48722  5.02%   153 32270s
 8581663 2788179 6087.96231   35  288 6291.00000 5975.49641  5.02%   153 32275s
 8584433 2788923 6194.34244   44   59 6291.00000 5975.50871  5.01%   153 32284s
 8585659 2789301 6183.83007   54  124 6291.00000 5975.51282  5.01%   153 32289s
 8587004 2789659 5990.10947   34  172 6291.00000 5975.51888  5.01%   153 32293s
 8588468 2790045 6160.23077   39  190 6291.00000 5975.52387  5.01%   153 32298s
 8589806 2790417 5975.96905   37  132 6291.00000 5975.53003  5.01%   153 32302s
 8591016 2790712 infeasible   49      6291.00000 5975.53648  5.01%   153 32306s
 8592343 2790949 5976.77672   44  170 6291.00000 5975.54062  5.01%   153 32311s
 8593102 2791181 6118.86818   65  208 6291.00000 5975.54062  5.01%   153 32316s
 8594212 2791558 5984.17235   42  171 6291.00000 5975.54627  5.01%   153 32320s
 8595525 2791932 6135.37382   37  169 6291.00000 5975.55554  5.01%   153 32325s
 8596821 2792222 5984.88657   50  178 6291.00000 5975.56146  5.01%   153 32330s
 8599375 2792876 infeasible   37      6291.00000 5975.57458  5.01%   153 32339s
 8600618 2793290 6173.15259   58  125 6291.00000 5975.58098  5.01%   153 32343s
 8602025 2793595 infeasible   55      6291.00000 5975.58739  5.01%   153 32348s
 8603192 2793992 6089.34019   46  185 6291.00000 5975.59604  5.01%   153 32352s
 8604489 2794311 6179.72727   41  140 6291.00000 5975.60203  5.01%   153 32357s
 8605863 2794669     cutoff   48      6291.00000 5975.60728  5.01%   153 32361s
 8607182 2795004 infeasible   39      6291.00000 5975.61421  5.01%   153 32365s
 8609887 2795729 6088.98198   59  147 6291.00000 5975.62773  5.01%   153 32373s
 8611114 2796082 6149.80565   41  134 6291.00000 5975.63399  5.01%   153 32378s
 8612379 2796431 6078.57975   48  217 6291.00000 5975.63946  5.01%   153 32382s
 8613657 2796913 6073.46766   48  142 6291.00000 5975.64521  5.01%   153 32386s
 8614941 2797332     cutoff   51      6291.00000 5975.65060  5.01%   153 32391s
 8616312 2797842 6098.20726   41  165 6291.00000 5975.65725  5.01%   153 32395s
 8618882 2798454 6029.90645   43  186 6291.00000 5975.66981  5.01%   153 32403s
 8620212 2798784 infeasible   43      6291.00000 5975.67484  5.01%   153 32408s
 8621414 2799119 infeasible   31      6291.00000 5975.68079  5.01%   153 32412s
 8622594 2799542 6073.35582   51  206 6291.00000 5975.68512  5.01%   153 32416s
 8623827 2799935     cutoff   50      6291.00000 5975.69239  5.01%   153 32420s
 8626207 2800481 6260.57036   49  143 6291.00000 5975.70339  5.01%   153 32429s
 8627298 2800915 6081.55252   47  143 6291.00000 5975.71062  5.01%   153 32433s
 8628680 2801235 6051.90478   36  197 6291.00000 5975.71547  5.01%   153 32437s
 8629823 2801534 6051.97332   60  157 6291.00000 5975.72062  5.01%   153 32442s
 8630750 2801676 6150.38356   44  129 6291.00000 5975.72242  5.01%   153 32446s
 8631270 2802044 6090.69549   57  113 6291.00000 5975.72561  5.01%   153 32451s
 8632628 2802299 6172.77633   44  223 6291.00000 5975.73436  5.01%   153 32456s
 8633850 2802680 6155.83850   53  154 6291.00000 5975.74092  5.01%   153 32460s
 8635131 2803025 infeasible   30      6291.00000 5975.74708  5.01%   153 32465s
 8636428 2803317 6155.27940   35  151 6291.00000 5975.75351  5.01%   153 32470s
 8639160 2804143 6172.21377   50  182 6291.00000 5975.76698  5.01%   153 32479s
 8640467 2804454 6169.22765   47  138 6291.00000 5975.77209  5.01%   153 32484s
 8641657 2804754 6178.03257   32  178 6291.00000 5975.77803  5.01%   153 32488s
 8642900 2805086 6112.78757   43  229 6291.00000 5975.78461  5.01%   153 32492s
 8644086 2805373     cutoff   57      6291.00000 5975.79293  5.01%   153 32497s
 8645275 2805728 6266.29513   48  115 6291.00000 5975.79977  5.01%   153 32501s
 8646616 2806086 6083.54463   43  202 6291.00000 5975.80607  5.01%   153 32505s
 8647817 2806397 6255.67624   48  152 6291.00000 5975.81340  5.01%   153 32510s
 8650190 2807023 6108.78801   54  178 6291.00000 5975.82621  5.01%   153 32519s
 8651472 2807393 6200.95112   61   74 6291.00000 5975.83273  5.01%   153 32524s
 8652792 2807739 6163.02927   54  130 6291.00000 5975.84000  5.01%   153 32528s
 8653955 2807992 6074.16534   69  164 6291.00000 5975.84639  5.01%   153 32533s
 8655126 2808305 6107.21254   45  181 6291.00000 5975.84859  5.01%   153 32538s
 8656378 2808623 6062.01113   41  245 6291.00000 5975.85551  5.01%   153 32542s
 8657648 2809029 infeasible   37      6291.00000 5975.86359  5.01%   153 32547s
 8659079 2809393 5982.16626   47  158 6291.00000 5975.86927  5.01%   153 32552s
 8660430 2809768 6180.17751   45  119 6291.00000 5975.87864  5.01%   153 32556s
 8661682 2810092 6077.71922   46  240 6291.00000 5975.88586  5.01%   153 32561s
 8662886 2810369 6062.54176   38  186 6291.00000 5975.89138  5.01%   153 32565s
 8665311 2811093 6066.86178   54  127 6291.00000 5975.90511  5.01%   153 32574s
 8666752 2811379     cutoff   50      6291.00000 5975.91202  5.01%   153 32578s
 8667981 2811720 6086.89238   58   79 6291.00000 5975.91865  5.01%   153 32583s
 8669196 2812017 6186.24075   61   94 6291.00000 5975.92488  5.01%   153 32588s
 8670514 2812328 6182.15175   54  164 6291.00000 5975.93318  5.01%   153 32592s
 8671777 2812678 6118.20917   46  162 6291.00000 5975.93844  5.01%   153 32596s
 8673067 2812906 6117.36270   44  221 6291.00000 5975.94416  5.01%   153 32601s
 8674249 2813273 6195.05024   42  184 6291.00000 5975.95018  5.01%   153 32605s
 8675413 2813612 6110.74369   43  176 6291.00000 5975.95880  5.01%   153 32610s
 8676703 2813952 6267.41970   62  135 6291.00000 5975.96474  5.01%   153 32615s
 8679311 2814732 6163.86321   53   89 6291.00000 5975.97652  5.01%   153 32623s
 8680467 2815064 6180.77879   57  149 6291.00000 5975.98375  5.01%   153 32628s
 8681637 2815532 6166.31853   40  115 6291.00000 5975.99226  5.01%   153 32632s
 8682965 2815903 6133.39515   34  179 6291.00000 5976.00000  5.01%   153 32637s
 8684246 2816257 6014.91210   60  244 6291.00000 5976.00376  5.01%   153 32642s
 8685521 2816494 6264.09422   43  187 6291.00000 5976.01107  5.01%   153 32646s
 8686721 2816785 6106.40000   46  149 6291.00000 5976.01526  5.01%   153 32651s
 8687874 2817084 6127.38369   28  209 6291.00000 5976.01999  5.01%   153 32656s
 8689248 2817355 6119.62295   45  161 6291.00000 5976.02893  5.01%   153 32660s
 8691609 2817988 6088.16385   42  217 6291.00000 5976.04020  5.01%   153 32668s
 8692913 2818176 6045.00000   46   99 6291.00000 5976.04879  5.01%   153 32674s
 8693600 2818429 6170.03281   54  135 6291.00000 5976.04879  5.01%   153 32678s
 8694662 2818834 5976.77083   46  261 6291.00000 5976.05255  5.01%   153 32683s
 8696080 2819216 6101.29070   64  204 6291.00000 5976.06345  5.01%   153 32688s
 8697370 2819592 6055.95417   40  230 6291.00000 5976.07284  5.01%   153 32692s
 8698675 2819914 5993.82187   42  249 6291.00000 5976.08060  5.01%   153 32697s
 8699831 2820332 infeasible   48      6291.00000 5976.08585  5.01%   153 32702s
 8701303 2820710 6056.40077   46  183 6291.00000 5976.09057  5.01%   153 32707s
 8702603 2821072 infeasible   58      6291.00000 5976.09726  5.01%   153 32711s
 8704066 2821362     cutoff   56      6291.00000 5976.10334  5.01%   153 32716s
 8705474 2821741 6265.39416   42  164 6291.00000 5976.10915  5.01%   153 32720s
 8708146 2822375 infeasible   47      6291.00000 5976.12378  5.01%   153 32729s
 8709340 2822539 6216.55556   35  169 6291.00000 5976.13121  5.01%   153 32733s
 8709984 2822922 6087.02324   37  222 6291.00000 5976.13482  5.01%   153 32738s
 8711306 2823309 6014.66667   41  161 6291.00000 5976.14128  5.00%   153 32743s
 8712744 2823635 6267.93944   55   99 6291.00000 5976.14811  5.00%   153 32748s
 8714008 2823971 infeasible   47      6291.00000 5976.15471  5.00%   153 32753s
 8715427 2824386 6115.27919   47   93 6291.00000 5976.16246  5.00%   153 32758s
 8716845 2824776 infeasible   45      6291.00000 5976.16820  5.00%   153 32763s
 8718246 2825088 6163.03562   35  168 6291.00000 5976.17674  5.00%   153 32767s
 8719495 2825459     cutoff   57      6291.00000 5976.18304  5.00%   153 32772s
 8720859 2825783 6027.31310   41  219 6291.00000 5976.18902  5.00%   153 32777s
 8722171 2826146 6178.59966   54  137 6291.00000 5976.19715  5.00%   153 32782s
 8723497 2826449 6106.17348   46  177 6291.00000 5976.20356  5.00%   153 32787s
 8724753 2826608 6052.24088   36  231 6291.00000 5976.20947  5.00%   153 32792s
 8725374 2827266 6237.43029   41  117 6291.00000 5976.21041  5.00%   153 32801s
 8727912 2827676 6021.84727   40  209 6291.00000 5976.22628  5.00%   153 32807s
 8729351 2827993 6018.92992   31  237 6291.00000 5976.23536  5.00%   153 32812s
 8730753 2828314 6208.12985   38  142 6291.00000 5976.23956  5.00%   153 32816s
 8732088 2828712 6118.84067   43  204 6291.00000 5976.24687  5.00%   153 32821s
 8733454 2829142 6066.54333   40  123 6291.00000 5976.25555  5.00%   153 32826s
 8734880 2829514 6188.18969   42  146 6291.00000 5976.26545  5.00%   153 32831s
 8736185 2829972 infeasible   39      6291.00000 5976.27029  5.00%   152 32836s
 8737580 2830386 6083.36321   39  201 6291.00000 5976.27715  5.00%   152 32840s
 8738889 2830688 6066.51540   47  130 6291.00000 5976.28440  5.00%   152 32845s
 8741453 2831429 6163.37623   52   77 6291.00000 5976.30039  5.00%   152 32853s
 8742801 2831816 infeasible   52      6291.00000 5976.30548  5.00%   152 32858s
 8744134 2832100 6007.88586   47  243 6291.00000 5976.31261  5.00%   152 32863s
 8745240 2832485 6078.41713   39  124 6291.00000 5976.31905  5.00%   152 32867s
 8746793 2832813     cutoff   42      6291.00000 5976.32422  5.00%   152 32871s
 8747985 2833128 6189.83642   32  190 6291.00000 5976.33134  5.00%   152 32875s
 8749204 2833559 6036.09887   43  170 6291.00000 5976.33529  5.00%   152 32880s
 8751660 2834105 6065.04943   36  217 6291.00000 5976.35050  5.00%   152 32888s
 8752730 2834395 6004.63607   70  140 6291.00000 5976.35294  5.00%   152 32893s
 8753981 2834816 infeasible   41      6291.00000 5976.36023  5.00%   152 32897s
 8755162 2835204 6062.10154   42  127 6291.00000 5976.36831  5.00%   152 32901s
 8756399 2835566     cutoff   35      6291.00000 5976.37347  5.00%   152 32906s
 8757724 2835849 6061.63115   40  200 6291.00000 5976.38092  5.00%   152 32910s
 8758940 2836268 6087.04538   41  169 6291.00000 5976.38462  5.00%   152 32915s
 8761570 2836868 6072.97567   47  119 6291.00000 5976.40005  5.00%   152 32924s
 8762620 2837251 6218.07726   52  185 6291.00000 5976.40492  5.00%   152 32929s
 8763990 2837677 5976.45364   42  241 6291.00000 5976.41105  5.00%   152 32934s
 8765442 2838067     cutoff   27      6291.00000 5976.41923  5.00%   152 32939s
 8766765 2838447 6129.68548   41  191 6291.00000 5976.42604  5.00%   152 32944s
 8768213 2838655 6187.66078   58  134 6291.00000 5976.43258  5.00%   152 32949s
 8769024 2839013 infeasible   40      6291.00000 5976.43437  5.00%   152 32954s
 8770312 2839403 6065.14879   41  193 6291.00000 5976.43491  5.00%   152 32958s
 8771723 2839738 6159.09641   45  212 6291.00000 5976.45068  5.00%   152 32963s
 8773074 2840089 6180.09267   71   81 6291.00000 5976.45846  5.00%   152 32968s
 8774411 2840464 6104.34928   48  156 6291.00000 5976.46575  5.00%   152 32972s
 8775845 2840843 6206.35682   45  135 6291.00000 5976.47307  5.00%   152 32977s
 8777163 2841238 infeasible   41      6291.00000 5976.47944  5.00%   152 32981s
 8778495 2841552 5996.66135   50  248 6291.00000 5976.48367  5.00%   152 32986s
 8779652 2841901 5977.77069   44  249 6291.00000 5976.49040  5.00%   152 32991s
 8781008 2842214 6053.93579   35  219 6291.00000 5976.49599  5.00%   152 32995s
 8782209 2842556 6032.38647   48  181 6291.00000 5976.50000  5.00%   152 33000s
 8784743 2843395 6238.14143   49  181 6291.00000 5976.51425  5.00%   152 33009s
 8786132 2843801 6164.98764   40  144 6291.00000 5976.51899  5.00%   152 33013s
 8787498 2844126     cutoff   42      6291.00000 5976.52373  5.00%   152 33018s
 8788569 2844510 6064.40381   49  151 6291.00000 5976.53150  5.00%   152 33022s
 8789810 2844627 6212.85595   57  175 6291.00000 5976.53727  5.00%   152 33026s
 8790458 2844924 6284.34361   39  167 6291.00000 5976.53980  5.00%   152 33031s
 8791524 2845338 5977.74222   38  265 6291.00000 5976.54491  5.00%   152 33036s
 8792745 2845668 infeasible   59      6291.00000 5976.54929  5.00%   152 33041s
 8794022 2846006 infeasible   68      6291.00000 5976.55847  5.00%   152 33045s
 8795287 2846407 infeasible   50      6291.00000 5976.56507  5.00%   152 33050s
 8798181 2847007     cutoff   38      6291.00000 5976.57942  5.00%   152 33059s
 8799384 2847447 6081.91812   40  214 6291.00000 5976.58653  5.00%   152 33063s
 8800795 2847774 infeasible   53      6291.00000 5976.59248  5.00%   152 33068s
 8801946 2848188 6069.56118   54  154 6291.00000 5976.59700  5.00%   152 33073s
 8803317 2848615 infeasible   38      6291.00000 5976.60452  5.00%   152 33077s
 8804717 2849000 6160.65638   42  223 6291.00000 5976.61272  5.00%   152 33082s
 8806035 2849252 infeasible   38      6291.00000 5976.61940  5.00%   152 33086s
 8807167 2849551 6110.24036   42  157 6291.00000 5976.62563  5.00%   152 33091s
 8808335 2849899 5998.77784   46  197 6291.00000 5976.63129  5.00%   152 33095s
 8809586 2850336 6018.55072   50  198 6291.00000 5976.63660  5.00%   152 33100s
 8812370 2851073 6164.67911   43  149 6291.00000 5976.64940  5.00%   152 33108s
 8813582 2851326 infeasible   46      6291.00000 5976.65393  5.00%   152 33113s
 8814681 2851700 6184.04132   55  158 6291.00000 5976.65912  5.00%   152 33117s
 8816081 2852064 5994.17804   42  286 6291.00000 5976.66501  5.00%   152 33122s
 8817377 2852383 infeasible   41      6291.00000 5976.66987  5.00%   152 33127s
 8818607 2852671 infeasible   46      6291.00000 5976.67782  5.00%   152 33131s
 8819928 2852884 6094.04217   38  158 6291.00000 5976.68248  5.00%   152 33136s
 8820765 2853211 6067.18749   39  199 6291.00000 5976.68544  5.00%   152 33141s
 8822065 2853573 6152.03066   57  182 6291.00000 5976.68815  5.00%   152 33145s
 8823414 2853882 6042.53530   39  275 6291.00000 5976.69965  5.00%   152 33150s
 8824538 2854274 infeasible   40      6291.00000 5976.70731  5.00%   152 33155s
 8827292 2855029 6183.24265   38  155 6291.00000 5976.72008  5.00%   152 33164s
 8828589 2855457 6015.32654   43  192 6291.00000 5976.72917  5.00%   152 33169s
 8829932 2855821 infeasible   50      6291.00000 5976.73558  5.00%   152 33173s
 8831242 2856143 6189.91315   49  133 6291.00000 5976.74304  5.00%   152 33178s
 8832445 2856494 6170.77274   45  160 6291.00000 5976.74938  5.00%   152 33183s
 8833799 2856816 6258.74310   56  126 6291.00000 5976.75428  5.00%   152 33188s
 8835016 2857147     cutoff   53      6291.00000 5976.76087  5.00%   152 33192s
 8836317 2857406 6104.23551   56  181 6291.00000 5976.76733  4.99%   152 33197s
 8837490 2857837 6122.16900   46  130 6291.00000 5976.77343  4.99%   152 33201s
 8838875 2858233 6002.30326   46  136 6291.00000 5976.78164  4.99%   152 33206s
 8840249 2858601 6121.10108   61  144 6291.00000 5976.78873  4.99%   152 33210s
 8841671 2858906 6068.39128   65  186 6291.00000 5976.79410  4.99%   152 33215s
 8844231 2859714 6153.42566   56  110 6291.00000 5976.80556  4.99%   152 33223s
 8845556 2860080 6065.86289   36  123 6291.00000 5976.81081  4.99%   152 33228s
 8846851 2860433 6140.69372   52  150 6291.00000 5976.81813  4.99%   152 33232s
 8848120 2860715 6183.43298   39   84 6291.00000 5976.82496  4.99%   152 33236s
 8849387 2860983 infeasible   48      6291.00000 5976.82952  4.99%   152 33241s
 8850559 2861273 infeasible   34      6291.00000 5976.83505  4.99%   152 33245s
 8851834 2861666 infeasible   49      6291.00000 5976.84118  4.99%   152 33250s
 8854468 2862231 6094.37138   42  164 6291.00000 5976.85322  4.99%   152 33259s
 8855252 2862610 6178.51736   37  169 6291.00000 5976.85322  4.99%   152 33263s
 8856472 2862984 6038.26061   41  225 6291.00000 5976.86168  4.99%   152 33268s
 8857846 2863337 6066.87659   41  175 6291.00000 5976.86962  4.99%   152 33272s
 8859133 2863597 6119.97524   55  121 6291.00000 5976.87408  4.99%   152 33277s
 8860182 2863961 6161.75080   47  158 6291.00000 5976.87895  4.99%   152 33281s
 8861563 2864297 6171.06428   40  174 6291.00000 5976.88602  4.99%   152 33286s
 8862872 2864716 6050.45626   34  257 6291.00000 5976.89306  4.99%   152 33291s
 8864157 2865070 6174.95444   44  148 6291.00000 5976.89791  4.99%   152 33295s
 8865978 2865618 infeasible   45      6291.00000 5976.90653  4.99%   152 33304s
 8867203 2865987     cutoff   56      6291.00000 5976.91337  4.99%   152 33309s
 8868568 2866439 infeasible   39      6291.00000 5976.91946  4.99%   152 33314s
 8870016 2866863     cutoff   50      6291.00000 5976.92476  4.99%   152 33318s
 8871532 2867211 6167.73795   56  149 6291.00000 5976.93070  4.99%   152 33322s
 8872666 2867477 infeasible   45      6291.00000 5976.93708  4.99%   152 33326s
 8873761 2867792 infeasible   42      6291.00000 5976.94312  4.99%   152 33330s
 8876128 2868485 6075.35368   45  114 6291.00000 5976.95491  4.99%   152 33338s
 8877405 2868847 6133.12297   53  211 6291.00000 5976.96152  4.99%   152 33342s
 8878633 2869180     cutoff   44      6291.00000 5976.96710  4.99%   152 33346s
 8879779 2869533     cutoff   49      6291.00000 5976.97305  4.99%   152 33351s
 8880968 2869883 6014.87538   52  166 6291.00000 5976.97913  4.99%   152 33355s
 8883463 2870619 6055.85048   51  170 6291.00000 5976.98928  4.99%   152 33363s
 8884718 2870878 infeasible   38      6291.00000 5976.99552  4.99%   152 33368s
 8885891 2871185 6193.48175   40  189 6291.00000 5977.00000  4.99%   152 33372s
 8886989 2871545 6202.51314   49   74 6291.00000 5977.00450  4.99%   152 33376s
 8888281 2871910 6095.03530   42  257 6291.00000 5977.01169  4.99%   152 33381s
 8889616 2872160     cutoff   39      6291.00000 5977.01670  4.99%   152 33385s
 8890681 2872412 6076.00768   47  138 6291.00000 5977.02444  4.99%   152 33390s
 8893305 2873077 6196.18204   49  183 6291.00000 5977.03942  4.99%   152 33399s
 8894613 2873370 6130.98286   40  147 6291.00000 5977.04353  4.99%   152 33404s
 8895579 2873678 6192.01026   54  161 6291.00000 5977.04745  4.99%   152 33409s
 8896884 2874082 6000.33274   39  191 6291.00000 5977.05537  4.99%   152 33413s
 8898225 2874309 infeasible   51      6291.00000 5977.06303  4.99%   152 33418s
 8899391 2874594     cutoff   35      6291.00000 5977.06696  4.99%   152 33422s
 8900633 2874829 6035.69031   36  228 6291.00000 5977.07543  4.99%   152 33427s
 8901480 2875175 infeasible   46      6291.00000 5977.07543  4.99%   152 33433s
 8902761 2875572     cutoff   54      6291.00000 5977.08727  4.99%   152 33438s
 8904099 2875900 6105.00207   54  133 6291.00000 5977.09404  4.99%   152 33442s
 8905450 2876187 6180.82049   49  121 6291.00000 5977.10020  4.99%   152 33447s
 8906688 2876515 5977.21246   42  278 6291.00000 5977.10850  4.99%   152 33452s
 8907927 2876853 6064.48682   53  177 6291.00000 5977.11598  4.99%   152 33456s
 8909279 2877215     cutoff   55      6291.00000 5977.12327  4.99%   152 33461s
 8910490 2877627 6074.36499   49  172 6291.00000 5977.12959  4.99%   152 33465s
 8913246 2878171 infeasible   53      6291.00000 5977.14109  4.99%   152 33474s
 8914481 2878428 6192.40737   59  175 6291.00000 5977.14675  4.99%   152 33478s
 8915685 2878731 6245.74503   41  142 6291.00000 5977.15476  4.99%   152 33482s
 8916891 2879068 6067.88214   38  145 6291.00000 5977.16094  4.99%   152 33487s
 8918079 2879443     cutoff   34      6291.00000 5977.16776  4.99%   152 33492s
 8919348 2879654 6071.19625   41  219 6291.00000 5977.17259  4.99%   152 33496s
 8920521 2880026 6007.35347   49  247 6291.00000 5977.18009  4.99%   152 33501s
 8921767 2880359 6165.21348   39  121 6291.00000 5977.18527  4.99%   152 33505s
 8923086 2880652 6163.66409   37  198 6291.00000 5977.19221  4.99%   152 33510s
 8925534 2881354 5982.30065   47  189 6291.00000 5977.20466  4.99%   152 33519s
 8926887 2881712 6166.71522   47  226 6291.00000 5977.21096  4.99%   152 33523s
 8928169 2882038 6174.43750   35  178 6291.00000 5977.21888  4.99%   152 33528s
 8929411 2882349 6149.84334   48  128 6291.00000 5977.22398  4.99%   152 33532s
 8930520 2882728 6056.72424   57  111 6291.00000 5977.22967  4.99%   152 33536s
 8931779 2882971 infeasible   51      6291.00000 5977.23532  4.99%   152 33541s
 8932977 2883312     cutoff   41      6291.00000 5977.24284  4.99%   152 33545s
 8934325 2883679 6079.03816   34  231 6291.00000 5977.25000  4.99%   152 33550s
 8936877 2884425 5983.05345   45  236 6291.00000 5977.25986  4.99%   152 33559s
 8938272 2884722 6264.29445   62   70 6291.00000 5977.26588  4.99%   152 33563s
 8939550 2885089 6079.90460   43  249 6291.00000 5977.27240  4.99%   152 33567s
 8940954 2885427 5998.24583   38  221 6291.00000 5977.27634  4.99%   152 33572s
 8942213 2885598 6244.02480   58  153 6291.00000 5977.28323  4.99%   152 33577s
 8942957 2885978 6182.05725   52  189 6291.00000 5977.28554  4.99%   152 33581s
 8944244 2886404 6152.67538   44  220 6291.00000 5977.29247  4.99%   152 33586s
 8945751 2886648 6063.59997   45  196 6291.00000 5977.30000  4.99%   152 33590s
 8947936 2887192 6114.44702   43  238 6291.00000 5977.31407  4.99%   152 33598s
 8949054 2887508 6206.02310   54   89 6291.00000 5977.32028  4.99%   152 33602s
 8950173 2887835 6067.90272   39  185 6291.00000 5977.32651  4.99%   152 33607s
 8951462 2888169 infeasible   39      6291.00000 5977.33333  4.99%   152 33611s
 8952731 2888449 6063.07273   45  183 6291.00000 5977.33947  4.99%   152 33615s
 8954020 2888593 5995.09409   39   99 6291.00000 5977.34582  4.99%   152 33620s
 8955775 2889265 6088.89009   49  206 6291.00000 5977.35351  4.99%   152 33629s
 8956984 2889569 6288.87548   39  155 6291.00000 5977.36009  4.99%   152 33633s
 8958146 2889943 6220.45992   44  265 6291.00000 5977.36654  4.99%   152 33638s
 8959563 2890181 6076.15984   35  188 6291.00000 5977.37391  4.99%   152 33644s
 8960483 2890603 6197.37818   42  139 6291.00000 5977.37943  4.99%   152 33648s
 8961909 2891045     cutoff   62      6291.00000 5977.38597  4.99%   152 33653s
 8963224 2891336 6164.73684   46  168 6291.00000 5977.39545  4.98%   152 33658s
 8964433 2891700 6167.49693   38   88 6291.00000 5977.40038  4.98%   152 33662s
 8965753 2892058     cutoff   50      6291.00000 5977.40758  4.98%   152 33667s
 8967043 2892481 6105.23270   47  155 6291.00000 5977.41427  4.98%   152 33672s
 8968367 2892778 6069.43023   49  157 6291.00000 5977.42127  4.98%   152 33676s
 8969703 2893061 6023.89419   43  197 6291.00000 5977.42692  4.98%   152 33681s
 8970927 2893362 infeasible   64      6291.00000 5977.43116  4.98%   152 33685s
 8972084 2893623 6158.18299   48  199 6291.00000 5977.43807  4.98%   152 33690s
 8974511 2894349 6238.98214   50  102 6291.00000 5977.45233  4.98%   152 33699s
 8975866 2894649 infeasible   52      6291.00000 5977.45894  4.98%   152 33704s
 8977041 2894878 6109.67005   37  175 6291.00000 5977.46529  4.98%   152 33709s
 8978317 2895238 infeasible   50      6291.00000 5977.47353  4.98%   152 33714s
 8979503 2895491 6167.73888   53  182 6291.00000 5977.48084  4.98%   152 33718s
 8980800 2895807     cutoff   55      6291.00000 5977.48658  4.98%   152 33723s
 8982122 2896064     cutoff   46      6291.00000 5977.49170  4.98%   152 33728s
 8983359 2896381 6212.90208   40   86 6291.00000 5977.50047  4.98%   152 33733s
 8984646 2896740 infeasible   38      6291.00000 5977.50661  4.98%   152 33738s
 8985954 2897094 6082.19041   51  130 6291.00000 5977.51277  4.98%   152 33742s
 8987249 2897407 6151.97550   62  104 6291.00000 5977.51932  4.98%   152 33747s
 8988493 2897791 5978.15606   47  178 6291.00000 5977.52715  4.98%   152 33752s
 8989828 2898076     cutoff   48      6291.00000 5977.53411  4.98%   152 33757s
 8991164 2898371 6063.44286   42  154 6291.00000 5977.54045  4.98%   152 33761s
 8992280 2898678     cutoff   36      6291.00000 5977.54546  4.98%   152 33766s
 8993525 2898986 6146.02627   48  247 6291.00000 5977.55364  4.98%   152 33770s
 8994912 2899311 6094.42608   41  201 6291.00000 5977.56040  4.98%   152 33775s
 8996180 2899686     cutoff   50      6291.00000 5977.57059  4.98%   152 33780s
 8998643 2900309 5983.04009   47  238 6291.00000 5977.58097  4.98%   152 33789s
 8999949 2900688 6177.75839   48  214 6291.00000 5977.58951  4.98%   152 33794s
 9001352 2901001 6245.91364   42   95 6291.00000 5977.59596  4.98%   152 33798s
 9002416 2901397     cutoff   53      6291.00000 5977.60139  4.98%   152 33802s
 9003749 2901710 6152.96090   49  164 6291.00000 5977.60744  4.98%   152 33807s
 9004973 2901999 6097.91582   49  142 6291.00000 5977.61477  4.98%   152 33812s
 9006199 2902311     cutoff   44      6291.00000 5977.62016  4.98%   152 33817s
 9007455 2902619 6060.33599   34  204 6291.00000 5977.62716  4.98%   152 33821s
 9008702 2902970 6070.92116   45  160 6291.00000 5977.63553  4.98%   152 33826s
 9009885 2903271 6187.01300   49  170 6291.00000 5977.63904  4.98%   152 33830s
 9011081 2903640 infeasible   43      6291.00000 5977.64795  4.98%   152 33835s
 9013698 2904312     cutoff   52      6291.00000 5977.66294  4.98%   152 33843s
 9014933 2904731 6150.90969   40  190 6291.00000 5977.66794  4.98%   152 33848s
 9016246 2905097 6166.02603   52  114 6291.00000 5977.67571  4.98%   152 33852s
 9017478 2905456 6153.55023   29  159 6291.00000 5977.68093  4.98%   152 33857s
 9018724 2905819     cutoff   43      6291.00000 5977.68813  4.98%   152 33861s
 9020017 2906117 6101.46414   46  177 6291.00000 5977.69497  4.98%   152 33866s
 9021134 2906516 6065.16667   40  174 6291.00000 5977.70048  4.98%   152 33871s
 9022594 2906932 6166.41014   42  154 6291.00000 5977.70752  4.98%   152 33875s
 9023862 2907253     cutoff   48      6291.00000 5977.71429  4.98%   152 33880s
 9026513 2907866 6227.61471   45  219 6291.00000 5977.72861  4.98%   152 33888s
 9027732 2908183 6188.04285   65  144 6291.00000 5977.73480  4.98%   152 33893s
 9029030 2908479 6143.04282   33   95 6291.00000 5977.73980  4.98%   152 33897s
 9030124 2908833 6178.18931   47  163 6291.00000 5977.74831  4.98%   152 33901s
 9031502 2909235 infeasible   57      6291.00000 5977.75440  4.98%   152 33906s
 9032742 2909514 infeasible   31      6291.00000 5977.76125  4.98%   152 33910s
 9035155 2910124 6112.84679   29  256 6291.00000 5977.77315  4.98%   152 33919s
 9036271 2910379 6007.09505   44  225 6291.00000 5977.78032  4.98%   152 33923s
 9037458 2910714 5990.58920   46  155 6291.00000 5977.78653  4.98%   152 33928s
 9038683 2911085 infeasible   69      6291.00000 5977.79638  4.98%   152 33932s
 9040143 2911412 5986.62217   44  247 6291.00000 5977.80290  4.98%   152 33937s
 9041399 2911756 6066.74891   39  172 6291.00000 5977.80950  4.98%   152 33941s
 9042471 2912098 infeasible   48      6291.00000 5977.81411  4.98%   152 33946s
 9043725 2912378 6169.52203   46  162 6291.00000 5977.82360  4.98%   152 33950s
 9044796 2912755 6172.32422   64  108 6291.00000 5977.82983  4.98%   152 33955s
 9046727 2913295 6030.18899   47  226 6291.00000 5977.83849  4.98%   152 33963s
 9048054 2913656 6115.32882   49  174 6291.00000 5977.84509  4.98%   152 33968s
 9049289 2914043 infeasible   35      6291.00000 5977.85227  4.98%   152 33973s
 9050654 2914415 6105.03356   51  131 6291.00000 5977.85925  4.98%   152 33978s
 9052045 2914791 6174.54266   42  161 6291.00000 5977.86467  4.98%   152 33982s
 9053442 2915139 6215.30740   44  221 6291.00000 5977.87201  4.98%   152 33987s
 9054637 2915461     cutoff   54      6291.00000 5977.87700  4.98%   152 33991s
 9055816 2915906 6267.29818   47  176 6291.00000 5977.88512  4.98%   152 33996s
 9057219 2916228 6208.19066   47   67 6291.00000 5977.89056  4.98%   152 34000s
 9059648 2916821 6173.21979   46  113 6291.00000 5977.90340  4.98%   152 34008s
 9060823 2916957 6166.26922   55  124 6291.00000 5977.91035  4.98%   152 34013s
 9061427 2917346 6204.64876   55   78 6291.00000 5977.91035  4.98%   152 34019s
 9062722 2917681 6083.21144   45  115 6291.00000 5977.91342  4.98%   152 34023s
 9064010 2917986 6141.98728   37  189 6291.00000 5977.92861  4.98%   152 34028s
 9065221 2918332 6116.77491   40  161 6291.00000 5977.93543  4.98%   152 34033s
 9066511 2918698 6079.53746   50  233 6291.00000 5977.94163  4.98%   152 34038s
 9067905 2918989 infeasible   43      6291.00000 5977.94759  4.98%   152 34042s
 9069123 2919338 infeasible   50      6291.00000 5977.95356  4.98%   152 34047s
 9070367 2919761 6068.97684   50  128 6291.00000 5977.96243  4.98%   152 34052s
 9071884 2920122 6103.47296   49  174 6291.00000 5977.96844  4.98%   152 34056s
 9073228 2920440     cutoff   47      6291.00000 5977.97392  4.98%   152 34060s
 9074502 2920736 6181.62022   52  143 6291.00000 5977.98372  4.98%   152 34065s
 9077104 2921410 infeasible   40      6291.00000 5977.99561  4.98%   152 34073s
 9078141 2921765 6024.77271   44  138 6291.00000 5978.00071  4.98%   152 34077s
 9079452 2922054 6232.45496   55  115 6291.00000 5978.00631  4.98%   152 34082s
 9080553 2922377     cutoff   45      6291.00000 5978.01120  4.98%   152 34086s
 9081780 2922659 6159.00000   38  192 6291.00000 5978.02019  4.98%   152 34091s
 9083125 2922923 6172.19005   45  200 6291.00000 5978.02480  4.97%   152 34095s
 9084368 2923321 6082.58087   43  137 6291.00000 5978.03235  4.97%   152 34100s
 9086750 2923890 6095.35843   42  172 6291.00000 5978.04664  4.97%   152 34108s
 9088021 2924169     cutoff   47      6291.00000 5978.04862  4.97%   152 34113s
 9089403 2924535 6006.84305   47  262 6291.00000 5978.05726  4.97%   152 34118s
 9090724 2924839 6048.34311   39  138 6291.00000 5978.06387  4.97%   152 34122s
 9091972 2925193 6133.65913   51  146 6291.00000 5978.07102  4.97%   152 34126s
 9093262 2925572 6167.35528   51  192 6291.00000 5978.08047  4.97%   152 34132s
 9094525 2925897 infeasible   45      6291.00000 5978.08750  4.97%   152 34136s
 9095883 2926247 infeasible   50      6291.00000 5978.09502  4.97%   152 34141s
 9097144 2926567 6195.26315   47  153 6291.00000 5978.10217  4.97%   152 34145s
 9098241 2926836 5983.72289   37  298 6291.00000 5978.11126  4.97%   152 34150s
 9099542 2927166 6073.74582   48  227 6291.00000 5978.11693  4.97%   152 34155s
 9102152 2927905 6068.23023   37   79 6291.00000 5978.13300  4.97%   152 34163s
 9103352 2928340 6180.04000   49  124 6291.00000 5978.14064  4.97%   152 34168s
 9104752 2928700     cutoff   55      6291.00000 5978.14506  4.97%   152 34172s
 9106083 2928880 infeasible   45      6291.00000 5978.15195  4.97%   152 34177s
 9106856 2929123 6284.25484   39  161 6291.00000 5978.15608  4.97%   152 34182s
 9108009 2929443 6035.53233   49  208 6291.00000 5978.15784  4.97%   152 34187s
 9109202 2929739 infeasible   49      6291.00000 5978.17204  4.97%   152 34191s
 9110569 2930048     cutoff   34      6291.00000 5978.17892  4.97%   152 34196s
 9111858 2930410 6273.00000   45   91 6291.00000 5978.18557  4.97%   152 34200s
 9114405 2930983 6173.21980   49  166 6291.00000 5978.19882  4.97%   152 34208s
 9115638 2931309     cutoff   46      6291.00000 5978.20353  4.97%   152 34212s
 9116885 2931615 6007.94681   39  174 6291.00000 5978.21048  4.97%   152 34216s
 9118104 2931924 6083.86666   53  183 6291.00000 5978.21907  4.97%   152 34220s
 9120358 2932498 infeasible   32      6291.00000 5978.23279  4.97%   152 34228s
 9121516 2932600 6056.31330   38  135 6291.00000 5978.23688  4.97%   152 34232s
 9121951 2932905 6155.25465   47  132 6291.00000 5978.24221  4.97%   152 34237s
 9123046 2933202 6167.43433   53  134 6291.00000 5978.24857  4.97%   152 34241s
 9124227 2933489 6157.69105   51  137 6291.00000 5978.25158  4.97%   152 34246s
 9125435 2933743 6084.24139   45  219 6291.00000 5978.25952  4.97%   152 34250s
 9126652 2934033     cutoff   50      6291.00000 5978.26629  4.97%   152 34255s
 9129050 2934764 6166.00000   57   95 6291.00000 5978.27789  4.97%   152 34263s
 9130340 2935129 6278.74576   37  127 6291.00000 5978.28632  4.97%   152 34268s
 9131636 2935499 6266.00183   41  121 6291.00000 5978.29175  4.97%   152 34272s
 9133052 2935730 6285.01268   47  151 6291.00000 5978.29560  4.97%   152 34277s
 9134062 2936035 infeasible   49      6291.00000 5978.30647  4.97%   152 34282s
 9135245 2936436 6036.82464   56  152 6291.00000 5978.31137  4.97%   152 34286s
 9136518 2936809 infeasible   42      6291.00000 5978.31737  4.97%   152 34291s
 9137822 2937125 6001.60339   37  149 6291.00000 5978.32441  4.97%   152 34295s
 9139054 2937455 6277.01907   47  100 6291.00000 5978.33231  4.97%   152 34300s
 9141671 2938101     cutoff   53      6291.00000 5978.34416  4.97%   152 34308s
 9142974 2938449 6171.95043   49   84 6291.00000 5978.34920  4.97%   152 34313s
 9144214 2938730     cutoff   46      6291.00000 5978.35651  4.97%   152 34318s
 9145317 2938997 6063.84901   44  176 6291.00000 5978.36352  4.97%   152 34322s
 9146417 2939332 6172.93333   48   84 6291.00000 5978.36782  4.97%   152 34327s
 9147643 2939622 6032.43578   39  202 6291.00000 5978.37589  4.97%   152 34331s
 9148827 2940018 6162.21789   38  168 6291.00000 5978.38392  4.97%   152 34336s
 9150191 2940291 6094.99337   42   93 6291.00000 5978.38646  4.97%   152 34340s
 9152627 2940904 6116.02254   53  162 6291.00000 5978.40047  4.97%   152 34349s
 9153935 2941179 6167.14973   52  201 6291.00000 5978.40676  4.97%   152 34353s
 9155183 2941467 6203.15810   49  146 6291.00000 5978.40919  4.97%   152 34358s
 9156252 2941777 6188.70421   43  162 6291.00000 5978.41539  4.97%   152 34362s
 9157431 2942060 6178.50338   55  185 6291.00000 5978.42295  4.97%   152 34367s
 9158559 2942414 6182.68634   39  162 6291.00000 5978.42772  4.97%   152 34371s
 9159815 2942726     cutoff   51      6291.00000 5978.43545  4.97%   152 34376s
 9160972 2943071 6093.63763   36  207 6291.00000 5978.44002  4.97%   152 34380s
 9162375 2943345     cutoff   50      6291.00000 5978.44662  4.97%   152 34385s
 9164894 2944127 6098.13511   53  155 6291.00000 5978.46004  4.97%   152 34394s
 9166228 2944362 6076.39446   40  217 6291.00000 5978.46748  4.97%   152 34399s
 9167057 2944745 infeasible   64      6291.00000 5978.46887  4.97%   152 34403s
 9168333 2944995 6165.83479   47  165 6291.00000 5978.47848  4.97%   152 34408s
 9169452 2945395 6006.19089   49  193 6291.00000 5978.48423  4.97%   152 34412s
 9170880 2945811 infeasible   47      6291.00000 5978.49126  4.97%   152 34417s
 9172339 2946066 6083.40139   41  204 6291.00000 5978.49791  4.97%   152 34421s
 9173454 2946456 6059.38163   42  187 6291.00000 5978.50435  4.97%   152 34425s
 9174721 2946733 6093.51188   46  148 6291.00000 5978.51169  4.97%   152 34430s
 9177164 2947320 infeasible   39      6291.00000 5978.52433  4.97%   152 34439s
 9178468 2947688 6214.89462   50  208 6291.00000 5978.53106  4.97%   152 34443s
 9179782 2947971 6083.40666   31   97 6291.00000 5978.53827  4.97%   152 34448s
 9180980 2948358 6104.10880   39  231 6291.00000 5978.54446  4.97%   152 34452s
 9182258 2948626 6092.41848   39  199 6291.00000 5978.55167  4.97%   152 34456s
 9183547 2948935 6143.58506   33  149 6291.00000 5978.55704  4.97%   152 34460s
 9184643 2949290 6243.03174   48  144 6291.00000 5978.56245  4.97%   152 34465s
 9187269 2949995 infeasible   48      6291.00000 5978.57624  4.97%   152 34474s
 9188591 2950362 5992.86318   43  218 6291.00000 5978.58153  4.97%   152 34478s
 9189887 2950674 6008.68028   50  137 6291.00000 5978.58817  4.97%   152 34483s
 9191034 2950959 5991.08220   42  198 6291.00000 5978.59409  4.97%   152 34487s
 9192105 2951391 5978.89765   40  190 6291.00000 5978.60000  4.97%   152 34492s
 9193605 2951762 6124.28086   38  141 6291.00000 5978.60559  4.97%   152 34496s
 9194899 2952038 6166.00000   45   97 6291.00000 5978.61313  4.97%   152 34500s
 9196132 2952316 infeasible   47      6291.00000 5978.62049  4.97%   152 34505s
 9197192 2952609     cutoff   53      6291.00000 5978.62724  4.97%   152 34510s
 9199983 2953355 6166.78542   60   96 6291.00000 5978.63756  4.97%   152 34518s
 9201267 2953702 6157.19172   43  169 6291.00000 5978.64372  4.97%   152 34523s
 9202582 2954038 6072.95493   55  126 6291.00000 5978.65166  4.97%   152 34528s
 9203641 2954426 5990.99144   39  179 6291.00000 5978.65698  4.96%   152 34532s
 9204932 2954828 6062.43151   47  216 6291.00000 5978.66257  4.96%   152 34536s
 9206340 2955063 6224.12349   54  152 6291.00000 5978.67005  4.96%   152 34540s
 9207418 2955317 6064.46686   45  251 6291.00000 5978.67628  4.96%   152 34545s
 9208536 2955622 6053.57955   31  175 6291.00000 5978.68336  4.96%   152 34550s
 9209713 2955631 6163.69640   55  151 6291.00000 5978.68881  4.96%   152 34555s
 9209728 2955639 6163.78591   56  132 6291.00000 5978.68881  4.96%   152 34565s
 9209763 2955668     cutoff   58      6291.00000 5978.68881  4.96%   152 34574s
 9209860 2955701 6207.97724   59   84 6291.00000 5978.68958  4.96%   152 34580s
 9210035 2955773 6207.97724   60   84 6291.00000 5978.68958  4.96%   152 34585s
 9210365 2956317 6188.11551   50  168 6291.00000 5978.69061  4.96%   152 34591s
 9212021 2956781 6277.11782   51  142 6291.00000 5978.69950  4.96%   152 34596s
 9213741 2957249 infeasible   49      6291.00000 5978.70786  4.96%   152 34601s
 9215264 2957560 6052.85574   39  214 6291.00000 5978.71542  4.96%   152 34607s
 9216360 2958016 6074.18609   57  163 6291.00000 5978.72055  4.96%   152 34612s
 9217851 2958342 6146.79594   40  231 6291.00000 5978.73121  4.96%   152 34617s
 9219215 2958722 6147.21429   42  136 6291.00000 5978.73747  4.96%   152 34622s
 9220494 2959129 6162.99348   45  191 6291.00000 5978.74539  4.96%   152 34627s
 9221836 2959531 6109.91462   51  153 6291.00000 5978.75314  4.96%   152 34631s
 9223168 2959783 6169.50000   34  102 6291.00000 5978.75916  4.96%   152 34636s
 9224377 2960059 6284.00000   40   99 6291.00000 5978.76694  4.96%   152 34641s
 9225657 2960401 6202.67552   51  118 6291.00000 5978.77562  4.96%   152 34646s
 9227083 2960759 6090.55416   51  214 6291.00000 5978.78333  4.96%   152 34650s
 9228451 2961154 6082.39197   35  176 6291.00000 5978.79125  4.96%   152 34655s
 9229732 2961426 6012.96786   30  148 6291.00000 5978.79969  4.96%   152 34660s
 9232372 2962067 6061.52956   42   92 6291.00000 5978.81310  4.96%   152 34669s
 9233452 2962396 6109.10934   49  188 6291.00000 5978.81938  4.96%   152 34673s
 9234775 2962696 6151.32848   52  185 6291.00000 5978.82319  4.96%   152 34677s
 9235898 2963097 6204.32360   52  120 6291.00000 5978.83024  4.96%   152 34682s
 9237257 2963465 6107.85594   37  178 6291.00000 5978.83475  4.96%   152 34686s
 9238538 2963798 6045.93826   47  170 6291.00000 5978.84318  4.96%   152 34691s
 9239791 2964138 5996.32464   40  208 6291.00000 5978.84867  4.96%   152 34695s
 9240982 2964413     cutoff   45      6291.00000 5978.85411  4.96%   152 34700s
 9242198 2964739 6178.54200   48  147 6291.00000 5978.85992  4.96%   152 34705s
 9243577 2965126 5983.43379   39  245 6291.00000 5978.86829  4.96%   152 34711s
 9244921 2965442 infeasible   47      6291.00000 5978.87511  4.96%   152 34716s
 9246181 2965866 6106.35538   46  114 6291.00000 5978.88003  4.96%   152 34722s
 9247401 2966160 6150.58696   42  175 6291.00000 5978.88567  4.96%   152 34727s
 9248480 2966571     cutoff   47      6291.00000 5978.89068  4.96%   152 34732s
 9249784 2967021 6077.58405   51  118 6291.00000 5978.89794  4.96%   152 34737s
 9251221 2967441 6273.50040   48  238 6291.00000 5978.90678  4.96%   152 34741s
 9252625 2967743 infeasible   34      6291.00000 5978.91233  4.96%   152 34746s
 9253927 2968027 6015.83176   51  226 6291.00000 5978.91858  4.96%   152 34750s
 9256226 2968677 infeasible   37      6291.00000 5978.93121  4.96%   152 34759s
 9257421 2969069 6015.61553   46  231 6291.00000 5978.94008  4.96%   152 34763s
 9258769 2969404 6155.31273   33  137 6291.00000 5978.94710  4.96%   152 34768s
 9260055 2969819 6121.53778   42  120 6291.00000 5978.95223  4.96%   152 34772s
 9261337 2970133     cutoff   44      6291.00000 5978.95711  4.96%   152 34777s
 9262626 2970513 6184.09898   49  146 6291.00000 5978.96543  4.96%   152 34781s
 9263916 2970795 6166.00000   46  131 6291.00000 5978.97553  4.96%   152 34785s
 9265117 2971090 6150.87802   48  177 6291.00000 5978.98276  4.96%   152 34790s
 9267455 2971603 6076.57661   52  167 6291.00000 5978.99533  4.96%   152 34799s
 9268675 2971991 6150.05691   42  144 6291.00000 5978.99986  4.96%   152 34803s
 9269998 2972332 infeasible   31      6291.00000 5979.00423  4.96%   152 34808s
 9271311 2972721     cutoff   51      6291.00000 5979.01015  4.96%   152 34812s
 9272529 2973043 6178.14583   36  109 6291.00000 5979.01758  4.96%   152 34817s
 9273661 2973368 5988.18667   41  195 6291.00000 5979.02300  4.96%   152 34821s
 9274852 2973753 6160.08802   48  110 6291.00000 5979.02926  4.96%   152 34826s
 9276271 2974051 6155.28664   44  223 6291.00000 5979.03809  4.96%   152 34830s
 9277544 2974383 6228.18306   49  113 6291.00000 5979.04413  4.96%   152 34835s
 9278874 2974640 6168.28020   46  166 6291.00000 5979.05111  4.96%   152 34840s
 9281097 2975240 infeasible   54      6291.00000 5979.06534  4.96%   152 34849s
 9282385 2975645 6208.37851   47  187 6291.00000 5979.07391  4.96%   152 34854s
 9283779 2975931     cutoff   56      6291.00000 5979.08170  4.96%   152 34858s
 9285102 2976185 5979.39004   37  158 6291.00000 5979.08773  4.96%   152 34863s
 9286195 2976397 infeasible   42      6291.00000 5979.09541  4.96%   152 34868s
 9287442 2976714     cutoff   41      6291.00000 5979.10160  4.96%   152 34872s
 9288789 2977027 infeasible   41      6291.00000 5979.10794  4.96%   152 34876s
 9290043 2977398 infeasible   47      6291.00000 5979.11418  4.96%   152 34881s
 9291314 2977755 6082.05646   60  160 6291.00000 5979.12070  4.96%   152 34886s
 9292623 2978009     cutoff   61      6291.00000 5979.12614  4.96%   152 34890s
 9293915 2978367 6094.78605   49  124 6291.00000 5979.13152  4.96%   152 34895s
 9295288 2978709 6069.76647   36  163 6291.00000 5979.13762  4.96%   152 34900s
 9298012 2979363 infeasible   44      6291.00000 5979.15021  4.96%   152 34908s
 9299033 2979713 6165.02793   48  156 6291.00000 5979.15675  4.96%   152 34912s
 9300275 2980060 6221.60616   39  147 6291.00000 5979.16269  4.96%   152 34916s
 9301473 2980429 6060.44712   42  136 6291.00000 5979.16882  4.96%   152 34921s
 9302726 2980872 6105.97726   37  108 6291.00000 5979.17480  4.96%   152 34925s
 9304080 2981190     cutoff   56      6291.00000 5979.18062  4.96%   152 34930s
 9306593 2981915 6023.53971   38  180 6291.00000 5979.19283  4.96%   152 34939s
 9307870 2982193 infeasible   44      6291.00000 5979.19697  4.96%   152 34943s
 9308965 2982468 6071.93333   54  119 6291.00000 5979.20174  4.96%   152 34947s
 9310066 2982726 6243.33448   48  201 6291.00000 5979.20992  4.96%   152 34951s
 9311172 2983056 6225.76508   42  180 6291.00000 5979.21517  4.96%   152 34956s
 9312350 2983390 6066.59522   41  195 6291.00000 5979.22068  4.96%   152 34961s
 9313737 2983690 6080.57077   47  198 6291.00000 5979.22740  4.96%   152 34965s
 9315084 2984091 6184.60503   47  172 6291.00000 5979.23295  4.96%   152 34970s
 9317600 2984713 6077.98172   38  127 6291.00000 5979.24378  4.96%   152 34978s
 9318779 2984982 6215.79473   50  168 6291.00000 5979.24986  4.96%   152 34982s
 9319997 2985243 6009.90666   55  177 6291.00000 5979.25572  4.96%   152 34987s
 9321088 2985563 6166.32596   35  147 6291.00000 5979.26345  4.96%   152 34991s
 9322340 2985908 6062.41037   34  115 6291.00000 5979.27210  4.96%   152 34996s
 9323641 2986195 6131.58085   64  161 6291.00000 5979.27779  4.96%   152 35000s
 9326103 2986793 6192.70487   38  172 6291.00000 5979.29111  4.95%   152 35009s
 9327364 2987119 6122.75253   41  245 6291.00000 5979.29606  4.95%   152 35013s
 9328510 2987414 6062.02343   34  135 6291.00000 5979.30086  4.95%   152 35017s
 9329788 2987625 6068.31309   36  180 6291.00000 5979.30867  4.95%   152 35022s
 9330540 2987939     cutoff   51      6291.00000 5979.31127  4.95%   152 35027s
 9331797 2988347 infeasible   41      6291.00000 5979.31949  4.95%   152 35032s
 9333163 2988583 6081.40879   47  192 6291.00000 5979.32402  4.95%   152 35036s
 9334340 2988911 6280.01009   41  142 6291.00000 5979.33304  4.95%   152 35040s
 9335609 2989179     cutoff   46      6291.00000 5979.33845  4.95%   152 35045s
 9337854 2989854 6054.13273   41  151 6291.00000 5979.34803  4.95%   152 35054s
 9339028 2990264 5981.21806   39  225 6291.00000 5979.35657  4.95%   152 35059s
 9340475 2990608 6169.00000   50   91 6291.00000 5979.36466  4.95%   152 35063s
 9341852 2990902 6053.56809   36  140 6291.00000 5979.37147  4.95%   152 35068s
 9342871 2991233 6173.82954   39  135 6291.00000 5979.37704  4.95%   152 35072s
 9344098 2991593 6065.89569   39  147 6291.00000 5979.38332  4.95%   152 35076s
 9345433 2991928     cutoff   54      6291.00000 5979.39134  4.95%   152 35081s
 9346723 2992186 6076.07566   52  166 6291.00000 5979.39794  4.95%   152 35085s
 9347888 2992357 6188.30110   49  142 6291.00000 5979.40470  4.95%   152 35090s
 9348567 2992735 6189.10260   50  137 6291.00000 5979.40470  4.95%   152 35095s
 9350957 2993419     cutoff   50      6291.00000 5979.42114  4.95%   152 35104s
 9352475 2993779     cutoff   48      6291.00000 5979.43029  4.95%   152 35109s
 9353836 2994089     cutoff   59      6291.00000 5979.43714  4.95%   152 35113s
 9355061 2994448     cutoff   66      6291.00000 5979.44511  4.95%   152 35117s
 9356241 2994805     cutoff   32      6291.00000 5979.45033  4.95%   152 35121s
 9357448 2995008 6066.61347   44  127 6291.00000 5979.45758  4.95%   152 35126s
 9358302 2995380 6014.18592   80   79 6291.00000 5979.45758  4.95%   152 35130s
 9359626 2995749 6173.99662   49  238 6291.00000 5979.46750  4.95%   152 35135s
 9362232 2996473 6185.35755   41  203 6291.00000 5979.48301  4.95%   152 35143s
 9363607 2996771     cutoff   57      6291.00000 5979.48927  4.95%   152 35148s
 9364832 2996964 6151.61595   55  137 6291.00000 5979.49640  4.95%   152 35152s
 9366043 2997172 6211.23482   51  155 6291.00000 5979.50126  4.95%   152 35157s
 9366873 2997549 infeasible   51      6291.00000 5979.50126  4.95%   152 35161s
 9368123 2997967 6177.89660   43  181 6291.00000 5979.50733  4.95%   152 35166s
 9369525 2998224 6180.42395   45  157 6291.00000 5979.51829  4.95%   152 35170s
 9371821 2998870 6163.79775   51  131 6291.00000 5979.53137  4.95%   152 35179s
 9373130 2999250 6142.36750   46  180 6291.00000 5979.53667  4.95%   152 35183s
 9374374 2999534 6142.50637   48  186 6291.00000 5979.54481  4.95%   152 35187s
 9375653 2999850 5987.24528   41  234 6291.00000 5979.55201  4.95%   152 35191s
 9376818 3000155 6065.64734   48  143 6291.00000 5979.55744  4.95%   152 35196s
 9378075 3000411 6072.05214   34  138 6291.00000 5979.56624  4.95%   152 35200s
 9380512 3001081 6212.57143   50  146 6291.00000 5979.57733  4.95%   152 35209s
 9381772 3001418 6063.04365   42  122 6291.00000 5979.58729  4.95%   152 35213s
 9382956 3001709 5982.62570   37  270 6291.00000 5979.59380  4.95%   152 35217s
 9384239 3002061 6162.51568   46  191 6291.00000 5979.59894  4.95%   152 35221s
 9385527 3002400 6166.49513   51  154 6291.00000 5979.60610  4.95%   152 35225s
 9386771 3002793 6115.74996   45  158 6291.00000 5979.61044  4.95%   152 35231s
 9388082 3003091 6088.34184   37  149 6291.00000 5979.61630  4.95%   152 35235s
 9390666 3003693 5999.67420   37  205 6291.00000 5979.62917  4.95%   152 35243s
 9391912 3003998 6064.71656   54  114 6291.00000 5979.63367  4.95%   152 35248s
 9393132 3004332     cutoff   42      6291.00000 5979.63922  4.95%   152 35252s
 9394270 3004659 6143.97153   43  120 6291.00000 5979.64455  4.95%   152 35256s
 9395650 3004965 6174.30088   45   97 6291.00000 5979.65305  4.95%   152 35261s
 9396772 3005383 6050.94192   46  205 6291.00000 5979.65788  4.95%   152 35265s
 9399513 3005900 6066.69418   33  220 6291.00000 5979.67108  4.95%   152 35274s
 9400150 3006149 6066.71281   34  218 6291.00000 5979.67165  4.95%   152 35279s
 9401159 3006478 6066.87748   35  201 6291.00000 5979.67469  4.95%   152 35283s
 9402389 3006759 6066.97561   36  169 6291.00000 5979.68053  4.95%   152 35288s
 9403511 3007201 6163.07583   48  156 6291.00000 5979.68874  4.95%   152 35292s
 9404984 3007536 infeasible   60      6291.00000 5979.69932  4.95%   152 35297s
 9406232 3007845 6072.00848   42  189 6291.00000 5979.70553  4.95%   152 35301s
 9407486 3008202 6066.74711   31  106 6291.00000 5979.70978  4.95%   152 35306s
 9408851 3008515 6107.15537   45  142 6291.00000 5979.71743  4.95%   152 35310s
 9409976 3008905 6128.25111   36  228 6291.00000 5979.72365  4.95%   152 35315s
 9411328 3009274 6174.92218   57  152 6291.00000 5979.73097  4.95%   152 35320s
 9413894 3009844 6068.03874   55  218 6291.00000 5979.74486  4.95%   152 35328s
 9415099 3010252 infeasible   50      6291.00000 5979.75189  4.95%   152 35333s
 9416462 3010556 6065.29248   45  215 6291.00000 5979.76072  4.95%   152 35337s
 9417895 3010929 6073.96393   41  154 6291.00000 5979.76744  4.95%   152 35341s
 9419260 3011277 6048.06956   36   77 6291.00000 5979.77506  4.95%   152 35345s
 9420476 3011553 6284.59916   53  132 6291.00000 5979.78104  4.95%   152 35350s
 9422911 3012200 6164.61286   42  158 6291.00000 5979.79442  4.95%   152 35359s
 9424124 3012587 6221.48481   57  103 6291.00000 5979.80176  4.95%   152 35364s
 9425527 3012897 6170.88126   45  163 6291.00000 5979.80998  4.95%   152 35368s
 9426758 3013235     cutoff   36      6291.00000 5979.81589  4.95%   152 35372s
 9427967 3013590 6049.60123   33  192 6291.00000 5979.82126  4.95%   152 35377s
 9429288 3014052     cutoff   43      6291.00000 5979.82884  4.95%   152 35381s
 9430659 3014335     cutoff   56      6291.00000 5979.83419  4.95%   152 35385s
 9431874 3014726 6086.75279   52  176 6291.00000 5979.84221  4.95%   152 35390s
 9434438 3015460     cutoff   42      6291.00000 5979.85770  4.95%   152 35398s
 9435788 3015857 6248.95404   67  129 6291.00000 5979.86752  4.95%   152 35403s
 9437026 3016221 6245.81007   54  114 6291.00000 5979.87259  4.95%   152 35408s
 9438328 3016581 6000.13052   41  182 6291.00000 5979.87985  4.95%   152 35412s
 9439593 3016830     cutoff   54      6291.00000 5979.88652  4.95%   152 35417s
 9440618 3017164 6068.50529   34  235 6291.00000 5979.89223  4.95%   152 35421s
 9441911 3017529 6119.31351   43  122 6291.00000 5979.89893  4.95%   152 35425s
 9443277 3017880 infeasible   48      6291.00000 5979.90545  4.95%   152 35430s
 9445608 3018380 infeasible   38      6291.00000 5979.91775  4.94%   152 35439s
 9446691 3018696     cutoff   38      6291.00000 5979.92416  4.94%   152 35443s
 9447949 3018998 infeasible   42      6291.00000 5979.93383  4.94%   152 35448s
 9449109 3019267 6122.55780   42  148 6291.00000 5979.94055  4.94%   152 35452s
 9450225 3019599 6027.36687   46  189 6291.00000 5979.94591  4.94%   152 35456s
 9451587 3019850 6158.61853   45  157 6291.00000 5979.94945  4.94%   152 35461s
 9452809 3020119 6010.90888   39  170 6291.00000 5979.95973  4.94%   152 35465s
 9454035 3020414 6097.17967   54  168 6291.00000 5979.96715  4.94%   152 35470s
 9455216 3020745     cutoff   54      6291.00000 5979.97309  4.94%   152 35475s
 9457818 3021419 infeasible   36      6291.00000 5979.98843  4.94%   152 35484s
 9459089 3021731 5990.41867   30  207 6291.00000 5979.99424  4.94%   152 35488s
 9460277 3022042 6175.26774   36  117 6291.00000 5980.00000  4.94%   152 35493s
 9461534 3022449 6166.07739   41  122 6291.00000 5980.00461  4.94%   152 35498s
 9462958 3022758 6082.76508   63  123 6291.00000 5980.01174  4.94%   152 35503s
 9464136 3023125 6183.36073   37  154 6291.00000 5980.01788  4.94%   152 35507s
 9465488 3023468 6288.01863   46  148 6291.00000 5980.02479  4.94%   152 35512s
 9466761 3023748     cutoff   55      6291.00000 5980.03242  4.94%   152 35516s
 9467876 3024176 6244.15219   65  142 6291.00000 5980.03811  4.94%   152 35521s
 9469309 3024511 6110.28717   61  128 6291.00000 5980.04505  4.94%   152 35526s
 9470638 3024828 5987.63431   44  187 6291.00000 5980.05133  4.94%   152 35530s
 9471868 3025202 6136.97839   48  111 6291.00000 5980.05849  4.94%   152 35535s
 9474269 3025847 6140.66554   46  173 6291.00000 5980.07236  4.94%   152 35544s
 9475584 3026201 6097.42404   39  191 6291.00000 5980.08061  4.94%   152 35548s
 9476877 3026497 infeasible   56      6291.00000 5980.08623  4.94%   152 35553s
 9477876 3026858 6012.03866   46  219 6291.00000 5980.09468  4.94%   152 35558s
 9479377 3027209 6273.84828   47  142 6291.00000 5980.10201  4.94%   152 35563s
 9480666 3027563 6166.81901   35  165 6291.00000 5980.11203  4.94%   152 35568s
 9482104 3027976 6047.43241   48  272 6291.00000 5980.11764  4.94%   152 35573s
 9483536 3028355 6084.89153   44   98 6291.00000 5980.12726  4.94%   152 35578s
 9484956 3028768 6067.18547   46  164 6291.00000 5980.13353  4.94%   152 35582s
 9486313 3028997 6147.94708   52  117 6291.00000 5980.14286  4.94%   152 35588s
 9487258 3029232 6065.28760   32  134 6291.00000 5980.14521  4.94%   152 35592s
 9488531 3029585 6029.83139   37  201 6291.00000 5980.15681  4.94%   152 35597s
 9489906 3029930 6270.78947   49   87 6291.00000 5980.16484  4.94%   152 35602s
 9491189 3030257 6068.51339   36  205 6291.00000 5980.17376  4.94%   152 35606s
 9492440 3030550 6267.69829   38  181 6291.00000 5980.18244  4.94%   152 35611s
 9493656 3030853 infeasible   40      6291.00000 5980.18704  4.94%   152 35616s
 9494991 3031230 5991.32445   39  174 6291.00000 5980.19523  4.94%   152 35621s
 9496358 3031496 6187.08479   53  126 6291.00000 5980.20250  4.94%   152 35625s
 9498794 3032153 6002.46982   38  161 6291.00000 5980.21776  4.94%   152 35634s
 9500029 3032478 6195.16642   61   99 6291.00000 5980.22344  4.94%   152 35638s
 9501277 3032791     cutoff   63      6291.00000 5980.23082  4.94%   152 35642s
 9502539 3033112 6149.00000   35   99 6291.00000 5980.23710  4.94%   151 35646s
 9503809 3033467 6163.69519   46  130 6291.00000 5980.24369  4.94%   151 35651s
 9505112 3033750     cutoff   34      6291.00000 5980.25040  4.94%   151 35655s
 9506226 3034096 6093.14452   59  143 6291.00000 5980.25860  4.94%   151 35660s
 9508816 3034730     cutoff   43      6291.00000 5980.27311  4.94%   151 35668s
 9510031 3035003 6180.28053   47  158 6291.00000 5980.27868  4.94%   151 35673s
 9511219 3035318 6065.60318   41  144 6291.00000 5980.28380  4.94%   151 35677s
 9512312 3035584     cutoff   56      6291.00000 5980.29194  4.94%   151 35682s
 9513499 3035966 6195.07377   60  156 6291.00000 5980.29693  4.94%   151 35686s
 9514806 3036313 6134.28601   50  185 6291.00000 5980.30334  4.94%   151 35690s
 9516132 3036609 5983.46296   45  237 6291.00000 5980.30948  4.94%   151 35695s
 9518715 3037280 6266.74656   36  189 6291.00000 5980.32373  4.94%   151 35703s
 9519952 3037627 6081.82381   54   80 6291.00000 5980.32736  4.94%   151 35707s
 9521140 3038033 6062.00000   41   68 6291.00000 5980.33506  4.94%   151 35711s
 9522383 3038377 6056.57110   63  211 6291.00000 5980.33888  4.94%   151 35716s
 9523663 3038677 6166.11372   54  141 6291.00000 5980.34736  4.94%   151 35720s
 9526061 3039279 5981.02607   40  180 6291.00000 5980.36018  4.94%   151 35728s
 9527170 3039585 6108.46347   45  166 6291.00000 5980.36537  4.94%   151 35732s
 9528337 3039880 infeasible   47      6291.00000 5980.37360  4.94%   151 35737s
 9529474 3040161     cutoff   46      6291.00000 5980.38066  4.94%   151 35741s
 9530637 3040513 6075.24685   45  182 6291.00000 5980.38725  4.94%   151 35746s
 9531930 3040861     cutoff   51      6291.00000 5980.39542  4.94%   151 35750s
 9534466 3041511 6049.56037   50  160 6291.00000 5980.41075  4.94%   151 35759s
 9535640 3041853 6129.95722   31  174 6291.00000 5980.41795  4.94%   151 35763s
 9536935 3042227     cutoff   41      6291.00000 5980.42435  4.94%   151 35768s
 9538212 3042678 6070.31902   42  198 6291.00000 5980.43092  4.94%   151 35772s
 9539518 3042828 infeasible   56      6291.00000 5980.43891  4.94%   151 35777s
 9540224 3043211     cutoff   56      6291.00000 5980.44201  4.94%   151 35782s
 9541463 3043441 6053.79928   36   88 6291.00000 5980.45005  4.94%   151 35787s
 9542465 3043797 6013.75638   37  152 6291.00000 5980.45511  4.94%   151 35792s
 9543829 3044137 5981.24382   44  241 6291.00000 5980.46412  4.94%   151 35797s
 9545332 3044482 6057.13792   32  203 6291.00000 5980.46889  4.94%   151 35801s
 9546643 3044801 6093.66808   39  257 6291.00000 5980.47484  4.94%   151 35806s
 9547940 3045144     cutoff   40      6291.00000 5980.48651  4.94%   151 35811s
 9549320 3045506 6173.35737   43  151 6291.00000 5980.49229  4.94%   151 35815s
 9550578 3045795 infeasible   37      6291.00000 5980.50000  4.94%   151 35820s
 9553147 3046499 6053.33727   45  149 6291.00000 5980.51368  4.94%   151 35829s
 9554359 3046754 6058.78710   39  221 6291.00000 5980.52239  4.94%   151 35833s
 9555693 3046912 infeasible   41      6291.00000 5980.52786  4.94%   151 35838s
 9556406 3047250 6151.26564   37  192 6291.00000 5980.53259  4.94%   151 35843s
 9557624 3047599 6100.09609   44  118 6291.00000 5980.53544  4.94%   151 35848s
 9559028 3047925 6005.72137   49  261 6291.00000 5980.55041  4.93%   151 35852s
 9560339 3048300     cutoff   65      6291.00000 5980.55520  4.93%   151 35857s
 9561659 3048718 5988.00798   41  258 6291.00000 5980.56281  4.93%   151 35861s
 9563183 3049054     cutoff   54      6291.00000 5980.56710  4.93%   151 35866s
 9564416 3049321 6163.00268   42  136 6291.00000 5980.57863  4.93%   151 35870s
 9566964 3049978 6174.55974   49  144 6291.00000 5980.59343  4.93%   151 35879s
 9568333 3050332 6263.67798   46  211 6291.00000 5980.60300  4.93%   151 35883s
 9569670 3050665 6277.72678   54  125 6291.00000 5980.60929  4.93%   151 35887s
 9570930 3050914 6180.32233   53  191 6291.00000 5980.61463  4.93%   151 35891s
 9572190 3051185 6176.80657   52  136 6291.00000 5980.62070  4.93%   151 35896s
 9573304 3051463 6092.59613   51  205 6291.00000 5980.62952  4.93%   151 35900s
 9575928 3052157     cutoff   43      6291.00000 5980.64478  4.93%   151 35908s
 9577279 3052437     cutoff   33      6291.00000 5980.65033  4.93%   151 35913s
 9578620 3052775 6064.29864   41  180 6291.00000 5980.65790  4.93%   151 35917s
 9579823 3053112 6164.05216   48  132 6291.00000 5980.66594  4.93%   151 35921s
 9581126 3053356     cutoff   44      6291.00000 5980.67090  4.93%   151 35926s
 9582324 3053648 6109.80739   28  199 6291.00000 5980.67620  4.93%   151 35930s
 9583572 3053975 infeasible   44      6291.00000 5980.68035  4.93%   151 35935s
 9586167 3054657 6082.07712   38  134 6291.00000 5980.69486  4.93%   151 35943s
 9587533 3054936 6189.60074   41  109 6291.00000 5980.70206  4.93%   151 35948s
 9588805 3055249 6212.81596   43  171 6291.00000 5980.70981  4.93%   151 35952s
 9590076 3055538 6065.78950   48  124 6291.00000 5980.71567  4.93%   151 35956s
 9591053 3055856 6127.65175   45  192 6291.00000 5980.72042  4.93%   151 35961s
 9592200 3056210 6183.49935   45  115 6291.00000 5980.72459  4.93%   151 35965s
 9594732 3056824 5996.57415   47  263 6291.00000 5980.74095  4.93%   151 35974s
 9596062 3057030 6071.27572   47  217 6291.00000 5980.74766  4.93%   151 35978s
 9597108 3057350 6259.64945   47  163 6291.00000 5980.75322  4.93%   151 35983s
 9598289 3057718 6063.95457   48  144 6291.00000 5980.75870  4.93%   151 35987s
 9599561 3058093 6078.22596   43  130 6291.00000 5980.76590  4.93%   151 35992s
 9600948 3058436 5997.87649   42  214 6291.00000 5980.77275  4.93%   151 35996s
 9602206 3058775 6064.64138   51  163 6291.00000 5980.77969  4.93%   151 36001s
 9603466 3059091 6135.98002   47  166 6291.00000 5980.78531  4.93%   151 36005s
 9604746 3059497 6125.21645   59  166 6291.00000 5980.79247  4.93%   151 36010s
 9607338 3060144 6278.68138   52   90 6291.00000 5980.80592  4.93%   151 36018s
 9608641 3060395 6081.66949   59  190 6291.00000 5980.81217  4.93%   151 36022s
 9609628 3060810 6073.34125   48  126 6291.00000 5980.81709  4.93%   151 36027s
 9610908 3061058 6102.95703   40  153 6291.00000 5980.82473  4.93%   151 36031s
 9612137 3061345 6073.13008   51   90 6291.00000 5980.83047  4.93%   151 36035s
 9613277 3061682     cutoff   41      6291.00000 5980.83849  4.93%   151 36040s
 9615691 3062377 6161.05125   41  186 6291.00000 5980.85055  4.93%   151 36049s
 9617012 3062622 6173.52231   42  115 6291.00000 5980.85812  4.93%   151 36053s
 9618183 3062938 infeasible   48      6291.00000 5980.86646  4.93%   151 36058s
 9619454 3063239     cutoff   47      6291.00000 5980.87234  4.93%   151 36062s
 9620715 3063517 6100.72165   31  149 6291.00000 5980.87969  4.93%   151 36066s
 9621837 3063759 5982.43597   50  185 6291.00000 5980.88606  4.93%   151 36071s
 9622950 3064069 6073.75318   46  145 6291.00000 5980.89152  4.93%   151 36076s
 9624225 3064416 6169.70036   48  125 6291.00000 5980.89712  4.93%   151 36080s
 9626835 3065131 6049.92633   36  206 6291.00000 5980.91282  4.93%   151 36089s
 9628016 3065405     cutoff   40      6291.00000 5980.91855  4.93%   151 36094s
 9629295 3065465     cutoff   51      6291.00000 5980.92391  4.93%   151 36095s

Cutting planes:
  Learned: 170
  Gomory: 36
  Lift-and-project: 1
  Cover: 4138
  Implied bound: 86
  Projected implied bound: 1
  MIR: 657
  StrongCG: 90
  Flow cover: 1052
  Inf proof: 49
  Zero half: 25
  Network: 7
  RLT: 48
  Relax-and-lift: 96

Explored 9629530 nodes (1457344160 simplex iterations) in 36095.35 seconds (20732.33 work units)
Thread count was 12 (of 12 available processors)

Solution count 10: 6291 6312 6431 ... 6846

Solve interrupted
Best objective 6.291000000000e+03, best bound 5.981000000000e+03, gap 4.9277%
