
Gurobi 12.0.0 (win64) logging started Thu Feb  5 23:49:05 2026

Set parameter LogFile to value "Storage_orig/Logs/log_____________2026_02_05_23_49_05.log"
Set parameter MIPGap to value 0.01
Set parameter OutputFlag to value 1
Gurobi Optimizer version 12.0.0 build v12.0.0rc1 (win64 - Windows 11+.0 (26200.2))

CPU model: Intel(R) Core(TM) i7-9750H CPU @ 2.60GHz, instruction set [SSE2|AVX|AVX2]
Thread count: 6 physical cores, 12 logical processors, using up to 12 threads

Non-default parameters:
MIPGap  0.01
MIPFocus  1

Optimize a model with 8162 rows, 1394 columns and 21598 nonzeros
Model fingerprint: 0xfc7783c0
Variable types: 28 continuous, 1366 integer (918 binary)
Coefficient statistics:
  Matrix range     [2e-01, 1e+03]
  Objective range  [1e+01, 4e+03]
  Bounds range     [1e+00, 1e+00]
  RHS range        [1e+00, 1e+03]
Found heuristic solution: objective 22980.000000
Presolve removed 6092 rows and 262 columns
Presolve time: 0.03s
Presolved: 2070 rows, 1132 columns, 12272 nonzeros
Variable types: 28 continuous, 1104 integer (768 binary)

Root relaxation: objective 4.735273e+03, 1031 iterations, 0.02 seconds (0.02 work units)

    Nodes    |    Current Node    |     Objective Bounds      |     Work
 Expl Unexpl |  Obj  Depth IntInf | Incumbent    BestBd   Gap | It/Node Time

     0     0 4735.27333    0   20 22980.0000 4735.27333  79.4%     -    0s
H    0     0                    22966.000000 4735.27333  79.4%     -    0s
H    0     0                    22766.000000 4735.27333  79.2%     -    0s
H    0     0                    22566.000000 4735.27333  79.0%     -    0s
H    0     0                    21272.000000 5101.44999  76.0%     -    0s
H    0     0                    20852.000000 5101.44999  75.5%     -    0s
     0     0 5101.44999    0   51 20852.0000 5101.44999  75.5%     -    0s
     0     0 5159.02833    0   32 20852.0000 5159.02833  75.3%     -    0s
     0     0 5160.15333    0   44 20852.0000 5160.15333  75.3%     -    0s
     0     0 5160.15333    0   45 20852.0000 5160.15333  75.3%     -    0s
H    0     0                    19440.000000 5160.15333  73.5%     -    0s
H    0     0                    19406.000000 5171.18399  73.4%     -    0s
     0     0 5171.18399    0   68 19406.0000 5171.18399  73.4%     -    0s
     0     0 5173.87083    0   34 19406.0000 5173.87083  73.3%     -    0s
     0     0 5174.74127    0   79 19406.0000 5174.74127  73.3%     -    0s
H    0     0                    18808.000000 5177.23985  72.5%     -    0s
H    0     0                    18128.000000 5177.23985  71.4%     -    0s
H    0     0                    16748.000000 5177.23985  69.1%     -    0s
H    0     0                    15949.000000 5177.23985  67.5%     -    0s
H    0     0                    14389.000000 5177.23985  64.0%     -    0s
H    0     0                    14109.000000 5177.23985  63.3%     -    0s
     0     0 5177.23985    0   84 14109.0000 5177.23985  63.3%     -    0s
H    0     0                    13969.000000 5179.66121  62.9%     -    0s
     0     0 5179.66121    0   86 13969.0000 5179.66121  62.9%     -    0s
H    0     0                    13829.000000 5179.92702  62.5%     -    0s
     0     0 5179.92702    0   89 13829.0000 5179.92702  62.5%     -    0s
     0     0 5180.90448    0   92 13829.0000 5180.90448  62.5%     -    0s
     0     0 5194.90870    0   54 13829.0000 5194.90870  62.4%     -    0s
H    0     0                    13749.000000 5194.90870  62.2%     -    0s
H    0     0                    13347.000000 5194.90870  61.1%     -    0s
H    0     0                    13147.000000 5194.90870  60.5%     -    0s
H    0     0                    12247.000000 5194.90870  57.6%     -    0s
     0     0 5194.90870    0   45 12247.0000 5194.90870  57.6%     -    0s
H    0     0                    12067.000000 5194.90870  56.9%     -    0s
     0     0 5195.51773    0   66 12067.0000 5195.51773  56.9%     -    0s
     0     0 5195.55198    0   71 12067.0000 5195.55198  56.9%     -    0s
H    0     0                    11729.000000 5195.55198  55.7%     -    0s
H    0     0                    11589.000000 5195.55198  55.2%     -    0s
     0     0 5196.26160    0   77 11589.0000 5196.26160  55.2%     -    0s
H    0     0                    10749.000000 5196.32846  51.7%     -    0s
H    0     0                    10189.000000 5196.32846  49.0%     -    0s
     0     2 5196.32846    0   76 10189.0000 5196.32846  49.0%     -    0s
H   38    43                    10129.000000 5198.09974  48.7%   169    1s
*   85    90              16    7355.0000000 5198.09974  29.3%   128    1s
   779   617 6471.72397   67   61 7355.00000 5206.25593  29.2%  56.1    5s
  1846  1201 6850.75164   29  138 7355.00000 5233.73333  28.8%  42.4   10s
H 2016  1220                    7335.0000000 5234.14785  28.6%  59.2   12s
H 2045  1186                    6773.0000000 5234.14785  22.7%  60.0   12s
  2388  1174 6629.83573   27   44 6773.00000 5235.90000  22.7%  61.7   15s
  3122  1231 6673.42867   50   85 6773.00000 5238.23853  22.7%  65.8   20s
  3803  1387 6167.68356   31  100 6773.00000 5244.63516  22.6%  68.7   25s
  7345  2699 5972.17974   46   87 6773.00000 5302.33542  21.7%  60.6   30s
 12917  7016 5969.00000   36   15 6773.00000 5473.73635  19.2%  51.1   35s
 19855 11296 6130.28369   51  161 6773.00000 5868.01044  13.4%  42.8   40s
 27602 16882 6350.86697   74   23 6773.00000 5868.39533  13.4%  38.3   45s
 35616 23378 6411.65641  131   39 6773.00000 5868.94284  13.3%  35.8   50s
 45902 28461 6103.17166   50   36 6773.00000 5871.25885  13.3%  32.8   55s
 51159 32196     cutoff   79      6773.00000 5871.82995  13.3%  32.6   60s
 57637 37132 5977.62600   42    3 6773.00000 5873.03674  13.3%  32.0   65s
 67970 43357 6189.14236   87  100 6773.00000 5874.43740  13.3%  30.4   70s
 73691 47219 6332.54498   60   32 6773.00000 5874.96451  13.3%  30.4   75s
 83913 54464 5972.62758   38   94 6773.00000 5875.95706  13.2%  29.3   80s
 91372 60309 6292.20386   55   93 6773.00000 5876.49783  13.2%  28.6   85s
 102510 66137 6767.37619   69   68 6773.00000 5877.67717  13.2%  27.8   90s
 109859 72067 6274.49831   55  123 6773.00000 5878.30314  13.2%  27.8   95s
 119247 77917 6333.30624   75   61 6773.00000 5879.00736  13.2%  27.3  100s
 124019 80371 6547.35095   73   56 6773.00000 5879.46616  13.2%  27.1  105s
 133561 86311 infeasible   69      6773.00000 5880.03816  13.2%  26.6  110s
 142261 91972 6289.34843   75  112 6773.00000 5880.27148  13.2%  26.3  115s
 151439 97805 infeasible   54      6773.00000 5880.61857  13.2%  25.9  120s
 158508 102164 5998.42195   64   95 6773.00000 5881.12409  13.2%  26.0  125s
 164244 106417 6453.30468   74  136 6773.00000 5881.33444  13.2%  26.0  130s
 172732 111473 5899.88291   52   99 6773.00000 5881.71779  13.2%  25.9  135s
 182246 116575 6439.08983   57  119 6773.00000 5882.07409  13.2%  25.6  140s
 190669 121933     cutoff   68      6773.00000 5882.39733  13.1%  25.4  145s
 197450 126709 6190.52549   65   74 6773.00000 5882.49153  13.1%  25.5  150s
 204677 131635 6206.80439   87  139 6773.00000 5882.70230  13.1%  25.5  155s
 215190 137679 5890.40217   62   77 6773.00000 5882.91171  13.1%  25.3  160s
 217376 138096 6241.85297   82   78 6773.00000 5883.01727  13.1%  25.2  165s
 220550 141244 6002.63636   40   66 6773.00000 5883.16583  13.1%  25.3  170s
 230865 147695 6194.77852   78  158 6773.00000 5883.46132  13.1%  25.0  175s
 239192 152316 5982.60080   35  138 6773.00000 5883.85189  13.1%  24.9  180s
 248224 157797 6748.51746   81  103 6773.00000 5884.21810  13.1%  24.8  185s
 259225 164634 6591.47185   74   70 6773.00000 5884.64180  13.1%  24.6  190s
 266955 169632 5900.30871   41  118 6773.00000 5884.94522  13.1%  24.4  195s
 275404 175274 6082.95405   41   51 6773.00000 5885.17677  13.1%  24.4  200s
 284585 180611 infeasible   59      6773.00000 5885.25436  13.1%  24.4  205s
 285156 180784 5964.11519   52  146 6773.00000 5885.26861  13.1%  24.4  210s
 291838 184945 6100.27993   69   77 6773.00000 5885.38084  13.1%  24.4  215s
 298284 189878 6205.23674   47  152 6773.00000 5885.60658  13.1%  24.5  220s
 306248 194835 6559.02970   56   74 6773.00000 5885.90294  13.1%  24.5  225s
 315786 200544 6002.08838   51   72 6773.00000 5886.21328  13.1%  24.4  230s
 324321 204968 6177.77373   51  178 6773.00000 5886.42226  13.1%  24.4  235s
 332758 210114 5911.41443   57  167 6773.00000 5886.61480  13.1%  24.4  240s
 341852 216447 6108.06001   50   50 6773.00000 5886.92520  13.1%  24.3  245s
 350949 222750 6242.17732   57   69 6773.00000 5887.18182  13.1%  24.2  250s
 360422 227429     cutoff   54      6773.00000 5887.37000  13.1%  24.2  255s
 367821 232578 6316.37517   70   87 6773.00000 5887.52228  13.1%  24.2  260s
 376474 236998 infeasible   67      6773.00000 5887.83388  13.1%  24.2  265s
 383345 241274     cutoff  117      6773.00000 5888.07033  13.1%  24.2  270s
 391949 246270 infeasible   80      6773.00000 5888.29183  13.1%  24.2  275s
 400282 252322 6564.49749  107   46 6773.00000 5888.44632  13.1%  24.1  280s
 410337 257826 5901.06429   58  121 6773.00000 5888.76723  13.1%  24.1  285s
 419083 263927 6117.42110   72  106 6773.00000 5888.97162  13.1%  24.0  290s
 428402 269965 6201.31248   58   25 6773.00000 5889.01567  13.1%  24.0  295s
 437599 276237 6100.84409   47   69 6773.00000 5889.19645  13.0%  23.9  300s
 447318 281710 5987.31268   60  121 6773.00000 5889.39791  13.0%  23.8  305s
 456076 286996 infeasible   97      6773.00000 5889.62982  13.0%  23.8  310s
 462996 291754 6344.35719  118   62 6773.00000 5889.75562  13.0%  23.8  315s
 473594 296891 6234.81345  104  100 6773.00000 5889.85188  13.0%  23.7  320s
 481329 301932 6107.68763   58   73 6773.00000 5890.01718  13.0%  23.6  325s
 490227 307523 6107.46249   44   31 6773.00000 5890.20112  13.0%  23.6  330s
 498469 312240 6104.08200   47   11 6773.00000 5890.34350  13.0%  23.5  335s
 505657 317127 infeasible   73      6773.00000 5890.43564  13.0%  23.5  340s
 513672 323492 5914.27257   46  131 6773.00000 5890.58359  13.0%  23.5  345s
 523325 328414 6449.82287   74  126 6773.00000 5890.80725  13.0%  23.5  350s
 531206 333055 infeasible   67      6773.00000 5891.00464  13.0%  23.5  355s
 540440 338359 5897.29647   40  237 6773.00000 5891.09726  13.0%  23.4  360s
 549507 343996 6581.91023   88   59 6773.00000 5891.27613  13.0%  23.4  365s
 558276 349159 6086.52598   82  102 6773.00000 5891.48349  13.0%  23.4  370s
 567427 354761 6292.12327   53   45 6773.00000 5891.50267  13.0%  23.3  375s
 575761 359598 5897.43109   45  174 6773.00000 5891.72564  13.0%  23.3  380s
 582251 363868 6169.65548   65   81 6773.00000 5891.85001  13.0%  23.3  385s
 591201 368553 6221.48027   81   82 6773.00000 5892.01262  13.0%  23.3  390s
 600118 374214 6211.10258   45   75 6773.00000 5892.18516  13.0%  23.3  395s
 605313 378093 6060.12216   86   82 6773.00000 5892.18516  13.0%  23.4  400s
 612588 382358 6108.43876   59   94 6773.00000 5892.24098  13.0%  23.4  405s
 622111 387579 6205.00821   63   92 6773.00000 5892.35751  13.0%  23.4  410s
 627041 389072 6050.76973   59   74 6773.00000 5892.43308  13.0%  23.4  416s
 627111 389091 6087.29502   63   67 6773.00000 5892.43308  13.0%  23.4  420s
 627178 389128 6140.57933   67   62 6773.00000 5892.43308  13.0%  23.4  426s
 627229 389144 6103.27174   48   30 6773.00000 5892.43308  13.0%  23.4  431s
 627314 389351 6339.12417   51   18 6773.00000 5892.43308  13.0%  23.4  435s
 630051 391372 6423.35604   76   38 6773.00000 5892.46339  13.0%  23.5  440s
 632598 392868 6381.37612  124   88 6773.00000 5892.54628  13.0%  23.5  445s
 638294 396193 6333.96042   60   82 6773.00000 5892.62461  13.0%  23.6  450s
 644391 399261 6430.58210   82  118 6773.00000 5892.71385  13.0%  23.6  455s
 652369 404933 6319.12150   63  106 6773.00000 5892.81562  13.0%  23.7  460s
 662064 410084 5990.70656   59  143 6773.00000 5892.86825  13.0%  23.6  465s
 670357 414446 5893.37658   39  160 6773.00000 5893.00039  13.0%  23.6  470s
 673573 416097     cutoff   79      6773.00000 5893.05751  13.0%  23.6  475s
 677110 418712 6094.00882   74   32 6773.00000 5893.08661  13.0%  23.6  480s
 683794 423096 6100.14685   69   88 6773.00000 5893.10404  13.0%  23.7  485s
 695140 430048     cutoff   86      6773.00000 5893.25809  13.0%  23.7  490s
 702110 434524 6335.31777   76  154 6773.00000 5893.31059  13.0%  23.7  495s
 713154 441309 6448.61633   86   24 6773.00000 5893.44039  13.0%  23.6  500s
 724207 447879 6449.79225   82   59 6773.00000 5893.46692  13.0%  23.5  505s
 733007 454799 6422.94562   98   98 6773.00000 5893.46692  13.0%  23.5  510s
 744599 461158 5898.58400   60  134 6773.00000 5893.46692  13.0%  23.4  515s
 751626 466357 5899.86752   73  145 6773.00000 5893.47313  13.0%  23.4  520s
 760160 470110 infeasible  141      6773.00000 5893.47749  13.0%  23.4  525s
 768678 475848 infeasible  127      6773.00000 5893.47749  13.0%  23.3  530s
 778609 481763 infeasible   90      6773.00000 5893.47749  13.0%  23.3  535s
 788349 489093 6415.48431   79  138 6773.00000 5893.47749  13.0%  23.2  541s
 798786 495038 6189.29356   85  138 6773.00000 5893.48315  13.0%  23.2  545s
 806822 499288 6316.39853  101   83 6773.00000 5893.48521  13.0%  23.1  550s
 815857 504416 6209.81641   44   97 6773.00000 5893.55332  13.0%  23.1  555s
 822886 509380 5987.27945   39   78 6773.00000 5893.58132  13.0%  23.1  560s
 833102 514479 infeasible   84      6773.00000 5893.60859  13.0%  23.1  565s
 841542 520169 6423.44748  114   78 6773.00000 5893.60859  13.0%  23.1  570s
 848329 524195 6515.08706   64  111 6773.00000 5893.64286  13.0%  23.1  575s
 857531 530171 5923.80341   68   74 6773.00000 5893.75081  13.0%  23.1  580s
 867431 534845 infeasible   83      6773.00000 5893.87038  13.0%  23.0  585s
 876802 541075 5906.44218   65  147 6773.00000 5893.94946  13.0%  23.0  590s
 884294 545699 5898.58400   57  134 6773.00000 5894.00031  13.0%  23.0  595s
 893026 551090 6507.12755  118   72 6773.00000 5894.04634  13.0%  23.0  600s
 903940 556941 6363.18576   91  136 6773.00000 5894.07112  13.0%  22.9  605s
 913457 563749 6154.22751   68  162 6773.00000 5894.07112  13.0%  22.9  610s
 922666 569412 6214.15000   62   54 6773.00000 5894.07112  13.0%  22.9  615s
 932027 575794 6093.97699   65  100 6773.00000 5894.07271  13.0%  22.8  620s
 941366 580565 6007.43061   91  160 6773.00000 5894.07337  13.0%  22.8  625s
 949219 585248 6419.13633   80   81 6773.00000 5894.07378  13.0%  22.8  630s
 959101 591904 6415.71275   86   80 6773.00000 5894.07483  13.0%  22.8  635s
 968372 597825 6407.20304   82  117 6773.00000 5894.08224  13.0%  22.7  640s
 977270 603040 6219.38970   91  143 6773.00000 5894.08256  13.0%  22.7  645s
 983009 605738 infeasible   93      6773.00000 5894.08256  13.0%  22.7  650s
 994502 612420 infeasible  117      6773.00000 5894.08256  13.0%  22.7  655s
 1003646 618811 6205.27030   80  181 6773.00000 5894.08256  13.0%  22.6  660s
 1012648 624043 6123.00220   74  124 6773.00000 5894.08256  13.0%  22.6  665s
 1021728 629093 6298.63996   87  146 6773.00000 5894.08256  13.0%  22.6  670s
 1030818 633961 infeasible   99      6773.00000 5894.08256  13.0%  22.6  675s
 1040649 639381 infeasible  111      6773.00000 5894.08256  13.0%  22.5  680s
 1049698 644731 6119.00500   84   19 6773.00000 5894.08256  13.0%  22.6  685s
 1057301 650528 6098.77334   80   66 6773.00000 5894.08519  13.0%  22.6  690s
 1067592 656391 6218.90925   88   77 6773.00000 5894.09127  13.0%  22.5  695s
 1074395 659888 6216.69454   83  198 6773.00000 5894.10031  13.0%  22.5  700s
 1083678 665482 6215.94486   75  123 6773.00000 5894.10835  13.0%  22.5  705s
 1094222 672397 6189.83356   64  105 6773.00000 5894.13235  13.0%  22.5  710s
 1103401 677156 6144.05031   68  181 6773.00000 5894.14357  13.0%  22.5  715s
 1111195 682500 6615.62018  111   46 6773.00000 5894.14651  13.0%  22.5  720s
 1119575 686814 infeasible   95      6773.00000 5894.16945  13.0%  22.5  725s
 1126578 691371 6226.56816   82  173 6773.00000 5894.16977  13.0%  22.4  730s
 1136566 697254 6189.37717   77  126 6773.00000 5894.16977  13.0%  22.4  735s
 1147297 704068 5908.68400   62  136 6773.00000 5894.16977  13.0%  22.4  740s
 1156357 709143 6117.94804   60  117 6773.00000 5894.16977  13.0%  22.3  745s
 1156898 709788 6091.86393   65  118 6773.00000 5894.16977  13.0%  22.3  750s
 1165587 715696 6189.23131   67  130 6773.00000 5894.16977  13.0%  22.3  755s
 1175726 722301 infeasible   81      6773.00000 5894.16977  13.0%  22.3  760s
 1185430 728756 5911.34294   59  142 6773.00000 5894.16977  13.0%  22.2  765s
 1194588 734190 6335.85396  112   66 6773.00000 5894.16977  13.0%  22.2  770s
 1203547 740093 6189.94202   83   92 6773.00000 5894.16977  13.0%  22.2  775s
 1213713 746456 6486.25780   86  113 6773.00000 5894.16977  13.0%  22.2  780s
 1224182 752777 6420.69907  129   57 6773.00000 5894.16977  13.0%  22.1  785s
 1234354 758394 5908.68400   57  136 6773.00000 5894.16977  13.0%  22.1  790s
 1243679 764179 infeasible   94      6773.00000 5894.16977  13.0%  22.1  795s
 1253066 769603 infeasible   81      6773.00000 5894.16977  13.0%  22.0  800s
 1262702 775668 infeasible   99      6773.00000 5894.16977  13.0%  22.0  805s
 1272337 781867 6547.37425  101   63 6773.00000 5894.16977  13.0%  22.0  810s
 1282173 788938 6510.27292   82  115 6773.00000 5894.16977  13.0%  22.0  815s
 1294261 795452 6423.52244   75  119 6773.00000 5894.16977  13.0%  21.9  820s
 1302896 800939 5898.58400   68  134 6773.00000 5894.16977  13.0%  21.9  825s
 1312050 806636 infeasible  108      6773.00000 5894.16977  13.0%  21.9  830s
 1321996 812892 infeasible  113      6773.00000 5894.16977  13.0%  21.9  835s
 1331771 819210 6215.78397   65  117 6773.00000 5894.16977  13.0%  21.8  840s
 1340930 825300 6189.37083   69  130 6773.00000 5894.16977  13.0%  21.8  845s
 1350309 831195 6189.85597   65   86 6773.00000 5894.16977  13.0%  21.8  850s
 1359079 836552 6019.45261   64  169 6773.00000 5894.16977  13.0%  21.8  855s
 1370023 843550 5908.68400   68  136 6773.00000 5894.16977  13.0%  21.8  860s
 1381057 850255 6306.89675   90   67 6773.00000 5894.16977  13.0%  21.8  865s
 1390383 855955 6419.71000   81  117 6773.00000 5894.16977  13.0%  21.7  870s
 1400127 862343 6203.04407   86   62 6773.00000 5894.16977  13.0%  21.7  875s
 1410965 868306 6007.30115   56  158 6773.00000 5894.16977  13.0%  21.7  880s
 1419773 873653 infeasible  154      6773.00000 5894.16977  13.0%  21.7  885s
 1429207 879741 6702.54255  117   76 6773.00000 5894.16977  13.0%  21.7  890s
 1437796 885315 6261.67475   89  159 6773.00000 5894.16977  13.0%  21.7  895s
 1447065 890530 6539.12331  127  129 6773.00000 5894.18355  13.0%  21.7  900s
 1452458 894290 6289.57275   80   69 6773.00000 5894.18355  13.0%  21.7  905s
 1462777 900130 6215.79868   75  119 6773.00000 5894.18355  13.0%  21.7  910s
 1471266 905449 6216.74085   87  109 6773.00000 5894.18607  13.0%  21.7  915s
 1480496 910931 6295.73131   88  131 6773.00000 5894.22588  13.0%  21.7  920s
 1488842 916754 6003.80330   68   81 6773.00000 5894.28022  13.0%  21.7  925s
 1498571 922083 6589.50800  106   28 6773.00000 5894.31976  13.0%  21.7  930s
 1507005 927047 infeasible  106      6773.00000 5894.31977  13.0%  21.7  935s
 1516105 932136     cutoff   94      6773.00000 5894.31977  13.0%  21.7  940s
 1516789 932814 6289.62050   88   31 6773.00000 5894.31977  13.0%  21.7  945s
 1523634 936598 6418.18836   87   96 6773.00000 5894.31977  13.0%  21.7  950s
 1531936 942095 5992.71019   64   75 6773.00000 5894.31977  13.0%  21.7  955s
 1541307 946568 6552.78370  100  123 6773.00000 5894.31977  13.0%  21.7  960s
 1550248 951893 5918.89255   56  135 6773.00000 5894.31977  13.0%  21.7  965s
 1558881 956894 infeasible  122      6773.00000 5894.31977  13.0%  21.7  970s
 1567304 961932 6601.41945   94   73 6773.00000 5894.31977  13.0%  21.7  975s
 1576868 967085 infeasible   73      6773.00000 5894.31977  13.0%  21.7  980s
 1585872 972369 5993.51477   80  122 6773.00000 5894.31977  13.0%  21.7  985s
 1593050 977656 6254.24322   91  154 6773.00000 5894.31977  13.0%  21.7  990s
 1603462 982406 6328.18817   75   28 6773.00000 5894.31977  13.0%  21.7  995s
 1610726 988493 6215.65724   87  127 6773.00000 5894.31977  13.0%  21.7 1000s
 1620306 992994 6154.37751   66  166 6773.00000 5894.34919  13.0%  21.7 1005s
 1629933 999011 6293.47252   79   51 6773.00000 5894.40049  13.0%  21.7 1010s
 1639393 1003875 5901.24398   49  182 6773.00000 5894.44444  13.0%  21.7 1015s
 1648496 1008987     cutoff  115      6773.00000 5894.52478  13.0%  21.7 1020s
 1656414 1014210 infeasible   88      6773.00000 5894.55582  13.0%  21.7 1025s
 1664179 1019005 6393.78598   66  115 6773.00000 5894.55593  13.0%  21.7 1030s
 1673792 1024202 infeasible   83      6773.00000 5894.60657  13.0%  21.7 1035s
 1682491 1030105 6169.98490   67  109 6773.00000 5894.65203  13.0%  21.7 1040s
 1691898 1034692 infeasible   90      6773.00000 5894.77089  13.0%  21.7 1045s
 1698780 1038854 6006.83131   67  175 6773.00000 5894.80400  13.0%  21.7 1050s
 1703559 1042434 6520.85477  103   40 6773.00000 5894.81738  13.0%  21.7 1055s
 1712480 1046426 6218.88097  105  103 6773.00000 5894.83160  13.0%  21.7 1060s
 1720841 1052103 6307.44000   61   47 6773.00000 5894.88247  13.0%  21.7 1065s
 1733119 1057570 infeasible   72      6773.00000 5894.89286  13.0%  21.7 1070s
 1739919 1063023 5900.09606   54  117 6773.00000 5894.90753  13.0%  21.7 1075s
 1750436 1067122 infeasible   62      6773.00000 5894.94594  13.0%  21.7 1080s
 1758790 1071372 6302.16994   53  110 6773.00000 5894.94594  13.0%  21.7 1085s
 1766678 1075709 infeasible  101      6773.00000 5894.94997  13.0%  21.8 1090s
 1772275 1078791 6014.90472   51  150 6773.00000 5894.98420  13.0%  21.8 1095s
 1777880 1081842 6181.05000   57  111 6773.00000 5894.99747  13.0%  21.8 1100s
 1786540 1086902 6445.62140   96  102 6773.00000 5895.08884  13.0%  21.8 1105s
 1793240 1090784 6374.33212   68   52 6773.00000 5895.20000  13.0%  21.8 1110s
 1801974 1096145 6527.04367   73   31 6773.00000 5895.27261  13.0%  21.8 1115s
 1811629 1101530 6651.79073   99   85 6773.00000 5895.34331  13.0%  21.8 1120s
 1819830 1106368 6010.10378   61  108 6773.00000 5895.37639  13.0%  21.8 1125s
 1830439 1111787     cutoff   83      6773.00000 5895.39428  13.0%  21.8 1130s
 1832398 1119080 5989.93001   40   80 6773.00000 5895.41730  13.0%  21.8 1143s
 1846630 1121895 6345.21989   56   82 6773.00000 5895.57171  13.0%  21.9 1145s
 1858184 1128363 5916.19784   44  218 6773.00000 5895.64391  13.0%  21.8 1150s
 1870146 1135619 6455.88683   70   22 6773.00000 5895.72971  13.0%  21.8 1155s
 1880856 1140751 6103.54863   44  184 6773.00000 5895.76789  13.0%  21.8 1160s
 1889073 1145859 infeasible   92      6773.00000 5895.82207  13.0%  21.8 1165s
 1896869 1150695 6131.11038   57   85 6773.00000 5895.89534  13.0%  21.8 1170s
 1904151 1154779 6323.26208   64   76 6773.00000 5895.94575  12.9%  21.8 1175s
 1912434 1159554 6091.16895   75  126 6773.00000 5896.03186  12.9%  21.9 1180s
 1921772 1164815 6443.71341   80  105 6773.00000 5896.14127  12.9%  21.9 1185s
 1929643 1170195 6699.72480   69  101 6773.00000 5896.22574  12.9%  21.9 1190s
 1938885 1174604 5988.82911   62   70 6773.00000 5896.29105  12.9%  21.9 1195s
 1944345 1178593 6111.17264   60  109 6773.00000 5896.34884  12.9%  21.9 1200s
 1953676 1183154 5917.16972   55  140 6773.00000 5896.46051  12.9%  21.9 1205s
 1961829 1188003 6126.33979   76   77 6773.00000 5896.51757  12.9%  21.9 1210s
 1969861 1192599 6208.42068   99   85 6773.00000 5896.55630  12.9%  21.9 1215s
 1979031 1197410 6296.85223   49   94 6773.00000 5896.65611  12.9%  21.9 1220s
 1984024 1201483 6603.28625   84   51 6773.00000 5896.69252  12.9%  21.9 1225s
 1992769 1205840 6464.39160   74   64 6773.00000 5896.82610  12.9%  21.9 1230s
 2000772 1210845 6075.54484   81  137 6773.00000 5896.89382  12.9%  21.9 1235s
 2008135 1215241 6192.96047   65  153 6773.00000 5896.93786  12.9%  21.9 1240s
 2017460 1220009 6421.27143  103  120 6773.00000 5896.98815  12.9%  21.9 1245s
 2026390 1225058 5898.30322   64  107 6773.00000 5897.00081  12.9%  21.9 1250s
 2036342 1230863 6002.70276   99  136 6773.00000 5897.03886  12.9%  21.9 1255s
 2044241 1235488 5994.16471   74  122 6773.00000 5897.11562  12.9%  21.9 1260s
 2051054 1240106 6552.00000  106  102 6773.00000 5897.13729  12.9%  21.9 1265s
 2059498 1245060 6300.40865   96   75 6773.00000 5897.22952  12.9%  21.9 1270s
 2068770 1250113 5994.86602   59   57 6773.00000 5897.28291  12.9%  21.9 1275s
 2076837 1254871     cutoff  108      6773.00000 5897.33224  12.9%  21.9 1280s
 2083868 1258330 5984.74265   77  190 6773.00000 5897.36379  12.9%  21.9 1285s
 2090818 1262694 6011.96707   80   96 6773.00000 5897.38573  12.9%  22.0 1290s
 2099319 1268868 6653.17613   76   43 6773.00000 5897.40986  12.9%  22.0 1295s
 2107657 1273725 6004.00378   60  107 6773.00000 5897.45377  12.9%  22.0 1300s
 2116824 1279830 6125.20690   70   61 6773.00000 5897.54603  12.9%  22.0 1305s
 2125834 1284982 5929.74530   92  193 6773.00000 5897.61462  12.9%  22.0 1310s
 2134422 1288961 6467.68383   78   88 6773.00000 5897.67591  12.9%  22.0 1315s
 2143208 1293814 infeasible  100      6773.00000 5897.72451  12.9%  22.0 1320s
 2152382 1299324 6457.09591   46  121 6773.00000 5897.75606  12.9%  21.9 1325s
 2160489 1304049 6114.61360   56   42 6773.00000 5897.82053  12.9%  22.0 1330s
 2167021 1307607 infeasible   60      6773.00000 5897.85054  12.9%  22.0 1335s
 2176043 1313509 6196.53171   79   79 6773.00000 5897.92191  12.9%  22.0 1340s
 2185317 1319198     cutoff   98      6773.00000 5897.97950  12.9%  22.0 1345s
 2193957 1323148 6015.81444   70  127 6773.00000 5898.01571  12.9%  22.0 1350s
 2201687 1327504 6232.93683   69   54 6773.00000 5898.06496  12.9%  22.0 1355s
 2211253 1333696 infeasible  137      6773.00000 5898.11182  12.9%  22.0 1360s
 2216195 1336029 infeasible   99      6773.00000 5898.15135  12.9%  22.0 1365s
 2225549 1341809 infeasible  107      6773.00000 5898.18283  12.9%  22.0 1370s
 2236919 1349690 6315.72363   82  104 6773.00000 5898.18283  12.9%  21.9 1375s
 2247394 1355878 6298.79785   66  120 6773.00000 5898.19515  12.9%  21.9 1380s
 2258692 1361858 6544.38614   69   57 6773.00000 5898.20938  12.9%  21.9 1385s
 2268612 1368320 6017.58194   83  104 6773.00000 5898.25720  12.9%  21.9 1390s
 2277720 1372591 infeasible  106      6773.00000 5898.26726  12.9%  21.9 1395s
 2285681 1377174 6628.36933   75   60 6773.00000 5898.27324  12.9%  21.8 1400s
 2292646 1381510 5988.02446   63   80 6773.00000 5898.28886  12.9%  21.9 1405s
 2299952 1386207 6323.97116  118  101 6773.00000 5898.29836  12.9%  21.9 1410s
 2312588 1394310 5898.64388   63   73 6773.00000 5898.29836  12.9%  21.8 1415s
 2323784 1400214 infeasible   82      6773.00000 5898.31034  12.9%  21.8 1420s
 2331953 1404603 5997.94286   74  113 6773.00000 5898.31034  12.9%  21.8 1425s
 2339674 1408006 5898.91141   61   72 6773.00000 5898.31034  12.9%  21.8 1430s
 2341509 1409193 5903.48076   76   74 6773.00000 5898.31034  12.9%  21.8 1435s
 2346901 1411634 6302.01988  104   82 6773.00000 5898.31704  12.9%  21.8 1440s
 2351867 1413887 infeasible   95      6773.00000 5898.32588  12.9%  21.9 1445s
 2358469 1418232     cutoff   81      6773.00000 5898.34989  12.9%  21.9 1450s
 2368665 1422766 5902.45330   66  110 6773.00000 5898.38256  12.9%  21.9 1455s
 2376058 1426976 5903.16990   70  111 6773.00000 5898.44080  12.9%  21.9 1460s
 2380344 1429432 5912.63744   64  125 6773.00000 5898.45349  12.9%  21.9 1465s
 2385777 1432690 infeasible   81      6773.00000 5898.48663  12.9%  21.9 1470s
 2395370 1437598 6000.09302   49   49 6773.00000 5898.51692  12.9%  21.9 1475s
 2403973 1442854 6011.92496   69  118 6773.00000 5898.54332  12.9%  21.9 1480s
 2413157 1448339 6317.86734   89   59 6773.00000 5898.55932  12.9%  21.9 1485s
 2422114 1454250 6459.39304   93  154 6773.00000 5898.58400  12.9%  21.9 1490s
 2432353 1459248 infeasible  119      6773.00000 5898.58400  12.9%  21.9 1495s
 2442636 1465517 6338.53172  106   78 6773.00000 5898.58400  12.9%  21.9 1500s
 2451828 1470485 infeasible  113      6773.00000 5898.58400  12.9%  21.9 1505s
 2460572 1475501 infeasible   95      6773.00000 5898.58400  12.9%  21.9 1510s
 2467493 1479806 6214.05293   48  127 6773.00000 5898.60107  12.9%  21.9 1515s
 2475168 1484618 6189.28340   83  150 6773.00000 5898.60227  12.9%  21.9 1520s
 2478739 1486350 infeasible   88      6773.00000 5898.60227  12.9%  21.9 1525s
 2487519 1492215 6026.72072   65  166 6773.00000 5898.60227  12.9%  21.9 1530s
 2497520 1497050 6096.80496   76   70 6773.00000 5898.61775  12.9%  21.9 1535s
 2504807 1500871 5902.43976   63  110 6773.00000 5898.63383  12.9%  22.0 1540s
 2514108 1506394 infeasible   91      6773.00000 5898.64388  12.9%  22.0 1545s
 2522675 1512547 6205.07966   91  110 6773.00000 5898.64388  12.9%  22.0 1550s
 2533137 1518039 infeasible   86      6773.00000 5898.64388  12.9%  21.9 1555s
 2542756 1524503 5913.44356   68   76 6773.00000 5898.64388  12.9%  21.9 1560s
 2549970 1529956 6474.51227   68  141 6773.00000 5898.64388  12.9%  21.9 1565s
 2560555 1534722 6125.24297   77  122 6773.00000 5898.64388  12.9%  21.9 1570s
 2568630 1539540 infeasible  117      6773.00000 5898.64388  12.9%  21.9 1575s
 2578146 1544866 infeasible   81      6773.00000 5898.64388  12.9%  21.9 1580s
 2580847 1546799 infeasible   99      6773.00000 5898.64388  12.9%  21.9 1585s
 2587835 1551679 6131.71105  102  103 6773.00000 5898.64388  12.9%  21.9 1590s
 2597782 1556998 infeasible   88      6773.00000 5898.64388  12.9%  21.9 1595s
 2609037 1563544 6691.48183  132   59 6773.00000 5898.64855  12.9%  21.9 1600s
 2618940 1569451 6320.10337   89   86 6773.00000 5898.66170  12.9%  21.9 1605s
 2629339 1575196 5998.10555   78   90 6773.00000 5898.66170  12.9%  21.9 1610s
 2638376 1580115 6342.30917  104   67 6773.00000 5898.66351  12.9%  21.9 1615s
 2647737 1585495 5908.54180   75   71 6773.00000 5898.66351  12.9%  21.9 1620s
 2657059 1590576 6318.46320   76   78 6773.00000 5898.66351  12.9%  21.9 1625s
 2665551 1594772     cutoff  110      6773.00000 5898.68971  12.9%  21.9 1630s
 2667254 1596619 6223.55523   84   78 6773.00000 5898.68971  12.9%  21.9 1635s
 2676531 1602483 5910.91388   62  149 6773.00000 5898.69695  12.9%  21.9 1640s
 2685666 1608255 5999.02646   84   59 6773.00000 5898.72398  12.9%  21.9 1645s
 2693926 1613100 6204.21509   87  113 6773.00000 5898.72580  12.9%  21.9 1650s
 2703304 1618842 5908.91933   79  134 6773.00000 5898.72580  12.9%  21.9 1655s
 2714208 1625091 infeasible   80      6773.00000 5898.72580  12.9%  21.9 1660s
 2723524 1630710 6306.63481   86   90 6773.00000 5898.72580  12.9%  21.9 1665s
 2731504 1636036 6213.46281   86  125 6773.00000 5898.72580  12.9%  21.9 1670s
 2741790 1641313 6089.43770   72   97 6773.00000 5898.72580  12.9%  21.9 1675s
 2748772 1646390 6434.64025   76  112 6773.00000 5898.72580  12.9%  21.9 1680s
 2756308 1651157     cutoff   91      6773.00000 5898.72580  12.9%  21.9 1685s
 2762657 1653392 infeasible   97      6773.00000 5898.72580  12.9%  21.9 1690s
 2766413 1655652 6205.64663   77  121 6773.00000 5898.72580  12.9%  21.9 1695s
 2774488 1661020 6214.00000   58   67 6773.00000 5898.74699  12.9%  21.9 1700s
 2784289 1665484     cutoff   97      6773.00000 5898.76260  12.9%  21.9 1705s
 2794348 1671941 6221.43137   87  125 6773.00000 5898.76260  12.9%  21.9 1710s
 2802205 1677423     cutoff   80      6773.00000 5898.76260  12.9%  21.9 1715s
 2810971 1681904 infeasible   98      6773.00000 5898.76260  12.9%  21.9 1720s
 2819784 1687104 infeasible  110      6773.00000 5898.76260  12.9%  21.9 1725s
 2828156 1693091 6013.15701   64   94 6773.00000 5898.76260  12.9%  21.9 1730s
 2837415 1697766 infeasible   90      6773.00000 5898.76260  12.9%  21.9 1735s
 2847806 1704345 6098.61699   70  112 6773.00000 5898.76260  12.9%  21.9 1740s
 2856763 1709001 5913.44356   55   77 6773.00000 5898.76260  12.9%  21.9 1745s
 2866445 1715163 5900.20638   64   28 6773.00000 5898.76535  12.9%  21.9 1750s
 2876361 1719423 infeasible  140      6773.00000 5898.77959  12.9%  21.9 1755s
 2887012 1725322 infeasible   97      6773.00000 5898.78093  12.9%  21.9 1760s
 2895579 1730064 6204.00000   50   56 6773.00000 5898.80856  12.9%  21.9 1765s
 2901975 1734293 6109.69286   70  151 6773.00000 5898.83962  12.9%  21.9 1770s
 2909986 1737634 6101.61083   67   80 6773.00000 5898.86066  12.9%  21.9 1775s
 2916646 1742438 5898.91141   53   72 6773.00000 5898.91141  12.9%  21.9 1780s
 2923486 1744632 6195.12933   61   19 6773.00000 5898.91141  12.9%  21.9 1785s
 2929977 1747014 6330.69267   76   28 6773.00000 5898.91141  12.9%  21.9 1790s
 2935153 1748878 5995.24300   69  114 6773.00000 5898.91141  12.9%  22.0 1795s
 2941998 1753148 6411.59890  108   81 6773.00000 5898.91260  12.9%  22.0 1800s
 2949370 1756024 6524.53156   75   99 6773.00000 5898.91260  12.9%  22.0 1805s
 2957802 1761428 6432.85500   84   13 6773.00000 5898.91260  12.9%  22.0 1810s
 2967617 1766654 infeasible  113      6773.00000 5898.91260  12.9%  22.0 1815s
 2977137 1772486 6520.33300  127   25 6773.00000 5898.91274  12.9%  22.0 1820s
 2984952 1775703 infeasible   84      6773.00000 5898.92779  12.9%  22.0 1825s
 2989448 1780313 6208.29796   70  189 6773.00000 5898.93771  12.9%  22.0 1830s
 2998655 1783893 6239.04214   84  111 6773.00000 5898.95826  12.9%  22.0 1835s
 3007551 1788359 6000.53017   57  211 6773.00000 5898.98624  12.9%  22.0 1840s
 3017235 1793549 6211.48321   76   90 6773.00000 5899.02507  12.9%  22.0 1846s
 3017336 1793599 6550.73320   78   96 6773.00000 5899.02507  12.9%  22.0 1850s
 3017396 1793634 6216.32091   81   74 6773.00000 5899.02709  12.9%  22.0 1855s
 3017481 1793694 6308.79546   84  109 6773.00000 5899.02767  12.9%  22.0 1860s
 3017661 1793836 6308.85501   96  112 6773.00000 5899.02781  12.9%  22.0 1866s
 3018972 1794535 infeasible   86      6773.00000 5899.02914  12.9%  22.0 1870s
 3023051 1797102 6543.30879   91   40 6773.00000 5899.04268  12.9%  22.0 1875s
 3029088 1800056 6231.91193   71  105 6773.00000 5899.06910  12.9%  22.0 1880s
 3035102 1803050 infeasible  108      6773.00000 5899.08562  12.9%  22.1 1885s
 3041324 1807184 6247.48037   76   96 6773.00000 5899.11013  12.9%  22.1 1890s
 3049703 1810604 6324.94451  100  136 6773.00000 5899.12795  12.9%  22.1 1895s
 3057174 1814790 6524.90652  113  147 6773.00000 5899.14331  12.9%  22.1 1900s
 3064207 1819404 6225.05060   76   82 6773.00000 5899.15664  12.9%  22.1 1905s
 3073932 1823492 6034.66586  102   96 6773.00000 5899.18602  12.9%  22.1 1910s
 3081672 1828245 6208.79919   81   66 6773.00000 5899.20337  12.9%  22.1 1915s
 3090740 1831868 infeasible   88      6773.00000 5899.21977  12.9%  22.1 1920s
 3097316 1836539 5903.65227   66  134 6773.00000 5899.21977  12.9%  22.1 1925s
 3104868 1840424 5913.73400   56  136 6773.00000 5899.21977  12.9%  22.1 1930s
 3113300 1844934 6511.22763  119   87 6773.00000 5899.21977  12.9%  22.1 1935s
 3121723 1849521 6100.46223   85  140 6773.00000 5899.23305  12.9%  22.1 1940s
 3129505 1854114 6125.99729   74  139 6773.00000 5899.24566  12.9%  22.1 1945s
 3137109 1858561 5942.61535   51   81 6773.00000 5899.27800  12.9%  22.1 1950s
 3147198 1864835 6336.43133  100   47 6773.00000 5899.30751  12.9%  22.1 1955s
 3156747 1870218     cutoff   73      6773.00000 5899.32429  12.9%  22.1 1960s
 3164688 1874983 5982.73300   55   74 6773.00000 5899.35270  12.9%  22.1 1965s
 3171023 1880727 6196.39473   80   74 6773.00000 5899.36977  12.9%  22.1 1974s
 3175877 1882343 6615.20267   95  141 6773.00000 5899.36977  12.9%  22.2 1975s
 3188203 1887878     cutoff  110      6773.00000 5899.41433  12.9%  22.2 1980s
 3195700 1892284 6096.98514   55   63 6773.00000 5899.44980  12.9%  22.2 1985s
 3204089 1898117 6078.93876   61  168 6773.00000 5899.50000  12.9%  22.2 1990s
 3214191 1903030     cutoff   88      6773.00000 5899.52539  12.9%  22.2 1995s
 3221758 1906720 6126.57727   94   88 6773.00000 5899.52541  12.9%  22.2 2000s
 3232515 1913004 6017.18613   83   45 6773.00000 5899.54194  12.9%  22.2 2005s
 3235844 1913730 6305.32895   91   87 6773.00000 5899.54194  12.9%  22.2 2010s
 3239611 1916125 6192.14818   78   81 6773.00000 5899.54194  12.9%  22.2 2015s
 3246953 1919491     cutoff   72      6773.00000 5899.56051  12.9%  22.2 2020s
 3253915 1923420 6448.02273   87   72 6773.00000 5899.60379  12.9%  22.2 2025s
 3263329 1928421 5936.18540   50  188 6773.00000 5899.61243  12.9%  22.2 2030s
 3272703 1934014 6004.64139   66   83 6773.00000 5899.65924  12.9%  22.2 2035s
 3280938 1938156     cutoff   82      6773.00000 5899.65924  12.9%  22.2 2040s
 3289339 1942983 infeasible   89      6773.00000 5899.68691  12.9%  22.2 2045s
 3297418 1948138 5907.84983   55   82 6773.00000 5899.76098  12.9%  22.2 2050s
 3307246 1953074 6192.12483   76   86 6773.00000 5899.81303  12.9%  22.2 2055s
 3314815 1956821 6318.05554  117   64 6773.00000 5899.82138  12.9%  22.2 2060s
 3323392 1961836 infeasible   75      6773.00000 5899.84130  12.9%  22.2 2065s
 3331443 1966451 6215.34802   85  157 6773.00000 5899.87418  12.9%  22.2 2070s
 3342176 1972854 6211.75875   88  145 6773.00000 5899.88326  12.9%  22.2 2075s
 3351994 1979397 6175.15769   69  153 6773.00000 5899.88326  12.9%  22.2 2080s
 3362993 1986144 infeasible   86      6773.00000 5899.88326  12.9%  22.2 2085s
 3373074 1991755 infeasible   89      6773.00000 5899.88326  12.9%  22.2 2090s
 3381943 1997385 6206.14141   84   81 6773.00000 5899.88326  12.9%  22.2 2095s
 3391198 2002611 6192.28307   71  141 6773.00000 5899.88326  12.9%  22.2 2100s
 3400121 2008876 6547.19228   98   82 6773.00000 5899.88326  12.9%  22.2 2105s
 3408887 2014292 6516.55089  116   73 6773.00000 5899.88326  12.9%  22.2 2110s
 3419603 2020205 6166.43644   96   87 6773.00000 5899.89226  12.9%  22.2 2115s
 3428011 2024665 infeasible  114      6773.00000 5899.91817  12.9%  22.2 2120s
 3435638 2029147 5900.22770   62  106 6773.00000 5899.96260  12.9%  22.2 2125s
 3445381 2034467 6204.90334   54   94 6773.00000 5899.99843  12.9%  22.2 2130s
 3452230 2039235 6045.00890   94   78 6773.00000 5900.02989  12.9%  22.2 2135s
 3461309 2044026 6408.27330   79  110 6773.00000 5900.08717  12.9%  22.2 2140s
 3469339 2048366 6318.79286   85   81 6773.00000 5900.12314  12.9%  22.2 2145s
 3475255 2049699     cutoff   65      6773.00000 5900.13208  12.9%  22.2 2150s
 3480604 2051482 infeasible  119      6773.00000 5900.14094  12.9%  22.2 2155s
 3487692 2054556     cutoff   83      6773.00000 5900.14331  12.9%  22.2 2160s
 3493811 2057595 infeasible   78      6773.00000 5900.18891  12.9%  22.3 2165s
 3501635 2061517 5993.43644   70   57 6773.00000 5900.18891  12.9%  22.3 2170s
 3509242 2065620 6143.76053   62  180 6773.00000 5900.18891  12.9%  22.3 2175s
 3516675 2070203 6098.08153   85   68 6773.00000 5900.18891  12.9%  22.3 2180s
 3523769 2073557 6634.39125   89   29 6773.00000 5900.18891  12.9%  22.3 2185s
 3533105 2078416 6093.92080   69   84 6773.00000 5900.18891  12.9%  22.3 2190s
 3533284 2078762 5993.38223   60   57 6773.00000 5900.18891  12.9%  22.3 2195s
 3538347 2081682 6200.84814   70  166 6773.00000 5900.18891  12.9%  22.3 2200s
 3547049 2086368 6033.92837   77  123 6773.00000 5900.18891  12.9%  22.3 2205s
 3556142 2090962 6401.66911   79   99 6773.00000 5900.18891  12.9%  22.3 2210s
 3564495 2095672 6092.78500   86   19 6773.00000 5900.18891  12.9%  22.3 2215s
 3571968 2099853 6218.30472   85   94 6773.00000 5900.18891  12.9%  22.3 2220s
 3579797 2104029 6022.40039   68  105 6773.00000 5900.18891  12.9%  22.4 2225s
 3586690 2108100 6096.69033   73   62 6773.00000 5900.18891  12.9%  22.4 2230s
 3594783 2113380 6191.47773   90  108 6773.00000 5900.18891  12.9%  22.4 2236s
 3603424 2116784 5993.43645   70   55 6773.00000 5900.18891  12.9%  22.4 2240s
 3613625 2122049 6135.03840   81  172 6773.00000 5900.18891  12.9%  22.4 2245s
 3621142 2126260 infeasible   68      6773.00000 5900.18891  12.9%  22.4 2250s
 3628573 2130883 6036.25732   65  112 6773.00000 5900.18891  12.9%  22.4 2255s
 3636384 2135144 6109.98522   72  171 6773.00000 5900.18891  12.9%  22.4 2260s
 3645193 2139342     cutoff  107      6773.00000 5900.18891  12.9%  22.4 2265s
 3653349 2144283 5993.42344   66   57 6773.00000 5900.18891  12.9%  22.4 2270s
 3661946 2148890 6034.86381   58  173 6773.00000 5900.18891  12.9%  22.4 2275s
 3670837 2153861 6395.18343   75  169 6773.00000 5900.18891  12.9%  22.4 2280s
 3678495 2157340 6029.03813   56  114 6773.00000 5900.18891  12.9%  22.4 2285s
 3685253 2161462 6143.76053   60  182 6773.00000 5900.18891  12.9%  22.4 2290s
 3694045 2166542 6297.06776   77   25 6773.00000 5900.20638  12.9%  22.4 2295s
 3700945 2170227 6001.79153   60   76 6773.00000 5900.24638  12.9%  22.4 2300s
 3709244 2175144 6486.95391   78   99 6773.00000 5900.28894  12.9%  22.4 2305s
 3719105 2180073 6202.75641   85  119 6773.00000 5900.31952  12.9%  22.4 2310s
 3728084 2184951 6123.50529   71   87 6773.00000 5900.36434  12.9%  22.4 2315s
 3736428 2191056 6433.14002  103   40 6773.00000 5900.38598  12.9%  22.4 2320s
 3745162 2196098 6204.78541   80  184 6773.00000 5900.43570  12.9%  22.4 2325s
 3752268 2200058 6223.05680  100   61 6773.00000 5900.46098  12.9%  22.4 2330s
 3760116 2203554 infeasible  102      6773.00000 5900.49060  12.9%  22.4 2335s
 3767215 2208234     cutoff   82      6773.00000 5900.54351  12.9%  22.4 2340s
 3773081 2211371 6143.68934   85   61 6773.00000 5900.62152  12.9%  22.4 2345s
 3782050 2215632 6106.56020   55   96 6773.00000 5900.67134  12.9%  22.4 2350s
 3789880 2220158 5977.33605   52   58 6773.00000 5900.70588  12.9%  22.4 2355s
 3798965 2224791 5941.16235   69   42 6773.00000 5900.75466  12.9%  22.4 2360s
 3808694 2230846 6081.45274   95   86 6773.00000 5900.77338  12.9%  22.4 2365s
 3816481 2234721 6312.01413   55  100 6773.00000 5900.80410  12.9%  22.4 2370s
 3823315 2238472 5912.02190   48  114 6773.00000 5900.85714  12.9%  22.4 2375s
 3832401 2243697 5951.39836   64   80 6773.00000 5900.88832  12.9%  22.4 2380s
 3840160 2248336 6150.58535   55  127 6773.00000 5900.92355  12.9%  22.4 2385s
 3847358 2251545 infeasible  120      6773.00000 5900.92899  12.9%  22.4 2390s
 3857209 2257188 infeasible  106      6773.00000 5900.95686  12.9%  22.4 2395s
 3863358 2260662 6628.98661   90  117 6773.00000 5900.96874  12.9%  22.4 2400s
 3869552 2263260 6352.59471   83  108 6773.00000 5900.96874  12.9%  22.5 2405s
 3874558 2265405     cutoff   81      6773.00000 5900.96874  12.9%  22.5 2410s
 3881242 2268904 infeasible   75      6773.00000 5900.99762  12.9%  22.5 2415s
 3888299 2273949 6185.91934   65   58 6773.00000 5901.01318  12.9%  22.5 2420s
 3896937 2277700 5943.27622   58  131 6773.00000 5901.03890  12.9%  22.5 2425s
 3905200 2282941 6051.09295   69  225 6773.00000 5901.10122  12.9%  22.5 2430s
 3912913 2287318     cutoff   87      6773.00000 5901.15106  12.9%  22.5 2435s
 3922862 2293254     cutoff   71      6773.00000 5901.20000  12.9%  22.5 2440s
 3931320 2297816 infeasible   85      6773.00000 5901.22708  12.9%  22.5 2445s
 3939455 2302850 6196.04400   80   23 6773.00000 5901.27972  12.9%  22.5 2450s
 3946945 2307445 6274.20899   66   97 6773.00000 5901.31539  12.9%  22.5 2455s
 3953873 2310628 6210.03007  103   75 6773.00000 5901.34102  12.9%  22.5 2460s
 3959572 2313547 infeasible   69      6773.00000 5901.35339  12.9%  22.5 2465s
 3966945 2318254 infeasible   70      6773.00000 5901.37572  12.9%  22.5 2470s
 3975010 2322730 6314.79073   70   68 6773.00000 5901.43234  12.9%  22.5 2475s
 3984363 2328064 5985.56846   88   75 6773.00000 5901.46311  12.9%  22.5 2480s
 3992574 2332779 6006.84068   72  174 6773.00000 5901.48769  12.9%  22.5 2485s
 3996757 2334881 5919.20000   44   18 6773.00000 5901.49393  12.9%  22.5 2490s
 4006182 2340038 5921.61575   51  113 6773.00000 5901.52983  12.9%  22.5 2495s
 4014957 2344959 infeasible   96      6773.00000 5901.54852  12.9%  22.5 2500s
 4025288 2350605 infeasible  118      6773.00000 5901.57692  12.9%  22.5 2505s
 4033786 2356592 6333.13361   78   87 6773.00000 5901.61757  12.9%  22.5 2510s
 4043969 2362532 infeasible   88      6773.00000 5901.66175  12.9%  22.5 2515s
 4053780 2367400 6059.13211   67   80 6773.00000 5901.67958  12.9%  22.5 2520s
 4061585 2372175 6190.98160   54  172 6773.00000 5901.73688  12.9%  22.5 2525s
 4068618 2376939 6328.70540  107  124 6773.00000 5901.79056  12.9%  22.5 2530s
 4078181 2382599 6095.34735   62   29 6773.00000 5901.85473  12.9%  22.5 2535s
 4086152 2386486 6217.36785   89   72 6773.00000 5901.90235  12.9%  22.5 2540s
 4094050 2390150 6392.37797   67   53 6773.00000 5901.94689  12.9%  22.5 2545s
 4100097 2394340 6328.44957  109  176 6773.00000 5901.97337  12.9%  22.5 2550s
 4109740 2398873 6601.29119   94  101 6773.00000 5902.02229  12.9%  22.5 2555s
 4119465 2404508 6377.85483   74   39 6773.00000 5902.05861  12.9%  22.5 2560s
 4124016 2408179 6764.58500   94   44 6773.00000 5902.07821  12.9%  22.5 2565s
 4133425 2413699 5933.18806   73   84 6773.00000 5902.11650  12.9%  22.5 2570s
 4142265 2418045 infeasible   82      6773.00000 5902.14717  12.9%  22.5 2575s
 4151829 2424067 infeasible   59      6773.00000 5902.16008  12.9%  22.5 2580s
 4158804 2428658 6228.57159   66  150 6773.00000 5902.18128  12.9%  22.5 2585s
 4165137 2431690 5902.63069   64  172 6773.00000 5902.22565  12.9%  22.5 2590s
 4170204 2434408 6606.82439  119   74 6773.00000 5902.23726  12.9%  22.5 2595s
 4179047 2439098 6007.92571   53  110 6773.00000 5902.26974  12.9%  22.5 2600s
 4187441 2443655     cutoff   52      6773.00000 5902.28983  12.9%  22.5 2605s
 4193843 2446927 6209.76151  104   42 6773.00000 5902.29681  12.9%  22.6 2610s
 4196920 2447708 6259.77324   98   61 6773.00000 5902.29791  12.9%  22.6 2615s
 4200141 2449745 6338.52580   72  106 6773.00000 5902.30000  12.9%  22.6 2620s
 4207598 2453806 6041.34015   71  135 6773.00000 5902.32603  12.9%  22.6 2625s
 4213153 2456215 infeasible   77      6773.00000 5902.32744  12.9%  22.6 2630s
 4220123 2460133 infeasible   77      6773.00000 5902.34988  12.9%  22.6 2635s
 4227132 2463516 6240.70377   82   91 6773.00000 5902.36635  12.9%  22.7 2640s
 4233120 2466848 6520.10625   97   40 6773.00000 5902.38395  12.9%  22.7 2645s
 4240958 2472167 6337.60135   90   45 6773.00000 5902.39759  12.9%  22.7 2650s
 4246168 2475593 6051.46744   54  173 6773.00000 5902.41094  12.9%  22.7 2655s
 4253729 2480350 6321.47000  106   20 6773.00000 5902.44183  12.9%  22.7 2660s
 4263788 2485476 6066.05997   52  132 6773.00000 5902.46882  12.9%  22.7 2665s
 4271284 2489537 6419.12902   82  127 6773.00000 5902.49481  12.9%  22.7 2670s
 4276411 2492222 6303.35581   84   81 6773.00000 5902.51443  12.9%  22.7 2675s
 4283177 2497318 6480.68061   91  113 6773.00000 5902.53161  12.9%  22.7 2680s
 4291214 2502040 5998.12647   71  124 6773.00000 5902.54733  12.9%  22.7 2685s
 4298671 2505904 6276.89952   94  115 6773.00000 5902.54733  12.9%  22.7 2690s
 4305929 2510362 6664.26339  109   85 6773.00000 5902.55306  12.9%  22.7 2695s
 4313083 2513634 infeasible   49      6773.00000 5902.57423  12.9%  22.7 2700s
 4318039 2516379 6135.87529   55  103 6773.00000 5902.60090  12.9%  22.7 2705s
 4327641 2521586 infeasible   91      6773.00000 5902.61631  12.9%  22.7 2710s
 4334212 2525382 5993.10478   64  100 6773.00000 5902.62431  12.9%  22.7 2715s
 4342550 2530313 infeasible  117      6773.00000 5902.63639  12.9%  22.7 2720s
 4351196 2534858 5993.18187   66  100 6773.00000 5902.64585  12.9%  22.7 2725s
 4359551 2539207 6095.69667   78   45 6773.00000 5902.64585  12.9%  22.8 2730s
 4369152 2544112 infeasible   88      6773.00000 5902.64602  12.9%  22.8 2735s
 4375137 2548339 6215.87080   56  161 6773.00000 5902.65382  12.9%  22.8 2740s
 4385360 2552882 infeasible  107      6773.00000 5902.68451  12.8%  22.8 2745s
 4392461 2557316 6204.95832   85  160 6773.00000 5902.68864  12.8%  22.8 2750s
 4394151 2557609 infeasible   54      6773.00000 5902.69660  12.8%  22.8 2755s
 4395733 2559040 infeasible   70      6773.00000 5902.70149  12.8%  22.8 2760s
 4400504 2561742 6091.40661   78   62 6773.00000 5902.70153  12.8%  22.8 2765s
 4406026 2563739 infeasible   73      6773.00000 5902.70276  12.8%  22.8 2770s
 4413333 2567529 6057.27679   53  199 6773.00000 5902.71062  12.8%  22.8 2775s
 4423247 2573993 6353.00000  119    5 6773.00000 5902.72291  12.8%  22.8 2780s
 4431453 2577720 5943.96531   78  141 6773.00000 5902.72654  12.8%  22.8 2785s
 4440477 2582587 5997.40125   73   65 6773.00000 5902.77109  12.8%  22.8 2790s
 4449619 2587384 6457.90578   93  155 6773.00000 5902.78594  12.8%  22.8 2795s
 4457846 2591694 infeasible   74      6773.00000 5902.80765  12.8%  22.8 2800s
 4465347 2595830 6433.06810   85   56 6773.00000 5902.82409  12.8%  22.8 2805s
 4473615 2600929 6637.27535  117   50 6773.00000 5902.86261  12.8%  22.8 2810s
 4483243 2605876     cutoff   62      6773.00000 5902.89298  12.8%  22.8 2815s
 4491569 2610803 6539.32644  115   77 6773.00000 5902.94411  12.8%  22.8 2820s
 4500375 2615258 6006.04722   78   67 6773.00000 5902.94875  12.8%  22.8 2825s
 4507421 2620022 6225.83794   81   69 6773.00000 5902.97765  12.8%  22.8 2830s
 4515110 2623678 5986.20855   62  106 6773.00000 5903.00135  12.8%  22.8 2835s
 4523783 2629562 6269.21478   71   67 6773.00000 5903.01924  12.8%  22.8 2840s
 4527887 2630996 6210.10352   68  133 6773.00000 5903.02862  12.8%  22.8 2845s
 4534259 2635075 6191.46000   73   39 6773.00000 5903.05098  12.8%  22.8 2850s
 4542141 2639745 6084.73772   67   22 6773.00000 5903.10620  12.8%  22.8 2855s
 4551690 2645259 6237.87689   84   72 6773.00000 5903.12562  12.8%  22.8 2860s
 4559193 2649047 infeasible  100      6773.00000 5903.17572  12.8%  22.8 2865s
 4565856 2653271 5936.25818   70  194 6773.00000 5903.19111  12.8%  22.8 2870s
 4573475 2656701 infeasible   87      6773.00000 5903.20572  12.8%  22.9 2875s
 4577852 2659914 6673.17067  100   22 6773.00000 5903.21865  12.8%  22.9 2881s
 4587047 2663792 infeasible   73      6773.00000 5903.25455  12.8%  22.9 2885s
 4595549 2668928 infeasible   94      6773.00000 5903.26492  12.8%  22.9 2890s
 4604130 2674140 6007.70129   73  102 6773.00000 5903.27548  12.8%  22.9 2895s
 4612811 2679061 infeasible   73      6773.00000 5903.29179  12.8%  22.9 2900s
 4619929 2683106 infeasible   86      6773.00000 5903.31180  12.8%  22.9 2905s
 4629010 2688030 5929.44121   72  107 6773.00000 5903.31523  12.8%  22.9 2911s
 4629481 2688607     cutoff  102      6773.00000 5903.31538  12.8%  22.9 2915s
 4635078 2692465 6524.88423  102   49 6773.00000 5903.32456  12.8%  22.9 2920s
 4646097 2698131 infeasible   83      6773.00000 5903.34356  12.8%  22.9 2925s
 4656666 2704553 6632.11477  102   51 6773.00000 5903.34356  12.8%  22.9 2930s
 4664940 2708869 infeasible  120      6773.00000 5903.34356  12.8%  22.9 2935s
 4675312 2714637 infeasible   91      6773.00000 5903.34356  12.8%  22.8 2940s
 4684685 2719678 infeasible   86      6773.00000 5903.34356  12.8%  22.8 2945s
 4693803 2724671 6308.52178   81   97 6773.00000 5903.34356  12.8%  22.8 2950s
 4699088 2727394 6009.46234   66   94 6773.00000 5903.34356  12.8%  22.8 2955s
 4703218 2731169 6199.72254   79  116 6773.00000 5903.34356  12.8%  22.8 2960s
 4712900 2736345 6265.35791   77   66 6773.00000 5903.35250  12.8%  22.8 2965s
 4721938 2741399     cutoff  107      6773.00000 5903.35953  12.8%  22.8 2970s
 4730376 2745177 6308.84169   88  110 6773.00000 5903.36144  12.8%  22.8 2975s
 4738759 2750916 5999.22601   84  115 6773.00000 5903.36319  12.8%  22.8 2980s
 4749842 2756114 6048.38107   90  105 6773.00000 5903.37688  12.8%  22.8 2985s
 4757935 2761321 6230.67196   84   75 6773.00000 5903.39317  12.8%  22.8 2990s
 4767364 2766694 6000.27179   69  154 6773.00000 5903.39993  12.8%  22.8 2995s
 4773847 2771441 6302.70468   78   77 6773.00000 5903.40582  12.8%  22.8 3000s
 4784364 2777236 6423.13989   77  114 6773.00000 5903.43739  12.8%  22.8 3005s
 4792888 2782075 5932.95850   77  100 6773.00000 5903.44601  12.8%  22.8 3010s
 4801880 2787407 6420.85689   69   84 6773.00000 5903.44706  12.8%  22.8 3015s
 4810644 2792039 5992.96327   73   93 6773.00000 5903.45656  12.8%  22.8 3020s
 4818893 2795957 6331.13136   88   48 6773.00000 5903.45656  12.8%  22.8 3025s
 4827664 2800838 6199.04441   84   80 6773.00000 5903.45656  12.8%  22.8 3030s
 4834374 2804707 infeasible   92      6773.00000 5903.45656  12.8%  22.8 3035s
 4841540 2808629 infeasible   94      6773.00000 5903.45656  12.8%  22.8 3040s
 4850849 2815025 6361.52666  124   58 6773.00000 5903.45656  12.8%  22.8 3045s
 4857904 2818523 6014.44387   82  143 6773.00000 5903.46352  12.8%  22.8 3050s
 4866179 2822651 infeasible   68      6773.00000 5903.47239  12.8%  22.8 3055s
 4874086 2826625 5993.30278   65   84 6773.00000 5903.47249  12.8%  22.8 3060s
 4880719 2829450 6536.73568  110   22 6773.00000 5903.48777  12.8%  22.9 3065s
 4882099 2830506 6213.91645   72  153 6773.00000 5903.48777  12.8%  22.9 3070s
 4887874 2833611 6110.68803   60  135 6773.00000 5903.49760  12.8%  22.9 3075s
 4897749 2839342 6631.71777  111   33 6773.00000 5903.52095  12.8%  22.9 3080s
 4907791 2845013     cutoff   76      6773.00000 5903.54374  12.8%  22.9 3085s
 4912164 2847315 6116.82832   78  105 6773.00000 5903.55153  12.8%  22.9 3090s
 4917626 2850140 infeasible   83      6773.00000 5903.55251  12.8%  22.9 3095s
 4926794 2854877 6193.55357   64   93 6773.00000 5903.57859  12.8%  22.9 3100s
 4933821 2858971 6000.16234   65  158 6773.00000 5903.60485  12.8%  22.9 3105s
 4941170 2863405 6273.14483   82   53 6773.00000 5903.63400  12.8%  22.9 3110s
 4948244 2867329 6491.44133  111   23 6773.00000 5903.63777  12.8%  22.9 3115s
 4955618 2870831 infeasible  137      6773.00000 5903.63777  12.8%  22.9 3120s
 4963789 2874325     cutoff  111      6773.00000 5903.64211  12.8%  22.9 3125s
 4972176 2880074 6212.37018   82  136 6773.00000 5903.65001  12.8%  22.9 3130s
 4980387 2884445 6006.71868   78   72 6773.00000 5903.66493  12.8%  22.9 3135s
 4987694 2888121 6422.44589   68  116 6773.00000 5903.69439  12.8%  22.9 3140s
 4995397 2892069 6212.71165   79   54 6773.00000 5903.71673  12.8%  23.0 3145s
 5004102 2895138 infeasible   79      6773.00000 5903.71673  12.8%  23.0 3150s
 5012422 2900611 6009.93058   77  126 6773.00000 5903.71673  12.8%  23.0 3155s
 5020666 2904282 5932.95850   68  100 6773.00000 5903.71673  12.8%  23.0 3160s
 5028842 2909106 infeasible   90      6773.00000 5903.71856  12.8%  23.0 3165s
 5035800 2912834 6158.91427   69  175 6773.00000 5903.74255  12.8%  23.0 3170s
 5038115 2914584 6029.15463   59  176 6773.00000 5903.74255  12.8%  23.0 3175s
 5044187 2917764 6255.60938   84  153 6773.00000 5903.74255  12.8%  23.0 3180s
 5051506 2923374 6212.04473   92   61 6773.00000 5903.76080  12.8%  23.0 3185s
 5060932 2926986 6431.61051   77  151 6773.00000 5903.77897  12.8%  23.0 3190s
 5068728 2931207     cutoff   81      6773.00000 5903.79453  12.8%  23.0 3195s
 5078253 2936710 6454.19957  102  103 6773.00000 5903.79470  12.8%  23.0 3200s
 5086842 2940846 6031.60863   78  176 6773.00000 5903.80000  12.8%  23.0 3205s
 5094311 2945695 6211.39568   92  134 6773.00000 5903.81318  12.8%  23.0 3210s
 5103451 2950416 6196.95534   57  130 6773.00000 5903.82925  12.8%  23.0 3215s
 5106040 2956215 5951.89402   81   89 6773.00000 5903.83711  12.8%  23.0 3227s
 5119782 2958840 6242.84932   90   93 6773.00000 5903.84161  12.8%  23.0 3230s
 5131193 2964007 infeasible  104      6773.00000 5903.85436  12.8%  23.0 3235s
 5139799 2969389 5998.56895   62   44 6773.00000 5903.88933  12.8%  23.0 3240s
 5147445 2973244 5993.95254   83  110 6773.00000 5903.92580  12.8%  23.0 3245s
 5153798 2977303 5993.28928   71   76 6773.00000 5903.94816  12.8%  23.0 3250s
 5160106 2980195 6195.17703   78   62 6773.00000 5903.96141  12.8%  23.0 3255s
 5167491 2984175 infeasible   68      6773.00000 5903.98935  12.8%  23.0 3260s
 5175792 2988788     cutoff   71      6773.00000 5904.01460  12.8%  23.0 3265s
 5181085 2993119 6357.41933   98   20 6773.00000 5904.02715  12.8%  23.0 3270s
 5188577 2995590     cutoff   93      6773.00000 5904.06737  12.8%  23.0 3275s
 5193717 2998700 infeasible   95      6773.00000 5904.09503  12.8%  23.0 3280s
 5200388 3003562 5906.71687   56  118 6773.00000 5904.10667  12.8%  23.0 3285s
 5210125 3008440 6028.60005   67  107 6773.00000 5904.12495  12.8%  23.0 3290s
 5217438 3012663 6115.98762   58  205 6773.00000 5904.13765  12.8%  23.0 3295s
 5224414 3017002 6295.74517   57  133 6773.00000 5904.14646  12.8%  23.0 3300s
 5235611 3024783 6200.38554   82   51 6773.00000 5904.16580  12.8%  23.0 3305s
 5245002 3029923 6050.73214   86   93 6773.00000 5904.17741  12.8%  23.0 3310s
 5253053 3034127     cutoff  104      6773.00000 5904.18121  12.8%  23.0 3315s
 5259134 3037432     cutoff   87      6773.00000 5904.18121  12.8%  23.0 3320s
 5267862 3042486 6126.30083   49  123 6773.00000 5904.21333  12.8%  23.0 3325s
 5277050 3046799 6024.55147   51  122 6773.00000 5904.23522  12.8%  23.0 3330s
 5283549 3051321 6006.97629   65  170 6773.00000 5904.24715  12.8%  23.0 3335s
 5289772 3053805 6302.24092   68   56 6773.00000 5904.26394  12.8%  23.0 3340s
 5292117 3055351 6011.84840   74  173 6773.00000 5904.26774  12.8%  23.0 3345s
 5298530 3059160 6006.90966   73  152 6773.00000 5904.26774  12.8%  23.0 3351s
 5304039 3061694 infeasible   88      6773.00000 5904.27176  12.8%  23.0 3355s
 5308707 3064447 6218.10496   87  153 6773.00000 5904.27176  12.8%  23.0 3360s
 5318846 3069733 6089.49868   73   97 6773.00000 5904.28671  12.8%  23.0 3365s
 5329751 3076412 5916.55513   63   99 6773.00000 5904.28671  12.8%  23.0 3370s
 5337792 3080868 5914.38671   62   98 6773.00000 5904.28671  12.8%  23.0 3375s
 5347182 3086279 infeasible  112      6773.00000 5904.28671  12.8%  23.0 3380s
 5354505 3090521 6625.04323   79  117 6773.00000 5904.29289  12.8%  23.0 3385s
 5361342 3093887 6309.36483   67   63 6773.00000 5904.29880  12.8%  23.0 3390s
 5367209 3096496 5923.89842   69  147 6773.00000 5904.31070  12.8%  23.0 3395s
 5367890 3097243 infeasible   66      6773.00000 5904.31574  12.8%  23.0 3400s
 5373022 3099687 6101.57728   72  172 6773.00000 5904.32471  12.8%  23.0 3405s
 5379314 3103193 6017.01985   81   86 6773.00000 5904.32584  12.8%  23.0 3410s
 5385653 3105778 5991.21495   69  131 6773.00000 5904.34235  12.8%  23.0 3415s
 5392450 3109732 6207.79072   89   97 6773.00000 5904.35538  12.8%  23.0 3420s
 5399673 3113969 6191.44816   91   61 6773.00000 5904.35731  12.8%  23.0 3425s
 5407009 3116668 infeasible  105      6773.00000 5904.37492  12.8%  23.0 3430s
 5415880 3121764 infeasible  124      6773.00000 5904.37823  12.8%  23.0 3435s
 5424128 3127195 6185.25188   84  120 6773.00000 5904.38214  12.8%  23.0 3440s
 5429314 3129026     cutoff   93      6773.00000 5904.39030  12.8%  23.0 3445s
 5433829 3132222 6627.35264   93   91 6773.00000 5904.39873  12.8%  23.1 3450s
 5440450 3134765 6230.73397   65   99 6773.00000 5904.41039  12.8%  23.1 3455s
 5448228 3139986 6587.69331   99   85 6773.00000 5904.42760  12.8%  23.1 3460s
 5456910 3144182 infeasible   97      6773.00000 5904.43825  12.8%  23.1 3465s
 5464766 3149292 5979.03637   74   82 6773.00000 5904.45234  12.8%  23.1 3470s
 5472504 3153533 6210.59882   95  107 6773.00000 5904.46926  12.8%  23.1 3475s
 5480299 3157377 6310.19487   77   74 6773.00000 5904.47483  12.8%  23.1 3480s
 5488244 3162603 6336.62824   88   78 6773.00000 5904.47873  12.8%  23.1 3485s
 5496838 3166144 infeasible  118      6773.00000 5904.47873  12.8%  23.1 3490s
 5505621 3171518 6351.83258  108   68 6773.00000 5904.47873  12.8%  23.1 3495s
 5514404 3175889 6209.11623   78   92 6773.00000 5904.48270  12.8%  23.1 3500s
 5521265 3180703 6095.32505   87   56 6773.00000 5904.48270  12.8%  23.1 3505s
 5527939 3184745 6201.50401   88  133 6773.00000 5904.49276  12.8%  23.1 3510s
 5536010 3188188 6233.80118   90   63 6773.00000 5904.50150  12.8%  23.1 3515s
 5545134 3193317 infeasible   71      6773.00000 5904.52003  12.8%  23.1 3520s
 5552140 3197096 6001.67020   78  154 6773.00000 5904.53210  12.8%  23.1 3525s
 5562647 3202503 6525.93500  105   15 6773.00000 5904.53757  12.8%  23.1 3530s
 5570077 3207119 6315.19048   80  101 6773.00000 5904.54702  12.8%  23.1 3535s
 5576582 3210032 6175.37186   97   66 6773.00000 5904.55105  12.8%  23.1 3540s
 5579383 3211910 6201.87075   62   96 6773.00000 5904.55902  12.8%  23.1 3545s
 5586069 3215058 6300.05611  101   68 6773.00000 5904.56105  12.8%  23.1 3550s
 5592013 3217098 6300.04874   92   76 6773.00000 5904.56105  12.8%  23.1 3555s
 5596479 3220209 6329.92776   99   31 6773.00000 5904.56172  12.8%  23.1 3560s
 5606647 3225560 5914.68583   60   30 6773.00000 5904.60000  12.8%  23.1 3565s
 5614702 3230192 6209.10607  110   76 6773.00000 5904.63759  12.8%  23.1 3570s
 5623014 3234212 6327.75293  105   77 6773.00000 5904.65396  12.8%  23.1 3576s
 5630910 3238510 6229.69548   68  104 6773.00000 5904.67200  12.8%  23.1 3580s
 5640281 3243417 6214.00000   80   66 6773.00000 5904.69171  12.8%  23.1 3585s
 5648427 3247053 infeasible   99      6773.00000 5904.69638  12.8%  23.1 3590s
 5655657 3250598 5997.66627   77   90 6773.00000 5904.69783  12.8%  23.1 3595s
 5663377 3255674 6041.42314   92  124 6773.00000 5904.69817  12.8%  23.1 3600s
 5670931 3259350 5916.00244   79  143 6773.00000 5904.69817  12.8%  23.1 3605s
 5674181 3260977 6212.44420  106   22 6773.00000 5904.69817  12.8%  23.1 3610s
 5675281 3261968 6005.95713   74  155 6773.00000 5904.69817  12.8%  23.1 3615s
 5679561 3264510 6197.40356   73   97 6773.00000 5904.70494  12.8%  23.1 3620s
 5689348 3270069 6217.82356   86   75 6773.00000 5904.71533  12.8%  23.1 3625s
 5697273 3274850 6311.56461   99   92 6773.00000 5904.71533  12.8%  23.1 3630s
 5706734 3279983 6590.36069   96   57 6773.00000 5904.71533  12.8%  23.1 3635s
 5715642 3285089 6451.32660   80   63 6773.00000 5904.71533  12.8%  23.1 3640s
 5723456 3288242 infeasible  122      6773.00000 5904.72187  12.8%  23.1 3645s
 5731648 3292863     cutoff   82      6773.00000 5904.72340  12.8%  23.1 3650s
 5739690 3297100     cutoff  115      6773.00000 5904.72846  12.8%  23.1 3655s
 5748184 3301749 infeasible  102      6773.00000 5904.72846  12.8%  23.1 3660s
 5755012 3305302 6115.37383   91   93 6773.00000 5904.72846  12.8%  23.1 3665s
 5762557 3309885 6033.71495   64  104 6773.00000 5904.73483  12.8%  23.1 3670s
 5769221 3314311 5992.83391   73  110 6773.00000 5904.74941  12.8%  23.1 3675s
 5773973 3315334 infeasible   69      6773.00000 5904.75308  12.8%  23.1 3680s
 5778019 3317389 infeasible   72      6773.00000 5904.75996  12.8%  23.1 3685s
 5785995 3321996 5906.82399   82  162 6773.00000 5904.77188  12.8%  23.1 3690s
 5793352 3326265 5999.16353   70   94 6773.00000 5904.77188  12.8%  23.1 3695s
 5802286 3331071 6455.69061  104   45 6773.00000 5904.77188  12.8%  23.1 3700s
 5811669 3335608 6019.13336   50   90 6773.00000 5904.77796  12.8%  23.1 3705s
 5819847 3340077 5907.62616   85  159 6773.00000 5904.77942  12.8%  23.1 3710s
 5825674 3344313 6306.75452  100  136 6773.00000 5904.78654  12.8%  23.1 3715s
 5835264 3349109 6406.20415   99   71 6773.00000 5904.79753  12.8%  23.1 3720s
 5843614 3354464 6553.80163   82   34 6773.00000 5904.79753  12.8%  23.1 3725s
 5854300 3358491 6037.95845   69  147 6773.00000 5904.81002  12.8%  23.1 3730s
 5860297 3361354 infeasible  113      6773.00000 5904.82982  12.8%  23.1 3735s
 5867207 3365290 6232.80221   72   80 6773.00000 5904.84783  12.8%  23.1 3740s
 5874148 3370013 infeasible  102      6773.00000 5904.87173  12.8%  23.1 3745s
 5884088 3376170 6230.64998   65   73 6773.00000 5904.88030  12.8%  23.1 3750s
 5891479 3379518 6027.48458   84  131 6773.00000 5904.88356  12.8%  23.1 3755s
 5896659 3381802 infeasible  102      6773.00000 5904.88356  12.8%  23.1 3760s
 5903185 3385095 infeasible   71      6773.00000 5904.89271  12.8%  23.1 3765s
 5910751 3389202 6293.26736   76  142 6773.00000 5904.90377  12.8%  23.1 3770s
 5919832 3395188 6315.47526   82   98 6773.00000 5904.90400  12.8%  23.1 3775s
 5930328 3400245 6635.56302  100   96 6773.00000 5904.91738  12.8%  23.1 3780s
 5934169 3403617 6399.84692   82   68 6773.00000 5904.91738  12.8%  23.1 3785s
 5945822 3409081 6664.44182  106   46 6773.00000 5904.91738  12.8%  23.1 3790s
 5954820 3414960 6221.29271  110  106 6773.00000 5904.91752  12.8%  23.1 3795s
 5964018 3419453 6120.41854   94  107 6773.00000 5904.92258  12.8%  23.1 3800s
 5972684 3426022 6467.87776   78   66 6773.00000 5904.93552  12.8%  23.1 3805s
 5981996 3429573 6220.75128   80   97 6773.00000 5904.95317  12.8%  23.1 3810s
 5991494 3434471     cutoff   98      6773.00000 5904.97176  12.8%  23.1 3815s
 5998795 3437974 infeasible   67      6773.00000 5904.97176  12.8%  23.1 3820s
 5998922 3437995 infeasible   64      6773.00000 5904.97213  12.8%  23.1 3825s
 5999009 3438031 infeasible   67      6773.00000 5904.97529  12.8%  23.1 3830s
 5999051 3438067 6100.30806   68  104 6773.00000 5904.97529  12.8%  23.1 3836s
 5999575 3438420 6394.63178   72   51 6773.00000 5904.97801  12.8%  23.1 3840s
 6001144 3439236 6532.52289   76   70 6773.00000 5904.97850  12.8%  23.1 3846s
 6004394 3440540 6098.36710   78   96 6773.00000 5904.98815  12.8%  23.1 3850s
 6008998 3442838 6399.50598   76  103 6773.00000 5904.99677  12.8%  23.1 3855s
 6013962 3445306 6633.64090   73   64 6773.00000 5905.01868  12.8%  23.1 3860s
 6018045 3447013 6237.25992   87   55 6773.00000 5905.02719  12.8%  23.1 3865s
 6022359 3449320 6420.35467  100   47 6773.00000 5905.03944  12.8%  23.1 3870s
 6027335 3451381 6019.31176   39  131 6773.00000 5905.06047  12.8%  23.1 3875s
 6036438 3455965 infeasible  113      6773.00000 5905.08326  12.8%  23.1 3880s
 6044000 3460809 6006.00000   57   14 6773.00000 5905.09109  12.8%  23.1 3885s
 6052283 3464291 infeasible   56      6773.00000 5905.11893  12.8%  23.1 3890s
 6059609 3468476 6103.97066   69  168 6773.00000 5905.12142  12.8%  23.1 3895s
 6068407 3474021 6151.87156   64   92 6773.00000 5905.15189  12.8%  23.1 3900s
 6077311 3478222 6018.88511   85  147 6773.00000 5905.17640  12.8%  23.1 3905s
 6085050 3483478 6307.19556  120   73 6773.00000 5905.19529  12.8%  23.1 3911s
 6094289 3487526 infeasible  115      6773.00000 5905.21114  12.8%  23.1 3915s
 6101771 3492794 6516.86682   92  165 6773.00000 5905.22575  12.8%  23.1 3920s
 6111482 3496900 6350.34062   92   77 6773.00000 5905.23737  12.8%  23.1 3925s
 6121058 3501855 infeasible  102      6773.00000 5905.23737  12.8%  23.1 3930s
 6128043 3505962 6315.24110   81   98 6773.00000 5905.24177  12.8%  23.1 3935s
 6135140 3510307 6011.62814   81   52 6773.00000 5905.25791  12.8%  23.1 3940s
 6143352 3514332 infeasible   73      6773.00000 5905.25791  12.8%  23.1 3945s
 6149627 3518225 5999.64945   63  126 6773.00000 5905.25791  12.8%  23.2 3950s
 6157993 3521867     cutoff  105      6773.00000 5905.25791  12.8%  23.2 3955s
 6165410 3526308 6191.43816   78   52 6773.00000 5905.25791  12.8%  23.2 3960s
 6170935 3528294 6234.05622   97  120 6773.00000 5905.28393  12.8%  23.2 3965s
 6173180 3529693 infeasible   95      6773.00000 5905.29299  12.8%  23.2 3970s
 6179624 3533013 6249.96737   93   74 6773.00000 5905.30872  12.8%  23.2 3975s
 6186804 3537699 6457.13657  105   73 6773.00000 5905.33602  12.8%  23.2 3980s
 6195988 3542525 6232.31733   74   70 6773.00000 5905.35852  12.8%  23.2 3985s
 6203724 3546126     cutoff   65      6773.00000 5905.39044  12.8%  23.2 3990s
 6209900 3549329 infeasible   61      6773.00000 5905.40361  12.8%  23.2 3995s
 6217024 3553210 6179.70000   53  115 6773.00000 5905.40361  12.8%  23.2 4000s
 6225521 3557373 6419.03033   78   59 6773.00000 5905.41655  12.8%  23.2 4005s
 6236986 3563661 6528.69237   96   81 6773.00000 5905.44493  12.8%  23.2 4010s
 6245053 3568498 6445.32419   86   58 6773.00000 5905.47482  12.8%  23.2 4015s
 6253626 3573355 6180.19645   53  117 6773.00000 5905.48510  12.8%  23.2 4020s
 6258926 3576876 5911.06173   72  132 6773.00000 5905.49352  12.8%  23.2 4025s
 6268509 3581813 6199.48203   72  133 6773.00000 5905.49644  12.8%  23.2 4030s
 6277776 3586650 infeasible   94      6773.00000 5905.52925  12.8%  23.2 4035s
 6287171 3591691     cutoff   68      6773.00000 5905.56508  12.8%  23.2 4040s
 6295137 3596225 6462.29561   81  145 6773.00000 5905.58076  12.8%  23.2 4045s
 6303380 3600434 6230.53925   63   90 6773.00000 5905.60660  12.8%  23.2 4050s
 6311146 3604495 6420.81438   56  111 6773.00000 5905.63925  12.8%  23.2 4055s
 6317493 3608992 6142.91985   62   77 6773.00000 5905.65279  12.8%  23.2 4060s
 6324947 3612888 6294.07307  102  156 6773.00000 5905.66712  12.8%  23.2 4065s
 6333387 3616692 6333.77043   97  160 6773.00000 5905.66712  12.8%  23.2 4070s
 6339916 3621058 5931.06223   81  145 6773.00000 5905.67722  12.8%  23.2 4075s
 6343331 3621752 6088.67430   95  146 6773.00000 5905.68089  12.8%  23.2 4080s
 6348413 3624494 6220.33269   68   74 6773.00000 5905.70852  12.8%  23.2 4085s
 6356258 3628927 infeasible  112      6773.00000 5905.71263  12.8%  23.2 4090s
 6364949 3634368 6336.15971  111   88 6773.00000 5905.72798  12.8%  23.2 4095s
 6375972 3640014 6420.01320  120   99 6773.00000 5905.72798  12.8%  23.2 4100s
 6386359 3645313 6004.32454   93  155 6773.00000 5905.72798  12.8%  23.2 4105s
 6397041 3650691 infeasible  102      6773.00000 5905.72798  12.8%  23.2 4110s
 6405377 3655565 6129.16561   91   81 6773.00000 5905.72798  12.8%  23.2 4115s
 6414695 3660224 6111.18785   96   84 6773.00000 5905.72798  12.8%  23.1 4120s
 6423386 3665012 6352.10000   94   74 6773.00000 5905.72798  12.8%  23.1 4125s
 6433476 3669702 infeasible  111      6773.00000 5905.72798  12.8%  23.1 4130s
 6443172 3674037 infeasible   96      6773.00000 5905.72798  12.8%  23.1 4135s
 6451974 3679108 5940.61964   93  133 6773.00000 5905.72798  12.8%  23.1 4140s
 6461445 3683726 6505.39772  120   60 6773.00000 5905.72798  12.8%  23.1 4145s
 6470825 3687761 5923.77417   90  135 6773.00000 5905.72798  12.8%  23.1 4150s
 6480165 3692358 6117.76252   94   78 6773.00000 5905.72798  12.8%  23.1 4155s
 6488232 3697412     cutoff   92      6773.00000 5905.72798  12.8%  23.1 4160s
 6497520 3702635     cutoff  113      6773.00000 5905.73936  12.8%  23.1 4165s
 6507232 3706907     cutoff  108      6773.00000 5905.75349  12.8%  23.1 4170s
 6517253 3711895 infeasible   93      6773.00000 5905.75349  12.8%  23.1 4175s
 6525511 3716478 6523.45927  113   66 6773.00000 5905.75349  12.8%  23.1 4180s
 6535205 3721861 6318.51499   99  101 6773.00000 5905.75349  12.8%  23.1 4185s
 6538260 3723179 6098.80140   88  135 6773.00000 5905.75349  12.8%  23.1 4190s
 6545102 3726865     cutoff  106      6773.00000 5905.75349  12.8%  23.1 4195s
 6554501 3732092     cutoff  101      6773.00000 5905.75349  12.8%  23.1 4200s
 6563438 3737611 6001.64586   90  131 6773.00000 5905.75349  12.8%  23.1 4205s
 6572055 3741318 infeasible  122      6773.00000 5905.75349  12.8%  23.1 4210s
 6581704 3746082 6511.27089  104   78 6773.00000 5905.75349  12.8%  23.1 4215s
 6589842 3751037 6205.38952   99  138 6773.00000 5905.75349  12.8%  23.1 4220s
 6598586 3756067 infeasible  116      6773.00000 5905.75349  12.8%  23.1 4225s
 6608544 3760508 infeasible   93      6773.00000 5905.75349  12.8%  23.1 4230s
 6617951 3764974 6233.20168   85   37 6773.00000 5905.76024  12.8%  23.1 4235s
 6625430 3769071     cutoff  128      6773.00000 5905.78082  12.8%  23.1 4240s
 6634520 3774848 6095.14587   64   85 6773.00000 5905.80314  12.8%  23.1 4245s
 6642938 3778642 6003.99003   85  154 6773.00000 5905.82042  12.8%  23.1 4250s
 6650358 3782143 6337.96690  112   85 6773.00000 5905.82188  12.8%  23.1 4255s
 6659157 3787250 5936.10080   61   86 6773.00000 5905.83815  12.8%  23.1 4260s
 6667449 3791126 6024.97426   71   87 6773.00000 5905.84483  12.8%  23.1 4265s
 6676716 3796348 5923.40060   75  129 6773.00000 5905.85703  12.8%  23.1 4270s
 6681587 3798572 5911.12156   62   90 6773.00000 5905.85743  12.8%  23.1 4275s
 6684616 3799929 infeasible   58      6773.00000 5905.86068  12.8%  23.1 4280s
 6690321 3802700 6181.43284   79  110 6773.00000 5905.86982  12.8%  23.1 4285s
 6696165 3805466 infeasible   91      6773.00000 5905.86982  12.8%  23.1 4290s
 6702045 3808029 infeasible  104      6773.00000 5905.87051  12.8%  23.1 4295s
 6708242 3810462 6346.88475  102   40 6773.00000 5905.87442  12.8%  23.2 4300s
 6718086 3815111 5929.67085   69  126 6773.00000 5905.88548  12.8%  23.1 4305s
 6722302 3816802 5990.61656   70   98 6773.00000 5905.89191  12.8%  23.2 4310s
 6729151 3821678 6243.05582   85   52 6773.00000 5905.89571  12.8%  23.2 4315s
 6739017 3826597 6711.94595   96   40 6773.00000 5905.90349  12.8%  23.2 4320s
 6746620 3829977 6315.00000   90   89 6773.00000 5905.90349  12.8%  23.2 4325s
 6755900 3834110 infeasible   64      6773.00000 5905.90463  12.8%  23.2 4330s
 6759595 3836586 5909.66272   83  103 6773.00000 5905.90578  12.8%  23.2 4337s
 6765153 3838102     cutoff   96      6773.00000 5905.91410  12.8%  23.2 4340s
 6774513 3844167     cutoff  103      6773.00000 5905.91927  12.8%  23.2 4345s
 6783305 3848181 6019.18560   82   76 6773.00000 5905.92967  12.8%  23.2 4350s
 6790972 3852071 5923.62008   75  136 6773.00000 5905.94043  12.8%  23.2 4355s
 6798725 3856047 infeasible  124      6773.00000 5905.95815  12.8%  23.2 4360s
 6807236 3860521 5999.97964   81  138 6773.00000 5905.97706  12.8%  23.2 4365s
 6814350 3866274 5999.58469   49  136 6773.00000 5905.98793  12.8%  23.2 4371s
 6823511 3869415 5996.12867   57   68 6773.00000 5905.99624  12.8%  23.2 4375s
 6831007 3873197 6070.05737   73   72 6773.00000 5906.01217  12.8%  23.2 4380s
 6836465 3876010 6294.68536   82  100 6773.00000 5906.02271  12.8%  23.2 4385s
 6840669 3878324 5939.12735   63  159 6773.00000 5906.02719  12.8%  23.2 4390s
 6849477 3883148     cutoff   99      6773.00000 5906.03779  12.8%  23.2 4395s
 6856514 3888214 6132.13635   70  112 6773.00000 5906.03782  12.8%  23.2 4400s
 6868312 3894508 6659.11502  107   72 6773.00000 5906.03782  12.8%  23.2 4405s
 6877354 3900391 5996.12867   69   68 6773.00000 5906.03782  12.8%  23.2 4410s
 6887486 3906567 6201.31035   87  100 6773.00000 5906.03782  12.8%  23.2 4415s
 6897259 3912034 5996.12867   75   68 6773.00000 5906.03782  12.8%  23.2 4420s
 6907156 3918215 6100.86269   72   90 6773.00000 5906.03782  12.8%  23.2 4425s
 6918434 3923497 6519.30717   79   85 6773.00000 5906.03965  12.8%  23.2 4430s
 6925425 3928352 6430.19101  118  124 6773.00000 5906.05570  12.8%  23.2 4435s
 6935399 3933415 6318.80315   94   50 6773.00000 5906.07334  12.8%  23.2 4440s
 6943865 3938962 6019.06422   58  126 6773.00000 5906.10847  12.8%  23.2 4445s
 6953045 3942421 6112.31417   63   80 6773.00000 5906.14753  12.8%  23.2 4450s
 6961055 3946434 6097.72023   64   82 6773.00000 5906.16184  12.8%  23.2 4455s
 6967065 3948540 6185.26121   65   72 6773.00000 5906.16184  12.8%  23.2 4460s
 6972747 3951051 6414.09752   83   34 6773.00000 5906.16764  12.8%  23.2 4465s
 6980271 3955113     cutoff  114      6773.00000 5906.19030  12.8%  23.2 4470s
 6988824 3960113 infeasible   67      6773.00000 5906.20005  12.8%  23.2 4475s
 6996393 3963989     cutoff   95      6773.00000 5906.22887  12.8%  23.2 4480s
 7003815 3967395 infeasible   75      6773.00000 5906.23651  12.8%  23.2 4485s
 7011775 3971368 6014.58773   74  122 6773.00000 5906.23651  12.8%  23.2 4490s
 7020609 3976108 6000.19391   69  132 6773.00000 5906.26228  12.8%  23.2 4495s
 7027589 3979890     cutoff   64      6773.00000 5906.27128  12.8%  23.2 4500s
 7029768 3980906 infeasible  101      6773.00000 5906.27968  12.8%  23.2 4505s
 7035894 3984411 infeasible   77      6773.00000 5906.29525  12.8%  23.2 4510s
 7043301 3989169 5914.60571   84  150 6773.00000 5906.31450  12.8%  23.2 4515s
 7050820 3992682 5993.39852   63   57 6773.00000 5906.32390  12.8%  23.2 4520s
 7058691 3997474 5993.37393   60   55 6773.00000 5906.32390  12.8%  23.3 4525s
 7066449 4001132 infeasible   69      6773.00000 5906.32798  12.8%  23.3 4530s
 7072720 4005031 6370.72455  114   91 6773.00000 5906.33412  12.8%  23.3 4535s
 7080765 4009286 6022.34801   84   91 6773.00000 5906.35339  12.8%  23.3 4540s
 7087608 4013539 5939.85553   84  106 6773.00000 5906.36277  12.8%  23.3 4545s
 7096360 4018372 6549.95537  106   99 6773.00000 5906.39397  12.8%  23.3 4550s
 7106068 4023947 infeasible  117      6773.00000 5906.42084  12.8%  23.3 4555s
 7115237 4028885 5983.14455   53  134 6773.00000 5906.45232  12.8%  23.3 4560s
 7122744 4033025 6187.25605   63  127 6773.00000 5906.47558  12.8%  23.3 4565s
 7130677 4038844 6165.72120   73  137 6773.00000 5906.49193  12.8%  23.3 4570s
 7138070 4041468 6231.05482   76  193 6773.00000 5906.50774  12.8%  23.3 4575s
 7147412 4046280     cutoff   93      6773.00000 5906.53588  12.8%  23.3 4580s
 7155661 4050490 6198.83557   76   78 6773.00000 5906.55982  12.8%  23.3 4585s
 7163853 4055390 infeasible   63      6773.00000 5906.57929  12.8%  23.3 4590s
 7172129 4059337 6400.31775   93   82 6773.00000 5906.59803  12.8%  23.3 4595s
 7179953 4063843 5906.70083   65   89 6773.00000 5906.62032  12.8%  23.3 4600s
 7186791 4066505 6005.36995   36   85 6773.00000 5906.64150  12.8%  23.3 4605s
 7189784 4068755 6328.67619   86  130 6773.00000 5906.65335  12.8%  23.3 4611s
 7197993 4073390 6369.03752   74  136 6773.00000 5906.67533  12.8%  23.3 4615s
 7203555 4076630 6080.94000   76   31 6773.00000 5906.69628  12.8%  23.3 4620s
 7213055 4080968 infeasible   84      6773.00000 5906.71250  12.8%  23.3 4625s
 7219710 4084786 5997.91932   67   90 6773.00000 5906.72160  12.8%  23.3 4630s
 7228384 4089166 6323.54208   80  172 6773.00000 5906.75605  12.8%  23.3 4635s
 7235520 4093241 5993.49422   74   60 6773.00000 5906.77364  12.8%  23.3 4640s
 7243199 4096551 infeasible   74      6773.00000 5906.78111  12.8%  23.3 4645s
 7250225 4101461 6026.75275   56   97 6773.00000 5906.80593  12.8%  23.3 4650s
 7257127 4103999 6192.78424   83  147 6773.00000 5906.81186  12.8%  23.3 4655s
 7264457 4107437 infeasible  119      6773.00000 5906.81325  12.8%  23.3 4660s
 7272689 4111578 6267.01627   97  167 6773.00000 5906.82399  12.8%  23.3 4665s
 7279993 4116124 6367.80897   85   75 6773.00000 5906.83315  12.8%  23.3 4670s
 7289400 4120789     cutoff   96      6773.00000 5906.86317  12.8%  23.3 4675s
 7296851 4125732 6231.51372   89   32 6773.00000 5906.86868  12.8%  23.3 4680s
 7306130 4130053 infeasible   60      6773.00000 5906.88617  12.8%  23.3 4685s
 7314282 4134636 6192.24922   84   65 6773.00000 5906.91661  12.8%  23.3 4690s
 7321765 4138962 5996.96198   70  117 6773.00000 5906.93451  12.8%  23.3 4695s
 7331007 4143583 infeasible   92      6773.00000 5906.95572  12.8%  23.3 4700s
 7339747 4148938 6450.65086  103   32 6773.00000 5906.97118  12.8%  23.3 4705s
 7347713 4153706 6308.29252   83  143 6773.00000 5907.00029  12.8%  23.3 4710s
 7357723 4158946 6593.75360  114   16 6773.00000 5907.01817  12.8%  23.3 4715s
 7366870 4163550 6310.78377  100  114 6773.00000 5907.01996  12.8%  23.3 4720s
 7373307 4166854 6304.96397   91  144 6773.00000 5907.04370  12.8%  23.3 4725s
 7374507 4167874     cutoff   89      6773.00000 5907.04956  12.8%  23.3 4730s
 7380919 4172077 6424.28165  102   82 6773.00000 5907.07162  12.8%  23.3 4735s
 7390884 4176645 6231.79251  101   21 6773.00000 5907.09973  12.8%  23.3 4740s
 7397700 4180718 6212.64446   85   50 6773.00000 5907.11469  12.8%  23.3 4745s
 7405923 4185204     cutoff   97      6773.00000 5907.14162  12.8%  23.3 4750s
 7415446 4190255 5937.35365   81  154 6773.00000 5907.17799  12.8%  23.3 4755s
 7422848 4194454     cutoff   84      6773.00000 5907.20738  12.8%  23.3 4760s
 7431861 4199561 infeasible   82      6773.00000 5907.21508  12.8%  23.3 4765s
 7440984 4205043     cutoff   64      6773.00000 5907.23961  12.8%  23.3 4770s
 7449871 4209549 infeasible   80      6773.00000 5907.26526  12.8%  23.3 4775s
 7456423 4213858 6310.00517   84   56 6773.00000 5907.29632  12.8%  23.3 4780s
 7463093 4217676 5996.47868   74  177 6773.00000 5907.29946  12.8%  23.3 4785s
 7470716 4221062     cutoff   42      6773.00000 5907.29946  12.8%  23.3 4790s
 7478319 4224951 5997.28394   70  120 6773.00000 5907.32745  12.8%  23.3 4795s
 7487282 4230818 infeasible   99      6773.00000 5907.34767  12.8%  23.3 4800s
 7494905 4235585 6325.53415   87  120 6773.00000 5907.36384  12.8%  23.3 4805s
 7503412 4240031 6442.48838   80  128 6773.00000 5907.38558  12.8%  23.3 4810s
 7513306 4244746 6331.47817  118  118 6773.00000 5907.41644  12.8%  23.3 4815s
 7522292 4249994 6456.69670  112   73 6773.00000 5907.42746  12.8%  23.3 4820s
 7530008 4254040 infeasible   78      6773.00000 5907.44730  12.8%  23.3 4825s
 7539329 4258923 6065.77312   84  115 6773.00000 5907.48923  12.8%  23.3 4830s
 7546937 4263233 6139.23535   93  102 6773.00000 5907.51798  12.8%  23.3 4835s
 7555310 4267974 infeasible   91      6773.00000 5907.53162  12.8%  23.3 4840s
 7561951 4271075 6014.46840   82   37 6773.00000 5907.53162  12.8%  23.3 4845s
 7563940 4272481 5907.55337   71  155 6773.00000 5907.53162  12.8%  23.3 4850s
 7569574 4275136     cutoff  117      6773.00000 5907.53162  12.8%  23.3 4855s
 7569598 4280691 6014.46840   71   39 6773.00000 5907.53162  12.8%  23.3 4868s
 7581598 4281435 6116.54783   82   78 6773.00000 5907.53162  12.8%  23.3 4870s
 7591156 4285766 6318.94556   86   95 6773.00000 5907.53162  12.8%  23.3 4875s
 7598868 4289776 5914.13778   87  161 6773.00000 5907.54054  12.8%  23.3 4880s
 7606564 4294834 6311.08680  110   87 6773.00000 5907.55337  12.8%  23.4 4885s
 7615576 4299871 5907.65952   61  108 6773.00000 5907.57787  12.8%  23.4 4890s
 7624796 4304181 5991.25838   73   56 6773.00000 5907.61663  12.8%  23.3 4895s
 7632364 4308672 6593.74300  103   17 6773.00000 5907.62616  12.8%  23.3 4900s
 7641553 4313952 6226.94801   58  141 6773.00000 5907.64792  12.8%  23.3 4905s
 7650253 4317964 infeasible   79      6773.00000 5907.67294  12.8%  23.3 4910s
 7658364 4322713 6108.00406   74  208 6773.00000 5907.69861  12.8%  23.3 4915s
 7665484 4326902 5927.20659   70   99 6773.00000 5907.71733  12.8%  23.3 4920s
 7672661 4331033 infeasible   81      6773.00000 5907.73637  12.8%  23.4 4925s
 7681497 4336354 6281.49078  117   74 6773.00000 5907.76117  12.8%  23.3 4930s
 7687657 4338716 5927.35347   56   89 6773.00000 5907.78406  12.8%  23.4 4935s
 7695203 4343220 6161.76515   81   51 6773.00000 5907.80883  12.8%  23.4 4940s
 7703099 4347016 6345.43821   69  176 6773.00000 5907.82356  12.8%  23.4 4945s
 7710527 4351697 6018.01621   62  203 6773.00000 5907.84996  12.8%  23.4 4950s
 7718199 4355052 6758.44511   91   62 6773.00000 5907.88013  12.8%  23.4 4955s
 7727844 4360069 infeasible  105      6773.00000 5907.91145  12.8%  23.4 4960s
 7733074 4362415 6041.90019   76  178 6773.00000 5907.93139  12.8%  23.4 4965s
 7735789 4363830 infeasible   78      6773.00000 5907.93523  12.8%  23.4 4970s
 7740283 4366474 infeasible   71      6773.00000 5907.94258  12.8%  23.4 4975s
 7750451 4372167     cutoff   92      6773.00000 5907.96972  12.8%  23.4 4980s
 7757204 4375376 infeasible   62      6773.00000 5907.98861  12.8%  23.4 4985s
 7765835 4380247 infeasible   61      6773.00000 5908.02500  12.8%  23.4 4990s
 7773214 4385259 6660.09172  102   59 6773.00000 5908.02872  12.8%  23.4 4995s
 7780643 4387690     cutoff   98      6773.00000 5908.02872  12.8%  23.4 5000s
 7788380 4391186     cutoff  109      6773.00000 5908.02872  12.8%  23.4 5005s
 7793495 4393621 6619.70508  132   28 6773.00000 5908.02872  12.8%  23.4 5010s
 7800822 4397861 6006.88863   67  157 6773.00000 5908.02935  12.8%  23.4 5015s
 7808627 4402066 infeasible  132      6773.00000 5908.04791  12.8%  23.4 5020s
 7818032 4406789 infeasible   83      6773.00000 5908.07724  12.8%  23.4 5025s
 7824404 4410245 6171.85356   78  111 6773.00000 5908.10712  12.8%  23.4 5030s
 7832988 4414946 6311.15509   70  203 6773.00000 5908.15260  12.8%  23.4 5035s
 7840918 4419975 6232.72518   94   89 6773.00000 5908.16790  12.8%  23.4 5040s
 7849382 4425124 6230.14285   96   90 6773.00000 5908.16790  12.8%  23.4 5045s
 7853740 4426757 6030.27277   80  153 6773.00000 5908.16790  12.8%  23.4 5050s
 7857693 4429223 6307.02027   95   94 6773.00000 5908.17988  12.8%  23.4 5055s
 7864008 4433033 infeasible   99      6773.00000 5908.18816  12.8%  23.4 5060s
 7871841 4438429 6022.40742   82   66 6773.00000 5908.18816  12.8%  23.4 5065s
 7880831 4443857 6433.05202   92   86 6773.00000 5908.19171  12.8%  23.4 5070s
 7888574 4448054 6030.37798   83  137 6773.00000 5908.19293  12.8%  23.4 5075s
 7897900 4452972 6030.29639   79  140 6773.00000 5908.19293  12.8%  23.4 5080s
 7905853 4457376 6746.01289   96   31 6773.00000 5908.19293  12.8%  23.4 5085s
 7911684 4460089 6168.58083   86   52 6773.00000 5908.19293  12.8%  23.4 5090s
 7915285 4462289 6041.22441   93   56 6773.00000 5908.19293  12.8%  23.4 5095s
 7920526 4464688 5998.58427   66  111 6773.00000 5908.20112  12.8%  23.4 5100s
 7927416 4467521 6319.85244   76   97 6773.00000 5908.21936  12.8%  23.4 5105s
 7936117 4472296 6022.65654   73   71 6773.00000 5908.23200  12.8%  23.4 5110s
 7944391 4476624 6329.88073   58  146 6773.00000 5908.25150  12.8%  23.4 5115s
 7951641 4480049 6220.71356   78  113 6773.00000 5908.27299  12.8%  23.4 5120s
 7958068 4483205 6728.46057   90   51 6773.00000 5908.27299  12.8%  23.4 5125s
 7965682 4487415 6326.84951   62  141 6773.00000 5908.28117  12.8%  23.5 5130s
 7973544 4491552 infeasible   77      6773.00000 5908.29589  12.8%  23.5 5135s
 7979602 4494204 infeasible   69      6773.00000 5908.29589  12.8%  23.5 5140s
 7984876 4497852 5909.59885   63  151 6773.00000 5908.30141  12.8%  23.5 5145s
 7993672 4500904     cutoff   97      6773.00000 5908.30141  12.8%  23.5 5150s
 8000413 4504831 infeasible   76      6773.00000 5908.30141  12.8%  23.5 5155s
 8008090 4508357 infeasible   83      6773.00000 5908.30141  12.8%  23.5 5160s
 8014834 4513297 6089.99673   79   57 6773.00000 5908.30769  12.8%  23.5 5166s
 8024371 4516955 6065.72587   78  130 6773.00000 5908.33172  12.8%  23.5 5170s
 8032603 4521659 6322.18284   90   91 6773.00000 5908.35411  12.8%  23.5 5176s
 8040816 4526249 6062.39057   77   95 6773.00000 5908.37137  12.8%  23.5 5180s
 8049100 4529831 6009.39330   68   85 6773.00000 5908.38650  12.8%  23.5 5185s
 8057433 4534477     cutoff   94      6773.00000 5908.40434  12.8%  23.5 5190s
 8065611 4538743 6104.41068   80   34 6773.00000 5908.41484  12.8%  23.5 5195s
 8074773 4543979     cutoff   76      6773.00000 5908.43234  12.8%  23.5 5200s
 8082354 4548439     cutoff  115      6773.00000 5908.45073  12.8%  23.5 5205s
 8088973 4552869 6300.09742  106  130 6773.00000 5908.45349  12.8%  23.5 5210s
 8097335 4556812 6736.09502  106   42 6773.00000 5908.45349  12.8%  23.5 5215s
 8108711 4561933 infeasible  118      6773.00000 5908.45349  12.8%  23.5 5220s
 8110001 4562526 6604.18244  109   98 6773.00000 5908.45349  12.8%  23.5 5225s
 8116447 4565679 5999.30832   87  135 6773.00000 5908.45349  12.8%  23.5 5230s
 8126798 4570966 infeasible  100      6773.00000 5908.45349  12.8%  23.5 5235s
 8135726 4575513     cutoff  122      6773.00000 5908.45349  12.8%  23.5 5240s
 8144643 4580859 6310.78936   99  168 6773.00000 5908.45349  12.8%  23.5 5245s
 8146610 4581131 6121.30699   99  153 6773.00000 5908.45349  12.8%  23.5 5250s
 8151516 4584675 infeasible  122      6773.00000 5908.45349  12.8%  23.5 5255s
 8160384 4589240 6333.71929  108   93 6773.00000 5908.45349  12.8%  23.5 5260s
 8170630 4593317     cutoff  109      6773.00000 5908.45349  12.8%  23.5 5265s
 8181067 4598988 5999.31979   78  136 6773.00000 5908.45349  12.8%  23.5 5270s
 8189237 4603823 6199.46191   92  138 6773.00000 5908.45349  12.8%  23.5 5275s
 8197875 4608231 6005.39732   92  170 6773.00000 5908.45349  12.8%  23.5 5280s
 8207128 4613253 6593.67547  100   23 6773.00000 5908.45349  12.8%  23.5 5285s
 8216383 4617410 infeasible  112      6773.00000 5908.45349  12.8%  23.4 5290s
 8226450 4623288 6353.84221  104   53 6773.00000 5908.45349  12.8%  23.4 5295s
 8235860 4627680 infeasible  127      6773.00000 5908.45349  12.8%  23.4 5300s
 8243651 4631772     cutoff  106      6773.00000 5908.45693  12.8%  23.4 5305s
 8250429 4635913 6515.77444   98  101 6773.00000 5908.48477  12.8%  23.4 5310s
 8259327 4640612 infeasible  103      6773.00000 5908.50725  12.8%  23.4 5315s
 8269474 4646577 6007.12143   72  107 6773.00000 5908.52392  12.8%  23.4 5320s
 8278540 4651358 6630.65508  131   26 6773.00000 5908.54356  12.8%  23.4 5326s
 8279139 4651761 5909.44039   72  140 6773.00000 5908.54356  12.8%  23.4 5330s
 8284235 4653906 6273.47248   85   86 6773.00000 5908.55762  12.8%  23.4 5335s
 8290746 4658204 6108.73191   70   89 6773.00000 5908.56207  12.8%  23.4 5340s
 8299864 4661860 6019.15196   66   79 6773.00000 5908.57185  12.8%  23.4 5345s
 8307871 4665586 infeasible   93      6773.00000 5908.58393  12.8%  23.4 5350s
 8316988 4670780 infeasible   80      6773.00000 5908.60613  12.8%  23.4 5355s
 8326686 4675161 6310.33333   56   53 6773.00000 5908.60748  12.8%  23.4 5360s
 8335377 4678759 6319.60786   83   44 6773.00000 5908.60748  12.8%  23.5 5365s
 8344848 4683945 6009.65849   69   30 6773.00000 5908.60893  12.8%  23.5 5370s
 8353366 4688749 6256.59245   99  118 6773.00000 5908.60893  12.8%  23.5 5375s
 8360994 4693178 6011.62026   70  126 6773.00000 5908.61017  12.8%  23.5 5380s
 8370824 4698141 6333.29460   88   70 6773.00000 5908.61366  12.8%  23.5 5385s
 8378955 4703342 6292.21985   82  103 6773.00000 5908.61366  12.8%  23.5 5391s
 8386841 4707384 6038.49172   72   84 6773.00000 5908.61366  12.8%  23.5 5395s
 8395415 4712491 6369.94848   83   55 6773.00000 5908.61366  12.8%  23.5 5400s
 8403442 4716365 6625.00963   88  149 6773.00000 5908.61852  12.8%  23.5 5405s
 8410742 4721425 6327.32629   64   96 6773.00000 5908.62410  12.8%  23.5 5410s
 8417920 4724348 6038.40000   74   31 6773.00000 5908.63063  12.8%  23.5 5415s
 8426134 4728997 6556.91313  118   55 6773.00000 5908.64835  12.8%  23.5 5420s
 8434818 4733225 6427.81417   97  101 6773.00000 5908.65909  12.8%  23.5 5425s
 8442308 4736057 6094.51216   74   95 6773.00000 5908.66908  12.8%  23.5 5430s
 8449939 4741143 6520.05219   96   47 6773.00000 5908.68400  12.8%  23.5 5435s
 8458754 4745196 6499.22406   84   63 6773.00000 5908.68400  12.8%  23.5 5440s
 8466835 4750385 6190.08183   66   62 6773.00000 5908.68400  12.8%  23.5 5445s
 8475788 4754713 6093.96757   69  100 6773.00000 5908.68400  12.8%  23.5 5450s
 8485213 4759848 6130.04505   64  117 6773.00000 5908.68400  12.8%  23.5 5455s
 8494406 4764702 6093.96620   71   98 6773.00000 5908.68400  12.8%  23.5 5460s
 8502498 4769011 6502.57216   80   88 6773.00000 5908.68400  12.8%  23.5 5465s
 8503167 4769759 6094.10588   65   94 6773.00000 5908.68400  12.8%  23.5 5470s
 8510711 4773461 infeasible   63      6773.00000 5908.68400  12.8%  23.5 5475s
 8516067 4775916 6093.95816   61   99 6773.00000 5908.68400  12.8%  23.5 5480s
 8518681 4777713 6190.23500   84   17 6773.00000 5908.68400  12.8%  23.5 5485s
 8524788 4781175 infeasible   82      6773.00000 5908.68400  12.8%  23.5 5490s
 8533913 4786197 infeasible   69      6773.00000 5908.68400  12.8%  23.5 5495s
 8540468 4790061 6063.00251   65  136 6773.00000 5908.69285  12.8%  23.5 5500s
 8550874 4795365 6293.87943   81  135 6773.00000 5908.70766  12.8%  23.5 5505s
 8560400 4801753 6191.68099   78   75 6773.00000 5908.70998  12.8%  23.5 5510s
 8569779 4806255 6565.85545  124   68 6773.00000 5908.71376  12.8%  23.4 5515s
 8577980 4810407 infeasible   64      6773.00000 5908.72519  12.8%  23.5 5520s
 8584511 4813953 6232.00258   86   84 6773.00000 5908.73727  12.8%  23.5 5525s
 8592149 4818034 6323.60541   97   82 6773.00000 5908.75354  12.8%  23.5 5530s
 8601245 4823615 6568.04415   88  102 6773.00000 5908.76151  12.8%  23.5 5535s
 8609513 4827829 infeasible   71      6773.00000 5908.76296  12.8%  23.5 5540s
 8618811 4832538 infeasible   54      6773.00000 5908.77267  12.8%  23.5 5545s
 8626107 4837117 6443.29450   91   69 6773.00000 5908.79108  12.8%  23.5 5550s
 8633060 4840306 6315.79383   85  114 6773.00000 5908.79343  12.8%  23.5 5556s
 8641430 4844538 infeasible   64      6773.00000 5908.81207  12.8%  23.5 5560s
 8650233 4849460 5920.31813   73  143 6773.00000 5908.82143  12.8%  23.5 5565s
 8658511 4853623 6018.79692   85   47 6773.00000 5908.83594  12.8%  23.5 5570s
 8666306 4857595 6050.46268   63  175 6773.00000 5908.85416  12.8%  23.5 5575s
 8674734 4862492 6406.02983   74   68 6773.00000 5908.86968  12.8%  23.5 5580s
 8681923 4866990 6325.70757   98   69 6773.00000 5908.88763  12.8%  23.5 5585s
 8688911 4870485 5945.17067   69  210 6773.00000 5908.89679  12.8%  23.5 5590s
 8698697 4876143 6206.02467   85   53 6773.00000 5908.91933  12.8%  23.5 5595s
 8707604 4880680 6006.43957   59  142 6773.00000 5908.92889  12.8%  23.5 5600s
 8716233 4884949 6005.76395   62   39 6773.00000 5908.93675  12.8%  23.5 5605s
 8724603 4889692 5996.46633   67   70 6773.00000 5908.95588  12.8%  23.5 5610s
 8731585 4893319 6301.00832   92  149 6773.00000 5908.96007  12.8%  23.5 5615s
 8732403 4893974 6048.25093   68   49 6773.00000 5908.96007  12.8%  23.5 5620s
 8738717 4898137 6699.09292   67  108 6773.00000 5908.97081  12.8%  23.5 5625s
 8747720 4901881 6339.15024   86   67 6773.00000 5908.98265  12.8%  23.5 5630s
 8754152 4906425 6612.28183  104   22 6773.00000 5908.98483  12.8%  23.5 5635s
 8763341 4910727 6077.66755   74   61 6773.00000 5908.99057  12.8%  23.5 5640s
 8772885 4915898 6063.26236   96   88 6773.00000 5908.99957  12.8%  23.5 5645s
 8782039 4920279 6228.79510   47  158 6773.00000 5909.00621  12.8%  23.5 5650s
 8788887 4924794 6450.61804   71   66 6773.00000 5909.02604  12.8%  23.5 5655s
 8799295 4929903 6203.17981   88  102 6773.00000 5909.04301  12.8%  23.5 5660s
 8808377 4934506 5992.05644   82  117 6773.00000 5909.04301  12.8%  23.5 5665s
 8816777 4939025 infeasible   97      6773.00000 5909.04301  12.8%  23.5 5670s
 8818561 4940375 5934.71781   72  134 6773.00000 5909.04878  12.8%  23.5 5676s
 8824341 4943910 6143.26765  108   62 6773.00000 5909.05338  12.8%  23.5 5680s
 8832978 4948834 6226.11446   88  144 6773.00000 5909.06195  12.8%  23.5 5685s
 8842996 4953905 infeasible  114      6773.00000 5909.06195  12.8%  23.5 5690s
 8851225 4959069 6101.06328   87   61 6773.00000 5909.06195  12.8%  23.5 5695s
 8856878 4962169 6325.17508   92   35 6773.00000 5909.07735  12.8%  23.5 5700s
 8865996 4966121 6306.31249   64  120 6773.00000 5909.10800  12.8%  23.5 5705s
 8872965 4970551 6220.61042   48  124 6773.00000 5909.11921  12.8%  23.5 5710s
 8882519 4975809 6363.07530   84  129 6773.00000 5909.13919  12.8%  23.5 5715s
 8890399 4979548 6238.27894   73  119 6773.00000 5909.14481  12.8%  23.5 5720s
 8900616 4984923 infeasible   83      6773.00000 5909.16751  12.8%  23.5 5725s
 8907763 4989612 6023.87582   92  164 6773.00000 5909.18918  12.8%  23.5 5730s
 8918074 4994461 infeasible   46      6773.00000 5909.21125  12.8%  23.5 5735s
 8924589 4998209 6241.45000   89   55 6773.00000 5909.24082  12.8%  23.5 5740s
 8932735 5002571 6298.27562   62   63 6773.00000 5909.26208  12.8%  23.5 5745s
 8940792 5007365 6564.21442   94  133 6773.00000 5909.27553  12.8%  23.5 5750s
 8949989 5012339 6022.18840   62   84 6773.00000 5909.28732  12.8%  23.5 5755s
 8956202 5015502 5998.70168   73  141 6773.00000 5909.29559  12.8%  23.5 5760s
 8959543 5018402 6295.62616   83  100 6773.00000 5909.30061  12.8%  23.5 5765s
 8969802 5023804 6117.33469   50  201 6773.00000 5909.31848  12.8%  23.5 5770s
 8978690 5028321 6600.48556  120   83 6773.00000 5909.33542  12.8%  23.5 5775s
 8987794 5032727     cutoff   65      6773.00000 5909.36887  12.8%  23.5 5780s
 8996424 5037267 6031.65414   88   62 6773.00000 5909.38042  12.8%  23.5 5785s
 9004489 5041217 infeasible   67      6773.00000 5909.40691  12.8%  23.5 5790s
 9010792 5045035 6458.41458  100  128 6773.00000 5909.42786  12.8%  23.5 5795s
 9019985 5049786 infeasible  122      6773.00000 5909.43847  12.8%  23.5 5800s
 9028907 5054841 6602.19875   80  102 6773.00000 5909.45206  12.7%  23.5 5805s
 9037053 5059288 6690.70313   94   46 6773.00000 5909.45322  12.7%  23.5 5810s
 9045430 5063607 6048.90852   76   41 6773.00000 5909.47086  12.7%  23.5 5815s
 9051765 5066080 6011.59050   77   34 6773.00000 5909.47086  12.7%  23.5 5820s
 9058014 5069382 6301.42397   95  126 6773.00000 5909.47086  12.7%  23.5 5825s
 9065042 5072578 6335.35231   84  128 6773.00000 5909.47086  12.7%  23.5 5830s
 9070270 5074772 infeasible   85      6773.00000 5909.47206  12.7%  23.5 5835s
 9077853 5078234 6086.40365   76   88 6773.00000 5909.47206  12.7%  23.5 5840s
 9083428 5080736 6034.69988   69   54 6773.00000 5909.47501  12.7%  23.5 5845s
 9085439 5081212 infeasible   76      6773.00000 5909.48343  12.7%  23.5 5850s
 9090038 5084227 6277.11947  102   54 6773.00000 5909.49069  12.7%  23.5 5855s
 9101347 5089151     cutoff   94      6773.00000 5909.49692  12.7%  23.5 5860s
 9102056 5089818 infeasible   86      6773.00000 5909.49828  12.7%  23.5 5865s
 9107121 5093359 6215.22307   78  175 6773.00000 5909.51248  12.7%  23.5 5870s
 9117415 5097877 infeasible   68      6773.00000 5909.51753  12.7%  23.5 5875s
 9125403 5101503 6199.93884   59  170 6773.00000 5909.52912  12.7%  23.5 5880s
 9132575 5106874 6432.95638   66  109 6773.00000 5909.54134  12.7%  23.5 5885s
 9142098 5110883 5909.55407   55  129 6773.00000 5909.54545  12.7%  23.5 5890s
 9150034 5116615 6445.14000  118   66 6773.00000 5909.55584  12.7%  23.5 5895s
 9160899 5122933 6092.08189  107   48 6773.00000 5909.55584  12.7%  23.5 5900s
 9168734 5127958 infeasible  110      6773.00000 5909.55945  12.7%  23.5 5905s
 9178527 5133497     cutoff   79      6773.00000 5909.55965  12.7%  23.5 5910s
 9186887 5138562 6202.36619   74  123 6773.00000 5909.58018  12.7%  23.5 5915s
 9194582 5143454 6094.98458   68   74 6773.00000 5909.58544  12.7%  23.5 5920s
 9204695 5148403 6000.31104   68  142 6773.00000 5909.58544  12.7%  23.5 5925s
 9215697 5155481 6728.11200   82   30 6773.00000 5909.58548  12.7%  23.5 5930s
 9225270 5161127 6310.56137  101  123 6773.00000 5909.59063  12.7%  23.5 5935s
 9234371 5166931 6000.37327   79  139 6773.00000 5909.59063  12.7%  23.5 5940s
 9244145 5171780 6588.00000   71   70 6773.00000 5909.59063  12.7%  23.5 5945s
 9251763 5175679 6336.29857   95  115 6773.00000 5909.60400  12.7%  23.5 5950s
 9255856 5178265 6000.37327   79  137 6773.00000 5909.60400  12.7%  23.5 5955s
 9261168 5181891 6541.79281   90   85 6773.00000 5909.62420  12.7%  23.5 5961s
 9270567 5186357     cutoff   61      6773.00000 5909.64286  12.7%  23.5 5965s
 9277568 5191480 6543.22693   90   61 6773.00000 5909.65505  12.7%  23.5 5970s
 9286751 5196115 6542.98434   86   40 6773.00000 5909.67066  12.7%  23.5 5975s
 9294371 5199957 5910.79180   75  186 6773.00000 5909.68062  12.7%  23.5 5980s
 9304229 5204679 infeasible  126      6773.00000 5909.69607  12.7%  23.5 5985s
 9312558 5209805 6101.90848   76   80 6773.00000 5909.69607  12.7%  23.5 5990s
 9322784 5215779 6131.05709   71   78 6773.00000 5909.70345  12.7%  23.5 5995s
 9330952 5219469 infeasible   84      6773.00000 5909.71801  12.7%  23.5 6000s
 9338311 5223372 6320.87376   86  152 6773.00000 5909.72543  12.7%  23.5 6005s
 9346964 5228983 6016.78926   79  104 6773.00000 5909.73490  12.7%  23.5 6010s
 9357234 5234701 infeasible  115      6773.00000 5909.74993  12.7%  23.5 6015s
 9366440 5240354 6024.31318   92   77 6773.00000 5909.75414  12.7%  23.5 6020s
 9374628 5244865 6349.26101  109   44 6773.00000 5909.75521  12.7%  23.5 6025s
 9383970 5249825 infeasible  104      6773.00000 5909.76389  12.7%  23.5 6030s
 9392452 5254751 5956.56123   61  185 6773.00000 5909.77405  12.7%  23.5 6035s
 9401693 5259499 6667.18750  115   59 6773.00000 5909.79122  12.7%  23.5 6040s
 9403336 5260322 6114.97259   78  130 6773.00000 5909.79122  12.7%  23.5 6045s
 9409892 5263663 infeasible  114      6773.00000 5909.79822  12.7%  23.5 6050s
 9417913 5268430 6121.99197   66  192 6773.00000 5909.80756  12.7%  23.5 6055s
 9425191 5271626 6002.23546   79  132 6773.00000 5909.81237  12.7%  23.5 6060s
 9426351 5272964 infeasible   86      6773.00000 5909.81891  12.7%  23.5 6066s
 9430988 5275929     cutoff   94      6773.00000 5909.82921  12.7%  23.5 6070s
 9442154 5281867 6111.47923   70   65 6773.00000 5909.84753  12.7%  23.5 6075s
 9452617 5287249 6193.85465   79  140 6773.00000 5909.84753  12.7%  23.5 6080s
 9460847 5291443 6250.77236   76  234 6773.00000 5909.85764  12.7%  23.5 6085s
 9468393 5295661 6448.52034   81  137 6773.00000 5909.86073  12.7%  23.5 6090s
 9477624 5300908 5928.79068   70   97 6773.00000 5909.87467  12.7%  23.5 6095s
 9487682 5305568 6004.67921   58  100 6773.00000 5909.88718  12.7%  23.5 6100s
 9495693 5310540 6149.06388   52  157 6773.00000 5909.90420  12.7%  23.5 6105s
 9503810 5314566 infeasible  125      6773.00000 5909.91515  12.7%  23.5 6110s
 9512096 5319076 infeasible  108      6773.00000 5909.92650  12.7%  23.5 6115s
 9519876 5322943 6047.20969   80   71 6773.00000 5909.94107  12.7%  23.5 6120s
 9528379 5328530 5991.87707   63  149 6773.00000 5909.95581  12.7%  23.5 6125s
 9537645 5334315 5909.99863   75  106 6773.00000 5909.96375  12.7%  23.5 6131s
 9546668 5338034 infeasible   55      6773.00000 5909.97687  12.7%  23.5 6135s
 9554216 5342392 6021.13421   60   48 6773.00000 5909.98085  12.7%  23.5 6140s
 9562671 5346808 6416.04925   88   53 6773.00000 5909.99453  12.7%  23.5 6145s
 9571224 5351895 infeasible  100      6773.00000 5909.99907  12.7%  23.5 6150s
 9579033 5355236 6295.42737   88   75 6773.00000 5910.00131  12.7%  23.5 6155s
 9586175 5359213 6196.00106   84  137 6773.00000 5910.00233  12.7%  23.5 6160s
 9589994 5360764 infeasible  101      6773.00000 5910.00233  12.7%  23.5 6165s
 9592818 5362802 6104.75030   90  131 6773.00000 5910.00233  12.7%  23.5 6170s
 9598084 5366370 6225.26758   90  144 6773.00000 5910.00233  12.7%  23.5 6175s
 9608913 5371006 6357.84961   97   96 6773.00000 5910.00674  12.7%  23.5 6180s
 9616283 5374255 infeasible   87      6773.00000 5910.01604  12.7%  23.5 6185s
 9623685 5378415 infeasible  137      6773.00000 5910.02811  12.7%  23.5 6190s
 9629570 5383411 6540.17297   77  102 6773.00000 5910.04378  12.7%  23.5 6195s
 9640002 5388133 infeasible  108      6773.00000 5910.06599  12.7%  23.5 6200s
 9648561 5392359 6229.34684  105   97 6773.00000 5910.07518  12.7%  23.5 6205s
 9657687 5396756 6058.15792   92   90 6773.00000 5910.08126  12.7%  23.5 6210s
 9664579 5400847 6037.90469   86   90 6773.00000 5910.08126  12.7%  23.5 6215s
 9674787 5405624 6021.40740   90   64 6773.00000 5910.08543  12.7%  23.5 6220s
 9683423 5409702 6418.26802   95   70 6773.00000 5910.08680  12.7%  23.5 6225s
 9690318 5413787 6119.74736   79  105 6773.00000 5910.08967  12.7%  23.5 6230s
 9700990 5418192 6236.94267   87   71 6773.00000 5910.09869  12.7%  23.5 6235s
 9709952 5423057 infeasible  144      6773.00000 5910.10362  12.7%  23.5 6240s
 9719546 5428300 infeasible  102      6773.00000 5910.12467  12.7%  23.5 6245s
 9730887 5435455 6004.29669  102   32 6773.00000 5910.12467  12.7%  23.5 6250s
 9743119 5442507 infeasible  128      6773.00000 5910.12467  12.7%  23.5 6255s
 9753370 5448901     cutoff  103      6773.00000 5910.12467  12.7%  23.5 6260s
 9764899 5455582 infeasible  101      6773.00000 5910.12467  12.7%  23.4 6265s
 9774537 5460926 infeasible  111      6773.00000 5910.13086  12.7%  23.4 6270s
 9777557 5468080 6310.07457   57   84 6773.00000 5910.13811  12.7%  23.4 6286s
 9799397 5473734 6278.91090   86   93 6773.00000 5910.16893  12.7%  23.4 6290s
 9811650 5479818 6336.22443   78   63 6773.00000 5910.18724  12.7%  23.4 6295s
 9820462 5484844 6033.52028   62   64 6773.00000 5910.20602  12.7%  23.4 6300s
 9829109 5489816 6481.16482  112  106 6773.00000 5910.21976  12.7%  23.4 6305s
 9840049 5495191 5929.83949   75  125 6773.00000 5910.23014  12.7%  23.4 6310s
 9849333 5501113 infeasible  116      6773.00000 5910.23014  12.7%  23.4 6315s
 9856114 5505145 infeasible   78      6773.00000 5910.23597  12.7%  23.4 6320s
 9859839 5507552 6239.87337   95   75 6773.00000 5910.23928  12.7%  23.4 6325s
 9867417 5511714 infeasible  101      6773.00000 5910.25000  12.7%  23.4 6330s
 9874041 5515285 6320.32139   75   34 6773.00000 5910.26806  12.7%  23.4 6335s
 9882337 5520118 6279.43739   80   86 6773.00000 5910.28540  12.7%  23.4 6340s
 9889345 5523033 infeasible  114      6773.00000 5910.30206  12.7%  23.4 6345s
 9898832 5528428 6025.21956   96   78 6773.00000 5910.30708  12.7%  23.4 6350s
 9908108 5533895 6229.63320   91  134 6773.00000 5910.31655  12.7%  23.4 6355s
 9917759 5539784 6013.47088   56   96 6773.00000 5910.33198  12.7%  23.4 6360s
 9925778 5543764 6107.07273   69   59 6773.00000 5910.36348  12.7%  23.4 6365s
 9935372 5549003 infeasible  126      6773.00000 5910.38103  12.7%  23.4 6370s
 9941727 5552951 6007.66668   66  177 6773.00000 5910.40327  12.7%  23.4 6375s
 9950683 5557956 6246.70467   84   81 6773.00000 5910.40928  12.7%  23.4 6380s
 9956595 5561204 6044.67525   56   94 6773.00000 5910.42233  12.7%  23.4 6385s
 9967120 5566437     cutoff  135      6773.00000 5910.42872  12.7%  23.4 6390s
 9975135 5570083 6539.51794   90   52 6773.00000 5910.43298  12.7%  23.4 6395s
 9980389 5573647 6048.65000   70   24 6773.00000 5910.43648  12.7%  23.4 6400s
 9989645 5577071 infeasible   64      6773.00000 5910.45565  12.7%  23.4 6405s
 9998137 5581986 6401.59766   67   41 6773.00000 5910.46604  12.7%  23.4 6410s
 10007492 5586896 6210.58478   75   96 6773.00000 5910.48148  12.7%  23.4 6415s
 10012118 5588895 5922.49985  100  144 6773.00000 5910.49177  12.7%  23.4 6420s
 10016227 5591614 6302.06226   95   65 6773.00000 5910.49991  12.7%  23.4 6425s
 10026145 5597095 6430.69880   91  115 6773.00000 5910.52462  12.7%  23.4 6430s
 10034560 5601974 6427.25488   93  103 6773.00000 5910.52462  12.7%  23.4 6435s
 10044674 5606996     cutoff  130      6773.00000 5910.52462  12.7%  23.4 6440s
 10051181 5610897 6705.58564  101   82 6773.00000 5910.52462  12.7%  23.4 6445s
 10059266 5615763 6322.72859  103   71 6773.00000 5910.53415  12.7%  23.4 6450s
 10067201 5619569 6490.91446   84   81 6773.00000 5910.55571  12.7%  23.4 6455s
 10076176 5624585 5914.84605   96  154 6773.00000 5910.56687  12.7%  23.4 6460s
 10086703 5631263 infeasible  116      6773.00000 5910.56687  12.7%  23.4 6465s
 10097512 5637621 6674.90466  104   71 6773.00000 5910.56687  12.7%  23.4 6470s
 10107290 5644032 6029.77204  102  138 6773.00000 5910.56687  12.7%  23.4 6475s
 10118311 5649919 6056.53329  112   90 6773.00000 5910.56687  12.7%  23.4 6480s
 10121635 5651025 6085.82304   73   79 6773.00000 5910.57262  12.7%  23.4 6485s
 10121771 5651102 6287.69764   82   73 6773.00000 5910.57262  12.7%  23.4 6491s
 10121828 5651139     cutoff   86      6773.00000 5910.57262  12.7%  23.4 6495s
 10122032 5651237     cutoff   86      6773.00000 5910.57262  12.7%  23.4 6500s
 10123369 5652000 6318.32247   52  198 6773.00000 5910.57501  12.7%  23.4 6505s
 10127107 5653726 5930.61594   58  129 6773.00000 5910.57810  12.7%  23.4 6510s
 10130986 5655483 5934.09273   57  136 6773.00000 5910.58238  12.7%  23.4 6515s
 10135504 5657470 6048.60329   61  177 6773.00000 5910.58405  12.7%  23.4 6520s
 10140106 5659637 6311.09726   65  117 6773.00000 5910.59230  12.7%  23.4 6525s
 10145128 5661415 6374.12927   95   85 6773.00000 5910.59528  12.7%  23.4 6530s
 10147696 5663324 5921.93444   73  150 6773.00000 5910.59528  12.7%  23.4 6536s
 10154831 5666769 infeasible   76      6773.00000 5910.59528  12.7%  23.4 6540s
 10161719 5669972 5988.33757   64   87 6773.00000 5910.60046  12.7%  23.4 6545s
 10168199 5671754     cutoff   87      6773.00000 5910.60046  12.7%  23.4 6550s
 10174596 5676033 6047.89042   75  118 6773.00000 5910.60265  12.7%  23.4 6555s
 10183956 5679938 6099.79697   55   85 6773.00000 5910.62132  12.7%  23.4 6560s
 10192648 5685374 6140.71168   73  159 6773.00000 5910.64125  12.7%  23.4 6565s
 10200834 5689658 infeasible   58      6773.00000 5910.65530  12.7%  23.4 6570s
 10208180 5694263 6679.64819  130   31 6773.00000 5910.65785  12.7%  23.4 6575s
 10215702 5698152 5987.77754   81  132 6773.00000 5910.65785  12.7%  23.4 6580s
 10224876 5703009 5999.90731   77  157 6773.00000 5910.66711  12.7%  23.4 6585s
 10233710 5708037     cutoff  135      6773.00000 5910.69927  12.7%  23.4 6590s
 10242242 5712623 infeasible  131      6773.00000 5910.71244  12.7%  23.4 6595s
 10250007 5716717 infeasible   76      6773.00000 5910.73765  12.7%  23.4 6600s
 10255389 5719164     cutoff   99      6773.00000 5910.73868  12.7%  23.4 6605s
 10263538 5722588 6309.65608  107   57 6773.00000 5910.73868  12.7%  23.4 6610s
 10270984 5727648 6233.71607   93   70 6773.00000 5910.74632  12.7%  23.4 6615s
 10280630 5732002 6146.64197  106   73 6773.00000 5910.76567  12.7%  23.4 6620s
 10289196 5736503 6518.96756   99   49 6773.00000 5910.77282  12.7%  23.4 6625s
 10299764 5741322 infeasible   93      6773.00000 5910.77413  12.7%  23.4 6630s
 10308090 5746349 6120.68206   55  214 6773.00000 5910.78300  12.7%  23.4 6635s
 10315305 5750331 6438.00000   98   17 6773.00000 5910.78761  12.7%  23.4 6640s
 10317848 5750840 infeasible  100      6773.00000 5910.78761  12.7%  23.4 6645s
 10323232 5753367 6365.66544   94  119 6773.00000 5910.78860  12.7%  23.4 6650s
 10330297 5756624 infeasible   77      6773.00000 5910.80661  12.7%  23.4 6655s
 10339454 5761804 6212.10513   81  159 6773.00000 5910.83347  12.7%  23.4 6660s
 10347330 5766745 6080.10545  114  136 6773.00000 5910.84974  12.7%  23.4 6665s
 10356769 5770291 6531.06267  138   44 6773.00000 5910.85146  12.7%  23.4 6670s
 10364968 5774462 6464.46918   75  105 6773.00000 5910.85506  12.7%  23.4 6675s
 10372440 5778765 6008.00909   71   58 6773.00000 5910.87042  12.7%  23.4 6680s
 10380422 5782822 5927.24393   79  118 6773.00000 5910.88200  12.7%  23.4 6685s
 10389605 5787868     cutoff  113      6773.00000 5910.89916  12.7%  23.4 6690s
 10399066 5792831 infeasible  122      6773.00000 5910.89916  12.7%  23.4 6695s
 10408831 5798139 6371.36390  102  133 6773.00000 5910.89916  12.7%  23.4 6700s
 10417268 5802243 6527.91494  104   93 6773.00000 5910.89916  12.7%  23.4 6705s
 10427052 5806795 infeasible   97      6773.00000 5910.89916  12.7%  23.4 6710s
 10435134 5811705 6310.80365  102  102 6773.00000 5910.89916  12.7%  23.4 6715s
 10446140 5816827     cutoff  104      6773.00000 5910.89916  12.7%  23.4 6720s
 10453579 5821762 6161.50865   70  114 6773.00000 5910.89916  12.7%  23.4 6725s
 10463020 5825264 infeasible  124      6773.00000 5910.90931  12.7%  23.4 6730s
 10471031 5829676 5924.52324   76  153 6773.00000 5910.91637  12.7%  23.4 6735s
 10476425 5831503 5956.79182   95  135 6773.00000 5910.92191  12.7%  23.4 6740s
 10478550 5833107 infeasible   98      6773.00000 5910.92468  12.7%  23.4 6745s
 10487305 5837322     cutoff  102      6773.00000 5910.92468  12.7%  23.4 6750s
 10495020 5840971 6103.15518   95  134 6773.00000 5910.92468  12.7%  23.4 6755s
 10503138 5845284 6669.10084  105   39 6773.00000 5910.92468  12.7%  23.4 6760s
 10511269 5849127 infeasible  102      6773.00000 5910.92493  12.7%  23.4 6765s
 10519236 5852576 6027.84533   80  139 6773.00000 5910.93548  12.7%  23.4 6770s
 10528421 5857810 6332.04025  115   89 6773.00000 5910.94233  12.7%  23.4 6775s
 10537683 5862426 infeasible   66      6773.00000 5910.95597  12.7%  23.4 6780s
 10546019 5865785 5925.36769   73   77 6773.00000 5910.97553  12.7%  23.4 6785s
 10552777 5868953 6186.87023   83  129 6773.00000 5910.98894  12.7%  23.4 6790s
 10561972 5874512     cutoff   96      6773.00000 5910.99866  12.7%  23.4 6795s
 10569557 5878354 6310.88466   99  153 6773.00000 5911.00988  12.7%  23.4 6800s
 10578831 5882328 6239.70000   81   11 6773.00000 5911.01665  12.7%  23.4 6805s
 10586854 5886420 infeasible   91      6773.00000 5911.02375  12.7%  23.4 6810s
 10593177 5889049 6030.89893   70   38 6773.00000 5911.02575  12.7%  23.4 6815s
 10602334 5893599 6134.51700   79   82 6773.00000 5911.04054  12.7%  23.4 6820s
 10606628 5897048 6324.71516   82   62 6773.00000 5911.04641  12.7%  23.4 6825s
 10618206 5903481 6334.23025   47   23 6773.00000 5911.06092  12.7%  23.4 6830s
 10627602 5907786 infeasible   87      6773.00000 5911.06818  12.7%  23.4 6835s
 10637896 5913133 5998.30404   78  117 6773.00000 5911.06818  12.7%  23.4 6840s
 10645275 5917720 6018.38676   96  122 6773.00000 5911.07924  12.7%  23.4 6845s
 10653934 5921867 6330.38237  106   38 6773.00000 5911.08894  12.7%  23.4 6850s
 10662065 5926023 6620.16825  107   69 6773.00000 5911.09419  12.7%  23.4 6855s
 10668581 5929656 infeasible   86      6773.00000 5911.11006  12.7%  23.4 6860s
 10677404 5934429 6038.85718   85   97 6773.00000 5911.13156  12.7%  23.4 6865s
 10687103 5939162 6445.04973  113   29 6773.00000 5911.13156  12.7%  23.4 6870s
 10696817 5944682 infeasible  121      6773.00000 5911.13156  12.7%  23.4 6875s
 10705082 5949435 5943.79654   92  110 6773.00000 5911.13156  12.7%  23.4 6880s
 10715659 5955297 infeasible  123      6773.00000 5911.13156  12.7%  23.4 6885s
 10726364 5961152 6031.81939   88   92 6773.00000 5911.13156  12.7%  23.4 6890s
 10730887 5963631 infeasible  107      6773.00000 5911.13156  12.7%  23.4 6895s
 10738404 5969067 6557.68658  113  103 6773.00000 5911.13156  12.7%  23.4 6900s
 10747678 5973609 infeasible  100      6773.00000 5911.13156  12.7%  23.4 6905s
 10754866 5978323 6003.62607   51  161 6773.00000 5911.14453  12.7%  23.4 6910s
 10764919 5983835 6441.51696   87   76 6773.00000 5911.15954  12.7%  23.4 6915s
 10772792 5988075 6007.85709   80  151 6773.00000 5911.15954  12.7%  23.4 6920s
 10779618 5992392 6210.42452   76   80 6773.00000 5911.16190  12.7%  23.4 6925s
 10790553 5997053 infeasible  124      6773.00000 5911.16537  12.7%  23.4 6930s
 10800819 6003518 5911.32194   66  126 6773.00000 5911.16537  12.7%  23.4 6935s
 10811337 6008578 infeasible   80      6773.00000 5911.16537  12.7%  23.4 6940s
 10819762 6013312 6325.32961  101   58 6773.00000 5911.16537  12.7%  23.4 6945s
 10826869 6017347 infeasible  125      6773.00000 5911.16537  12.7%  23.4 6950s
 10836749 6023330 6520.10971  102   54 6773.00000 5911.16810  12.7%  23.4 6955s
 10846813 6027927 6523.40092   98   79 6773.00000 5911.16823  12.7%  23.4 6960s
 10854750 6031619 6375.79184   86   51 6773.00000 5911.16823  12.7%  23.4 6965s
 10862050 6036027 5914.58910   65   88 6773.00000 5911.16823  12.7%  23.4 6970s
 10870491 6040263 6223.98433   88   32 6773.00000 5911.17325  12.7%  23.4 6975s
 10879322 6043959     cutoff   86      6773.00000 5911.17605  12.7%  23.4 6980s
 10887181 6048432 5949.55112   71   86 6773.00000 5911.17605  12.7%  23.4 6985s
 10894995 6053271 6326.07930   90   14 6773.00000 5911.17605  12.7%  23.4 6990s
 10904984 6056931 5975.06369   73   76 6773.00000 5911.18390  12.7%  23.4 6995s
 10908181 6059112 6549.74321  102   86 6773.00000 5911.18453  12.7%  23.4 7000s
 10917382 6064161 infeasible  114      6773.00000 5911.18453  12.7%  23.4 7005s
 10926220 6070098 infeasible   78      6773.00000 5911.19136  12.7%  23.4 7010s
 10935115 6074362     cutoff   98      6773.00000 5911.19873  12.7%  23.4 7015s
 10945856 6080386 infeasible   83      6773.00000 5911.19970  12.7%  23.4 7020s
 10954557 6086129 6524.53043   91  149 6773.00000 5911.20053  12.7%  23.4 7025s
 10965203 6092129 5922.62816   72  153 6773.00000 5911.20808  12.7%  23.4 7030s
 10973518 6096864 6461.22165   80  105 6773.00000 5911.21575  12.7%  23.4 7035s
 10984499 6101875 infeasible  103      6773.00000 5911.22738  12.7%  23.4 7040s
 10993971 6107235     cutoff   88      6773.00000 5911.23443  12.7%  23.4 7045s
 11002826 6112816 infeasible   98      6773.00000 5911.23443  12.7%  23.4 7050s
 11011084 6118303 6107.29998  108  135 6773.00000 5911.23443  12.7%  23.4 7055s
 11020078 6123539 infeasible   91      6773.00000 5911.23935  12.7%  23.4 7060s
 11030474 6128847     cutoff   83      6773.00000 5911.24823  12.7%  23.3 7065s
 11039976 6133982     cutoff   92      6773.00000 5911.25852  12.7%  23.3 7070s
 11042447 6135169 6218.36589   98  141 6773.00000 5911.25880  12.7%  23.4 7076s
 11047039 6139069 6020.44683   71  110 6773.00000 5911.26153  12.7%  23.4 7080s
 11057351 6142717 6010.97710   72  123 6773.00000 5911.27936  12.7%  23.4 7085s
 11067860 6149580 6542.44107   80  112 6773.00000 5911.28880  12.7%  23.3 7090s
 11077460 6154822 infeasible   97      6773.00000 5911.28880  12.7%  23.3 7095s
 11087397 6160707 infeasible   65      6773.00000 5911.29354  12.7%  23.3 7100s
 11097516 6165381 6197.67156   82  145 6773.00000 5911.30996  12.7%  23.3 7105s
 11106983 6171495 6256.12861   72   95 6773.00000 5911.31938  12.7%  23.3 7110s
 11114250 6177084 6206.06538   73  178 6773.00000 5911.32066  12.7%  23.3 7115s
 11125885 6182228 6439.17167   90  125 6773.00000 5911.32322  12.7%  23.3 7120s
 11137205 6188559 6230.62575   80   29 6773.00000 5911.32767  12.7%  23.3 7125s
 11145842 6192502 infeasible   67      6773.00000 5911.33122  12.7%  23.3 7130s
 11153174 6196955 5958.46744   69  134 6773.00000 5911.33312  12.7%  23.3 7135s
 11161730 6201691 infeasible   87      6773.00000 5911.34074  12.7%  23.3 7140s
 11171009 6207448 6316.78397   75  115 6773.00000 5911.34294  12.7%  23.3 7145s
 11179696 6213455 6010.57010   67  130 6773.00000 5911.34294  12.7%  23.3 7150s
 11189881 6219072 6216.89709   74  131 6773.00000 5911.34294  12.7%  23.3 7155s
 11198648 6224507 6580.73503   95   28 6773.00000 5911.35105  12.7%  23.3 7160s
 11206943 6228634     cutoff  105      6773.00000 5911.36031  12.7%  23.3 7165s
 11216981 6233989 5929.10214   63  125 6773.00000 5911.37205  12.7%  23.3 7170s
 11224180 6238018 6327.78935  116   78 6773.00000 5911.38323  12.7%  23.3 7175s
 11227417 6238924 6230.25420   90  140 6773.00000 5911.38770  12.7%  23.3 7180s
 11231914 6243519 6644.87446  128   45 6773.00000 5911.39124  12.7%  23.3 7185s
 11244193 6248716 infeasible  110      6773.00000 5911.39896  12.7%  23.3 7190s
 11252047 6252667 6130.24914   65   85 6773.00000 5911.40799  12.7%  23.3 7195s
 11262752 6259077 infeasible  102      6773.00000 5911.41692  12.7%  23.3 7200s
 11271468 6264253 6426.00203   64  111 6773.00000 5911.43855  12.7%  23.3 7205s
 11279650 6268832 6520.16590   97  166 6773.00000 5911.44643  12.7%  23.3 7210s
 11289703 6274066 infeasible   91      6773.00000 5911.45281  12.7%  23.3 7215s
 11297205 6278735 6551.89723   99  131 6773.00000 5911.45989  12.7%  23.3 7220s
 11306769 6283806 6031.10941   82  124 6773.00000 5911.47058  12.7%  23.3 7225s
 11317443 6289940 5996.74911   75   76 6773.00000 5911.47582  12.7%  23.3 7230s
 11323445 6292253 6563.74294  107   59 6773.00000 5911.47582  12.7%  23.3 7235s
 11331462 6296483 6227.59308   70   56 6773.00000 5911.48212  12.7%  23.3 7240s
 11339708 6302059 6020.06796   76  129 6773.00000 5911.49551  12.7%  23.3 7245s
 11348983 6306481 6035.02386   70  126 6773.00000 5911.51315  12.7%  23.3 7250s
 11357823 6311448 6234.26875   84   93 6773.00000 5911.51759  12.7%  23.3 7255s
 11368266 6316431 infeasible   85      6773.00000 5911.53119  12.7%  23.3 7260s
 11376800 6321354 6228.10000   83   44 6773.00000 5911.53707  12.7%  23.3 7265s
 11385321 6325585 6069.33718   80  113 6773.00000 5911.54320  12.7%  23.3 7270s
 11394360 6331579 6230.69237  121  123 6773.00000 5911.54735  12.7%  23.3 7275s
 11401525 6334280 6204.32891   72  136 6773.00000 5911.54993  12.7%  23.3 7280s
 11409351 6337289 6416.82592   88  120 6773.00000 5911.54993  12.7%  23.3 7285s
 11417571 6340948     cutoff   78      6773.00000 5911.54993  12.7%  23.3 7290s
 11424875 6344725 6043.04501   78  118 6773.00000 5911.54993  12.7%  23.3 7295s
 11431560 6347689 infeasible   91      6773.00000 5911.55877  12.7%  23.3 7300s
 11433142 6348199 5911.56490   61  120 6773.00000 5911.56193  12.7%  23.3 7305s
 11436634 6350076     cutoff   86      6773.00000 5911.56744  12.7%  23.3 7310s
 11445049 6353751 6638.26037   99   47 6773.00000 5911.57343  12.7%  23.3 7315s
 11454269 6357828 5945.71114   65  154 6773.00000 5911.57931  12.7%  23.3 7320s
 11462540 6362970 6500.98375  104   54 6773.00000 5911.58442  12.7%  23.3 7325s
 11470537 6367323 6639.59486  102   45 6773.00000 5911.58442  12.7%  23.3 7330s
 11480164 6371036 infeasible   92      6773.00000 5911.59601  12.7%  23.3 7335s
 11487352 6375484     cutoff  103      6773.00000 5911.59915  12.7%  23.3 7340s
 11495016 6378945 infeasible  113      6773.00000 5911.59915  12.7%  23.3 7345s
 11503636 6384675 6228.45968   85   70 6773.00000 5911.60973  12.7%  23.3 7350s
 11513191 6388949 6529.52272   84   93 6773.00000 5911.62196  12.7%  23.3 7355s
 11521633 6393647 6109.69223   56  123 6773.00000 5911.62891  12.7%  23.3 7360s
 11532202 6398744 infeasible   96      6773.00000 5911.63478  12.7%  23.3 7365s
 11539376 6402421 6135.26810   64  140 6773.00000 5911.65757  12.7%  23.3 7370s
 11547605 6406384 infeasible   89      6773.00000 5911.66195  12.7%  23.3 7375s
 11552055 6408384 6028.87775   91  139 6773.00000 5911.66723  12.7%  23.3 7380s
 11560824 6413348 6241.68504  113   89 6773.00000 5911.67480  12.7%  23.3 7385s
 11569802 6417185 infeasible  126      6773.00000 5911.67480  12.7%  23.3 7390s
 11580274 6422686 6440.94474   94  114 6773.00000 5911.68246  12.7%  23.3 7395s
 11587067 6425293 6324.68027   73   72 6773.00000 5911.69219  12.7%  23.3 7400s
 11595874 6429943 6348.17158   92   52 6773.00000 5911.70254  12.7%  23.3 7405s
 11605900 6435273 infeasible   80      6773.00000 5911.72432  12.7%  23.3 7410s
 11613852 6439799 5934.68045   81  106 6773.00000 5911.73609  12.7%  23.3 7415s
 11623142 6444832 6356.22354  106  107 6773.00000 5911.74915  12.7%  23.3 7420s
 11631196 6448569 6327.83791  104  113 6773.00000 5911.74915  12.7%  23.3 7425s
 11638631 6451721 5922.09633   93  173 6773.00000 5911.74915  12.7%  23.3 7430s
 11640857 6452944     cutoff  110      6773.00000 5911.74915  12.7%  23.3 7435s
 11642744 6453810 6005.05775   93  138 6773.00000 5911.74915  12.7%  23.3 7440s
 11647843 6456279 5930.09915   96  131 6773.00000 5911.74915  12.7%  23.3 7445s
 11656894 6460599 infeasible  125      6773.00000 5911.74915  12.7%  23.3 7450s
 11665282 6464996 infeasible  115      6773.00000 5911.74915  12.7%  23.3 7455s
 11674108 6469489 infeasible  109      6773.00000 5911.74915  12.7%  23.3 7460s
 11682463 6473870 6596.96608  107   18 6773.00000 5911.74915  12.7%  23.3 7465s
 11689021 6478102 6005.55898   92  134 6773.00000 5911.74915  12.7%  23.3 7470s
 11697505 6481714 infeasible  113      6773.00000 5911.74915  12.7%  23.3 7475s
 11706079 6486380 infeasible   63      6773.00000 5911.76369  12.7%  23.3 7480s
 11714122 6491402 6725.00978  107   48 6773.00000 5911.78167  12.7%  23.3 7485s
 11723789 6495510     cutoff  100      6773.00000 5911.79121  12.7%  23.3 7490s
 11732139 6500076     cutoff   88      6773.00000 5911.81488  12.7%  23.3 7495s
 11741906 6505528 infeasible  123      6773.00000 5911.83012  12.7%  23.3 7500s
 11749800 6509762     cutoff  102      6773.00000 5911.84445  12.7%  23.3 7505s
 11757855 6513792     cutoff  100      6773.00000 5911.85686  12.7%  23.3 7510s
 11765242 6519305 6054.58166   71   93 6773.00000 5911.86457  12.7%  23.3 7515s
 11775413 6523965 6664.04145  114  130 6773.00000 5911.87808  12.7%  23.3 7520s
 11781013 6525203 6426.81271   81  111 6773.00000 5911.87952  12.7%  23.3 7525s
 11782165 6526292 6109.00760   95  100 6773.00000 5911.88770  12.7%  23.3 7530s
 11790486 6531361 6614.00000   92   89 6773.00000 5911.90254  12.7%  23.3 7535s
 11799778 6536137 6143.60721   55   39 6773.00000 5911.91768  12.7%  23.3 7540s
 11810957 6542083 6660.76635   81   52 6773.00000 5911.93046  12.7%  23.3 7545s
 11820004 6547559 6256.33916  103  118 6773.00000 5911.94719  12.7%  23.3 7550s
 11828872 6553142 6314.28205   72  114 6773.00000 5911.97357  12.7%  23.3 7555s
 11836944 6557354 6481.61000  110   51 6773.00000 5911.98275  12.7%  23.3 7560s
 11845669 6562401 6416.56419   85   67 6773.00000 5912.00169  12.7%  23.3 7565s
 11855571 6567233 6042.40911   63  122 6773.00000 5912.00775  12.7%  23.3 7570s
 11864590 6571841 6573.43706  108   75 6773.00000 5912.02808  12.7%  23.3 7575s
 11871229 6577004 6113.82609   61  144 6773.00000 5912.03637  12.7%  23.3 7580s
 11881039 6581793 6424.50667  108   25 6773.00000 5912.04917  12.7%  23.3 7585s
 11888065 6586106 6240.51388   75  124 6773.00000 5912.05959  12.7%  23.3 7590s
 11895823 6588845 infeasible   97      6773.00000 5912.07897  12.7%  23.3 7595s
 11904639 6593505 6214.06690   97  120 6773.00000 5912.09812  12.7%  23.3 7600s
 11913564 6597994 6016.83200   57  114 6773.00000 5912.11495  12.7%  23.3 7605s
 11920306 6601179 infeasible   70      6773.00000 5912.12979  12.7%  23.3 7610s
 11929297 6605830 6424.05319  118   85 6773.00000 5912.14716  12.7%  23.3 7615s
 11937965 6609670 infeasible   93      6773.00000 5912.16670  12.7%  23.3 7620s
 11945965 6613798 infeasible   57      6773.00000 5912.18163  12.7%  23.3 7625s
 11948354 6614645 6315.22178   71  101 6773.00000 5912.18758  12.7%  23.3 7630s
 11953695 6617778 6307.27450   79  103 6773.00000 5912.19567  12.7%  23.3 7635s
 11962865 6623085 5935.04715   87  107 6773.00000 5912.20210  12.7%  23.3 7640s
 11971778 6626945     cutoff  109      6773.00000 5912.20210  12.7%  23.3 7645s
 11976859 6629504 6052.97845   93   50 6773.00000 5912.20210  12.7%  23.3 7650s
 11981729 6633236 6657.50862  121   41 6773.00000 5912.20210  12.7%  23.3 7655s
 11992278 6637676 6301.56837  103  107 6773.00000 5912.20210  12.7%  23.3 7660s
 12001827 6643154 6433.91723  105   64 6773.00000 5912.20210  12.7%  23.3 7665s
 12011860 6648130 6432.15400  108   29 6773.00000 5912.20210  12.7%  23.3 7670s
 12020086 6652415 6285.62725   99  109 6773.00000 5912.20210  12.7%  23.3 7675s
 12029977 6657824 5943.13975   97  106 6773.00000 5912.20210  12.7%  23.3 7680s
 12039695 6662447 6299.56559  101   77 6773.00000 5912.20210  12.7%  23.3 7685s
 12048601 6667945 6113.60002  107   69 6773.00000 5912.20210  12.7%  23.3 7690s
 12058777 6673152 6408.14827  107   92 6773.00000 5912.20210  12.7%  23.3 7695s
 12067789 6677661 5931.51361   99  106 6773.00000 5912.20210  12.7%  23.3 7700s
 12077307 6682494 infeasible  126      6773.00000 5912.20210  12.7%  23.3 7705s
 12086257 6687349 5986.89811  103   49 6773.00000 5912.20210  12.7%  23.3 7710s
 12094576 6692046 6428.33155  101  123 6773.00000 5912.20210  12.7%  23.3 7715s
 12103567 6697245 6036.92691   94   80 6773.00000 5912.20210  12.7%  23.3 7720s
 12112766 6702215 6511.82179  125   80 6773.00000 5912.20210  12.7%  23.3 7725s
 12122723 6706670 5970.24920   98   66 6773.00000 5912.20210  12.7%  23.3 7730s
 12130858 6711721 6336.77115   78  221 6773.00000 5912.20662  12.7%  23.3 7735s
 12140926 6716468 infeasible  113      6773.00000 5912.22150  12.7%  23.3 7740s
 12151441 6722640 6003.21627   80   61 6773.00000 5912.23200  12.7%  23.3 7745s
 12155204 6725351 infeasible  106      6773.00000 5912.23200  12.7%  23.3 7750s
 12165514 6731159     cutoff   89      6773.00000 5912.23370  12.7%  23.3 7755s
 12176299 6737589 6548.95195  116   44 6773.00000 5912.25318  12.7%  23.3 7760s
 12184231 6741612 6205.14530   75  144 6773.00000 5912.26640  12.7%  23.3 7765s
 12192985 6746740 6529.40000   89   34 6773.00000 5912.26873  12.7%  23.3 7770s
 12202062 6751039 infeasible   81      6773.00000 5912.27712  12.7%  23.3 7775s
 12208828 6754751 6587.25198   86  104 6773.00000 5912.29166  12.7%  23.3 7780s
 12217240 6759337 infeasible   93      6773.00000 5912.30568  12.7%  23.3 7785s
 12225286 6763091 5977.09975   71   83 6773.00000 5912.33173  12.7%  23.3 7790s
 12231500 6765393 infeasible   83      6773.00000 5912.34169  12.7%  23.3 7795s
 12236638 6769027     cutoff   74      6773.00000 5912.35152  12.7%  23.3 7800s
 12245492 6772177 6035.29410   77   71 6773.00000 5912.36321  12.7%  23.3 7805s
 12252155 6776024 5934.80661   62  167 6773.00000 5912.36335  12.7%  23.3 7810s
 12261750 6780230 6019.38000   79   59 6773.00000 5912.37336  12.7%  23.3 7815s
 12270739 6784839 6112.84950   97   72 6773.00000 5912.38040  12.7%  23.3 7820s
 12277579 6789634 6251.67628   89   91 6773.00000 5912.38061  12.7%  23.3 7825s
 12284221 6791476 6642.41538   89   26 6773.00000 5912.38061  12.7%  23.3 7830s
 12285975 6792520     cutoff  118      6773.00000 5912.38592  12.7%  23.3 7835s
 12291648 6796143 6214.13941  113   54 6773.00000 5912.39935  12.7%  23.3 7840s
 12297047 6797859 6022.68413   64  146 6773.00000 5912.40426  12.7%  23.3 7845s
 12299379 6799348 infeasible   85      6773.00000 5912.41198  12.7%  23.3 7850s
 12307895 6803703 infeasible  107      6773.00000 5912.42982  12.7%  23.3 7855s
 12314914 6807178 6256.44685   91  143 6773.00000 5912.44750  12.7%  23.3 7860s
 12324638 6813406 6484.59582   74  151 6773.00000 5912.45063  12.7%  23.3 7865s
 12333949 6818100 6221.00691   66  120 6773.00000 5912.46273  12.7%  23.3 7870s
 12341715 6822453 5916.26159   69   96 6773.00000 5912.46941  12.7%  23.3 7875s
 12350275 6826640 6138.27956   82   81 6773.00000 5912.47878  12.7%  23.3 7880s
 12360554 6832087 infeasible   69      6773.00000 5912.49379  12.7%  23.3 7885s
 12365780 6835587 infeasible   68      6773.00000 5912.50020  12.7%  23.3 7890s
 12374436 6838620 5986.83491   70  137 6773.00000 5912.50020  12.7%  23.3 7895s
 12382338 6842312 6201.21661   70   85 6773.00000 5912.50211  12.7%  23.3 7900s
 12389714 6846941 6136.78003   93   97 6773.00000 5912.51677  12.7%  23.3 7905s
 12399492 6851739 infeasible   91      6773.00000 5912.53475  12.7%  23.3 7910s
 12406323 6854961 infeasible   87      6773.00000 5912.54753  12.7%  23.3 7915s
 12414036 6860215 6292.90811   96   32 6773.00000 5912.55891  12.7%  23.3 7920s
 12419695 6862737 6231.26463   62  237 6773.00000 5912.57253  12.7%  23.3 7925s
 12431363 6869248 6221.28136   74   73 6773.00000 5912.58306  12.7%  23.3 7930s
 12441678 6874275 infeasible   76      6773.00000 5912.58433  12.7%  23.3 7935s
 12450899 6880100 6438.49667  110   41 6773.00000 5912.58549  12.7%  23.3 7940s
 12459942 6884593     cutoff  122      6773.00000 5912.58549  12.7%  23.3 7945s
 12467615 6888211 6036.15519   81   64 6773.00000 5912.58549  12.7%  23.3 7950s
 12476812 6893811 6036.40000   64   24 6773.00000 5912.58711  12.7%  23.3 7955s
 12486507 6898344 6057.45000   69   16 6773.00000 5912.59449  12.7%  23.3 7960s
 12493635 6902945 6362.78721   76   37 6773.00000 5912.60118  12.7%  23.3 7965s
 12503657 6908447 6632.35965  104   45 6773.00000 5912.60755  12.7%  23.3 7970s
 12512459 6913467 6601.21416   80  142 6773.00000 5912.61060  12.7%  23.3 7975s
 12515072 6914292 6189.22663   59  137 6773.00000 5912.61377  12.7%  23.3 7980s
 12522822 6918382     cutoff  107      6773.00000 5912.62502  12.7%  23.3 7985s
 12533912 6925023 infeasible  112      6773.00000 5912.63512  12.7%  23.3 7990s
 12544793 6931130 6245.20125   82   58 6773.00000 5912.64266  12.7%  23.3 7995s
 12555062 6937145 6572.95667   91   52 6773.00000 5912.65310  12.7%  23.3 8000s
 12564352 6941210 6035.33431   44   71 6773.00000 5912.66377  12.7%  23.3 8005s
 12574256 6947026 6235.99814   71   68 6773.00000 5912.67625  12.7%  23.3 8010s
 12582560 6952033 infeasible  109      6773.00000 5912.68774  12.7%  23.3 8015s
 12591763 6957658 6257.42649   92  124 6773.00000 5912.69472  12.7%  23.3 8020s
 12600757 6962383 5998.34406   86   90 6773.00000 5912.70738  12.7%  23.3 8025s
 12610999 6967609 6220.85222   75   76 6773.00000 5912.72807  12.7%  23.3 8030s
 12616494 6970258 5930.74542   64   83 6773.00000 5912.73259  12.7%  23.3 8035s
 12619489 6972347 6319.05000   69   10 6773.00000 5912.73754  12.7%  23.3 8040s
 12627530 6977271 6483.57524  106   67 6773.00000 5912.74235  12.7%  23.3 8045s
 12637438 6982955 infeasible   86      6773.00000 5912.75562  12.7%  23.2 8050s
 12646087 6987482 6396.34677   76   62 6773.00000 5912.76163  12.7%  23.2 8055s
 12655990 6991766 6037.58370   62  135 6773.00000 5912.77971  12.7%  23.2 8060s
 12664678 6996359 6230.37500   76   54 6773.00000 5912.78712  12.7%  23.2 8065s
 12674014 7001158 infeasible   86      6773.00000 5912.78712  12.7%  23.2 8070s
 12682894 7005735     cutoff   82      6773.00000 5912.80379  12.7%  23.2 8075s
 12686124 7006563 6206.98124   67   68 6773.00000 5912.80769  12.7%  23.2 8080s
 12689707 7008275 infeasible   70      6773.00000 5912.81194  12.7%  23.3 8085s
 12697457 7012164 6456.77226   79  126 6773.00000 5912.82486  12.7%  23.3 8090s
 12704431 7016689 6306.31176   58   74 6773.00000 5912.83525  12.7%  23.3 8095s
 12716085 7022788 infeasible  117      6773.00000 5912.83941  12.7%  23.2 8100s
 12724879 7028357 5916.26159   79   98 6773.00000 5912.84268  12.7%  23.2 8105s
 12734431 7033202 6319.20253   74  157 6773.00000 5912.85310  12.7%  23.2 8110s
 12744332 7039382 infeasible  121      6773.00000 5912.85888  12.7%  23.2 8115s
 12752671 7044082     cutoff   98      6773.00000 5912.87301  12.7%  23.2 8120s
 12760549 7048284 infeasible   59      6773.00000 5912.87814  12.7%  23.2 8125s
 12768256 7053781 6042.68423   84   83 6773.00000 5912.88678  12.7%  23.2 8130s
 12779735 7059378 6009.38296   70   63 6773.00000 5912.90112  12.7%  23.2 8135s
 12789887 7064528     cutoff   93      6773.00000 5912.90840  12.7%  23.2 8140s
 12798020 7068934 6000.56688   64   88 6773.00000 5912.91692  12.7%  23.2 8145s
 12804686 7073580 6374.89088   76   98 6773.00000 5912.92594  12.7%  23.2 8150s
 12816519 7079637 infeasible  109      6773.00000 5912.93565  12.7%  23.2 8155s
 12826678 7085698 5916.16681   98  146 6773.00000 5912.93974  12.7%  23.2 8160s
 12836707 7090836 6401.55661   88   82 6773.00000 5912.94150  12.7%  23.2 8165s
 12845932 7096370 6429.77917   81   70 6773.00000 5912.96218  12.7%  23.2 8170s
 12855201 7101165 6324.55454   77  152 6773.00000 5912.98319  12.7%  23.2 8175s
 12863361 7104398 6005.25904   90  130 6773.00000 5912.98483  12.7%  23.2 8180s
 12870732 7108474 6519.04455   81  103 6773.00000 5912.98585  12.7%  23.2 8185s
 12878088 7113212 6114.72213   67  102 6773.00000 5912.99254  12.7%  23.2 8190s
 12883361 7114563 6236.01093   91   78 6773.00000 5912.99738  12.7%  23.2 8195s
 12887576 7117142     cutoff   99      6773.00000 5913.00044  12.7%  23.2 8200s
 12895869 7122364 6360.95609   88   34 6773.00000 5913.00210  12.7%  23.2 8205s
 12905926 7127162 5914.19316   95  156 6773.00000 5913.00972  12.7%  23.2 8210s
 12912452 7131099 6534.32408  108   45 6773.00000 5913.01850  12.7%  23.2 8215s
 12922692 7136625 5924.14854   93  113 6773.00000 5913.03138  12.7%  23.2 8220s
 12927569 7139066 5924.61459   94  104 6773.00000 5913.03339  12.7%  23.2 8225s
 12927676 7139152 6030.82248   97   37 6773.00000 5913.03339  12.7%  23.2 8230s
 12927713 7139184     cutoff   98      6773.00000 5913.03339  12.7%  23.2 8236s
 12927799 7139246 6329.16111  100   37 6773.00000 5913.03339  12.7%  23.2 8240s
 12928973 7139912 6353.65520  104   33 6773.00000 5913.03339  12.7%  23.2 8245s
 12933044 7142341     cutoff  107      6773.00000 5913.03339  12.7%  23.2 8250s
 12938853 7145247 5937.33065   95  111 6773.00000 5913.03339  12.7%  23.2 8255s
 12945593 7148642 6130.99783   99   56 6773.00000 5913.03339  12.7%  23.2 8260s
 12951816 7151788     cutoff  110      6773.00000 5913.03339  12.7%  23.2 8265s
 12960740 7156477     cutoff   98      6773.00000 5913.03339  12.7%  23.2 8270s
 12968983 7162192 6020.60216  102  121 6773.00000 5913.03339  12.7%  23.2 8275s
 12977486 7166684 6234.37667  102   46 6773.00000 5913.03339  12.7%  23.2 8280s
 12987034 7171891 6045.15771  101   96 6773.00000 5913.03339  12.7%  23.2 8285s
 12994881 7176845 6622.18907  126   60 6773.00000 5913.03339  12.7%  23.2 8290s
 13005861 7182411     cutoff  118      6773.00000 5913.03339  12.7%  23.2 8295s
 13016066 7189229     cutoff  142      6773.00000 5913.03339  12.7%  23.2 8300s
 13025242 7195613 6218.96423  118   26 6773.00000 5913.03339  12.7%  23.2 8305s
 13036220 7201047 6018.22687  108   68 6773.00000 5913.03486  12.7%  23.2 8310s
 13046624 7206153 6542.21829  129   74 6773.00000 5913.04946  12.7%  23.2 8315s
 13054071 7210405 6193.19092   62  116 6773.00000 5913.06357  12.7%  23.2 8320s
 13062216 7213799 infeasible   88      6773.00000 5913.08134  12.7%  23.2 8325s
 13063152 7215093 infeasible   77      6773.00000 5913.08287  12.7%  23.2 8330s
 13070871 7219689 6421.06310   83   96 6773.00000 5913.08988  12.7%  23.2 8335s
 13079855 7222744 6258.85230  111   41 6773.00000 5913.09440  12.7%  23.2 8340s
 13089992 7228268     cutoff  116      6773.00000 5913.09669  12.7%  23.2 8345s
 13097540 7233180 6413.71019   90  117 6773.00000 5913.09669  12.7%  23.2 8350s
 13108308 7238919 infeasible   75      6773.00000 5913.11212  12.7%  23.2 8355s
 13117302 7243799 5925.76466   67   83 6773.00000 5913.12854  12.7%  23.2 8360s
 13124873 7247943 6240.82127   88   95 6773.00000 5913.14227  12.7%  23.2 8365s
 13134665 7252575 6228.26257   82   94 6773.00000 5913.15160  12.7%  23.2 8370s
 13143021 7258273 infeasible  101      6773.00000 5913.15160  12.7%  23.2 8375s
 13152913 7263242 6632.00443   86   55 6773.00000 5913.16691  12.7%  23.2 8380s
 13161172 7268113 6018.12798   84  164 6773.00000 5913.17882  12.7%  23.2 8385s
 13168968 7271414 6309.68571   70   99 6773.00000 5913.18651  12.7%  23.2 8390s
 13176687 7275742 6643.01299   67   95 6773.00000 5913.20829  12.7%  23.2 8395s
 13185223 7280370     cutoff  120      6773.00000 5913.21739  12.7%  23.2 8400s
 13193846 7286019 5927.81517   73  190 6773.00000 5913.22016  12.7%  23.2 8405s
 13202984 7291718 6270.19711   80   85 6773.00000 5913.22486  12.7%  23.2 8410s
 13213462 7297147 infeasible  130      6773.00000 5913.22486  12.7%  23.2 8415s
 13223692 7303348 6572.76557  124   91 6773.00000 5913.23665  12.7%  23.2 8420s
 13233390 7308146 infeasible  108      6773.00000 5913.24346  12.7%  23.2 8425s
 13243331 7314354 6626.46904   94   81 6773.00000 5913.24420  12.7%  23.2 8430s
 13254170 7320230 6002.01067   69  125 6773.00000 5913.24420  12.7%  23.2 8435s
 13262932 7325307 6570.30470  103  105 6773.00000 5913.24672  12.7%  23.2 8440s
 13270678 7329378 6189.41917   67  122 6773.00000 5913.25199  12.7%  23.2 8445s
 13272785 7331426 6232.89606  106   98 6773.00000 5913.25254  12.7%  23.2 8450s
 13281506 7336416 infeasible   76      6773.00000 5913.26749  12.7%  23.2 8455s
 13290018 7341083 infeasible   48      6773.00000 5913.27439  12.7%  23.2 8460s
 13299572 7346592 6084.69597   73  127 6773.00000 5913.28375  12.7%  23.2 8465s
 13308395 7351170 6546.04875  103   42 6773.00000 5913.29818  12.7%  23.2 8470s
 13317022 7356120 infeasible  114      6773.00000 5913.31326  12.7%  23.2 8475s
 13326014 7361233 infeasible  118      6773.00000 5913.33382  12.7%  23.2 8480s
 13334951 7366728 6156.82174   73   71 6773.00000 5913.34909  12.7%  23.2 8485s
 13343710 7371307 6006.01904   56  119 6773.00000 5913.36246  12.7%  23.2 8490s
 13352060 7375722 6321.41546  101   59 6773.00000 5913.37872  12.7%  23.2 8495s
 13360675 7380105 6622.96676   95  101 6773.00000 5913.39456  12.7%  23.2 8500s
 13369285 7384812 infeasible  133      6773.00000 5913.41652  12.7%  23.2 8505s
 13378715 7389742 infeasible   97      6773.00000 5913.41848  12.7%  23.2 8510s
 13387599 7395207 6021.96353   63  148 6773.00000 5913.42535  12.7%  23.2 8515s
 13396730 7401096 5952.32314   73   92 6773.00000 5913.42541  12.7%  23.1 8520s
 13405565 7405538 5999.38901   90  135 6773.00000 5913.43327  12.7%  23.1 8525s
 13414122 7409594 6324.90354  111   38 6773.00000 5913.43327  12.7%  23.2 8530s
 13420860 7413187 infeasible   96      6773.00000 5913.44767  12.7%  23.2 8535s
 13429427 7419007 6467.91268   87   77 6773.00000 5913.46799  12.7%  23.2 8540s
 13438668 7422515 6594.83450  106   74 6773.00000 5913.47468  12.7%  23.2 8545s
 13446942 7426122 infeasible  113      6773.00000 5913.47468  12.7%  23.2 8552s
 13446963 7431509 5999.60248   95  169 6773.00000 5913.47468  12.7%  23.2 8564s
 13458963 7433304 6111.40762  102  150 6773.00000 5913.47468  12.7%  23.2 8565s
 13471232 7438020 infeasible  140      6773.00000 5913.47468  12.7%  23.2 8570s
 13481914 7443316 6016.00757   93  153 6773.00000 5913.47468  12.7%  23.2 8575s
 13489177 7447298 6119.74426   80  137 6773.00000 5913.47999  12.7%  23.2 8580s
 13498532 7452009 6016.18904   65   64 6773.00000 5913.49387  12.7%  23.2 8585s
 13509214 7458463 6419.63245   92  126 6773.00000 5913.50608  12.7%  23.2 8590s
 13516222 7463065 infeasible   85      6773.00000 5913.53434  12.7%  23.2 8595s
 13525494 7467289 6010.49369   91  170 6773.00000 5913.54271  12.7%  23.2 8600s
 13532691 7472162 6024.05986   96  114 6773.00000 5913.54447  12.7%  23.2 8605s
 13541860 7476777 6363.66194   75   87 6773.00000 5913.56545  12.7%  23.1 8610s
 13551616 7481529 infeasible  111      6773.00000 5913.58553  12.7%  23.1 8615s
 13560480 7486275     cutoff  131      6773.00000 5913.61095  12.7%  23.1 8620s
 13568630 7491240 6008.48232   59  195 6773.00000 5913.63849  12.7%  23.1 8625s
 13576957 7494942 infeasible   72      6773.00000 5913.65552  12.7%  23.1 8630s
 13587159 7501646 6203.47047  109   51 6773.00000 5913.66014  12.7%  23.1 8635s
 13598436 7507571 6293.33565   96   95 6773.00000 5913.66496  12.7%  23.1 8640s
 13607666 7512146 6095.59629   91   76 6773.00000 5913.68330  12.7%  23.1 8645s
 13615614 7516678 6331.59963  102   75 6773.00000 5913.70221  12.7%  23.1 8650s
 13626155 7522238 6219.36380   73   71 6773.00000 5913.71323  12.7%  23.1 8655s
 13633225 7525954 6422.30481  104   68 6773.00000 5913.72392  12.7%  23.1 8660s
 13642526 7530365 5933.10783   62  108 6773.00000 5913.73400  12.7%  23.1 8665s
 13650678 7534725 6190.21630   68   57 6773.00000 5913.73400  12.7%  23.1 8670s
 13659168 7539713 6093.95816   63   99 6773.00000 5913.73400  12.7%  23.1 8675s
 13668431 7544771     cutoff  118      6773.00000 5913.74962  12.7%  23.1 8680s
 13676911 7549048 6114.72213   64  100 6773.00000 5913.75664  12.7%  23.1 8685s
 13685029 7552904 infeasible  105      6773.00000 5913.78181  12.7%  23.1 8690s
 13692165 7556721 6137.82586   90   77 6773.00000 5913.79528  12.7%  23.1 8695s
 13700131 7560047 6201.39357   72  104 6773.00000 5913.81195  12.7%  23.1 8700s
 13701812 7561579     cutoff   76      6773.00000 5913.81541  12.7%  23.1 8705s
 13709088 7566227 6010.49331   92  177 6773.00000 5913.81995  12.7%  23.1 8710s
 13719178 7571564 6460.41847  102  145 6773.00000 5913.81995  12.7%  23.1 8715s
 13727608 7575891 infeasible   99      6773.00000 5913.81995  12.7%  23.1 8720s
 13734028 7580069 6346.50861  105  126 6773.00000 5913.81995  12.7%  23.1 8725s
 13743915 7584563 6005.32585   89  136 6773.00000 5913.81995  12.7%  23.1 8730s
 13751753 7589498 6011.81103   93  169 6773.00000 5913.81995  12.7%  23.1 8735s
 13759621 7592859 6226.31537   82   86 6773.00000 5913.82818  12.7%  23.1 8740s
 13770034 7598339 6675.32941   75  116 6773.00000 5913.85126  12.7%  23.1 8745s
 13778509 7603754 6524.49711   91   42 6773.00000 5913.86872  12.7%  23.1 8750s
 13786898 7607433 6349.21510   86   35 6773.00000 5913.88521  12.7%  23.1 8755s
 13796369 7612479 6145.60166   62   77 6773.00000 5913.89684  12.7%  23.1 8760s
 13803070 7616110 6639.43755   78   29 6773.00000 5913.90929  12.7%  23.1 8765s
 13810272 7621063 6318.27234   70  142 6773.00000 5913.92799  12.7%  23.1 8770s
 13821458 7626422 infeasible  124      6773.00000 5913.94050  12.7%  23.1 8775s
 13830299 7631196 infeasible  140      6773.00000 5913.95341  12.7%  23.1 8780s
 13838977 7636540 5950.54103   93   97 6773.00000 5913.95341  12.7%  23.1 8785s
 13849337 7641903     cutoff  113      6773.00000 5913.95341  12.7%  23.1 8790s
 13859850 7647023 5963.00770  103   89 6773.00000 5913.95341  12.7%  23.1 8795s
 13868936 7651774 6077.92724   87  122 6773.00000 5913.96185  12.7%  23.1 8800s
 13878556 7657497 6503.68594  112  113 6773.00000 5913.96622  12.7%  23.1 8805s
 13887350 7661547 6539.74857  100   82 6773.00000 5913.98346  12.7%  23.1 8811s
 13887656 7661998 6096.61321   91   85 6773.00000 5913.98346  12.7%  23.1 8815s
 13893078 7665053 6255.51018  100   64 6773.00000 5913.99345  12.7%  23.1 8820s
 13901875 7669487 5945.55700   71  139 6773.00000 5914.00869  12.7%  23.1 8825s
 13909505 7673418 6305.08262   86  139 6773.00000 5914.02324  12.7%  23.1 8830s
 13918535 7678490 6560.15068  107  122 6773.00000 5914.03968  12.7%  23.1 8835s
 13925880 7682801 6051.56282   64  209 6773.00000 5914.04091  12.7%  23.1 8840s
 13933647 7687647 6021.95979   73  106 6773.00000 5914.04686  12.7%  23.1 8845s
 13941877 7691609 6006.91741   67  220 6773.00000 5914.05803  12.7%  23.1 8850s
 13950357 7696251 6354.68345   93  122 6773.00000 5914.06775  12.7%  23.1 8855s
 13959382 7700270 infeasible   66      6773.00000 5914.07267  12.7%  23.1 8860s
 13967206 7704703 infeasible   67      6773.00000 5914.08657  12.7%  23.1 8865s
 13973420 7708191 6030.20487   88  132 6773.00000 5914.09209  12.7%  23.1 8870s
 13981422 7712027 6129.92487   88   29 6773.00000 5914.09873  12.7%  23.1 8875s
 13990952 7718076 6375.57740   84  116 6773.00000 5914.10979  12.7%  23.1 8880s
 14000002 7722352     cutoff  107      6773.00000 5914.12998  12.7%  23.1 8885s
 14007193 7726033 6134.27831   98   77 6773.00000 5914.13297  12.7%  23.1 8890s
 14015399 7730281 6239.26633   78   29 6773.00000 5914.13448  12.7%  23.1 8895s
 14024382 7735355     cutoff   76      6773.00000 5914.15280  12.7%  23.1 8900s
 14035245 7740116 5928.75193   68   67 6773.00000 5914.15969  12.7%  23.1 8905s
 14042653 7744576 6222.18149   63  206 6773.00000 5914.16424  12.7%  23.1 8910s
 14052162 7749127 6550.31819   97   87 6773.00000 5914.16880  12.7%  23.1 8915s
 14059645 7752973 5947.31649   68  143 6773.00000 5914.17591  12.7%  23.1 8920s
 14066587 7755855     cutoff   79      6773.00000 5914.19410  12.7%  23.1 8925s
 14075743 7760729 infeasible   92      6773.00000 5914.19932  12.7%  23.1 8930s
 14085312 7766137     cutoff  126      6773.00000 5914.20492  12.7%  23.1 8935s
 14093494 7770425 6330.28180   77  142 6773.00000 5914.21242  12.7%  23.1 8940s
 14101796 7776675 6443.34879  106   63 6773.00000 5914.22938  12.7%  23.1 8945s
 14113370 7781124 6116.17675   79  111 6773.00000 5914.23960  12.7%  23.1 8950s
 14119900 7785554 6533.92074   83   68 6773.00000 5914.24615  12.7%  23.1 8956s
 14127479 7789548 6417.62324   75  119 6773.00000 5914.25612  12.7%  23.1 8960s
 14132426 7791389 5929.56489   93  101 6773.00000 5914.25820  12.7%  23.1 8965s
 14137147 7794207 6058.27582  101   78 6773.00000 5914.25820  12.7%  23.1 8970s
 14144856 7798883 5915.63531   98  157 6773.00000 5914.25820  12.7%  23.1 8975s
 14154690 7804121 6384.26858  123   54 6773.00000 5914.25820  12.7%  23.1 8980s
 14163751 7808889 5914.76005   81  110 6773.00000 5914.25820  12.7%  23.1 8985s
 14173246 7814502     cutoff  104      6773.00000 5914.25820  12.7%  23.1 8990s
 14181825 7819987 5922.03428   60  108 6773.00000 5914.26393  12.7%  23.1 8995s
 14190698 7823918 6095.80752   67  102 6773.00000 5914.27306  12.7%  23.1 9000s
 14199879 7828844 6012.00015   50  103 6773.00000 5914.27329  12.7%  23.1 9005s
 14209631 7834365     cutoff  103      6773.00000 5914.28464  12.7%  23.1 9010s
 14217832 7839777 6397.51929   63  163 6773.00000 5914.29890  12.7%  23.1 9015s
 14226937 7843638     cutoff  127      6773.00000 5914.30445  12.7%  23.1 9020s
 14236066 7848742 6530.07898  123   71 6773.00000 5914.32700  12.7%  23.1 9025s
 14242531 7852942 6120.50250   73  111 6773.00000 5914.34048  12.7%  23.1 9030s
 14252890 7858621 6566.08420  109   89 6773.00000 5914.35190  12.7%  23.1 9035s
 14262491 7863917 6014.57831   93  159 6773.00000 5914.36778  12.7%  23.1 9040s
 14270749 7868816 6238.94090   55  124 6773.00000 5914.37782  12.7%  23.1 9045s
 14278674 7873329 6552.12486  109  110 6773.00000 5914.39458  12.7%  23.1 9050s
 14291066 7879019 6296.50573   82   89 6773.00000 5914.40433  12.7%  23.1 9055s
 14301178 7886220 infeasible   86      6773.00000 5914.40875  12.7%  23.1 9060s
 14309975 7889809 6188.46029   94  106 6773.00000 5914.42336  12.7%  23.1 9065s
 14315895 7893650 5974.77446   70   92 6773.00000 5914.43518  12.7%  23.1 9070s
 14326256 7898671 6247.59940   58   39 6773.00000 5914.45239  12.7%  23.1 9075s
 14333406 7903516 6554.54811  102  108 6773.00000 5914.46876  12.7%  23.1 9080s
 14341060 7906236     cutoff   70      6773.00000 5914.48978  12.7%  23.1 9085s
 14351124 7911422     cutoff  115      6773.00000 5914.50079  12.7%  23.1 9090s
 14359888 7916702 infeasible  116      6773.00000 5914.50079  12.7%  23.1 9095s
 14368200 7920746 infeasible  134      6773.00000 5914.50079  12.7%  23.1 9100s
 14377793 7926463 5933.79760   93  103 6773.00000 5914.50079  12.7%  23.1 9105s
 14380272 7927289 infeasible  115      6773.00000 5914.50079  12.7%  23.1 9110s
 14388065 7931397 5938.01687   96  101 6773.00000 5914.50495  12.7%  23.1 9115s
 14397689 7936259 infeasible   79      6773.00000 5914.51335  12.7%  23.1 9120s
 14405815 7941052 6326.54271  108   48 6773.00000 5914.52660  12.7%  23.1 9125s
 14413896 7945690 6329.30222   92  159 6773.00000 5914.54537  12.7%  23.1 9130s
 14422319 7950121 infeasible  118      6773.00000 5914.55321  12.7%  23.1 9135s
 14432283 7955367 6033.83064   59  126 6773.00000 5914.56511  12.7%  23.0 9140s
 14440328 7959874 infeasible   78      6773.00000 5914.57227  12.7%  23.0 9145s
 14448547 7964359 6154.07183   98   75 6773.00000 5914.58127  12.7%  23.0 9150s
 14459167 7970848 6666.64616  113   33 6773.00000 5914.58127  12.7%  23.0 9155s
 14470693 7977606 6760.73418  117   68 6773.00000 5914.58200  12.7%  23.0 9160s
 14479329 7982735 6326.07156   92  131 6773.00000 5914.58669  12.7%  23.0 9165s
 14486869 7986923 6458.45233  100   31 6773.00000 5914.58725  12.7%  23.0 9170s
 14495667 7991183 6308.58220  104  144 6773.00000 5914.58730  12.7%  23.0 9175s
 14505953 7995865     cutoff  118      6773.00000 5914.58864  12.7%  23.0 9180s
 14514492 8000327 infeasible   83      6773.00000 5914.59339  12.7%  23.0 9185s
 14521583 8005075 6409.45918  130   68 6773.00000 5914.59505  12.7%  23.0 9190s
 14531884 8009618 6012.75965   83  141 6773.00000 5914.59902  12.7%  23.0 9195s
 14540214 8015110 6315.18264   93   53 6773.00000 5914.60412  12.7%  23.0 9200s
 14548218 8018530 6271.74166   75   80 6773.00000 5914.60678  12.7%  23.0 9205s
 14560024 8024464     cutoff  111      6773.00000 5914.61254  12.7%  23.0 9210s
 14566352 8027490 6325.29912   76   81 6773.00000 5914.61342  12.7%  23.0 9215s
 14568864 8028998     cutoff  119      6773.00000 5914.61411  12.7%  23.0 9220s
 14573407 8031271 6046.00235   92  111 6773.00000 5914.61547  12.7%  23.0 9225s
 14581925 8035724 5915.17845   76   82 6773.00000 5914.61891  12.7%  23.0 9230s
 14589340 8038005 6016.70171   63  113 6773.00000 5914.62500  12.7%  23.0 9235s
 14593340 8039852 6046.46509   73   87 6773.00000 5914.63224  12.7%  23.0 9240s
 14598785 8039953 6188.59679   72   48 6773.00000 5914.63900  12.7%  23.0 9246s
 14603349 8041051 6120.43702   66  146 6773.00000 5914.64343  12.7%  23.0 9250s
 14608411 8043012 6116.95909   64   54 6773.00000 5914.64702  12.7%  23.0 9255s
 14610840 8044001 6555.83431   98   79 6773.00000 5914.64702  12.7%  23.0 9260s
 14616471 8046291 infeasible   68      6773.00000 5914.64907  12.7%  23.0 9265s
 14621362 8048183 6054.44208   67   94 6773.00000 5914.65434  12.7%  23.1 9270s
 14627647 8051195 6047.86139   44  130 6773.00000 5914.66228  12.7%  23.1 9276s
 14632276 8053189 6124.97784   97   96 6773.00000 5914.67079  12.7%  23.1 9280s
 14639767 8057889 6345.05218   89   40 6773.00000 5914.68109  12.7%  23.1 9285s
 14650069 8061661 6152.07986   83  127 6773.00000 5914.69327  12.7%  23.1 9290s
 14658256 8066186 6029.14340   65  127 6773.00000 5914.70292  12.7%  23.1 9295s
 14666250 8070642 6304.65695  113   64 6773.00000 5914.70914  12.7%  23.1 9300s
 14676731 8074378 infeasible  118      6773.00000 5914.71494  12.7%  23.1 9305s
 14684669 8080257 6431.89998  119  102 6773.00000 5914.71867  12.7%  23.1 9311s
 14693641 8083923 6125.61922  101  157 6773.00000 5914.71867  12.7%  23.0 9315s
 14701836 8088776     cutoff  128      6773.00000 5914.71867  12.7%  23.0 9320s
 14710262 8093234 6100.85529   51  157 6773.00000 5914.72037  12.7%  23.1 9325s
 14714834 8095283 6073.99514   84   53 6773.00000 5914.72161  12.7%  23.1 9330s
 14719211 8097810 6026.54520   75   99 6773.00000 5914.72161  12.7%  23.1 9335s
 14728984 8103196 infeasible  113      6773.00000 5914.72263  12.7%  23.1 9340s
 14738575 8107670     cutoff  110      6773.00000 5914.72818  12.7%  23.1 9345s
 14748346 8112140 6487.17678   58   34 6773.00000 5914.73873  12.7%  23.0 9350s
 14755143 8114632 6103.38770   72   71 6773.00000 5914.74162  12.7%  23.1 9355s
 14762943 8118245 6340.01469   69  146 6773.00000 5914.75293  12.7%  23.1 9360s
 14772362 8123255 6166.06712   98   82 6773.00000 5914.75996  12.7%  23.0 9365s
 14781695 8127822 6036.39935   90   77 6773.00000 5914.76005  12.7%  23.0 9370s
 14791145 8132754     cutoff  139      6773.00000 5914.76494  12.7%  23.0 9375s
 14800182 8138025 6304.52954   82  198 6773.00000 5914.77173  12.7%  23.0 9380s
 14810249 8142452 infeasible  101      6773.00000 5914.78346  12.7%  23.0 9385s
 14819304 8146549 6035.19280  102   61 6773.00000 5914.78977  12.7%  23.0 9390s
 14824091 8148525 5917.03328   68   90 6773.00000 5914.79672  12.7%  23.0 9395s
 14832351 8153217 infeasible   62      6773.00000 5914.80033  12.7%  23.0 9400s
 14839437 8156086 6535.30867   98   79 6773.00000 5914.81102  12.7%  23.0 9405s
 14848954 8161393 6531.70666   94   84 6773.00000 5914.82646  12.7%  23.0 9410s
 14857057 8165166 6234.75496   70  159 6773.00000 5914.83097  12.7%  23.0 9415s
 14867370 8170385 6107.58790   89   42 6773.00000 5914.83366  12.7%  23.0 9420s
 14875762 8175066 6192.03697   54   65 6773.00000 5914.83463  12.7%  23.0 9425s
 14885122 8179603 6315.15127   97   55 6773.00000 5914.84596  12.7%  23.0 9430s
 14895186 8184789 infeasible  103      6773.00000 5914.84665  12.7%  23.0 9435s
 14904852 8190116 infeasible   97      6773.00000 5914.85981  12.7%  23.0 9440s
 14913316 8194489 infeasible   86      6773.00000 5914.86939  12.7%  23.0 9445s
 14921631 8198638 6356.93255  108  102 6773.00000 5914.86939  12.7%  23.0 9450s
 14928893 8201528 6129.42191  109  138 6773.00000 5914.87322  12.7%  23.0 9455s
 14930710 8202765 6044.86583  102   90 6773.00000 5914.87322  12.7%  23.0 9460s
 14935406 8204607 5927.19486   91  153 6773.00000 5914.87322  12.7%  23.0 9465s
 14939237 8206855 6319.60852  121   62 6773.00000 5914.87322  12.7%  23.0 9470s
 14947830 8210327 6623.10337   94   31 6773.00000 5914.87517  12.7%  23.0 9475s
 14957361 8215562 5995.59235   62  131 6773.00000 5914.88667  12.7%  23.0 9480s
 14966735 8219804 6122.48492   99  103 6773.00000 5914.88814  12.7%  23.0 9485s
 14975477 8224833 6301.97933  103   88 6773.00000 5914.88885  12.7%  23.0 9490s
 14984352 8229009 6032.06550   99  144 6773.00000 5914.89354  12.7%  23.0 9495s
 14995312 8235044 5925.69290   53  222 6773.00000 5914.90522  12.7%  23.0 9500s
 15004369 8240174 6126.32462   76   60 6773.00000 5914.92398  12.7%  23.0 9505s
 15011991 8245213 5922.55052   83  151 6773.00000 5914.92960  12.7%  23.0 9510s
 15020942 8249670     cutoff  103      6773.00000 5914.93435  12.7%  23.0 9515s
 15029159 8253914 6542.39288  116   70 6773.00000 5914.93714  12.7%  23.0 9520s
 15035209 8258743 6192.74255   72   65 6773.00000 5914.94285  12.7%  23.0 9525s
 15045463 8263387 6120.66258   87   52 6773.00000 5914.95464  12.7%  23.0 9530s
 15052066 8266679     cutoff   75      6773.00000 5914.96071  12.7%  23.0 9535s
 15061929 8271211 6060.10338   95   71 6773.00000 5914.96629  12.7%  23.0 9540s
 15069174 8275522 6321.88405   62   51 6773.00000 5914.96847  12.7%  23.0 9545s
 15077370 8279300 infeasible  100      6773.00000 5914.97472  12.7%  23.0 9550s
 15084543 8282994 infeasible   83      6773.00000 5914.97717  12.7%  23.0 9555s
 15092253 8287891 6519.80117  134   59 6773.00000 5914.98462  12.7%  23.0 9560s
 15100177 8290810 5929.63594   81  173 6773.00000 5914.99470  12.7%  23.0 9565s
 15103929 8292542 6312.31263   89   79 6773.00000 5914.99665  12.7%  23.0 9570s
 15107650 8294643 infeasible   89      6773.00000 5914.99665  12.7%  23.0 9575s
 15113769 8297382 infeasible  114      6773.00000 5914.99700  12.7%  23.0 9580s
 15121575 8301346 6427.04050  128   17 6773.00000 5915.00761  12.7%  23.0 9585s
 15128713 8305067 5920.03827   59  195 6773.00000 5915.02012  12.7%  23.0 9590s
 15136218 8309705 6450.07650  108   47 6773.00000 5915.03162  12.7%  23.0 9595s
 15146160 8314591 6372.50656  125  125 6773.00000 5915.03601  12.7%  23.0 9600s
 15155279 8319502 infeasible  120      6773.00000 5915.04387  12.7%  23.0 9605s
 15163302 8324454 5921.98547   61   41 6773.00000 5915.04773  12.7%  23.0 9610s
 15172085 8328004 6365.69224  100   72 6773.00000 5915.05348  12.7%  23.0 9615s
 15179861 8331848 6362.92467   66   26 6773.00000 5915.06532  12.7%  23.0 9620s
 15187158 8335767 6565.13593   77  152 6773.00000 5915.07168  12.7%  23.0 9625s
 15195977 8340313 infeasible   74      6773.00000 5915.07612  12.7%  23.0 9630s
 15201914 8344323 6233.31893   85  127 6773.00000 5915.08382  12.7%  23.0 9635s
 15212323 8348807 6120.92138   56   68 6773.00000 5915.09224  12.7%  23.0 9640s
 15220524 8354329 6220.01142   86   83 6773.00000 5915.10581  12.7%  23.0 9645s
 15229865 8358724 6222.24586  107   89 6773.00000 5915.10768  12.7%  23.0 9650s
 15241446 8364639 5974.14756   73   63 6773.00000 5915.11729  12.7%  23.0 9655s
 15247677 8367530 infeasible   77      6773.00000 5915.12737  12.7%  23.0 9660s
 15253448 8370048 6053.17804  100   66 6773.00000 5915.12787  12.7%  23.0 9665s
 15262531 8375017 5923.71289   74  179 6773.00000 5915.12924  12.7%  23.0 9670s
 15271438 8379928 5922.83063   58   69 6773.00000 5915.13667  12.7%  23.0 9675s
 15274620 8385945 6596.82316   77  187 6773.00000 5915.14140  12.7%  23.0 9692s
 15288258 8387187 6430.77396   95   57 6773.00000 5915.15745  12.7%  23.0 9695s
 15296126 8391864 6343.18928   97   61 6773.00000 5915.15973  12.7%  23.0 9700s
 15305352 8396369 6422.89933   85  126 6773.00000 5915.16607  12.7%  23.0 9705s
 15313125 8399380 6029.89582   77  132 6773.00000 5915.17180  12.7%  23.0 9710s
 15314222 8400292 5929.27103   85   90 6773.00000 5915.17180  12.7%  23.0 9715s
 15318952 8404145 6448.75750   87  115 6773.00000 5915.17180  12.7%  23.0 9720s
 15328046 8406868 infeasible   89      6773.00000 5915.17180  12.7%  23.0 9725s
 15336137 8411586 6094.04841   69  109 6773.00000 5915.17398  12.7%  23.0 9730s
 15343584 8415352     cutoff   85      6773.00000 5915.18320  12.7%  23.0 9735s
 15352043 8420397 6157.85190   94   50 6773.00000 5915.18320  12.7%  23.0 9740s
 15361395 8424883 6612.35917   97   56 6773.00000 5915.19247  12.7%  23.0 9745s
 15369030 8428383 6359.54455   87  111 6773.00000 5915.19363  12.7%  23.0 9750s
 15377988 8434133 6411.39627  101   48 6773.00000 5915.20744  12.7%  23.0 9755s
 15386381 8438021 6229.97416  121   69 6773.00000 5915.21406  12.7%  23.0 9760s
 15394370 8442131 infeasible   90      6773.00000 5915.21979  12.7%  23.0 9765s
 15403160 8448472 6619.24732  116   42 6773.00000 5915.22021  12.7%  23.0 9770s
 15413412 8453178 infeasible  124      6773.00000 5915.22694  12.7%  23.0 9775s
 15421017 8457386 infeasible   89      6773.00000 5915.23195  12.7%  23.0 9780s
 15430140 8462646 6156.39424   98   69 6773.00000 5915.23195  12.7%  23.0 9785s
 15439887 8467723 6013.74970   84   78 6773.00000 5915.23244  12.7%  23.0 9790s
 15448428 8471710 infeasible   69      6773.00000 5915.24393  12.7%  23.0 9795s
 15457876 8477684 5923.81663   77  178 6773.00000 5915.25379  12.7%  23.0 9800s
 15465366 8483030 6624.31800  134   39 6773.00000 5915.26568  12.7%  23.0 9805s
 15474036 8487680 6210.87032   84  101 6773.00000 5915.27431  12.7%  23.0 9810s
 15481713 8491004 6505.14664  102   76 6773.00000 5915.28020  12.7%  23.0 9815s
 15488997 8494367 6114.27379   63   79 6773.00000 5915.29265  12.7%  23.0 9820s
 15499359 8499964 6580.28758   67  155 6773.00000 5915.30000  12.7%  23.0 9825s
 15507880 8504713 5935.94183   52  139 6773.00000 5915.31197  12.7%  23.0 9830s
 15517911 8510701 6607.46798  110   87 6773.00000 5915.31363  12.7%  23.0 9835s
 15525769 8515408 6413.18678   85   86 6773.00000 5915.32383  12.7%  23.0 9840s
 15532701 8518203 infeasible   85      6773.00000 5915.32588  12.7%  23.0 9845s
 15541440 8523161 5981.85957  100   75 6773.00000 5915.33962  12.7%  23.0 9850s
 15551078 8527965 6005.37615   76  127 6773.00000 5915.36060  12.7%  23.0 9855s
 15560757 8533084 6076.32644  105   69 6773.00000 5915.37360  12.7%  23.0 9860s
 15570004 8537814 6334.73135   83  146 6773.00000 5915.38052  12.7%  23.0 9865s
 15574432 8539472 6566.50745  110   67 6773.00000 5915.38703  12.7%  23.0 9870s
 15577718 8541207 6009.72437   72   70 6773.00000 5915.39566  12.7%  23.0 9875s
 15582281 8542915 6412.40752   86  137 6773.00000 5915.39635  12.7%  23.0 9880s
 15586223 8545185 6015.09557   82   62 6773.00000 5915.39701  12.7%  23.0 9885s
 15594168 8549468 5931.66498   58  133 6773.00000 5915.40567  12.7%  23.0 9890s
 15601823 8553299 6451.72967   73  135 6773.00000 5915.41535  12.7%  23.0 9895s
 15609936 8557824 6332.74337  110  106 6773.00000 5915.43071  12.7%  23.0 9900s
 15620077 8562487     cutoff   62      6773.00000 5915.43513  12.7%  23.0 9905s
 15626376 8565552 6064.34050   77   97 6773.00000 5915.44328  12.7%  23.0 9910s
 15634800 8570562 6334.90081  102   63 6773.00000 5915.44950  12.7%  23.0 9915s
 15643877 8574903 6468.36360   79   56 6773.00000 5915.45956  12.7%  23.0 9920s
 15651716 8580028 6045.09928  107   90 6773.00000 5915.46659  12.7%  23.0 9925s
 15661726 8584217 infeasible   99      6773.00000 5915.48644  12.7%  23.0 9930s
 15668559 8588312 6241.15189   99   86 6773.00000 5915.49687  12.7%  23.0 9935s
 15677324 8592659     cutoff   75      6773.00000 5915.51607  12.7%  23.0 9940s
 15686921 8597954     cutoff  113      6773.00000 5915.53740  12.7%  23.0 9945s
 15696782 8604692 6620.29215  117   54 6773.00000 5915.54286  12.7%  23.0 9950s
 15706402 8609803     cutoff  125      6773.00000 5915.54712  12.7%  23.0 9955s
 15714443 8614400 infeasible  115      6773.00000 5915.55145  12.7%  23.0 9960s
 15722011 8618875 6535.74778  103  167 6773.00000 5915.55993  12.7%  23.0 9965s
 15729843 8621620 infeasible   96      6773.00000 5915.56819  12.7%  23.0 9970s
 15737034 8625175 6009.31046   99   52 6773.00000 5915.57888  12.7%  23.0 9975s
 15738009 8625822 5937.17601   97  155 6773.00000 5915.57888  12.7%  23.0 9981s
 15741809 8627672 5936.67673   90  139 6773.00000 5915.58329  12.7%  23.0 9985s
 15748943 8631897 6537.28303  122   24 6773.00000 5915.58836  12.7%  23.0 9991s
 15754412 8633387 6154.75663   81   88 6773.00000 5915.59147  12.7%  23.0 9995s
 15761854 8638720 6180.00935  104   63 6773.00000 5915.59797  12.7%  23.0 10000s
 15770999 8643134 6109.79871   84   74 6773.00000 5915.60404  12.7%  23.0 10005s
 15778325 8648103 6262.90116   98   83 6773.00000 5915.61216  12.7%  23.0 10010s
 15786026 8651998 5931.06906   86  151 6773.00000 5915.61216  12.7%  23.0 10015s
 15794723 8656492     cutoff   96      6773.00000 5915.61216  12.7%  23.0 10020s
 15802542 8661180 6254.34626  108   46 6773.00000 5915.61496  12.7%  23.0 10025s
 15812787 8666363 6450.59235  109   56 6773.00000 5915.61496  12.7%  23.0 10030s
 15820714 8671799 6410.15941  114   83 6773.00000 5915.61687  12.7%  23.0 10035s
 15828640 8675447 6170.83767   66   28 6773.00000 5915.62591  12.7%  23.0 10040s
 15836144 8678322 6563.63817   83   35 6773.00000 5915.62591  12.7%  23.0 10045s
 15845109 8682848 6035.07092   85   74 6773.00000 5915.63218  12.7%  23.0 10050s
 15852280 8686820 6460.12143  112   45 6773.00000 5915.63597  12.7%  23.0 10055s
 15861514 8691733 6451.31819   90  105 6773.00000 5915.64109  12.7%  23.0 10060s
 15869060 8695735 6303.86172  104  126 6773.00000 5915.65171  12.7%  23.0 10065s
 15869154 8695780 infeasible  107      6773.00000 5915.65190  12.7%  23.0 10070s
 15869242 8695811 6037.46316   68   20 6773.00000 5915.65190  12.7%  23.0 10076s
 15869281 8695817 6052.61316   70   21 6773.00000 5915.65190  12.7%  23.0 10080s
 15869784 8696096 infeasible   71      6773.00000 5915.65221  12.7%  23.0 10085s
 15873261 8697850 6251.25000   76   14 6773.00000 5915.65221  12.7%  23.0 10091s
 15877200 8699374 6170.47208   55  103 6773.00000 5915.66200  12.7%  23.0 10095s
 15882447 8701850 6328.60992   72  142 6773.00000 5915.66667  12.7%  23.0 10100s
 15885833 8702978     cutoff   78      6773.00000 5915.67453  12.7%  23.0 10105s
 15889315 8705267 6300.09564   60  132 6773.00000 5915.67838  12.7%  23.0 10111s
 15894542 8707927 6505.23662   96   45 6773.00000 5915.68330  12.7%  23.0 10115s
 15900429 8710542 6475.59542  104   19 6773.00000 5915.69202  12.7%  23.0 10120s
 15906191 8713166 6218.50836   74  144 6773.00000 5915.70085  12.7%  23.0 10125s
 15914780 8717275 infeasible   87      6773.00000 5915.71222  12.7%  23.0 10130s
 15923494 8721492     cutoff   83      6773.00000 5915.71894  12.7%  23.0 10135s
 15931802 8725667 6420.50791  115  111 6773.00000 5915.72390  12.7%  23.0 10140s
 15941477 8730431 6324.14796  109   49 6773.00000 5915.72637  12.7%  23.0 10145s
 15951192 8735397 6216.15069  103   65 6773.00000 5915.73984  12.7%  23.0 10150s
 15961117 8741470 5930.59350   63  183 6773.00000 5915.74696  12.7%  23.0 10155s
 15969951 8745417 6115.43652   78   95 6773.00000 5915.74770  12.7%  23.0 10160s
 15978586 8750093 6741.94276  124   44 6773.00000 5915.75173  12.7%  23.0 10165s
 15987932 8755347 6250.79928   84  161 6773.00000 5915.76578  12.7%  23.0 10170s
 15997038 8760459 6551.66159  129  110 6773.00000 5915.77950  12.7%  23.0 10175s
 16005336 8764156 5941.50478  100  110 6773.00000 5915.79164  12.7%  23.0 10180s
 16014403 8769189 infeasible   61      6773.00000 5915.79702  12.7%  23.0 10185s
 16023326 8773893     cutoff  123      6773.00000 5915.81490  12.7%  23.0 10190s
 16032518 8779000 infeasible  113      6773.00000 5915.82977  12.7%  23.0 10195s
 16040879 8783599 infeasible   86      6773.00000 5915.83732  12.7%  23.0 10200s
 16047544 8788879 6464.82074   79  121 6773.00000 5915.84136  12.7%  23.0 10205s
 16058434 8793802 6127.17898   75  167 6773.00000 5915.85139  12.7%  23.0 10210s
 16067888 8798834 5920.01964   92  117 6773.00000 5915.86842  12.7%  23.0 10215s
 16077701 8803686 6118.11450  105  131 6773.00000 5915.88384  12.7%  23.0 10220s
 16084983 8808803 6229.60710   83  162 6773.00000 5915.89757  12.7%  23.0 10225s
 16094535 8812806 6018.82962   58  113 6773.00000 5915.90517  12.7%  23.0 10230s
 16102942 8817363 infeasible   96      6773.00000 5915.91640  12.7%  23.0 10235s
 16103931 8817712 6025.61829   90   41 6773.00000 5915.92141  12.7%  23.0 10240s
 16109602 8821032 6760.35457  104   79 6773.00000 5915.92943  12.7%  23.0 10245s
 16118705 8826156 infeasible  107      6773.00000 5915.93489  12.7%  23.0 10250s
 16128434 8831418 6322.06768   96   63 6773.00000 5915.95187  12.7%  23.0 10255s
 16135892 8834195 infeasible  102      6773.00000 5915.96455  12.7%  23.0 10260s
 16144020 8838333 infeasible  134      6773.00000 5915.97560  12.7%  23.0 10265s
 16151745 8843293 6079.19920   99   58 6773.00000 5915.99188  12.7%  23.0 10270s
 16159817 8845904 6595.14463   95  112 6773.00000 5916.00244  12.7%  23.0 10275s
 16165702 8847458 6013.18914   82   91 6773.00000 5916.00244  12.7%  23.0 10280s
 16171476 8849597 6375.08927   98   77 6773.00000 5916.00244  12.7%  23.0 10285s
 16178348 8852031 6563.15829  108   72 6773.00000 5916.00244  12.7%  23.0 10290s
 16184629 8854864 6054.21594   88   99 6773.00000 5916.00951  12.7%  23.0 10295s
 16190438 8857311 6061.90702   68   93 6773.00000 5916.01639  12.7%  23.0 10300s
 16198943 8861686 infeasible  113      6773.00000 5916.02706  12.7%  23.0 10305s
 16208070 8866858 6409.51471  117  106 6773.00000 5916.03336  12.7%  23.0 10310s
 16217141 8872315 6477.05628  103   67 6773.00000 5916.04592  12.7%  23.0 10315s
 16225455 8876488     cutoff  111      6773.00000 5916.05655  12.7%  23.0 10320s
 16232912 8880489 6080.42761   60  143 6773.00000 5916.06250  12.7%  23.0 10325s
 16239999 8883946 6124.71864   63   76 6773.00000 5916.07246  12.7%  23.0 10330s
 16247698 8888719 6450.43263   83   60 6773.00000 5916.08698  12.7%  23.0 10335s
 16256120 8892517 6073.07669   70   93 6773.00000 5916.09803  12.7%  23.0 10340s
 16266321 8897575 6070.19184  103   74 6773.00000 5916.09928  12.7%  23.0 10345s
 16275314 8902523 6537.99800  122   69 6773.00000 5916.09928  12.7%  23.0 10350s
 16284332 8906300 6565.30760  108   37 6773.00000 5916.09928  12.7%  23.0 10355s
 16292746 8910442 infeasible  110      6773.00000 5916.09928  12.7%  23.0 10360s
 16302152 8915244 5972.65820  104   43 6773.00000 5916.09928  12.7%  23.0 10365s
 16303487 8915915 6072.61176  106   73 6773.00000 5916.09928  12.7%  23.0 10370s
 16309338 8918982 6272.45455  111   41 6773.00000 5916.09928  12.7%  23.0 10375s
 16317526 8922805 6249.73675  102   72 6773.00000 5916.09928  12.7%  23.0 10380s
 16326130 8928197 6005.83917   84  153 6773.00000 5916.10544  12.7%  23.0 10385s
 16332904 8931411 6100.01895   96   85 6773.00000 5916.11467  12.7%  23.0 10390s
 16340364 8936923 6567.13805   61  148 6773.00000 5916.12135  12.7%  23.0 10395s
 16350425 8941063     cutoff  125      6773.00000 5916.13705  12.7%  23.0 10400s
 16360300 8946298     cutoff  102      6773.00000 5916.14137  12.7%  23.0 10405s
 16368102 8951646 infeasible   92      6773.00000 5916.14137  12.7%  23.0 10410s
 16377629 8958249 6013.33777   82  116 6773.00000 5916.14137  12.7%  23.0 10415s
 16388152 8963827 6321.46708   85   83 6773.00000 5916.14137  12.7%  23.0 10420s
 16398514 8969395 infeasible   94      6773.00000 5916.14137  12.7%  23.0 10425s
 16409210 8975802 6110.61443   72  106 6773.00000 5916.14353  12.7%  23.0 10430s
 16417736 8980839 5922.47465   90   90 6773.00000 5916.14870  12.7%  23.0 10435s
 16426320 8986141 6556.48589   85  122 6773.00000 5916.14870  12.7%  23.0 10440s
 16434292 8989679 6440.90664   85  122 6773.00000 5916.14870  12.7%  23.0 10445s
 16443596 8994952 infeasible  137      6773.00000 5916.14870  12.7%  23.0 10450s
 16452139 8999446 6527.60892   98   43 6773.00000 5916.14870  12.7%  23.0 10455s
 16459319 9003543 infeasible   86      6773.00000 5916.14870  12.7%  23.0 10460s
 16467123 9009414 6007.85972   74  155 6773.00000 5916.14870  12.7%  23.0 10465s
 16475067 9013511 6227.90540   71   89 6773.00000 5916.15114  12.7%  23.0 10470s
 16485539 9018890 infeasible  104      6773.00000 5916.15972  12.7%  23.0 10475s
 16492786 9022444 6431.73666   88   85 6773.00000 5916.15987  12.7%  23.0 10480s
 16501880 9026414 infeasible  130      6773.00000 5916.16681  12.7%  23.0 10485s
 16508577 9030443     cutoff  126      6773.00000 5916.16681  12.7%  23.0 10490s
 16518141 9034840 6758.73918  135   27 6773.00000 5916.16681  12.7%  23.0 10495s
 16524685 9037956 6577.83963  123   64 6773.00000 5916.16681  12.7%  23.0 10500s
 16527739 9039851 6200.13211  111   65 6773.00000 5916.16681  12.7%  23.0 10505s
 16535915 9045024 6117.20895   67  120 6773.00000 5916.16881  12.7%  23.0 10510s
 16545109 9049683     cutoff   99      6773.00000 5916.17103  12.7%  23.0 10515s
 16552446 9053050 6006.35227   73   86 6773.00000 5916.17103  12.7%  23.0 10520s
 16559435 9056587     cutoff   97      6773.00000 5916.17103  12.7%  23.0 10525s
 16568103 9062006 6229.06336   75  119 6773.00000 5916.17880  12.7%  23.0 10530s
 16577843 9067501 6573.61031  100   64 6773.00000 5916.20107  12.7%  23.0 10535s
 16588512 9073547 6431.75233  119   29 6773.00000 5916.20522  12.7%  23.0 10540s
 16600769 9080562 6460.46725   83   19 6773.00000 5916.20565  12.7%  23.0 10545s
 16608617 9084781 6557.01088  108   84 6773.00000 5916.21352  12.7%  23.0 10550s
 16618563 9090187     cutoff   80      6773.00000 5916.23292  12.6%  23.0 10555s
 16626537 9094183 6021.51852   80  142 6773.00000 5916.24749  12.6%  23.0 10560s
 16635193 9098853 5917.49117   81   94 6773.00000 5916.26159  12.6%  23.0 10565s
 16643856 9103704 5986.83612   78  137 6773.00000 5916.26159  12.6%  23.0 10570s
 16651162 9108122 infeasible   93      6773.00000 5916.26159  12.6%  23.0 10575s
 16661264 9113480 6574.16190   95   70 6773.00000 5916.26159  12.6%  23.0 10580s
 16669170 9118450 5922.47062   91   92 6773.00000 5916.26159  12.6%  23.0 10585s
 16674580 9120850 6243.21237   84  142 6773.00000 5916.26159  12.6%  23.0 10590s
 16684465 9125747 6364.89692   95  101 6773.00000 5916.26159  12.6%  23.0 10595s
 16689453 9129669 6313.76572   95  137 6773.00000 5916.26159  12.6%  23.0 10600s
 16699927 9133759     cutoff   99      6773.00000 5916.26159  12.6%  23.0 10605s
 16706758 9137637 6035.44817   92   63 6773.00000 5916.26159  12.6%  23.0 10610s
 16715224 9141884 infeasible   97      6773.00000 5916.26159  12.6%  23.0 10615s
 16720599 9144491 5921.31168   84   91 6773.00000 5916.26159  12.6%  23.0 10620s
 16722914 9146001 6486.60000  119   21 6773.00000 5916.26260  12.6%  23.0 10625s
 16729421 9149810 6336.25299  120   63 6773.00000 5916.26546  12.6%  23.0 10630s
 16737597 9153197     cutoff  121      6773.00000 5916.27268  12.6%  23.0 10635s
 16744775 9156823 5999.93905   76   91 6773.00000 5916.27315  12.6%  23.0 10640s
 16754024 9161853 5924.43052   89  122 6773.00000 5916.27664  12.6%  23.0 10645s
 16761913 9166279 infeasible  100      6773.00000 5916.27688  12.6%  23.0 10650s
 16769273 9170974 6592.52712   76   88 6773.00000 5916.27688  12.6%  23.0 10655s
 16777935 9174722 6314.26316   61  214 6773.00000 5916.28375  12.6%  23.0 10660s
 16787316 9180351 infeasible   99      6773.00000 5916.28604  12.6%  23.0 10665s
 16795969 9184643 6620.89371   91  108 6773.00000 5916.28685  12.6%  23.0 10670s
 16802210 9188900 6089.99580   86   96 6773.00000 5916.28685  12.6%  23.0 10675s
 16810374 9191989 5967.60297   91   90 6773.00000 5916.28685  12.6%  23.0 10680s
 16817177 9196669 6568.85158  111   23 6773.00000 5916.28685  12.6%  23.0 10685s
 16824968 9199445 6581.35169   87   39 6773.00000 5916.28685  12.6%  23.0 10690s
 16831070 9201942 6399.61513   83   43 6773.00000 5916.28685  12.6%  23.0 10695s
 16836552 9206080 6106.14289   86  156 6773.00000 5916.28685  12.6%  23.0 10700s
 16842555 9208824 6429.42125  100  134 6773.00000 5916.28685  12.6%  23.0 10705s
 16849983 9211743 infeasible  110      6773.00000 5916.28685  12.6%  23.0 10710s
 16859270 9216618 infeasible  111      6773.00000 5916.28685  12.6%  23.0 10715s
 16865840 9220092 6082.24657   85   74 6773.00000 5916.28685  12.6%  23.0 10720s
 16872688 9223492 infeasible   99      6773.00000 5916.28685  12.6%  23.0 10725s
 16878670 9227182 6533.61665  130   66 6773.00000 5916.28685  12.6%  23.0 10730s
 16887061 9230731 6108.69773   98   68 6773.00000 5916.29108  12.6%  23.0 10735s
 16893003 9234241 5995.44139   87  144 6773.00000 5916.29108  12.6%  23.0 10740s
 16901705 9237693 infeasible   99      6773.00000 5916.29873  12.6%  23.0 10745s
 16902884 9238036 6013.01928   64  112 6773.00000 5916.29988  12.6%  23.0 10750s
 16906632 9239737     cutoff   69      6773.00000 5916.30318  12.6%  23.0 10755s
 16913881 9243056 6158.52513   96   89 6773.00000 5916.30950  12.6%  23.0 10760s
 16920618 9247675 6630.38711   90   35 6773.00000 5916.30950  12.6%  23.0 10765s
 16928331 9252340 6319.82878   75   52 6773.00000 5916.31448  12.6%  23.0 10770s
 16939370 9257119 6223.46708   72  204 6773.00000 5916.33942  12.6%  23.0 10775s
 16946077 9261958 5927.80506   65  103 6773.00000 5916.34993  12.6%  23.0 10780s
 16956332 9266305 6461.20945  114   32 6773.00000 5916.36135  12.6%  23.0 10785s
 16965962 9270977 6259.88377   99   74 6773.00000 5916.36717  12.6%  23.0 10790s
 16973886 9275893 6216.66641   77  199 6773.00000 5916.37223  12.6%  23.0 10795s
 16982109 9280455 6217.43083   96  144 6773.00000 5916.37610  12.6%  23.0 10800s
 16989691 9284816 6011.69844   77  179 6773.00000 5916.37610  12.6%  23.0 10805s
 16997514 9290140 6216.26592   79  177 6773.00000 5916.37610  12.6%  23.0 10810s
 17005435 9294224 6012.35656   73  170 6773.00000 5916.37610  12.6%  23.0 10815s
 17013118 9299174 6217.09026   89  154 6773.00000 5916.37610  12.6%  23.0 10820s
 17020697 9304745 6019.62632   82  137 6773.00000 5916.37610  12.6%  23.0 10825s
 17029485 9308603     cutoff   70      6773.00000 5916.38163  12.6%  23.0 10830s
 17035585 9311221     cutoff   85      6773.00000 5916.38200  12.6%  23.0 10835s
 17043023 9314445     cutoff   82      6773.00000 5916.38200  12.6%  23.0 10840s
 17051701 9319871 6200.44120   58  132 6773.00000 5916.39694  12.6%  23.0 10845s
 17059600 9323288 6329.03067   77   37 6773.00000 5916.40672  12.6%  23.0 10850s
 17067409 9328351 6130.78479   70   33 6773.00000 5916.41509  12.6%  23.0 10855s
 17073610 9331229 6026.82475   86  155 6773.00000 5916.41859  12.6%  23.0 10860s
 17080298 9334469 6414.57283  100   82 6773.00000 5916.41859  12.6%  23.0 10865s
 17086883 9336748 6354.93108   88   80 6773.00000 5916.41859  12.6%  23.0 10870s
 17092515 9339145 6091.12103   90   72 6773.00000 5916.41859  12.6%  23.0 10875s
 17099878 9342018     cutoff   83      6773.00000 5916.41859  12.6%  23.0 10880s
 17108628 9347413 5937.50651   84   65 6773.00000 5916.42423  12.6%  23.0 10885s
 17118846 9351851 6256.70554   90   58 6773.00000 5916.43348  12.6%  23.0 10890s
 17125031 9354736     cutoff  109      6773.00000 5916.44082  12.6%  23.0 10895s
 17131810 9358272 6297.44304   86  139 6773.00000 5916.44407  12.6%  23.0 10900s
 17134327 9359885 6407.18553   85  145 6773.00000 5916.44709  12.6%  23.0 10905s
 17143036 9365501 6363.84023   79   51 6773.00000 5916.45630  12.6%  23.0 10910s
 17152212 9369460 6109.98516   64  106 6773.00000 5916.46377  12.6%  23.0 10915s
 17161772 9374025     cutoff   74      6773.00000 5916.46377  12.6%  23.0 10920s
 17170810 9377832 6334.94293   77   88 6773.00000 5916.46377  12.6%  23.0 10925s
 17180686 9383508 5947.77676   76   88 6773.00000 5916.46579  12.6%  23.0 10930s
 17190225 9389099 6329.50948   91   57 6773.00000 5916.46579  12.6%  23.0 10935s
 17199666 9393277 infeasible  119      6773.00000 5916.46579  12.6%  23.0 10940s
 17207529 9398636 6037.66784   91   91 6773.00000 5916.46579  12.6%  23.0 10945s
 17217481 9403314 5999.65127   60  130 6773.00000 5916.46579  12.6%  23.0 10950s
 17227243 9408903 6288.76684  112   84 6773.00000 5916.47013  12.6%  23.0 10955s
 17235262 9412726 infeasible   93      6773.00000 5916.48760  12.6%  23.0 10960s
 17243890 9417268 5963.85080  100   64 6773.00000 5916.50500  12.6%  23.0 10965s
 17250982 9421245     cutoff  113      6773.00000 5916.51189  12.6%  23.0 10970s
 17259594 9426051 6011.10007  103  150 6773.00000 5916.52000  12.6%  23.0 10975s
 17269640 9430754 infeasible   88      6773.00000 5916.53712  12.6%  23.0 10980s
 17276396 9434944 6216.46271   60   90 6773.00000 5916.54097  12.6%  23.0 10985s
 17285205 9439909 6106.69094   59  142 6773.00000 5916.55007  12.6%  23.0 10990s
 17292206 9444032 6071.63746   72   77 6773.00000 5916.55748  12.6%  23.0 10995s
 17301475 9447974     cutoff   82      6773.00000 5916.56524  12.6%  23.0 11000s
 17307101 9452108 6443.11327   76  179 6773.00000 5916.57319  12.6%  23.0 11005s
 17316938 9456228 6660.49809   82   82 6773.00000 5916.59172  12.6%  23.0 11010s
 17325042 9460953 6419.51774   72   69 6773.00000 5916.59993  12.6%  23.0 11015s
 17332536 9463956 6221.63741   62  122 6773.00000 5916.61467  12.6%  23.0 11020s
 17339659 9468100 6343.72805   70  120 6773.00000 5916.62008  12.6%  23.0 11025s
 17350831 9474137 6146.16207   76   80 6773.00000 5916.62008  12.6%  23.0 11030s
 17358706 9478463 6026.14493  110   76 6773.00000 5916.63464  12.6%  23.0 11035s
 17368202 9483062     cutoff   89      6773.00000 5916.65880  12.6%  23.0 11041s
 17368485 9483928 infeasible  116      6773.00000 5916.65931  12.6%  23.0 11045s
 17376839 9487572 6558.13303  121   56 6773.00000 5916.66447  12.6%  23.0 11050s
 17384529 9492410 6237.74999   97   95 6773.00000 5916.66920  12.6%  23.0 11055s
 17393967 9497037 6015.21204   66   82 6773.00000 5916.67140  12.6%  23.0 11060s
 17402387 9501475 6285.19440   91  102 6773.00000 5916.67151  12.6%  23.0 11065s
 17409772 9505332 6224.76042   75   58 6773.00000 5916.67151  12.6%  23.0 11070s
 17416256 9508831 6125.60510   63  145 6773.00000 5916.67151  12.6%  23.0 11075s
 17423969 9513587 5963.40934   63   92 6773.00000 5916.67363  12.6%  23.0 11080s
 17433221 9517674 6127.23019   70   80 6773.00000 5916.67791  12.6%  23.0 11085s
 17442892 9522581 infeasible  110      6773.00000 5916.67971  12.6%  23.0 11090s
 17450254 9527719 6031.70749   81   89 6773.00000 5916.68101  12.6%  23.0 11095s
 17458828 9532361 6115.31204   95  118 6773.00000 5916.68434  12.6%  23.0 11100s
 17469497 9537225 5928.10780   71  143 6773.00000 5916.69564  12.6%  23.0 11105s
 17477969 9543595 6095.62679   89  134 6773.00000 5916.70611  12.6%  23.0 11111s
 17486832 9547180 6431.17303  103  148 6773.00000 5916.71861  12.6%  23.0 11115s
 17494639 9550673 6017.60557   71  130 6773.00000 5916.72398  12.6%  23.0 11120s
 17503738 9555471 6067.46629  101   76 6773.00000 5916.73501  12.6%  23.0 11125s
 17507727 9557311 6345.95643   70   93 6773.00000 5916.73615  12.6%  23.0 11130s
 17510977 9560051 6012.75745   60  103 6773.00000 5916.73615  12.6%  23.0 11135s
 17520571 9564847 infeasible  142      6773.00000 5916.73816  12.6%  22.9 11140s
 17530532 9570238 5962.10632  101   54 6773.00000 5916.73816  12.6%  22.9 11145s
 17540381 9575719     cutoff  115      6773.00000 5916.74296  12.6%  22.9 11150s
 17548529 9579320     cutoff  121      6773.00000 5916.74560  12.6%  22.9 11155s
 17557577 9583430 6374.19936  113   98 6773.00000 5916.74560  12.6%  22.9 11160s
 17563202 9585640 6372.51551  107   51 6773.00000 5916.74560  12.6%  22.9 11165s
 17566966 9588632 6254.75321  105   58 6773.00000 5916.74560  12.6%  22.9 11170s
 17577100 9592536     cutoff  115      6773.00000 5916.74560  12.6%  22.9 11175s
 17583047 9595982 6127.09759   99  121 6773.00000 5916.74560  12.6%  23.0 11180s
 17592620 9600247 5941.19197   95  133 6773.00000 5916.74560  12.6%  23.0 11185s
 17601076 9604120 infeasible  109      6773.00000 5916.74993  12.6%  23.0 11190s
 17608530 9608213 6375.64565  119   95 6773.00000 5916.75658  12.6%  23.0 11195s
 17617404 9612733 5966.81481  100  134 6773.00000 5916.75658  12.6%  23.0 11200s
 17625332 9616893 6339.80575  109   46 6773.00000 5916.75658  12.6%  23.0 11205s
 17633344 9620526 6512.86318  127   52 6773.00000 5916.75658  12.6%  23.0 11210s
 17641871 9625285 6589.54480  128   59 6773.00000 5916.76479  12.6%  23.0 11215s
 17652949 9629076 5931.92132   91  131 6773.00000 5916.77132  12.6%  23.0 11220s
 17660441 9633865 6372.52584  102   47 6773.00000 5916.77132  12.6%  23.0 11226s
 17670328 9637860 6371.41376  104  127 6773.00000 5916.77132  12.6%  23.0 11230s
 17679367 9641543 6371.40461  103  115 6773.00000 5916.77132  12.6%  23.0 11235s
 17687498 9645404 infeasible  141      6773.00000 5916.77132  12.6%  23.0 11240s
 17695724 9648888 infeasible  109      6773.00000 5916.77132  12.6%  23.0 11245s
 17703264 9653016 6371.44588  114  105 6773.00000 5916.77132  12.6%  23.0 11250s
 17710276 9656236 5931.79170   93  133 6773.00000 5916.77132  12.6%  23.0 11255s
 17718115 9659186 infeasible  103      6773.00000 5916.77132  12.6%  23.0 11260s
 17718507 9659619 5931.94915   97  131 6773.00000 5916.77132  12.6%  23.0 11265s
 17723277 9661946 6315.13435   81  162 6773.00000 5916.77912  12.6%  23.0 11270s
 17732509 9665704 infeasible  135      6773.00000 5916.78523  12.6%  23.0 11275s
 17738171 9668061 6340.63518   67  138 6773.00000 5916.78679  12.6%  23.0 11280s
 17747616 9673034 infeasible   85      6773.00000 5916.79562  12.6%  23.0 11285s
 17756660 9677495 5968.44008  103  131 6773.00000 5916.79915  12.6%  23.0 11290s
 17765283 9681931 6119.13252  101   78 6773.00000 5916.79915  12.6%  23.0 11295s
 17774940 9686831 6551.02714   76   76 6773.00000 5916.81104  12.6%  23.0 11300s
 17786013 9692379 infeasible   63      6773.00000 5916.82200  12.6%  23.0 11305s
 17793397 9695975 6736.06575   96  110 6773.00000 5916.82553  12.6%  23.0 11310s
 17800596 9699370     cutoff   87      6773.00000 5916.83268  12.6%  23.0 11315s
 17808320 9703793 6423.08666  119  128 6773.00000 5916.84005  12.6%  23.0 11321s
 17817303 9707296 6095.86578   85  100 6773.00000 5916.84838  12.6%  23.0 11325s
 17825873 9712300 6526.86933  132   20 6773.00000 5916.85403  12.6%  23.0 11330s
 17834569 9717104 6005.23644   84  133 6773.00000 5916.85521  12.6%  23.0 11335s
 17843206 9721979 6349.66989   88   72 6773.00000 5916.86196  12.6%  23.0 11340s
 17854563 9728456 5923.60319   82   99 6773.00000 5916.86288  12.6%  23.0 11345s
 17866455 9735298 6031.34704   84  103 6773.00000 5916.86288  12.6%  23.0 11350s
 17875032 9740132 infeasible  112      6773.00000 5916.87236  12.6%  23.0 11355s
 17875874 9740390 6224.24404   88  134 6773.00000 5916.87236  12.6%  23.0 11360s
 17880308 9742617     cutoff  102      6773.00000 5916.88182  12.6%  23.0 11365s
 17888734 9746819 infeasible  103      6773.00000 5916.88391  12.6%  23.0 11370s
 17896278 9749823 6446.76450  116   28 6773.00000 5916.88391  12.6%  23.0 11375s
 17904373 9754608 6240.87627   61   83 6773.00000 5916.89465  12.6%  23.0 11380s
 17915171 9759309     cutoff   90      6773.00000 5916.89834  12.6%  23.0 11385s
 17923880 9763418     cutoff   71      6773.00000 5916.89937  12.6%  23.0 11390s
 17932639 9767645 6004.59380   53  107 6773.00000 5916.90667  12.6%  23.0 11395s
 17939682 9771896 6318.00000   88   86 6773.00000 5916.91533  12.6%  23.0 11400s
 17948378 9775849 6425.81787  110   52 6773.00000 5916.92132  12.6%  23.0 11405s
 17953231 9782681 6571.39192  110  126 6773.00000 5916.92132  12.6%  23.0 11423s
 17965231 9784523 6297.39932  104  128 6773.00000 5916.92132  12.6%  23.0 11425s
 17978861 9790042 6695.95941  120  125 6773.00000 5916.92132  12.6%  23.0 11430s
 17988717 9794889 6460.97492  101   38 6773.00000 5916.92132  12.6%  23.0 11435s
 17996645 9798079 6680.81081  114   47 6773.00000 5916.92132  12.6%  23.0 11440s
 18004486 9801172 6617.73061  111   98 6773.00000 5916.92148  12.6%  23.0 11445s
 18012477 9804526 6406.72548  105  134 6773.00000 5916.92611  12.6%  23.0 11450s
 18020286 9809005 6141.38890   82  132 6773.00000 5916.93058  12.6%  23.0 11455s
 18031885 9814428 infeasible  117      6773.00000 5916.93431  12.6%  23.0 11460s
 18041177 9819825 infeasible  114      6773.00000 5916.93431  12.6%  23.0 11465s
 18051069 9825404 infeasible  143      6773.00000 5916.93431  12.6%  23.0 11470s
 18061442 9830972 6302.38840  125  102 6773.00000 5916.93431  12.6%  23.0 11475s
 18069781 9836411 6194.10000  119   36 6773.00000 5916.93431  12.6%  23.0 11480s
 18080202 9841590 6521.32461  122   73 6773.00000 5916.93431  12.6%  23.0 11485s
 18090384 9847100 6446.93333  111   57 6773.00000 5916.93431  12.6%  23.0 11490s
 18099983 9852582 6275.04641  117  100 6773.00000 5916.93431  12.6%  23.0 11495s
 18109817 9857401 infeasible  111      6773.00000 5916.93431  12.6%  23.0 11500s
 18118118 9862505 6571.73392   88   59 6773.00000 5916.94183  12.6%  23.0 11505s
 18126756 9866409 6512.57719  104  119 6773.00000 5916.95027  12.6%  23.0 11510s
 18135930 9871783 6412.68936   58  108 6773.00000 5916.96182  12.6%  23.0 11515s
 18143931 9874971 infeasible  105      6773.00000 5916.96354  12.6%  23.0 11520s
 18150864 9877494 infeasible  104      6773.00000 5916.96354  12.6%  23.0 11525s
 18159068 9880721 infeasible  109      6773.00000 5916.97212  12.6%  23.0 11530s
 18165454 9884679 5919.81087   68  149 6773.00000 5916.98700  12.6%  23.0 11535s
 18172667 9887636 6576.83382   93   76 6773.00000 5916.99241  12.6%  23.0 11540s
 18175414 9889061 6104.48320   72   79 6773.00000 5916.99767  12.6%  23.0 11545s
 18181942 9891735 6221.57506   71   74 6773.00000 5916.99767  12.6%  23.0 11550s
 18186625 9893461 6731.87747   89   78 6773.00000 5916.99767  12.6%  23.0 11555s
 18191620 9895344 infeasible   75      6773.00000 5916.99920  12.6%  23.0 11560s
 18192933 9896218 6336.31895   91   45 6773.00000 5917.00043  12.6%  23.0 11565s
 18199218 9899238 6029.60086   53  120 6773.00000 5917.00973  12.6%  23.0 11571s
 18206723 9903963 6542.99456   86   57 6773.00000 5917.01284  12.6%  23.0 11575s
 18213852 9908730 6003.02811   74   59 6773.00000 5917.01571  12.6%  23.0 11580s
 18224043 9914083 6654.07122   97   96 6773.00000 5917.03099  12.6%  23.0 11585s
 18231975 9918631 6536.98385   92   45 6773.00000 5917.03623  12.6%  23.0 11590s
 18239695 9921770 infeasible   60      6773.00000 5917.04636  12.6%  23.0 11595s
 18248535 9925966 6237.75601   82  153 6773.00000 5917.05859  12.6%  23.0 11600s
 18256383 9930335 infeasible   97      6773.00000 5917.06490  12.6%  23.0 11605s
 18264497 9933905 6298.10998   88   95 6773.00000 5917.07258  12.6%  23.0 11610s
 18272541 9938986 6325.13797   99   87 6773.00000 5917.07964  12.6%  23.0 11615s
 18282413 9943253 6534.35987   83   91 6773.00000 5917.08842  12.6%  23.0 11620s
 18292242 9948096 6245.53996   71   89 6773.00000 5917.08842  12.6%  23.0 11625s
 18301177 9951601     cutoff  110      6773.00000 5917.09156  12.6%  23.0 11630s
 18309968 9956095 6202.32382   66   19 6773.00000 5917.09617  12.6%  23.0 11635s
 18314868 9958348 6037.12719   94   63 6773.00000 5917.09976  12.6%  23.0 11640s
 18319646 9960720 6197.76911   76  100 6773.00000 5917.10387  12.6%  23.0 11645s
 18327037 9964629 infeasible   75      6773.00000 5917.11506  12.6%  23.0 11650s
 18335438 9969572     cutoff  123      6773.00000 5917.12452  12.6%  23.0 11655s
 18344813 9973876 infeasible   99      6773.00000 5917.12452  12.6%  23.0 11660s
 18352720 9978321 6574.03733  104   37 6773.00000 5917.12452  12.6%  23.0 11665s
 18360877 9983558 6633.00000   76   61 6773.00000 5917.12913  12.6%  23.0 11670s
 18369138 9986801 6298.60587   73   60 6773.00000 5917.13658  12.6%  23.0 11675s
 18375486 9990898 6017.90832   51  161 6773.00000 5917.14044  12.6%  23.0 11680s
 18384883 9995161 6301.46155   80   82 6773.00000 5917.15819  12.6%  23.0 11685s
 18393651 9999824 6032.84605   70  125 6773.00000 5917.16516  12.6%  23.0 11690s
 18399504 10002290 6423.50050   75   52 6773.00000 5917.16516  12.6%  23.0 11695s
 18405557 10004688     cutoff   72      6773.00000 5917.16516  12.6%  23.0 11701s
 18413054 10008780 6573.28201   81  112 6773.00000 5917.17233  12.6%  23.0 11705s
 18420060 10012938 6493.85557   82   96 6773.00000 5917.17820  12.6%  23.0 11710s
 18427840 10016070 6008.04948   67  108 6773.00000 5917.18989  12.6%  23.0 11715s
 18436055 10020565 6034.29683   75  133 6773.00000 5917.20493  12.6%  23.0 11720s
 18445609 10025803 6556.36847  106  105 6773.00000 5917.22009  12.6%  23.0 11725s
 18449414 10027105 6432.72812   84   50 6773.00000 5917.22009  12.6%  23.0 11730s
 18452224 10029195 6035.78842   88   56 6773.00000 5917.22253  12.6%  23.0 11735s
 18459013 10031668 6208.73429   91   88 6773.00000 5917.22328  12.6%  23.0 11740s
 18468603 10036477 infeasible   75      6773.00000 5917.22432  12.6%  23.0 11745s
 18479369 10041997 6225.59792   84   64 6773.00000 5917.22432  12.6%  23.0 11750s
 18488629 10047880 5917.22432   65   87 6773.00000 5917.22432  12.6%  23.0 11755s
 18500498 10053848 6333.60517   85   69 6773.00000 5917.22432  12.6%  23.0 11760s
 18510855 10059038 infeasible   95      6773.00000 5917.22432  12.6%  23.0 11765s
 18521038 10064196 infeasible   97      6773.00000 5917.22432  12.6%  23.0 11770s
 18522370 10065461 6430.05000   88  141 6773.00000 5917.22432  12.6%  23.0 11775s
 18529134 10068738 6017.18096   72   69 6773.00000 5917.22432  12.6%  23.0 11780s
 18540230 10075631 6202.23425   81   20 6773.00000 5917.22432  12.6%  23.0 11785s
 18550164 10079991 5975.86481   72   79 6773.00000 5917.22432  12.6%  23.0 11790s
 18557476 10085046 6311.27594  120  123 6773.00000 5917.22655  12.6%  23.0 11795s
 18566992 10090201 6587.68402  103   52 6773.00000 5917.23652  12.6%  23.0 11800s
 18575714 10094745 6232.84634   99   77 6773.00000 5917.25012  12.6%  23.0 11805s
 18583511 10099549 6289.65905   84   31 6773.00000 5917.25760  12.6%  23.0 11811s
 18593536 10103730 infeasible   56      6773.00000 5917.25841  12.6%  23.0 11815s
 18602358 10109268 6429.13797  118   82 6773.00000 5917.26443  12.6%  23.0 11820s
 18611033 10113074 infeasible   72      6773.00000 5917.27456  12.6%  23.0 11825s
 18619716 10117757 6299.77929   81   77 6773.00000 5917.27969  12.6%  23.0 11830s
 18628457 10123035 6397.84043   89   83 6773.00000 5917.28760  12.6%  23.0 11835s
 18637718 10127333 6336.16609   91   77 6773.00000 5917.28760  12.6%  23.0 11840s
 18645343 10130824 6326.83051   72  113 6773.00000 5917.29241  12.6%  23.0 11845s
 18653519 10135826 6316.92316  113  118 6773.00000 5917.29961  12.6%  23.0 11850s
 18655848 10141419 6574.88333  132   45 6773.00000 5917.29961  12.6%  23.0 11865s
 18676755 10147067 6565.75623  117  108 6773.00000 5917.32836  12.6%  23.0 11870s
 18689333 10154196 5921.13926   77   95 6773.00000 5917.34117  12.6%  23.0 11875s
 18697905 10157668 6050.57069   87   73 6773.00000 5917.34117  12.6%  23.0 11880s
 18704543 10161693 6552.96307   85  122 6773.00000 5917.34117  12.6%  23.0 11885s
 18714920 10166111     cutoff   89      6773.00000 5917.34117  12.6%  23.0 11890s
 18723028 10169624 infeasible  119      6773.00000 5917.34395  12.6%  23.0 11895s
 18732048 10173552 infeasible   95      6773.00000 5917.35224  12.6%  23.0 11900s
 18740480 10178120 6428.03816   89   94 6773.00000 5917.35934  12.6%  23.0 11905s
 18746653 10180090 5960.47499   92  139 6773.00000 5917.35980  12.6%  23.0 11910s
 18752865 10181980     cutoff   95      6773.00000 5917.35980  12.6%  23.0 11915s
 18760444 10185010     cutoff   93      6773.00000 5917.35980  12.6%  23.0 11920s
 18764379 10187495 6326.15996   90  103 6773.00000 5917.35980  12.6%  23.0 11925s
 18771787 10189394 6047.28048   87  158 6773.00000 5917.35980  12.6%  23.0 11930s
 18778944 10191292 infeasible   91      6773.00000 5917.35980  12.6%  23.0 11935s
 18786048 10194072 6052.43754   83  127 6773.00000 5917.35980  12.6%  23.0 11940s
 18791442 10197040 6561.22769   97  144 6773.00000 5917.35980  12.6%  23.0 11945s
 18799679 10198885     cutoff   97      6773.00000 5917.35980  12.6%  23.0 11950s
 18807138 10201416 5976.73905   80  154 6773.00000 5917.35980  12.6%  23.0 11955s
 18812436 10203446 6186.94749   89   70 6773.00000 5917.35980  12.6%  23.0 11960s
 18819289 10206416 infeasible  102      6773.00000 5917.35980  12.6%  23.0 11965s
 18825841 10209772 6097.74565   88   76 6773.00000 5917.35980  12.6%  23.0 11970s
 18835819 10214371 6012.49014   60  110 6773.00000 5917.36492  12.6%  23.0 11975s
 18845630 10218916 infeasible   94      6773.00000 5917.37616  12.6%  23.0 11980s
 18853633 10223402 6018.54211   92  142 6773.00000 5917.38631  12.6%  23.0 11985s
 18860020 10225765 6505.19236   88   81 6773.00000 5917.39223  12.6%  23.0 11990s
 18860128 10225801 5917.53624   68  110 6773.00000 5917.39223  12.6%  23.0 11995s
 18860203 10225848 5926.65738   73  108 6773.00000 5917.39223  12.6%  23.0 12002s
 18860243 10225877 6096.88424   76   91 6773.00000 5917.39223  12.6%  23.0 12005s
 18860284 10225909     cutoff   79      6773.00000 5917.39223  12.6%  23.0 12011s
 18860535 10226199 5917.53624   59  110 6773.00000 5917.39223  12.6%  23.0 12015s
 18864000 10228348 infeasible  102      6773.00000 5917.39395  12.6%  23.0 12021s
 18867790 10229917 6334.81384   61  113 6773.00000 5917.39509  12.6%  23.0 12025s
 18870485 10231619 infeasible   80      6773.00000 5917.39765  12.6%  23.0 12031s
 18873951 10233404 6215.41202   85   38 6773.00000 5917.40810  12.6%  23.0 12035s
 18880786 10236352 6119.18420   86   55 6773.00000 5917.41652  12.6%  23.0 12040s
 18885691 10237216 6019.27971   75   43 6773.00000 5917.41933  12.6%  23.0 12045s
 18891883 10238871 6112.87188   75   90 6773.00000 5917.42161  12.6%  23.0 12050s
 18897455 10241056 6483.35872   78  133 6773.00000 5917.42361  12.6%  23.0 12056s
 18902167 10242405     cutoff   89      6773.00000 5917.42606  12.6%  23.0 12060s
 18907128 10244584 6426.84618  125  112 6773.00000 5917.42720  12.6%  23.0 12065s
 18911731 10247460 6322.02400   87  157 6773.00000 5917.42720  12.6%  23.0 12070s
 18920968 10250243 6299.44933   93   78 6773.00000 5917.43664  12.6%  23.0 12075s
 18926045 10252651 infeasible   86      6773.00000 5917.43854  12.6%  23.0 12080s
 18934722 10256469 6302.08112   47  151 6773.00000 5917.44891  12.6%  23.0 12085s
 18941527 10259300 infeasible   88      6773.00000 5917.45205  12.6%  23.0 12090s
 18948559 10262338 6169.09444   80   70 6773.00000 5917.45932  12.6%  23.0 12095s
 18956471 10266440 6511.87141  111   84 6773.00000 5917.46539  12.6%  23.0 12100s
 18964768 10271419 6116.21006   69   24 6773.00000 5917.47808  12.6%  23.0 12105s
 18972132 10275318 6689.02942   89   29 6773.00000 5917.49117  12.6%  23.0 12110s
 18980040 10278842 6356.89478   84   74 6773.00000 5917.49117  12.6%  23.0 12115s
 18988493 10283018 infeasible   76      6773.00000 5917.49117  12.6%  23.0 12120s
 18994852 10286233 infeasible  105      6773.00000 5917.49117  12.6%  23.0 12125s
 18999262 10288099 6403.19921   73   73 6773.00000 5917.49117  12.6%  23.0 12130s
 19001573 10289298 6407.33821   83   96 6773.00000 5917.49117  12.6%  23.0 12136s
 19005180 10290492     cutoff   90      6773.00000 5917.49117  12.6%  23.0 12140s
 19013195 10293766     cutoff   86      6773.00000 5917.49117  12.6%  23.0 12145s
 19021315 10297829 infeasible   84      6773.00000 5917.49117  12.6%  23.0 12150s
 19028539 10301269 infeasible  115      6773.00000 5917.49117  12.6%  23.0 12155s
 19035459 10304756 infeasible  103      6773.00000 5917.49117  12.6%  23.0 12160s
 19039947 10308411     cutoff   88      6773.00000 5917.49117  12.6%  23.0 12165s
 19049038 10311856 infeasible   81      6773.00000 5917.49117  12.6%  23.0 12170s
 19056693 10316027     cutoff  116      6773.00000 5917.49117  12.6%  23.0 12175s
 19063077 10319347 6174.44546   94   71 6773.00000 5917.49117  12.6%  23.0 12180s
 19070333 10323307 6265.88441   84   66 6773.00000 5917.49117  12.6%  23.0 12185s
 19076294 10326878 6551.44391   91  127 6773.00000 5917.49117  12.6%  23.0 12190s
 19085509 10329008     cutoff  101      6773.00000 5917.49117  12.6%  23.0 12195s
 19091500 10331953 6338.87231   91   69 6773.00000 5917.49117  12.6%  23.0 12200s
 19097158 10335250 5998.27702   63  112 6773.00000 5917.49117  12.6%  23.1 12206s
 19104014 10336529 6075.84470   74   75 6773.00000 5917.49117  12.6%  23.1 12210s
 19110947 10339341 infeasible   95      6773.00000 5917.49117  12.6%  23.1 12215s
 19118159 10342921 6022.23096   79   66 6773.00000 5917.49203  12.6%  23.1 12220s
 19126400 10346453 infeasible  114      6773.00000 5917.49705  12.6%  23.1 12225s
 19134233 10350745 6265.36936  102   65 6773.00000 5917.50330  12.6%  23.1 12230s
 19138769 10352043 6315.00000   85   83 6773.00000 5917.50330  12.6%  23.1 12235s
 19145093 10354426 infeasible   98      6773.00000 5917.50330  12.6%  23.1 12240s
 19151324 10356783     cutoff   96      6773.00000 5917.50330  12.6%  23.1 12245s
 19157596 10358143 6357.04549   89   78 6773.00000 5917.50330  12.6%  23.1 12250s
 19164393 10361087 6237.01167   69  139 6773.00000 5917.50835  12.6%  23.1 12255s
 19170411 10364467 6075.84410   81   73 6773.00000 5917.50850  12.6%  23.1 12260s
 19177721 10365159 6564.12918   90  127 6773.00000 5917.50850  12.6%  23.1 12265s
 19179827 10365743 infeasible   94      6773.00000 5917.50850  12.6%  23.1 12270s
 19184701 10366884 infeasible   90      6773.00000 5917.50923  12.6%  23.1 12275s
 19189977 10367987 6087.84786   95   75 6773.00000 5917.50980  12.6%  23.1 12280s
 19194941 10368964 6159.25083   88   71 6773.00000 5917.50980  12.6%  23.1 12285s
 19199846 10369896 6186.92995   83   78 6773.00000 5917.50980  12.6%  23.1 12290s
 19205318 10371044     cutoff   88      6773.00000 5917.50980  12.6%  23.1 12296s
 19210430 10372033 6443.51015   94  129 6773.00000 5917.50980  12.6%  23.1 12301s
 19214085 10372782 infeasible   90      6773.00000 5917.50980  12.6%  23.1 12305s
 19218913 10373618 6139.89886   87   76 6773.00000 5917.50980  12.6%  23.1 12310s
 19224895 10374698 6263.25140   88   71 6773.00000 5917.50980  12.6%  23.1 12315s
 19229480 10375623 6145.09565   85   72 6773.00000 5917.50980  12.6%  23.1 12320s
 19234526 10376680     cutoff   97      6773.00000 5917.50980  12.6%  23.1 12325s
 19239446 10377426 6159.25201   92   68 6773.00000 5917.50980  12.6%  23.2 12330s
 19243869 10378343 infeasible   98      6773.00000 5917.50980  12.6%  23.2 12335s
 19248789 10379840 6196.11938   57  154 6773.00000 5917.51070  12.6%  23.2 12340s
 19258290 10384785 6507.48411   91   56 6773.00000 5917.52187  12.6%  23.2 12345s
 19266284 10388995 infeasible   97      6773.00000 5917.53385  12.6%  23.2 12350s
 19275751 10394251 infeasible  137      6773.00000 5917.54786  12.6%  23.2 12355s
 19283215 10397860 6222.03003  110   41 6773.00000 5917.54786  12.6%  23.2 12360s
 19284385 10398711 infeasible  108      6773.00000 5917.54786  12.6%  23.2 12365s
 19290382 10401581 5954.42148   79  154 6773.00000 5917.55432  12.6%  23.2 12370s
 19299428 10406387     cutoff   88      6773.00000 5917.56013  12.6%  23.2 12375s
 19307346 10410900 6121.08925  106   32 6773.00000 5917.56647  12.6%  23.2 12380s
 19314853 10416083 5922.47062   82   92 6773.00000 5917.57272  12.6%  23.2 12386s
 19323153 10418522 infeasible  100      6773.00000 5917.57720  12.6%  23.2 12390s
 19328944 10420508     cutoff   93      6773.00000 5917.57720  12.6%  23.2 12395s
 19334854 10422457 6134.04444   86   71 6773.00000 5917.57720  12.6%  23.2 12400s
 19341054 10424494 6040.17007   77  114 6773.00000 5917.57757  12.6%  23.2 12405s
 19347075 10426996 6557.90306   99  118 6773.00000 5917.57814  12.6%  23.2 12410s
 19353183 10429734     cutoff  102      6773.00000 5917.58241  12.6%  23.2 12415s
 19360797 10433206     cutoff  120      6773.00000 5917.58536  12.6%  23.2 12420s
 19367099 10436406 6363.60299  109   33 6773.00000 5917.58882  12.6%  23.2 12425s
 19376988 10442024 6317.77339  110  158 6773.00000 5917.60068  12.6%  23.2 12430s
 19382828 10444075 6439.30764   94  118 6773.00000 5917.60073  12.6%  23.2 12435s
 19390174 10446983 6421.61637   78   97 6773.00000 5917.60283  12.6%  23.2 12440s
 19395914 10449326 infeasible   99      6773.00000 5917.60455  12.6%  23.2 12445s
 19404146 10453789 infeasible  108      6773.00000 5917.61134  12.6%  23.2 12450s
 19412701 10458448 5917.93168   96  140 6773.00000 5917.61646  12.6%  23.2 12455s
 19418593 10459927 6500.20000   98   38 6773.00000 5917.61677  12.6%  23.2 12460s
 19424537 10461824 6759.16647  126   73 6773.00000 5917.62587  12.6%  23.2 12465s
 19434622 10467933 5921.40260   72   96 6773.00000 5917.62643  12.6%  23.2 12470s
 19443286 10472721 6203.72498  108   98 6773.00000 5917.63061  12.6%  23.2 12475s
 19453290 10477615 6208.38093  106   77 6773.00000 5917.63061  12.6%  23.2 12480s
 19461886 10482471 6263.25018   91   71 6773.00000 5917.63606  12.6%  23.2 12485s
 19466869 10485831 6106.52256   87  151 6773.00000 5917.63844  12.6%  23.2 12490s
 19476587 10489746 6394.81556   94   68 6773.00000 5917.64923  12.6%  23.2 12495s
 19486657 10494241 6658.67268   94  125 6773.00000 5917.64923  12.6%  23.2 12500s
 19496166 10500011 6172.99208  128   32 6773.00000 5917.64923  12.6%  23.2 12505s
 19502654 10502722 6225.73732   90   67 6773.00000 5917.64923  12.6%  23.2 12510s
 19507159 10505446 6616.12294  111   71 6773.00000 5917.64923  12.6%  23.2 12515s
 19517083 10509963 6193.59949   86  153 6773.00000 5917.65176  12.6%  23.2 12520s
 19524675 10513601 infeasible   93      6773.00000 5917.65521  12.6%  23.2 12525s
 19531459 10516880 6612.36563  105   89 6773.00000 5917.66057  12.6%  23.2 12530s
 19538420 10520381 infeasible   84      6773.00000 5917.66743  12.6%  23.2 12535s
 19544022 10522272 infeasible   96      6773.00000 5917.67916  12.6%  23.2 12540s
 19550885 10525124 6440.41371   86  120 6773.00000 5917.67916  12.6%  23.2 12545s
 19557153 10527709 6374.29745  100  129 6773.00000 5917.67916  12.6%  23.2 12550s
 19563631 10530425     cutoff   88      6773.00000 5917.67916  12.6%  23.2 12555s
 19568922 10533359 6049.78567   83  109 6773.00000 5917.68536  12.6%  23.2 12560s
 19576305 10535633     cutoff  114      6773.00000 5917.68536  12.6%  23.2 12565s
 19583549 10538372 6176.84525   88   73 6773.00000 5917.68536  12.6%  23.2 12570s
 19588819 10541621 6215.22147   94  132 6773.00000 5917.68623  12.6%  23.2 12575s
 19599753 10545903 6023.45010   97   77 6773.00000 5917.68746  12.6%  23.2 12580s
 19606554 10549652 6094.84888   74   22 6773.00000 5917.69400  12.6%  23.2 12585s
 19618740 10556164 infeasible   93      6773.00000 5917.69457  12.6%  23.2 12590s
 19627756 10561932 6323.07567   85   74 6773.00000 5917.69860  12.6%  23.2 12595s
 19636159 10565933     cutoff   84      6773.00000 5917.70313  12.6%  23.2 12600s
 19644653 10571206 6233.18225   99   37 6773.00000 5917.70880  12.6%  23.2 12605s
 19649169 10572855 6024.26905   87  154 6773.00000 5917.70880  12.6%  23.2 12610s
 19658039 10577951 6118.92354   85   78 6773.00000 5917.70880  12.6%  23.2 12615s
 19666664 10582770 infeasible   92      6773.00000 5917.70880  12.6%  23.2 12620s
 19674312 10587489 6470.56318   96  104 6773.00000 5917.70880  12.6%  23.2 12625s
 19684453 10592646 6194.97131   94  135 6773.00000 5917.70880  12.6%  23.2 12630s
 19693846 10597808 6227.57818  100   87 6773.00000 5917.70880  12.6%  23.2 12635s
 19702457 10602448     cutoff  101      6773.00000 5917.70880  12.6%  23.2 12640s
 19711331 10608101 5959.39495   85  137 6773.00000 5917.70880  12.6%  23.2 12645s
 19720422 10612825 6458.55389  102   69 6773.00000 5917.70880  12.6%  23.2 12650s
 19729947 10617126 infeasible  128      6773.00000 5917.71057  12.6%  23.2 12655s
 19739086 10621685 6231.46329   41  184 6773.00000 5917.71130  12.6%  23.2 12660s
 19747329 10627183 6475.72112   92  140 6773.00000 5917.71660  12.6%  23.2 12665s
 19758002 10632175 infeasible   90      6773.00000 5917.71857  12.6%  23.2 12670s
 19766808 10637027 infeasible   87      6773.00000 5917.71991  12.6%  23.2 12675s
 19775730 10640953 infeasible  103      6773.00000 5917.72391  12.6%  23.2 12680s
 19782785 10644526 5962.84363   71   81 6773.00000 5917.72692  12.6%  23.2 12685s
 19786416 10646352 5960.26519   98   82 6773.00000 5917.72718  12.6%  23.2 12690s
 19790980 10648060 6438.27054   80  122 6773.00000 5917.72963  12.6%  23.2 12695s
 19795381 10650065 6657.96721   91   94 6773.00000 5917.73129  12.6%  23.2 12700s
 19803699 10653684 6075.84410   80   77 6773.00000 5917.73241  12.6%  23.2 12705s
 19810095 10656639 6357.18731   75  157 6773.00000 5917.73774  12.6%  23.2 12710s
 19818741 10661088 6395.47383   80  110 6773.00000 5917.75000  12.6%  23.2 12715s
 19827545 10666575 6334.76448   88  108 6773.00000 5917.76247  12.6%  23.2 12720s
 19835001 10670302 6230.91668   74   85 6773.00000 5917.76777  12.6%  23.2 12725s
 19844803 10676536 6331.07250  118   17 6773.00000 5917.77564  12.6%  23.2 12730s
 19853784 10680442 6046.72505   92   93 6773.00000 5917.77608  12.6%  23.2 12735s
 19862168 10685475 6322.08333   97   43 6773.00000 5917.77608  12.6%  23.2 12740s
 19871798 10690664 infeasible  122      6773.00000 5917.77608  12.6%  23.2 12745s
 19878792 10695242 6339.30915  128   50 6773.00000 5917.77608  12.6%  23.2 12750s
 19887092 10700464 6563.95453  103  123 6773.00000 5917.77608  12.6%  23.2 12755s
 19895996 10704185 6075.84444   88   74 6773.00000 5917.78063  12.6%  23.2 12760s
 19905397 10708200 6020.34086  109  125 6773.00000 5917.78616  12.6%  23.2 12765s
 19913124 10711710 6028.67413   99  136 6773.00000 5917.78616  12.6%  23.2 12770s
 19918284 10714074 6326.46316  118  122 6773.00000 5917.78616  12.6%  23.2 12775s
 19922948 10716063 6148.11155   96   76 6773.00000 5917.78616  12.6%  23.2 12780s
 19930359 10719839 6558.85346  114   46 6773.00000 5917.78616  12.6%  23.2 12785s
 19939648 10723567     cutoff  124      6773.00000 5917.78616  12.6%  23.2 12790s
 19947191 10727422 6148.88925  112   40 6773.00000 5917.78616  12.6%  23.2 12795s
 19955957 10732557 6449.68953  105   75 6773.00000 5917.78616  12.6%  23.2 12800s
 19964961 10737784 6373.34505  126   44 6773.00000 5917.78671  12.6%  23.2 12805s
 19973735 10741628 6725.53469  101   95 6773.00000 5917.79221  12.6%  23.2 12810s
 19980546 10744446 infeasible   89      6773.00000 5917.80189  12.6%  23.2 12815s
 19987805 10747089 6082.24493   87   79 6773.00000 5917.80521  12.6%  23.2 12820s
 19995468 10750733 5930.89971   89  161 6773.00000 5917.80888  12.6%  23.2 12825s
 20002468 10753202     cutoff   87      6773.00000 5917.81478  12.6%  23.2 12830s
 20008959 10756214     cutoff  121      6773.00000 5917.82156  12.6%  23.2 12835s
 20017108 10761811 6617.20591  103   80 6773.00000 5917.83548  12.6%  23.2 12840s
 20025615 10765454 6633.40400  132   11 6773.00000 5917.84905  12.6%  23.2 12845s
 20034631 10770530 5947.88339   88  151 6773.00000 5917.86039  12.6%  23.2 12850s
 20043605 10775207 infeasible  103      6773.00000 5917.87349  12.6%  23.2 12855s
 20050441 10778384 6057.50123   85   64 6773.00000 5917.87750  12.6%  23.2 12860s
 20058597 10783308 6011.09239   79  135 6773.00000 5917.88907  12.6%  23.2 12865s
 20065867 10787604 infeasible   95      6773.00000 5917.88907  12.6%  23.2 12870s
 20075200 10792598     cutoff   93      6773.00000 5917.89721  12.6%  23.2 12875s
 20082959 10797225 6332.93359   73  121 6773.00000 5917.90659  12.6%  23.2 12880s
 20090414 10800229 6318.47112  110   76 6773.00000 5917.91013  12.6%  23.2 12885s
 20100327 10805627 5917.93168   96  140 6773.00000 5917.91466  12.6%  23.2 12890s
 20109562 10809934     cutoff   96      6773.00000 5917.91644  12.6%  23.2 12895s
 20113728 10812014 infeasible  112      6773.00000 5917.92129  12.6%  23.2 12900s
 20118234 10814438 infeasible  109      6773.00000 5917.92517  12.6%  23.2 12905s
 20126154 10819011 6075.84698   82   76 6773.00000 5917.93009  12.6%  23.2 12910s
 20136560 10825120 6171.33011  112   52 6773.00000 5917.93168  12.6%  23.2 12915s
 20148124 10831426     cutoff  143      6773.00000 5917.93168  12.6%  23.2 12920s
 20156870 10836330 6537.69697  113   78 6773.00000 5917.93822  12.6%  23.2 12925s
 20166023 10840574 5955.18415   90   94 6773.00000 5917.94258  12.6%  23.2 12930s
 20173888 10844249 6436.46087   89   43 6773.00000 5917.94838  12.6%  23.2 12935s
 20180823 10847701 infeasible  103      6773.00000 5917.95189  12.6%  23.2 12940s
 20190167 10853100 5919.97546   75  144 6773.00000 5917.95338  12.6%  23.2 12945s
 20199511 10858506     cutoff  116      6773.00000 5917.96065  12.6%  23.2 12950s
 20207800 10862069 6460.13472  116   39 6773.00000 5917.99155  12.6%  23.2 12955s
 20217856 10868320 6422.43024   86   54 6773.00000 5917.99946  12.6%  23.2 12960s
 20225594 10870742 6504.18710   84   68 6773.00000 5918.01013  12.6%  23.2 12965s
 20234963 10875891 infeasible   98      6773.00000 5918.03586  12.6%  23.2 12970s
 20243972 10879891 6033.66688   63  152 6773.00000 5918.04868  12.6%  23.2 12975s
 20251992 10884877 6075.84505   89   79 6773.00000 5918.06183  12.6%  23.2 12980s
 20258330 10889195 6008.05862   89  140 6773.00000 5918.06443  12.6%  23.2 12985s
 20266973 10892442 6203.51067   71   95 6773.00000 5918.07070  12.6%  23.2 12990s
 20276349 10897565 6720.59676  142   22 6773.00000 5918.07914  12.6%  23.2 12995s
 20284874 10902282 6137.37169  103   89 6773.00000 5918.07914  12.6%  23.2 13000s
 20286878 10902649 5980.73412   99   54 6773.00000 5918.07914  12.6%  23.2 13005s
 20292135 10905411 6519.02933  110   26 6773.00000 5918.07914  12.6%  23.2 13010s
 20301473 10910378 6419.02950  110   41 6773.00000 5918.07914  12.6%  23.2 13015s
 20310735 10915286 6504.99517  135   49 6773.00000 5918.07914  12.6%  23.2 13020s
 20319739 10919529 6049.18087  105   99 6773.00000 5918.07914  12.6%  23.2 13025s
 20328814 10925420 6122.81470  101   93 6773.00000 5918.07914  12.6%  23.2 13030s
 20340233 10931320 6594.59563  115   60 6773.00000 5918.07914  12.6%  23.2 13035s
 20350406 10937696 6611.76759  131   40 6773.00000 5918.07914  12.6%  23.2 13040s
 20360756 10943597 6709.43350  112   27 6773.00000 5918.07914  12.6%  23.2 13045s
 20370875 10948947     cutoff  113      6773.00000 5918.07914  12.6%  23.2 13050s
 20380291 10954456     cutoff  137      6773.00000 5918.07914  12.6%  23.2 13055s
 20390316 10960188 6349.00000  108   36 6773.00000 5918.07914  12.6%  23.2 13060s
 20399065 10965383 6536.72664  125  132 6773.00000 5918.07914  12.6%  23.2 13065s
 20408367 10969560 6337.48448   74  132 6773.00000 5918.08470  12.6%  23.2 13070s
 20415208 10974390 6017.03573   58  240 6773.00000 5918.08565  12.6%  23.2 13075s
 20425170 10978529 6412.32121  123  126 6773.00000 5918.09720  12.6%  23.2 13080s
 20433835 10983552 6011.73055   85  162 6773.00000 5918.11292  12.6%  23.2 13085s
 20440225 10988184 6199.53372   71  111 6773.00000 5918.11913  12.6%  23.2 13090s
 20451772 10994070 6097.63320   60  127 6773.00000 5918.13383  12.6%  23.2 13095s
 20458842 10996970 6030.11626   76   87 6773.00000 5918.14698  12.6%  23.2 13100s
 20465875 11001425 5963.60132   59  132 6773.00000 5918.15412  12.6%  23.2 13105s
 20475710 11006880 5948.99945   89   97 6773.00000 5918.15870  12.6%  23.2 13110s
 20485945 11011787 infeasible  124      6773.00000 5918.17063  12.6%  23.2 13115s
 20494468 11015975 6112.81001   80  128 6773.00000 5918.18433  12.6%  23.2 13120s
 20501780 11019761 6376.54891  106   38 6773.00000 5918.19502  12.6%  23.2 13125s
 20510933 11024395 6074.54250   47   57 6773.00000 5918.20831  12.6%  23.2 13130s
 20519172 11029371 6120.55360   63   61 6773.00000 5918.21653  12.6%  23.2 13135s
 20526020 11032582 infeasible   76      6773.00000 5918.22243  12.6%  23.2 13140s
 20530856 11034454 5936.25058   83  107 6773.00000 5918.22563  12.6%  23.2 13145s
 20534856 11036976 6435.07977   90   82 6773.00000 5918.22966  12.6%  23.2 13151s
 20543451 11040946 infeasible  101      6773.00000 5918.23765  12.6%  23.2 13155s
 20552657 11045660 6076.52245   76  147 6773.00000 5918.24605  12.6%  23.2 13160s
 20560518 11050259 6087.29505   74   77 6773.00000 5918.24993  12.6%  23.2 13165s
 20567872 11053842 6316.12065   95   61 6773.00000 5918.25334  12.6%  23.2 13170s
 20575938 11057590 5975.17635   68   95 6773.00000 5918.25830  12.6%  23.2 13175s
 20584416 11060979 6299.37276  101   81 6773.00000 5918.26276  12.6%  23.2 13180s
 20586081 11061994 6321.38413   99   40 6773.00000 5918.26399  12.6%  23.2 13185s
 20591738 11064380 infeasible   50      6773.00000 5918.26415  12.6%  23.2 13190s
 20598287 11067966 6517.83000   69   23 6773.00000 5918.27328  12.6%  23.2 13195s
 20604574 11072574 6114.72213   55  105 6773.00000 5918.27328  12.6%  23.2 13200s
 20613881 11077226 infeasible   95      6773.00000 5918.27328  12.6%  23.2 13205s
 20622047 11082339     cutoff  135      6773.00000 5918.27328  12.6%  23.2 13210s
 20630211 11088095 6115.49477   68  122 6773.00000 5918.27328  12.6%  23.2 13215s
 20639209 11093651 6300.89164   81  157 6773.00000 5918.27328  12.6%  23.2 13220s
 20647940 11098864 6352.37300  112   41 6773.00000 5918.27328  12.6%  23.2 13225s
 20656761 11103832 6605.57502   99   91 6773.00000 5918.27328  12.6%  23.2 13230s
 20665480 11108790 6660.32793   73   73 6773.00000 5918.27328  12.6%  23.2 13235s
 20673358 11113008 6332.00891   71  142 6773.00000 5918.27328  12.6%  23.2 13240s
 20684046 11119356 6120.52393   64   60 6773.00000 5918.27328  12.6%  23.2 13245s
 20691684 11124748 6116.44391   83  119 6773.00000 5918.27328  12.6%  23.2 13250s
 20695070 11126338 6120.60268   95  104 6773.00000 5918.27328  12.6%  23.2 13255s
 20701478 11131269 6126.06721   72  112 6773.00000 5918.27328  12.6%  23.2 13261s
 20709997 11135817 6289.77337   72  197 6773.00000 5918.27328  12.6%  23.2 13265s
 20717273 11140162 6120.62265  102  101 6773.00000 5918.27328  12.6%  23.2 13270s
 20727550 11145923 6471.15589   70  112 6773.00000 5918.27328  12.6%  23.2 13275s
 20734664 11150098 6661.21273   85  100 6773.00000 5918.27328  12.6%  23.2 13280s
 20743897 11155869 6112.10044   61  138 6773.00000 5918.27328  12.6%  23.2 13285s
 20753019 11161029 infeasible  139      6773.00000 5918.27328  12.6%  23.2 13290s
 20762685 11166847 6114.72213   65  103 6773.00000 5918.27328  12.6%  23.2 13295s
 20771389 11172719 6130.11811   83  108 6773.00000 5918.27328  12.6%  23.2 13300s
 20779171 11177979 6115.95338   82  144 6773.00000 5918.27328  12.6%  23.2 13305s
 20788073 11183484 6449.31335   95  110 6773.00000 5918.27328  12.6%  23.2 13310s
 20797034 11188541 infeasible   79      6773.00000 5918.27328  12.6%  23.2 13315s
 20806098 11194272     cutoff   95      6773.00000 5918.27328  12.6%  23.2 13320s
 20812766 11200113 6114.97373   96  169 6773.00000 5918.27328  12.6%  23.2 13325s
 20818529 11201882 6114.74072   63  106 6773.00000 5918.27328  12.6%  23.2 13330s
 20826360 11206883 6114.72213   63  100 6773.00000 5918.27328  12.6%  23.2 13335s
 20835771 11212766 6114.79594   69  102 6773.00000 5918.27328  12.6%  23.1 13340s
 20845595 11218611 6579.16039  116   75 6773.00000 5918.27328  12.6%  23.1 13345s
 20853584 11223957 6114.72213   62  103 6773.00000 5918.27328  12.6%  23.1 13350s
 20863363 11230241 6120.52393   63   59 6773.00000 5918.27328  12.6%  23.1 13355s
 20872485 11235585 infeasible   89      6773.00000 5918.27328  12.6%  23.1 13360s
 20880085 11241221 6115.88821   74  124 6773.00000 5918.27328  12.6%  23.1 13365s
 20887952 11245609 6115.49110   74  121 6773.00000 5918.27328  12.6%  23.1 13370s
 20897782 11251850 6216.37333   64   19 6773.00000 5918.27328  12.6%  23.1 13375s
 20899986 11252877 6114.72213   61   99 6773.00000 5918.27328  12.6%  23.1 13380s
 20900085 11252934 6114.74630   67  100 6773.00000 5918.27328  12.6%  23.1 13385s
 20900142 11252977 6114.75563   71  164 6773.00000 5918.27328  12.6%  23.1 13390s
 20900253 11253099 6114.76358   76  163 6773.00000 5918.27328  12.6%  23.1 13395s
 20901295 11253940 6119.33594   81  147 6773.00000 5918.27328  12.6%  23.1 13401s
 20904481 11256273 6318.24835   80  115 6773.00000 5918.27328  12.6%  23.1 13405s
 20911286 11260314 6115.48284   81  111 6773.00000 5918.27328  12.6%  23.1 13410s
 20916723 11263259 6114.72213   66  105 6773.00000 5918.27328  12.6%  23.1 13415s
 20922728 11266742 6144.54252   77  163 6773.00000 5918.27328  12.6%  23.1 13420s
 20926749 11268579 6265.60623   87  101 6773.00000 5918.27328  12.6%  23.1 13425s
 20929845 11270921 6325.54248  101   72 6773.00000 5918.27328  12.6%  23.1 13430s
 20936356 11275605 6512.39306   93   92 6773.00000 5918.27328  12.6%  23.1 13435s
 20946127 11281211 6120.58993  104  105 6773.00000 5918.27328  12.6%  23.1 13440s
 20955146 11285968     cutoff  100      6773.00000 5918.27729  12.6%  23.1 13445s
 20963635 11290780 6018.10938   69  151 6773.00000 5918.28050  12.6%  23.1 13450s
 20972424 11295935 6104.55408   90  117 6773.00000 5918.28935  12.6%  23.1 13455s
 20980550 11300416 6357.96862   83   57 6773.00000 5918.29621  12.6%  23.1 13460s
 20988526 11304536 5989.00000   59   15 6773.00000 5918.30084  12.6%  23.1 13465s
 20996690 11308331 6249.05000  107   47 6773.00000 5918.30735  12.6%  23.1 13470s
 21004232 11312633 6120.58423   99   64 6773.00000 5918.31012  12.6%  23.1 13475s
 21012223 11317150 6120.56946   83   65 6773.00000 5918.31012  12.6%  23.1 13480s
 21020043 11320949 6120.57058   79   65 6773.00000 5918.31012  12.6%  23.1 13485s
 21027063 11324883 infeasible   83      6773.00000 5918.31508  12.6%  23.1 13490s
 21033877 11327582 6272.20053   94   83 6773.00000 5918.32180  12.6%  23.1 13495s
 21041908 11332020 6006.76862   66  109 6773.00000 5918.32854  12.6%  23.1 13500s
 21049629 11337044 infeasible  114      6773.00000 5918.33058  12.6%  23.1 13505s
 21058529 11341055 6213.74266   93   67 6773.00000 5918.33582  12.6%  23.1 13510s
 21065817 11344578 6748.87607   71  128 6773.00000 5918.34240  12.6%  23.2 13515s
 21075734 11349536 6181.58962   44  117 6773.00000 5918.36467  12.6%  23.1 13520s
 21084074 11354608 5924.43931   77  144 6773.00000 5918.36930  12.6%  23.1 13525s
 21092378 11358793     cutoff   66      6773.00000 5918.37334  12.6%  23.1 13530s
 21100803 11363917 6406.65586   81   84 6773.00000 5918.38170  12.6%  23.1 13535s
 21110796 11368978 6422.48804  111   55 6773.00000 5918.39516  12.6%  23.1 13540s
 21120412 11374084 infeasible  126      6773.00000 5918.40303  12.6%  23.1 13545s
 21128632 11377642     cutoff   79      6773.00000 5918.40539  12.6%  23.1 13550s
 21138971 11383016 infeasible  148      6773.00000 5918.41018  12.6%  23.1 13555s
 21145880 11387072     cutoff  105      6773.00000 5918.41454  12.6%  23.1 13560s
 21154081 11392168 6303.46572   77   85 6773.00000 5918.42157  12.6%  23.1 13565s
 21161351 11397541 5922.32955   62   79 6773.00000 5918.43407  12.6%  23.1 13570s
 21169424 11399489 6113.41031   88   76 6773.00000 5918.44430  12.6%  23.1 13575s
 21172410 11401133 6033.55744  104  144 6773.00000 5918.44647  12.6%  23.1 13580s
 21181114 11405649 6021.44545   80  101 6773.00000 5918.46453  12.6%  23.1 13585s
 21189501 11409970 5972.90736   89   96 6773.00000 5918.46816  12.6%  23.1 13590s
 21200063 11414784 infeasible   98      6773.00000 5918.48549  12.6%  23.1 13595s
 21207696 11419215 6537.08182  102   59 6773.00000 5918.49313  12.6%  23.1 13600s
 21215509 11424114 6220.76923   59   51 6773.00000 5918.50216  12.6%  23.1 13605s
 21226271 11429287     cutoff  120      6773.00000 5918.50333  12.6%  23.1 13610s
 21236235 11434413 6220.81302   88   81 6773.00000 5918.51815  12.6%  23.1 13615s
 21244434 11438150 infeasible   96      6773.00000 5918.52835  12.6%  23.1 13620s
 21252226 11443778 6414.75963   89  121 6773.00000 5918.54176  12.6%  23.1 13625s
 21261770 11448057 6019.32997   79   50 6773.00000 5918.54516  12.6%  23.1 13630s
 21272020 11453257     cutoff  119      6773.00000 5918.54516  12.6%  23.1 13635s
 21280274 11458219 6456.00733   91   31 6773.00000 5918.55734  12.6%  23.1 13640s
 21287937 11462723 6662.04909   98   60 6773.00000 5918.56720  12.6%  23.1 13645s
 21296121 11466271 6278.96689  107   36 6773.00000 5918.57154  12.6%  23.1 13650s
 21305462 11470483     cutoff   87      6773.00000 5918.58364  12.6%  23.1 13655s
 21311976 11475464 6541.90983  112   75 6773.00000 5918.58364  12.6%  23.1 13660s
 21320311 11479095 infeasible  101      6773.00000 5918.58553  12.6%  23.1 13665s
 21329236 11483017 infeasible  118      6773.00000 5918.58839  12.6%  23.1 13670s
 21332503 11485810 6202.41177  105   77 6773.00000 5918.58839  12.6%  23.1 13675s
 21342819 11492282 6045.76289   75  108 6773.00000 5918.59736  12.6%  23.1 13680s
 21351411 11495393 infeasible   84      6773.00000 5918.60799  12.6%  23.1 13685s
 21360004 11499812 infeasible   93      6773.00000 5918.61380  12.6%  23.1 13690s
 21369702 11505367 infeasible   65      6773.00000 5918.62239  12.6%  23.1 13695s
 21377148 11509644 6363.38333  113   44 6773.00000 5918.63090  12.6%  23.1 13700s
 21385186 11513346 6467.61889   99  112 6773.00000 5918.64354  12.6%  23.1 13705s
 21392138 11516188 6160.30307   97  102 6773.00000 5918.64354  12.6%  23.1 13710s
 21402007 11520523 6306.81829   41  144 6773.00000 5918.65705  12.6%  23.1 13715s
 21407979 11524092 6564.62261   91  163 6773.00000 5918.66368  12.6%  23.1 13720s
 21415745 11527709     cutoff   96      6773.00000 5918.66667  12.6%  23.1 13725s
 21424100 11532482 6036.35640   78  123 6773.00000 5918.67970  12.6%  23.1 13730s
 21433891 11537587 6186.74705   58   89 6773.00000 5918.69017  12.6%  23.1 13735s
 21441406 11542210 6309.51780   97   85 6773.00000 5918.70086  12.6%  23.1 13740s
 21452108 11548023 6681.55697   79   56 6773.00000 5918.70613  12.6%  23.1 13745s
 21459634 11551585     cutoff   93      6773.00000 5918.71376  12.6%  23.1 13750s
 21468730 11556194 infeasible  143      6773.00000 5918.72278  12.6%  23.1 13755s
 21476964 11560503 6224.10575   85   58 6773.00000 5918.72671  12.6%  23.1 13760s
 21482526 11563171 infeasible  102      6773.00000 5918.73364  12.6%  23.1 13765s
 21484141 11563944 infeasible  104      6773.00000 5918.73364  12.6%  23.1 13770s
 21489092 11566703 6127.55036   90  136 6773.00000 5918.73763  12.6%  23.1 13775s
 21496978 11570907 6565.05393   96   44 6773.00000 5918.74556  12.6%  23.1 13780s
 21506075 11575168 6482.14370   86   91 6773.00000 5918.74789  12.6%  23.1 13785s
 21514193 11578997 5923.81476   78  182 6773.00000 5918.75565  12.6%  23.1 13790s
 21521578 11582304 6206.60408   95  123 6773.00000 5918.77078  12.6%  23.1 13795s
 21530565 11587279 infeasible   93      6773.00000 5918.77545  12.6%  23.1 13800s
 21539877 11592463 6577.08176   98   46 6773.00000 5918.78668  12.6%  23.1 13805s
 21547108 11597936     cutoff  101      6773.00000 5918.79424  12.6%  23.1 13810s
 21556065 11602214 6189.60000  100   62 6773.00000 5918.80247  12.6%  23.1 13815s
 21564958 11606204 5955.63855   76  131 6773.00000 5918.81067  12.6%  23.1 13820s
 21573319 11611518 6331.37212  123   60 6773.00000 5918.82160  12.6%  23.1 13825s
 21583489 11616532 infeasible  128      6773.00000 5918.83069  12.6%  23.1 13830s
 21592273 11621542 6362.23417  107   93 6773.00000 5918.84118  12.6%  23.1 13835s
 21601493 11625586 6015.81889   96  170 6773.00000 5918.84817  12.6%  23.1 13840s
 21609283 11629322     cutoff  105      6773.00000 5918.84817  12.6%  23.1 13845s
 21616895 11632692 6005.25904   95  130 6773.00000 5918.84817  12.6%  23.1 13850s
 21624379 11636065 6694.28183  116   80 6773.00000 5918.84817  12.6%  23.1 13855s
 21631281 11639211     cutoff  108      6773.00000 5918.84817  12.6%  23.1 13860s
 21638022 11643098 6542.28718  109  107 6773.00000 5918.84817  12.6%  23.1 13866s
 21644773 11645342 6136.69771   98  119 6773.00000 5918.84833  12.6%  23.1 13870s
 21652761 11649876 6140.34916   93  114 6773.00000 5918.85088  12.6%  23.1 13875s
 21660204 11652828 6230.47700   96   47 6773.00000 5918.85553  12.6%  23.1 13880s
 21669123 11658017 6319.36156   99  183 6773.00000 5918.86995  12.6%  23.1 13885s
 21675757 11662139 6309.68756   96  115 6773.00000 5918.86995  12.6%  23.1 13890s
 21685236 11666146 5989.87576   66   80 6773.00000 5918.87665  12.6%  23.1 13895s
 21690839 11668286 6020.87617   81  113 6773.00000 5918.88421  12.6%  23.1 13900s
 21695249 11670590 6310.65513   73  164 6773.00000 5918.88634  12.6%  23.1 13905s
 21702154 11674876 6298.77925   66   81 6773.00000 5918.88634  12.6%  23.1 13910s
 21711209 11679136 infeasible   90      6773.00000 5918.88634  12.6%  23.1 13915s
 21719657 11683593 6373.31899   78   41 6773.00000 5918.88634  12.6%  23.1 13920s
 21727751 11687889 6549.26144   88  131 6773.00000 5918.88634  12.6%  23.1 13925s
 21733399 11691915 6549.51697  125  138 6773.00000 5918.88694  12.6%  23.1 13930s
 21743204 11696630 6317.19951   77  187 6773.00000 5918.89255  12.6%  23.1 13935s
 21753487 11701897 6093.98641   70  100 6773.00000 5918.89255  12.6%  23.1 13940s
 21761078 11706324 6454.86431   84   25 6773.00000 5918.89255  12.6%  23.1 13945s
 21771133 11710993 6033.67731  105   96 6773.00000 5918.89785  12.6%  23.1 13950s
 21777748 11713276 infeasible   52      6773.00000 5918.90734  12.6%  23.1 13955s
 21782584 11715587 6131.89000   69  108 6773.00000 5918.91471  12.6%  23.1 13961s
 21789539 11718196 infeasible   69      6773.00000 5918.92916  12.6%  23.1 13965s
 21797052 11722100 6200.74965   83   50 6773.00000 5918.93391  12.6%  23.1 13970s
 21805832 11727703 6102.50379  101   91 6773.00000 5918.94565  12.6%  23.1 13975s
 21811925 11729251 6140.72448   78   77 6773.00000 5918.94962  12.6%  23.1 13980s
 21817964 11731521 6326.57952  108  115 6773.00000 5918.94962  12.6%  23.1 13985s
 21822330 11733352 infeasible   87      6773.00000 5918.94962  12.6%  23.1 13990s
 21830923 11736907 6245.66197   75   67 6773.00000 5918.95072  12.6%  23.1 13995s
 21837715 11742149 6261.92958   84  145 6773.00000 5918.96388  12.6%  23.1 14000s
 21845485 11744864 6686.22362   94  111 6773.00000 5918.97100  12.6%  23.1 14005s
 21848936 11746500 6304.44022   99   81 6773.00000 5918.97507  12.6%  23.1 14010s
 21856582 11750843 6574.49945   89   84 6773.00000 5918.97757  12.6%  23.1 14016s
 21866425 11754704 6444.23515   88   91 6773.00000 5918.97757  12.6%  23.1 14020s
 21874499 11760033 6591.82673  115  115 6773.00000 5918.98781  12.6%  23.1 14026s
 21884377 11763941 6174.34553   90   69 6773.00000 5919.00189  12.6%  23.1 14030s
 21892637 11768167 5931.24759   60  116 6773.00000 5919.01576  12.6%  23.1 14035s
 21901022 11772698 6426.40187  112   87 6773.00000 5919.03536  12.6%  23.1 14040s
 21909612 11776931 6368.47494   94  102 6773.00000 5919.04286  12.6%  23.1 14045s
 21916134 11781474 6050.49839   64  166 6773.00000 5919.05295  12.6%  23.1 14050s
 21925227 11785567 6121.10566   67   80 6773.00000 5919.06645  12.6%  23.1 14055s
 21931077 11790373 6087.79027   78   70 6773.00000 5919.07430  12.6%  23.1 14060s
 21939931 11794183 6341.43053   95  106 6773.00000 5919.07951  12.6%  23.1 14065s
 21948336 11798092 6174.14283   58   73 6773.00000 5919.08178  12.6%  23.1 14070s
 21955354 11802181 6359.44918  104   98 6773.00000 5919.09575  12.6%  23.1 14075s
 21963508 11804996 infeasible   88      6773.00000 5919.09812  12.6%  23.1 14080s
 21972256 11809746 6536.68735   86   83 6773.00000 5919.10080  12.6%  23.1 14085s
 21981712 11814664     cutoff  118      6773.00000 5919.10372  12.6%  23.1 14090s
 21990149 11819735 6459.45081   92   50 6773.00000 5919.11844  12.6%  23.1 14095s
 21999990 11824577 6124.40113   66   32 6773.00000 5919.12673  12.6%  23.1 14100s
 22007720 11827893 6322.79952   49   97 6773.00000 5919.13339  12.6%  23.1 14105s
 22014294 11832650 6243.09512   80   70 6773.00000 5919.13763  12.6%  23.1 14110s
 22021985 11835792 6486.95000  108   18 6773.00000 5919.13763  12.6%  23.1 14115s
 22028132 11838702 6000.77662   78  129 6773.00000 5919.13763  12.6%  23.1 14120s
 22029634 11839831 6293.62513  102  117 6773.00000 5919.13763  12.6%  23.1 14125s
 22034142 11842689 6066.35050   84  101 6773.00000 5919.13763  12.6%  23.1 14130s
 22044449 11846456 infeasible   91      6773.00000 5919.15216  12.6%  23.1 14135s
 22051073 11849926 6050.88903   70  155 6773.00000 5919.16178  12.6%  23.1 14140s
 22057881 11853355 6567.22393  106   87 6773.00000 5919.17509  12.6%  23.1 14145s
 22066326 11858238 6066.62987   83  113 6773.00000 5919.19098  12.6%  23.1 14150s
 22076557 11862149 5924.46166   70  101 6773.00000 5919.19821  12.6%  23.1 14155s
 22083784 11865506 6207.56966   77   84 6773.00000 5919.20377  12.6%  23.1 14160s
 22092733 11870167 6017.44711   62  107 6773.00000 5919.20888  12.6%  23.1 14165s
 22099795 11873267 6036.40875  104   77 6773.00000 5919.20892  12.6%  23.1 14170s
 22106730 11876335     cutoff   99      6773.00000 5919.21405  12.6%  23.1 14175s
 22114593 11880519 6230.48007   93   76 6773.00000 5919.22160  12.6%  23.1 14180s
 22123847 11884250 infeasible  100      6773.00000 5919.23942  12.6%  23.1 14185s
 22132028 11890719 6096.69620   90   85 6773.00000 5919.25201  12.6%  23.1 14190s
 22142243 11895026 6417.68336  100  144 6773.00000 5919.26586  12.6%  23.1 14195s
 22153402 11900971 6332.82559   93   66 6773.00000 5919.26888  12.6%  23.1 14200s
 22162631 11905504 5997.33625   55  125 6773.00000 5919.28471  12.6%  23.1 14205s
 22170438 11909383 infeasible  121      6773.00000 5919.28763  12.6%  23.1 14210s
 22178022 11913015 infeasible   85      6773.00000 5919.29391  12.6%  23.1 14215s
 22185646 11917536 6059.48062   82  117 6773.00000 5919.29753  12.6%  23.1 14220s
 22193692 11921928 6500.12646  110  109 6773.00000 5919.30751  12.6%  23.1 14225s
 22200640 11924528 infeasible  111      6773.00000 5919.31757  12.6%  23.1 14230s
 22209046 11927794 6418.75067  103   72 6773.00000 5919.32132  12.6%  23.1 14235s
 22216412 11930831 infeasible  121      6773.00000 5919.32132  12.6%  23.1 14240s
 22222050 11932941 infeasible  117      6773.00000 5919.32132  12.6%  23.1 14245s
 22230373 11936654 infeasible  103      6773.00000 5919.32132  12.6%  23.1 14250s
 22231193 11936732 infeasible  111      6773.00000 5919.32132  12.6%  23.1 14255s
 22235310 11938426 6658.11837  109   95 6773.00000 5919.32132  12.6%  23.1 14260s
 22240518 11940827 6005.26492   93  133 6773.00000 5919.32132  12.6%  23.1 14265s
 22249170 11943881     cutoff  121      6773.00000 5919.32132  12.6%  23.1 14270s
 22256376 11947045 infeasible  108      6773.00000 5919.32132  12.6%  23.1 14275s
 22264362 11951426 6318.88624   90  110 6773.00000 5919.32536  12.6%  23.1 14280s
 22273292 11954982 infeasible  119      6773.00000 5919.34296  12.6%  23.1 14285s
 22280231 11959587 6523.01822   97  119 6773.00000 5919.34296  12.6%  23.1 14290s
 22290812 11964458 infeasible  111      6773.00000 5919.34296  12.6%  23.1 14295s
 22301102 11969927 infeasible  106      6773.00000 5919.34296  12.6%  23.1 14300s
 22308532 11973373 6132.25494   83   69 6773.00000 5919.34636  12.6%  23.1 14305s
 22314872 11976243 6654.05655  103   43 6773.00000 5919.34915  12.6%  23.1 14310s
 22322919 11980401 infeasible  113      6773.00000 5919.34941  12.6%  23.1 14315s
 22332174 11985572 6041.52189   76  120 6773.00000 5919.35661  12.6%  23.1 14320s
 22342735 11991005 6472.14428   88   87 6773.00000 5919.35661  12.6%  23.1 14325s
 22349956 11994876 5962.54351   66   78 6773.00000 5919.35661  12.6%  23.1 14330s
 22357199 11999333 6296.99119   85   31 6773.00000 5919.35736  12.6%  23.1 14335s
 22365479 12003066 infeasible  117      6773.00000 5919.36048  12.6%  23.1 14340s
 22374384 12007250     cutoff   97      6773.00000 5919.36972  12.6%  23.1 14345s
 22383089 12011465 6682.17874  132   38 6773.00000 5919.37432  12.6%  23.1 14350s
 22392019 12015884 6127.37816   98   91 6773.00000 5919.38342  12.6%  23.1 14355s
 22402002 12020860     cutoff   96      6773.00000 5919.38971  12.6%  23.1 14360s
 22411851 12026157 6216.59426   97   60 6773.00000 5919.39255  12.6%  23.1 14365s
 22421785 12030613 5933.90596   87  138 6773.00000 5919.39569  12.6%  23.1 14370s
 22429082 12034217 infeasible  100      6773.00000 5919.40116  12.6%  23.1 14375s
 22437498 12038748 5920.65281   88  135 6773.00000 5919.41874  12.6%  23.1 14380s
 22443602 12042482 6468.53090  111   66 6773.00000 5919.42811  12.6%  23.1 14385s
 22453011 12046786 infeasible   87      6773.00000 5919.44231  12.6%  23.1 14390s
 22461508 12051624 infeasible   99      6773.00000 5919.45018  12.6%  23.1 14395s
 22469969 12056131     cutoff  106      6773.00000 5919.45509  12.6%  23.1 14400s
 22476470 12059094 6424.80729   96   69 6773.00000 5919.45509  12.6%  23.1 14405s
 22477425 12059995 6416.00350  105   58 6773.00000 5919.45509  12.6%  23.1 14410s
 22484033 12062938 6205.18400   81   66 6773.00000 5919.45509  12.6%  23.1 14415s
 22489686 12065505 5954.15289   88   76 6773.00000 5919.46862  12.6%  23.1 14420s
 22494079 12067366 6065.51261   95   67 6773.00000 5919.46869  12.6%  23.2 14425s
 22499834 12069770     cutoff   84      6773.00000 5919.47786  12.6%  23.2 14430s
 22506966 12074394 6267.77560   86   74 6773.00000 5919.48421  12.6%  23.2 14435s
 22515023 12077456 5951.33678   81  132 6773.00000 5919.49022  12.6%  23.2 14440s
 22521715 12080914 6023.10007   63   90 6773.00000 5919.49100  12.6%  23.2 14445s
 22529105 12084746 infeasible  124      6773.00000 5919.49745  12.6%  23.2 14450s
 22535791 12088741 6157.87768   77  116 6773.00000 5919.50450  12.6%  23.2 14455s
 22545530 12094113 6206.71881  111   97 6773.00000 5919.51105  12.6%  23.2 14460s
 22554024 12099026 6116.64103   87  143 6773.00000 5919.51951  12.6%  23.2 14465s
 22563975 12102998     cutoff  116      6773.00000 5919.53020  12.6%  23.2 14470s
 22574094 12107975 infeasible  126      6773.00000 5919.53266  12.6%  23.2 14475s
 22581732 12112320 6010.27839   87   85 6773.00000 5919.54790  12.6%  23.2 14480s
 22588806 12115166     cutoff  101      6773.00000 5919.54798  12.6%  23.2 14485s
 22598488 12120897 infeasible  126      6773.00000 5919.55405  12.6%  23.2 14490s
 22607295 12126863 6313.55550   98   35 6773.00000 5919.55711  12.6%  23.2 14495s
 22616823 12131601 infeasible  103      6773.00000 5919.55791  12.6%  23.1 14500s
 22626501 12136884 infeasible  120      6773.00000 5919.55791  12.6%  23.1 14505s
 22634550 12140597 6624.97318  122   81 6773.00000 5919.56758  12.6%  23.1 14510s
 22642329 12144680 infeasible  117      6773.00000 5919.57550  12.6%  23.1 14515s
 22651159 12148806 6035.29593   82   75 6773.00000 5919.57585  12.6%  23.1 14520s
 22657067 12151188 6616.15528   92   91 6773.00000 5919.58112  12.6%  23.2 14525s
 22664667 12156063 6315.41065  115   53 6773.00000 5919.58793  12.6%  23.2 14530s
 22672537 12158354     cutoff   93      6773.00000 5919.59082  12.6%  23.2 14535s
 22679269 12160955 infeasible  129      6773.00000 5919.59751  12.6%  23.2 14540s
 22686451 12164630 6739.28550   86   27 6773.00000 5919.60505  12.6%  23.2 14545s
 22693901 12167777 5920.03959   83  146 6773.00000 5919.60980  12.6%  23.2 14550s
 22694980 12168607 5990.38994   50   75 6773.00000 5919.61155  12.6%  23.2 14555s
 22700235 12170936 5940.82886   67   93 6773.00000 5919.61850  12.6%  23.2 14560s
 22707338 12174379 infeasible   71      6773.00000 5919.62821  12.6%  23.2 14565s
 22712492 12177167 6065.42592   72  111 6773.00000 5919.63492  12.6%  23.2 14570s
 22723863 12182690 6251.22461   88   72 6773.00000 5919.64084  12.6%  23.2 14575s
 22733050 12188146 infeasible  138      6773.00000 5919.64715  12.6%  23.2 14580s
 22741766 12193147 6058.52385   95   85 6773.00000 5919.65429  12.6%  23.2 14585s
 22749584 12197081 6010.17720   92  156 6773.00000 5919.66680  12.6%  23.2 14590s
 22757960 12200647 infeasible  106      6773.00000 5919.67489  12.6%  23.2 14595s
 22766844 12205083 infeasible  105      6773.00000 5919.67743  12.6%  23.2 14600s
 22773575 12208238 6198.35522   96   69 6773.00000 5919.67743  12.6%  23.2 14605s
 22780551 12211266     cutoff   82      6773.00000 5919.67743  12.6%  23.2 14610s
 22788163 12214596 6174.44307   89   70 6773.00000 5919.67743  12.6%  23.2 14615s
 22794688 12217190 6033.55009   95  145 6773.00000 5919.67743  12.6%  23.2 14621s
 22800907 12219902     cutoff  101      6773.00000 5919.67743  12.6%  23.2 14625s
 22804849 12221622 6001.27346   77   85 6773.00000 5919.67743  12.6%  23.2 14630s
 22809867 12223892 6615.87068   85   80 6773.00000 5919.67743  12.6%  23.2 14635s
 22815518 12226077 6752.06263   91   28 6773.00000 5919.67743  12.6%  23.2 14640s
 22822837 12229378 6141.72826   89   66 6773.00000 5919.67743  12.6%  23.2 14645s
 22829164 12231795 5951.83951   75  142 6773.00000 5919.67743  12.6%  23.2 14650s
 22835902 12235174 6595.91691  111   63 6773.00000 5919.67937  12.6%  23.2 14655s
 22844953 12240184 6411.27696  101  104 6773.00000 5919.69317  12.6%  23.2 14660s
 22851904 12242758 6012.50458   66  162 6773.00000 5919.70233  12.6%  23.2 14666s
 22853648 12243697 6581.80400   80   24 6773.00000 5919.70903  12.6%  23.2 14670s
 22858060 12245020 6069.96462   81   99 6773.00000 5919.71019  12.6%  23.2 14675s
 22862751 12246766     cutoff   81      6773.00000 5919.71019  12.6%  23.2 14680s
 22870895 12250866     cutoff  122      6773.00000 5919.71019  12.6%  23.2 14685s
 22876951 12253339 6215.13081   75   93 6773.00000 5919.71019  12.6%  23.2 14690s
 22883181 12256993 6426.34223  101  118 6773.00000 5919.71019  12.6%  23.2 14695s
 22889093 12260316 6018.90354   85  129 6773.00000 5919.71019  12.6%  23.2 14700s
 22897156 12262407 5921.25260   83   96 6773.00000 5919.71019  12.6%  23.2 14705s
 22903494 12265435 infeasible   81      6773.00000 5919.71019  12.6%  23.2 14710s
 22910718 12269598 infeasible   97      6773.00000 5919.71019  12.6%  23.2 14715s
 22918591 12272805 6127.95925   98  107 6773.00000 5919.71673  12.6%  23.2 14720s
 22927667 12277961 6216.58968   92   62 6773.00000 5919.72573  12.6%  23.2 14725s
 22935969 12282565 5920.40828   59  140 6773.00000 5919.72574  12.6%  23.2 14730s
 22944676 12286922 6202.46575  112   69 6773.00000 5919.72812  12.6%  23.2 14735s
 22953544 12291289 infeasible   97      6773.00000 5919.73171  12.6%  23.2 14740s
 22962278 12295793 infeasible   89      6773.00000 5919.74082  12.6%  23.2 14745s
 22970161 12299071 infeasible  115      6773.00000 5919.74082  12.6%  23.2 14750s
 22977206 12302559 6206.64708   76   91 6773.00000 5919.74714  12.6%  23.2 14755s
 22987413 12307859 6356.38926   89   76 6773.00000 5919.75889  12.6%  23.2 14760s
 22993764 12310996 5991.57467   74   47 6773.00000 5919.76407  12.6%  23.2 14765s
 23001679 12316037 6215.64016   83   97 6773.00000 5919.76942  12.6%  23.2 14770s
 23009321 12319269 6031.57944   82  108 6773.00000 5919.77044  12.6%  23.2 14775s
 23018299 12324218 6042.64990   95   93 6773.00000 5919.77561  12.6%  23.2 14780s
 23027003 12329259 5953.58966   69   70 6773.00000 5919.77731  12.6%  23.2 14785s
 23035898 12333878 6401.76980  122   79 6773.00000 5919.78693  12.6%  23.2 14790s
 23043698 12337556 6371.48601   90   73 6773.00000 5919.79468  12.6%  23.2 14795s
 23051620 12341325     cutoff  120      6773.00000 5919.79826  12.6%  23.2 14800s
 23058090 12344690 6257.64894   98   81 6773.00000 5919.79826  12.6%  23.2 14805s
 23061855 12346748 6362.02194   57  118 6773.00000 5919.80289  12.6%  23.2 14811s
 23068595 12350545 6139.30000   62   64 6773.00000 5919.81528  12.6%  23.2 14815s
 23072310 12355178 6001.67680   73  123 6773.00000 5919.81680  12.6%  23.2 14831s
 23085628 12355977 5967.57777   79   96 6773.00000 5919.82743  12.6%  23.2 14835s
 23089698 12358856 6450.71248   85  119 6773.00000 5919.82743  12.6%  23.2 14840s
 23096670 12361373 6281.20680   83   88 6773.00000 5919.82743  12.6%  23.2 14845s
 23105193 12363917 6357.04685   90   77 6773.00000 5919.82743  12.6%  23.2 14850s
 23112798 12367254 infeasible  117      6773.00000 5919.82743  12.6%  23.2 14855s
 23119365 12369990 infeasible   99      6773.00000 5919.82743  12.6%  23.2 14860s
 23124992 12372333 infeasible  107      6773.00000 5919.82743  12.6%  23.2 14865s
 23131558 12376044 infeasible   90      6773.00000 5919.82743  12.6%  23.2 14870s
 23138997 12378577 6303.61953   85   80 6773.00000 5919.82743  12.6%  23.2 14875s
 23143236 12381051 6741.98079   84  118 6773.00000 5919.82743  12.6%  23.2 14880s
 23150030 12383819 5920.37581   66  124 6773.00000 5919.82743  12.6%  23.2 14886s
 23155810 12384874 6334.98347   89  113 6773.00000 5919.83029  12.6%  23.2 14890s
 23165324 12389983 6092.60853  113   95 6773.00000 5919.83925  12.6%  23.2 14895s
 23173443 12394911 6294.89733  103  115 6773.00000 5919.85678  12.6%  23.2 14900s
 23180697 12397321 6198.57642   88   89 6773.00000 5919.86019  12.6%  23.2 14905s
 23186243 12400501 6240.19459   95  126 6773.00000 5919.86019  12.6%  23.2 14910s
 23189845 12401097 6421.70534   90   79 6773.00000 5919.86019  12.6%  23.2 14915s
 23194631 12402658 6445.56555   76  110 6773.00000 5919.86019  12.6%  23.2 14920s
 23198810 12404185 6149.13394   75   73 6773.00000 5919.86019  12.6%  23.2 14925s
 23206335 12407462 6221.11443   74  103 6773.00000 5919.86019  12.6%  23.2 14930s
 23213962 12410812 6075.84501   74   77 6773.00000 5919.86019  12.6%  23.2 14935s
 23221165 12413798 6082.24523   81   77 6773.00000 5919.86019  12.6%  23.2 14940s
 23225906 12417356 6485.09022   98   55 6773.00000 5919.86019  12.6%  23.2 14945s
 23235986 12420453 infeasible   96      6773.00000 5919.86019  12.6%  23.2 14950s
 23241628 12422606     cutoff   88      6773.00000 5919.86019  12.6%  23.2 14955s
 23249112 12425695 6109.38285   71  119 6773.00000 5919.86019  12.6%  23.2 14960s
 23255973 12428120     cutoff   90      6773.00000 5919.86019  12.6%  23.2 14965s
 23263984 12432232 6060.44954   89  129 6773.00000 5919.86019  12.6%  23.2 14970s
 23270489 12434385 infeasible   92      6773.00000 5919.86019  12.6%  23.2 14975s
 23276838 12437567 6332.90833   83  143 6773.00000 5919.86019  12.6%  23.2 14980s
 23284778 12440717 6195.32035   94   70 6773.00000 5919.86019  12.6%  23.2 14985s
 23289420 12443049 6603.17506   88  116 6773.00000 5919.86019  12.6%  23.2 14990s
 23294728 12444199 6051.80208   76  126 6773.00000 5919.86019  12.6%  23.2 14995s
 23300529 12447082 6204.43874   74  119 6773.00000 5919.86019  12.6%  23.2 15000s
 23305155 12447934 5921.31168   83   91 6773.00000 5919.86019  12.6%  23.2 15005s
 23307694 12448720 6277.01667   98   80 6773.00000 5919.86019  12.6%  23.2 15010s
 23311785 12449794 6034.06202   83   85 6773.00000 5919.86019  12.6%  23.2 15015s
 23317051 12451881 6475.36231  108   95 6773.00000 5919.86461  12.6%  23.2 15020s
 23319121 12453331 infeasible   89      6773.00000 5919.86461  12.6%  23.2 15025s
 23326674 12457207 6420.87583  109   89 6773.00000 5919.86461  12.6%  23.2 15030s
 23334621 12462455 5969.49034   62   85 6773.00000 5919.87330  12.6%  23.2 15036s
 23341962 12464548 infeasible   97      6773.00000 5919.88112  12.6%  23.2 15040s
 23348886 12468253 6324.45361   81   66 6773.00000 5919.89169  12.6%  23.2 15045s
 23355253 12471955 6030.46535   92  113 6773.00000 5919.89873  12.6%  23.2 15050s
 23364184 12476740 6456.90464   78  133 6773.00000 5919.90752  12.6%  23.2 15055s
 23371644 12481366 6012.51315   51  125 6773.00000 5919.90771  12.6%  23.2 15060s
 23380024 12485201 6010.66585   46   44 6773.00000 5919.91968  12.6%  23.2 15065s
 23386835 12488692 infeasible   90      6773.00000 5919.93100  12.6%  23.2 15070s
 23395185 12493260 6082.56456  109   75 6773.00000 5919.93462  12.6%  23.2 15075s
 23403964 12497262 6205.64342   86   44 6773.00000 5919.93948  12.6%  23.2 15080s
 23410211 12500617 6046.38425   68  212 6773.00000 5919.94176  12.6%  23.2 15085s
 23421015 12506617 infeasible  112      6773.00000 5919.95151  12.6%  23.2 15090s
 23425162 12509560     cutoff   94      6773.00000 5919.95455  12.6%  23.2 15095s
 23432081 12511775     cutoff  108      6773.00000 5919.95673  12.6%  23.2 15101s
 23434627 12513178 6130.30060   90  127 6773.00000 5919.95673  12.6%  23.2 15105s
 23442616 12517433     cutoff  121      6773.00000 5919.97091  12.6%  23.2 15110s
 23450277 12521396 6082.82939   76   54 6773.00000 5919.98124  12.6%  23.2 15115s
 23459300 12526294 6434.24024  101  112 6773.00000 5919.98346  12.6%  23.2 15120s
 23466986 12530915     cutoff   94      6773.00000 5919.98930  12.6%  23.2 15125s
 23475227 12535470 6315.42826   95   69 6773.00000 5919.98957  12.6%  23.2 15130s
 23485340 12541727 6439.30713  100   74 6773.00000 5919.98957  12.6%  23.2 15135s
 23494385 12546861 6340.08032   73   34 6773.00000 5919.99780  12.6%  23.2 15140s
 23504797 12551843 infeasible  109      6773.00000 5920.00062  12.6%  23.2 15145s
 23513902 12556539 6112.69930   90   49 6773.00000 5920.00062  12.6%  23.2 15150s
 23523174 12561659 infeasible   83      6773.00000 5920.00962  12.6%  23.2 15155s
 23531276 12565452 6327.89118   71  176 6773.00000 5920.01582  12.6%  23.2 15160s
 23539720 12570366 6689.07450  104   16 6773.00000 5920.02013  12.6%  23.2 15165s
 23548770 12574321 6139.10055   81   36 6773.00000 5920.03137  12.6%  23.2 15170s
 23556630 12578168     cutoff  100      6773.00000 5920.03985  12.6%  23.2 15175s
 23564593 12582507 infeasible   70      6773.00000 5920.04511  12.6%  23.2 15180s
 23572710 12587689 6317.03933   97   27 6773.00000 5920.04843  12.6%  23.2 15185s
 23582428 12591157 6022.08000   87   43 6773.00000 5920.05540  12.6%  23.2 15190s
 23588038 12594428 6089.49464   72  157 6773.00000 5920.05669  12.6%  23.2 15195s
 23597468 12599492 6439.23280   97  119 6773.00000 5920.06361  12.6%  23.2 15200s
 23605748 12603721 6432.93420   81   45 6773.00000 5920.06685  12.6%  23.2 15205s
 23613908 12608075 infeasible   92      6773.00000 5920.07803  12.6%  23.2 15210s
 23621006 12612455 6461.46738   95   76 6773.00000 5920.09046  12.6%  23.2 15215s
 23630053 12615723 6213.38285   85  116 6773.00000 5920.09258  12.6%  23.2 15220s
 23636724 12618206 infeasible   85      6773.00000 5920.09258  12.6%  23.2 15225s
 23637711 12618720 6271.81607   90  117 6773.00000 5920.09258  12.6%  23.2 15230s
 23642124 12620072 5993.74555   68   84 6773.00000 5920.09258  12.6%  23.2 15235s
 23646244 12621744 infeasible  102      6773.00000 5920.09450  12.6%  23.2 15240s
 23655622 12626201 6269.75963   86   36 6773.00000 5920.09641  12.6%  23.2 15245s
 23665374 12630475 infeasible  117      6773.00000 5920.09971  12.6%  23.2 15250s
 23668553 12632117 infeasible  115      6773.00000 5920.09971  12.6%  23.2 15255s
 23674159 12635187 6121.17232   88   33 6773.00000 5920.10325  12.6%  23.2 15260s
 23682871 12639994 6593.90327  139   28 6773.00000 5920.11087  12.6%  23.2 15265s
 23693006 12644212 6542.81350  116   32 6773.00000 5920.11849  12.6%  23.2 15270s
 23702195 12649911 6658.64891  120   81 6773.00000 5920.12202  12.6%  23.2 15275s
 23710786 12653809 6197.63380   93   53 6773.00000 5920.12571  12.6%  23.2 15280s
 23719819 12658735 5990.66380   71  105 6773.00000 5920.13637  12.6%  23.2 15285s
 23726436 12662386 6132.91599   79  174 6773.00000 5920.13841  12.6%  23.2 15290s
 23734470 12666728 6245.91933   85   99 6773.00000 5920.13841  12.6%  23.2 15295s
 23742561 12670942 6244.50685   90  130 6773.00000 5920.13841  12.6%  23.2 15300s
 23752459 12675629 6089.44444   73   99 6773.00000 5920.13841  12.6%  23.2 15305s
 23760916 12679076 6436.59954   93  104 6773.00000 5920.13841  12.6%  23.2 15310s
 23769491 12684273 6156.40437   76   77 6773.00000 5920.14762  12.6%  23.2 15315s
 23778987 12689103 6038.90612   73  137 6773.00000 5920.15207  12.6%  23.2 15320s
 23786945 12693469 6550.83112   75   97 6773.00000 5920.15844  12.6%  23.2 15325s
 23789118 12694387 infeasible   90      6773.00000 5920.15844  12.6%  23.2 15330s
 23794542 12696820 6457.79983   97  126 6773.00000 5920.15844  12.6%  23.2 15335s
 23802127 12701467 6133.27377   86  150 6773.00000 5920.15844  12.6%  23.2 15340s
 23808804 12703976 6015.38625   87  113 6773.00000 5920.15844  12.6%  23.2 15345s
 23816467 12706625 5921.15703   85   95 6773.00000 5920.15844  12.6%  23.2 15350s
 23822985 12709548     cutoff   96      6773.00000 5920.15844  12.6%  23.2 15355s
 23830171 12712871     cutoff   95      6773.00000 5920.15844  12.6%  23.2 15360s
 23836263 12715086 6054.15407   85   88 6773.00000 5920.15844  12.6%  23.2 15365s
 23842424 12718928 6106.50440   83  138 6773.00000 5920.15844  12.6%  23.2 15370s
 23850435 12722259 6001.24008   81   86 6773.00000 5920.15844  12.6%  23.2 15375s
 23858472 12725927     cutoff  104      6773.00000 5920.15844  12.6%  23.2 15380s
 23867740 12731189     cutoff   97      6773.00000 5920.15844  12.6%  23.2 15385s
 23875342 12735029 5922.88881   61  112 6773.00000 5920.15844  12.6%  23.2 15390s
 23883266 12738403 infeasible  131      6773.00000 5920.15844  12.6%  23.2 15395s
 23889565 12741804 6337.57269   83   77 6773.00000 5920.15904  12.6%  23.2 15400s
 23897505 12744428 infeasible   81      6773.00000 5920.17217  12.6%  23.2 15405s
 23899822 12745832 6255.09223   64  117 6773.00000 5920.17574  12.6%  23.2 15410s
 23905364 12748393 infeasible   91      6773.00000 5920.17796  12.6%  23.2 15415s
 23913806 12753164 5925.67886   66   92 6773.00000 5920.18429  12.6%  23.2 15420s
 23921279 12756916 6092.57802   73  120 6773.00000 5920.18842  12.6%  23.2 15425s
 23929460 12761776 infeasible  102      6773.00000 5920.18842  12.6%  23.2 15430s
 23938377 12767142 infeasible   91      6773.00000 5920.19660  12.6%  23.2 15435s
 23944369 12769179 infeasible   95      6773.00000 5920.20135  12.6%  23.2 15441s
 23944438 12769199 5941.27886   69   93 6773.00000 5920.20135  12.6%  23.2 15446s
 23944473 12769219 5943.37886   71   92 6773.00000 5920.20135  12.6%  23.2 15451s
 23944499 12769242 6200.81515   70  125 6773.00000 5920.20135  12.6%  23.2 15456s
 23944732 12769820 6235.41574   97   75 6773.00000 5920.20135  12.6%  23.2 15461s
 23948352 12771874 6417.05000  106    7 6773.00000 5920.20412  12.6%  23.2 15466s
 23953858 12773911     cutoff   70      6773.00000 5920.21913  12.6%  23.2 15471s
 23960006 12776831     cutoff   71      6773.00000 5920.21981  12.6%  23.2 15475s
 23968053 12780331 6023.16970   76   59 6773.00000 5920.21981  12.6%  23.2 15480s
 23975683 12782847     cutoff  111      6773.00000 5920.22009  12.6%  23.2 15485s
 23980499 12785086 infeasible   70      6773.00000 5920.22951  12.6%  23.3 15490s
 23985878 12789206 6545.47499   83  129 6773.00000 5920.23311  12.6%  23.3 15495s
 23994578 12791490 6447.27866   84   48 6773.00000 5920.23619  12.6%  23.3 15500s
 24001227 12793859 6055.41331   92   93 6773.00000 5920.24045  12.6%  23.3 15505s
 24008066 12797348 5930.83283   94   31 6773.00000 5920.24045  12.6%  23.3 15510s
 24014885 12801096 6333.45379  101   98 6773.00000 5920.24441  12.6%  23.3 15515s
 24024659 12805082 6192.29152   74  143 6773.00000 5920.25841  12.6%  23.3 15520s
 24029650 12807416 infeasible   79      6773.00000 5920.25841  12.6%  23.3 15525s
 24032927 12809533 6329.29163   86   74 6773.00000 5920.25841  12.6%  23.3 15530s
 24042611 12814310 6202.58016   82  134 6773.00000 5920.26340  12.6%  23.3 15535s
 24049696 12817788 5951.40695   82   77 6773.00000 5920.26797  12.6%  23.3 15540s
 24059023 12823129 6116.40078   97   99 6773.00000 5920.26845  12.6%  23.3 15545s
 24066765 12827022 6663.35510  107   39 6773.00000 5920.26845  12.6%  23.3 15550s
 24073570 12830131 6111.98144   95  166 6773.00000 5920.26845  12.6%  23.3 15555s
 24083202 12835068 6526.00000  103  145 6773.00000 5920.26845  12.6%  23.3 15560s
 24091014 12839887 6663.35685  105   37 6773.00000 5920.26845  12.6%  23.3 15565s
 24101571 12845170 6440.04714  122   91 6773.00000 5920.26845  12.6%  23.3 15570s
 24109757 12850182 infeasible  107      6773.00000 5920.26845  12.6%  23.3 15576s
 24117132 12852975 6098.82435   88  135 6773.00000 5920.26845  12.6%  23.3 15580s
 24125012 12856916 infeasible  108      6773.00000 5920.26845  12.6%  23.3 15585s
 24132061 12860558 6105.61656   96  151 6773.00000 5920.26845  12.6%  23.3 15590s
 24139762 12864699 6197.93022   95  117 6773.00000 5920.27073  12.6%  23.3 15595s
 24146149 12869024 6230.06527  112  142 6773.00000 5920.27883  12.6%  23.3 15600s
 24157011 12872895 infeasible   76      6773.00000 5920.29248  12.6%  23.3 15605s
 24163903 12878073 5925.32000   93   16 6773.00000 5920.30158  12.6%  23.3 15610s
 24171867 12879854     cutoff   96      6773.00000 5920.30844  12.6%  23.3 15615s
 24176553 12881214 5921.42485   83   90 6773.00000 5920.30844  12.6%  23.3 15620s
 24182779 12883415 infeasible  103      6773.00000 5920.30844  12.6%  23.3 15625s
 24186826 12884964 6075.84630   90   76 6773.00000 5920.30844  12.6%  23.3 15630s
 24191158 12886752 6196.46905   79   80 6773.00000 5920.30844  12.6%  23.3 15635s
 24195410 12887999 5989.95494   78   98 6773.00000 5920.30844  12.6%  23.3 15640s
 24201557 12890988 6015.30897   80   99 6773.00000 5920.30844  12.6%  23.3 15645s
 24209710 12895564 6089.39549   87  169 6773.00000 5920.30844  12.6%  23.3 15650s
 24215740 12898008 6392.68036  107  113 6773.00000 5920.31104  12.6%  23.3 15655s
 24223921 12902499 6016.75249   76  117 6773.00000 5920.31345  12.6%  23.3 15660s
 24234240 12906187 6250.33062   78  100 6773.00000 5920.32282  12.6%  23.3 15665s
 24242676 12910435 6234.02188   84  100 6773.00000 5920.32494  12.6%  23.3 15670s
 24252847 12916190 6051.16375   83   71 6773.00000 5920.32494  12.6%  23.3 15675s
 24262160 12920823 6554.91309  101   31 6773.00000 5920.32494  12.6%  23.3 15680s
 24272019 12925409 6136.69878   99   71 6773.00000 5920.32836  12.6%  23.3 15685s
 24281211 12930303 infeasible   93      6773.00000 5920.33431  12.6%  23.3 15690s
 24290939 12936247 6220.16166  102   92 6773.00000 5920.33597  12.6%  23.3 15695s
 24299808 12939777 6302.17128   76   67 6773.00000 5920.33847  12.6%  23.3 15700s
 24307663 12944702 6742.72611   77   66 6773.00000 5920.34272  12.6%  23.3 15705s
 24316947 12949191 infeasible   88      6773.00000 5920.34454  12.6%  23.3 15710s
 24324773 12953670 6209.56150  110   63 6773.00000 5920.35038  12.6%  23.3 15715s
 24333635 12958487 6661.31634  113   99 6773.00000 5920.35038  12.6%  23.3 15720s
 24342264 12962978 6541.34626  118   56 6773.00000 5920.35038  12.6%  23.3 15725s
 24345685 12966639 6159.04720  104   87 6773.00000 5920.35038  12.6%  23.3 15735s
 24360254 12972701 6553.79443  120   55 6773.00000 5920.35038  12.6%  23.3 15740s
 24370193 12977184 6236.78493  107   79 6773.00000 5920.35038  12.6%  23.3 15745s
 24380028 12981502     cutoff   87      6773.00000 5920.35929  12.6%  23.3 15750s
 24387452 12985516 6413.14253   95  113 6773.00000 5920.35929  12.6%  23.3 15755s
 24397115 12989530     cutoff   92      6773.00000 5920.35929  12.6%  23.3 15760s
 24405355 12992795     cutoff   95      6773.00000 5920.35929  12.6%  23.3 15765s
 24412881 12996469 infeasible   93      6773.00000 5920.36273  12.6%  23.3 15770s
 24418486 12999424 6313.62639   90   92 6773.00000 5920.36709  12.6%  23.3 15775s
 24430363 13004925 6093.28462   65   16 6773.00000 5920.37138  12.6%  23.3 15780s
 24439295 13008809 6168.43741   79   86 6773.00000 5920.38044  12.6%  23.3 15785s
 24447501 13013249 6233.91037   98  142 6773.00000 5920.38506  12.6%  23.3 15790s
 24457628 13019508 6146.75521   86   53 6773.00000 5920.38821  12.6%  23.3 15795s
 24467165 13024903 6225.40116   83   79 6773.00000 5920.38989  12.6%  23.3 15800s
 24475836 13029156 6543.58533  112   19 6773.00000 5920.38989  12.6%  23.3 15805s
 24485477 13034474 6310.72910   93   74 6773.00000 5920.38989  12.6%  23.3 15810s
 24495137 13039944 5951.72408   56  164 6773.00000 5920.39386  12.6%  23.3 15815s
 24502989 13044776 6157.75701   92  122 6773.00000 5920.40376  12.6%  23.3 15820s
 24512306 13048696 6204.62888   93   60 6773.00000 5920.41429  12.6%  23.3 15825s
 24520007 13053504 6117.01329  103   51 6773.00000 5920.41991  12.6%  23.3 15830s
 24529930 13057342 infeasible  121      6773.00000 5920.42784  12.6%  23.3 15835s
 24540349 13062715 infeasible  126      6773.00000 5920.42784  12.6%  23.2 15840s
 24548570 13066930 6561.02607  125   64 6773.00000 5920.42784  12.6%  23.2 15845s
 24557079 13070962 5957.77131  101   89 6773.00000 5920.42784  12.6%  23.2 15850s
 24559860 13072700 5962.15549   94   92 6773.00000 5920.42784  12.6%  23.2 15855s
 24568439 13077659 6527.03980  107   44 6773.00000 5920.42784  12.6%  23.2 15860s
 24579159 13082282 infeasible  136      6773.00000 5920.42784  12.6%  23.2 15865s
 24587724 13087099 6052.27638  103   44 6773.00000 5920.42784  12.6%  23.2 15870s
 24598649 13093002 6077.96974  111   50 6773.00000 5920.42784  12.6%  23.2 15875s
 24608782 13097744     cutoff  124      6773.00000 5920.42784  12.6%  23.2 15880s
 24618224 13102321 infeasible  102      6773.00000 5920.43144  12.6%  23.2 15885s
 24625331 13105204     cutoff   95      6773.00000 5920.43404  12.6%  23.2 15890s
 24633676 13110165 6137.89994  102   83 6773.00000 5920.43765  12.6%  23.2 15895s
 24643387 13114301 6246.57507   95   72 6773.00000 5920.44055  12.6%  23.2 15900s
 24651294 13118207 6321.52851   80   78 6773.00000 5920.44136  12.6%  23.2 15905s
 24659363 13122887 6406.97927   88   85 6773.00000 5920.44438  12.6%  23.2 15910s
 24668471 13126932 infeasible  102      6773.00000 5920.44442  12.6%  23.2 15915s
 24676757 13130786     cutoff  105      6773.00000 5920.44823  12.6%  23.2 15920s
 24684095 13133995 6244.83133  109  106 6773.00000 5920.45357  12.6%  23.2 15925s
 24692032 13139997 6305.20070  112   68 6773.00000 5920.45742  12.6%  23.2 15931s
 24701329 13143951 infeasible  122      6773.00000 5920.46950  12.6%  23.2 15935s
 24710588 13148765 infeasible  112      6773.00000 5920.47823  12.6%  23.2 15940s
 24719989 13152706 5923.11413  100  153 6773.00000 5920.48148  12.6%  23.2 15945s
 24728855 13157935 6429.12950  108   20 6773.00000 5920.49205  12.6%  23.2 15950s
 24739443 13163037 6329.13000   92   30 6773.00000 5920.49233  12.6%  23.2 15955s
 24748769 13168068 6163.13817   69   84 6773.00000 5920.49890  12.6%  23.2 15960s
 24752311 13169033 6410.52899  122  123 6773.00000 5920.50248  12.6%  23.2 15965s
 24757515 13171451 6186.44014  104   44 6773.00000 5920.50248  12.6%  23.2 15970s
 24766661 13176594 6017.08042  100   36 6773.00000 5920.50248  12.6%  23.2 15975s
 24776702 13180068 5994.14014   80   93 6773.00000 5920.50424  12.6%  23.2 15980s
 24784991 13184606 infeasible  134      6773.00000 5920.50660  12.6%  23.2 15985s
 24796757 13190074 6514.43946  109   77 6773.00000 5920.50660  12.6%  23.2 15990s
 24804772 13194186 6323.09632  102   65 6773.00000 5920.51849  12.6%  23.2 15996s
 24813696 13199172 6324.04186   93  118 6773.00000 5920.52053  12.6%  23.2 16000s
 24821146 13203846 6397.41829   93   78 6773.00000 5920.52053  12.6%  23.2 16005s
 24830866 13207678 5991.55167   58  237 6773.00000 5920.52300  12.6%  23.2 16010s
 24840171 13213465 6059.54563   91   76 6773.00000 5920.53703  12.6%  23.2 16016s
 24848296 13216389 6027.15664  101  143 6773.00000 5920.54382  12.6%  23.2 16020s
 24856921 13220818     cutoff  118      6773.00000 5920.55614  12.6%  23.2 16025s
 24866270 13225735 5962.99097   91   90 6773.00000 5920.56521  12.6%  23.2 16030s
 24873594 13229849 6249.44814  107   48 6773.00000 5920.57404  12.6%  23.2 16035s
 24881543 13234052 6392.35350  111   45 6773.00000 5920.57962  12.6%  23.2 16040s
 24890180 13237762 6155.19945  114   84 6773.00000 5920.58209  12.6%  23.2 16045s
 24900127 13242514 infeasible  117      6773.00000 5920.58808  12.6%  23.2 16050s
 24909196 13247641 6621.20000   99   18 6773.00000 5920.59708  12.6%  23.2 16055s
 24917592 13252172 5999.53749   78  136 6773.00000 5920.59708  12.6%  23.2 16060s
 24926753 13257458 6214.94041  114   92 6773.00000 5920.60178  12.6%  23.2 16065s
 24928692 13257604 6214.83155   98   95 6773.00000 5920.60326  12.6%  23.2 16070s
 24933085 13259613 6356.03938   90   79 6773.00000 5920.61220  12.6%  23.2 16075s
 24940364 13262971 infeasible  104      6773.00000 5920.61896  12.6%  23.2 16080s
 24948628 13267259 5932.26943   96   84 6773.00000 5920.62665  12.6%  23.2 16085s
 24957477 13271210 6342.83056   90   46 6773.00000 5920.62968  12.6%  23.2 16090s
 24964081 13273615 6168.79357   74   86 6773.00000 5920.63092  12.6%  23.2 16095s
 24969933 13276614 6377.70641   81   25 6773.00000 5920.63706  12.6%  23.2 16100s
 24978199 13281568 6124.18560  111  100 6773.00000 5920.64905  12.6%  23.2 16105s
 24984240 13283204 6511.64885  128   41 6773.00000 5920.64989  12.6%  23.2 16110s
 24991489 13287267 5957.49794   95   68 6773.00000 5920.65639  12.6%  23.2 16115s
 25001674 13292508 6372.98702   67  138 6773.00000 5920.65982  12.6%  23.2 16120s
 25010515 13297123 infeasible  116      6773.00000 5920.66720  12.6%  23.2 16125s
 25017782 13300796 6422.04754   80   72 6773.00000 5920.67890  12.6%  23.2 16130s
 25025622 13304825 infeasible  101      6773.00000 5920.68559  12.6%  23.2 16135s
 25034058 13309334 6506.06000  112   21 6773.00000 5920.69002  12.6%  23.2 16140s
 25042081 13313600 infeasible   88      6773.00000 5920.70949  12.6%  23.2 16145s
 25047290 13316119     cutoff  120      6773.00000 5920.72179  12.6%  23.2 16150s
 25057470 13321183 6278.14354  119   46 6773.00000 5920.72179  12.6%  23.2 16155s
 25066104 13325631 6611.88550  115   43 6773.00000 5920.72179  12.6%  23.2 16160s
 25076019 13330926 6162.99538  123   59 6773.00000 5920.72179  12.6%  23.2 16165s
 25084950 13335749 6071.20507  105   89 6773.00000 5920.72179  12.6%  23.2 16170s
 25092983 13340253 6328.73963  125   82 6773.00000 5920.72225  12.6%  23.2 16175s
 25101225 13343989     cutoff  120      6773.00000 5920.72823  12.6%  23.2 16180s
 25109083 13349014 6151.92724   99   82 6773.00000 5920.73620  12.6%  23.2 16185s
 25117533 13352490 infeasible  102      6773.00000 5920.74791  12.6%  23.2 16190s
 25124094 13356198 infeasible   98      6773.00000 5920.76017  12.6%  23.2 16195s
 25131510 13360498 6406.57177   92  133 6773.00000 5920.77495  12.6%  23.2 16200s
 25139774 13364212     cutoff   74      6773.00000 5920.77867  12.6%  23.2 16205s
 25141189 13364760     cutoff  102      6773.00000 5920.77867  12.6%  23.2 16210s
 25148469 13369026 6146.77881  100   92 6773.00000 5920.78866  12.6%  23.2 16215s
 25158406 13373104 6014.03224   80   65 6773.00000 5920.80006  12.6%  23.2 16220s
 25168437 13379502 6415.83858  123  143 6773.00000 5920.80006  12.6%  23.2 16225s
 25174655 13383772 6556.44228   72  186 6773.00000 5920.80404  12.6%  23.2 16230s
 25182716 13387510 6322.99176   83  154 6773.00000 5920.81292  12.6%  23.2 16235s
 25191907 13391344 6172.31815   85   70 6773.00000 5920.82701  12.6%  23.2 16240s
 25198481 13395508 6330.85022  117   41 6773.00000 5920.83705  12.6%  23.2 16245s
 25208067 13400239 6158.75382   84   76 6773.00000 5920.84436  12.6%  23.2 16250s
 25216884 13404906 6325.33300  116   17 6773.00000 5920.84807  12.6%  23.2 16255s
 25226916 13409833 6620.29525  126   39 6773.00000 5920.85968  12.6%  23.2 16260s
 25235425 13413240 infeasible   93      6773.00000 5920.86105  12.6%  23.2 16265s
 25244407 13418604 6273.33680  107   77 6773.00000 5920.87284  12.6%  23.2 16270s
 25254864 13423185 infeasible   97      6773.00000 5920.87805  12.6%  23.2 16275s
 25263456 13427848 6448.04489   52  179 6773.00000 5920.88345  12.6%  23.2 16280s
 25271403 13432194 6018.06582   94   97 6773.00000 5920.88976  12.6%  23.2 16285s
 25280045 13437177 6459.15729   96   51 6773.00000 5920.89222  12.6%  23.2 16290s
 25288366 13441243 5942.62663   63  134 6773.00000 5920.89222  12.6%  23.2 16295s
 25296090 13445471 6009.55277   87  160 6773.00000 5920.89593  12.6%  23.2 16300s
 25302808 13448391 6238.60011   81   90 6773.00000 5920.89718  12.6%  23.2 16305s
 25307519 13450222 6516.33249  104   27 6773.00000 5920.89718  12.6%  23.2 16310s
 25313799 13454203 6212.54239   93   93 6773.00000 5920.89865  12.6%  23.2 16315s
 25324109 13458439 infeasible  112      6773.00000 5920.90565  12.6%  23.2 16320s
 25326951 13459516 6069.71415   58   82 6773.00000 5920.91130  12.6%  23.2 16325s
 25329834 13461472 6275.31338   74   98 6773.00000 5920.92016  12.6%  23.2 16330s
 25337233 13465225 infeasible  116      6773.00000 5920.92390  12.6%  23.2 16335s
 25346296 13470487 6704.71808   84   47 6773.00000 5920.93050  12.6%  23.2 16340s
 25357611 13476104 6237.43450   83   85 6773.00000 5920.93662  12.6%  23.2 16345s
 25367020 13480692 infeasible   81      6773.00000 5920.93818  12.6%  23.2 16350s
 25375967 13485254 6074.01574  108  141 6773.00000 5920.94897  12.6%  23.2 16355s
 25385032 13489988     cutoff  109      6773.00000 5920.95210  12.6%  23.2 16360s
 25391995 13494336 6315.12850   88   78 6773.00000 5920.95775  12.6%  23.2 16365s
 25402472 13499731 infeasible  123      6773.00000 5920.96528  12.6%  23.2 16370s
 25410795 13503657 5922.45629   75  159 6773.00000 5920.97416  12.6%  23.2 16375s
 25421340 13510124 6563.85317  111   22 6773.00000 5920.97593  12.6%  23.2 16380s
 25430893 13515614 infeasible   75      6773.00000 5920.98191  12.6%  23.2 16385s
 25440069 13521140 6452.79297  110   95 6773.00000 5920.98299  12.6%  23.2 16390s
 25448709 13525776 6491.62900   97  135 6773.00000 5920.98299  12.6%  23.2 16395s
 25456662 13530428 6218.20000   76   46 6773.00000 5920.98831  12.6%  23.2 16400s
 25461384 13533073 6069.50842   73   77 6773.00000 5920.98998  12.6%  23.2 16405s
 25470265 13537937 6377.92301   71   83 6773.00000 5920.99102  12.6%  23.2 16410s
 25475985 13540414 infeasible   84      6773.00000 5920.99708  12.6%  23.2 16415s
 25483051 13545078 6123.39117   85  162 6773.00000 5921.00526  12.6%  23.2 16420s
 25492132 13550090 6381.20420   76  133 6773.00000 5921.01316  12.6%  23.2 16425s
 25500792 13553838 6438.73181  116  102 6773.00000 5921.02279  12.6%  23.2 16430s
 25509414 13557190     cutoff   88      6773.00000 5921.02609  12.6%  23.2 16435s
 25516606 13560622 6035.10709   70   80 6773.00000 5921.02740  12.6%  23.2 16440s
 25525223 13564604 6223.42778   68   83 6773.00000 5921.03794  12.6%  23.2 16445s
 25533974 13569108 6118.41947   92  158 6773.00000 5921.04816  12.6%  23.2 16450s
 25541803 13572798 6126.55408   67  124 6773.00000 5921.06277  12.6%  23.2 16455s
 25542861 13573519 infeasible   86      6773.00000 5921.06500  12.6%  23.2 16460s
 25549562 13576779 infeasible  118      6773.00000 5921.07123  12.6%  23.2 16465s
 25557006 13580955 5927.03158   80   71 6773.00000 5921.07123  12.6%  23.2 16470s
 25559780 13582071 infeasible  123      6773.00000 5921.07348  12.6%  23.2 16475s
 25564262 13584705 6481.38517   89  108 6773.00000 5921.08146  12.6%  23.2 16480s
 25573331 13589788 6396.98682   78   77 6773.00000 5921.08516  12.6%  23.2 16485s
 25584157 13596235 6243.98444   70  175 6773.00000 5921.09095  12.6%  23.2 16490s
 25591986 13600372 infeasible  122      6773.00000 5921.09878  12.6%  23.2 16495s
 25601160 13605552 infeasible  104      6773.00000 5921.10292  12.6%  23.2 16500s
 25608891 13610017     cutoff  112      6773.00000 5921.10604  12.6%  23.2 16505s
 25616386 13613331 6624.37133  117   52 6773.00000 5921.11533  12.6%  23.2 16510s
 25625033 13618250 6236.70383   76  107 6773.00000 5921.12978  12.6%  23.2 16515s
 25632882 13621774 6021.31768   65  148 6773.00000 5921.13709  12.6%  23.2 16520s
 25639144 13625563 6655.08873   95   51 6773.00000 5921.13926  12.6%  23.2 16525s
 25647735 13630621 6261.01883   98   17 6773.00000 5921.13926  12.6%  23.2 16531s
 25655592 13632814 infeasible  115      6773.00000 5921.13926  12.6%  23.2 16535s
 25661623 13636078 6445.33563   87   86 6773.00000 5921.13926  12.6%  23.2 16540s
 25669288 13640192 6316.32396   95  106 6773.00000 5921.13926  12.6%  23.2 16545s
 25677534 13643999 6619.24942  101   53 6773.00000 5921.13926  12.6%  23.2 16550s
 25687108 13648251 infeasible  110      6773.00000 5921.13926  12.6%  23.2 16555s
 25692059 13651492 6130.49513   97  121 6773.00000 5921.13926  12.6%  23.2 16560s
 25700546 13655431 6010.17720   92  154 6773.00000 5921.13926  12.6%  23.2 16565s
 25708360 13657919 6146.10219   95  124 6773.00000 5921.13926  12.6%  23.2 16570s
 25715938 13661770 6050.42170   87   72 6773.00000 5921.13926  12.6%  23.2 16575s
 25723350 13665007     cutoff   96      6773.00000 5921.13926  12.6%  23.2 16580s
 25729098 13668140 6424.40726   96  113 6773.00000 5921.13926  12.6%  23.2 16585s
 25737935 13671175 6183.50482   93  113 6773.00000 5921.13926  12.6%  23.2 16590s
 25744888 13674539 6140.96867   73   88 6773.00000 5921.14012  12.6%  23.2 16595s
 25754150 13679162 infeasible   92      6773.00000 5921.15048  12.6%  23.2 16600s
 25756433 13683392 infeasible   91      6773.00000 5921.15048  12.6%  23.2 16615s
 25771104 13686457 6613.82971   91  131 6773.00000 5921.15048  12.6%  23.2 16620s
 25781897 13690684 6042.59878   82  119 6773.00000 5921.15348  12.6%  23.2 16625s
 25788483 13695416 6102.05517   59   18 6773.00000 5921.16074  12.6%  23.2 16630s
 25795651 13698615 5952.48979   80   90 6773.00000 5921.16168  12.6%  23.2 16635s
 25802407 13701553 6584.13147   97   90 6773.00000 5921.16168  12.6%  23.2 16640s
 25811271 13705516 6012.86614   75  155 6773.00000 5921.16168  12.6%  23.2 16645s
 25819146 13708398     cutoff  102      6773.00000 5921.16168  12.6%  23.2 16650s
 25826437 13712324 6496.46325   90   90 6773.00000 5921.16168  12.6%  23.2 16655s
 25834841 13715406 infeasible   99      6773.00000 5921.16168  12.6%  23.2 16660s
 25842152 13718776 6225.97099   86   88 6773.00000 5921.16168  12.6%  23.2 16665s
 25849215 13722438 6013.33015   91  136 6773.00000 5921.16898  12.6%  23.2 16670s
 25855007 13724732 6112.68943   82   80 6773.00000 5921.16898  12.6%  23.2 16675s
 25856991 13725579 6103.21297   83  136 6773.00000 5921.16898  12.6%  23.2 16680s
 25862299 13728774 6092.59885   81   72 6773.00000 5921.16898  12.6%  23.2 16685s
 25870232 13731209 6509.56708   96   77 6773.00000 5921.17896  12.6%  23.2 16690s
 25878889 13735450 infeasible   85      6773.00000 5921.18757  12.6%  23.2 16695s
 25885693 13740988 6328.26004  110   79 6773.00000 5921.18757  12.6%  23.2 16700s
 25896220 13746624 6354.61662  107   73 6773.00000 5921.19137  12.6%  23.2 16705s
 25907317 13752538 6221.25805   91  103 6773.00000 5921.19137  12.6%  23.2 16710s
 25909959 13753868 6424.33554   89   38 6773.00000 5921.19137  12.6%  23.2 16715s
 25914280 13756431 6306.94719   72   28 6773.00000 5921.19137  12.6%  23.2 16720s
 25921413 13761014 6320.52824   89   41 6773.00000 5921.19398  12.6%  23.2 16725s
 25930522 13764821 infeasible   99      6773.00000 5921.20632  12.6%  23.2 16730s
 25940368 13769899 infeasible   79      6773.00000 5921.21524  12.6%  23.2 16735s
