
Gurobi 12.0.0 (win64) logging started Wed Feb  4 00:37:23 2026

Set parameter LogFile to value "Storage_orig/Logs/log_____________2026_02_04_00_37_23.log"
Set parameter MIPGap to value 0.01
Set parameter OutputFlag to value 1
Gurobi Optimizer version 12.0.0 build v12.0.0rc1 (win64 - Windows 11+.0 (26200.2))

CPU model: Intel(R) Core(TM) i7-9750H CPU @ 2.60GHz, instruction set [SSE2|AVX|AVX2]
Thread count: 6 physical cores, 12 logical processors, using up to 12 threads

Non-default parameters:
MIPGap  0.01
MIPFocus  1

Optimize a model with 9312 rows, 1560 columns and 25089 nonzeros
Model fingerprint: 0x43621ed6
Variable types: 30 continuous, 1530 integer (870 binary)
Coefficient statistics:
  Matrix range     [2e-01, 1e+02]
  Objective range  [1e+01, 4e+03]
  Bounds range     [1e+00, 1e+00]
  RHS range        [1e+00, 2e+02]
Found heuristic solution: objective 22800.000000
Presolve removed 7371 rows and 270 columns
Presolve time: 0.07s
Presolved: 1941 rows, 1290 columns, 13803 nonzeros
Variable types: 30 continuous, 1260 integer (720 binary)

Root relaxation: objective 4.847407e+03, 982 iterations, 0.04 seconds (0.02 work units)

    Nodes    |    Current Node    |     Objective Bounds      |     Work
 Expl Unexpl |  Obj  Depth IntInf | Incumbent    BestBd   Gap | It/Node Time

     0     0 4847.40667    0   26 22800.0000 4847.40667  78.7%     -    0s
H    0     0                    21782.000000 4847.40667  77.7%     -    0s
     0     0 5363.42109    0   76 21782.0000 5363.42109  75.4%     -    0s
     0     0 5378.95883    0   88 21782.0000 5378.95883  75.3%     -    0s
     0     0 5381.64439    0   92 21782.0000 5381.64439  75.3%     -    0s
     0     0 5381.64439    0   96 21782.0000 5381.64439  75.3%     -    0s
H    0     0                    21728.000000 5381.64439  75.2%     -    0s
H    0     0                    21448.000000 5381.64439  74.9%     -    0s
     0     0 5467.12798    0  101 21448.0000 5467.12798  74.5%     -    0s
H    0     0                    18290.000000 5477.60891  70.1%     -    0s
     0     0 5477.60891    0   93 18290.0000 5477.60891  70.1%     -    0s
     0     0 5477.79439    0  101 18290.0000 5477.79439  70.1%     -    0s
H    0     0                    18090.000000 5478.50000  69.7%     -    0s
     0     0 5478.50000    0   50 18090.0000 5478.50000  69.7%     -    0s
     0     0 5535.60300    0  149 18090.0000 5535.60300  69.4%     -    0s
H    0     0                    17390.000000 5535.60300  68.2%     -    0s
H    0     0                    15109.000000 5542.60988  63.3%     -    0s
H    0     0                    14209.000000 5542.60988  61.0%     -    0s
H    0     0                    13029.000000 5542.60988  57.5%     -    0s
H    0     0                    12969.000000 5542.60988  57.3%     -    0s
     0     0 5542.60988    0  127 12969.0000 5542.60988  57.3%     -    0s
     0     0 5544.00358    0  185 12969.0000 5544.00358  57.3%     -    0s
     0     0 5544.20415    0  170 12969.0000 5544.20415  57.3%     -    0s
     0     0 5544.30233    0  188 12969.0000 5544.30233  57.2%     -    0s
     0     0 5544.65517    0  163 12969.0000 5544.65517  57.2%     -    1s
     0     0 5544.70547    0  164 12969.0000 5544.70547  57.2%     -    1s
H    0     0                    12573.000000 5544.70547  55.9%     -    1s
H    0     0                    12493.000000 5544.70547  55.6%     -    1s
H    0     0                    11953.000000 5544.70547  53.6%     -    1s
     0     0 5553.97223    0  205 11953.0000 5553.97223  53.5%     -    1s
     0     0 5554.78589    0  194 11953.0000 5554.78589  53.5%     -    1s
     0     0 5556.99533    0  192 11953.0000 5556.99533  53.5%     -    1s
     0     0 5556.99533    0  209 11953.0000 5556.99533  53.5%     -    1s
     0     0 5563.68840    0  226 11953.0000 5563.68840  53.5%     -    1s
H    0     0                    11859.000000 5563.70075  53.1%     -    1s
H    0     0                    11659.000000 5563.70075  52.3%     -    1s
     0     2 5563.70075    0  201 11659.0000 5563.70075  52.3%     -    2s
H    7    14                    11555.000000 5567.00432  51.8%   265    3s
H    8    14                    11454.000000 5567.00432  51.4%   250    3s
H   35    37                    11314.000000 5569.38719  50.8%   190    3s
H   53    57                    10314.000000 5569.38719  46.0%   162    3s
H   75    77                    9914.0000000 5569.38719  43.8%   144    3s
H   92    96                    9518.0000000 5569.38719  41.5%   141    3s
H  115   120                    9438.0000000 5569.38719  41.0%   131    4s
H  278   234                    9382.0000000 5571.17568  40.6%   109    4s
   312   260 5588.53776    6  120 9382.00000 5571.17568  40.6%   107    5s
H  342   282                    9322.0000000 5571.17568  40.2%   104    5s
H  349   285                    8982.0000000 5571.17911  38.0%   103    5s
H  407   312                    8902.0000000 5571.32083  37.4%  97.6    5s
H  411   312                    8782.0000000 5571.32083  36.6%  97.3    5s
H  461   346                    8702.0000000 5571.32083  36.0%  98.9    6s
H  465   346                    8217.0000000 5571.32083  32.2%   100    6s
H  524   413                    8159.0000000 5571.32083  31.7%  95.5    6s
H  571   448                    8120.0000000 5571.32083  31.4%  93.5    7s
H  649   508                    8096.0000000 5571.38839  31.2%  91.8    8s
   833   655 6206.39500   19   14 8096.00000 5571.38839  31.2%  92.9   10s
  1416  1195 6525.07906   51  106 8096.00000 5571.55232  31.2%  88.0   15s
  1627  1237 6487.19473   29  118 8096.00000 5610.72500  30.7%  87.6   20s
  1880  1417 5987.53846   40   57 8096.00000 5610.81682  30.7%   100   25s
H 1992  1415                    8094.0000000 5610.81682  30.7%   103   26s
H 2024  1366                    8080.0000000 5610.81682  30.6%   104   26s
H 2073  1320                    8000.0000000 5610.81682  29.9%   106   27s
H 2195  1269                    7997.0000000 5610.83408  29.8%   110   28s
  2299  1300 5625.24632   36  238 7997.00000 5611.13990  29.8%   112   30s
  3057  1639 6352.84093   65   84 7997.00000 5611.38357  29.8%   115   35s
  3941  1830 6068.68000   52   35 7997.00000 5612.41474  29.8%   112   40s
  5023  2290 6342.69200   63  140 7997.00000 5612.43125  29.8%   105   45s
  6301  2966 6094.85401   52  186 7997.00000 5612.43125  29.8%   102   50s
  7527  3878 5990.97071   46  168 7997.00000 5612.43125  29.8%   102   55s
  8707  4858 5993.44643   52  126 7997.00000 5613.42961  29.8%  98.2   61s
H 8875  4805                    7772.0000000 5613.42961  27.8%  98.2   61s
H 9241  5038                    7632.0000000 5613.42961  26.4%  97.1   62s
H 9382  5007                    7546.0000000 5613.42961  25.6%  97.3   62s
H 9534  4992                    7507.0000000 5613.42961  25.2%  97.1   63s
H 9536  4967                    7466.0000000 5613.42961  24.8%  97.1   63s
H 9567  5116                    7406.0000000 5613.42961  24.2%  97.1   64s
  9905  5117     cutoff   46      7406.00000 5613.65000  24.2%  97.4   66s
H 9929  5066                    7207.0000000 5613.65000  22.1%  97.6   67s
 10983  6046 6005.91704   57  158 7207.00000 5613.92479  22.1%  96.9   71s
H11119  5988                    7093.0000000 5613.92479  20.9%  96.5   71s
H11299  5493                    6618.0000000 5613.92588  15.2%  96.4   71s
 12069  5868 5974.95000   42   12 6618.00000 5615.46125  15.1%  95.9   75s
H12155  5953                    6592.0000000 5615.46125  14.8%  95.9   76s
 13585  7067 6354.76309   83  117 6592.00000 5615.46125  14.8%  94.3   81s
 14562  7379 infeasible   68      6592.00000 5618.00107  14.8%  93.3   85s
 15556  8537 6024.31006   51  160 6592.00000 5618.75314  14.8%  93.0   90s
 18344 10732 6082.62972   44   96 6592.00000 5620.93597  14.7%  92.1   97s
 20078 11720 5982.16542   51   32 6592.00000 5623.27663  14.7%  92.2  100s
 22791 13602 5987.80000   51    8 6592.00000 5624.99954  14.7%  92.0  106s
 24862 15119 5670.63333   53  105 6592.00000 5626.50159  14.6%  92.0  110s
 28094 17323 6403.38109  100   21 6592.00000 5631.01932  14.6%  90.1  116s
 30358 18169 6385.57843   79  159 6592.00000 5643.75603  14.4%  89.9  120s
 33196 20492 6073.35582   64   71 6592.00000 5677.80033  13.9%  89.1  125s
 36827 23381 6085.00000   48   11 6592.00000 5718.20223  13.3%  87.0  130s
 41422 25088 6010.27778   45   46 6592.00000 5760.00662  12.6%  84.9  135s
 45013 27350 6266.12196   73  134 6592.00000 5970.37500  9.43%  84.2  140s
 48321 29719 infeasible   63      6592.00000 5970.46774  9.43%  82.9  145s
 51895 32082 infeasible   63      6592.00000 5970.92862  9.42%  82.0  150s
 55559 34854 6060.44258   65  200 6592.00000 5971.00000  9.42%  81.0  157s
 58084 35744 5979.10000   49   21 6592.00000 5971.00000  9.42%  81.1  163s
 59090 36452 infeasible   57      6592.00000 5971.00000  9.42%  81.4  166s
 61933 38293 6161.88078   56  254 6592.00000 5971.00000  9.42%  80.8  171s
 64963 40433 6090.61717   71  162 6592.00000 5971.00000  9.42%  80.3  175s
 68559 42770 6023.92861   56  180 6592.00000 5971.00000  9.42%  79.7  182s
 71178 44540 5996.76395   59  141 6592.00000 5971.00000  9.42%  79.4  185s
 73064 46277 6309.29710   48  122 6592.00000 5971.00000  9.42%  79.7  190s
 77423 48995 5971.81784   44  109 6592.00000 5971.00000  9.42%  78.6  195s
 80408 51331 6079.00000   53   25 6592.00000 5971.00000  9.42%  79.0  200s
 84211 53609 6021.86350   72  130 6592.00000 5971.00000  9.42%  78.0  206s
 86635 55299 6146.87872   58   58 6592.00000 5971.00000  9.42%  77.7  210s
 90845 58210 6205.55654   59  151 6592.00000 5971.00000  9.42%  76.7  215s
 95242 60941 5971.30000   48   16 6592.00000 5971.00000  9.42%  76.1  220s
 98104 62162 5976.39860   53  112 6592.00000 5971.00000  9.42%  76.1  226s
 100660 64346 6495.81076   66   59 6592.00000 5971.00000  9.42%  76.1  231s
 104786 67298 6006.66916   59   41 6592.00000 5971.00000  9.42%  75.7  236s
 109055 70044 6398.94064   96  138 6592.00000 5971.00000  9.42%  75.1  241s
 111755 72240 6236.38148   69  145 6592.00000 5971.00000  9.42%  74.8  245s
 115999 74467 6003.02231   52  163 6592.00000 5971.00000  9.42%  74.5  250s
 119298 76922 6107.52104   49  164 6592.00000 5971.11083  9.42%  74.3  255s
 122953 79646 5998.59642   50   69 6592.00000 5971.15265  9.42%  73.9  260s
 126672 81787 6523.05083   67  146 6592.00000 5971.18333  9.42%  73.8  265s
 130401 83918 6127.83179   58  118 6592.00000 5971.21560  9.42%  73.8  270s
 133935 86131     cutoff   74      6592.00000 5971.23750  9.42%  73.7  276s
 137131 88181 6114.41159   54   58 6592.00000 5971.26500  9.42%  73.6  281s
 139423 89583 6253.83333   60   24 6592.00000 5971.27372  9.42%  73.8  285s
 143144 92077 infeasible   65      6592.00000 5971.30982  9.42%  73.7  290s
 146886 94649 6389.91791   61   68 6592.00000 5971.32143  9.42%  73.7  296s
 149928 96628 infeasible   59      6592.00000 5971.35853  9.42%  73.5  300s
 153048 98512 6068.25046   59  153 6592.00000 5971.37731  9.41%  73.4  306s
 155175 99884 6116.53383   63  224 6592.00000 5971.39500  9.41%  73.4  310s
 158887 102164 5983.62170   55   85 6592.00000 5971.42406  9.41%  73.4  317s
 161087 103726 6133.57780   61   39 6592.00000 5971.44000  9.41%  73.3  321s
 163256 105178 6184.54993   54  163 6592.00000 5971.46595  9.41%  73.3  325s
 166100 106835 6075.75667   51   76 6592.00000 5971.48695  9.41%  73.3  330s
 169873 109318 infeasible  148      6592.00000 5971.52621  9.41%  73.3  337s
 172848 110702 6032.84994   61  172 6592.00000 5971.54276  9.41%  73.2  340s
 175664 112793 6471.16982   68  202 6592.00000 5971.57407  9.41%  73.4  347s
 178688 114506 6096.41324   69  226 6592.00000 5971.60000  9.41%  73.3  351s
 182148 116108 6202.85491   89   47 6592.00000 5971.63983  9.41%  73.1  355s
 185033 118286 6273.52626   71  198 6592.00000 5971.64286  9.41%  73.2  360s
 187639 120424 6263.41032   56  204 6592.00000 5971.70831  9.41%  73.6  367s
 190350 121498 6188.73750   55   13 6592.00000 5971.72617  9.41%  73.6  371s
 192951 123033 6038.79063   44  215 6592.00000 5971.76625  9.41%  73.7  375s
 195286 124550 6123.11747   55  184 6592.00000 5971.79846  9.41%  73.8  380s
 197889 126299 6095.92486   56  172 6592.00000 5971.82228  9.41%  73.8  385s
 201528 128499 6346.94106   85  116 6592.00000 5971.86398  9.41%  73.7  391s
 204433 130829 6207.25000   57   47 6592.00000 5971.91386  9.41%  73.6  397s
 207156 132560 6014.61085   57  116 6592.00000 5971.96427  9.41%  73.5  401s
 211227 135149 6018.92566   51  205 6592.00000 5972.00320  9.41%  73.2  406s
 213895 136317 6149.12500   54   45 6592.00000 5972.06170  9.40%  73.2  410s
 216461 138396 6024.08019   62  220 6592.00000 5972.10769  9.40%  73.3  415s
 219933 140846 6004.00000   45    7 6592.00000 5972.14671  9.40%  73.4  421s
 223981 142644 infeasible  101      6592.00000 5972.21942  9.40%  73.3  426s
 226390 143993 5980.96676   46  103 6592.00000 5972.25000  9.40%  73.3  430s
 229221 145858 6447.41667   83   15 6592.00000 5972.28571  9.40%  73.4  435s
 233212 148346 infeasible   55      6592.00000 5972.37910  9.40%  73.2  440s
 236504 150610 6371.41322   78  209 6592.00000 5972.42500  9.40%  73.2  446s
 239259 151741 6475.42736   74   79 6592.00000 5972.45838  9.40%  73.2  450s
 241307 154092 6078.15325   59   44 6592.00000 5972.48737  9.40%  73.3  455s
 245669 156309 6449.40577   86  127 6592.00000 5972.50829  9.40%  73.1  460s
 249047 158444 6278.12000   62   11 6592.00000 5972.56470  9.40%  73.1  466s
 251439 159844 6107.59337   57  209 6592.00000 5972.58824  9.40%  73.0  470s
 254435 161719 5975.64244   52   86 6592.00000 5972.61667  9.40%  73.2  476s
 257077 162966 6060.82898   53  116 6592.00000 5972.66193  9.40%  73.3  481s
 260121 164595 6326.10022   78  148 6592.00000 5972.67584  9.40%  73.3  486s
 262745 166185 6292.96907   57   90 6592.00000 5972.74542  9.39%  73.3  490s
 266794 168314 6345.48171   59  170 6592.00000 5972.79890  9.39%  73.2  497s
 268900 169337     cutoff   62      6592.00000 5972.85641  9.39%  73.3  501s
 270760 170698 6548.07168   67  202 6592.00000 5972.89740  9.39%  73.5  505s
 275106 173442 6108.41304   54   49 6592.00000 5972.94291  9.39%  73.5  511s
 277516 174372 6103.77904   80  146 6592.00000 5973.00000  9.39%  73.6  515s
 279741 175860 infeasible   52      6592.00000 5973.02000  9.39%  73.6  521s
 282065 177527 6102.00000   48   16 6592.00000 5973.04026  9.39%  73.6  526s
 285002 179012 6043.39897   59   84 6592.00000 5973.07692  9.39%  73.7  530s
 288093 180540 6171.21000   60   18 6592.00000 5973.14000  9.39%  73.6  535s
 291753 182864 6131.07859   77  157 6592.00000 5973.19231  9.39%  73.7  541s
 294323 184175 6052.46424   68  201 6592.00000 5973.24714  9.39%  73.8  545s
 297515 185690 5991.06967   68   85 6592.00000 5973.30000  9.39%  73.7  550s
 300973 187679 6488.86457   56  241 6592.00000 5973.35309  9.38%  73.8  556s
 303797 189234 infeasible   76      6592.00000 5973.40964  9.38%  73.7  560s
 307357 191338 6358.22572   56  198 6592.00000 5973.46355  9.38%  73.7  565s
 311071 193169 5980.43370   59  120 6592.00000 5973.54787  9.38%  73.7  571s
 311780 194459     cutoff   94      6592.00000 5973.56962  9.38%  73.8  575s
 315414 195302 6238.27002   61  174 6592.00000 5973.62282  9.38%  73.8  580s
 315520 195581 6448.69065   63  197 6592.00000 5973.62500  9.38%  73.8  586s
 317176 197223 6212.78061   56   89 6592.00000 5973.64067  9.38%  74.0  591s
 320018 198813 6396.16253   70  191 6592.00000 5973.68750  9.38%  74.1  595s
 322457 200561 6165.23324   75  131 6592.00000 5973.72934  9.38%  74.1  600s
 325176 201573 6311.01429   54   59 6592.00000 5973.78442  9.38%  74.1  605s
 329463 204377 6361.52092   68  158 6592.00000 5973.85000  9.38%  74.1  611s
 333034 206168 6105.61300   51   73 6592.00000 5973.90769  9.38%  74.1  616s
 334934 206843 6375.37935   54  164 6592.00000 5973.93832  9.38%  74.1  620s
 338019 208954 6043.54352   61  188 6592.00000 5974.00000  9.38%  74.1  626s
 340207 210250 5979.72185   52   92 6592.00000 5974.00000  9.38%  74.1  630s
 343474 212321     cutoff   56      6592.00000 5974.00000  9.38%  74.2  636s
 345267 213339     cutoff   74      6592.00000 5974.00000  9.38%  74.2  641s
 347845 214770 6051.68813   53  203 6592.00000 5974.00000  9.38%  74.1  645s
 351490 217369 6060.94780   63  190 6592.00000 5974.00000  9.38%  74.2  651s
 353897 218873     cutoff   71      6592.00000 5974.00000  9.38%  74.2  656s
 356301 220155 6366.91082   71  121 6592.00000 5974.00000  9.38%  74.2  660s
 360330 222373 6027.99752   59  193 6592.00000 5974.00000  9.38%  74.1  666s
 362402 223532 6008.45841   47   92 6592.00000 5974.00000  9.38%  74.1  671s
 365021 225218 6029.33833   59   24 6592.00000 5974.00000  9.38%  74.1  675s
 368278 227125 6410.50352   57   96 6592.00000 5974.00000  9.38%  74.2  681s
 370318 228803 6450.87343   69   44 6592.00000 5974.00000  9.38%  74.3  685s
 374399 231013 6498.40886   60  132 6592.00000 5974.00000  9.38%  74.3  692s
 376832 232569 5998.89779   53  170 6592.00000 5974.00000  9.38%  74.3  696s
 379358 234227 6162.63500   67   29 6592.00000 5974.00000  9.38%  74.3  700s
 382486 235707     cutoff   92      6592.00000 5974.00000  9.38%  74.3  705s
 386190 237568 6443.40531   64   68 6592.00000 5974.00000  9.38%  74.3  711s
 387738 238949 6093.78839   55  117 6592.00000 5974.00000  9.38%  74.4  715s
 391651 241091 6003.35796   55   24 6592.00000 5974.00000  9.38%  74.4  721s
 394027 242787 5976.96860   45   73 6592.00000 5974.00000  9.38%  74.5  726s
 397052 244507     cutoff   68      6592.00000 5974.00000  9.38%  74.5  731s
 399520 246223 6217.03038   62  167 6592.00000 5974.00000  9.38%  74.4  735s
 402030 248140 infeasible   85      6592.00000 5974.00000  9.38%  74.4  740s
 404903 250159 5982.54716   50  128 6592.00000 5974.00000  9.38%  74.4  745s
 409622 252499 infeasible   66      6592.00000 5974.00000  9.38%  74.3  751s
 411879 253899 infeasible   82      6592.00000 5974.00347  9.37%  74.3  755s
 415222 256116 6092.47569   55  162 6592.00000 5974.04664  9.37%  74.3  761s
 416765 256754 6086.16566   66  133 6592.00000 5974.06302  9.37%  74.3  765s
 420112 259180 6193.26250   67   11 6592.00000 5974.11375  9.37%  74.2  771s
 422607 260847 6093.80881   65  176 6592.00000 5974.14510  9.37%  74.2  776s
 425427 262584 5984.31824   58  155 6592.00000 5974.17501  9.37%  74.2  781s
 428695 263929 6153.77000   57   30 6592.00000 5974.21256  9.37%  74.2  785s
 432215 265830 6122.74233   51   82 6592.00000 5974.24469  9.37%  74.2  791s
 434639 267347 6319.39641   68  112 6592.00000 5974.25962  9.37%  74.1  795s
 438019 269867 5994.75342   49   14 6592.00000 5974.28813  9.37%  74.1  801s
 440552 271646 6335.77525   71  113 6592.00000 5974.31011  9.37%  74.1  805s
 444685 273465 6191.61282   57  261 6592.00000 5974.33849  9.37%  74.0  811s
 446635 274820 6040.64568   53  103 6592.00000 5974.34952  9.37%  74.0  815s
 450472 276223 6310.00000   54   19 6592.00000 5974.38376  9.37%  74.0  821s
 451457 277351 6073.69000   54   12 6592.00000 5974.39810  9.37%  74.0  825s
 455124 279316 6306.69333   59    3 6592.00000 5974.43256  9.37%  74.0  830s
 457567 280883 6408.15540   65  209 6592.00000 5974.45156  9.37%  74.0  835s
 461545 283123 6360.91261   76   63 6592.00000 5974.48333  9.37%  74.0  840s
 464829 285545 6001.00000   47    8 6592.00000 5974.51750  9.37%  74.1  847s
 467225 286674 6024.69333   47   26 6592.00000 5974.53846  9.37%  74.0  850s
 469164 287660 6109.09137   52   67 6592.00000 5974.55522  9.37%  74.1  855s
 472622 289932 6182.86210   43  122 6592.00000 5974.58862  9.37%  74.2  861s
 475522 291746 6289.31051   61   89 6592.00000 5974.61803  9.37%  74.1  865s
 479652 294422 6359.41776   91  143 6592.00000 5974.65476  9.37%  74.1  871s
 482547 295839 6062.63457   55   26 6592.00000 5974.69231  9.36%  74.1  875s
 485313 297662 6151.32667   54   40 6592.00000 5974.72176  9.36%  74.2  880s
 486769 298705 6425.99903   57   71 6592.00000 5974.72973  9.36%  74.2  886s
 489425 300133 6082.90833   80   82 6592.00000 5974.74796  9.36%  74.2  890s
 493731 302633 6355.12140   64  174 6592.00000 5974.79815  9.36%  74.1  896s
 495708 304193 6267.63034   66  203 6592.00000 5974.82258  9.36%  74.1  900s
 499330 305807 6497.00254  104  106 6592.00000 5974.83393  9.36%  74.1  905s
 502875 308150 6075.00000   47   22 6592.00000 5974.88970  9.36%  74.1  911s
 505675 309606 6200.00000   52   26 6592.00000 5974.91003  9.36%  74.1  915s
 509307 311590 6332.25333   62   16 6592.00000 5974.97201  9.36%  74.1  920s
 513229 314029 6448.79143   93   90 6592.00000 5975.00000  9.36%  74.1  926s
 516271 316476 6225.56622   57  199 6592.00000 5975.00000  9.36%  74.1  931s
 518825 318107 6522.88489   89   87 6592.00000 5975.00000  9.36%  74.1  935s
 522275 319788 6240.00000   58   16 6592.00000 5975.00000  9.36%  74.1  940s
 524790 321607 6118.50649   62  187 6592.00000 5975.00000  9.36%  74.3  945s
 528300 323276 6397.75790   79  135 6592.00000 5975.00000  9.36%  74.3  950s
 531383 325689 6341.69610   71  185 6592.00000 5975.00000  9.36%  74.2  955s
 534535 327937 6305.57072   77  171 6592.00000 5975.00000  9.36%  74.2  961s
 536938 329426 6007.01484   59  172 6592.00000 5975.04427  9.36%  74.1  965s
 540484 330561     cutoff   91      6592.00000 5975.06756  9.36%  74.1  971s
 540519 330580     cutoff   92      6592.00000 5975.06756  9.36%  74.1  976s
 540621 331182     cutoff   94      6592.00000 5975.06828  9.36%  74.1  980s
 543385 332816     cutoff   62      6592.00000 5975.09587  9.36%  74.2  987s
 546141 334177 6452.96124   92  160 6592.00000 5975.11158  9.36%  74.2  991s
 548722 335835 6012.34877   56  109 6592.00000 5975.12821  9.36%  74.2  995s
 550988 337756     cutoff   89      6592.00000 5975.15368  9.36%  74.2 1000s
 555200 339565 5975.50415   50   18 6592.00000 5975.17754  9.36%  74.2 1006s
 557137 340957 6075.00000   49   45 6592.00000 5975.20256  9.36%  74.3 1010s
 561042 342821 infeasible   73      6592.00000 5975.22500  9.36%  74.3 1016s
 563800 344438 6008.57229   63   74 6592.00000 5975.24286  9.36%  74.3 1021s
 566297 345848 infeasible   51      6592.00000 5975.25954  9.36%  74.3 1025s
 569742 347712 6085.72000   73   52 6592.00000 5975.27351  9.36%  74.3 1030s
 573325 349607 6063.13597   53  179 6592.00000 5975.29895  9.36%  74.3 1036s
 575819 351143 6247.41781   61   70 6592.00000 5975.31066  9.36%  74.5 1041s
 578296 352775 6396.70270   74  187 6592.00000 5975.33880  9.35%  74.4 1046s
 580843 354192 6008.47833   58   15 6592.00000 5975.35988  9.35%  74.5 1050s
 583792 356074 5988.76119   53   62 6592.00000 5975.37150  9.35%  74.6 1056s
 585981 357544 6572.71802   58  305 6592.00000 5975.38182  9.35%  74.7 1061s
 588631 359131 6008.61542   49   98 6592.00000 5975.39227  9.35%  74.6 1065s
 591159 360452 6053.27584   54  114 6592.00000 5975.40500  9.35%  74.6 1070s
 594164 362056 6022.67883   60  149 6592.00000 5975.42488  9.35%  74.7 1076s
 596995 363862 6207.32500   59   22 6592.00000 5975.44780  9.35%  74.7 1080s
 601238 366292     cutoff   57      6592.00000 5975.46741  9.35%  74.7 1086s
 603032 367647 5984.04938   48   35 6592.00000 5975.47410  9.35%  74.7 1090s
 605298 369017 5986.93103   50  132 6592.00000 5975.48492  9.35%  74.8 1095s
 608775 371230 6105.80105   55  119 6592.00000 5975.50279  9.35%  74.8 1100s
 611419 372673 6395.00000   85   78 6592.00000 5975.52170  9.35%  74.8 1105s
 614857 374529 6429.23643   79   28 6592.00000 5975.54661  9.35%  74.8 1111s
 617534 375748 6069.21795   59  192 6592.00000 5975.56639  9.35%  74.8 1115s
 619896 377148 6110.35862   50  176 6592.00000 5975.57467  9.35%  74.8 1120s
 623740 379920 6291.93128   63  172 6592.00000 5975.61069  9.35%  74.8 1126s
 626466 380909 6138.85000   57   73 6592.00000 5975.62182  9.35%  74.8 1130s
 629751 382865 5988.19000   45   15 6592.00000 5975.64452  9.35%  74.8 1136s
 632157 384256 6229.95094   73   63 6592.00000 5975.66333  9.35%  74.8 1140s
 635480 386082 6521.52766  102  142 6592.00000 5975.69161  9.35%  74.8 1146s
 637550 387351 6448.06486   64  166 6592.00000 5975.70503  9.35%  74.8 1150s
 641306 389524 6424.74417   64   14 6592.00000 5975.72552  9.35%  74.8 1156s
 644307 391183 6139.12968   65  155 6592.00000 5975.75095  9.35%  74.8 1160s
 646999 392860 6084.70500   61   21 6592.00000 5975.76938  9.35%  74.9 1166s
 648143 393584 6330.31841   56  164 6592.00000 5975.77331  9.35%  74.9 1171s
 650259 395189 6338.59419   63  178 6592.00000 5975.79706  9.35%  74.9 1176s
 653344 396686 6208.80234   69   87 6592.00000 5975.81494  9.35%  75.0 1180s
 655661 398405 6075.69277   54  229 6592.00000 5975.83255  9.35%  75.0 1185s
 659336 399783 6076.99257   65  161 6592.00000 5975.85357  9.35%  75.0 1192s
 659926 401407 6358.36333   57  264 6592.00000 5975.86061  9.35%  75.0 1196s
 663733 403003 6538.26726   74  157 6592.00000 5975.89737  9.35%  75.1 1200s
 667816 405427 6123.51420   65  229 6592.00000 5975.92833  9.35%  75.1 1206s
 670685 406603     cutoff   72      6592.00000 5975.94381  9.35%  75.1 1210s
 673361 408109     cutoff   78      6592.00000 5975.96000  9.35%  75.1 1215s
 676445 409796 6029.10604   62   99 6592.00000 5975.98309  9.34%  75.1 1221s
 679959 411564 6273.22633   63  118 6592.00000 5976.00651  9.34%  75.2 1226s
 681709 413052 6037.79990   52  184 6592.00000 5976.01823  9.34%  75.2 1230s
 684092 413505 infeasible   75      6592.00000 5976.02000  9.34%  75.2 1235s
 685853 414990 6000.66669   53   80 6592.00000 5976.02637  9.34%  75.2 1241s
 688807 416564 6304.27895   59   94 6592.00000 5976.04271  9.34%  75.2 1246s
 691166 418028     cutoff   81      6592.00000 5976.06761  9.34%  75.3 1250s
 694228 419473 6267.42583   61  163 6592.00000 5976.09000  9.34%  75.2 1255s
 697737 421346 6327.47859   66   58 6592.00000 5976.11679  9.34%  75.2 1261s
 699964 422658 6112.27096   59  162 6592.00000 5976.14110  9.34%  75.2 1265s
 703896 425075 6103.36000   54    8 6592.00000 5976.17110  9.34%  75.2 1272s
 705984 426141 6024.03509   71  192 6592.00000 5976.18396  9.34%  75.3 1276s
 708675 427653 6144.15044   50  175 6592.00000 5976.20690  9.34%  75.3 1280s
 712167 429511 6248.78435   77  149 6592.00000 5976.23934  9.34%  75.3 1286s
 714235 430911 6018.67333   55   18 6592.00000 5976.25465  9.34%  75.3 1290s
 716748 432143 6091.90912   69  210 6592.00000 5976.27651  9.34%  75.4 1295s
 719269 434090 5987.77358   52   28 6592.00000 5976.28678  9.34%  75.4 1300s
 723823 436079 infeasible   62      6592.00000 5976.30814  9.34%  75.4 1306s
 726385 437382 6102.00000   64   26 6592.00000 5976.33350  9.34%  75.4 1311s
 728358 438808 6166.79533   65  118 6592.00000 5976.35000  9.34%  75.4 1315s
 731211 446455 6440.62499   64  187 6592.00000 5976.36840  9.34%  75.3 1342s
 743128 447521 6530.13486   55  185 6592.00000 5976.45860  9.34%  75.5 1345s
 745725 448815 6066.61091   44  161 6592.00000 5976.48276  9.34%  75.5 1351s
 748900 450540 6424.31598   65   74 6592.00000 5976.49750  9.34%  75.5 1355s
 752476 452507 6212.81429   54  200 6592.00000 5976.50778  9.34%  75.5 1361s
 754750 453895 6087.23564   57  216 6592.00000 5976.52500  9.34%  75.4 1365s
 758435 455644 6103.46500   63   26 6592.00000 5976.55912  9.34%  75.4 1370s
 760199 456767 6310.81250   61   11 6592.00000 5976.56381  9.34%  75.5 1375s
 763836 458858 6259.04000   66    5 6592.00000 5976.59223  9.34%  75.5 1381s
 766132 460271 infeasible   72      6592.00000 5976.61284  9.34%  75.5 1385s
 767306 466256 infeasible   66      6592.00000 5976.62338  9.34%  75.5 1411s
 777936 467350 6346.75932   60  255 6592.00000 5976.70092  9.33%  75.6 1415s
 780176 468588 6214.55048   63  143 6592.00000 5976.72270  9.33%  75.6 1421s
 783984 470303     cutoff   60      6592.00000 5976.74278  9.33%  75.6 1426s
 786914 471895     cutoff   87      6592.00000 5976.76928  9.33%  75.6 1430s
 789980 473849 6134.77542   48  232 6592.00000 5976.79863  9.33%  75.6 1435s
 793703 475850 6424.00292   62  113 6592.00000 5976.82488  9.33%  75.5 1441s
 796912 477751 infeasible   81      6592.00000 5976.85325  9.33%  75.6 1446s
 799491 479111 6561.85749   64  197 6592.00000 5976.87206  9.33%  75.6 1450s
 802768 481004 5991.02597   52   15 6592.00000 5976.89493  9.33%  75.6 1456s
 805327 482379 infeasible   83      6592.00000 5976.91892  9.33%  75.6 1460s
 808585 484333 6104.02337   60  213 6592.00000 5976.93617  9.33%  75.5 1465s
 812008 486354 infeasible   78      6592.00000 5976.96024  9.33%  75.5 1471s
 815147 488498 6078.10500   58   19 6592.00000 5976.98387  9.33%  75.5 1476s
 817820 489967 6423.70230   59  214 6592.00000 5977.00000  9.33%  75.5 1480s
 821205 491454 6063.50667   52   22 6592.00000 5977.00000  9.33%  75.5 1486s
 823383 492624 infeasible   55      6592.00000 5977.00000  9.33%  75.6 1490s
 825398 493933 6354.18776   71   89 6592.00000 5977.00000  9.33%  75.6 1495s
 827583 495627 6078.00000   48   54 6592.00000 5977.00000  9.33%  75.6 1500s
 830598 497312 6013.84710   48  107 6592.00000 5977.00000  9.33%  75.6 1505s
 834173 499584 5989.63026   50   25 6592.00000 5977.00000  9.33%  75.6 1512s
 836996 500962 6022.25447   56  152 6592.00000 5977.00000  9.33%  75.6 1516s
 839480 502245 6059.66758   54  121 6592.00000 5977.00000  9.33%  75.6 1521s
 841913 503795 6261.87933   93  159 6592.00000 5977.00000  9.33%  75.6 1525s
 845891 505756 6069.77731   51  228 6592.00000 5977.00000  9.33%  75.6 1531s
 847577 506995 6538.49578   77  151 6592.00000 5977.00000  9.33%  75.7 1536s
 849880 508500 6289.82224   68  225 6592.00000 5977.02236  9.33%  75.7 1541s
 852480 510102     cutoff   55      6592.00000 5977.04030  9.33%  75.7 1545s
 856333 511921 6126.49913   59  231 6592.00000 5977.06359  9.33%  75.7 1551s
 858746 513573 infeasible   81      6592.00000 5977.08036  9.33%  75.7 1556s
 862343 515157 5982.35324   51  129 6592.00000 5977.10318  9.33%  75.6 1561s
 864857 516644 infeasible   63      6592.00000 5977.12417  9.33%  75.6 1565s
 868136 517864 infeasible   84      6592.00000 5977.15000  9.33%  75.6 1571s
 868671 518641     cutoff   52      6592.00000 5977.15500  9.33%  75.6 1575s
 872148 521058 6526.29762   80  129 6592.00000 5977.17467  9.33%  75.6 1581s
 875314 522365 6540.46000   64   39 6592.00000 5977.19500  9.33%  75.6 1586s
 876953 523699 6467.46697   60  311 6592.00000 5977.21572  9.33%  75.6 1590s
 880600 525661 6079.50571   52   47 6592.00000 5977.24691  9.33%  75.6 1595s
 884108 527311 6076.16588   60   81 6592.00000 5977.26411  9.33%  75.6 1600s
 887582 529408 6493.82473   52  186 6592.00000 5977.28680  9.33%  75.6 1606s
 890365 531139 6284.08715   70  111 6592.00000 5977.30425  9.32%  75.6 1610s
 893441 533091 6088.09905   52   35 6592.00000 5977.32853  9.32%  75.6 1615s
 897523 535168 6243.94125   57   13 6592.00000 5977.32975  9.32%  75.6 1621s
 900166 536741 6263.72833   60    6 6592.00000 5977.35536  9.32%  75.6 1625s
 903545 538789 6221.36289   69  114 6592.00000 5977.37815  9.32%  75.5 1631s
 907614 540670 6093.51200   50   30 6592.00000 5977.40324  9.32%  75.5 1636s
 909866 542088 6048.18940   59  182 6592.00000 5977.42610  9.32%  75.5 1640s
 912592 543937 6323.46992   64  186 6592.00000 5977.43734  9.32%  75.6 1646s
 915050 545228 6228.81766   70   67 6592.00000 5977.45686  9.32%  75.6 1651s
 918430 546350 infeasible   62      6592.00000 5977.47966  9.32%  75.6 1655s
 919356 547432     cutoff   81      6592.00000 5977.48684  9.32%  75.6 1660s
 922297 548803     cutoff   48      6592.00000 5977.50802  9.32%  75.6 1665s
 926429 551687 6084.33437   60  175 6592.00000 5977.53571  9.32%  75.6 1671s
 928169 552688 6141.80048   50  206 6592.00000 5977.54950  9.32%  75.6 1676s
 931209 554333 6044.63169   72  189 6592.00000 5977.56471  9.32%  75.6 1681s
 934811 556447 6004.00000   51    8 6592.00000 5977.59589  9.32%  75.6 1686s
 936965 557535 6004.66970   52   55 6592.00000 5977.61361  9.32%  75.6 1690s
 940142 559421 6030.50000   48   32 6592.00000 5977.63454  9.32%  75.6 1695s
 942500 560889 infeasible   70      6592.00000 5977.64691  9.32%  75.5 1700s
 946248 563204     cutoff   67      6592.00000 5977.66765  9.32%  75.5 1705s
 950016 565141 infeasible   67      6592.00000 5977.68635  9.32%  75.5 1711s
 952725 566544     cutoff   61      6592.00000 5977.71263  9.32%  75.5 1715s
 956396 568013 6391.23462   62  257 6592.00000 5977.73906  9.32%  75.5 1722s
 957273 569017 6093.11687   58  167 6592.00000 5977.74786  9.32%  75.5 1726s
 959189 570150 6051.38550   50  168 6592.00000 5977.75952  9.32%  75.5 1730s
 961229 571910 6288.88197   62   43 6592.00000 5977.77238  9.32%  75.6 1735s
 965598 574003 6021.26087   53  105 6592.00000 5977.79514  9.32%  75.6 1741s
 968203 575589 6180.27806   81  187 6592.00000 5977.81662  9.32%  75.5 1746s
 972639 577671 6043.42333   50   57 6592.00000 5977.84615  9.32%  75.5 1751s
 974671 578765 6308.60187   60  160 6592.00000 5977.85725  9.32%  75.5 1755s
 977978 580910 6358.86137   75   49 6592.00000 5977.88784  9.32%  75.5 1760s
 981291 582824     cutoff   72      6592.00000 5977.91399  9.32%  75.5 1766s
 984754 584852 6176.27500   53   45 6592.00000 5977.93527  9.32%  75.5 1771s
 987147 586395 6301.15573   66  180 6592.00000 5977.95631  9.31%  75.4 1776s
 989787 587759 6153.13842   75  163 6592.00000 5977.97440  9.31%  75.4 1780s
 993939 589567 6322.48176   70   62 6592.00000 5978.00000  9.31%  75.4 1786s
 995594 590818 6142.03619   70  110 6592.00000 5978.00000  9.31%  75.4 1790s
 997793 591426 6334.55786   63  189 6592.00000 5978.00000  9.31%  75.5 1795s
 999149 592819 6304.16948   61  230 6592.00000 5978.00000  9.31%  75.5 1801s
 1001105 594378 6112.00000   52   48 6592.00000 5978.00000  9.31%  75.5 1806s
 1003899 595293 5981.37500   59   15 6592.00000 5978.00000  9.31%  75.5 1811s
 1004399 596416 6337.76509   61  235 6592.00000 5978.00000  9.31%  75.5 1817s
 1006577 597793     cutoff   68      6592.00000 5978.00000  9.31%  75.5 1820s
 1011353 600197     cutoff   67      6592.00000 5978.00000  9.31%  75.6 1826s
 1013908 601278 5998.96053   52   35 6592.00000 5978.00000  9.31%  75.6 1831s
 1016032 602686 6247.52333   64   20 6592.00000 5978.00000  9.31%  75.7 1835s
 1018482 603994 6129.54415   63  211 6592.00000 5978.00000  9.31%  75.7 1840s
 1021080 605968 6189.37527   63   53 6592.00000 5978.00000  9.31%  75.7 1845s
 1023623 607795 6180.31751   81  153 6592.00000 5978.00000  9.31%  75.7 1850s
 1028006 609647 6035.66083   57   39 6592.00000 5978.00000  9.31%  75.7 1856s
 1029763 610581 infeasible   74      6592.00000 5978.00000  9.31%  75.8 1860s
 1033260 613042 6328.58141   70  141 6592.00000 5978.00000  9.31%  75.8 1866s
 1035775 614512 6076.53981   63  208 6592.00000 5978.00000  9.31%  75.8 1871s
 1038468 615614 infeasible   61      6592.00000 5978.01724  9.31%  75.8 1875s
 1041025 617183 6265.52465   86   40 6592.00000 5978.03820  9.31%  75.8 1880s
 1045173 619504 6021.30873   59  179 6592.00000 5978.06250  9.31%  75.8 1886s
 1047723 620559     cutoff   51      6592.00000 5978.07740  9.31%  75.7 1890s
 1049257 621908 6130.77333   57   64 6592.00000 5978.09037  9.31%  75.8 1895s
 1051348 623406 6105.00000   55   23 6592.00000 5978.10909  9.31%  75.8 1900s
 1054570 625426     cutoff   74      6592.00000 5978.13137  9.31%  75.8 1906s
 1057854 626632 6405.04212   71   89 6592.00000 5978.15338  9.31%  75.8 1910s
 1061193 628387 6352.85102   81  163 6592.00000 5978.18188  9.31%  75.8 1916s
 1063001 629471 6438.37261   63  279 6592.00000 5978.19487  9.31%  75.8 1920s
 1064956 631222 infeasible   54      6592.00000 5978.20750  9.31%  75.8 1925s
 1069398 633577     cutoff   79      6592.00000 5978.21429  9.31%  75.8 1931s
 1072109 635060 6020.51040   51  237 6592.00000 5978.22581  9.31%  75.8 1935s
 1075765 637463 6126.88483   66  156 6592.00000 5978.24863  9.31%  75.8 1941s
 1078422 639301 6180.51250   66  196 6592.00000 5978.26198  9.31%  75.8 1946s
 1081469 640824 6354.48268   70  245 6592.00000 5978.27840  9.31%  75.7 1950s
 1084828 642697 6032.77636   65   73 6592.00000 5978.29000  9.31%  75.8 1955s
 1088458 644461 6179.43333   57  166 6592.00000 5978.30000  9.31%  75.8 1961s
 1090633 645886 6570.84491   79  229 6592.00000 5978.31000  9.31%  75.7 1965s
 1091978 646543 5980.75808   59  137 6592.00000 5978.31816  9.31%  75.7 1971s
 1094234 647591 6387.65333   59   13 6592.00000 5978.32430  9.31%  75.8 1975s
 1097981 649954     cutoff   75      6592.00000 5978.33975  9.31%  75.7 1981s
 1101105 651550 6064.44000   52    7 6592.00000 5978.36262  9.31%  75.8 1986s
 1102834 652713 5978.53060   56   93 6592.00000 5978.37000  9.31%  75.8 1991s
 1105411 654204 6400.88174   63  131 6592.00000 5978.38182  9.31%  75.8 1995s
 1108144 655783 6105.94167   64    3 6592.00000 5978.39716  9.31%  75.8 2002s
 1110935 657740 5985.44388   57  179 6592.00000 5978.41182  9.31%  75.8 2006s
 1114028 659069 infeasible   76      6592.00000 5978.42680  9.31%  75.8 2010s
 1117507 661281 6081.30769   48   80 6592.00000 5978.44389  9.31%  75.8 2016s
 1120245 662712 6264.43279   74  117 6592.00000 5978.45898  9.31%  75.8 2020s
 1124289 664552 6000.19655   56   46 6592.00000 5978.49083  9.31%  75.7 2025s
 1127074 666125 6016.96852   67  174 6592.00000 5978.50571  9.31%  75.7 2032s
 1128743 667568 6385.86272   65  165 6592.00000 5978.51113  9.31%  75.7 2036s
 1131312 669204 6029.72071   53  187 6592.00000 5978.52852  9.31%  75.7 2040s
 1135269 670993 5985.79040   53   22 6592.00000 5978.55557  9.31%  75.7 2046s
 1137480 672219 infeasible   71      6592.00000 5978.56297  9.31%  75.7 2050s
 1140476 674088 6359.15053   71  125 6592.00000 5978.58597  9.31%  75.8 2057s
 1143031 675662 6238.62167   58   16 6592.00000 5978.60384  9.31%  75.8 2061s
 1145785 676299 6110.08000   69   30 6592.00000 5978.61833  9.30%  75.8 2066s
 1146458 677299 6337.59677   68  161 6592.00000 5978.62187  9.30%  75.8 2070s
 1149716 679086 6279.57833   64   22 6592.00000 5978.63991  9.30%  75.8 2077s
 1152365 680621 6035.02865   55   41 6592.00000 5978.65745  9.30%  75.8 2081s
 1155310 682141 6128.10400   56   84 6592.00000 5978.66667  9.30%  75.8 2086s
 1157018 683509 6456.20905   91  129 6592.00000 5978.68208  9.30%  75.8 2091s
 1159538 685341 6077.66324   50  240 6592.00000 5978.69512  9.30%  75.8 2095s
 1163336 687308 infeasible   67      6592.00000 5978.71586  9.30%  75.8 2101s
 1165869 688828 6368.66032   60  178 6592.00000 5978.73049  9.30%  75.9 2106s
 1168413 690283 6110.15192   53  218 6592.00000 5978.74362  9.30%  75.9 2110s
 1171293 691722 6084.90972   57   66 6592.00000 5978.75772  9.30%  75.9 2115s
 1175258 693817 infeasible   82      6592.00000 5978.76923  9.30%  75.8 2120s
 1177440 695952 6205.09464   66   92 6592.00000 5978.78106  9.30%  75.8 2126s
 1179957 696945 6322.27925   77   14 6592.00000 5978.79535  9.30%  75.8 2130s
 1182716 698467 6575.57192   67  105 6592.00000 5978.80760  9.30%  75.8 2136s
 1185163 699952 6487.67525   72   69 6592.00000 5978.81667  9.30%  75.8 2141s
 1187581 701262     cutoff   69      6592.00000 5978.83803  9.30%  75.8 2145s
 1191599 703829 6340.05030   54  226 6592.00000 5978.85537  9.30%  75.8 2152s
 1192939 703838 5981.55500   60   19 6592.00000 5978.85843  9.30%  75.8 2155s
 1192968 704060 6000.69587   62  127 6592.00000 5978.85843  9.30%  75.8 2160s
 1194652 705799     cutoff   62      6592.00000 5978.87500  9.30%  75.9 2166s
 1197452 707769 6079.04437   57   59 6592.00000 5978.88711  9.30%  75.9 2171s
 1200546 709315 6429.49863   74   96 6592.00000 5978.90374  9.30%  75.9 2176s
 1203305 710884     cutoff   82      6592.00000 5978.91917  9.30%  75.9 2180s
 1207272 712821 5981.07502   56  148 6592.00000 5978.94277  9.30%  75.9 2187s
 1209886 714096 6083.58667   49   43 6592.00000 5978.95323  9.30%  75.9 2190s
 1213278 715822     cutoff   70      6592.00000 5978.97148  9.30%  75.9 2196s
 1215590 717362 6051.72210   70  220 6592.00000 5978.98420  9.30%  75.9 2200s
 1219543 719683 6028.50600   62  118 6592.00000 5979.00104  9.30%  75.9 2206s
 1221186 720684 6213.25621   51  136 6592.00000 5979.01000  9.30%  75.9 2210s
 1224000 722165 6045.23277   52  219 6592.00000 5979.02173  9.30%  75.9 2216s
 1226481 723700 6431.60403   59  242 6592.00000 5979.03958  9.30%  75.9 2220s
 1230244 725934 6008.97337   67   89 6592.00000 5979.06297  9.30%  75.9 2226s
 1232483 727022 6433.45240   57   33 6592.00000 5979.07004  9.30%  75.9 2231s
 1235297 728868 6250.40424   76   75 6592.00000 5979.08789  9.30%  75.9 2235s
 1238341 730492 6493.81476   71  223 6592.00000 5979.10000  9.30%  75.9 2241s
 1240710 731857     cutoff   78      6592.00000 5979.10803  9.30%  76.0 2245s
 1244657 733853 6005.37823   53   31 6592.00000 5979.13026  9.30%  76.0 2251s
 1246376 735023 6075.00000   58   14 6592.00000 5979.14014  9.30%  76.0 2257s
 1247959 735894     cutoff   62      6592.00000 5979.14848  9.30%  76.0 2260s
 1251238 737275 6202.99444   58  203 6592.00000 5979.16905  9.30%  76.0 2265s
 1253543 739021 6033.25924   51  119 6592.00000 5979.18476  9.30%  76.0 2270s
 1256394 740137 6319.00000   64   19 6592.00000 5979.20473  9.30%  76.0 2275s
 1258991 741577 infeasible   68      6592.00000 5979.21751  9.30%  76.0 2280s
 1262957 743874 infeasible   58      6592.00000 5979.23643  9.30%  76.0 2287s
 1265181 745361 6370.64763   57   84 6592.00000 5979.25000  9.30%  76.1 2291s
 1268282 747069 6170.26553   57  206 6592.00000 5979.26380  9.30%  76.1 2296s
 1270739 748278 6073.16531   59  108 6592.00000 5979.28279  9.29%  76.1 2300s
 1274141 750219 6280.54272   55  176 6592.00000 5979.30017  9.29%  76.1 2306s
 1276156 751415 6160.02659   67  159 6592.00000 5979.31409  9.29%  76.1 2311s
 1279031 752814 6355.19718   63   37 6592.00000 5979.32946  9.29%  76.1 2315s
 1282516 754772 6494.95163   85  140 6592.00000 5979.35000  9.29%  76.1 2321s
 1284278 756186 5986.28692   61  104 6592.00000 5979.35979  9.29%  76.1 2325s
 1288326 758117 6251.89432   82  223 6592.00000 5979.38075  9.29%  76.1 2331s
 1290125 759080 5979.50000   51   31 6592.00000 5979.38795  9.29%  76.1 2335s
 1293764 761287 6207.68000   63   26 6592.00000 5979.41000  9.29%  76.1 2341s
 1296383 762590 6019.21573   44   78 6592.00000 5979.42291  9.29%  76.1 2345s
 1298388 764055 6276.71512   67  112 6592.00000 5979.43619  9.29%  76.1 2350s
 1300933 764606 5982.00734   52   69 6592.00000 5979.44862  9.29%  76.2 2355s
 1301607 765841 6331.30833   74   40 6592.00000 5979.45080  9.29%  76.2 2361s
 1304999 767543 6169.76886   86  146 6592.00000 5979.47000  9.29%  76.2 2367s
 1306108 768382 6139.77333   52   19 6592.00000 5979.47854  9.29%  76.2 2370s
 1309355 770091 6256.62833   60   14 6592.00000 5979.49164  9.29%  76.2 2375s
 1313831 772554 6004.32756   53   74 6592.00000 5979.50554  9.29%  76.2 2382s
 1316007 773688 6219.97970   56  280 6592.00000 5979.51544  9.29%  76.3 2386s
 1318015 774883 6026.97849   53   74 6592.00000 5979.52630  9.29%  76.3 2391s
 1320854 776372     cutoff   63      6592.00000 5979.54315  9.29%  76.3 2395s
 1324404 778369 6464.85514   94   89 6592.00000 5979.56354  9.29%  76.3 2401s
 1326280 779429 6120.99918   60  189 6592.00000 5979.57500  9.29%  76.3 2405s
 1328242 780573 6329.38832   63  111 6592.00000 5979.58939  9.29%  76.3 2410s
 1331703 782830 6403.02692   53  179 6592.00000 5979.60896  9.29%  76.3 2416s
 1334431 784017 infeasible   68      6592.00000 5979.61851  9.29%  76.4 2420s
 1337034 785396 6196.84177   55  191 6592.00000 5979.63490  9.29%  76.4 2425s
 1339609 787182 6096.73087   46   61 6592.00000 5979.64826  9.29%  76.4 2430s
 1342450 788601 6057.17929   71  223 6592.00000 5979.66439  9.29%  76.3 2437s
 1345318 790592 6023.62556   60   49 6592.00000 5979.67998  9.29%  76.3 2441s
 1348151 791996 5994.30747   67  128 6592.00000 5979.68723  9.29%  76.3 2446s
 1350479 792510 6213.39972   74  171 6592.00000 5979.70387  9.29%  76.3 2450s
 1350509 792539 6227.07735   76  173 6592.00000 5979.70387  9.29%  76.3 2455s
 1351408 793517 6008.28293   53   85 6592.00000 5979.71053  9.29%  76.4 2460s
 1354687 795399 6308.06071   62  236 6592.00000 5979.72840  9.29%  76.4 2466s
 1357041 796532 5999.83333   63   27 6592.00000 5979.73766  9.29%  76.4 2470s
 1359526 797846     cutoff   65      6592.00000 5979.75452  9.29%  76.4 2475s
 1361687 799365 6044.94564   62  220 6592.00000 5979.77000  9.29%  76.5 2480s
 1365944 801632 5983.67647   49  107 6592.00000 5979.79116  9.29%  76.5 2486s
 1368322 802735 6398.42339   63  203 6592.00000 5979.80153  9.29%  76.5 2491s
 1371677 804510 6013.77992   63  102 6592.00000 5979.81500  9.29%  76.4 2495s
 1375174 807130 6134.47368   71  202 6592.00000 5979.83462  9.29%  76.4 2502s
 1377782 808503 infeasible   61      6592.00000 5979.84424  9.29%  76.4 2506s
 1380213 809655 infeasible   60      6592.00000 5979.86063  9.29%  76.4 2510s
 1383662 811901 infeasible   68      6592.00000 5979.87993  9.29%  76.5 2517s
 1385806 812889 6395.09446   54  149 6592.00000 5979.89005  9.29%  76.5 2521s
 1387675 814169 infeasible   62      6592.00000 5979.90316  9.29%  76.5 2526s
 1390312 815476 6012.94358   64  175 6592.00000 5979.91561  9.29%  76.5 2530s
 1395144 817973 6482.79410   93  173 6592.00000 5979.93929  9.28%  76.5 2536s
 1396803 819280 6133.55127   83  228 6592.00000 5979.94664  9.28%  76.5 2540s
 1400357 820950 6278.92582   65  205 6592.00000 5979.96786  9.28%  76.5 2546s
 1403536 822679 6139.85000   55    5 6592.00000 5979.98092  9.28%  76.5 2551s
 1405988 823945 6083.93478   66   49 6592.00000 5980.00000  9.28%  76.5 2556s
 1408346 825261 6105.00000   54   15 6592.00000 5980.00000  9.28%  76.5 2560s
 1410856 826365 6414.59414   73   51 6592.00000 5980.00000  9.28%  76.5 2565s
 1413443 828519 6122.70915   63  205 6592.00000 5980.00682  9.28%  76.5 2571s
 1416021 829935 6008.17515   64   87 6592.00000 5980.01479  9.28%  76.5 2575s
 1419406 831890 6120.07394   64   43 6592.00000 5980.03000  9.28%  76.5 2581s
 1421997 832955 6075.44557   51   54 6592.00000 5980.04575  9.28%  76.5 2585s
 1425581 834956 6196.00000   59    4 6592.00000 5980.07143  9.28%  76.5 2591s
 1427548 835936 6381.27599   62   39 6592.00000 5980.08235  9.28%  76.5 2595s
 1430421 837892 5999.61444   56   36 6592.00000 5980.10309  9.28%  76.6 2602s
 1433299 839209 6182.00000   71    6 6592.00000 5980.11956  9.28%  76.6 2606s
 1435362 840767 6201.69618   75  248 6592.00000 5980.12654  9.28%  76.6 2611s
 1437879 842204 6401.07821   78  131 6592.00000 5980.14334  9.28%  76.5 2615s
 1441192 843781 6095.58673   53   29 6592.00000 5980.15771  9.28%  76.6 2621s
 1443364 845140 6110.04950   59  218 6592.00000 5980.17481  9.28%  76.6 2626s
 1445864 846715 6102.27647   73  164 6592.00000 5980.18628  9.28%  76.6 2630s
 1448536 848000 6168.12000   64   79 6592.00000 5980.19375  9.28%  76.5 2636s
 1451848 849511 6307.96999   60  225 6592.00000 5980.21605  9.28%  76.6 2641s
 1454383 850883 6034.66043   56  141 6592.00000 5980.23526  9.28%  76.6 2645s
 1457287 851949 infeasible   76      6592.00000 5980.24378  9.28%  76.5 2650s
 1459262 853908 6554.67183   87  220 6592.00000 5980.26057  9.28%  76.5 2657s
 1461757 855115 infeasible   62      6592.00000 5980.26976  9.28%  76.5 2661s
 1464604 857048 6319.12582   67   51 6592.00000 5980.28540  9.28%  76.5 2665s
 1467343 858176 6426.88185   76  119 6592.00000 5980.29895  9.28%  76.5 2670s
 1470874 860306 6050.61358   59  119 6592.00000 5980.31318  9.28%  76.5 2677s
 1473483 861600 6029.34156   60  151 6592.00000 5980.32975  9.28%  76.5 2681s
 1475696 862428 6136.50333   68   54 6592.00000 5980.34182  9.28%  76.5 2686s
 1477707 864112 6241.26067   72  186 6592.00000 5980.35564  9.28%  76.5 2690s
 1480611 865506 6106.92833   62  209 6592.00000 5980.37472  9.28%  76.5 2695s
 1484649 867621 infeasible   73      6592.00000 5980.39990  9.28%  76.5 2702s
 1485594 868185 6141.42185   60  175 6592.00000 5980.40531  9.28%  76.5 2705s
 1488940 870059 6167.18692   56   24 6592.00000 5980.41827  9.28%  76.5 2710s
 1493033 871811 6428.56372   66  169 6592.00000 5980.44933  9.28%  76.5 2716s
 1493697 872676 6461.57153   51  279 6592.00000 5980.45436  9.28%  76.5 2721s
 1495535 874060     cutoff   65      6592.00000 5980.46652  9.28%  76.5 2725s
 1498266 875691 6392.99592   77  303 6592.00000 5980.48000  9.28%  76.5 2730s
 1501983 877513 6073.51132   50   62 6592.00000 5980.49429  9.28%  76.5 2736s
 1504642 878785 6004.00000   48    9 6592.00000 5980.50953  9.28%  76.5 2740s
 1507246 880434 6037.41980   54  170 6592.00000 5980.52167  9.28%  76.5 2746s
 1510081 882127 6372.25899   54  122 6592.00000 5980.53634  9.28%  76.5 2750s
 1512686 883361 6109.00000   55   16 6592.00000 5980.55192  9.28%  76.5 2755s
 1516258 885655 6248.91500   67    9 6592.00000 5980.56804  9.28%  76.5 2761s
 1518808 886862 6057.19920   58  101 6592.00000 5980.58923  9.28%  76.5 2765s
 1522272 888828 6361.38743   75  100 6592.00000 5980.61094  9.27%  76.5 2772s
 1524991 890279 6401.22468   90  156 6592.00000 5980.62195  9.27%  76.5 2776s
 1526883 891577 6098.96774   56  229 6592.00000 5980.63702  9.27%  76.6 2781s
 1529523 892612 5996.51881   59   84 6592.00000 5980.65651  9.27%  76.6 2785s
 1533486 895142 6197.30400   65   35 6592.00000 5980.67644  9.27%  76.6 2791s
 1536005 896437 infeasible   66      6592.00000 5980.68735  9.27%  76.6 2795s
 1538897 897311 6282.50000   61   80 6592.00000 5980.70507  9.27%  76.6 2800s
 1540868 899032     cutoff   70      6592.00000 5980.72279  9.27%  76.6 2806s
 1543620 900404 6271.50550   52  277 6592.00000 5980.74500  9.27%  76.6 2810s
 1545794 901732 5991.30159   54   73 6592.00000 5980.75578  9.27%  76.6 2815s
 1547464 902513 6114.61665   64  163 6592.00000 5980.76068  9.27%  76.6 2820s
 1549211 903519 6305.86552   65   47 6592.00000 5980.77614  9.27%  76.6 2825s
 1552178 905102 6127.93500   60   45 6592.00000 5980.79781  9.27%  76.6 2830s
 1554825 906729 6083.09713   77   34 6592.00000 5980.81375  9.27%  76.6 2835s
 1559069 908750 6246.11250   68   23 6592.00000 5980.82667  9.27%  76.6 2841s
 1562235 910163 infeasible   73      6592.00000 5980.84773  9.27%  76.6 2845s
 1564895 911497 6501.02503   69  183 6592.00000 5980.86667  9.27%  76.6 2851s
 1567555 912973 6058.39249   56   42 6592.00000 5980.88290  9.27%  76.6 2855s
 1571230 914978 6119.88667   53   16 6592.00000 5980.90128  9.27%  76.6 2861s
 1572038 915392 6201.80180   72   38 6592.00000 5980.90795  9.27%  76.6 2866s
 1573739 916588 6264.72574   65  235 6592.00000 5980.91750  9.27%  76.7 2870s
 1577712 919540 6258.41496   56  222 6592.00000 5980.94250  9.27%  76.6 2877s
 1581138 920411 6145.23552   59  193 6592.00000 5980.95767  9.27%  76.6 2881s
 1583907 922297 6117.32999   57  254 6592.00000 5980.97472  9.27%  76.6 2887s
 1586305 923505 6081.15618   58   35 6592.00000 5980.98890  9.27%  76.6 2891s
 1588491 924821 infeasible   62      6592.00000 5981.00000  9.27%  76.7 2895s
 1591157 926097 infeasible   66      6592.00000 5981.00000  9.27%  76.7 2901s
 1593111 927463 6017.05159   61  186 6592.00000 5981.00000  9.27%  76.7 2906s
 1595840 928710 5996.70045   62  110 6592.00000 5981.00000  9.27%  76.7 2910s
 1597553 929871 6222.40996   68  269 6592.00000 5981.00000  9.27%  76.7 2915s
 1600044 931070 6090.57521   55  138 6592.00000 5981.00000  9.27%  76.7 2920s
 1601876 932604 6089.98370   57  190 6592.00000 5981.00000  9.27%  76.7 2925s
 1604648 933986     cutoff   63      6592.00000 5981.00000  9.27%  76.7 2930s
 1608860 935978 6139.70690   64  268 6592.00000 5981.00000  9.27%  76.8 2936s
 1611481 936881 infeasible   53      6592.00000 5981.00000  9.27%  76.8 2941s
 1612127 937749 5997.28571   57   26 6592.00000 5981.00000  9.27%  76.8 2945s
 1614049 938840 5989.70968   42   15 6592.00000 5981.00000  9.27%  76.8 2951s
 1617057 940391     cutoff   73      6592.00000 5981.00000  9.27%  76.8 2956s
 1619107 941708     cutoff   67      6592.00000 5981.00000  9.27%  76.8 2961s
 1621632 942756 5981.34867   46   27 6592.00000 5981.00000  9.27%  76.8 2966s
 1624373 944470 infeasible   66      6592.00000 5981.00000  9.27%  76.8 2971s
 1626727 945939 6052.53274   60  136 6592.00000 5981.00000  9.27%  76.9 2977s
 1629680 948046 6490.65293   60  181 6592.00000 5981.00000  9.27%  76.8 2981s
 1632135 949402 5985.67500   53    7 6592.00000 5981.00000  9.27%  76.9 2986s
 1634884 950969 6239.35615   73  105 6592.00000 5981.00000  9.27%  76.9 2990s
 1636821 952543 6186.99050   69  212 6592.00000 5981.00000  9.27%  76.9 2995s
 1640866 954727 6037.46902   65   74 6592.00000 5981.00000  9.27%  76.9 3002s
 1643004 956138 6266.86424   89  128 6592.00000 5981.00000  9.27%  76.9 3006s
 1645241 957624 6393.42243   77  242 6592.00000 5981.00000  9.27%  76.9 3011s
 1648236 959053 infeasible   73      6592.00000 5981.00000  9.27%  76.9 3016s
 1650522 960159 6037.02780   55  106 6592.00000 5981.00000  9.27%  76.9 3020s
 1652455 961849 infeasible   67      6592.00000 5981.00000  9.27%  76.9 3025s
 1655096 963518 6112.95371   63  108 6592.00000 5981.00000  9.27%  76.9 3030s
 1658953 965525 6004.00000   51   14 6592.00000 5981.00000  9.27%  76.9 3037s
 1660035 966173 6067.43561   74  211 6592.00000 5981.00000  9.27%  76.9 3042s
 1662389 967778 6148.32444   63   65 6592.00000 5981.00000  9.27%  76.9 3046s
 1664860 968970 6269.95525   73  213 6592.00000 5981.01717  9.27%  76.9 3051s
 1667703 970511 6112.60000   64   55 6592.00000 5981.03000  9.27%  76.9 3056s
 1670639 972033 6183.00000   64   14 6592.00000 5981.04766  9.27%  76.9 3060s
 1672455 973233 6217.47733   71   71 6592.00000 5981.05771  9.27%  76.9 3065s
 1676569 975329 6352.30000   59   58 6592.00000 5981.07500  9.27%  76.9 3071s
 1678065 976466 6227.35613   66  202 6592.00000 5981.08037  9.27%  77.0 3076s
 1680706 977892 6010.48196   60  146 6592.00000 5981.09652  9.27%  77.0 3080s
 1683495 979457 6029.35253   52  140 6592.00000 5981.10842  9.27%  76.9 3085s
 1686908 981992 6085.69997   68  309 6592.00000 5981.12250  9.27%  77.0 3092s
 1690161 983183 6107.54114   73   72 6592.00000 5981.14308  9.27%  76.9 3096s
 1692043 984365 6389.39890   51  209 6592.00000 5981.15175  9.27%  77.0 3101s
 1694254 985824 6069.34416   56  244 6592.00000 5981.16129  9.27%  77.0 3106s
 1696626 987296 6197.91947   51   67 6592.00000 5981.17088  9.27%  77.0 3110s
 1699118 988458 6120.47801   61  233 6592.00000 5981.18544  9.27%  77.0 3115s
 1703196 990068 6238.00502   60   53 6592.00000 5981.20681  9.27%  77.0 3122s
 1704122 991186 6428.69600   67  148 6592.00000 5981.20968  9.27%  77.0 3126s
 1707039 993007 6124.76500   58   21 6592.00000 5981.21429  9.27%  77.0 3130s
 1710644 995131 6351.31214   82  168 6592.00000 5981.22438  9.27%  77.0 3136s
 1713592 996698 6004.43857   54   48 6592.00000 5981.23853  9.27%  77.0 3142s
 1715576 997989 6366.11082   69  179 6592.00000 5981.24286  9.27%  77.0 3145s
 1719316 999760     cutoff   72      6592.00000 5981.26104  9.26%  77.0 3151s
 1721479 1001067 6191.64602   70   38 6592.00000 5981.26991  9.26%  77.0 3155s
 1723377 1002336 6029.71724   57   71 6592.00000 5981.27684  9.26%  77.0 3161s
 1726043 1003551 6191.82678   54  281 6592.00000 5981.29000  9.26%  77.0 3166s
 1728808 1005278 6363.46660   61  150 6592.00000 5981.29000  9.26%  77.0 3171s
 1731463 1006712 infeasible   62      6592.00000 5981.29458  9.26%  77.0 3175s
 1734155 1008307 6287.25417   72  164 6592.00000 5981.30485  9.26%  77.0 3180s
 1738145 1010809 6371.82347   77  167 6592.00000 5981.31771  9.26%  77.0 3187s
 1740841 1012416 6012.43874   60  177 6592.00000 5981.32378  9.26%  77.0 3191s
 1743365 1013448 6335.12306   71  154 6592.00000 5981.33379  9.26%  77.0 3195s
 1746562 1014783 6125.86796   67  172 6592.00000 5981.34636  9.26%  77.0 3201s
 1747038 1015603 6047.75388   59  189 6592.00000 5981.34636  9.26%  77.0 3206s
 1749147 1017023 6454.43476   93  181 6592.00000 5981.35707  9.26%  77.0 3211s
 1751306 1018117 6311.00000   64   11 6592.00000 5981.36822  9.26%  77.0 3216s
 1753565 1019963 6365.63616   91  156 6592.00000 5981.37544  9.26%  77.1 3221s
 1756624 1021161 6439.69012   75  201 6592.00000 5981.38424  9.26%  77.1 3225s
 1758620 1022534 6029.27000   62   45 6592.00000 5981.39208  9.26%  77.1 3230s
 1762560 1024803 6157.04310   71  108 6592.00000 5981.40575  9.26%  77.0 3236s
 1764642 1025914     cutoff  102      6592.00000 5981.40960  9.26%  77.0 3240s
 1767859 1028047 6123.12408   60  122 6592.00000 5981.42764  9.26%  77.1 3246s
 1770409 1029182 6085.91652   63  280 6592.00000 5981.43458  9.26%  77.0 3251s
 1772533 1030800 6195.95000   74   13 6592.00000 5981.44523  9.26%  77.1 3255s
 1775741 1032505 infeasible   62      6592.00000 5981.45687  9.26%  77.1 3262s
 1778097 1034090 5996.85333   55   24 6592.00000 5981.46603  9.26%  77.1 3267s
 1780711 1035248 infeasible  101      6592.00000 5981.47758  9.26%  77.1 3271s
 1783528 1037111 6209.15582   71   59 6592.00000 5981.48724  9.26%  77.1 3275s
 1786979 1038546 6120.74419   47  251 6592.00000 5981.49813  9.26%  77.1 3282s
 1788783 1039340 6189.96236   53  129 6592.00000 5981.50550  9.26%  77.1 3286s
 1791100 1040756 6288.19240   52  268 6592.00000 5981.51546  9.26%  77.1 3291s
 1793845 1042573 6255.50667   67   19 6592.00000 5981.52393  9.26%  77.1 3295s
 1795318 1048909 6388.02343   73  163 6592.00000 5981.52819  9.26%  77.1 3326s
 1809581 1050345 6014.08622   48  115 6592.00000 5981.58166  9.26%  77.1 3333s
 1809846 1051410 6476.43906   72  156 6592.00000 5981.58216  9.26%  77.1 3336s
 1813062 1053084 6092.97065   69   38 6592.00000 5981.59302  9.26%  77.1 3341s
 1817027 1054811 6043.42000   51   89 6592.00000 5981.60577  9.26%  77.1 3346s
 1819217 1056179 6334.33863   70   32 6592.00000 5981.61556  9.26%  77.1 3350s
 1822682 1058364 6450.05548   66  162 6592.00000 5981.62879  9.26%  77.1 3355s
 1826146 1060205 6149.16838   60  249 6592.00000 5981.63852  9.26%  77.1 3361s
 1828005 1061490 infeasible   76      6592.00000 5981.64500  9.26%  77.1 3365s
 1831232 1063335 6154.24606   69  221 6592.00000 5981.65749  9.26%  77.1 3371s
 1833611 1064583 6076.00000   64   81 6592.00000 5981.66674  9.26%  77.1 3375s
 1836898 1066501 6265.79619   68  224 6592.00000 5981.67823  9.26%  77.1 3382s
 1839137 1068042 5995.93750   49   38 6592.00000 5981.68934  9.26%  77.2 3386s
 1842081 1069113 infeasible   71      6592.00000 5981.70000  9.26%  77.2 3390s
 1845416 1071050 6085.52635   66  125 6592.00000 5981.70466  9.26%  77.2 3396s
 1847691 1072529 6440.40316   71  163 6592.00000 5981.71029  9.26%  77.2 3401s
 1850529 1073973 infeasible   76      6592.00000 5981.72060  9.26%  77.2 3405s
 1853280 1075649 6284.90000   59   22 6592.00000 5981.73000  9.26%  77.2 3410s
 1856275 1077693 6409.29306   48  158 6592.00000 5981.74538  9.26%  77.2 3416s
 1858815 1078810 6395.37382   70  169 6592.00000 5981.75333  9.26%  77.2 3421s
 1861783 1080505     cutoff   84      6592.00000 5981.76551  9.26%  77.2 3426s
 1864117 1082171 6173.98821   70    9 6592.00000 5981.76923  9.26%  77.2 3430s
 1868324 1084679 6173.09079   50  204 6592.00000 5981.77083  9.26%  77.2 3437s
 1871017 1085751 5988.64917   41   27 6592.00000 5981.78419  9.26%  77.2 3440s
 1874136 1087584     cutoff   59      6592.00000 5981.79500  9.26%  77.2 3446s
 1876209 1088799 infeasible   75      6592.00000 5981.80500  9.26%  77.2 3451s
 1878354 1089751 6116.75365   60  265 6592.00000 5981.81026  9.26%  77.2 3455s
 1881693 1092013 5989.75274   63  110 6592.00000 5981.82048  9.26%  77.2 3461s
 1884017 1093458 6032.51852   47   83 6592.00000 5981.82818  9.26%  77.2 3465s
 1886553 1094572 6318.34270   74   97 6592.00000 5981.83369  9.26%  77.2 3470s
 1890502 1096648 6257.96061   63   74 6592.00000 5981.84615  9.26%  77.2 3476s
 1892887 1097908 6474.05058   85  136 6592.00000 5981.85445  9.26%  77.1 3480s
 1895782 1099429 6294.07905   61  207 6592.00000 5981.86815  9.26%  77.2 3485s
 1897640 1100931 6133.46096   66  103 6592.00000 5981.87438  9.26%  77.2 3490s
 1901520 1101973 6227.14452   67  179 6592.00000 5981.88843  9.26%  77.2 3496s
 1902464 1103200 6095.57507   61  102 6592.00000 5981.89111  9.26%  77.2 3501s
 1905173 1104651 infeasible   76      6592.00000 5981.89772  9.26%  77.2 3505s
 1907716 1106212 6188.33501   64   90 6592.00000 5981.90276  9.26%  77.2 3510s
 1910409 1107611 6387.68596   81  171 6592.00000 5981.91308  9.25%  77.2 3515s
 1913775 1109765 6440.88669   64  167 6592.00000 5981.92656  9.25%  77.2 3522s
 1916594 1110996 6109.00000   57   39 6592.00000 5981.93774  9.25%  77.2 3526s
 1918235 1112315 6312.46679   74  149 6592.00000 5981.94540  9.25%  77.2 3531s
 1921096 1113272 6004.60250   56   21 6592.00000 5981.95692  9.25%  77.2 3535s
 1924651 1115818 6385.94103   77  162 6592.00000 5981.96827  9.25%  77.2 3541s
 1927207 1116943 6114.48945   55  183 6592.00000 5981.97364  9.25%  77.2 3545s
 1930229 1118725 6357.83947   77  179 6592.00000 5981.98320  9.25%  77.2 3551s
 1932853 1120076 6330.08455   86  184 6592.00000 5981.99276  9.25%  77.2 3555s
 1936705 1122059 6258.40056   60  277 6592.00000 5982.00000  9.25%  77.2 3561s
 1938434 1123303 6298.96764   64  148 6592.00000 5982.00402  9.25%  77.2 3565s
 1940788 1124627 6503.01282   68  268 6592.00000 5982.01000  9.25%  77.2 3570s
 1944337 1126766 6414.91594   66   57 6592.00000 5982.02051  9.25%  77.2 3576s
 1946533 1127548 6238.25833   72  188 6592.00000 5982.02544  9.25%  77.2 3580s
 1947892 1128857 6436.20620   66   60 6592.00000 5982.03165  9.25%  77.2 3586s
 1950099 1130139     cutoff   61      6592.00000 5982.03645  9.25%  77.2 3591s
 1952304 1131882 6013.40238   61   35 6592.00000 5982.04497  9.25%  77.2 3595s
 1956727 1134067 6133.54209   64  112 6592.00000 5982.05731  9.25%  77.2 3602s
 1959234 1135438 6382.00000   70    7 6592.00000 5982.06918  9.25%  77.1 3606s
 1961591 1137067 6003.69737   53   17 6592.00000 5982.08034  9.25%  77.2 3610s
 1965152 1138901 6539.47869   53   98 6592.00000 5982.09000  9.25%  77.1 3616s
 1966959 1140071 6119.35303   61   90 6592.00000 5982.09827  9.25%  77.2 3620s
 1970421 1141809 5988.50267   56   20 6592.00000 5982.10117  9.25%  77.2 3626s
 1972812 1143205 6474.04459   67  253 6592.00000 5982.10833  9.25%  77.2 3631s
 1974375 1144385 6328.11908   58  173 6592.00000 5982.11770  9.25%  77.2 3635s
 1976927 1145711 6012.49142   53   99 6592.00000 5982.12899  9.25%  77.2 3640s
 1981378 1148186 infeasible   86      6592.00000 5982.14500  9.25%  77.2 3646s
 1983439 1149405 5994.60548   55   72 6592.00000 5982.15245  9.25%  77.2 3650s
 1986744 1151282 6227.27567   80  172 6592.00000 5982.16337  9.25%  77.2 3656s
 1989158 1152645 6247.95667   54   23 6592.00000 5982.17423  9.25%  77.1 3660s
 1993459 1154813 6206.86001   67  176 6592.00000 5982.18683  9.25%  77.1 3666s
 1995494 1155905 6162.39320   48  229 6592.00000 5982.19172  9.25%  77.1 3670s
 1998708 1157812 6305.32051   72   48 6592.00000 5982.20757  9.25%  77.1 3676s
 2001364 1159289 6270.77890   76  159 6592.00000 5982.21561  9.25%  77.1 3680s
 2003574 1160307 6177.27500   85   48 6592.00000 5982.22099  9.25%  77.1 3685s
 2004410 1160485 6233.15277   59  161 6592.00000 5982.22222  9.25%  77.1 3690s
 2005940 1162108 6076.00000   58   16 6592.00000 5982.22394  9.25%  77.1 3697s
 2008674 1163502 6184.11006   88  148 6592.00000 5982.23107  9.25%  77.1 3702s
 2011484 1165225 infeasible   87      6592.00000 5982.24364  9.25%  77.1 3706s
 2014342 1166751 6510.49332  110  131 6592.00000 5982.25448  9.25%  77.1 3711s
 2016916 1168100 6105.49167   66   33 6592.00000 5982.26266  9.25%  77.1 3715s
 2019121 1170100 6005.44494   58  195 6592.00000 5982.27283  9.25%  77.1 3720s
 2023389 1171901 6449.66667   75   32 6592.00000 5982.28717  9.25%  77.1 3726s
 2025720 1173522 6403.04510   67  119 6592.00000 5982.29428  9.25%  77.1 3731s
 2028861 1174728 6199.74705   76  196 6592.00000 5982.30197  9.25%  77.0 3735s
 2031313 1176575 6378.94791   83  178 6592.00000 5982.31074  9.25%  77.1 3741s
 2033677 1177921     cutoff   65      6592.00000 5982.31602  9.25%  77.1 3746s
 2036608 1179532 6287.24740   64  172 6592.00000 5982.32929  9.25%  77.1 3751s
 2039492 1181073 6011.49500   58   76 6592.00000 5982.33940  9.25%  77.1 3755s
 2042041 1182603 6155.97852   65  106 6592.00000 5982.34790  9.25%  77.1 3760s
 2045506 1184524 6009.41352   57  156 6592.00000 5982.35855  9.25%  77.1 3766s
 2047413 1185610     cutoff   62      6592.00000 5982.36670  9.25%  77.1 3771s
 2050337 1187108 6039.55350   46   49 6592.00000 5982.37671  9.25%  77.1 3775s
 2052313 1188906 6158.60990   56  177 6592.00000 5982.38462  9.25%  77.1 3780s
 2054969 1190215 6284.99839   69  141 6592.00000 5982.39069  9.25%  77.1 3785s
 2058177 1191833 6024.05778   58   27 6592.00000 5982.40818  9.25%  77.1 3791s
 2060619 1193450 6074.03790   55  148 6592.00000 5982.41865  9.25%  77.1 3796s
 2063299 1194728 6232.09198   50  105 6592.00000 5982.42404  9.25%  77.1 3800s
 2065487 1195872 6185.98408   74  191 6592.00000 5982.42747  9.25%  77.1 3805s
 2068780 1198052     cutoff   60      6592.00000 5982.44080  9.25%  77.1 3811s
 2071376 1199759 6368.26501   63  176 6592.00000 5982.45474  9.25%  77.1 3816s
 2074138 1201177     cutoff   58      6592.00000 5982.46435  9.25%  77.1 3820s
 2078265 1203392 6188.46799   56  250 6592.00000 5982.47500  9.25%  77.0 3826s
 2080332 1205061 6209.74750   57   14 6592.00000 5982.48036  9.25%  77.1 3830s
 2084122 1207059 6084.89603   62  137 6592.00000 5982.48998  9.25%  77.1 3836s
 2086452 1208098 6107.70375   57  214 6592.00000 5982.50000  9.25%  77.1 3840s
 2089042 1209993 6010.78667   51   37 6592.00000 5982.50000  9.25%  77.1 3847s
 2091763 1211759     cutoff  106      6592.00000 5982.50000  9.25%  77.1 3852s
 2093685 1212274 infeasible   84      6592.00000 5982.50000  9.25%  77.1 3856s
 2095604 1213809 6112.36980   62  227 6592.00000 5982.50143  9.25%  77.1 3861s
 2098238 1215556 6475.64622   93  180 6592.00000 5982.52286  9.25%  77.1 3865s
 2103354 1217860 6088.50996   58  202 6592.00000 5982.53183  9.25%  77.0 3871s
 2105657 1219398 6498.16660   75  175 6592.00000 5982.54403  9.25%  77.0 3876s
 2107966 1220628 6246.00000   56   29 6592.00000 5982.55219  9.25%  77.0 3880s
 2110880 1222078 6470.07018   59  118 6592.00000 5982.55438  9.25%  77.0 3885s
 2114071 1224151 6036.90828   91   34 6592.00000 5982.57258  9.24%  77.0 3891s
 2116545 1225951 6419.02075   51  131 6592.00000 5982.58012  9.24%  77.0 3896s
 2119507 1227203 6009.91640   77  102 6592.00000 5982.58538  9.24%  77.0 3900s
 2122988 1229053 infeasible   71      6592.00000 5982.59738  9.24%  77.0 3906s
 2125722 1230638 6178.80091   65   32 6592.00000 5982.60746  9.24%  77.0 3911s
 2128654 1232174 6182.00000   61   31 6592.00000 5982.61607  9.24%  77.0 3915s
 2131663 1234148 6310.84333   63   13 6592.00000 5982.62168  9.24%  77.0 3922s
 2134811 1235877 6085.00000   57   13 6592.00000 5982.63723  9.24%  77.0 3926s
 2137069 1236604 6102.81556   66   85 6592.00000 5982.64464  9.24%  77.0 3930s
 2137094 1236682 6223.57099   68   76 6592.00000 5982.64464  9.24%  77.0 3935s
 2139196 1238575 6416.46929   80   96 6592.00000 5982.65141  9.24%  77.0 3941s
 2141398 1239647 5999.31705   55  159 6592.00000 5982.66349  9.24%  77.0 3946s
 2143222 1240793     cutoff   89      6592.00000 5982.66893  9.24%  77.0 3951s
 2145527 1242052 6395.48492   64   71 6592.00000 5982.68090  9.24%  77.0 3956s
 2148680 1243568 6343.52321   78  245 6592.00000 5982.69090  9.24%  77.0 3961s
 2151144 1245112 6088.42739   47  152 6592.00000 5982.70125  9.24%  77.0 3965s
 2153667 1246406 6031.02755   59  100 6592.00000 5982.70968  9.24%  77.0 3970s
 2156570 1248245 6332.34768   55   79 6592.00000 5982.72178  9.24%  77.0 3976s
 2159196 1249818 6101.82413   58  210 6592.00000 5982.73243  9.24%  77.0 3981s
 2161833 1250923 6370.09333   60   19 6592.00000 5982.74067  9.24%  77.0 3985s
 2163872 1252580 6185.54244   59  289 6592.00000 5982.74230  9.24%  77.0 3990s
 2167916 1254359     cutoff   96      6592.00000 5982.76391  9.24%  77.0 3997s
 2170570 1255979 6563.98798   69   88 6592.00000 5982.77000  9.24%  77.0 4001s
 2173362 1257770     cutoff   90      6592.00000 5982.78009  9.24%  77.0 4005s
 2175767 1258891 6353.68315   66   79 6592.00000 5982.78856  9.24%  77.0 4010s
 2179197 1261051 infeasible   71      6592.00000 5982.80472  9.24%  77.0 4016s
 2181655 1262518 6036.93939   48   85 6592.00000 5982.81322  9.24%  77.0 4021s
 2184370 1264016 6380.98941   71  240 6592.00000 5982.81781  9.24%  77.0 4026s
 2186491 1265196 6321.34237   67  136 6592.00000 5982.83019  9.24%  77.0 4030s
 2190382 1267695 6288.30488   59  193 6592.00000 5982.84669  9.24%  77.0 4036s
 2192747 1269299 infeasible   81      6592.00000 5982.85970  9.24%  77.0 4041s
 2195494 1270333 6147.70035   69  228 6592.00000 5982.86898  9.24%  77.0 4045s
 2197024 1271571 6315.25058   90  138 6592.00000 5982.86928  9.24%  77.0 4050s
 2199477 1272690 6363.98333   62   27 6592.00000 5982.87952  9.24%  77.0 4055s
 2203500 1275101 6183.86682   54   70 6592.00000 5982.89972  9.24%  76.9 4061s
 2205880 1276666 6288.63711   75  168 6592.00000 5982.90392  9.24%  76.9 4066s
 2208313 1278296 6016.85714   55   15 6592.00000 5982.90909  9.24%  76.9 4070s
 2210904 1279882 6342.72763   64  110 6592.00000 5982.91843  9.24%  76.9 4075s
 2214191 1282106 6264.76856   56  146 6592.00000 5982.92322  9.24%  76.9 4081s
 2216871 1283437 6169.62964   77  212 6592.00000 5982.93007  9.24%  76.9 4085s
 2221465 1285495 6075.24069   56   39 6592.00000 5982.94551  9.24%  76.9 4091s
 2223172 1287106 6142.56105   69  253 6592.00000 5982.95181  9.24%  76.9 4095s
 2225860 1288361     cutoff   70      6592.00000 5982.95825  9.24%  76.9 4100s
 2229621 1290659 6215.89875   71  124 6592.00000 5982.97392  9.24%  76.9 4106s
 2232226 1291899 6291.08754   70  233 6592.00000 5982.97925  9.24%  76.9 4110s
 2235816 1294166 6095.75000   61  124 6592.00000 5982.99115  9.24%  76.9 4116s
 2238571 1295513 6087.50000   64   21 6592.00000 5983.00000  9.24%  76.9 4120s
 2241709 1297644 6300.12555   86  164 6592.00000 5983.01098  9.24%  76.9 4125s
 2243863 1298474     cutoff   67      6592.00000 5983.01099  9.24%  76.9 4130s
 2246900 1299931 6139.73351   70  256 6592.00000 5983.02813  9.24%  76.9 4136s
 2247396 1300770 6017.50821   77  159 6592.00000 5983.03077  9.24%  76.9 4141s
 2249884 1301964     cutoff   89      6592.00000 5983.04242  9.24%  76.9 4146s
 2250865 1302684 6412.39485   78  108 6592.00000 5983.04255  9.24%  76.9 4151s
 2252539 1303695     cutoff   56      6592.00000 5983.04868  9.24%  76.9 4156s
 2254782 1304894 6113.08000   56   11 6592.00000 5983.05263  9.24%  76.9 4161s
 2257963 1306552 6359.74725   71   63 6592.00000 5983.07125  9.24%  76.9 4166s
 2259768 1307432     cutoff   58      6592.00000 5983.07997  9.24%  76.9 4170s
 2261850 1308786 6451.46391   68  196 6592.00000 5983.08528  9.24%  76.9 4175s
 2264210 1310580 6071.12240   62  245 6592.00000 5983.09416  9.24%  76.9 4180s
 2267921 1312621 6352.37234   58   69 6592.00000 5983.10953  9.24%  76.9 4186s
 2270509 1314184 6258.34112   85   57 6592.00000 5983.11765  9.24%  76.9 4191s
 2272962 1315441 6356.61752   97  122 6592.00000 5983.12405  9.24%  76.9 4195s
 2276746 1317830 6153.83798   59  140 6592.00000 5983.13158  9.24%  76.9 4201s
 2279335 1319127 6039.82817   71   45 6592.00000 5983.14286  9.24%  76.9 4205s
 2282484 1320275 5990.30105   58  129 6592.00000 5983.15236  9.24%  76.9 4212s
 2282513 1320299 5994.15890   60  102 6592.00000 5983.15236  9.24%  76.9 4217s
 2283499 1321171 6150.88255   69  235 6592.00000 5983.15486  9.24%  76.9 4221s
 2285257 1322168 6129.11358   68  160 6592.00000 5983.16212  9.24%  76.9 4226s
 2287238 1323740 6157.25144   70  219 6592.00000 5983.17143  9.24%  76.9 4230s
 2289954 1325373 6421.38490   62  181 6592.00000 5983.18135  9.24%  76.9 4235s
 2292734 1327113 6167.67266   52  177 6592.00000 5983.18983  9.24%  76.9 4240s
 2295979 1328744 6080.02000   56   16 6592.00000 5983.19764  9.24%  76.9 4246s
 2298460 1330402 6003.02607   56  168 6592.00000 5983.20682  9.24%  76.9 4251s
 2301318 1331673 6007.20018   56   92 6592.00000 5983.22143  9.24%  76.9 4255s
 2305016 1333968 6213.80752   73  122 6592.00000 5983.23604  9.23%  76.9 4261s
 2307518 1335190 6088.45050   63   53 6592.00000 5983.24246  9.23%  76.9 4265s
 2310049 1336360 6425.00000   82   16 6592.00000 5983.25430  9.23%  76.9 4270s
 2312885 1337915 6131.78607   60  157 6592.00000 5983.26294  9.23%  76.9 4275s
 2314801 1339629 6424.42151   59  118 6592.00000 5983.26960  9.23%  76.9 4280s
 2317218 1340710     cutoff   79      6592.00000 5983.26960  9.23%  76.9 4285s
 2319566 1341986 6495.29385   67  207 6592.00000 5983.28479  9.23%  76.9 4290s
 2322142 1343587 6225.22706   80   40 6592.00000 5983.29500  9.23%  76.9 4295s
 2324982 1344926 6101.55000   55   22 6592.00000 5983.30494  9.23%  76.9 4300s
 2328932 1347432 6118.35683   74   78 6592.00000 5983.31365  9.23%  76.9 4307s
 2331287 1348842 5989.90000   53   13 6592.00000 5983.32258  9.23%  77.0 4311s
 2333644 1350222 6431.88500   73   28 6592.00000 5983.32258  9.23%  76.9 4316s
 2335769 1351487 6409.72679   92  213 6592.00000 5983.32258  9.23%  76.9 4321s
 2338012 1353031 6185.02656   70  267 6592.00000 5983.33333  9.23%  76.9 4325s
 2340626 1354602 6298.23077   78   57 6592.00000 5983.34831  9.23%  76.9 4330s
 2345287 1356534 6262.38765   80   67 6592.00000 5983.36804  9.23%  76.9 4336s
 2346951 1357885 6212.73333   60   32 6592.00000 5983.37698  9.23%  76.9 4341s
 2349220 1359078 6102.74709   62  216 6592.00000 5983.38616  9.23%  76.9 4345s
 2353279 1361494 6311.24798   81  195 6592.00000 5983.39750  9.23%  76.9 4351s
 2355606 1362591 6393.82638   55  202 6592.00000 5983.40370  9.23%  76.9 4355s
 2359086 1364480 6365.72055   92   51 6592.00000 5983.41860  9.23%  76.9 4361s
 2361284 1365830 6236.63733   75  155 6592.00000 5983.42698  9.23%  76.9 4366s
 2363057 1366740 6148.66675   57   77 6592.00000 5983.43000  9.23%  76.9 4370s
 2365060 1368177 6169.88429   90  169 6592.00000 5983.43750  9.23%  76.9 4375s
 2368785 1369919 infeasible   63      6592.00000 5983.45290  9.23%  76.9 4380s
 2370885 1371126 6304.79339  102   32 6592.00000 5983.46000  9.23%  76.9 4385s
 2374618 1373271 5998.43503   53  118 6592.00000 5983.46774  9.23%  76.9 4391s
 2377048 1374550 6276.37559   81  209 6592.00000 5983.47696  9.23%  76.9 4395s
 2380341 1376780 6105.64510   56   54 6592.00000 5983.48362  9.23%  76.9 4401s
 2382956 1378037 6036.47008   70  139 6592.00000 5983.49667  9.23%  76.9 4405s
 2385524 1379120 6318.67500   62   15 6592.00000 5983.50161  9.23%  76.9 4410s
 2387754 1380084 6005.52834   50  164 6592.00000 5983.51058  9.23%  76.9 4415s
 2387876 1380623 6244.70297   59  186 6592.00000 5983.51163  9.23%  76.9 4422s
 2389374 1381274 5984.32494   50   87 6592.00000 5983.51163  9.23%  77.0 4425s
 2390773 1382458     cutoff   60      6592.00000 5983.51844  9.23%  77.0 4430s
 2393783 1384199 6136.25506   56  221 6592.00000 5983.52952  9.23%  77.0 4435s
 2395985 1385736 6179.58881   64   78 6592.00000 5983.53870  9.23%  77.0 4440s
 2398863 1387375 6237.66318   79   85 6592.00000 5983.55119  9.23%  77.0 4445s
 2401858 1389028 6265.59892   56  229 6592.00000 5983.56763  9.23%  77.0 4450s
 2405571 1390963 6454.17885   60  126 6592.00000 5983.58140  9.23%  77.0 4456s
 2408039 1392075 6360.84724   75  142 6592.00000 5983.58973  9.23%  77.0 4460s
 2411192 1393546 6432.34234   68   33 6592.00000 5983.60019  9.23%  77.0 4467s
 2413186 1394963 6407.23664   59  234 6592.00000 5983.60997  9.23%  77.0 4471s
 2416318 1396665 infeasible   70      6592.00000 5983.62107  9.23%  77.0 4475s
 2419154 1398321 5987.00000   50   45 6592.00000 5983.62500  9.23%  76.9 4480s
 2422811 1400695 6289.63340   64  190 6592.00000 5983.62500  9.23%  76.9 4486s
 2425383 1401588 6321.53606   63  127 6592.00000 5983.63807  9.23%  77.0 4490s
 2428222 1403264 6095.42350   71  161 6592.00000 5983.65241  9.23%  77.0 4497s
 2430819 1404682 6310.00000   65   20 6592.00000 5983.66591  9.23%  77.0 4501s
 2432999 1406050 6500.76834   72   73 6592.00000 5983.67292  9.23%  77.0 4505s
 2435171 1406947 6433.77811   75  120 6592.00000 5983.68141  9.23%  77.0 4510s
 2437320 1408642     cutoff   61      6592.00000 5983.68636  9.23%  77.0 4516s
 2439676 1409624 6243.19382   68  236 6592.00000 5983.69133  9.23%  77.0 4521s
 2441799 1410710 6359.92292   65  114 6592.00000 5983.70000  9.23%  77.0 4527s
 2443627 1412071 6310.46584   63  152 6592.00000 5983.70756  9.23%  77.0 4532s
 2446302 1413751 6230.36688   74  209 6592.00000 5983.71875  9.23%  77.0 4537s
 2449002 1415215 6497.72981   63  262 6592.00000 5983.72727  9.23%  77.0 4541s
 2451492 1416802 infeasible   64      6592.00000 5983.73418  9.23%  76.9 4546s
 2453858 1417924 6102.33667   50   37 6592.00000 5983.74175  9.23%  76.9 4551s
 2456312 1419665 6520.42106   79  150 6592.00000 5983.75426  9.23%  76.9 4555s
 2460043 1421359 6388.55381   65   86 6592.00000 5983.76745  9.23%  77.0 4561s
 2462561 1422558     cutoff   68      6592.00000 5983.77711  9.23%  77.0 4565s
 2466198 1424452 6273.44889   78   46 6592.00000 5983.78778  9.23%  76.9 4571s
 2468568 1425741     cutoff   69      6592.00000 5983.79947  9.23%  76.9 4575s
 2470366 1427089 6120.56228   90   57 6592.00000 5983.80325  9.23%  76.9 4580s
 2474568 1429492 6322.48111   61  190 6592.00000 5983.81324  9.23%  76.9 4586s
 2476941 1430657 6365.34653   66  100 6592.00000 5983.82062  9.23%  76.9 4591s
 2479092 1431972 5986.04039   43   28 6592.00000 5983.82353  9.23%  77.0 4597s
 2479973 1433011 6372.94956   51  267 6592.00000 5983.82353  9.23%  77.0 4600s
 2482999 1434546 6270.60750   57   23 6592.00000 5983.82353  9.23%  77.0 4606s
 2485434 1435882 6010.12175   63   55 6592.00000 5983.83992  9.23%  77.0 4613s
 2486700 1436494 6472.82400   79  183 6592.00000 5983.84105  9.23%  77.0 4615s
 2489787 1438214 6275.18330   54  168 6592.00000 5983.84849  9.23%  76.9 4620s
 2492892 1440019 6093.04952   66   84 6592.00000 5983.85387  9.23%  76.9 4625s
 2494472 1441083 infeasible   74      6592.00000 5983.86081  9.23%  76.9 4631s
 2498038 1442662 6110.22780   62   45 6592.00000 5983.87159  9.23%  76.9 4636s
 2500185 1443971 6107.30622   54   30 6592.00000 5983.88350  9.23%  76.9 4641s
 2502665 1445500 6276.29668   75  225 6592.00000 5983.88889  9.22%  76.9 4646s
 2505708 1447518 6095.43813   67  104 6592.00000 5983.90065  9.22%  76.9 4650s
 2508910 1449333 6002.98667   55    9 6592.00000 5983.90950  9.22%  76.9 4655s
 2511523 1451235 6334.97351   77  172 6592.00000 5983.92034  9.22%  76.9 4660s
 2516247 1452807 6098.08761   79   91 6592.00000 5983.93797  9.22%  76.9 4666s
 2518998 1454421 6369.13610  107   13 6592.00000 5983.94446  9.22%  76.9 4671s
 2521216 1455235 6207.32083   66   14 6592.00000 5983.95036  9.22%  76.8 4675s
 2523485 1457024 6526.41000   98   24 6592.00000 5983.95828  9.22%  76.8 4681s
 2525700 1458054 6154.29605   59   20 6592.00000 5983.96341  9.22%  76.9 4685s
 2529067 1459924     cutoff   60      6592.00000 5983.96341  9.22%  76.9 4692s
 2532140 1461630 6101.66711   58  107 6592.00000 5983.98938  9.22%  76.9 4696s
 2534311 1462535 6496.00000   78   75 6592.00000 5983.99430  9.22%  76.9 4701s
 2536553 1463804 6122.97956   58  253 6592.00000 5984.00000  9.22%  76.9 4705s
 2538313 1464834 6416.23391   75  126 6592.00000 5984.00000  9.22%  76.9 4711s
 2540095 1465847 6090.51322   62  172 6592.00000 5984.00000  9.22%  76.9 4717s
 2540809 1466468 6102.57500   53   16 6592.00000 5984.00000  9.22%  76.9 4720s
 2542958 1467669 6324.00000   64   27 6592.00000 5984.00000  9.22%  76.9 4725s
 2545000 1468666 6224.76000   68    6 6592.00000 5984.00000  9.22%  76.9 4730s
 2545923 1469077 6424.05222   67   24 6592.00000 5984.00000  9.22%  76.9 4735s
 2547776 1469994 6098.08973   62  306 6592.00000 5984.00000  9.22%  77.0 4740s
 2549965 1471676 6035.83662   64  277 6592.00000 5984.00000  9.22%  77.0 4747s
 2551772 1472232 6011.00000   43   16 6592.00000 5984.00000  9.22%  77.0 4750s
 2553573 1473680 6438.39738   53  200 6592.00000 5984.00000  9.22%  77.0 4756s
 2556276 1474929 6000.57693   55   26 6592.00000 5984.00000  9.22%  77.0 4762s
 2557391 1475600 6159.83727   71  131 6592.00000 5984.00000  9.22%  77.0 4765s
 2559502 1477280 6240.90184   84  107 6592.00000 5984.00000  9.22%  77.1 4770s
 2562234 1478445 6224.96653   60  173 6592.00000 5984.00000  9.22%  77.1 4777s
 2563268 1478906 6527.07258   65  217 6592.00000 5984.00000  9.22%  77.1 4780s
 2565435 1480130 6131.25556   46   15 6592.00000 5984.00000  9.22%  77.1 4785s
 2567817 1481566 6131.88819   55   53 6592.00000 5984.00000  9.22%  77.1 4791s
 2570762 1483214 6099.83076   47   92 6592.00000 5984.00000  9.22%  77.1 4797s
 2572131 1483893 6358.68064   79  143 6592.00000 5984.00000  9.22%  77.1 4800s
 2573860 1485467 6223.54500   54   18 6592.00000 5984.00000  9.22%  77.1 4805s
 2576454 1486298 6232.29384   58  173 6592.00000 5984.00000  9.22%  77.1 4810s
 2578145 1487022 6171.73725   58  271 6592.00000 5984.00000  9.22%  77.1 4817s
 2578352 1487476 infeasible   74      6592.00000 5984.00000  9.22%  77.1 4820s
 2580444 1489214 6384.40184   62  100 6592.00000 5984.00000  9.22%  77.1 4827s
 2582052 1489762     cutoff   87      6592.00000 5984.00000  9.22%  77.1 4831s
 2582994 1490362 6096.90958   71   29 6592.00000 5984.00000  9.22%  77.1 4835s
 2584630 1492015     cutoff   63      6592.00000 5984.00000  9.22%  77.1 4841s
 2587716 1493191 6047.56835   53  200 6592.00000 5984.00000  9.22%  77.2 4847s
 2590203 1493953 6086.20000   63   74 6592.00000 5984.00000  9.22%  77.2 4850s
 2591425 1495623 5987.00000   55   10 6592.00000 5984.00000  9.22%  77.2 4855s
 2593922 1496958 6345.66697   63  147 6592.00000 5984.00000  9.22%  77.2 4860s
 2596459 1498261 6068.68744   63  239 6592.00000 5984.00000  9.22%  77.2 4866s
 2598603 1499419 6311.45268   73  244 6592.00000 5984.00000  9.22%  77.2 4871s
 2601340 1500943 6109.48447   56  123 6592.00000 5984.00000  9.22%  77.2 4876s
 2603401 1502184 infeasible   68      6592.00000 5984.00000  9.22%  77.2 4882s
 2604457 1502401 6175.94288   63  216 6592.00000 5984.00000  9.22%  77.2 4885s
 2606280 1504409 6110.62175   70  128 6592.00000 5984.00000  9.22%  77.2 4892s
 2608389 1504741 6489.85632   66  212 6592.00000 5984.00000  9.22%  77.2 4895s
 2610250 1506248 6365.41055   66  248 6592.00000 5984.00000  9.22%  77.2 4901s
 2613278 1508068 5992.48806   60   97 6592.00000 5984.00000  9.22%  77.2 4906s
 2615595 1509450 6040.53000   48   13 6592.00000 5984.00000  9.22%  77.2 4912s
 2616799 1509889 5991.09218   56   99 6592.00000 5984.00000  9.22%  77.3 4915s
 2619208 1511539 6039.72970   58   99 6592.00000 5984.00000  9.22%  77.3 4921s
 2621237 1512795 6010.98161   61   82 6592.00000 5984.00000  9.22%  77.3 4926s
 2623960 1514318 6120.98667   66   15 6592.00000 5984.00000  9.22%  77.3 4931s
 2626499 1515861 6215.81702   58  266 6592.00000 5984.00000  9.22%  77.3 4937s
 2627552 1516460 6438.88066   66  248 6592.00000 5984.00000  9.22%  77.3 4940s
 2629906 1517905 infeasible   57      6592.00000 5984.00000  9.22%  77.3 4945s
 2632481 1519410 6099.01915   54  183 6592.00000 5984.00000  9.22%  77.3 4950s
 2635003 1520310 6085.80809   63  240 6592.00000 5984.00000  9.22%  77.3 4956s
 2635749 1521428 infeasible   72      6592.00000 5984.00000  9.22%  77.3 4962s
 2637057 1522202 6100.45619   60  270 6592.00000 5984.00000  9.22%  77.3 4965s
 2639341 1524098 6034.72409   50   62 6592.00000 5984.00000  9.22%  77.3 4970s
 2643537 1525944     cutoff   73      6592.00000 5984.00000  9.22%  77.3 4977s
 2645288 1526756 6205.04867   78  250 6592.00000 5984.00000  9.22%  77.3 4982s
 2645867 1527347 6014.03818   52  186 6592.00000 5984.00000  9.22%  77.3 4985s
 2648759 1529304 6335.02645  111  141 6592.00000 5984.00000  9.22%  77.3 4990s
 2651674 1530725     cutoff   58      6592.00000 5984.00000  9.22%  77.3 4995s
 2653597 1531817 6144.64916   63  193 6592.00000 5984.00000  9.22%  77.3 5000s
 2656230 1533360 6167.38288   75  191 6592.00000 5984.00000  9.22%  77.3 5005s
 2659334 1535346 6158.71962   65  236 6592.00000 5984.00000  9.22%  77.3 5010s
 2661601 1536674 6347.27969   74   97 6592.00000 5984.00000  9.22%  77.3 5015s
 2664462 1538989 6256.64020   56  292 6592.00000 5984.00000  9.22%  77.4 5022s
 2666852 1540350 6011.00000   58    8 6592.00000 5984.00000  9.22%  77.4 5026s
 2669380 1541852 6387.52257   70  203 6592.00000 5984.00000  9.22%  77.4 5031s
 2671724 1543054 6230.17094   80  239 6592.00000 5984.00000  9.22%  77.4 5036s
 2673420 1544241 6069.87566   59  136 6592.00000 5984.00000  9.22%  77.4 5041s
 2676144 1545917 6330.01233   61  178 6592.00000 5984.00483  9.22%  77.4 5046s
 2677990 1545924 infeasible   83      6592.00000 5984.01040  9.22%  77.4 5051s
 2678028 1546121 6081.21180   62   90 6592.00000 5984.01040  9.22%  77.4 5056s
 2679877 1547544 6197.17167  108   40 6592.00000 5984.01606  9.22%  77.4 5061s
 2682145 1548585 6446.29938   71  196 6592.00000 5984.02333  9.22%  77.4 5065s
 2684592 1549913 6205.46323   68  278 6592.00000 5984.02955  9.22%  77.4 5070s
 2686795 1551187 infeasible   49      6592.00000 5984.03764  9.22%  77.4 5075s
 2689113 1552972 6102.76597   74  185 6592.00000 5984.04500  9.22%  77.4 5080s
 2694107 1555199 6477.67737   73   17 6592.00000 5984.05960  9.22%  77.4 5087s
 2696435 1556487 6531.93242   67   97 6592.00000 5984.06764  9.22%  77.4 5092s
 2698741 1558230 6145.35056   70   33 6592.00000 5984.07617  9.22%  77.4 5097s
 2700699 1558623     cutoff   57      6592.00000 5984.08155  9.22%  77.4 5100s
 2702551 1560100 6126.68699   60   93 6592.00000 5984.09031  9.22%  77.4 5105s
 2705402 1561370 6306.08040   48  243 6592.00000 5984.09703  9.22%  77.4 5110s
 2709853 1563919 6391.12333   58   15 6592.00000 5984.11325  9.22%  77.4 5116s
 2711944 1564702 infeasible   95      6592.00000 5984.12390  9.22%  77.4 5122s
 2712453 1566142 infeasible   94      6592.00000 5984.12410  9.22%  77.4 5127s
 2716235 1567220     cutoff   59      6592.00000 5984.13439  9.22%  77.4 5130s
 2720013 1569905 6452.64896   95  149 6592.00000 5984.15233  9.22%  77.4 5137s
 2722602 1571422 6129.79863   63   92 6592.00000 5984.15945  9.22%  77.4 5141s
 2725733 1573059 6453.41316   73  232 6592.00000 5984.16286  9.22%  77.4 5145s
 2728964 1574519 6480.77709   72  123 6592.00000 5984.17602  9.22%  77.4 5151s
 2731074 1575705 6466.31502   62  118 6592.00000 5984.18417  9.22%  77.4 5156s
 2733683 1577186 6235.26604   77  244 6592.00000 5984.19177  9.22%  77.4 5161s
 2735731 1578493 6489.22938   50  268 6592.00000 5984.19748  9.22%  77.4 5165s
 2738328 1580122 6004.38580   59  125 6592.00000 5984.20686  9.22%  77.4 5170s
 2741318 1581702 6004.71000   58   85 6592.00000 5984.21429  9.22%  77.3 5175s
 2744868 1583360 6104.80505   62   82 6592.00000 5984.22236  9.22%  77.3 5181s
 2746935 1584879 6208.81136   70  279 6592.00000 5984.23150  9.22%  77.3 5186s
 2749664 1586110 6233.57957   60  139 6592.00000 5984.23927  9.22%  77.3 5191s
 2752278 1587653 6076.61151   73  266 6592.00000 5984.24370  9.22%  77.3 5196s
 2754516 1588974     cutoff   80      6592.00000 5984.25319  9.22%  77.3 5201s
 2757190 1590447 6366.11833   73   56 6592.00000 5984.26143  9.22%  77.3 5206s
 2758424 1591058 6524.46500  107    7 6592.00000 5984.26479  9.22%  77.3 5210s
 2760618 1592625 6106.87500   55   70 6592.00000 5984.27352  9.22%  77.4 5215s
 2763846 1594648 infeasible   66      6592.00000 5984.28447  9.22%  77.4 5220s
 2767734 1596387 6177.94226   67   96 6592.00000 5984.29000  9.22%  77.4 5227s
 2770589 1598074 6010.86264   64  107 6592.00000 5984.29637  9.22%  77.4 5231s
 2772394 1599533 6156.01800   66   26 6592.00000 5984.30375  9.22%  77.4 5237s
 2775152 1600693 6103.96667   67   23 6592.00000 5984.31143  9.22%  77.4 5241s
 2777457 1601901 6276.65594   71   77 6592.00000 5984.31500  9.22%  77.4 5246s
 2779979 1603252 6004.00000   54   17 6592.00000 5984.32143  9.22%  77.4 5251s
 2780937 1603948 6263.05366   69  145 6592.00000 5984.32333  9.22%  77.4 5256s
 2783803 1605353 6431.22314   61  133 6592.00000 5984.32944  9.22%  77.4 5261s
 2785734 1606643 6113.04153   60   44 6592.00000 5984.33741  9.22%  77.4 5266s
 2788955 1608325     cutoff   53      6592.00000 5984.34372  9.22%  77.4 5271s
 2791726 1609804 infeasible   82      6592.00000 5984.35011  9.22%  77.4 5275s
 2794978 1611578 6012.62358   56   82 6592.00000 5984.35625  9.22%  77.4 5282s
 2796798 1612762 6192.74485   70  211 6592.00000 5984.36560  9.22%  77.4 5286s
 2798935 1614354 6407.12781   74  155 6592.00000 5984.37078  9.22%  77.4 5291s
 2801611 1615730 6294.81667   75   17 6592.00000 5984.37215  9.22%  77.4 5295s
 2804079 1616884 6015.45588   56   52 6592.00000 5984.38628  9.22%  77.4 5301s
 2806526 1618371 6304.65634   69  278 6592.00000 5984.39237  9.22%  77.4 5306s
 2809072 1619571 6116.16544   66  194 6592.00000 5984.39844  9.22%  77.4 5312s
 2812320 1620713 6105.28764   60   17 6592.00000 5984.40741  9.22%  77.4 5317s
 2813522 1622058 6400.24199   76  113 6592.00000 5984.40902  9.22%  77.4 5321s
 2815851 1623453 6314.34430   62   44 6592.00000 5984.41303  9.22%  77.4 5326s
 2818214 1624689 6337.84391  111   28 6592.00000 5984.42000  9.22%  77.4 5331s
 2820958 1626192 5992.25859   59   73 6592.00000 5984.42759  9.22%  77.4 5336s
 2824072 1628207     cutoff   96      6592.00000 5984.43484  9.22%  77.4 5341s
 2825533 1628816 infeasible   51      6592.00000 5984.43890  9.22%  77.4 5345s
 2827318 1630226 6033.67126   61  201 6592.00000 5984.44150  9.22%  77.4 5350s
 2831365 1632283 6332.58031   74   57 6592.00000 5984.45144  9.22%  77.4 5356s
 2833813 1633763 6416.70469   85  147 6592.00000 5984.45387  9.22%  77.4 5360s
 2837131 1636030 6420.63834   72  111 6592.00000 5984.46540  9.22%  77.4 5366s
 2839866 1637035 6213.73333   60   57 6592.00000 5984.47413  9.22%  77.4 5371s
 2842817 1638681 6058.25568   64   86 6592.00000 5984.48066  9.22%  77.4 5376s
 2845436 1640125 6115.46216   51  233 6592.00000 5984.48974  9.22%  77.4 5380s
 2847369 1641039 infeasible   68      6592.00000 5984.49562  9.22%  77.4 5385s
 2850322 1642568 6029.06506   62  153 6592.00000 5984.50062  9.22%  77.4 5391s
 2852997 1643866 6382.24777   62  101 6592.00000 5984.50911  9.22%  77.4 5396s
 2854119 1644490 6368.23289   80  200 6592.00000 5984.51250  9.22%  77.4 5401s
 2855842 1645932 6013.76499   86   31 6592.00000 5984.51972  9.22%  77.4 5406s
 2858477 1647326 6202.25333   58   30 6592.00000 5984.52625  9.22%  77.4 5411s
 2861537 1648919 6295.44810   58   67 6592.00000 5984.53437  9.22%  77.4 5415s
 2863719 1650416 infeasible   63      6592.00000 5984.53969  9.22%  77.4 5420s
 2867403 1652538 6214.55264   86   96 6592.00000 5984.54708  9.22%  77.4 5427s
 2870033 1653547 infeasible   58      6592.00000 5984.55767  9.21%  77.4 5431s
 2872333 1654834 infeasible   64      6592.00000 5984.56008  9.21%  77.4 5436s
 2875149 1656441 6451.93650   70  255 6592.00000 5984.56458  9.21%  77.4 5441s
 2878013 1658129 6496.00000  103   45 6592.00000 5984.57323  9.21%  77.4 5446s
 2880667 1659466 infeasible   59      6592.00000 5984.57708  9.21%  77.4 5450s
 2883833 1661420 6177.22489   72  250 6592.00000 5984.58614  9.21%  77.4 5456s
 2886858 1662724 6274.67031   81  180 6592.00000 5984.59223  9.21%  77.4 5460s
 2888794 1663380 6495.16205   62  192 6592.00000 5984.59672  9.21%  77.4 5465s
 2891481 1664498 6231.62562   61  167 6592.00000 5984.60030  9.21%  77.4 5471s
 2892449 1665638 6063.34913   67  217 6592.00000 5984.60476  9.21%  77.4 5475s
 2894787 1666912 infeasible   60      6592.00000 5984.60825  9.21%  77.4 5480s
 2897502 1668493 infeasible   76      6592.00000 5984.61536  9.21%  77.4 5485s
 2900665 1670606 6014.91998   57   68 6592.00000 5984.62500  9.21%  77.4 5491s
 2903181 1671919 6533.71392   74  164 6592.00000 5984.63333  9.21%  77.4 5496s
 2905518 1673486 6048.68000   56   45 6592.00000 5984.64060  9.21%  77.4 5500s
 2908163 1674705 6135.88123   72   50 6592.00000 5984.64717  9.21%  77.4 5505s
 2912091 1677026 6167.08110   70  243 6592.00000 5984.65833  9.21%  77.4 5512s
 2915048 1678466 6250.52150   45  189 6592.00000 5984.66367  9.21%  77.4 5516s
 2917488 1679850     cutoff   77      6592.00000 5984.67083  9.21%  77.3 5520s
 2918831 1680770 6233.47377   65   73 6592.00000 5984.67463  9.21%  77.3 5525s
 2922528 1683269 6233.55196   57  260 6592.00000 5984.68333  9.21%  77.3 5531s
 2925432 1684482 6483.00972   63  193 6592.00000 5984.69278  9.21%  77.3 5535s
 2927159 1685697 6503.01943  102   97 6592.00000 5984.69841  9.21%  77.3 5540s
 2928752 1686516 6111.63274   91   42 6592.00000 5984.70109  9.21%  77.3 5546s
 2930878 1688016 6170.73488   53  289 6592.00000 5984.70930  9.21%  77.3 5551s
 2933484 1689093 6200.11371   61  228 6592.00000 5984.71437  9.21%  77.3 5556s
 2935941 1690516 6214.63330   66   91 6592.00000 5984.72302  9.21%  77.3 5561s
 2938126 1691943 infeasible   71      6592.00000 5984.72872  9.21%  77.3 5567s
 2940969 1693112     cutoff   68      6592.00000 5984.73869  9.21%  77.3 5572s
 2943705 1694575 6389.70912   71  239 6592.00000 5984.74328  9.21%  77.3 5577s
 2946132 1695932 6546.17159  100  108 6592.00000 5984.75102  9.21%  77.3 5581s
 2948236 1697583 6153.07111   62  223 6592.00000 5984.75679  9.21%  77.4 5586s
 2950533 1698207 6522.70272   77  221 6592.00000 5984.76179  9.21%  77.4 5590s
 2953818 1700593 6014.61443   66  127 6592.00000 5984.76694  9.21%  77.4 5596s
 2956302 1702090 6181.28260   89   33 6592.00000 5984.77083  9.21%  77.4 5601s
 2959157 1703607 6015.38023   58   41 6592.00000 5984.77982  9.21%  77.3 5605s
 2962358 1705642 6145.84307   56  270 6592.00000 5984.78934  9.21%  77.4 5611s
 2965023 1706762 6466.13284  124  134 6592.00000 5984.79494  9.21%  77.4 5615s
 2966825 1708253 6124.81351   53   98 6592.00000 5984.80083  9.21%  77.4 5621s
 2970294 1709805 6301.94781   76   24 6592.00000 5984.80839  9.21%  77.4 5627s
 2971363 1709842 infeasible   58      6592.00000 5984.80912  9.21%  77.4 5630s
 2972425 1711013 6128.18392   52   94 6592.00000 5984.81250  9.21%  77.4 5635s
 2975222 1712770 6118.00000   47   28 6592.00000 5984.81818  9.21%  77.4 5641s
 2978136 1714413 infeasible   61      6592.00000 5984.82425  9.21%  77.4 5646s
 2981098 1715413 6390.89041   62  198 6592.00000 5984.83429  9.21%  77.4 5651s
 2983849 1716781 6292.55678   78  180 6592.00000 5984.83884  9.21%  77.4 5656s
 2986302 1718863 6455.97500   76   14 6592.00000 5984.84501  9.21%  77.4 5662s
 2989109 1720310 6508.04319   70  216 6592.00000 5984.85007  9.21%  77.4 5666s
 2992424 1721832 6444.48617  113  192 6592.00000 5984.85676  9.21%  77.4 5671s
 2994758 1723077 6441.09375   79   23 6592.00000 5984.86262  9.21%  77.4 5675s
 2998462 1725470 6081.42269   57  139 6592.00000 5984.87500  9.21%  77.4 5682s
 3000727 1726796 6257.48622   66  255 6592.00000 5984.87958  9.21%  77.4 5686s
 3003439 1727971 6127.91962   63  106 6592.00000 5984.88889  9.21%  77.4 5691s
 3005873 1729427 6113.01680   58   83 6592.00000 5984.89629  9.21%  77.4 5696s
 3008313 1730988 6280.60355   61  113 6592.00000 5984.90238  9.21%  77.4 5701s
 3011225 1732422 5993.93000   49   15 6592.00000 5984.90912  9.21%  77.4 5706s
 3012915 1732780 6127.45235   65   12 6592.00000 5984.91167  9.21%  77.4 5710s
 3014618 1734182 6030.22558   46  100 6592.00000 5984.91760  9.21%  77.4 5715s
 3017170 1735250 6373.06039   62  125 6592.00000 5984.92308  9.21%  77.4 5720s
 3019580 1736798 infeasible   77      6592.00000 5984.93072  9.21%  77.4 5725s
 3021932 1738058 6429.88074   60  138 6592.00000 5984.93679  9.21%  77.4 5730s
 3025969 1740294 6053.01420   56  139 6592.00000 5984.94714  9.21%  77.4 5737s
 3029079 1742083 6177.50272   72  134 6592.00000 5984.95291  9.21%  77.4 5741s
 3031672 1743537 6104.50160   62   56 6592.00000 5984.96025  9.21%  77.3 5745s
 3034645 1745226 6125.04000   60   54 6592.00000 5984.96800  9.21%  77.4 5751s
 3036562 1746788 6296.84528   85  257 6592.00000 5984.97208  9.21%  77.4 5756s
 3039138 1748298 6001.96505   56   74 6592.00000 5984.97948  9.21%  77.4 5761s
 3042588 1750081 6045.96772   50  163 6592.00000 5984.98780  9.21%  77.4 5766s
 3044917 1751095     cutoff   89      6592.00000 5984.99492  9.21%  77.4 5771s
 3046872 1752156 6418.06827   90   92 6592.00000 5984.99958  9.21%  77.4 5775s
 3049045 1753538 5986.21000   50   24 6592.00000 5985.00000  9.21%  77.4 5780s
 3052784 1755687 6009.28750   53   43 6592.00000 5985.00000  9.21%  77.4 5787s
 3054704 1757112 6009.48935   55  155 6592.00000 5985.00000  9.21%  77.4 5792s
 3057172 1757684 6021.40437   70  143 6592.00000 5985.00575  9.21%  77.4 5796s
 3057216 1764266 6023.76000   71    9 6592.00000 5985.00729  9.21%  77.4 5823s
 3069216 1765401 6345.75462   79   64 6592.00000 5985.03961  9.21%  77.4 5827s
 3071306 1765842 infeasible   70      6592.00000 5985.04359  9.21%  77.4 5830s
 3073505 1767513 6509.88331  113   99 6592.00000 5985.04694  9.21%  77.4 5835s
 3077975 1770111 6127.34525   58  267 6592.00000 5985.06087  9.21%  77.4 5840s
 3080879 1771532 6077.84180   64  161 6592.00000 5985.06927  9.21%  77.4 5845s
 3084528 1773563 6035.90833   54   19 6592.00000 5985.07561  9.21%  77.4 5851s
 3087819 1775643 6180.74054   64  269 6592.00000 5985.08114  9.21%  77.3 5856s
 3089982 1776831 6075.67017   52  106 6592.00000 5985.08501  9.21%  77.3 5860s
 3093536 1778590     cutoff   61      6592.00000 5985.09307  9.21%  77.3 5866s
 3095654 1779645 6056.40097   66  240 6592.00000 5985.09978  9.21%  77.3 5871s
 3097778 1781271 6244.54433   94  167 6592.00000 5985.10552  9.21%  77.3 5877s
 3101285 1783154 6403.48439   85  100 6592.00000 5985.11111  9.21%  77.3 5882s
 3104218 1784456 infeasible   77      6592.00000 5985.11697  9.21%  77.3 5886s
 3106883 1786025 5994.08063   50   98 6592.00000 5985.12568  9.21%  77.3 5891s
 3109328 1787379 6181.09429   71  113 6592.00000 5985.13017  9.21%  77.3 5895s
 3111301 1788795 6344.95089   77  227 6592.00000 5985.13962  9.21%  77.3 5900s
 3114813 1790223 infeasible   75      6592.00000 5985.14800  9.21%  77.3 5905s
 3117786 1791536 6004.52463   58  104 6592.00000 5985.15599  9.21%  77.3 5911s
 3119482 1792011     cutoff  122      6592.00000 5985.16014  9.21%  77.3 5916s
 3119848 1792788 6007.95833   53   52 6592.00000 5985.16014  9.21%  77.3 5921s
 3122228 1794483 infeasible   88      6592.00000 5985.16667  9.21%  77.4 5925s
 3125238 1795980 6484.73384   52  183 6592.00000 5985.17355  9.21%  77.3 5930s
 3129475 1798216 6334.05412   60  255 6592.00000 5985.18204  9.21%  77.3 5937s
 3132226 1799807 6532.89674   75  115 6592.00000 5985.19042  9.21%  77.3 5941s
 3134729 1801218 6366.18086   64   53 6592.00000 5985.19504  9.21%  77.3 5946s
 3136828 1802863 6082.86667   62   20 6592.00000 5985.20283  9.21%  77.3 5950s
 3141433 1805091 6510.03117   90  124 6592.00000 5985.21288  9.20%  77.3 5956s
 3143663 1806194 infeasible   74      6592.00000 5985.21429  9.20%  77.3 5960s
 3146495 1808143 6170.75917   64   28 6592.00000 5985.22222  9.20%  77.3 5966s
 3148977 1809837 6398.40296   62  233 6592.00000 5985.22412  9.20%  77.3 5971s
 3151831 1810684 infeasible   69      6592.00000 5985.23324  9.20%  77.3 5975s
 3153980 1812036 infeasible   75      6592.00000 5985.23753  9.20%  77.3 5980s
 3157128 1813772 5996.50000   40   42 6592.00000 5985.24898  9.20%  77.3 5987s
 3160050 1815562 6085.39869   51  121 6592.00000 5985.25387  9.20%  77.3 5991s
 3162841 1817087 6210.51898   90  212 6592.00000 5985.25986  9.20%  77.3 5996s
 3165758 1818928 6233.57994   76  119 6592.00000 5985.26784  9.20%  77.3 6001s
 3168623 1819904 6226.22500   65   13 6592.00000 5985.27618  9.20%  77.3 6005s
 3169246 1820695 6163.66333   55   22 6592.00000 5985.27713  9.20%  77.3 6010s
 3171014 1821936 infeasible   58      6592.00000 5985.28264  9.20%  77.3 6015s
 3173667 1823708 6030.23491   55   70 6592.00000 5985.28940  9.20%  77.3 6020s
 3176789 1825037 infeasible   65      6592.00000 5985.29635  9.20%  77.3 6025s
 3178865 1826694 6140.63283   59   71 6592.00000 5985.30232  9.20%  77.3 6030s
 3181738 1828055 6177.32088   56   65 6592.00000 5985.31207  9.20%  77.3 6035s
 3183731 1829401 6198.04061   77  123 6592.00000 5985.31654  9.20%  77.3 6040s
 3187135 1831343 6368.85386   82   76 6592.00000 5985.32845  9.20%  77.3 6046s
 3189559 1832251 6265.11939   53  191 6592.00000 5985.33601  9.20%  77.3 6051s
 3191626 1833531 6240.04026   59  262 6592.00000 5985.33967  9.20%  77.3 6055s
 3194511 1835179     cutoff  115      6592.00000 5985.35401  9.20%  77.3 6060s
 3197775 1836561 infeasible   64      6592.00000 5985.36424  9.20%  77.3 6066s
 3199860 1837942     cutoff   73      6592.00000 5985.37022  9.20%  77.3 6070s
 3202561 1839490     cutoff   81      6592.00000 5985.37639  9.20%  77.3 6075s
 3204403 1840239 6286.64585   64  190 6592.00000 5985.38000  9.20%  77.3 6080s
 3207236 1842116 6049.81536   55  136 6592.00000 5985.38182  9.20%  77.3 6085s
 3210740 1843997 infeasible   87      6592.00000 5985.39229  9.20%  77.3 6092s
 3212815 1845146 6081.08250   83   10 6592.00000 5985.39847  9.20%  77.3 6096s
 3214039 1845332 6003.81576   56  172 6592.00000 5985.40237  9.20%  77.3 6101s
 3215515 1846681 6154.04089   64  186 6592.00000 5985.40621  9.20%  77.3 6106s
 3218153 1848152 6256.60594   68  289 6592.00000 5985.41404  9.20%  77.3 6111s
 3221163 1850220 6039.60677   63   79 6592.00000 5985.42385  9.20%  77.3 6115s
 3224912 1852191 6362.11333   73   12 6592.00000 5985.43006  9.20%  77.3 6121s
 3227295 1853307 6113.30116   66  104 6592.00000 5985.43930  9.20%  77.3 6125s
 3230480 1855199 infeasible   64      6592.00000 5985.44758  9.20%  77.3 6131s
 3232663 1856796 6095.47604   58   92 6592.00000 5985.45411  9.20%  77.3 6135s
 3235464 1858053 6121.31833   56   23 6592.00000 5985.45708  9.20%  77.3 6140s
 3238763 1859972 6040.33187   80   79 6592.00000 5985.46840  9.20%  77.3 6146s
 3240931 1861087 6152.48271   56  220 6592.00000 5985.47716  9.20%  77.3 6151s
 3243628 1862460 6565.06631   78   99 6592.00000 5985.48536  9.20%  77.3 6156s
 3245853 1864324 6141.57000   83    8 6592.00000 5985.49106  9.20%  77.3 6161s
 3249032 1865442 5990.40424   57   90 6592.00000 5985.50000  9.20%  77.3 6165s
 3250991 1866856 6003.93333   51   20 6592.00000 5985.50000  9.20%  77.3 6170s
 3255070 1869128 6342.46272   57   45 6592.00000 5985.50657  9.20%  77.3 6176s
 3257298 1870355 infeasible  101      6592.00000 5985.51366  9.20%  77.3 6180s
 3259939 1871322 6211.90000   63   32 6592.00000 5985.51900  9.20%  77.3 6185s
 3261011 1872449 6083.20000   52   31 6592.00000 5985.51968  9.20%  77.3 6190s
 3264092 1874170 6552.38711   78  160 6592.00000 5985.53000  9.20%  77.3 6195s
 3268081 1876347 6166.48752   63  233 6592.00000 5985.53670  9.20%  77.3 6202s
 3270017 1877441 6115.00000   55   33 6592.00000 5985.54185  9.20%  77.3 6206s
 3272238 1879070 6213.50912   69  256 6592.00000 5985.54981  9.20%  77.3 6211s
 3274591 1879448 6520.45667   57   46 6592.00000 5985.55657  9.20%  77.3 6215s
 3275680 1880497 6186.20500   64   49 6592.00000 5985.56100  9.20%  77.3 6220s
 3279516 1882546 6143.62253   59  221 6592.00000 5985.57034  9.20%  77.3 6226s
 3281883 1884048 6370.63520   56  237 6592.00000 5985.57694  9.20%  77.3 6231s
 3284222 1885251 6301.45167   77   17 6592.00000 5985.58390  9.20%  77.3 6235s
 3287753 1887541 6168.37990   58  214 6592.00000 5985.59566  9.20%  77.3 6241s
 3290482 1888565 6355.74512   64  142 6592.00000 5985.60229  9.20%  77.3 6245s
 3293777 1890570 6549.24037   96  150 6592.00000 5985.61401  9.20%  77.3 6251s
 3296138 1891790 6230.93564   54  118 6592.00000 5985.61990  9.20%  77.3 6256s
 3298987 1893356 6337.02032   59   49 6592.00000 5985.62772  9.20%  77.3 6261s
 3301790 1894746 6256.91630   70  217 6592.00000 5985.63507  9.20%  77.3 6266s
 3304056 1896016 6121.27834   65  254 6592.00000 5985.64063  9.20%  77.3 6271s
 3306295 1897248 infeasible   81      6592.00000 5985.64469  9.20%  77.3 6275s
 3308969 1898766 6419.74368   64  263 6592.00000 5985.64916  9.20%  77.3 6280s
 3312140 1900958 6244.57000   83   14 6592.00000 5985.66000  9.20%  77.3 6286s
 3315037 1902417 6169.56751   81  201 6592.00000 5985.66770  9.20%  77.3 6291s
 3317689 1903853 infeasible   57      6592.00000 5985.67629  9.20%  77.3 6296s
 3319810 1904865 6252.74287   54  180 6592.00000 5985.68047  9.20%  77.3 6301s
 3322582 1906341 infeasible   70      6592.00000 5985.68592  9.20%  77.3 6306s
 3323315 1906552     cutoff   78      6592.00000 5985.69043  9.20%  77.3 6311s
 3324944 1907768 6219.68010   69   95 6592.00000 5985.69523  9.20%  77.3 6315s
 3327161 1908916 6118.47763   55  112 6592.00000 5985.70007  9.20%  77.3 6320s
 3329638 1910741 6256.83828   66  214 6592.00000 5985.70581  9.20%  77.3 6325s
 3332494 1911770 6009.44500   53   13 6592.00000 5985.71225  9.20%  77.3 6331s
 3333108 1913079 6083.10236   57   60 6592.00000 5985.71277  9.20%  77.3 6335s
 3337101 1914756 6178.31625   56   25 6592.00000 5985.72189  9.20%  77.3 6341s
 3339777 1915976 6404.27097   63  158 6592.00000 5985.72956  9.20%  77.3 6346s
 3342379 1917478 6072.38500   54   37 6592.00000 5985.73647  9.20%  77.3 6351s
 3344728 1919115 6279.12333   64   39 6592.00000 5985.74194  9.20%  77.3 6356s
 3347369 1920774 6513.38934  150   67 6592.00000 5985.74919  9.20%  77.3 6361s
 3349835 1922122 6207.15529   67  146 6592.00000 5985.75500  9.20%  77.3 6365s
 3352545 1923308     cutoff   62      6592.00000 5985.76186  9.20%  77.3 6370s
 3355600 1924970 6394.37934   60   73 6592.00000 5985.76809  9.20%  77.3 6375s
 3357441 1925990 6295.94665   64  228 6592.00000 5985.77061  9.20%  77.3 6380s
 3361058 1927860 6059.28444   67   58 6592.00000 5985.77778  9.20%  77.3 6387s
 3363722 1929130 infeasible   51      6592.00000 5985.78318  9.20%  77.3 6391s
 3366374 1930432 infeasible   69      6592.00000 5985.78923  9.20%  77.3 6395s
 3368565 1931573 6096.79524   64  114 6592.00000 5985.79560  9.20%  77.3 6400s
 3370467 1932957 6291.31854   82  122 6592.00000 5985.80066  9.20%  77.3 6406s
 3373731 1934558 5987.00000   60   13 6592.00000 5985.81000  9.20%  77.3 6411s
 3375797 1935705 6402.92274   59  206 6592.00000 5985.81000  9.20%  77.3 6416s
 3378553 1936634 6380.65000  103   22 6592.00000 5985.82054  9.20%  77.3 6421s
 3379007 1937448 5989.61290   58   19 6592.00000 5985.82217  9.20%  77.3 6426s
 3381507 1938602 6219.58833   63   36 6592.00000 5985.83000  9.20%  77.3 6432s
 3383937 1939908 6323.39433   60  195 6592.00000 5985.83673  9.20%  77.3 6437s
 3386773 1941497 6242.95620   53  167 6592.00000 5985.84673  9.20%  77.3 6442s
 3389917 1943204 6577.00000   73    9 6592.00000 5985.85068  9.20%  77.3 6446s
 3392974 1944766 6196.32000   61   19 6592.00000 5985.85714  9.20%  77.3 6451s
 3394428 1945751 6313.84719   63  240 6592.00000 5985.85909  9.20%  77.3 6455s
 3396759 1947013 6111.46480   62  176 6592.00000 5985.86672  9.19%  77.3 6460s
 3399937 1949491 6307.11132   71  145 6592.00000 5985.87206  9.19%  77.3 6466s
 3402540 1950559     cutoff   61      6592.00000 5985.87909  9.19%  77.3 6470s
 3406031 1952456 6081.51266   56  245 6592.00000 5985.88781  9.19%  77.3 6477s
 3408994 1953919 6407.11515   56  268 6592.00000 5985.89375  9.19%  77.3 6481s
 3410955 1955497 6221.66770   64  252 6592.00000 5985.90049  9.19%  77.3 6485s
 3413792 1956513 6364.28834   66  221 6592.00000 5985.90674  9.19%  77.3 6490s
 3417465 1958857 6327.52979   73  144 6592.00000 5985.91549  9.19%  77.3 6496s
 3420084 1960276 6021.76860   48  100 6592.00000 5985.92310  9.19%  77.3 6501s
 3422091 1961741 6085.99500   61   13 6592.00000 5985.92857  9.19%  77.3 6505s
 3424600 1962826 6195.82750   62   17 6592.00000 5985.93385  9.19%  77.3 6510s
 3428387 1965003 6326.93666  105  135 6592.00000 5985.94258  9.19%  77.3 6517s
 3430513 1966642 6073.63707   57  171 6592.00000 5985.94822  9.19%  77.3 6521s
 3433416 1967778 6118.58576   57  264 6592.00000 5985.95611  9.19%  77.3 6525s
 3436074 1969170     cutoff   82      6592.00000 5985.96284  9.19%  77.3 6530s
 3439382 1971153 6050.66920   62   18 6592.00000 5985.97222  9.19%  77.3 6536s
 3441777 1972663 6260.69512  105  157 6592.00000 5985.97720  9.19%  77.3 6541s
 3444591 1974067 6449.29000   87   64 6592.00000 5985.98447  9.19%  77.3 6546s
 3446289 1974458 6319.25358   88  217 6592.00000 5985.98837  9.19%  77.3 6550s
 3446322 1974571 6163.83848   55   94 6592.00000 5985.98837  9.19%  77.3 6555s
 3448837 1976343 6164.19000   52   25 6592.00000 5985.99523  9.19%  77.3 6562s
 3450034 1976669 6309.62386   55  241 6592.00000 5985.99904  9.19%  77.3 6565s
 3451571 1977852 6123.56687   62   46 6592.00000 5986.00000  9.19%  77.3 6570s
 3454026 1979338 infeasible   57      6592.00000 5986.00367  9.19%  77.3 6575s
 3457046 1981273 6286.00000   63   10 6592.00000 5986.01057  9.19%  77.3 6580s
 3460381 1982582 6020.17869   70  129 6592.00000 5986.01983  9.19%  77.3 6585s
 3462386 1983875 6000.32640   51   18 6592.00000 5986.02316  9.19%  77.3 6590s
 3466087 1985594 6084.75121   62  107 6592.00000 5986.03196  9.19%  77.3 6595s
 3469736 1987471 infeasible   66      6592.00000 5986.04033  9.19%  77.3 6601s
 3472312 1988901     cutoff   83      6592.00000 5986.04762  9.19%  77.3 6605s
 3474742 1990283 6001.79361   58  180 6592.00000 5986.05198  9.19%  77.3 6610s
 3476637 1991403 6455.36091   68  148 6592.00000 5986.05728  9.19%  77.3 6615s
 3478933 1992887     cutoff   71      6592.00000 5986.06383  9.19%  77.3 6620s
 3481610 1994041 6258.67707   52  208 6592.00000 5986.06955  9.19%  77.3 6626s
 3484498 1995739 6323.00000   71   18 6592.00000 5986.07665  9.19%  77.3 6631s
 3487070 1997460 6507.85750   54   25 6592.00000 5986.08429  9.19%  77.3 6636s
 3489734 1998617 6115.89000   65   19 6592.00000 5986.09000  9.19%  77.3 6640s
 3492707 2000328 6257.96907   63   27 6592.00000 5986.09375  9.19%  77.3 6645s
 3496446 2002488 6004.37315   65   51 6592.00000 5986.10280  9.19%  77.3 6651s
 3499355 2003888     cutoff   94      6592.00000 5986.10825  9.19%  77.3 6655s
 3502087 2005360 6383.73793   75  150 6592.00000 5986.11257  9.19%  77.2 6660s
 3505349 2007293 6039.11786   53  112 6592.00000 5986.11867  9.19%  77.3 6666s
 3507452 2008407 6518.91664   79  156 6592.00000 5986.12703  9.19%  77.3 6671s
 3510066 2009966 6034.25000   51  112 6592.00000 5986.13302  9.19%  77.3 6676s
 3512594 2011549     cutoff   84      6592.00000 5986.13875  9.19%  77.3 6681s
 3514726 2012563 6018.54800   88   51 6592.00000 5986.14286  9.19%  77.3 6686s
 3516675 2013688 infeasible   56      6592.00000 5986.14898  9.19%  77.3 6691s
 3519566 2015126 infeasible   64      6592.00000 5986.15837  9.19%  77.3 6695s
 3522505 2016906 6105.84991   63  274 6592.00000 5986.16673  9.19%  77.3 6701s
 3524373 2018205 6011.83250   62   12 6592.00000 5986.17215  9.19%  77.3 6705s
 3528712 2020251 infeasible   76      6592.00000 5986.18102  9.19%  77.2 6711s
 3531195 2021473 6012.20500   43    7 6592.00000 5986.18616  9.19%  77.2 6715s
 3534544 2023292 6190.03252   65   98 6592.00000 5986.19296  9.19%  77.2 6721s
 3536749 2024537 6325.35296   60  122 6592.00000 5986.19957  9.19%  77.2 6726s
 3539156 2026237 6499.65292   86  211 6592.00000 5986.20766  9.19%  77.2 6732s
 3541992 2028090 6074.41879   54  220 6592.00000 5986.21429  9.19%  77.2 6737s
 3544923 2029367 infeasible  112      6592.00000 5986.22304  9.19%  77.2 6741s
 3547934 2031084 6013.64629   60   75 6592.00000 5986.23096  9.19%  77.2 6746s
 3550112 2032312 6151.03837   59  193 6592.00000 5986.23442  9.19%  77.2 6750s
 3553710 2033821 infeasible  105      6592.00000 5986.24573  9.19%  77.2 6757s
 3554232 2034568 6173.92305   43  259 6592.00000 5986.24625  9.19%  77.2 6761s
 3556122 2035848 6173.73062   60  117 6592.00000 5986.25056  9.19%  77.2 6767s
 3559110 2037391 6010.66500   65   43 6592.00000 5986.26015  9.19%  77.3 6772s
 3562508 2039115 infeasible   63      6592.00000 5986.26708  9.19%  77.2 6776s
 3564604 2040275     cutoff   83      6592.00000 5986.27273  9.19%  77.2 6781s
 3566661 2041348 6044.17419   54   69 6592.00000 5986.28061  9.19%  77.3 6786s
 3569055 2042822 6156.74113   58  307 6592.00000 5986.28682  9.19%  77.3 6790s
 3571495 2044095 6285.57333   62    9 6592.00000 5986.29329  9.19%  77.3 6795s
 3573698 2045081 6239.22291   76  200 6592.00000 5986.30000  9.19%  77.3 6800s
 3577783 2047335 6246.03758   57  107 6592.00000 5986.30523  9.19%  77.3 6806s
 3580218 2048862 6085.54000   64    4 6592.00000 5986.31076  9.19%  77.3 6810s
 3583003 2050161 5987.90491   71   93 6592.00000 5986.31553  9.19%  77.3 6815s
 3586333 2052553 6335.93949   55  176 6592.00000 5986.32595  9.19%  77.3 6821s
 3588536 2053833 6188.89221   90  210 6592.00000 5986.33390  9.19%  77.3 6825s
 3591835 2055547 6183.68899   59  251 6592.00000 5986.34123  9.19%  77.3 6832s
 3594232 2056353 6363.14012   61  165 6592.00000 5986.34616  9.19%  77.3 6835s
 3596575 2057921 6373.49372   69  102 6592.00000 5986.35264  9.19%  77.2 6840s
 3600350 2059986 6101.76333   50   28 6592.00000 5986.36042  9.19%  77.2 6846s
 3602715 2060835 5987.30908   45   73 6592.00000 5986.36507  9.19%  77.2 6850s
 3605610 2062817 6255.89628   53  249 6592.00000 5986.37037  9.19%  77.2 6856s
 3607369 2062946     cutoff   68      6592.00000 5986.37500  9.19%  77.2 6860s
 3608315 2064322 5996.58865   63   37 6592.00000 5986.37790  9.19%  77.2 6865s
 3612276 2066796 5999.37541   55  120 6592.00000 5986.38554  9.19%  77.2 6871s
 3614568 2067648 6215.69725   64  104 6592.00000 5986.39099  9.19%  77.2 6875s
 3617389 2069173 6311.03045   50  169 6592.00000 5986.40183  9.19%  77.2 6882s
 3619863 2070657 5990.02761   65   56 6592.00000 5986.40778  9.19%  77.2 6886s
 3622517 2072185 6008.57641   64   97 6592.00000 5986.41381  9.19%  77.2 6891s
 3625037 2073446 infeasible   64      6592.00000 5986.42045  9.19%  77.2 6895s
 3628513 2075568 6015.81783   46   59 6592.00000 5986.42945  9.19%  77.2 6902s
 3631105 2077026 6337.04437   67  222 6592.00000 5986.43333  9.19%  77.2 6906s
 3633519 2078454 6245.75587   59  223 6592.00000 5986.43924  9.19%  77.2 6911s
 3636295 2079410 6266.63679   53  118 6592.00000 5986.44550  9.19%  77.2 6915s
 3638430 2080805 6280.23737   53   60 6592.00000 5986.44900  9.19%  77.2 6920s
 3641873 2082708 6270.61000   76   19 6592.00000 5986.45474  9.19%  77.2 6926s
 3644077 2083948 6117.41284   62  223 6592.00000 5986.46234  9.19%  77.2 6931s
 3646409 2085728 5992.16286   54   82 6592.00000 5986.46714  9.19%  77.2 6936s
 3649177 2086808 6360.13518   78  124 6592.00000 5986.46957  9.19%  77.2 6940s
 3652469 2089162 infeasible  116      6592.00000 5986.47582  9.19%  77.2 6946s
 3654513 2090179 6236.23006   58  194 6592.00000 5986.48213  9.19%  77.2 6950s
 3658378 2092204 6061.27815   65   64 6592.00000 5986.49184  9.19%  77.2 6956s
 3660437 2093413     cutoff   60      6592.00000 5986.49613  9.19%  77.2 6960s
 3663631 2095260 6347.03003   69  172 6592.00000 5986.50000  9.19%  77.2 6966s
 3665495 2096935 6128.15111   75   31 6592.00000 5986.50029  9.19%  77.2 6972s
 3668219 2097453     cutoff   64      6592.00000 5986.50658  9.19%  77.2 6976s
 3668245 2097593 6392.04593   64  122 6592.00000 5986.50658  9.19%  77.2 6981s
 3669530 2098897     cutoff   71      6592.00000 5986.51069  9.19%  77.2 6987s
 3670974 2099482 6380.14495   72  108 6592.00000 5986.51389  9.19%  77.2 6990s
 3673075 2100919 6036.27383   51  172 6592.00000 5986.51858  9.19%  77.2 6995s
 3676448 2102572 infeasible   69      6592.00000 5986.52574  9.18%  77.2 7000s
 3678743 2103967 6426.80634   65  281 6592.00000 5986.53235  9.18%  77.2 7005s
 3682171 2105911 6084.17618   71   42 6592.00000 5986.53823  9.18%  77.2 7010s
 3685520 2107713 6362.93437   66  190 6592.00000 5986.54678  9.18%  77.2 7016s
 3688310 2109045     cutoff   59      6592.00000 5986.55307  9.18%  77.2 7020s
 3690785 2110425 6120.67399   95   57 6592.00000 5986.55834  9.18%  77.2 7025s
 3693925 2112168 6226.23343   65  276 6592.00000 5986.56500  9.18%  77.2 7031s
 3696358 2113698     cutoff   79      6592.00000 5986.57151  9.18%  77.2 7035s
 3698890 2114958     cutoff   61      6592.00000 5986.57911  9.18%  77.2 7040s
 3701066 2116346 6190.06348   63  244 6592.00000 5986.58666  9.18%  77.2 7045s
 3705092 2118178 6482.27486   68  216 6592.00000 5986.59915  9.18%  77.2 7050s
 3707793 2119396 6164.50825   57  272 6592.00000 5986.60249  9.18%  77.2 7057s
 3710174 2120735 6251.70583   60   16 6592.00000 5986.61075  9.18%  77.2 7061s
 3712111 2122138 6203.20356   61  243 6592.00000 5986.61634  9.18%  77.2 7065s
 3715066 2123775     cutoff   61      6592.00000 5986.62384  9.18%  77.2 7070s
 3718717 2125701 5993.21505   53   42 6592.00000 5986.62500  9.18%  77.2 7076s
 3720944 2127208     cutoff   71      6592.00000 5986.62500  9.18%  77.2 7081s
 3723718 2128639 6211.93620   51  249 6592.00000 5986.62647  9.18%  77.2 7085s
 3727700 2130520 6249.90855   59   94 6592.00000 5986.63503  9.18%  77.2 7091s
 3729959 2131712 5991.36667   49   35 6592.00000 5986.63992  9.18%  77.2 7095s
 3733061 2133632 6336.00007   87   74 6592.00000 5986.64840  9.18%  77.2 7102s
 3735543 2135073 6009.16220   57   15 6592.00000 5986.65618  9.18%  77.2 7106s
 3737556 2136770 6014.00323   63   32 6592.00000 5986.66269  9.18%  77.2 7110s
 3741246 2138432 6263.11765   72   50 6592.00000 5986.67087  9.18%  77.2 7115s
 3743954 2139806 6447.26689   66  232 6592.00000 5986.67549  9.18%  77.2 7120s
 3747158 2141596 6359.39241   60  170 6592.00000 5986.68230  9.18%  77.2 7126s
 3749789 2142833 5999.45647   56  111 6592.00000 5986.68569  9.18%  77.2 7131s
 3751341 2144326 6078.77586   63   48 6592.00000 5986.68898  9.18%  77.2 7135s
 3755502 2146402 6010.66942   58  113 6592.00000 5986.69938  9.18%  77.1 7142s
 3758396 2148024 6125.30195   73  190 6592.00000 5986.70732  9.18%  77.1 7146s
 3760460 2149165     cutoff   63      6592.00000 5986.71143  9.18%  77.1 7151s
 3763302 2150718 6372.43134   96  245 6592.00000 5986.71853  9.18%  77.1 7155s
 3766863 2152780 5987.31477   51   24 6592.00000 5986.72667  9.18%  77.1 7161s
 3769595 2154452 6108.11765   55   15 6592.00000 5986.73300  9.18%  77.1 7166s
 3771748 2155616 6243.94613   65  132 6592.00000 5986.73565  9.18%  77.1 7170s
 3775425 2158223 6400.34228   72  200 6592.00000 5986.74590  9.18%  77.1 7176s
 3778095 2158775 6226.09091   67   44 6592.00000 5986.75000  9.18%  77.1 7181s
 3778639 2159702 5991.38182   51   68 6592.00000 5986.75000  9.18%  77.1 7185s
 3781250 2161299 6073.21255   52  172 6592.00000 5986.75000  9.18%  77.1 7190s
 3785344 2163673 6059.75140   58   95 6592.00000 5986.76382  9.18%  77.1 7197s
 3787885 2164941 6374.48778   78  219 6592.00000 5986.76867  9.18%  77.1 7201s
 3790656 2166743 infeasible   60      6592.00000 5986.77262  9.18%  77.1 7206s
 3792591 2168356 6152.86833   58   30 6592.00000 5986.77500  9.18%  77.1 7210s
 3796076 2169975 6315.46685   91   32 6592.00000 5986.78564  9.18%  77.1 7216s
 3798206 2171522 6427.26074   79  243 6592.00000 5986.79000  9.18%  77.1 7220s
 3801276 2172699 6451.63833   57   27 6592.00000 5986.79829  9.18%  77.1 7225s
 3804945 2174961 6235.44331   64  162 6592.00000 5986.80486  9.18%  77.1 7231s
 3807040 2176156 infeasible   70      6592.00000 5986.80912  9.18%  77.1 7235s
 3811313 2178617 6408.34077  106  166 6592.00000 5986.81274  9.18%  77.1 7241s
 3813496 2179593 6171.22251   62  175 6592.00000 5986.81795  9.18%  77.1 7246s
 3816148 2181032 6115.89993   65  114 6592.00000 5986.82110  9.18%  77.1 7250s
 3818427 2182131 infeasible   67      6592.00000 5986.82915  9.18%  77.1 7255s
 3820969 2183638 6029.79412   50  106 6592.00000 5986.83522  9.18%  77.1 7260s
 3823446 2185005 6012.90157   53  109 6592.00000 5986.84186  9.18%  77.1 7265s
 3827185 2187317 6345.44349   77  149 6592.00000 5986.84972  9.18%  77.1 7271s
 3828872 2187387 6100.77606   68  274 6592.00000 5986.85000  9.18%  77.1 7276s
 3829728 2188756 6492.78035   86  139 6592.00000 5986.85476  9.18%  77.1 7282s
 3831355 2189395 6310.54960   79   82 6592.00000 5986.85542  9.18%  77.1 7285s
 3834941 2191381 6304.74011   70  175 6592.00000 5986.86386  9.18%  77.1 7291s
 3837137 2192813 6308.31478   92  153 6592.00000 5986.86749  9.18%  77.1 7295s
 3840227 2194358 6118.00000   64   24 6592.00000 5986.87623  9.18%  77.1 7300s
 3844018 2195873 6116.86500   56   85 6592.00000 5986.88435  9.18%  77.1 7305s
 3846683 2198299 6491.98371   89  243 6592.00000 5986.89114  9.18%  77.1 7311s
 3848920 2198918     cutoff   82      6592.00000 5986.89593  9.18%  77.1 7315s
 3851757 2200816 6021.83425   64   19 6592.00000 5986.90186  9.18%  77.1 7321s
 3854485 2202532 6420.59667   61   26 6592.00000 5986.90950  9.18%  77.1 7326s
 3857070 2203694 6435.65641   66  108 6592.00000 5986.91438  9.18%  77.1 7330s
 3860602 2205718 6013.01149   62   59 6592.00000 5986.92105  9.18%  77.1 7336s
 3863077 2207080 6126.88519   59  116 6592.00000 5986.92702  9.18%  77.1 7341s
 3865263 2208668 6123.30986   67  129 6592.00000 5986.93058  9.18%  77.1 7345s
 3869052 2210322 6318.41667   64   14 6592.00000 5986.94152  9.18%  77.1 7351s
 3870792 2211395 6212.00000   73   21 6592.00000 5986.94709  9.18%  77.1 7355s
 3872857 2212502 6308.82225   76  215 6592.00000 5986.94986  9.18%  77.1 7360s
 3876142 2214905 6200.24768   54  203 6592.00000 5986.96020  9.18%  77.1 7366s
 3878744 2215857 6212.46909   74  225 6592.00000 5986.96362  9.18%  77.1 7371s
 3880442 2217165 6557.19057   78  121 6592.00000 5986.96895  9.18%  77.1 7375s
 3883604 2218538 6078.57918   80   66 6592.00000 5986.97618  9.18%  77.1 7380s
 3887507 2220733 6464.81544   89  177 6592.00000 5986.98492  9.18%  77.1 7386s
 3889976 2221830 infeasible   56      6592.00000 5986.99029  9.18%  77.1 7391s
 3892305 2223146 6492.50453   71  273 6592.00000 5986.99790  9.18%  77.1 7395s
 3893237 2223169 6117.10356   61  230 6592.00000 5987.00000  9.18%  77.1 7400s
 3893264 2223372 6266.84719   63  124 6592.00000 5987.00000  9.18%  77.1 7405s
 3894457 2224227 6113.04947   58  131 6592.00000 5987.00000  9.18%  77.1 7410s
 3896272 2225192 6088.49750   63    8 6592.00000 5987.00000  9.18%  77.1 7415s
 3898339 2226282 infeasible   80      6592.00000 5987.00000  9.18%  77.1 7420s
 3900497 2227223 6100.76769   54  257 6592.00000 5987.00000  9.18%  77.1 7425s
 3902849 2228364 6049.96333   55   54 6592.00000 5987.00000  9.18%  77.1 7430s
 3904430 2229271 6088.00000   53   22 6592.00000 5987.00000  9.18%  77.1 7435s
 3906496 2230724     cutoff   70      6592.00000 5987.00000  9.18%  77.1 7441s
 3909204 2231996 6372.49000   64   12 6592.00000 5987.00000  9.18%  77.1 7446s
 3912046 2233386 6192.46398   65  245 6592.00000 5987.00000  9.18%  77.1 7452s
 3914675 2234904 6287.36495   88  178 6592.00000 5987.00000  9.18%  77.2 7456s
 3917072 2236205 6129.71268   54  104 6592.00000 5987.00000  9.18%  77.2 7461s
 3919160 2237381 6369.06638   66  150 6592.00000 5987.00000  9.18%  77.2 7466s
 3921124 2238848 6277.17091   61  111 6592.00000 5987.00000  9.18%  77.2 7472s
 3923922 2239826 6389.73225   64  268 6592.00000 5987.00000  9.18%  77.2 7477s
 3926420 2241002 6157.22679   59   71 6592.00000 5987.00000  9.18%  77.2 7482s
 3928726 2242313 6532.78711   89  156 6592.00000 5987.00000  9.18%  77.2 7487s
 3929825 2242891 6144.63533   63  216 6592.00000 5987.00000  9.18%  77.2 7490s
 3932055 2244052 6219.70500   65   22 6592.00000 5987.00000  9.18%  77.2 7496s
 3934656 2245307 6028.24387   57  175 6592.00000 5987.00000  9.18%  77.2 7501s
 3937123 2246689 6098.94117   63  100 6592.00000 5987.00000  9.18%  77.2 7506s
 3939940 2248250 infeasible   65      6592.00000 5987.00000  9.18%  77.2 7512s
 3940679 2248711 6394.99968   55   36 6592.00000 5987.00000  9.18%  77.2 7515s
 3942696 2250024 6362.11070   69  234 6592.00000 5987.00000  9.18%  77.2 7521s
 3945124 2251141 6114.13671   64  242 6592.00000 5987.00000  9.18%  77.2 7527s
 3946243 2251649 6070.42409   70  197 6592.00000 5987.00000  9.18%  77.2 7530s
 3948532 2253295 6339.88805   77  252 6592.00000 5987.00000  9.18%  77.2 7535s
 3951124 2254178 6541.88519   84  218 6592.00000 5987.00000  9.18%  77.3 7542s
 3951744 2255031 6238.17667   76   68 6592.00000 5987.00000  9.18%  77.3 7545s
 3954363 2256215 6257.04114   52  283 6592.00000 5987.00000  9.18%  77.3 7551s
 3956801 2257448 6481.73972   53  107 6592.00000 5987.00000  9.18%  77.3 7555s
 3959825 2259389 6306.74117   81  222 6592.00000 5987.00000  9.18%  77.3 7562s
 3962063 2260379 6454.73961   83  135 6592.00000 5987.00000  9.18%  77.3 7567s
 3964190 2261606 6079.74484   55  281 6592.00000 5987.00000  9.18%  77.3 7572s
 3966587 2262714 6022.90055   48   68 6592.00000 5987.00000  9.18%  77.3 7577s
 3967652 2263681 5994.33111   50   37 6592.00000 5987.00000  9.18%  77.3 7580s
 3970228 2265072 6127.27986   51  272 6592.00000 5987.00000  9.18%  77.3 7585s
 3972781 2266051 6256.60425   82  215 6592.00000 5987.00000  9.18%  77.3 7590s
 3975019 2267050 6057.92376   61   24 6592.00000 5987.00000  9.18%  77.3 7595s
 3975879 2267943 6095.24150   70  149 6592.00000 5987.00000  9.18%  77.3 7602s
 3977273 2269083 5991.62358   46  145 6592.00000 5987.00000  9.18%  77.3 7606s
 3980445 2270893 6302.31883   79  218 6592.00000 5987.00000  9.18%  77.3 7612s
 3982347 2271610 6106.79910   67   58 6592.00000 5987.00000  9.18%  77.3 7615s
 3984795 2273151 5987.00000   52   61 6592.00000 5987.00000  9.18%  77.3 7620s
 3987462 2274573 6354.26000   65   16 6592.00000 5987.00000  9.18%  77.3 7625s
 3989585 2275423 6243.01279   64  270 6592.00000 5987.00000  9.18%  77.4 7631s
 3991944 2277144 6228.80052   94  117 6592.00000 5987.00191  9.18%  77.4 7636s
 3994434 2278353 6470.93667  132   16 6592.00000 5987.00866  9.18%  77.4 7640s
 3996063 2279200 6433.01654   78  116 6592.00000 5987.01339  9.18%  77.4 7645s
 3998942 2280905 6261.43250   56  233 6592.00000 5987.02037  9.18%  77.4 7650s
 4001762 2282459 6021.94514   62  238 6592.00000 5987.02529  9.18%  77.4 7655s
 4005239 2284404 6484.65752   82   64 6592.00000 5987.03250  9.18%  77.4 7662s
 4007372 2285761 6333.90266   80  143 6592.00000 5987.04000  9.18%  77.4 7666s
 4009606 2287439 6402.85432   56  195 6592.00000 5987.04807  9.18%  77.4 7671s
 4012529 2289066 6192.00000   81    8 6592.00000 5987.05292  9.18%  77.4 7675s
 4014946 2289869 6410.41000   55   60 6592.00000 5987.06000  9.18%  77.4 7680s
 4017035 2291518 6000.03002   67  104 6592.00000 5987.06427  9.18%  77.4 7686s
 4018591 2291786 6088.08144   75  154 6592.00000 5987.06553  9.18%  77.4 7691s
 4020429 2293185 6213.00000   60   44 6592.00000 5987.06878  9.18%  77.4 7696s
 4022985 2294476 infeasible   92      6592.00000 5987.07447  9.18%  77.4 7701s
 4025837 2296199 6420.39056   77   40 6592.00000 5987.07613  9.18%  77.4 7706s
 4028887 2297542 6335.19000  102   20 6592.00000 5987.07692  9.18%  77.4 7712s
 4029658 2298088     cutoff   62      6592.00000 5987.07692  9.18%  77.4 7715s
 4032181 2300000 6041.11547   55   96 6592.00000 5987.09087  9.18%  77.4 7720s
 4035374 2301453 6460.52939   87  142 6592.00000 5987.09738  9.18%  77.3 7725s
 4037250 2302384 6121.37777   60  236 6592.00000 5987.10000  9.18%  77.4 7730s
 4040637 2304728 6179.02009   59  174 6592.00000 5987.10733  9.18%  77.4 7737s
 4043182 2305750 6209.90000   86   51 6592.00000 5987.11385  9.18%  77.3 7741s
 4045256 2306893     cutoff   94      6592.00000 5987.11764  9.18%  77.3 7746s
 4047727 2308387 6044.05688   59  263 6592.00000 5987.12221  9.18%  77.3 7751s
 4050707 2310099 6130.38195   82  160 6592.00000 5987.12956  9.18%  77.3 7756s
 4053186 2311391 6077.40584   67  155 6592.00000 5987.13629  9.18%  77.3 7761s
 4055428 2312881 infeasible  104      6592.00000 5987.14038  9.18%  77.3 7765s
 4058792 2314724 6147.04224   62  233 6592.00000 5987.15000  9.18%  77.3 7771s
 4061055 2316074 6421.11101  135   50 6592.00000 5987.15491  9.18%  77.3 7776s
 4063212 2317364 6314.98185   97  176 6592.00000 5987.15866  9.18%  77.3 7780s
 4066716 2319419 6175.05718  100  195 6592.00000 5987.16911  9.18%  77.3 7786s
 4069546 2320824 6515.71895   79  169 6592.00000 5987.17391  9.18%  77.3 7791s
 4072452 2322312 6078.60967   65  134 6592.00000 5987.17753  9.18%  77.3 7795s
 4076698 2324385 5987.56851   61   45 6592.00000 5987.18611  9.17%  77.3 7800s
 4079717 2326066 6300.59432   55  274 6592.00000 5987.19223  9.17%  77.3 7806s
 4081605 2326735 infeasible   73      6592.00000 5987.19854  9.17%  77.3 7810s
 4083252 2328142 6296.22290   74  125 6592.00000 5987.19928  9.17%  77.3 7816s
 4085110 2329643 6313.48000   62   12 6592.00000 5987.20455  9.17%  77.3 7822s
 4086758 2330388 5987.21362   66   95 6592.00000 5987.20565  9.17%  77.3 7825s
 4089324 2331919 6248.05908   60   86 6592.00000 5987.21053  9.17%  77.3 7831s
 4092101 2333399 6220.46776   61   55 6592.00000 5987.21496  9.17%  77.3 7836s
 4094637 2335156 6121.68877   56  277 6592.00000 5987.22411  9.17%  77.3 7841s
 4097536 2336325 6201.48969   65   72 6592.00000 5987.22968  9.17%  77.3 7846s
 4100692 2337983 6535.80322   69  165 6592.00000 5987.23775  9.17%  77.3 7851s
 4102125 2338999 6082.18444   57   60 6592.00000 5987.23981  9.17%  77.3 7856s
 4104453 2340010 6390.53189   69  142 6592.00000 5987.24490  9.17%  77.3 7860s
 4108485 2342330 6294.83333   69   33 6592.00000 5987.25323  9.17%  77.3 7866s
 4111109 2343740 6170.24567   66  125 6592.00000 5987.25927  9.17%  77.3 7870s
 4113357 2345034 6006.73472   46   30 6592.00000 5987.26412  9.17%  77.3 7875s
 4116945 2347049 6116.71000   57   19 6592.00000 5987.27608  9.17%  77.3 7881s
 4119183 2348429 6052.80073   56  165 6592.00000 5987.27877  9.17%  77.3 7885s
 4122960 2350439 infeasible   73      6592.00000 5987.28504  9.17%  77.3 7891s
 4125424 2351659 6000.58149   57   94 6592.00000 5987.29069  9.17%  77.3 7895s
 4127515 2352487 6213.14955   79  185 6592.00000 5987.29826  9.17%  77.3 7901s
 4129096 2353666 6002.36793   50   29 6592.00000 5987.30083  9.17%  77.3 7906s
 4131305 2355117 6174.20148   50  232 6592.00000 5987.30701  9.17%  77.3 7911s
 4133731 2356301 6201.41193   65   75 6592.00000 5987.31152  9.17%  77.3 7915s
 4136819 2358206 infeasible   71      6592.00000 5987.31700  9.17%  77.3 7920s
 4139353 2359552 6180.90803   64  191 6592.00000 5987.32088  9.17%  77.3 7925s
 4143478 2361683 6000.77083   57   47 6592.00000 5987.32967  9.17%  77.3 7932s
 4145500 2363202 6083.38101   63   77 6592.00000 5987.33411  9.17%  77.3 7936s
 4148550 2364806 6005.48367   68  118 6592.00000 5987.33919  9.17%  77.3 7941s
 4150891 2366062     cutoff   80      6592.00000 5987.34380  9.17%  77.3 7945s
 4154377 2368139 6203.65500   64    5 6592.00000 5987.35298  9.17%  77.3 7951s
 4156756 2369160 6083.05963   67  101 6592.00000 5987.35833  9.17%  77.3 7955s
 4160716 2371288 6341.05635   93  157 6592.00000 5987.36803  9.17%  77.3 7961s
 4162703 2372390 6018.63433   53   43 6592.00000 5987.37215  9.17%  77.3 7965s
 4164627 2373737 6060.14286   56   82 6592.00000 5987.37500  9.17%  77.3 7970s
 4168200 2375666 6440.05536   76  183 6592.00000 5987.38259  9.17%  77.3 7976s
 4170844 2376663 6177.27309   70   37 6592.00000 5987.39018  9.17%  77.3 7980s
 4173203 2378021 6536.30689   73  146 6592.00000 5987.39524  9.17%  77.3 7985s
 4176950 2379453 6036.82833   55   35 6592.00000 5987.40085  9.17%  77.3 7992s
 4176965 2379666 6061.24026   56   66 6592.00000 5987.40100  9.17%  77.3 7995s
 4178528 2381186 6451.14929  104  106 6592.00000 5987.40539  9.17%  77.3 8002s
 4180264 2382171 6087.51291   75  182 6592.00000 5987.40941  9.17%  77.3 8005s
 4183452 2383841 6312.65318   55   63 6592.00000 5987.41747  9.17%  77.3 8010s
 4186891 2385620 6465.66648   71  199 6592.00000 5987.42105  9.17%  77.3 8015s
 4190096 2387409 6000.61179   55  133 6592.00000 5987.42781  9.17%  77.3 8020s
 4194039 2389331 6088.69702   72  180 6592.00000 5987.43349  9.17%  77.3 8027s
 4194959 2390197 6011.77083   52   41 6592.00000 5987.43525  9.17%  77.3 8030s
 4197919 2391452 6042.48242   63  128 6592.00000 5987.44055  9.17%  77.3 8035s
 4199917 2393058 infeasible   74      6592.00000 5987.44318  9.17%  77.3 8040s
 4203167 2394119 6306.06959   71  136 6592.00000 5987.45000  9.17%  77.3 8045s
 4205291 2395507 6080.11545   50   36 6592.00000 5987.45670  9.17%  77.3 8050s
 4207769 2396990     cutoff   59      6592.00000 5987.46372  9.17%  77.3 8055s
 4210230 2398102 6120.15463   54  232 6592.00000 5987.46774  9.17%  77.3 8060s
 4212929 2399881 6464.64286   62  159 6592.00000 5987.47108  9.17%  77.3 8065s
 4216135 2401144 6515.93856   61  206 6592.00000 5987.48199  9.17%  77.3 8070s
 4218496 2402322 6272.42945   73  227 6592.00000 5987.48763  9.17%  77.3 8075s
 4221959 2404343 6069.69473   55   80 6592.00000 5987.49564  9.17%  77.3 8082s
 4224630 2405822     cutoff   74      6592.00000 5987.50000  9.17%  77.3 8086s
 4227155 2407682 6120.49288   72  195 6592.00000 5987.50165  9.17%  77.3 8091s
 4230051 2409240 6016.72084   55   84 6592.00000 5987.50626  9.17%  77.3 8095s
 4232854 2410633 6447.90426   68  235 6592.00000 5987.51256  9.17%  77.3 8100s
 4236520 2412796 6209.00000   67   38 6592.00000 5987.51922  9.17%  77.3 8107s
 4238967 2413810 infeasible   53      6592.00000 5987.52365  9.17%  77.2 8112s
 4240204 2414170 6141.91755   58  157 6592.00000 5987.52745  9.17%  77.2 8116s
 4242104 2415976     cutoff   69      6592.00000 5987.53271  9.17%  77.2 8121s
 4245313 2417790 6446.09361   70   95 6592.00000 5987.53846  9.17%  77.2 8126s
 4247887 2418864 6167.27190   58  222 6592.00000 5987.54086  9.17%  77.2 8130s
 4250160 2420168 infeasible   69      6592.00000 5987.54583  9.17%  77.2 8135s
 4253077 2421781 6223.15776   78   89 6592.00000 5987.54830  9.17%  77.2 8140s
 4257001 2423723 infeasible   70      6592.00000 5987.55521  9.17%  77.2 8145s
 4258922 2424811 6466.51889  111   23 6592.00000 5987.56076  9.17%  77.2 8150s
 4262098 2426260 infeasible   54      6592.00000 5987.56681  9.17%  77.2 8156s
 4264322 2427760 6092.90738   61   77 6592.00000 5987.57379  9.17%  77.2 8160s
 4267364 2428778 6132.09293   65   32 6592.00000 5987.57985  9.17%  77.3 8165s
 4270298 2431251 6087.45000   73   16 6592.00000 5987.58824  9.17%  77.3 8171s
 4273459 2432645     cutoff  104      6592.00000 5987.59086  9.17%  77.2 8176s
 4275191 2434086 6404.39750   88   18 6592.00000 5987.59613  9.17%  77.2 8181s
 4277812 2435452     cutoff   78      6592.00000 5987.60180  9.17%  77.2 8185s
 4281324 2437380 6447.75675   86  185 6592.00000 5987.61179  9.17%  77.2 8191s
 4284005 2438950 6236.05585   61  148 6592.00000 5987.61775  9.17%  77.2 8196s
 4286608 2440152 6110.22313   59   46 6592.00000 5987.62301  9.17%  77.2 8200s
 4290176 2442302     cutoff  100      6592.00000 5987.62667  9.17%  77.2 8206s
 4292473 2443678 6018.87090   51   90 6592.00000 5987.63145  9.17%  77.2 8210s
 4295969 2444843 6244.31579   64   64 6592.00000 5987.64000  9.17%  77.2 8216s
 4296295 2445545 6500.24417   66   27 6592.00000 5987.64137  9.17%  77.2 8220s
 4298286 2446500 6424.58293   71   89 6592.00000 5987.64546  9.17%  77.2 8225s
 4302036 2448649 6197.25364   68   63 6592.00000 5987.65385  9.17%  77.2 8232s
 4304834 2450139     cutoff   66      6592.00000 5987.66265  9.17%  77.2 8236s
 4307112 2451541 5993.75194   70   41 6592.00000 5987.66821  9.17%  77.2 8241s
 4310153 2452795 6129.92000   56   12 6592.00000 5987.67500  9.17%  77.2 8245s
 4312612 2454271 6000.16678   56   77 6592.00000 5987.68273  9.17%  77.2 8251s
 4315143 2455516 6217.21000   58   20 6592.00000 5987.68849  9.17%  77.2 8256s
 4317757 2457343 6289.67426   89  152 6592.00000 5987.69429  9.17%  77.2 8260s
 4320554 2458656 infeasible   69      6592.00000 5987.70063  9.17%  77.2 8265s
 4323900 2460503 6300.96752   68  173 6592.00000 5987.70588  9.17%  77.2 8271s
 4326202 2461513 6298.43917   64  221 6592.00000 5987.71077  9.17%  77.2 8275s
 4330243 2463506 6318.46741   96   56 6592.00000 5987.71750  9.17%  77.2 8281s
 4331975 2464605 6413.59877   53  240 6592.00000 5987.72024  9.17%  77.2 8285s
 4334867 2466463 6466.04442   67  230 6592.00000 5987.72784  9.17%  77.2 8290s
 4337389 2467791 6240.26238   83  135 6592.00000 5987.73193  9.17%  77.2 8295s
 4340977 2469846 6181.17167   88   61 6592.00000 5987.73782  9.17%  77.2 8301s
 4343373 2471472 6001.67980   51   94 6592.00000 5987.74196  9.17%  77.2 8306s
 4346548 2473153 6050.16510   51  105 6592.00000 5987.75169  9.17%  77.2 8310s
 4349195 2474209 6211.19100   59  210 6592.00000 5987.75648  9.17%  77.2 8315s
 4352768 2475990 6148.96509   72  250 6592.00000 5987.76552  9.17%  77.2 8321s
 4355241 2476865 6032.06368   53  185 6592.00000 5987.76796  9.17%  77.2 8325s
 4355387 2477391 6032.06471   55  179 6592.00000 5987.76863  9.17%  77.2 8330s
 4358960 2479405 infeasible   73      6592.00000 5987.77158  9.17%  77.2 8336s
 4361064 2480527 6072.12583   44   61 6592.00000 5987.77789  9.17%  77.2 8340s
 4363274 2481895 6330.60836   65  133 6592.00000 5987.78201  9.17%  77.2 8346s
 4365993 2483557 6412.47577   66  194 6592.00000 5987.78571  9.17%  77.2 8352s
 4369619 2485346 6073.71229   62  183 6592.00000 5987.79373  9.17%  77.2 8356s
 4372308 2486561 6102.52563   46  147 6592.00000 5987.79874  9.17%  77.2 8361s
 4374963 2488025 6326.79430   63  192 6592.00000 5987.80115  9.17%  77.2 8365s
 4378810 2490374 6123.20170   51  138 6592.00000 5987.81089  9.17%  77.2 8372s
 4381564 2491729     cutoff   86      6592.00000 5987.81459  9.17%  77.2 8376s
 4383536 2493223 6461.41087  101  210 6592.00000 5987.81818  9.17%  77.2 8381s
 4386531 2494666 infeasible   63      6592.00000 5987.82519  9.17%  77.2 8385s
 4388754 2495787     cutoff  109      6592.00000 5987.83239  9.17%  77.2 8390s
 4391959 2497568 6465.64550   55  236 6592.00000 5987.83864  9.17%  77.2 8396s
 4393857 2498763     cutoff   65      6592.00000 5987.84375  9.16%  77.2 8401s
 4396269 2499935 6344.74533   60   89 6592.00000 5987.84818  9.16%  77.2 8405s
 4400028 2501902 6290.04671   52  213 6592.00000 5987.85677  9.16%  77.2 8411s
 4403243 2503618 6458.14079   65  141 6592.00000 5987.86590  9.16%  77.2 8416s
 4405713 2505266 6060.12722   56  161 6592.00000 5987.86765  9.16%  77.2 8420s
 4409644 2507271 6114.85617   59  150 6592.00000 5987.87522  9.16%  77.2 8426s
 4411089 2507988 infeasible   79      6592.00000 5987.87933  9.16%  77.2 8430s
 4413098 2509650 6374.96091   61   51 6592.00000 5987.88558  9.16%  77.2 8435s
 4417395 2511624 6169.56972   70  203 6592.00000 5987.89752  9.16%  77.2 8441s
 4419825 2512507 6109.65459   62   77 6592.00000 5987.90311  9.16%  77.2 8445s
 4420934 2513645     cutoff   67      6592.00000 5987.90315  9.16%  77.2 8451s
 4422994 2514856     cutoff   73      6592.00000 5987.90992  9.16%  77.2 8455s
 4425413 2516030 6109.79000   66  116 6592.00000 5987.91489  9.16%  77.2 8460s
 4428186 2517348 6560.82186   77  184 6592.00000 5987.92208  9.16%  77.2 8465s
 4431942 2519536 6040.74865   54  128 6592.00000 5987.92889  9.16%  77.2 8471s
 4434334 2520845 infeasible   72      6592.00000 5987.93463  9.16%  77.2 8475s
 4437071 2522014 6190.16483   67   27 6592.00000 5987.94083  9.16%  77.2 8480s
 4440871 2524322 infeasible  103      6592.00000 5987.94949  9.16%  77.2 8486s
 4442576 2525278 infeasible   61      6592.00000 5987.94949  9.16%  77.2 8490s
 4446135 2527837 6138.10961   59   64 6592.00000 5987.96620  9.16%  77.2 8496s
 4448937 2529030 6202.42624   63  229 6592.00000 5987.97189  9.16%  77.2 8501s
 4451357 2530510     cutoff   63      6592.00000 5987.97675  9.16%  77.2 8505s
 4454006 2532213 6529.73260   88   93 6592.00000 5987.98416  9.16%  77.2 8510s
 4457965 2533910 6005.65588   50   43 6592.00000 5987.99283  9.16%  77.1 8516s
 4460295 2534901 6003.37768   42   28 6592.00000 5987.99601  9.16%  77.1 8520s
 4462138 2536262 6126.83007   77  187 6592.00000 5988.00000  9.16%  77.1 8525s
 4465532 2537934 6052.84794   60   94 6592.00000 5988.00000  9.16%  77.1 8531s
 4467793 2539266 6414.01760   85  246 6592.00000 5988.00000  9.16%  77.2 8535s
 4469857 2540267 5988.69000   45   16 6592.00000 5988.00000  9.16%  77.2 8540s
 4471157 2547118 6428.33123   69  253 6592.00000 5988.00000  9.16%  77.2 8572s
 4483157 2548142 6106.20750   54   11 6592.00000 5988.00000  9.16%  77.2 8575s
 4484881 2548223 6116.01667   57   18 6592.00000 5988.00000  9.16%  77.2 8580s
 4486806 2550195 6362.74226   53  206 6592.00000 5988.00000  9.16%  77.2 8586s
 4489925 2551761 infeasible   61      6592.00000 5988.00000  9.16%  77.2 8591s
 4492381 2553378 6508.88089   53  107 6592.00000 5988.00000  9.16%  77.2 8595s
 4496259 2555569 6096.54060   59  223 6592.00000 5988.00000  9.16%  77.2 8601s
 4498281 2556522 6089.00000   60   76 6592.00000 5988.00000  9.16%  77.2 8606s
 4500124 2557827 6261.96066   64  306 6592.00000 5988.00000  9.16%  77.2 8610s
 4502160 2558680     cutoff   49      6592.00000 5988.00000  9.16%  77.2 8615s
 4504524 2560033 6092.82854   49  169 6592.00000 5988.00000  9.16%  77.2 8620s
 4506586 2561528 6189.53097   78  194 6592.00000 5988.00000  9.16%  77.3 8625s
 4509226 2562774 6120.32750   56    9 6592.00000 5988.00000  9.16%  77.3 8630s
 4512049 2563984 infeasible   73      6592.00000 5988.00000  9.16%  77.3 8635s
 4514425 2565412 6219.18547   52  247 6592.00000 5988.00000  9.16%  77.3 8641s
 4516795 2566849 6340.56074   77  131 6592.00000 5988.00000  9.16%  77.3 8646s
 4518960 2567615 6101.25193   57  178 6592.00000 5988.00000  9.16%  77.3 8652s
 4518974 2567903 6101.68301   58  179 6592.00000 5988.00000  9.16%  77.3 8655s
 4520427 2569478     cutoff   66      6592.00000 5988.00000  9.16%  77.3 8660s
 4523368 2570610 6465.02861   50  163 6592.00000 5988.00000  9.16%  77.3 8666s
 4525788 2571966 6018.03043   57  154 6592.00000 5988.00000  9.16%  77.3 8671s
 4528029 2573215 6048.84150   62   43 6592.00000 5988.00000  9.16%  77.3 8676s
 4530614 2575073 5988.34500   49   16 6592.00000 5988.00000  9.16%  77.3 8680s
 4533095 2576488 6142.28697   69  130 6592.00000 5988.00000  9.16%  77.3 8685s
 4535378 2577773 6418.46655   50  198 6592.00000 5988.00000  9.16%  77.3 8690s
 4536844 2579025 6502.32714   71  168 6592.00000 5988.00000  9.16%  77.3 8695s
 4540232 2581371 6477.04367   65  167 6592.00000 5988.00000  9.16%  77.3 8702s
 4542260 2582045 5992.38750   51   21 6592.00000 5988.00000  9.16%  77.3 8705s
 4545386 2584568 6389.29287   74   24 6592.00000 5988.00000  9.16%  77.3 8712s
 4547598 2585458 infeasible   86      6592.00000 5988.00000  9.16%  77.3 8716s
 4550067 2586842 6121.89000   62   28 6592.00000 5988.00000  9.16%  77.3 8721s
 4552124 2588173 6154.79033   69  263 6592.00000 5988.00000  9.16%  77.3 8726s
 4554527 2589198 6205.70602   55  268 6592.00000 5988.00000  9.16%  77.3 8731s
 4556763 2590761 6372.08131   68  174 6592.00000 5988.00000  9.16%  77.3 8736s
 4558739 2592418 6265.36549   66  158 6592.00000 5988.00000  9.16%  77.3 8741s
 4561473 2594084 6506.49441   66   32 6592.00000 5988.00000  9.16%  77.3 8746s
 4564461 2595503 6015.19781   55   94 6592.00000 5988.00000  9.16%  77.3 8750s
 4566491 2596952 6460.81911   61  167 6592.00000 5988.00000  9.16%  77.3 8755s
 4568504 2598410 6206.74928   57  210 6592.00000 5988.00000  9.16%  77.3 8760s
 4570958 2599411 6470.57176   89  169 6592.00000 5988.00000  9.16%  77.3 8765s
 4573631 2600782 6026.52593   50  127 6592.00000 5988.00000  9.16%  77.3 8770s
 4574653 2601043 6107.15371   63  192 6592.00000 5988.00000  9.16%  77.3 8775s
 4576170 2602699 6488.48293   91  233 6592.00000 5988.00000  9.16%  77.3 8780s
 4578884 2604101 6177.84708   61  222 6592.00000 5988.00000  9.16%  77.3 8785s
 4581200 2605412 6129.83714   77  207 6592.00000 5988.00216  9.16%  77.3 8790s
 4585222 2607373 6347.72931   61  104 6592.00000 5988.00994  9.16%  77.3 8796s
 4587885 2608877 6467.99590   80  112 6592.00000 5988.01587  9.16%  77.3 8800s
 4591177 2610653 6443.12535   78  128 6592.00000 5988.02312  9.16%  77.3 8806s
 4593676 2612053 6256.14729   64  167 6592.00000 5988.02996  9.16%  77.3 8811s
 4596386 2613431 6206.98009   58  158 6592.00000 5988.03409  9.16%  77.3 8815s
 4599263 2615406 6526.36135   54  247 6592.00000 5988.03991  9.16%  77.3 8822s
 4602418 2616836 6146.61667   59    9 6592.00000 5988.04750  9.16%  77.3 8825s
 4605200 2618442 6208.43464   62  158 6592.00000 5988.05277  9.16%  77.3 8832s
 4607740 2619972 infeasible   67      6592.00000 5988.05882  9.16%  77.3 8836s
 4609692 2621182 6316.72521   58  118 6592.00000 5988.06198  9.16%  77.3 8840s
 4613918 2623399 6289.13942   69   40 6592.00000 5988.07088  9.16%  77.3 8846s
 4616083 2624808 6060.51942   53   89 6592.00000 5988.07384  9.16%  77.3 8850s
 4618706 2626681 6120.84875   55   82 6592.00000 5988.08075  9.16%  77.3 8855s
 4622349 2628552 6143.93750   63   52 6592.00000 5988.08793  9.16%  77.3 8860s
 4625841 2630060 infeasible   89      6592.00000 5988.09163  9.16%  77.3 8866s
 4627867 2631113 6121.17000   54   39 6592.00000 5988.09615  9.16%  77.3 8870s
 4629994 2632444 6249.23265   55  135 6592.00000 5988.09984  9.16%  77.3 8875s
 4632377 2633922 6203.90008   62   64 6592.00000 5988.10347  9.16%  77.3 8880s
 4635992 2634956 6107.50992   49  166 6592.00000 5988.11220  9.16%  77.3 8887s
 4636005 2641439 6249.11002   50  160 6592.00000 5988.11236  9.16%  77.3 8912s
 4648005 2642105 5996.40556   54   22 6592.00000 5988.12742  9.16%  77.3 8915s
 4651053 2644152     cutoff   64      6592.00000 5988.14123  9.16%  77.3 8920s
 4654395 2646109 6245.32909   57   93 6592.00000 5988.14736  9.16%  77.3 8925s
 4658464 2648049 6013.27500   50   24 6592.00000 5988.15223  9.16%  77.3 8930s
 4661002 2649461 6080.72361   54  179 6592.00000 5988.15625  9.16%  77.3 8935s
 4664303 2651490 6480.35287   68  119 6592.00000 5988.16338  9.16%  77.3 8940s
 4668090 2653520 6181.01588   64   75 6592.00000 5988.17203  9.16%  77.2 8946s
 4670195 2654852 6570.27213   67  152 6592.00000 5988.17702  9.16%  77.2 8950s
 4673261 2656953 6222.54436   66  235 6592.00000 5988.18298  9.16%  77.2 8957s
 4676038 2658139 6085.44702   73  222 6592.00000 5988.18924  9.16%  77.2 8961s
 4678637 2660039 6024.57696   64  114 6592.00000 5988.19021  9.16%  77.2 8966s
 4681790 2661695 6102.61480   64  149 6592.00000 5988.19640  9.16%  77.2 8970s
 4685267 2664102 6147.37490   69  270 6592.00000 5988.20306  9.16%  77.2 8976s
 4688034 2665036 6411.96527   69   99 6592.00000 5988.20750  9.16%  77.2 8980s
 4691683 2667115 6338.94345   73   76 6592.00000 5988.21160  9.16%  77.2 8986s
 4695231 2669377     cutoff   78      6592.00000 5988.21429  9.16%  77.2 8992s
 4697143 2669834 6050.53259   70  251 6592.00000 5988.21564  9.16%  77.2 8996s
 4697331 2670360 6050.80077   72  248 6592.00000 5988.21564  9.16%  77.2 9000s
 4700571 2672284 6380.84431   86   85 6592.00000 5988.22222  9.16%  77.2 9006s
 4702777 2673725 6012.13063   64  108 6592.00000 5988.22448  9.16%  77.2 9011s
 4705236 2675044 6472.66993   93  152 6592.00000 5988.23000  9.16%  77.2 9015s
 4708121 2676548 infeasible   65      6592.00000 5988.23367  9.16%  77.2 9020s
 4711540 2678337 6103.38833   58    8 6592.00000 5988.23914  9.16%  77.2 9027s
 4713963 2679913 6173.42371   72  183 6592.00000 5988.24286  9.16%  77.2 9031s
 4716322 2681309 6388.24000   59   18 6592.00000 5988.24707  9.16%  77.2 9035s
 4718930 2682818 6255.65573   59  132 6592.00000 5988.25041  9.16%  77.2 9040s
 4722358 2684336 6553.50869   75  217 6592.00000 5988.25435  9.16%  77.2 9046s
 4724625 2685745 6374.28142   63  184 6592.00000 5988.25751  9.16%  77.2 9050s
 4727508 2687237 6429.79970   76  239 6592.00000 5988.26377  9.16%  77.2 9055s
 4731467 2689273 infeasible   77      6592.00000 5988.27066  9.16%  77.2 9061s
 4733524 2690620 6422.73589  108  123 6592.00000 5988.27333  9.16%  77.2 9066s
 4735709 2691409 6031.32376   56  110 6592.00000 5988.27747  9.16%  77.2 9070s
 4737905 2692794 6389.02650   81   76 6592.00000 5988.28326  9.16%  77.2 9075s
 4741725 2694619     cutoff   60      6592.00000 5988.28913  9.16%  77.2 9081s
 4744297 2695937 6043.87917   57   19 6592.00000 5988.29412  9.16%  77.2 9086s
 4744918 2696926 6037.09863   50  155 6592.00000 5988.29412  9.16%  77.2 9090s
 4749035 2698930 6176.24500   63   22 6592.00000 5988.30246  9.16%  77.2 9096s
 4751901 2700437 infeasible   78      6592.00000 5988.30746  9.16%  77.2 9100s
 4754173 2701638 6149.34742   57   82 6592.00000 5988.31182  9.16%  77.2 9105s
 4756175 2702884     cutoff   72      6592.00000 5988.31743  9.16%  77.2 9110s
 4760223 2705466     cutoff   63      6592.00000 5988.32143  9.16%  77.2 9116s
 4762116 2712398 6190.35570   62  223 6592.00000 5988.32439  9.16%  77.2 9144s
 4774043 2712398 5989.00365   64  103 6592.00000 5988.34250  9.16%  77.2 9145s
 4775768 2713754 6023.94655   52   76 6592.00000 5988.34632  9.16%  77.2 9150s
 4778409 2715850 6297.84613   60  218 6592.00000 5988.35211  9.16%  77.2 9155s
 4781626 2717593 6129.87500   67    8 6592.00000 5988.35632  9.16%  77.2 9160s
 4785581 2719527 5988.36704   56  140 6592.00000 5988.36500  9.16%  77.2 9165s
 4788402 2721150 5994.98273   45   67 6592.00000 5988.37081  9.16%  77.2 9171s
 4790531 2722409 6215.06719   79  101 6592.00000 5988.37403  9.16%  77.2 9175s
 4794291 2724336 6418.21841   66  187 6592.00000 5988.37900  9.16%  77.2 9180s
 4797785 2726440 6054.59493   67   71 6592.00000 5988.38182  9.16%  77.2 9186s
 4800147 2727874 6087.76878   64  149 6592.00000 5988.38182  9.16%  77.2 9190s
 4803292 2730174 6242.85000   71   26 6592.00000 5988.38182  9.16%  77.2 9196s
 4805710 2731478 6510.85714   74   65 6592.00000 5988.38708  9.16%  77.2 9200s
 4807785 2732595 5996.14654   53   69 6592.00000 5988.39136  9.16%  77.2 9205s
 4811344 2734545 6390.94558   94   79 6592.00000 5988.39702  9.16%  77.2 9211s
 4814051 2735903 6140.04211   69   33 6592.00000 5988.40077  9.16%  77.2 9215s
 4816151 2737193 6245.14899   82  192 6592.00000 5988.40449  9.16%  77.2 9220s
 4818321 2738414 6049.61500   50   35 6592.00000 5988.40840  9.16%  77.2 9225s
 4822053 2739762 6324.81373   72  251 6592.00000 5988.41276  9.16%  77.2 9231s
 4822242 2740269 6363.53440   74  259 6592.00000 5988.41276  9.16%  77.2 9235s
 4824655 2741840 6489.79517   56  203 6592.00000 5988.41695  9.16%  77.2 9240s
 4827179 2742879 6466.58116   78  237 6592.00000 5988.42239  9.16%  77.2 9245s
 4828978 2744231 infeasible   80      6592.00000 5988.42334  9.16%  77.2 9250s
 4832146 2746212 6383.16988   67   78 6592.00000 5988.42857  9.16%  77.2 9255s
 4834939 2748093 5995.09958   56   83 6592.00000 5988.42951  9.16%  77.2 9260s
 4837676 2749596 infeasible   68      6592.00000 5988.43430  9.16%  77.2 9265s
 4842083 2751545 6084.81832   53  200 6592.00000 5988.44299  9.16%  77.2 9270s
 4845195 2753376 6336.04260   73  136 6592.00000 5988.44750  9.16%  77.2 9276s
 4847029 2754778 6076.71699   69  100 6592.00000 5988.45002  9.16%  77.2 9280s
 4850587 2756543 6329.06519   59  261 6592.00000 5988.45509  9.16%  77.2 9286s
 4852785 2757876 6403.78351   76  179 6592.00000 5988.45714  9.16%  77.2 9290s
 4855313 2759511 6202.79539   91  218 6592.00000 5988.45914  9.16%  77.2 9295s
 4859482 2761960 6296.93956   63  184 6592.00000 5988.46450  9.16%  77.2 9301s
 4862200 2763253 6095.40000   64   25 6592.00000 5988.46827  9.16%  77.2 9305s
 4864684 2764637 6388.01054   69  264 6592.00000 5988.47212  9.16%  77.2 9310s
 4867168 2765872 6391.75409   58   60 6592.00000 5988.47572  9.16%  77.2 9316s
 4869058 2767131 infeasible   66      6592.00000 5988.48071  9.16%  77.2 9320s
 4872184 2768883 6078.99000   65   24 6592.00000 5988.48481  9.16%  77.2 9327s
 4874509 2770253     cutoff   56      6592.00000 5988.48750  9.16%  77.2 9331s
 4876917 2771844 6280.17525   66  200 6592.00000 5988.48956  9.16%  77.2 9336s
 4879400 2772945 6448.81923   58  227 6592.00000 5988.49449  9.16%  77.2 9342s
 4882201 2773855 6018.88038   56  138 6592.00000 5988.50000  9.16%  77.2 9346s
 4882367 2774518 6199.00000   60    4 6592.00000 5988.50000  9.16%  77.2 9351s
 4884656 2775771 6143.60412   70  245 6592.00000 5988.50146  9.16%  77.2 9356s
 4887101 2777248 6114.17216   53   71 6592.00000 5988.50448  9.15%  77.2 9361s
 4889480 2778380     cutoff   81      6592.00000 5988.50826  9.15%  77.2 9366s
 4892353 2779908 6455.86922  117   66 6592.00000 5988.51445  9.15%  77.2 9371s
 4894648 2781425 6276.22205   70   86 6592.00000 5988.51829  9.15%  77.2 9376s
 4897517 2783228 6322.34426   84  197 6592.00000 5988.52291  9.15%  77.2 9381s
 4900282 2784220 6181.30636   78  194 6592.00000 5988.52906  9.15%  77.2 9386s
 4902033 2785749 6034.76851   56   73 6592.00000 5988.53200  9.15%  77.2 9390s
 4904843 2787176 6399.05093   66  249 6592.00000 5988.53536  9.15%  77.2 9395s
 4908992 2789433 6012.33850   59   81 6592.00000 5988.54315  9.15%  77.2 9401s
 4911704 2790610 6244.05639   65  223 6592.00000 5988.54553  9.15%  77.2 9405s
 4913568 2791940 6488.77658   96  231 6592.00000 5988.54899  9.15%  77.2 9410s
 4917323 2793737 6005.69077   51   86 6592.00000 5988.55673  9.15%  77.2 9416s
 4919256 2794977 6281.49535   74  239 6592.00000 5988.56000  9.15%  77.2 9420s
 4921864 2796233 6294.96128   69  110 6592.00000 5988.56578  9.15%  77.2 9425s
 4925312 2797916 6226.14428   69  259 6592.00000 5988.57198  9.15%  77.2 9431s
 4928152 2799255 6330.33760   79  153 6592.00000 5988.57576  9.15%  77.2 9436s
 4930527 2800690 6248.97083   84   20 6592.00000 5988.58103  9.15%  77.2 9442s
 4932006 2801332 6354.53229   71   78 6592.00000 5988.58239  9.15%  77.2 9445s
 4933979 2802364 6267.98815   63  263 6592.00000 5988.58552  9.15%  77.2 9450s
 4936451 2803767 6545.97044   75  155 6592.00000 5988.58942  9.15%  77.3 9456s
 4939277 2805796 6125.44842   50   82 6592.00000 5988.59421  9.15%  77.3 9461s
 4942613 2807632 5994.51455   49   66 6592.00000 5988.60000  9.15%  77.2 9466s
 4945602 2808948 6228.92054   67  243 6592.00000 5988.60244  9.15%  77.2 9470s
 4947906 2810522 6077.27008   63  229 6592.00000 5988.60685  9.15%  77.2 9475s
 4950742 2811036 6279.85887   62  258 6592.00000 5988.61145  9.15%  77.2 9480s
 4951185 2811774     cutoff   81      6592.00000 5988.61290  9.15%  77.2 9486s
 4953599 2813671 6589.08500   71   21 6592.00000 5988.61538  9.15%  77.3 9491s
 4956753 2815230     cutoff   53      6592.00000 5988.61922  9.15%  77.3 9496s
 4959248 2816735 6099.31273   59   61 6592.00000 5988.62314  9.15%  77.2 9501s
 4962406 2818423 6112.13031   61  119 6592.00000 5988.62676  9.15%  77.2 9506s
 4964580 2819910 6203.75000   64   37 6592.00000 5988.63168  9.15%  77.3 9510s
 4966839 2821240 6281.59119   74  233 6592.00000 5988.63546  9.15%  77.3 9516s
 4970707 2823335 6001.01228   59   78 6592.00000 5988.64211  9.15%  77.2 9521s
 4973259 2824558 6551.70212   67  191 6592.00000 5988.64577  9.15%  77.2 9525s
 4976433 2826203 6513.23985   65  250 6592.00000 5988.64901  9.15%  77.2 9532s
 4978636 2827825 6490.70600   89  152 6592.00000 5988.65328  9.15%  77.2 9536s
 4982213 2829198 6134.61411   57  153 6592.00000 5988.65840  9.15%  77.2 9540s
 4985317 2831116 5991.37500   49   14 6592.00000 5988.66442  9.15%  77.2 9547s
 4987822 2832346 6512.00000   63   10 6592.00000 5988.66785  9.15%  77.2 9551s
 4990612 2833598 6286.00000   78   20 6592.00000 5988.67167  9.15%  77.2 9556s
 4992359 2834699 infeasible   80      6592.00000 5988.67377  9.15%  77.2 9561s
 4994549 2836238 6346.86598   49  232 6592.00000 5988.67551  9.15%  77.2 9566s
 4997293 2837268 infeasible   62      6592.00000 5988.67902  9.15%  77.2 9571s
 4999988 2838918 5988.93321   63  150 6592.00000 5988.68572  9.15%  77.2 9575s
 5002703 2840308 6185.78000   62   18 6592.00000 5988.69045  9.15%  77.2 9580s
 5006591 2842635 6119.12094   68  213 6592.00000 5988.69688  9.15%  77.2 9586s
 5008916 2843883 6082.05288   59  152 6592.00000 5988.70340  9.15%  77.2 9591s
 5011065 2844454 6100.33333   52   18 6592.00000 5988.70547  9.15%  77.2 9595s
 5012172 2845527 6018.59059   56  141 6592.00000 5988.70853  9.15%  77.2 9602s
 5014492 2847093 5998.85180   51  114 6592.00000 5988.71171  9.15%  77.2 9606s
 5016688 2847958 6171.06122   51  223 6592.00000 5988.71547  9.15%  77.2 9612s
 5019775 2849590 6460.60579   98   42 6592.00000 5988.71928  9.15%  77.2 9616s
 5022380 2850934 6193.00000   57   21 6592.00000 5988.72298  9.15%  77.2 9621s
 5024205 2852085 6121.94505   58   74 6592.00000 5988.72674  9.15%  77.2 9625s
 5026768 2853323 6436.40869   59  229 6592.00000 5988.72986  9.15%  77.2 9630s
 5029931 2855275 6081.91006   63  189 6592.00000 5988.73613  9.15%  77.2 9636s
 5032289 2856507 6419.86544   69  238 6592.00000 5988.73957  9.15%  77.2 9641s
 5034285 2857612 6299.62830   66  142 6592.00000 5988.74093  9.15%  77.2 9645s
 5037286 2859215 6416.83943   65  214 6592.00000 5988.74782  9.15%  77.2 9650s
 5041097 2861796 6084.12449   69   85 6592.00000 5988.75207  9.15%  77.2 9657s
 5043552 2862723 6054.48773   53  136 6592.00000 5988.75809  9.15%  77.2 9661s
 5045984 2863981 infeasible   65      6592.00000 5988.76250  9.15%  77.2 9666s
 5048126 2865467 6008.72643   62   43 6592.00000 5988.76505  9.15%  77.2 9671s
 5050889 2866707 6533.95167   74   43 6592.00000 5988.76929  9.15%  77.2 9675s
 5053087 2867936 6137.09248   85   88 6592.00000 5988.77289  9.15%  77.2 9680s
 5055777 2869472 6038.71250   53  181 6592.00000 5988.77727  9.15%  77.2 9685s
 5058463 2871159 6123.63250   64   28 6592.00000 5988.78000  9.15%  77.2 9690s
 5062051 2872833 infeasible   75      6592.00000 5988.78627  9.15%  77.2 9697s
 5064290 2873944 6503.29869   59  172 6592.00000 5988.78810  9.15%  77.2 9701s
 5066745 2875375 6175.07822   76   57 6592.00000 5988.79259  9.15%  77.2 9705s
 5069544 2876793 6147.56248   61  226 6592.00000 5988.79531  9.15%  77.2 9712s
 5071509 2877824 6440.13000   70   44 6592.00000 5988.80028  9.15%  77.3 9716s
 5073634 2878881 6222.66250   70   48 6592.00000 5988.80186  9.15%  77.3 9721s
 5074695 2878954 6183.05940   76  190 6592.00000 5988.80409  9.15%  77.3 9726s
 5076104 2880019 6295.30613   78  174 6592.00000 5988.80647  9.15%  77.3 9731s
 5078121 2881246 6189.12190   65   16 6592.00000 5988.81194  9.15%  77.3 9736s
 5081184 2882818 infeasible   75      6592.00000 5988.81679  9.15%  77.3 9741s
 5083173 2884378 6357.84833   68    7 6592.00000 5988.82154  9.15%  77.3 9746s
 5086201 2885760 6531.81344   51  232 6592.00000 5988.82524  9.15%  77.3 9750s
 5088747 2887063     cutoff   70      6592.00000 5988.83134  9.15%  77.3 9755s
 5090931 2888355 6539.37126   82   74 6592.00000 5988.83435  9.15%  77.3 9760s
 5094762 2890309 6065.83475   48  150 6592.00000 5988.84040  9.15%  77.3 9767s
 5097658 2892042 6057.74695   60  238 6592.00000 5988.84615  9.15%  77.3 9771s
 5100227 2893399 6126.71583  119   86 6592.00000 5988.84867  9.15%  77.3 9776s
 5102465 2894289     cutoff   82      6592.00000 5988.85068  9.15%  77.3 9780s
 5106010 2896176     cutoff   77      6592.00000 5988.85593  9.15%  77.3 9786s
 5108594 2897558 6464.87965   98   97 6592.00000 5988.85891  9.15%  77.3 9791s
 5110478 2898780 6100.04481   77   42 6592.00000 5988.86061  9.15%  77.3 9795s
 5113180 2900294 6241.08954   57  279 6592.00000 5988.86431  9.15%  77.3 9800s
 5115187 2901614 6319.40029   58  159 6592.00000 5988.86623  9.15%  77.3 9806s
 5118359 2903268 6081.56636   52   86 6592.00000 5988.87484  9.15%  77.3 9811s
 5120447 2904531 6336.42162   61  200 6592.00000 5988.87743  9.15%  77.3 9816s
 5123382 2906382 6258.28706   74   23 6592.00000 5988.88113  9.15%  77.3 9821s
 5126314 2907568 6475.87544   83   36 6592.00000 5988.88431  9.15%  77.3 9827s
 5128825 2909239 6204.33893   74  189 6592.00000 5988.88918  9.15%  77.3 9831s
 5131419 2910648 6529.55636   77  154 6592.00000 5988.89284  9.15%  77.3 9836s
 5134282 2912179 6333.99732   58  241 6592.00000 5988.89505  9.15%  77.3 9840s
 5136536 2913361 6104.21579   69   31 6592.00000 5988.90025  9.15%  77.3 9845s
 5139675 2915260 6446.46771   60  222 6592.00000 5988.90694  9.15%  77.3 9851s
 5142348 2916423     cutoff   49      6592.00000 5988.91237  9.15%  77.3 9855s
 5143416 2916444 6472.08366   91   71 6592.00000 5988.91356  9.15%  77.3 9862s
 5144173 2917510 5996.86167   77   30 6592.00000 5988.91489  9.15%  77.3 9866s
 5146560 2918686 6450.33158   87   35 6592.00000 5988.91847  9.15%  77.3 9871s
 5148689 2919916 6156.53000   54  169 6592.00000 5988.92337  9.15%  77.3 9876s
 5150900 2921086 6004.90820   53   77 6592.00000 5988.92779  9.15%  77.3 9880s
 5153950 2922764 6142.24206   62  193 6592.00000 5988.93085  9.15%  77.3 9885s
 5155889 2923859 6028.83556   59   50 6592.00000 5988.93391  9.15%  77.3 9890s
 5159948 2926250 6350.56452   66   75 6592.00000 5988.94191  9.15%  77.3 9896s
 5162787 2927824 infeasible   72      6592.00000 5988.94650  9.15%  77.3 9901s
 5165493 2929399 6214.20000   75   25 6592.00000 5988.95000  9.15%  77.3 9905s
 5168572 2931181 5988.95523   74  133 6592.00000 5988.95438  9.15%  77.3 9912s
 5171139 2932723 6242.27415   92  128 6592.00000 5988.95857  9.15%  77.3 9916s
 5173570 2933752     cutoff   66      6592.00000 5988.96117  9.15%  77.3 9921s
 5175905 2935128 6430.05476   66   84 6592.00000 5988.96648  9.15%  77.3 9926s
 5178664 2936459 6145.36669   53  215 6592.00000 5988.97237  9.15%  77.3 9930s
 5181184 2937641 6116.02645   68  235 6592.00000 5988.97500  9.15%  77.3 9936s
 5182780 2938707 6455.48782   70   99 6592.00000 5988.97694  9.15%  77.3 9940s
 5185696 2940269 6120.22000   52   36 6592.00000 5988.98696  9.15%  77.3 9945s
 5188522 2941997 6285.65308   74  137 6592.00000 5988.98863  9.15%  77.3 9950s
 5190574 2943026     cutoff   79      6592.00000 5988.99412  9.15%  77.3 9955s
 5194237 2945339 6078.59365   51   94 6592.00000 5989.00000  9.15%  77.3 9962s
 5196707 2946890 infeasible   74      6592.00000 5989.00000  9.15%  77.3 9966s
 5199559 2947957 6315.22843   79  103 6592.00000 5989.00677  9.15%  77.3 9970s
 5201639 2949337 6414.48000   67   14 6592.00000 5989.00968  9.15%  77.3 9975s
 5204320 2950268 6202.33512   73  221 6592.00000 5989.01000  9.15%  77.3 9980s
 5205989 2951430 6488.02401   81  154 6592.00000 5989.01333  9.15%  77.3 9986s
 5208376 2953200 infeasible   78      6592.00000 5989.01825  9.15%  77.3 9992s
 5210171 2953922 6390.49250   67   13 6592.00000 5989.02192  9.15%  77.3 9995s
 5212851 2955723 6111.45000   64   16 6592.00000 5989.02675  9.15%  77.3 10000s
 5215946 2956995 6403.43768   50   75 6592.00000 5989.03209  9.15%  77.3 10005s
 5218376 2958499 6033.43147   58   71 6592.00000 5989.03518  9.15%  77.3 10010s
 5221180 2959723 6028.18750   58   31 6592.00000 5989.03916  9.15%  77.3 10015s
 5223797 2960930     cutoff   59      6592.00000 5989.04182  9.15%  77.3 10020s
 5226958 2962553 infeasible   79      6592.00000 5989.04850  9.15%  77.3 10025s
 5230659 2964911 6380.66750   77   46 6592.00000 5989.05611  9.15%  77.3 10031s
 5232985 2965833 6247.47191   75  265 6592.00000 5989.05882  9.15%  77.3 10035s
 5234078 2966428 6376.37006   76  146 6592.00000 5989.06136  9.15%  77.3 10040s
 5236126 2967531 6460.53424   72  197 6592.00000 5989.06452  9.15%  77.3 10045s
 5240216 2969685 6408.86122   73  169 6592.00000 5989.07135  9.15%  77.3 10052s
 5243056 2970679 6410.24960   93  176 6592.00000 5989.07562  9.15%  77.3 10056s
 5243205 2971145 6513.68667   73   28 6592.00000 5989.07648  9.15%  77.3 10060s
 5245158 2972278 6108.66000   58    7 6592.00000 5989.08071  9.15%  77.3 10065s
 5247572 2973511 6192.81334   63  235 6592.00000 5989.08671  9.15%  77.3 10070s
 5250459 2975061 6493.03568   84  126 6592.00000 5989.09189  9.15%  77.3 10075s
 5253152 2976473 6120.88399   47  192 6592.00000 5989.09623  9.15%  77.3 10080s
 5256358 2978230     cutoff   57      6592.00000 5989.10144  9.15%  77.3 10086s
 5258805 2979838     cutoff   86      6592.00000 5989.10646  9.15%  77.3 10091s
 5261553 2980950 6113.53000   57   23 6592.00000 5989.10953  9.15%  77.4 10096s
 5264341 2982672 5989.72867   42   29 6592.00000 5989.11496  9.15%  77.4 10101s
 5266808 2983803 6340.37995   66  101 6592.00000 5989.11882  9.15%  77.4 10105s
 5269082 2985132 6315.45662   72  129 6592.00000 5989.12392  9.15%  77.4 10110s
 5271692 2986375     cutoff   96      6592.00000 5989.12786  9.15%  77.4 10115s
 5275470 2988419 6208.55121   80  203 6592.00000 5989.13366  9.15%  77.4 10122s
 5278302 2990024 6023.40000   53   80 6592.00000 5989.13855  9.15%  77.4 10127s
 5279232 2990896 6128.42531   69   78 6592.00000 5989.13875  9.15%  77.4 10130s
 5282662 2992383 6070.47315   60   37 6592.00000 5989.14447  9.15%  77.4 10135s
 5286201 2994392 6098.99781   58   76 6592.00000 5989.15317  9.15%  77.4 10141s
 5288333 2995820 6245.28917   55   18 6592.00000 5989.15500  9.15%  77.4 10146s
 5290795 2997195 6027.96970   59   99 6592.00000 5989.15859  9.15%  77.4 10150s
 5293469 2998239 infeasible   64      6592.00000 5989.16288  9.14%  77.3 10155s
 5295669 2998937 6037.76805   56  134 6592.00000 5989.16716  9.14%  77.4 10162s
 5296357 2999769 6015.38049   60   86 6592.00000 5989.16720  9.14%  77.4 10167s
 5298954 3001108 6288.10718   76  209 6592.00000 5989.17387  9.14%  77.4 10172s
 5299901 3001706 6181.29167   74   16 6592.00000 5989.17453  9.14%  77.4 10175s
 5302410 3003533 6405.32685   61  247 6592.00000 5989.17857  9.14%  77.4 10180s
 5306939 3005645 6127.80917   68   12 6592.00000 5989.18773  9.14%  77.4 10186s
 5309260 3007397 6206.83744   83   49 6592.00000 5989.19045  9.14%  77.4 10191s
 5312103 3008557 6379.72500   57   11 6592.00000 5989.19481  9.14%  77.4 10195s
 5314840 3010152 infeasible   59      6592.00000 5989.19863  9.14%  77.4 10202s
 5318074 3011935 6415.62833   58   22 6592.00000 5989.20264  9.14%  77.4 10207s
 5319582 3012878     cutoff   69      6592.00000 5989.20548  9.14%  77.4 10211s
 5321874 3014331 6173.31492   70  196 6592.00000 5989.20848  9.14%  77.4 10215s
 5324410 3015647     cutoff   66      6592.00000 5989.21032  9.14%  77.4 10220s
 5328493 3018012 6144.85311   90  225 6592.00000 5989.21851  9.14%  77.4 10227s
 5330656 3019120 6549.02626   61  121 6592.00000 5989.22156  9.14%  77.3 10231s
 5332882 3020151 6293.75838   94  229 6592.00000 5989.22656  9.14%  77.4 10236s
 5335425 3021974 6254.15964   75  209 6592.00000 5989.23104  9.14%  77.4 10241s
 5338128 3022986 6229.77067   51   40 6592.00000 5989.23407  9.14%  77.3 10245s
 5341279 3024573 6229.09132   55  136 6592.00000 5989.24000  9.14%  77.4 10252s
 5343039 3025956 6362.60000   94  101 6592.00000 5989.24238  9.14%  77.4 10257s
 5345926 3027390 5990.00000   57   24 6592.00000 5989.24841  9.14%  77.4 10261s
 5348983 3028997 infeasible   79      6592.00000 5989.25000  9.14%  77.4 10266s
 5351704 3030562 6163.58661   63  236 6592.00000 5989.25457  9.14%  77.4 10270s
 5355592 3032383 6190.60578   46  228 6592.00000 5989.26011  9.14%  77.4 10276s
 5357886 3033858 6104.43848   63   99 6592.00000 5989.26473  9.14%  77.4 10280s
 5359949 3034913 6066.97451   71   96 6592.00000 5989.26769  9.14%  77.4 10285s
 5363298 3036853     cutoff   70      6592.00000 5989.27382  9.14%  77.4 10292s
 5366570 3038600 6007.51190   61  114 6592.00000 5989.27592  9.14%  77.4 10296s
 5367606 3038624 6394.47667   64   32 6592.00000 5989.27831  9.14%  77.4 10302s
 5368291 3039568     cutoff   76      6592.00000 5989.27866  9.14%  77.4 10307s
 5370563 3040831     cutoff   77      6592.00000 5989.28233  9.14%  77.4 10312s
 5372941 3042430 6341.52048   62  201 6592.00000 5989.28670  9.14%  77.4 10316s
 5375509 3043592     cutoff   57      6592.00000 5989.29000  9.14%  77.4 10321s
 5377767 3044568 6320.97167   65   17 6592.00000 5989.29292  9.14%  77.4 10325s
 5379612 3045539     cutoff   94      6592.00000 5989.29654  9.14%  77.4 10330s
 5381794 3046515     cutoff   64      6592.00000 5989.30119  9.14%  77.4 10335s
 5385934 3048718 6390.42541   64   80 6592.00000 5989.30691  9.14%  77.4 10342s
 5388459 3050106 6538.14000   79   12 6592.00000 5989.31102  9.14%  77.4 10347s
 5390598 3051434 6399.21163   63   61 6592.00000 5989.31466  9.14%  77.4 10351s
 5392929 3052431 6348.68669   69   48 6592.00000 5989.31889  9.14%  77.4 10355s
 5395473 3053788 6452.38259   70  237 6592.00000 5989.32303  9.14%  77.4 10360s
 5398256 3055266 6320.51996   55  268 6592.00000 5989.32710  9.14%  77.4 10365s
 5401237 3057383 6219.00000   73   31 6592.00000 5989.33156  9.14%  77.4 10371s
 5403881 3058456 infeasible   90      6592.00000 5989.33643  9.14%  77.4 10376s
 5406253 3059682     cutoff   81      6592.00000 5989.34207  9.14%  77.4 10380s
 5409616 3061675 6129.86556   49   16 6592.00000 5989.34760  9.14%  77.4 10386s
 5412168 3062887 6310.98551   81   44 6592.00000 5989.35125  9.14%  77.4 10391s
 5414633 3064335 6272.78862   72  167 6592.00000 5989.35760  9.14%  77.4 10395s
 5418009 3066658 6031.07260   54  234 6592.00000 5989.36185  9.14%  77.4 10401s
 5420470 3067581     cutoff   66      6592.00000 5989.36572  9.14%  77.4 10406s
 5422301 3068746 6190.07253   73  134 6592.00000 5989.36868  9.14%  77.4 10410s
 5424719 3070076 6464.87270   64  124 6592.00000 5989.37318  9.14%  77.4 10415s
 5428146 3072614 6217.25234   72  117 6592.00000 5989.37981  9.14%  77.4 10422s
 5431050 3073701 6189.30000   57   16 6592.00000 5989.38200  9.14%  77.4 10426s
 5433146 3074889 6330.00000   54    7 6592.00000 5989.38412  9.14%  77.4 10430s
 5437015 3076733 6515.64868   68  235 6592.00000 5989.38732  9.14%  77.4 10437s
 5439343 3077962 6345.20000   64   30 6592.00000 5989.39157  9.14%  77.4 10441s
 5442017 3079607 6022.37898   62  130 6592.00000 5989.39600  9.14%  77.4 10445s
 5444325 3081353 6262.38765   79   73 6592.00000 5989.40030  9.14%  77.4 10450s
 5448541 3082909 6256.74885   76  199 6592.00000 5989.40677  9.14%  77.4 10456s
 5450768 3084068 6284.84895   71  243 6592.00000 5989.40919  9.14%  77.4 10460s
 5454186 3085808 6232.22614   63  106 6592.00000 5989.41424  9.14%  77.4 10466s
 5456100 3087126 6141.19850   53  128 6592.00000 5989.41870  9.14%  77.4 10471s
 5458715 3088407 6209.70365   54   57 6592.00000 5989.42182  9.14%  77.4 10475s
 5461019 3089824 6457.05983   62  198 6592.00000 5989.42500  9.14%  77.4 10481s
 5463443 3091037 6041.76953   63   36 6592.00000 5989.42833  9.14%  77.4 10486s
 5466775 3092999 6481.92903   67  168 6592.00000 5989.43330  9.14%  77.4 10490s
 5468880 3094128 6174.49175   66  239 6592.00000 5989.43750  9.14%  77.4 10495s
 5471021 3094973 5998.51709   67   93 6592.00000 5989.44184  9.14%  77.4 10501s
 5472482 3096055 6025.28000   51   21 6592.00000 5989.44478  9.14%  77.4 10506s
 5474743 3097561 6468.49032   79  184 6592.00000 5989.44772  9.14%  77.4 10511s
 5477447 3098764 6158.07013   56  108 6592.00000 5989.45420  9.14%  77.4 10516s
 5480420 3100170 6013.90403   56   92 6592.00000 5989.45970  9.14%  77.4 10520s
 5482673 3101641 6077.21247   63  190 6592.00000 5989.46188  9.14%  77.4 10526s
 5485061 3103222 6089.16700   60   36 6592.00000 5989.46586  9.14%  77.4 10531s
 5487508 3104154 6044.48032   49   25 6592.00000 5989.46714  9.14%  77.4 10535s
 5489395 3105443 6255.52495   74  154 6592.00000 5989.47030  9.14%  77.4 10540s
 5492921 3107793 6320.97916   96   92 6592.00000 5989.47570  9.14%  77.4 10546s
 5495670 3108888 infeasible   63      6592.00000 5989.48000  9.14%  77.4 10551s
 5498304 3110413 6371.29928   55  273 6592.00000 5989.48463  9.14%  77.4 10555s
 5501192 3112124 6412.98251   75  141 6592.00000 5989.48999  9.14%  77.4 10560s
 5503550 3113133 infeasible   76      6592.00000 5989.49307  9.14%  77.4 10565s
 5507107 3114933 6249.50356   67   99 6592.00000 5989.49633  9.14%  77.4 10571s
 5508883 3116007     cutoff   67      6592.00000 5989.50000  9.14%  77.4 10576s
 5511064 3117173 6230.26667   73  208 6592.00000 5989.50000  9.14%  77.4 10580s
 5512685 3118028 6329.80536   82   58 6592.00000 5989.50000  9.14%  77.4 10585s
 5515530 3119672 6237.05388   76  162 6592.00000 5989.50000  9.14%  77.4 10590s
 5518006 3121408     cutoff   83      6592.00000 5989.50240  9.14%  77.4 10595s
 5520932 3122837 6295.25667   75   52 6592.00000 5989.50808  9.14%  77.4 10600s
 5524940 3124964 6142.93914   66  256 6592.00000 5989.51500  9.14%  77.4 10606s
 5527303 3126290 6486.09440   72  256 6592.00000 5989.51576  9.14%  77.4 10610s
 5529317 3126764 6379.65762   69   69 6592.00000 5989.52053  9.14%  77.4 10615s
 5530543 3128098 infeasible  104      6592.00000 5989.52380  9.14%  77.4 10621s
 5532864 3129296 6173.00459   55  171 6592.00000 5989.52847  9.14%  77.4 10625s
 5536749 3131233     cutoff   64      6592.00000 5989.53442  9.14%  77.4 10631s
 5538868 3132559 6099.35667   57   25 6592.00000 5989.53521  9.14%  77.4 10635s
 5541406 3133943 6341.42199   97  189 6592.00000 5989.53836  9.14%  77.4 10640s
 5545030 3135970 6357.15000  109   63 6592.00000 5989.54083  9.14%  77.4 10646s
 5547443 3137245 6179.51659   64  249 6592.00000 5989.54657  9.14%  77.4 10650s
 5550806 3139313 6339.25736   63   66 6592.00000 5989.55144  9.14%  77.4 10656s
 5553297 3141018 6102.35867   58  114 6592.00000 5989.55513  9.14%  77.4 10661s
 5555964 3142192 6433.76774   71  207 6592.00000 5989.56044  9.14%  77.4 10665s
 5559069 3143708 6139.93000   59   22 6592.00000 5989.56475  9.14%  77.4 10671s
 5561288 3145004 6219.43283   61  123 6592.00000 5989.56801  9.14%  77.4 10676s
 5563957 3146257 6268.35341   61  252 6592.00000 5989.56896  9.14%  77.4 10681s
 5566386 3147568 6300.43484   54  160 6592.00000 5989.57146  9.14%  77.4 10685s
 5569402 3149207 infeasible   65      6592.00000 5989.57682  9.14%  77.4 10690s
 5571839 3150450 6297.35739  114   76 6592.00000 5989.58000  9.14%  77.4 10695s
 5575376 3152356 6235.85474   74  194 6592.00000 5989.58876  9.14%  77.4 10701s
 5577847 3153965 6310.57501   88  154 6592.00000 5989.59231  9.14%  77.4 10706s
 5580144 3155144     cutoff   71      6592.00000 5989.59875  9.14%  77.4 10710s
 5583694 3157268 6333.21815   72  153 6592.00000 5989.60434  9.14%  77.4 10717s
 5586070 3158104 6356.07120   71  215 6592.00000 5989.60508  9.14%  77.4 10721s
 5587936 3159555 6393.59190   68   74 6592.00000 5989.61203  9.14%  77.4 10725s
 5590649 3161139 6463.64045   69   66 6592.00000 5989.61538  9.14%  77.4 10730s
 5592180 3161223 6509.71309  101   54 6592.00000 5989.61816  9.14%  77.4 10735s
 5594617 3163005 6212.85500   68   23 6592.00000 5989.62204  9.14%  77.4 10742s
 5597146 3164861 6517.55876   70  164 6592.00000 5989.62500  9.14%  77.4 10747s
 5600128 3166220     cutoff   91      6592.00000 5989.62505  9.14%  77.4 10751s
 5602527 3167319 6049.71446   59   27 6592.00000 5989.62857  9.14%  77.4 10756s
 5604773 3168551 6413.75902   79   44 6592.00000 5989.63061  9.14%  77.4 10761s
 5607266 3170253 6018.33076   50   19 6592.00000 5989.63597  9.14%  77.4 10766s
 5610972 3171541 6408.35454   66  162 6592.00000 5989.64126  9.14%  77.4 10770s
 5613388 3173498 6469.12625   85  158 6592.00000 5989.64495  9.14%  77.4 10775s
 5617157 3175684 6356.52564   79  165 6592.00000 5989.65000  9.14%  77.4 10781s
 5619565 3177355 6148.56802   59  252 6592.00000 5989.65385  9.14%  77.4 10785s
 5623579 3179106 6422.15708   70  219 6592.00000 5989.65944  9.14%  77.4 10790s
 5626085 3180997 6106.88125   64   44 6592.00000 5989.66458  9.14%  77.4 10797s
 5628781 3182042 6137.03263   84  190 6592.00000 5989.66717  9.14%  77.4 10801s
 5631595 3183408 6426.81914   65  188 6592.00000 5989.67143  9.14%  77.4 10805s
 5633506 3184458     cutoff   59      6592.00000 5989.67628  9.14%  77.4 10810s
 5637723 3186704 6205.39949   75  257 6592.00000 5989.68421  9.14%  77.4 10816s
 5639802 3187745 6120.97177   64  159 6592.00000 5989.68699  9.14%  77.4 10820s
 5640790 3188080 6115.00000   46   20 6592.00000 5989.68966  9.14%  77.4 10825s
 5643658 3190176 6007.90065   56   97 6592.00000 5989.69432  9.14%  77.4 10832s
 5645922 3191083 6359.00667   66   19 6592.00000 5989.69905  9.14%  77.4 10836s
 5648856 3192639 6125.95085   64  249 6592.00000 5989.70414  9.14%  77.4 10840s
 5651311 3193748 infeasible   57      6592.00000 5989.70804  9.14%  77.4 10845s
 5653977 3195262 infeasible   72      6592.00000 5989.71335  9.14%  77.4 10851s
 5656594 3196565 6029.42776   89   97 6592.00000 5989.71500  9.14%  77.4 10855s
 5658499 3197748 6117.11932   60   56 6592.00000 5989.72132  9.14%  77.4 10860s
 5661534 3199497     cutoff   70      6592.00000 5989.72646  9.14%  77.4 10867s
 5664381 3201011 6090.91757   62  156 6592.00000 5989.73042  9.14%  77.4 10872s
 5666312 3202400 6331.47644   70  142 6592.00000 5989.73325  9.14%  77.4 10876s
 5668752 3203914 6398.04083   64  253 6592.00000 5989.73762  9.14%  77.4 10881s
 5671855 3205826 6159.69453   93  179 6592.00000 5989.73990  9.14%  77.4 10885s
 5674790 3207119 6071.84375   56   60 6592.00000 5989.74437  9.14%  77.4 10890s
 5678320 3209054 infeasible   62      6592.00000 5989.75066  9.14%  77.4 10896s
 5680251 3210598 6390.34813   62  236 6592.00000 5989.75377  9.14%  77.4 10900s
 5683432 3211787 6023.80809   63   57 6592.00000 5989.76047  9.14%  77.4 10907s
 5685806 3213138 6235.64672   54  241 6592.00000 5989.76431  9.14%  77.4 10911s
 5687850 3214469     cutoff   60      6592.00000 5989.76774  9.14%  77.4 10916s
 5690461 3216199     cutoff   68      6592.00000 5989.77215  9.14%  77.4 10920s
 5695036 3218417 infeasible   61      6592.00000 5989.77842  9.14%  77.4 10926s
 5697168 3219368 6551.97519   78   47 6592.00000 5989.77921  9.14%  77.4 10930s
 5699593 3220001 6417.97076   70  142 6592.00000 5989.78588  9.14%  77.4 10935s
 5700184 3221107 6129.58613   95   79 6592.00000 5989.78632  9.14%  77.4 10940s
 5703026 3223141 6332.67583   65   30 6592.00000 5989.79113  9.14%  77.4 10946s
 5706510 3224549 6043.24000   62    3 6592.00000 5989.79739  9.14%  77.4 10950s
 5709200 3225616 infeasible   57      6592.00000 5989.80198  9.14%  77.4 10955s
 5712626 3227685 6341.94268   85  214 6592.00000 5989.80585  9.14%  77.4 10961s
 5715527 3229076 6386.53635   74  146 6592.00000 5989.81000  9.14%  77.4 10966s
 5717463 3230154 6128.19094   75  104 6592.00000 5989.81199  9.14%  77.4 10971s
 5719768 3231341 6108.53995   51  223 6592.00000 5989.81807  9.14%  77.4 10976s
 5722858 3232882 infeasible   66      6592.00000 5989.82351  9.13%  77.4 10981s
 5725372 3234810 6279.24495   85  213 6592.00000 5989.82803  9.13%  77.4 10987s
 5728800 3236361     cutoff   64      6592.00000 5989.83383  9.13%  77.4 10991s
 5731353 3237525 6084.96613   66   65 6592.00000 5989.83775  9.13%  77.4 10996s
 5733766 3238882 6158.45833   54   22 6592.00000 5989.84285  9.13%  77.4 11000s
 5735978 3240453 6095.96010   59   67 6592.00000 5989.84800  9.13%  77.4 11005s
 5739546 3242123 6211.92441  109   45 6592.00000 5989.85323  9.13%  77.4 11011s
 5741672 3242953 6109.85330   59  125 6592.00000 5989.85714  9.13%  77.4 11015s
 5745429 3245186 6399.71167   81   20 6592.00000 5989.86481  9.13%  77.4 11021s
 5748000 3246533 6089.84000   65   10 6592.00000 5989.86759  9.13%  77.4 11026s
 5750291 3247810 6135.27000   56   19 6592.00000 5989.87273  9.13%  77.4 11030s
 5752745 3249124 6073.24061   53   56 6592.00000 5989.87502  9.13%  77.4 11035s
 5755190 3250794 6017.12910   74  185 6592.00000 5989.88158  9.13%  77.4 11040s
 5756907 3250946     cutoff   92      6592.00000 5989.88311  9.13%  77.4 11045s
 5759490 3253113 6081.73461   59   71 6592.00000 5989.88889  9.13%  77.4 11052s
 5761172 3253691 6098.03782   61  232 6592.00000 5989.89007  9.13%  77.4 11055s
 5764901 3255853 6052.60727   51   99 6592.00000 5989.89474  9.13%  77.4 11062s
 5767741 3257401 6378.80333   85   14 6592.00000 5989.89984  9.13%  77.4 11066s
 5769931 3258736 6189.12737   58  230 6592.00000 5989.90267  9.13%  77.4 11070s
 5772624 3259904 6003.97333   63   29 6592.00000 5989.90555  9.13%  77.4 11075s
 5776074 3261674 6083.88000   65   17 6592.00000 5989.90958  9.13%  77.4 11080s
 5777636 3262442 6396.86000   80   76 6592.00000 5989.91110  9.13%  77.4 11085s
 5781405 3264702 5997.76792   64   47 6592.00000 5989.91966  9.13%  77.4 11092s
 5783746 3266109     cutoff   74      6592.00000 5989.92218  9.13%  77.4 11096s
 5786216 3267528 6160.84850   54   81 6592.00000 5989.92695  9.13%  77.4 11100s
 5789893 3270071 6192.40000   76   17 6592.00000 5989.93304  9.13%  77.4 11107s
 5792744 3270934 infeasible   74      6592.00000 5989.93461  9.13%  77.3 11110s
 5796175 3272968 6197.77657   87   50 6592.00000 5989.93914  9.13%  77.4 11116s
 5798202 3273927 6348.36003   67   67 6592.00000 5989.94113  9.13%  77.4 11120s
 5801417 3275757     cutoff   64      6592.00000 5989.94643  9.13%  77.4 11126s
 5803769 3277049 6452.80216  130   49 6592.00000 5989.94825  9.13%  77.4 11130s
 5807263 3279200 6336.11591   89  153 6592.00000 5989.95240  9.13%  77.4 11136s
 5809860 3280591 6025.49580   54  156 6592.00000 5989.95803  9.13%  77.4 11141s
 5812475 3282217 infeasible   77      6592.00000 5989.96191  9.13%  77.4 11146s
 5815107 3282830 6155.69723   67  204 6592.00000 5989.96534  9.13%  77.4 11151s
 5815475 3283513 infeasible   72      6592.00000 5989.96534  9.13%  77.4 11156s
 5817597 3284835 6506.53805   53  146 6592.00000 5989.96903  9.13%  77.4 11162s
 5820155 3286187 6094.31879   63   94 6592.00000 5989.97403  9.13%  77.4 11167s
 5822985 3287743 6294.00000   96   78 6592.00000 5989.97923  9.13%  77.4 11172s
 5825626 3289101 6275.42667   62  112 6592.00000 5989.98374  9.13%  77.4 11176s
 5828210 3290389 6034.99251   72   55 6592.00000 5989.98741  9.13%  77.4 11181s
 5830446 3291722 6496.02106   58  270 6592.00000 5989.99106  9.13%  77.4 11185s
 5833992 3293413 6004.11713   53  124 6592.00000 5989.99664  9.13%  77.4 11192s
 5835372 3294021 6507.97299   73  142 6592.00000 5990.00000  9.13%  77.4 11197s
 5837074 3295066     cutoff   75      6592.00000 5990.00000  9.13%  77.4 11202s
 5839332 3296023 5995.08906   66   85 6592.00000 5990.00000  9.13%  77.4 11206s
 5841697 3297323 6291.88693   52  139 6592.00000 5990.00000  9.13%  77.4 11211s
 5843977 3298432     cutoff   60      6592.00000 5990.00000  9.13%  77.4 11217s
 5844834 3299088 6081.97641   64  297 6592.00000 5990.00000  9.13%  77.4 11220s
 5846364 3299862 6080.35049   69  122 6592.00000 5990.00000  9.13%  77.4 11226s
 5847446 3300473 6463.26148   68   87 6592.00000 5990.00000  9.13%  77.4 11230s
 5850429 3302064 infeasible   56      6592.00000 5990.00000  9.13%  77.4 11237s
 5851563 3302627 6314.62803   78  162 6592.00000 5990.00000  9.13%  77.4 11241s
 5853884 3303952 6086.26159   42  106 6592.00000 5990.00000  9.13%  77.4 11248s
 5855228 3304476     cutoff   88      6592.00000 5990.00000  9.13%  77.4 11251s
 5856942 3305417 6247.96212   61   54 6592.00000 5990.00000  9.13%  77.4 11255s
 5859262 3306890     cutoff  105      6592.00000 5990.00000  9.13%  77.4 11261s
 5862076 3308610 6147.51809   64  258 6592.00000 5990.00000  9.13%  77.4 11267s
 5863860 3308931 6210.60000   60   66 6592.00000 5990.00000  9.13%  77.4 11270s
 5864581 3309879 6251.06971   63  192 6592.00000 5990.00000  9.13%  77.4 11278s
 5866436 3310948 6463.43398   59  132 6592.00000 5990.00193  9.13%  77.4 11282s
 5868287 3311948     cutoff  118      6592.00000 5990.00508  9.13%  77.4 11285s
 5871471 3313603 6432.26400   61  183 6592.00000 5990.01151  9.13%  77.4 11291s
 5874434 3314961     cutoff   71      6592.00000 5990.01552  9.13%  77.4 11296s
 5876782 3316173 6519.08819   80  160 6592.00000 5990.02000  9.13%  77.4 11302s
 5879705 3317718 6324.38195   63  272 6592.00000 5990.02259  9.13%  77.4 11306s
 5882583 3319277 6195.91024   46  242 6592.00000 5990.02800  9.13%  77.4 11311s
 5885790 3320850 6536.16289   87  185 6592.00000 5990.03220  9.13%  77.4 11316s
 5887763 3322461 5991.71283   68   87 6592.00000 5990.03525  9.13%  77.4 11320s
 5891102 3324248 6092.12247   64  144 6592.00000 5990.04028  9.13%  77.4 11326s
 5893757 3325792 6103.27647   64  187 6592.00000 5990.04464  9.13%  77.4 11330s
 5897848 3327403 6034.58101   52   40 6592.00000 5990.04955  9.13%  77.4 11336s
 5899260 3328226 6262.12210   62   14 6592.00000 5990.05181  9.13%  77.4 11340s
 5902573 3330090 infeasible   56      6592.00000 5990.05699  9.13%  77.4 11346s
 5905194 3331615 6469.38907   98  191 6592.00000 5990.06266  9.13%  77.4 11350s
 5908486 3333441 6144.61925   72  190 6592.00000 5990.06939  9.13%  77.4 11356s
 5910287 3334679 6022.52260   53   99 6592.00000 5990.07368  9.13%  77.4 11360s
 5912489 3335584     cutoff   54      6592.00000 5990.07708  9.13%  77.4 11365s
 5915633 3337307 6221.79578   64   90 6592.00000 5990.08143  9.13%  77.4 11371s
 5917713 3338385 6311.48018   69   61 6592.00000 5990.08418  9.13%  77.4 11376s
 5920785 3339987 6125.82955   49   71 6592.00000 5990.09055  9.13%  77.4 11380s
 5923594 3341608 6210.42000   74   12 6592.00000 5990.09606  9.13%  77.4 11385s
 5926914 3343678 6045.23333   53   69 6592.00000 5990.10024  9.13%  77.4 11391s
 5929104 3344809 6382.18182   77   49 6592.00000 5990.10294  9.13%  77.4 11395s
 5931933 3346876 6460.41865   80  142 6592.00000 5990.10827  9.13%  77.4 11400s
 5934546 3347863 6063.82597   56  124 6592.00000 5990.11201  9.13%  77.4 11405s
 5935305 3347880 6285.81364   56  147 6592.00000 5990.11412  9.13%  77.4 11410s
 5936611 3349245 6302.69168   57  184 6592.00000 5990.11703  9.13%  77.4 11416s
 5938799 3350243 6463.36884   63  147 6592.00000 5990.12139  9.13%  77.4 11422s
 5939724 3351012 6179.11261   59  200 6592.00000 5990.12188  9.13%  77.4 11425s
 5942432 3352114 infeasible   69      6592.00000 5990.12624  9.13%  77.4 11430s
 5945230 3353663 6131.06381   60   84 6592.00000 5990.13358  9.13%  77.4 11435s
 5947951 3355097 6174.17106   66   36 6592.00000 5990.13740  9.13%  77.4 11440s
 5951222 3356740 6006.86833   55   15 6592.00000 5990.14389  9.13%  77.4 11445s
 5953493 3358205 6437.32548   59   10 6592.00000 5990.14875  9.13%  77.4 11450s
 5957209 3360163 6355.13282   79  172 6592.00000 5990.15575  9.13%  77.4 11456s
 5959419 3361360 6369.71451   82  183 6592.00000 5990.15698  9.13%  77.4 11460s
 5963684 3363530 6233.99225   65   49 6592.00000 5990.16647  9.13%  77.4 11466s
 5965371 3364988 6411.43925   62  268 6592.00000 5990.17046  9.13%  77.4 11470s
 5968079 3366143 6266.66568   63   86 6592.00000 5990.17523  9.13%  77.4 11475s
 5971059 3367818 6355.34000   64   20 6592.00000 5990.17727  9.13%  77.4 11482s
 5973266 3369704 6435.58399   85   81 6592.00000 5990.18166  9.13%  77.4 11486s
 5975968 3370629 6069.62314   59   93 6592.00000 5990.18579  9.13%  77.4 11490s
 5978854 3372346     cutoff   85      6592.00000 5990.19067  9.13%  77.4 11495s
 5981767 3373779 6094.80514   68   90 6592.00000 5990.19528  9.13%  77.4 11501s
 5983895 3374987 6096.14954   55  227 6592.00000 5990.19938  9.13%  77.4 11506s
 5986167 3376147 infeasible   73      6592.00000 5990.20141  9.13%  77.4 11510s
 5989419 3377717 6386.07052   63  281 6592.00000 5990.20675  9.13%  77.4 11516s
 5991517 3378790 6438.01639   94   91 6592.00000 5990.20943  9.13%  77.4 11521s
 5994354 3380198 6239.57882   73   47 6592.00000 5990.21469  9.13%  77.4 11525s
 5996662 3381369 6305.33563   58   53 6592.00000 5990.21784  9.13%  77.4 11530s
 6000215 3383255 6280.14146   53  177 6592.00000 5990.22389  9.13%  77.4 11536s
 6002414 3384688 6337.73321   71  159 6592.00000 5990.22757  9.13%  77.4 11540s
 6006040 3386724 6122.30873   53  277 6592.00000 5990.23358  9.13%  77.4 11546s
 6008704 3388142 6213.66000   55   16 6592.00000 5990.23810  9.13%  77.4 11550s
 6011243 3389693 6068.33333   69   42 6592.00000 5990.24111  9.13%  77.4 11556s
 6013928 3390998 infeasible   71      6592.00000 5990.24691  9.13%  77.4 11560s
 6017593 3393260 6142.39511   64  204 6592.00000 5990.25157  9.13%  77.4 11566s
 6020466 3394663 6138.98801   69  153 6592.00000 5990.25346  9.13%  77.4 11571s
 6022950 3395925 6013.48176   57   50 6592.00000 5990.26023  9.13%  77.4 11575s
 6026109 3397800 6153.11035   56  184 6592.00000 5990.26254  9.13%  77.4 11581s
 6028363 3399136 6312.48246   68   68 6592.00000 5990.26784  9.13%  77.4 11586s
 6031282 3400741     cutoff   86      6592.00000 5990.27213  9.13%  77.4 11590s
 6034568 3402611 6174.45963   71   88 6592.00000 5990.27838  9.13%  77.4 11595s
 6038162 3404840 infeasible   70      6592.00000 5990.28463  9.13%  77.4 11601s
 6040599 3405881 6511.99643   66  213 6592.00000 5990.28714  9.13%  77.4 11605s
 6043209 3406600 6503.20791   72  229 6592.00000 5990.29275  9.13%  77.4 11610s
 6043247 3406706 infeasible   74      6592.00000 5990.29278  9.13%  77.4 11615s
 6045230 3408199 6198.51500   69   50 6592.00000 5990.29701  9.13%  77.4 11621s
 6047266 3409338 6003.23448   58   33 6592.00000 5990.30142  9.13%  77.4 11626s
 6050071 3411173 6530.14491   61  267 6592.00000 5990.30480  9.13%  77.4 11631s
 6052837 3412726 6316.18854   63  171 6592.00000 5990.30769  9.13%  77.4 11635s
 6056676 3414357 6288.81002   72  167 6592.00000 5990.31461  9.13%  77.4 11641s
 6059291 3415875 infeasible   73      6592.00000 5990.31974  9.13%  77.4 11645s
 6062524 3418282 6307.00714   96   16 6592.00000 5990.32557  9.13%  77.4 11651s
 6065569 3419457 6023.17436   65  112 6592.00000 5990.32933  9.13%  77.4 11657s
 6068466 3421186 infeasible   68      6592.00000 5990.33333  9.13%  77.4 11662s
 6071134 3422631 infeasible   75      6592.00000 5990.33900  9.13%  77.4 11666s
 6073466 3423833 infeasible   78      6592.00000 5990.34426  9.13%  77.4 11670s
 6075680 3424959 6419.42702   94  137 6592.00000 5990.34750  9.13%  77.4 11675s
 6079137 3427299 6238.56502   56  140 6592.00000 5990.35417  9.13%  77.4 11681s
 6082090 3428181 infeasible   68      6592.00000 5990.36031  9.13%  77.4 11686s
 6082823 3429121 6284.34591   92  197 6592.00000 5990.36164  9.13%  77.4 11690s
 6086060 3431075 6389.94523   84  219 6592.00000 5990.36670  9.13%  77.4 11695s
 6089325 3432478 6236.18042   83  159 6592.00000 5990.37459  9.13%  77.4 11700s
 6093664 3434449 5991.43905   58   44 6592.00000 5990.37893  9.13%  77.4 11706s
 6095773 3435760 6311.34496   66  239 6592.00000 5990.38390  9.13%  77.4 11711s
 6097762 3436985 6310.51000   70   91 6592.00000 5990.38659  9.13%  77.4 11715s
 6100134 3438035 6216.11678   81  163 6592.00000 5990.38993  9.13%  77.4 11720s
 6102683 3440046 6082.41136   71  140 6592.00000 5990.39340  9.13%  77.4 11725s
 6107226 3441993 6255.74619   75  207 6592.00000 5990.40175  9.13%  77.4 11730s
 6110431 3443909 6547.74364   59  218 6592.00000 5990.40950  9.13%  77.4 11736s
 6112760 3445333     cutoff   85      6592.00000 5990.41429  9.13%  77.4 11740s
 6116087 3446486 6053.79483   55   64 6592.00000 5990.41991  9.13%  77.4 11746s
 6117969 3447744 6276.83288   67  210 6592.00000 5990.42333  9.13%  77.4 11751s
 6120754 3448859 6464.71833   74   24 6592.00000 5990.42643  9.13%  77.4 11756s
 6122254 3449975 infeasible   79      6592.00000 5990.42817  9.13%  77.4 11761s
 6124678 3451588 6212.21750   69    6 6592.00000 5990.43279  9.13%  77.4 11766s
 6127698 3453272 6088.60965   61  169 6592.00000 5990.43827  9.13%  77.4 11771s
 6130534 3454800 6280.30333   64   18 6592.00000 5990.44335  9.13%  77.4 11775s
 6134579 3456647 6035.91703   56  143 6592.00000 5990.44791  9.13%  77.3 11782s
 6136775 3458024 6469.90308   66  278 6592.00000 5990.45333  9.13%  77.3 11786s
 6139386 3459407 6223.07081   73  161 6592.00000 5990.45615  9.13%  77.3 11791s
 6142215 3460940 infeasible   74      6592.00000 5990.45953  9.13%  77.3 11795s
 6145575 3462653 5997.06061   66   60 6592.00000 5990.46634  9.13%  77.4 11801s
 6147719 3463986 6453.61167   70   41 6592.00000 5990.46979  9.13%  77.4 11805s
 6150173 3464673 6239.10686   69  171 6592.00000 5990.47340  9.13%  77.4 11812s
 6151280 3465841 6383.22820   74  230 6592.00000 5990.47662  9.13%  77.4 11816s
 6153740 3467059 6190.55959   57  138 6592.00000 5990.48067  9.12%  77.4 11821s
 6155850 3468862 6041.48231   60  187 6592.00000 5990.48397  9.12%  77.4 11826s
 6159763 3470506 6201.65039   62   70 6592.00000 5990.48980  9.12%  77.4 11831s
 6161785 3471509 infeasible   61      6592.00000 5990.49316  9.12%  77.4 11835s
 6164990 3473787 infeasible   90      6592.00000 5990.49603  9.12%  77.4 11841s
 6167574 3474925 5994.53746   55   40 6592.00000 5990.50000  9.12%  77.3 11845s
 6168770 3475640 infeasible   71      6592.00000 5990.50000  9.12%  77.3 11850s
 6172624 3477791 6138.09905   51  144 6592.00000 5990.50705  9.12%  77.3 11856s
 6175221 3479750 6189.60949   69  216 6592.00000 5990.51105  9.12%  77.3 11861s
 6179783 3481596 6201.76507   81  263 6592.00000 5990.51723  9.12%  77.3 11866s
 6182131 3482903 6105.00000   58   16 6592.00000 5990.52118  9.12%  77.3 11870s
 6185477 3484711 6204.66256   86   51 6592.00000 5990.52665  9.12%  77.3 11876s
 6187446 3485510 6390.62982   64  219 6592.00000 5990.52958  9.12%  77.3 11880s
 6190524 3487622 6311.35130   76   51 6592.00000 5990.53415  9.12%  77.3 11886s
 6193260 3488965 5991.93766   64  112 6592.00000 5990.53846  9.12%  77.3 11891s
 6195678 3490470 6532.29763   65  232 6592.00000 5990.54112  9.12%  77.3 11895s
 6199335 3492550 infeasible   73      6592.00000 5990.54654  9.12%  77.3 11901s
 6201902 3493657 6358.40000   66   49 6592.00000 5990.55196  9.12%  77.3 11905s
 6205563 3495299 infeasible   60      6592.00000 5990.55813  9.12%  77.3 11911s
 6207429 3496402 infeasible   65      6592.00000 5990.56143  9.12%  77.3 11916s
 6209820 3497799 6151.27261   67  154 6592.00000 5990.56667  9.12%  77.3 11920s
 6212730 3498960 6521.20790   72   54 6592.00000 5990.57145  9.12%  77.3 11926s
 6213925 3500059 6128.15282   57   37 6592.00000 5990.57444  9.12%  77.3 11930s
 6217140 3501359 6434.63946   72  109 6592.00000 5990.58045  9.12%  77.3 11937s
 6219178 3503055 6214.73283   73   71 6592.00000 5990.58359  9.12%  77.3 11941s
 6221909 3504776 6331.87207   80  154 6592.00000 5990.58872  9.12%  77.3 11946s
 6224854 3506360 6278.33306   57  297 6592.00000 5990.59375  9.12%  77.3 11950s
 6227409 3507520 6100.93895   59   83 6592.00000 5990.59883  9.12%  77.3 11955s
 6230784 3508899 6128.29917   68   59 6592.00000 5990.60444  9.12%  77.3 11961s
 6232353 3510240 6086.13817   76   65 6592.00000 5990.60863  9.12%  77.3 11966s
 6235722 3511843 6194.13779   67   47 6592.00000 5990.61246  9.12%  77.3 11970s
 6237717 3513314 6025.86362   55  142 6592.00000 5990.61642  9.12%  77.3 11975s
 6241945 3515164 6216.80500   59   27 6592.00000 5990.62176  9.12%  77.3 11981s
 6243872 3516129 6152.75852   55  268 6592.00000 5990.62399  9.12%  77.3 11985s
 6247795 3518199 6426.57318   67  164 6592.00000 5990.63187  9.12%  77.3 11992s
 6249601 3519697 6308.23417   73   21 6592.00000 5990.63486  9.12%  77.3 11996s
 6252449 3521315 6172.67000   67    3 6592.00000 5990.63906  9.12%  77.3 12000s
 6255842 3523067 6081.78000   62   10 6592.00000 5990.64134  9.12%  77.3 12005s
 6259182 3524662     cutoff   71      6592.00000 5990.64972  9.12%  77.3 12012s
 6261540 3525795     cutoff   63      6592.00000 5990.65436  9.12%  77.3 12016s
 6264705 3527209 infeasible   69      6592.00000 5990.66106  9.12%  77.3 12020s
 6267192 3528530 6031.24595   51   70 6592.00000 5990.66500  9.12%  77.3 12026s
 6268030 3528689 6306.55826   87  180 6592.00000 5990.66615  9.12%  77.3 12031s
 6269373 3529753 infeasible   64      6592.00000 5990.66802  9.12%  77.3 12036s
 6271898 3531279 6109.99211   75   67 6592.00000 5990.67304  9.12%  77.3 12040s
 6274786 3532987 6330.51667   64   25 6592.00000 5990.67647  9.12%  77.3 12045s
 6277783 3534626 6315.88445   65  234 6592.00000 5990.67944  9.12%  77.3 12050s
 6281046 3536293 6020.82627   59  177 6592.00000 5990.68547  9.12%  77.3 12056s
 6283686 3537875 6234.26598   76  197 6592.00000 5990.68976  9.12%  77.3 12061s
 6285946 3538942 6017.86768   53   86 6592.00000 5990.69489  9.12%  77.3 12065s
 6288482 3540420 6005.17855   56   56 6592.00000 5990.69922  9.12%  77.3 12070s
 6292426 3542660 6296.54400   66  243 6592.00000 5990.70684  9.12%  77.3 12076s
 6294545 3543612 6489.16667   61   25 6592.00000 5990.71000  9.12%  77.3 12081s
 6297458 3545303 6081.77596   64   33 6592.00000 5990.71336  9.12%  77.3 12085s
 6299969 3547021 6142.85006   86  206 6592.00000 5990.72059  9.12%  77.3 12090s
 6303863 3549019 6226.13500   55   24 6592.00000 5990.72771  9.12%  77.3 12096s
 6306563 3550282 6010.50895   55  101 6592.00000 5990.73237  9.12%  77.3 12100s
 6310014 3552344 6081.36420   76   18 6592.00000 5990.73648  9.12%  77.3 12106s
 6314307 3554451 6031.72786   53   26 6592.00000 5990.74293  9.12%  77.3 12111s
 6316129 3555501 6488.06707   83  189 6592.00000 5990.74584  9.12%  77.3 12115s
 6319640 3557319 6458.76842   99   68 6592.00000 5990.75131  9.12%  77.3 12121s
 6321914 3558672 6311.31706   61   52 6592.00000 5990.75652  9.12%  77.3 12125s
 6325124 3560650 5998.11991   57  103 6592.00000 5990.76272  9.12%  77.3 12132s
 6327566 3561759 6233.04286   71  101 6592.00000 5990.76690  9.12%  77.3 12136s
 6329496 3563209 6511.99827   65  227 6592.00000 5990.76997  9.12%  77.3 12141s
 6331966 3563761 6204.13285   60  216 6592.00000 5990.77126  9.12%  77.3 12146s
 6332168 3564114     cutoff   62      6592.00000 5990.77126  9.12%  77.3 12151s
 6333702 3565369 6142.58667   64   69 6592.00000 5990.77668  9.12%  77.3 12156s
 6335951 3566686 6068.80000   60   10 6592.00000 5990.78000  9.12%  77.3 12161s
 6338742 3568190 6514.51524   72  166 6592.00000 5990.78342  9.12%  77.3 12166s
 6342367 3570219 6197.57344   77  157 6592.00000 5990.79034  9.12%  77.3 12170s
 6344844 3571409 6362.72011   62  159 6592.00000 5990.79325  9.12%  77.3 12175s
 6348035 3572915 infeasible   70      6592.00000 5990.79939  9.12%  77.3 12181s
 6349935 3573961 6311.36326   78   99 6592.00000 5990.80385  9.12%  77.3 12185s
 6352463 3575222     cutoff   71      6592.00000 5990.80973  9.12%  77.3 12190s
 6356061 3577453 6342.35251   82  213 6592.00000 5990.81250  9.12%  77.3 12196s
 6358382 3578569 6455.35943   93  125 6592.00000 5990.81380  9.12%  77.3 12200s
 6360683 3579717 infeasible   63      6592.00000 5990.82143  9.12%  77.3 12205s
 6364456 3581748 6246.74837  107  156 6592.00000 5990.82915  9.12%  77.3 12211s
 6366664 3582891 6300.69500   64   24 6592.00000 5990.83288  9.12%  77.3 12216s
 6369118 3584504     cutoff   78      6592.00000 5990.83434  9.12%  77.3 12220s
 6372188 3585861 infeasible  116      6592.00000 5990.83771  9.12%  77.3 12225s
 6374854 3587947 6105.76439   53   91 6592.00000 5990.84211  9.12%  77.3 12232s
 6377861 3589693 6206.07960   66  284 6592.00000 5990.84706  9.12%  77.3 12236s
 6380871 3590979 6125.48901   83  169 6592.00000 5990.85000  9.12%  77.3 12241s
 6383195 3592096 6153.66076   56  263 6592.00000 5990.85415  9.12%  77.3 12245s
 6387581 3594556 6462.33104   71  252 6592.00000 5990.85910  9.12%  77.3 12251s
 6389811 3596121 6213.54701   69  143 6592.00000 5990.86500  9.12%  77.3 12255s
 6392639 3597153     cutoff   71      6592.00000 5990.86918  9.12%  77.3 12260s
 6395692 3598631 5991.07774   64   89 6592.00000 5990.87179  9.12%  77.3 12266s
 6397779 3600038 6215.43643   50  269 6592.00000 5990.87810  9.12%  77.3 12270s
 6400061 3601024 6289.25799   66  100 6592.00000 5990.88044  9.12%  77.3 12275s
 6403162 3602755 6362.39439   80  147 6592.00000 5990.88462  9.12%  77.3 12280s
 6405221 3603773 6010.91711   64  114 6592.00000 5990.88769  9.12%  77.3 12285s
 6408486 3606066 6469.96234   90  208 6592.00000 5990.89116  9.12%  77.3 12292s
 6411292 3607265 6239.94434   62   97 6592.00000 5990.89605  9.12%  77.3 12297s
 6414591 3609072 6414.69389   70  248 6592.00000 5990.90066  9.12%  77.3 12301s
 6416567 3610039 6460.06065   85  166 6592.00000 5990.90383  9.12%  77.3 12305s
 6419174 3611179 6027.42802   49   46 6592.00000 5990.90845  9.12%  77.3 12310s
 6419730 3611196 6225.03833   54   16 6592.00000 5990.90845  9.12%  77.3 12316s
 6420306 3611973 6181.04567   52  132 6592.00000 5990.90862  9.12%  77.3 12320s
 6422561 3613277 6374.90623   69  213 6592.00000 5990.91489  9.12%  77.3 12325s
 6425013 3614826 6010.43388   60  106 6592.00000 5990.92000  9.12%  77.3 12330s
 6428580 3616368 6094.63965   57   72 6592.00000 5990.92563  9.12%  77.3 12337s
 6429460 3617618 6008.29755   49  102 6592.00000 5990.92593  9.12%  77.3 12340s
 6433903 3619467 6357.77277   70   70 6592.00000 5990.93305  9.12%  77.3 12346s
 6436646 3621036 6195.83333   67   14 6592.00000 5990.93709  9.12%  77.3 12351s
 6438828 3622290 6432.95620   63  237 6592.00000 5990.94000  9.12%  77.3 12355s
 6441773 3623657 infeasible   64      6592.00000 5990.94481  9.12%  77.3 12360s
 6445370 3625094 infeasible   79      6592.00000 5990.95023  9.12%  77.3 12367s
 6448283 3626544 6425.81896   75   68 6592.00000 5990.95457  9.12%  77.3 12370s
 6450640 3628010 6038.55566   50   80 6592.00000 5990.95775  9.12%  77.3 12376s
 6452939 3629357 6220.17307   59   94 6592.00000 5990.96044  9.12%  77.3 12380s
 6456623 3631499 6552.78125   70  136 6592.00000 5990.96458  9.12%  77.3 12386s
 6458868 3632577 6105.91975   77  135 6592.00000 5990.96996  9.12%  77.3 12391s
 6461620 3634002 6210.46846   70  187 6592.00000 5990.97241  9.12%  77.3 12395s
 6463595 3635143 6241.84000   59    7 6592.00000 5990.97744  9.12%  77.3 12400s
 6467215 3637276 6448.11111   82   39 6592.00000 5990.98324  9.12%  77.3 12406s
 6470402 3638690 6269.12500   56   17 6592.00000 5990.99058  9.12%  77.3 12411s
 6472532 3639828 6235.57250   77   35 6592.00000 5990.99593  9.12%  77.3 12415s
 6474593 3641289 6360.30883   87  164 6592.00000 5990.99950  9.12%  77.3 12420s
 6478263 3642972 6452.16615   75  138 6592.00000 5991.00000  9.12%  77.3 12426s
 6480546 3644329 6205.18000   48   39 6592.00000 5991.00000  9.12%  77.3 12430s
 6482348 3644968 6212.30522   80  264 6592.00000 5991.00000  9.12%  77.3 12435s
 6483833 3646661 infeasible   57      6592.00000 5991.00000  9.12%  77.3 12441s
 6486873 3647605 6506.57650   61  120 6592.00000 5991.00000  9.12%  77.3 12446s
 6488860 3648906 6513.42747   58  147 6592.00000 5991.00000  9.12%  77.3 12452s
 6490357 3649321 6302.53777   67  201 6592.00000 5991.00000  9.12%  77.3 12455s
 6492415 3650584 6232.78977   63  182 6592.00000 5991.00000  9.12%  77.3 12460s
 6494510 3651571 6224.12500   56   12 6592.00000 5991.00000  9.12%  77.3 12466s
 6496816 3652680 6348.76839   65  209 6592.00000 5991.00000  9.12%  77.3 12472s
 6497988 3653817 6184.65921   52  122 6592.00000 5991.00000  9.12%  77.3 12475s
 6501049 3654891     cutoff   65      6592.00000 5991.00000  9.12%  77.3 12480s
 6503859 3656378 6203.44643   58    8 6592.00000 5991.00000  9.12%  77.3 12486s
 6505673 3657857 6037.30700   56  174 6592.00000 5991.00000  9.12%  77.3 12490s
 6508276 3658732 6310.42840   61  203 6592.00000 5991.00000  9.12%  77.3 12496s
 6510069 3659876 6278.63760   80  211 6592.00000 5991.00000  9.12%  77.4 12501s
 6512250 3660867 6380.65137   69  220 6592.00000 5991.00000  9.12%  77.4 12506s
 6514562 3661972 5998.47544   64  147 6592.00000 5991.00000  9.12%  77.4 12512s
 6515589 3661976 infeasible   58      6592.00000 5991.00000  9.12%  77.4 12516s
 6515606 3662007     cutoff   58      6592.00000 5991.00000  9.12%  77.4 12520s
 6516513 3663079 6108.35484   58    8 6592.00000 5991.00000  9.12%  77.4 12525s
 6518952 3664097     cutoff   48      6592.00000 5991.00000  9.12%  77.4 12530s
 6521046 3665763 6289.72847   65  298 6592.00000 5991.00000  9.12%  77.4 12537s
 6523166 3666140 6249.18233   56  160 6592.00000 5991.00000  9.12%  77.4 12540s
 6524915 3667275 6231.75786   53  257 6592.00000 5991.00000  9.12%  77.4 12546s
 6527063 3668745     cutoff   55      6592.00000 5991.00000  9.12%  77.4 12551s
 6529817 3670099 infeasible   76      6592.00000 5991.00000  9.12%  77.4 12557s
 6532705 3671285 6336.69685   60  190 6592.00000 5991.00000  9.12%  77.4 12562s
 6533836 3672038 5991.00000   51   10 6592.00000 5991.00000  9.12%  77.4 12565s
 6536547 3673236 infeasible   80      6592.00000 5991.00000  9.12%  77.4 12570s
 6538198 3674404 6140.32437   60   47 6592.00000 5991.00000  9.12%  77.4 12577s
 6539630 3675786 6559.67417   67  131 6592.00000 5991.00000  9.12%  77.4 12580s
 6542911 3676851 6193.00000   58   74 6592.00000 5991.00000  9.12%  77.4 12586s
 6545217 3678106 6098.09072   72  255 6592.00000 5991.00000  9.12%  77.4 12592s
 6546219 3678819 6098.29681   88  218 6592.00000 5991.00000  9.12%  77.5 12595s
 6548114 3679565 6065.45937   46   92 6592.00000 5991.00000  9.12%  77.5 12601s
 6550008 3681134 6157.11332   47  140 6592.00000 5991.00000  9.12%  77.5 12607s
 6552950 3682738     cutoff   64      6592.00000 5991.00000  9.12%  77.5 12612s
 6554696 3683244     cutoff   68      6592.00000 5991.00000  9.12%  77.5 12615s
 6557908 3684986 6258.46896   45  204 6592.00000 5991.00000  9.12%  77.5 12621s
 6560365 3686537 6054.92865   69  191 6592.00000 5991.00000  9.12%  77.5 12626s
 6562286 3687353 6298.83766   58  252 6592.00000 5991.00000  9.12%  77.5 12631s
 6564647 3688843 6217.36279   57  271 6592.00000 5991.00000  9.12%  77.5 12636s
 6567235 3690136 6273.16333   54   16 6592.00000 5991.00000  9.12%  77.5 12641s
 6569209 3691123 infeasible   69      6592.00000 5991.00000  9.12%  77.5 12646s
 6571117 3692116 6021.55082   50  103 6592.00000 5991.00000  9.12%  77.5 12651s
 6573233 3693695 6339.13702   54  214 6592.00000 5991.00000  9.12%  77.5 12656s
 6575714 3694848 6346.16998   51   74 6592.00000 5991.00000  9.12%  77.5 12662s
 6576953 3695875 6184.30827   52  197 6592.00000 5991.00000  9.12%  77.5 12665s
 6580004 3697056 infeasible   70      6592.00000 5991.00000  9.12%  77.5 12671s
 6582295 3698483 6029.74992   51  115 6592.00000 5991.00000  9.12%  77.5 12676s
 6585688 3699883 6281.27491   47  244 6592.00000 5991.00000  9.12%  77.5 12682s
 6588296 3701235 6431.63923   73  185 6592.00000 5991.00000  9.12%  77.5 12687s
 6590130 3702372 6263.17333   62   19 6592.00000 5991.00000  9.12%  77.5 12692s
 6591148 3703261 6086.50913   48  251 6592.00000 5991.00000  9.12%  77.5 12695s
 6593472 3705046 6418.99460   70  199 6592.00000 5991.00000  9.12%  77.5 12700s
 6596564 3705938 6246.05260   63  181 6592.00000 5991.00000  9.12%  77.5 12706s
 6598917 3707325 6133.03413   59   95 6592.00000 5991.00000  9.12%  77.5 12711s
 6599704 3707780 6145.32167   66   41 6592.00000 5991.00000  9.12%  77.6 12717s
 6601698 3709314 6101.76000   48   24 6592.00000 5991.00000  9.12%  77.6 12722s
 6604523 3710666 infeasible   70      6592.00000 5991.00000  9.12%  77.6 12727s
 6605868 3711150 6199.71070   76  232 6592.00000 5991.00000  9.12%  77.6 12730s
 6608307 3712783 6508.90866   71   32 6592.00000 5991.00000  9.12%  77.6 12735s
 6610703 3713678 6144.64963   53   79 6592.00000 5991.00000  9.12%  77.6 12740s
 6613389 3714997 infeasible   55      6592.00000 5991.00000  9.12%  77.6 12745s
 6615603 3716395 6072.52826   53  231 6592.00000 5991.00000  9.12%  77.6 12750s
 6617589 3717586     cutoff   58      6592.00000 5991.00000  9.12%  77.6 12755s
 6619592 3718776 6202.00000   59   10 6592.00000 5991.00000  9.12%  77.6 12760s
 6622426 3720142     cutoff   73      6592.00000 5991.00000  9.12%  77.6 12766s
 6625307 3721797 6304.49274   59  220 6592.00000 5991.00000  9.12%  77.6 12771s
 6627539 3723202 6541.37060  113  121 6592.00000 5991.00000  9.12%  77.6 12776s
 6630261 3724513 6021.48447   50   65 6592.00000 5991.00000  9.12%  77.6 12780s
 6633448 3726668 6013.30296   55  100 6592.00000 5991.00000  9.12%  77.6 12786s
 6635456 3727547 6425.96442   68   95 6592.00000 5991.00000  9.12%  77.6 12791s
 6637730 3728821 6259.73608   88  240 6592.00000 5991.00000  9.12%  77.6 12795s
 6640193 3730483 6240.01185   90   61 6592.00000 5991.00381  9.12%  77.6 12800s
 6644566 3732548 6187.60000   75   44 6592.00000 5991.01108  9.12%  77.6 12806s
 6646509 3733528 6063.78986   61   69 6592.00000 5991.01473  9.12%  77.6 12811s
 6648920 3734277 6448.52070   72  266 6592.00000 5991.01822  9.12%  77.6 12816s
 6650017 3735487 6281.10042   73  182 6592.00000 5991.02022  9.12%  77.6 12821s
 6652648 3736974 5993.95580   63   37 6592.00000 5991.02457  9.12%  77.6 12826s
 6655392 3738699     cutoff   56      6592.00000 5991.03030  9.12%  77.6 12832s
 6658311 3739842     cutoff   51      6592.00000 5991.03548  9.12%  77.6 12837s
 6660900 3741274 6019.04507   61  137 6592.00000 5991.04000  9.12%  77.6 12841s
 6663007 3742627 6273.37431   58  194 6592.00000 5991.04449  9.12%  77.6 12846s
 6665918 3744333 6297.26051   65  125 6592.00000 5991.04828  9.12%  77.6 12851s
 6668189 3745900 6193.44250   58   22 6592.00000 5991.05186  9.12%  77.6 12856s
 6670899 3747114 infeasible   69      6592.00000 5991.05716  9.12%  77.6 12861s
 6673211 3748554 6009.96765   61   47 6592.00000 5991.05980  9.12%  77.6 12865s
 6677171 3750242 infeasible   76      6592.00000 5991.06635  9.12%  77.6 12871s
 6679775 3751850 6136.66005   61  102 6592.00000 5991.07042  9.12%  77.6 12876s
 6682471 3753187 6476.28404   79  144 6592.00000 5991.07501  9.12%  77.6 12880s
 6685115 3754687 6324.00000   52    4 6592.00000 5991.07892  9.12%  77.6 12885s
 6689166 3756442 6001.00000   51   18 6592.00000 5991.08278  9.12%  77.6 12890s
 6692261 3757957 6089.23333   54   18 6592.00000 5991.08966  9.12%  77.6 12897s
 6694455 3758839 6221.04435   60  242 6592.00000 5991.09278  9.12%  77.6 12901s
 6695002 3759674     cutoff   69      6592.00000 5991.09437  9.12%  77.6 12905s
 6697898 3761318 infeasible   74      6592.00000 5991.10083  9.12%  77.6 12911s
 6699893 3762602 6324.26392   97   60 6592.00000 5991.10435  9.12%  77.6 12916s
 6702321 3763934 infeasible   73      6592.00000 5991.10774  9.12%  77.6 12921s
 6705770 3765341 6497.98833   71   87 6592.00000 5991.11218  9.12%  77.6 12926s
 6707950 3766746 6353.40162   78  202 6592.00000 5991.11700  9.12%  77.6 12930s
 6710404 3767959 6101.40087   53  111 6592.00000 5991.12102  9.12%  77.6 12935s
 6713132 3769506 6009.50667   62   43 6592.00000 5991.12624  9.12%  77.6 12940s
 6717072 3771610 infeasible   53      6592.00000 5991.13254  9.12%  77.6 12947s
 6719597 3772760 6125.39337   55  232 6592.00000 5991.13611  9.12%  77.6 12952s
 6720525 3773690 6175.05745   71  102 6592.00000 5991.14000  9.11%  77.6 12955s
 6724038 3775339 6179.53377   85  267 6592.00000 5991.14397  9.11%  77.6 12960s
 6727617 3777555 6210.62333   60   10 6592.00000 5991.14928  9.11%  77.6 12966s
 6730137 3778610 6437.67791   78  216 6592.00000 5991.15353  9.11%  77.6 12970s
 6732789 3779927 infeasible   79      6592.00000 5991.15833  9.11%  77.6 12975s
 6736384 3781518 6083.08550   71   54 6592.00000 5991.16319  9.11%  77.6 12981s
 6737235 3782166 6377.54633   54  160 6592.00000 5991.16483  9.11%  77.6 12986s
 6738058 3788303 infeasible   78      6592.00000 5991.16690  9.11%  77.6 13012s
 6750058 3789252 infeasible   71      6592.00000 5991.18607  9.11%  77.6 13015s
 6753544 3790958 6014.84254   49   86 6592.00000 5991.19643  9.11%  77.6 13020s
 6757760 3793900 6472.14749   71  166 6592.00000 5991.20315  9.11%  77.6 13027s
 6761207 3794981 6124.92613   92   35 6592.00000 5991.20619  9.11%  77.6 13030s
 6764194 3796516 6325.38310   71   82 6592.00000 5991.21056  9.11%  77.6 13036s
 6766423 3797863     cutoff   96      6592.00000 5991.21344  9.11%  77.6 13040s
 6768042 3799097     cutoff   79      6592.00000 5991.21429  9.11%  77.6 13045s
 6771609 3801038 6304.65940   74   25 6592.00000 5991.21429  9.11%  77.6 13051s
 6773515 3802473 6105.65550   61   44 6592.00000 5991.21429  9.11%  77.6 13056s
 6776635 3803839 6119.91233   65  157 6592.00000 5991.21748  9.11%  77.6 13060s
 6780625 3806137 6448.82000   97   13 6592.00000 5991.22233  9.11%  77.6 13066s
 6784377 3807828 infeasible   75      6592.00000 5991.22945  9.11%  77.6 13071s
 6786235 3809063 6080.86577   63  140 6592.00000 5991.23174  9.11%  77.6 13075s
 6789638 3811116 6302.20833   65   11 6592.00000 5991.23578  9.11%  77.6 13080s
 6792735 3812334 6031.28571   56   29 6592.00000 5991.23988  9.11%  77.6 13086s
 6794425 3813695 infeasible   65      6592.00000 5991.24157  9.11%  77.6 13093s
 6796325 3814996 6455.94156   58  177 6592.00000 5991.24266  9.11%  77.6 13096s
 6798825 3815007 6410.59472  101  174 6592.00000 5991.24639  9.11%  77.6 13102s
 6799092 3815555 6092.29000   68   28 6592.00000 5991.24769  9.11%  77.6 13106s
 6801364 3816808 6195.65778   67   17 6592.00000 5991.25083  9.11%  77.6 13111s
 6803625 3818051 6287.94984   58  225 6592.00000 5991.25292  9.11%  77.6 13116s
 6806639 3819771 6061.02339   69   67 6592.00000 5991.25833  9.11%  77.6 13121s
 6808887 3821047 6096.53273   48  186 6592.00000 5991.26144  9.11%  77.6 13126s
 6811673 3822207 6403.39579   78   93 6592.00000 5991.26580  9.11%  77.6 13131s
 6814688 3824014 infeasible   69      6592.00000 5991.27119  9.11%  77.6 13136s
 6818125 3826066 6491.48373   71  184 6592.00000 5991.27586  9.11%  77.5 13141s
 6820884 3826897 6302.84088   68   91 6592.00000 5991.27897  9.11%  77.5 13146s
 6822263 3827844 6280.79743   67  165 6592.00000 5991.28199  9.11%  77.5 13150s
 6825275 3829797 6224.96657   71  255 6592.00000 5991.28796  9.11%  77.6 13156s
 6827519 3830784 infeasible   63      6592.00000 5991.29000  9.11%  77.6 13160s
 6829537 3831853 6024.82417   55  109 6592.00000 5991.29043  9.11%  77.6 13165s
 6831950 3833540 6209.00000   63   10 6592.00000 5991.29334  9.11%  77.6 13170s
 6835910 3835476 6167.08989   64   29 6592.00000 5991.30007  9.11%  77.6 13176s
 6838619 3836943 6381.74455   86  144 6592.00000 5991.30380  9.11%  77.6 13180s
 6841114 3838192 6023.61195   56   93 6592.00000 5991.30769  9.11%  77.6 13185s
 6844729 3840601 6066.52270   56  152 6592.00000 5991.31363  9.11%  77.6 13191s
 6847496 3841741 6184.97000   82    4 6592.00000 5991.31879  9.11%  77.6 13196s
 6850545 3843450 6015.20922   59   66 6592.00000 5991.32349  9.11%  77.6 13200s
 6853619 3845162 6011.15213   61  146 6592.00000 5991.32882  9.11%  77.6 13206s
 6856030 3846444 6079.37833   62   18 6592.00000 5991.33071  9.11%  77.6 13211s
 6858628 3847777 6415.55937   81  119 6592.00000 5991.33489  9.11%  77.6 13215s
 6860780 3848773 6454.41875   55  233 6592.00000 5991.33917  9.11%  77.6 13220s
 6864480 3850796 6147.58390   63  188 6592.00000 5991.34507  9.11%  77.6 13226s
 6866924 3851950 5999.44500   59   14 6592.00000 5991.34876  9.11%  77.6 13231s
 6869250 3853884 6207.85768   84  137 6592.00000 5991.35184  9.11%  77.6 13237s
 6872218 3855249 6028.29681   56   97 6592.00000 5991.35512  9.11%  77.6 13241s
 6875300 3856831 6195.46286   68   26 6592.00000 5991.35947  9.11%  77.6 13245s
 6877436 3858497 6094.33025   50   90 6592.00000 5991.36283  9.11%  77.6 13250s
 6881589 3860585 6058.41065   61  108 6592.00000 5991.36786  9.11%  77.6 13256s
 6883979 3861777 6127.48833   60   56 6592.00000 5991.36952  9.11%  77.6 13261s
 6886053 3862738     cutoff   51      6592.00000 5991.37335  9.11%  77.6 13265s
 6889120 3864316 6459.63557   77   74 6592.00000 5991.37761  9.11%  77.6 13270s
 6891317 3866053 6169.47238   82  296 6592.00000 5991.38182  9.11%  77.6 13275s
 6894505 3867498 6310.42178   74  241 6592.00000 5991.38182  9.11%  77.6 13282s
 6897500 3869045 6328.88839   76   79 6592.00000 5991.38240  9.11%  77.6 13287s
 6899531 3870155 6397.33000   57   24 6592.00000 5991.38759  9.11%  77.6 13291s
 6902165 3871447 6490.49329   76  115 6592.00000 5991.39009  9.11%  77.6 13296s
 6903465 3872698     cutoff   81      6592.00000 5991.39328  9.11%  77.6 13302s
 6905603 3873774 infeasible   76      6592.00000 5991.39442  9.11%  77.5 13305s
 6910354 3875900 6086.81250   56   63 6592.00000 5991.40348  9.11%  77.5 13312s
 6912170 3877149 6084.53394   59  132 6592.00000 5991.40662  9.11%  77.5 13316s
 6914754 3878299 6534.28775   75   91 6592.00000 5991.41006  9.11%  77.5 13321s
 6917614 3879875 6262.99227   46  213 6592.00000 5991.41360  9.11%  77.5 13325s
 6919890 3880868 infeasible   75      6592.00000 5991.41588  9.11%  77.5 13330s
 6923033 3882727 6522.70661   70  243 6592.00000 5991.42097  9.11%  77.5 13335s
 6926494 3884571 6298.22000   66   47 6592.00000 5991.42442  9.11%  77.5 13341s
 6928881 3885819     cutoff   62      6592.00000 5991.42773  9.11%  77.5 13345s
 6930718 3887099 6247.59229   74  207 6592.00000 5991.42857  9.11%  77.5 13350s
 6934677 3889071 6501.35783   75  173 6592.00000 5991.43235  9.11%  77.5 13356s
 6936783 3890100 6256.41346   69  251 6592.00000 5991.43537  9.11%  77.5 13360s
 6938494 3891069 6289.58143   71  255 6592.00000 5991.43715  9.11%  77.5 13365s
 6941826 3892505 6307.44396   66  140 6592.00000 5991.44341  9.11%  77.5 13371s
 6942167 3893278 6305.66075   58  279 6592.00000 5991.44341  9.11%  77.5 13375s
 6944270 3894216 6237.10332   56   58 6592.00000 5991.44975  9.11%  77.5 13380s
 6946163 3895385 6431.57617   92   83 6592.00000 5991.45196  9.11%  77.5 13385s
 6948975 3896818     cutoff   60      6592.00000 5991.45630  9.11%  77.5 13391s
 6951202 3898621 6048.40343   51  115 6592.00000 5991.45914  9.11%  77.5 13396s
 6954514 3899867 6084.23497  105   33 6592.00000 5991.46394  9.11%  77.5 13401s
 6956703 3901158     cutoff   76      6592.00000 5991.46770  9.11%  77.5 13406s
 6960203 3902589 6018.40833   70   45 6592.00000 5991.47302  9.11%  77.5 13411s
 6963050 3904032 6387.94733   73   83 6592.00000 5991.47791  9.11%  77.5 13415s
 6966006 3905673 6335.13079   67  179 6592.00000 5991.48170  9.11%  77.5 13421s
 6967775 3906808 6480.81763   91  181 6592.00000 5991.48377  9.11%  77.5 13425s
 6971581 3909304 6244.65571   63   45 6592.00000 5991.49143  9.11%  77.5 13431s
 6974206 3910429 6187.15375   68   68 6592.00000 5991.49448  9.11%  77.5 13435s
 6977915 3912475     cutoff   57      6592.00000 5991.50000  9.11%  77.5 13441s
 6980797 3914057 6553.67614  109  129 6592.00000 5991.50135  9.11%  77.5 13446s
 6983062 3915162 6066.52960   57   79 6592.00000 5991.50360  9.11%  77.5 13451s
 6985102 3916523 6080.34774   62  114 6592.00000 5991.50758  9.11%  77.5 13455s
 6987396 3917719 6324.00000   48   16 6592.00000 5991.51199  9.11%  77.5 13460s
 6991142 3920067 6185.03968   59  156 6592.00000 5991.51671  9.11%  77.5 13466s
 6993007 3926457 6098.75110   60  242 6592.00000 5991.52000  9.11%  77.5 13494s
 7004989 3927247 infeasible   86      6592.00000 5991.53452  9.11%  77.5 13497s
 7006656 3927537 6391.66940   72   64 6592.00000 5991.53826  9.11%  77.5 13500s
 7008982 3929292 6010.95455   58   94 6592.00000 5991.54502  9.11%  77.5 13505s
 7013180 3931322 6316.94157   74   19 6592.00000 5991.55209  9.11%  77.5 13511s
 7015184 3932248 6462.01926   78  260 6592.00000 5991.55532  9.11%  77.5 13515s
 7018781 3934339 6469.24053   51   54 6592.00000 5991.56002  9.11%  77.5 13521s
 7020727 3935134 6426.56297   71  160 6592.00000 5991.56206  9.11%  77.5 13525s
 7022655 3936094 6400.44028   58  114 6592.00000 5991.56657  9.11%  77.5 13530s
 7026632 3938270 6433.96820   61  125 6592.00000 5991.57216  9.11%  77.5 13536s
 7029340 3940039 infeasible   75      6592.00000 5991.57480  9.11%  77.5 13541s
 7032173 3941469 6463.82435   87  227 6592.00000 5991.57952  9.11%  77.5 13545s
 7034197 3942607 6155.75666   71  218 6592.00000 5991.58225  9.11%  77.5 13550s
 7038265 3944275 6307.33250   85   61 6592.00000 5991.58760  9.11%  77.5 13557s
 7039023 3945542     cutoff   72      6592.00000 5991.58850  9.11%  77.5 13561s
 7041628 3946509     cutoff   68      6592.00000 5991.59215  9.11%  77.5 13566s
 7044122 3947942 6167.11826   65   45 6592.00000 5991.59443  9.11%  77.5 13570s
 7047520 3950008 6099.68627   52  129 6592.00000 5991.59948  9.11%  77.5 13576s
 7049846 3951775 6085.90885   77   39 6592.00000 5991.60169  9.11%  77.5 13581s
 7052721 3953139 6319.27496   70   82 6592.00000 5991.60588  9.11%  77.5 13586s
 7055125 3954170 6125.93575   56   34 6592.00000 5991.61018  9.11%  77.5 13590s
 7058939 3955999 6234.50250   75   12 6592.00000 5991.61538  9.11%  77.5 13596s
 7061011 3957246 6263.11614   69  144 6592.00000 5991.61774  9.11%  77.5 13601s
 7063549 3958677 6294.86731   64  197 6592.00000 5991.62257  9.11%  77.5 13605s
 7065400 3959799 6315.13300   66  162 6592.00000 5991.62500  9.11%  77.5 13610s
 7067724 3961008 infeasible   71      6592.00000 5991.63040  9.11%  77.5 13615s
 7072291 3963264 6216.55138   71   57 6592.00000 5991.63523  9.11%  77.5 13621s
 7074360 3964382 infeasible   84      6592.00000 5991.63830  9.11%  77.5 13625s
 7076319 3965715 6539.06826   80  178 6592.00000 5991.64098  9.11%  77.5 13630s
 7080016 3967883 6267.95527   97  125 6592.00000 5991.64479  9.11%  77.5 13636s
 7082566 3969055 6107.21720   71  110 6592.00000 5991.64913  9.11%  77.5 13640s
 7083732 3975423 infeasible   64      6592.00000 5991.65016  9.11%  77.5 13669s
 7086732 3975423 5993.11335   52   34 6592.00000 5991.65047  9.11%  77.5 13670s
 7097248 3977225 6079.63343   54   41 6592.00000 5991.67082  9.11%  77.5 13676s
 7100551 3978637 6094.09724   53   60 6592.00000 5991.67532  9.11%  77.5 13681s
 7103526 3980038 6218.49694  110  118 6592.00000 5991.68093  9.11%  77.5 13685s
 7105721 3981239 6316.88667   57  219 6592.00000 5991.68416  9.11%  77.5 13690s
 7109136 3983047 6420.25517   73  263 6592.00000 5991.69042  9.11%  77.5 13696s
 7111356 3984574 6038.82055   58   23 6592.00000 5991.69284  9.11%  77.5 13700s
 7115361 3986624 6218.02030   61  181 6592.00000 5991.69715  9.11%  77.5 13706s
 7117797 3987779 6206.49490   76   66 6592.00000 5991.70000  9.11%  77.5 13710s
 7121354 3990128 6359.81771   89  145 6592.00000 5991.70457  9.11%  77.5 13717s
 7123953 3991201 6334.14750   66   13 6592.00000 5991.70724  9.11%  77.5 13721s
 7126170 3992472 6182.10384   70   56 6592.00000 5991.71084  9.11%  77.5 13726s
 7128919 3994007     cutoff   72      6592.00000 5991.71429  9.11%  77.5 13731s
 7131039 3995591 6349.45000   74   54 6592.00000 5991.71802  9.11%  77.5 13736s
 7133578 3996393 6403.99882   52  264 6592.00000 5991.72150  9.11%  77.5 13741s
 7135550 3997890 6285.28688   80   63 6592.00000 5991.72814  9.11%  77.5 13746s
 7138322 3999163 6148.55324   76  157 6592.00000 5991.73298  9.11%  77.5 13750s
 7141174 4000746     cutoff   88      6592.00000 5991.73620  9.11%  77.5 13755s
 7144575 4002253 infeasible   64      6592.00000 5991.74030  9.11%  77.5 13761s
 7147030 4003679 6412.09857  110   92 6592.00000 5991.74509  9.11%  77.5 13765s
 7150681 4005403 6387.33703   63  249 6592.00000 5991.75265  9.11%  77.5 13771s
 7152745 4006828 6346.33988   82  202 6592.00000 5991.75564  9.11%  77.5 13775s
 7155415 4007737 6080.76835   59   37 6592.00000 5991.76080  9.11%  77.5 13780s
 7158715 4009645 6237.45429   68  236 6592.00000 5991.76551  9.11%  77.5 13786s
 7161181 4010963 6357.47552   58  139 6592.00000 5991.76667  9.11%  77.5 13790s
 7164059 4012815 6391.90053   59  109 6592.00000 5991.76923  9.11%  77.5 13797s
 7166128 4014162 6416.40155   76  209 6592.00000 5991.77012  9.11%  77.5 13802s
 7168876 4015623 6144.00000   96    8 6592.00000 5991.77590  9.11%  77.5 13806s
 7171505 4017034 infeasible   61      6592.00000 5991.77882  9.11%  77.5 13810s
 7173788 4017939 6304.26286   78  112 6592.00000 5991.78297  9.11%  77.5 13815s
 7177850 4019986 6263.91647   55  232 6592.00000 5991.78929  9.11%  77.5 13821s
 7179912 4021546 6176.35294   70   26 6592.00000 5991.79234  9.11%  77.5 13826s
 7184025 4023321     cutoff   69      6592.00000 5991.79720  9.11%  77.5 13831s
 7186153 4024954 6086.87184   58   82 6592.00000 5991.79896  9.10%  77.5 13835s
 7189966 4026359 6498.20000   81   27 6592.00000 5991.80543  9.10%  77.5 13841s
 7190514 4027105 infeasible   75      6592.00000 5991.80579  9.10%  77.5 13846s
 7192530 4028392 6569.16216   63   61 6592.00000 5991.80747  9.10%  77.5 13850s
 7196466 4030256 6034.14649   51   99 6592.00000 5991.81304  9.10%  77.5 13856s
 7198359 4030987 infeasible   60      6592.00000 5991.81583  9.10%  77.5 13861s
 7199972 4032078     cutoff   85      6592.00000 5991.81600  9.10%  77.5 13866s
 7202587 4033370 6484.60414   73  115 6592.00000 5991.82000  9.10%  77.5 13870s
 7205490 4035021 6398.68950   83   49 6592.00000 5991.82500  9.10%  77.5 13875s
 7209317 4037258 6179.16964   56   13 6592.00000 5991.83092  9.10%  77.5 13881s
 7211822 4038671 6145.43478   53   56 6592.00000 5991.83478  9.10%  77.5 13886s
 7214632 4040110 infeasible   73      6592.00000 5991.83821  9.10%  77.5 13890s
 7218134 4042057 6304.30704   95   59 6592.00000 5991.84340  9.10%  77.4 13896s
 7220190 4042876 6360.57770   68  127 6592.00000 5991.84577  9.10%  77.4 13900s
 7223318 4044490     cutoff   72      6592.00000 5991.84987  9.10%  77.4 13906s
 7225663 4045850 6530.88192   87   64 6592.00000 5991.85372  9.10%  77.4 13910s
 7227651 4047247 6012.49330   62   45 6592.00000 5991.85658  9.10%  77.5 13915s
 7230190 4048441 6129.63692   59   73 6592.00000 5991.85957  9.10%  77.5 13920s
 7234283 4050609 6430.53253   74  111 6592.00000 5991.86573  9.10%  77.4 13926s
 7235308 4051023 6457.28794   81   87 6592.00000 5991.86737  9.10%  77.5 13931s
 7237139 4052168 6371.71651   82  219 6592.00000 5991.86871  9.10%  77.4 13935s
 7239602 4053802 6308.77094   97   85 6592.00000 5991.87467  9.10%  77.5 13940s
 7243466 4056082     cutoff   86      6592.00000 5991.88001  9.10%  77.5 13946s
 7246048 4057071 6266.18259   68  141 6592.00000 5991.88286  9.10%  77.4 13951s
 7248064 4058139 6258.27996   66  289 6592.00000 5991.88710  9.10%  77.4 13956s
 7250828 4059510 infeasible   65      6592.00000 5991.89286  9.10%  77.4 13960s
 7253269 4060974 6102.00000   57   16 6592.00000 5991.89497  9.10%  77.4 13965s
 7256795 4062696 6357.72959   53  121 6592.00000 5991.89876  9.10%  77.4 13971s
 7259391 4064139 6303.53430   65  200 6592.00000 5991.90353  9.10%  77.4 13976s
 7261607 4065297 6275.61220   67  209 6592.00000 5991.90609  9.10%  77.4 13980s
 7265440 4067487 6327.54794   70  184 6592.00000 5991.91295  9.10%  77.4 13986s
 7267793 4069025 6198.00037   57  172 6592.00000 5991.91645  9.10%  77.4 13991s
 7270178 4070060 6135.33053   69  176 6592.00000 5991.91962  9.10%  77.4 13995s
 7272645 4071856 infeasible   87      6592.00000 5991.92393  9.10%  77.4 14000s
 7277086 4073881     cutoff   63      6592.00000 5991.92911  9.10%  77.4 14006s
 7279839 4075212 6300.73750   72    8 6592.00000 5991.93478  9.10%  77.4 14010s
 7282906 4076616 6095.98365   67   86 6592.00000 5991.94061  9.10%  77.4 14015s
 7283176 4076632 6050.26274   59  170 6592.00000 5991.94207  9.10%  77.4 14021s
 7283569 4077259 6159.22618   61  211 6592.00000 5991.94207  9.10%  77.4 14025s
 7286877 4079201 6462.32645   78  237 6592.00000 5991.94724  9.10%  77.4 14032s
 7288044 4079750 6345.18026   51  108 6592.00000 5991.94910  9.10%  77.4 14035s
 7290224 4081048 6347.35781   74  197 6592.00000 5991.95148  9.10%  77.4 14040s
 7292290 4082152 6312.81167   73   18 6592.00000 5991.95243  9.10%  77.4 14046s
 7295470 4083606 6139.18924   83   64 6592.00000 5991.95833  9.10%  77.4 14051s
 7298171 4084987 6023.45246   62   91 6592.00000 5991.96277  9.10%  77.4 14056s
 7301049 4086770 infeasible   70      6592.00000 5991.96833  9.10%  77.4 14061s
 7303693 4088434 infeasible   54      6592.00000 5991.97075  9.10%  77.4 14066s
 7306537 4089798 6057.58927   62   89 6592.00000 5991.97468  9.10%  77.4 14070s
 7309365 4091395 6416.21574   94  193 6592.00000 5991.97820  9.10%  77.4 14076s
 7311352 4092449 infeasible   71      6592.00000 5991.97998  9.10%  77.4 14080s
 7313537 4094056 6031.77606   68   40 6592.00000 5991.98333  9.10%  77.4 14085s
 7317356 4095903 6085.00000   65   68 6592.00000 5991.98690  9.10%  77.4 14091s
 7320148 4097519 infeasible   79      6592.00000 5991.99124  9.10%  77.4 14095s
 7322986 4099031 6083.36398   71   64 6592.00000 5991.99523  9.10%  77.4 14100s
 7326925 4101211 6422.01500   65   14 6592.00000 5992.00000  9.10%  77.4 14105s
 7328419 4102047     cutoff   53      6592.00000 5992.00000  9.10%  77.4 14110s
 7330856 4103779 6271.08659   69  209 6592.00000 5992.00000  9.10%  77.5 14116s
 7332897 4104903 6397.37858   57   71 6592.00000 5992.00000  9.10%  77.5 14121s
 7335116 4106543 infeasible   69      6592.00000 5992.00000  9.10%  77.5 14126s
 7337744 4107783 6421.48107   81   82 6592.00000 5992.00000  9.10%  77.5 14131s
 7339585 4109902 6484.25785   64  128 6592.00000 5992.00000  9.10%  77.5 14137s
 7343353 4110870     cutoff   82      6592.00000 5992.00750  9.10%  77.5 14141s
 7345065 4111800 6027.56167   41  113 6592.00000 5992.01000  9.10%  77.5 14145s
 7347111 4113105 6383.39777   66   67 6592.00000 5992.01000  9.10%  77.5 14150s
 7351245 4114998 infeasible   66      6592.00000 5992.01310  9.10%  77.5 14156s
 7353839 4116402 6385.32725   69  222 6592.00000 5992.01809  9.10%  77.5 14161s
 7356100 4117977 6007.04174   68   98 6592.00000 5992.02090  9.10%  77.5 14165s
 7358751 4119579 infeasible   78      6592.00000 5992.02500  9.10%  77.5 14170s
 7362618 4121233 6042.46170   65   51 6592.00000 5992.02675  9.10%  77.5 14175s
 7366103 4123537 6293.52517   96  197 6592.00000 5992.03111  9.10%  77.5 14181s
 7368663 4124730 6148.99163   76  297 6592.00000 5992.03583  9.10%  77.5 14186s
 7371094 4125845 infeasible   59      6592.00000 5992.03857  9.10%  77.5 14190s
 7373852 4127961 6434.78567   79  204 6592.00000 5992.04061  9.10%  77.5 14196s
 7376892 4129564 6423.41500   79   64 6592.00000 5992.04389  9.10%  77.4 14201s
 7379596 4131031 5993.37636   60   98 6592.00000 5992.04893  9.10%  77.4 14205s
 7383209 4132739 6351.47996   76  196 6592.00000 5992.05282  9.10%  77.4 14211s
 7385511 4134453 6130.15962   55  102 6592.00000 5992.05585  9.10%  77.4 14216s
 7387390 4134721 6485.90760   84  214 6592.00000 5992.05585  9.10%  77.4 14220s
 7389982 4136670 6113.25806   62   17 6592.00000 5992.06065  9.10%  77.4 14225s
 7394166 4138716 infeasible   85      6592.00000 5992.06328  9.10%  77.4 14232s
 7396950 4140232 6042.37767   55   36 6592.00000 5992.06702  9.10%  77.4 14236s
 7399197 4141696 6437.71033   99  109 6592.00000 5992.07046  9.10%  77.4 14240s
 7402824 4143433 infeasible  110      6592.00000 5992.07665  9.10%  77.4 14247s
 7405023 4144829 6387.92769   61  198 6592.00000 5992.07792  9.10%  77.4 14251s
 7407462 4146023 5992.08461  110   34 6592.00000 5992.08235  9.10%  77.4 14255s
 7410017 4147338 6428.29500   58   24 6592.00000 5992.08498  9.10%  77.4 14260s
 7412545 4148591 6166.34284   72  242 6592.00000 5992.08810  9.10%  77.4 14265s
 7417079 4151086 6278.47815   73  233 6592.00000 5992.09267  9.10%  77.4 14271s
 7419072 4151962 6422.19872   63   81 6592.00000 5992.09578  9.10%  77.4 14275s
 7422243 4153514 6129.50499   65  107 6592.00000 5992.09981  9.10%  77.4 14281s
 7423839 4154597 6393.84779   55   94 6592.00000 5992.10000  9.10%  77.4 14285s
 7427591 4156780     cutoff  120      6592.00000 5992.10596  9.10%  77.4 14292s
 7429939 4157775     cutoff   61      6592.00000 5992.10965  9.10%  77.4 14296s
 7432237 4158606 6433.99244   72  231 6592.00000 5992.11214  9.10%  77.4 14301s
 7433918 4160794 6007.20767   54   77 6592.00000 5992.11500  9.10%  77.4 14306s
 7437144 4162326 6298.85000   87   39 6592.00000 5992.11725  9.10%  77.4 14310s
 7441385 4164427 6114.92026   51  178 6592.00000 5992.12329  9.10%  77.4 14316s
 7443865 4165690 infeasible   83      6592.00000 5992.12616  9.10%  77.4 14320s
 7447270 4167588     cutoff   78      6592.00000 5992.13167  9.10%  77.4 14326s
 7449155 4168798 6385.63928   68  209 6592.00000 5992.13423  9.10%  77.4 14331s
 7452031 4170405 6490.29693   87  220 6592.00000 5992.13700  9.10%  77.4 14335s
 7455714 4172266 infeasible   69      6592.00000 5992.13975  9.10%  77.4 14341s
 7457457 4173151 6340.69264   97  122 6592.00000 5992.14230  9.10%  77.4 14345s
 7460553 4174787 6237.03256   87  169 6592.00000 5992.14511  9.10%  77.4 14350s
 7462849 4176138     cutoff   57      6592.00000 5992.14890  9.10%  77.4 14355s
 7466451 4177944 6172.99153   68   70 6592.00000 5992.15301  9.10%  77.4 14361s
 7467467 4184457 6168.89810   73  218 6592.00000 5992.15426  9.10%  77.4 14391s
 7479467 4185567 6189.12000  111    4 6592.00000 5992.17000  9.10%  77.4 14395s
 7481564 4186591 6335.12000   70   21 6592.00000 5992.17459  9.10%  77.4 14402s
 7484943 4188071 infeasible   76      6592.00000 5992.18128  9.10%  77.4 14407s
 7487251 4189433     cutoff   83      6592.00000 5992.18616  9.10%  77.4 14412s
 7490131 4190803 infeasible   77      6592.00000 5992.19281  9.10%  77.4 14416s
 7492387 4192312 6092.10629   56  142 6592.00000 5992.19666  9.10%  77.4 14421s
 7494684 4193695 6477.90863   59  263 6592.00000 5992.19946  9.10%  77.4 14426s
 7497259 4195040 6173.09965   47   18 6592.00000 5992.20202  9.10%  77.4 14431s
 7499550 4196209 6409.25178   65  202 6592.00000 5992.20511  9.10%  77.4 14435s
 7502650 4197822 6018.86571   56   66 6592.00000 5992.20981  9.10%  77.4 14440s
 7506861 4199986 6518.57241   87  157 6592.00000 5992.21682  9.10%  77.4 14446s
 7509750 4201574 infeasible   51      6592.00000 5992.22183  9.10%  77.4 14451s
 7511820 4202594 6397.58445   79  203 6592.00000 5992.22286  9.10%  77.4 14455s
 7514539 4204247 6174.74657   75  263 6592.00000 5992.22742  9.10%  77.4 14461s
 7516826 4205480 6109.88232   60  122 6592.00000 5992.23047  9.10%  77.4 14465s
 7520549 4207382 6366.36559   91  186 6592.00000 5992.23641  9.10%  77.4 14471s
 7523212 4209232 6231.56500   60   21 6592.00000 5992.24013  9.10%  77.4 14476s
 7526094 4210638 6079.16667   63   21 6592.00000 5992.24304  9.10%  77.4 14480s
 7529467 4212418 6347.13724   59  170 6592.00000 5992.24654  9.10%  77.4 14486s
 7531282 4213575     cutoff   71      6592.00000 5992.25000  9.10%  77.4 14490s
 7533728 4214950 6017.76728   60   93 6592.00000 5992.25257  9.10%  77.4 14495s
 7538005 4216900 6340.77852   69  225 6592.00000 5992.25744  9.10%  77.4 14501s
 7539710 4218287 6499.38181   81  178 6592.00000 5992.26000  9.10%  77.4 14505s
 7542845 4219299     cutoff   58      6592.00000 5992.26373  9.10%  77.4 14510s
 7544747 4220697 6471.90182   58  242 6592.00000 5992.26636  9.10%  77.4 14515s
 7548686 4222890     cutoff  140      6592.00000 5992.27257  9.10%  77.4 14521s
 7551407 4224599 6189.54768   79  223 6592.00000 5992.27558  9.10%  77.4 14525s
 7555182 4226539 6350.77280   63   58 6592.00000 5992.27778  9.10%  77.4 14531s
 7557284 4227370 infeasible   69      6592.00000 5992.28113  9.10%  77.4 14536s
 7558944 4228373 6137.03501   64   94 6592.00000 5992.28280  9.10%  77.4 14540s
 7562418 4230170 6491.55815   72   68 6592.00000 5992.28658  9.10%  77.4 14546s
 7564317 4231174 6287.60500   59   12 6592.00000 5992.29040  9.10%  77.4 14551s
 7567150 4232911 6101.12313   63  179 6592.00000 5992.29490  9.10%  77.4 14556s
 7569967 4234052 6349.31750  108   13 6592.00000 5992.29978  9.10%  77.4 14560s
 7571762 4235205 6116.80443   64  183 6592.00000 5992.30250  9.10%  77.4 14565s
 7572808 4235222 6079.08212   59   71 6592.00000 5992.30382  9.10%  77.4 14570s
 7573963 4236471 6170.65642   73   41 6592.00000 5992.30541  9.10%  77.4 14576s
 7576253 4237740 6094.81542   57   72 6592.00000 5992.30877  9.10%  77.4 14581s
 7578651 4238993 5992.31232   65   97 6592.00000 5992.31114  9.10%  77.4 14586s
 7581696 4240257 6272.48230   72  224 6592.00000 5992.31268  9.10%  77.4 14590s
 7584920 4242124 6203.88500   59   22 6592.00000 5992.31786  9.10%  77.4 14596s
 7586678 4243062 6136.39232   49  296 6592.00000 5992.31951  9.10%  77.4 14600s
 7588790 4244413 6050.48167   60   13 6592.00000 5992.32158  9.10%  77.4 14605s
 7593038 4247154 5997.56855  117  102 6592.00000 5992.32600  9.10%  77.4 14611s
 7595385 4248194     cutoff   76      6592.00000 5992.32902  9.10%  77.4 14615s
 7597505 4249486 6093.48522   76   46 6592.00000 5992.33129  9.10%  77.4 14620s
 7599879 4250436 6179.83073   60  213 6592.00000 5992.33393  9.10%  77.4 14626s
 7602568 4252480 6142.50035   51   75 6592.00000 5992.33712  9.10%  77.4 14631s
 7605704 4253931 6180.04217   68   53 6592.00000 5992.34096  9.10%  77.4 14635s
 7608154 4255082 6240.05070   65   77 6592.00000 5992.34542  9.10%  77.4 14640s
 7610491 4256164 6511.05691   70  217 6592.00000 5992.34905  9.10%  77.4 14645s
 7614237 4258691 6194.05000   78   39 6592.00000 5992.35304  9.10%  77.4 14651s
 7617797 4260523 6189.49936   72  168 6592.00000 5992.35810  9.10%  77.4 14656s
 7621581 4262291 6076.28511   48  105 6592.00000 5992.36291  9.10%  77.4 14661s
 7623341 4263229 6084.81379   60  103 6592.00000 5992.36500  9.10%  77.4 14665s
 7626581 4264893     cutoff   67      6592.00000 5992.36941  9.10%  77.4 14671s
 7628930 4266046 6129.53436   51  183 6592.00000 5992.37279  9.10%  77.4 14675s
 7632429 4268026 6479.05508   55  144 6592.00000 5992.37781  9.10%  77.4 14681s
 7635490 4269504 6524.30220   69  232 6592.00000 5992.38063  9.10%  77.4 14686s
 7637181 4270742 6039.63201   75   66 6592.00000 5992.38333  9.10%  77.4 14690s
 7639339 4271813 6129.66818   56   62 6592.00000 5992.38627  9.10%  77.4 14695s
 7643510 4273904 infeasible   64      6592.00000 5992.39182  9.10%  77.4 14702s
 7645514 4275103 5992.39262   59  101 6592.00000 5992.39262  9.10%  77.4 14707s
 7647615 4276193 6347.33398   83  218 6592.00000 5992.39262  9.10%  77.4 14711s
 7650147 4277697     cutoff   75      6592.00000 5992.39958  9.10%  77.4 14716s
 7652634 4278863 6411.65554   62  149 6592.00000 5992.40106  9.10%  77.4 14721s
 7654741 4280386 6107.70683   62  137 6592.00000 5992.40379  9.10%  77.4 14726s
 7657802 4281574 6295.43276  104   82 6592.00000 5992.40901  9.10%  77.4 14730s
 7660714 4282985 6041.55090   78   33 6592.00000 5992.41147  9.10%  77.4 14735s
 7663857 4284919 6123.57932   61   17 6592.00000 5992.41518  9.10%  77.4 14742s
 7666917 4286133 infeasible   93      6592.00000 5992.41937  9.10%  77.4 14746s
 7669319 4287482 6101.28669   62   71 6592.00000 5992.42268  9.10%  77.4 14750s
 7673179 4289445 6049.62755   83  165 6592.00000 5992.42809  9.10%  77.4 14757s
 7675001 4290579 6453.91429   56   15 6592.00000 5992.43071  9.10%  77.4 14761s
 7677756 4292219 5995.17949   89   31 6592.00000 5992.43422  9.10%  77.4 14765s
 7680022 4293178 6036.84615   44   56 6592.00000 5992.43675  9.10%  77.4 14771s
 7681714 4294409 6404.11500   71   13 6592.00000 5992.43884  9.10%  77.4 14775s
 7684344 4295787 infeasible   72      6592.00000 5992.44138  9.10%  77.4 14780s
 7687730 4297889 6199.14126   70  213 6592.00000 5992.44736  9.10%  77.4 14786s
 7690155 4299036 6117.93651   59  160 6592.00000 5992.44938  9.10%  77.4 14790s
 7693551 4301057 6002.29102   50   65 6592.00000 5992.45429  9.10%  77.4 14796s
 7695623 4302062     cutoff   59      6592.00000 5992.45714  9.10%  77.4 14800s
 7698171 4303466 6284.21429   70   72 6592.00000 5992.45971  9.09%  77.4 14805s
 7701772 4305173 6006.99167   62   31 6592.00000 5992.46478  9.09%  77.4 14811s
 7704248 4306564 6246.64708   71  134 6592.00000 5992.46950  9.09%  77.4 14816s
 7706660 4308251 6367.97722   81  198 6592.00000 5992.47222  9.09%  77.4 14821s
 7709016 4309106 6027.73419   57  192 6592.00000 5992.47606  9.09%  77.4 14825s
 7710116 4309521 6085.37500   53   45 6592.00000 5992.47748  9.09%  77.4 14830s
 7712079 4310710 6059.97965   56  218 6592.00000 5992.47748  9.09%  77.4 14835s
 7714326 4311978 6113.02545   66   71 6592.00000 5992.48276  9.09%  77.4 14840s
 7716993 4313583 6145.79105   63  210 6592.00000 5992.48732  9.09%  77.4 14845s
 7719895 4314814 6327.75496   62  168 6592.00000 5992.49032  9.09%  77.4 14850s
 7722742 4316527 6142.90550   91  193 6592.00000 5992.49434  9.09%  77.4 14855s
 7725080 4317792 infeasible   72      6592.00000 5992.49702  9.09%  77.4 14860s
 7727850 4319456     cutoff   83      6592.00000 5992.50000  9.09%  77.4 14865s
 7730114 4320755 6050.76864   59   45 6592.00000 5992.50058  9.09%  77.4 14870s
 7732760 4322102 6412.96358   61  261 6592.00000 5992.50511  9.09%  77.4 14875s
 7735510 4323726 6404.53295   54  142 6592.00000 5992.50781  9.09%  77.4 14880s
 7738159 4325129 6160.25634   73  202 6592.00000 5992.51212  9.09%  77.4 14885s
 7740303 4326249 6529.96220   66   40 6592.00000 5992.51419  9.09%  77.4 14890s
 7743892 4327970     cutoff   64      6592.00000 5992.51630  9.09%  77.4 14896s
 7746397 4329311 6126.00414   65  186 6592.00000 5992.52140  9.09%  77.4 14900s
 7748530 4330487 6096.71560   69   54 6592.00000 5992.52405  9.09%  77.4 14905s
 7751403 4332176 6210.27000   63   15 6592.00000 5992.52854  9.09%  77.4 14911s
 7754191 4333748 6192.02768   53   23 6592.00000 5992.53248  9.09%  77.4 14916s
 7756877 4334440 6005.21720   61   98 6592.00000 5992.53574  9.09%  77.4 14920s
 7757975 4335518 6026.90324   60  111 6592.00000 5992.53738  9.09%  77.4 14925s
 7761901 4337948 infeasible   71      6592.00000 5992.54192  9.09%  77.4 14931s
 7765119 4339533 6135.82962   59  198 6592.00000 5992.54627  9.09%  77.4 14936s
 7767275 4340567 6116.79346   54   51 6592.00000 5992.54853  9.09%  77.4 14940s
 7770133 4341954 6089.75387   76   34 6592.00000 5992.55144  9.09%  77.4 14945s
 7773112 4343559 6113.01000   55    8 6592.00000 5992.55527  9.09%  77.4 14951s
 7775408 4344679 6292.59309   71  202 6592.00000 5992.55826  9.09%  77.4 14956s
 7777415 4345712     cutoff   62      6592.00000 5992.56160  9.09%  77.4 14960s
 7779515 4347269 6339.72011   52  212 6592.00000 5992.56410  9.09%  77.4 14965s
 7783815 4349225 6094.17335   54   19 6592.00000 5992.56873  9.09%  77.4 14971s
 7785925 4350686 6258.57748   73  270 6592.00000 5992.57143  9.09%  77.4 14975s
 7789244 4352461 6190.67466   75   61 6592.00000 5992.57546  9.09%  77.4 14981s
 7791491 4353010 6495.46139  107   69 6592.00000 5992.57847  9.09%  77.4 14986s
 7792373 4354196 6265.71678   59   55 6592.00000 5992.58025  9.09%  77.4 14990s
 7794718 4355193 6029.45341   81   60 6592.00000 5992.58202  9.09%  77.4 14995s
 7797254 4356719 6132.00000   59    9 6592.00000 5992.58491  9.09%  77.4 15000s
 7800941 4358476 6410.28341   56  261 6592.00000 5992.58786  9.09%  77.4 15007s
 7803233 4359644 6247.80853   72   88 6592.00000 5992.59091  9.09%  77.4 15011s
 7805568 4360892 6461.49833   94   17 6592.00000 5992.59597  9.09%  77.4 15016s
 7808106 4362710 infeasible   68      6592.00000 5992.59983  9.09%  77.4 15020s
 7811173 4364296 6459.00453   59  221 6592.00000 5992.60296  9.09%  77.4 15025s
 7815161 4366511 6445.00488   93  161 6592.00000 5992.60630  9.09%  77.4 15031s
 7817730 4367542 6185.24248   52  228 6592.00000 5992.61052  9.09%  77.4 15035s
 7820913 4369536 6437.24700   75  217 6592.00000 5992.61340  9.09%  77.4 15040s
 7824154 4371266 6323.75667   58   33 6592.00000 5992.61538  9.09%  77.4 15046s
 7826665 4372300 6016.55667   56   43 6592.00000 5992.61812  9.09%  77.4 15051s
 7828648 4373645     cutoff  135      6592.00000 5992.62072  9.09%  77.4 15055s
 7830549 4374449 infeasible   66      6592.00000 5992.62262  9.09%  77.4 15061s
 7832007 4375157 6178.00857   65   56 6592.00000 5992.62494  9.09%  77.4 15066s
 7834283 4376939 6223.35418   76  111 6592.00000 5992.62624  9.09%  77.4 15071s
 7837228 4378057 6230.89366   51  294 6592.00000 5992.62685  9.09%  77.4 15075s
 7840624 4379698 6392.30630   66  256 6592.00000 5992.63333  9.09%  77.4 15080s
 7843951 4381462 6297.72042   50  114 6592.00000 5992.63858  9.09%  77.4 15086s
 7847219 4383491     cutoff   77      6592.00000 5992.64333  9.09%  77.4 15091s
 7849833 4384852 6403.56645   61  229 6592.00000 5992.64628  9.09%  77.4 15095s
 7852275 4386151 6443.65872   68  113 6592.00000 5992.65000  9.09%  77.4 15100s
 7855663 4387708     cutoff   78      6592.00000 5992.65453  9.09%  77.4 15105s
 7859327 4390079 6209.90500   72    6 6592.00000 5992.65855  9.09%  77.4 15111s
 7861854 4390880 infeasible   64      6592.00000 5992.66238  9.09%  77.4 15115s
 7865274 4392719 6472.27667   85   19 6592.00000 5992.66667  9.09%  77.4 15121s
 7867719 4394124 6217.33154   58  274 6592.00000 5992.66875  9.09%  77.4 15126s
 7869602 4395115 6345.33778   69  132 6592.00000 5992.67190  9.09%  77.4 15130s
 7872072 4396715 6444.15092   68   59 6592.00000 5992.67564  9.09%  77.4 15136s
 7874964 4398198 6192.02658   63   72 6592.00000 5992.67928  9.09%  77.4 15140s
 7877479 4399625 6541.31570   69  191 6592.00000 5992.68208  9.09%  77.3 15145s
 7881306 4401707 6010.48692   70   61 6592.00000 5992.68732  9.09%  77.3 15151s
 7883696 4402958 6280.25629   72   84 6592.00000 5992.69072  9.09%  77.3 15156s
 7885227 4403344 6309.20797   67   11 6592.00000 5992.69289  9.09%  77.3 15160s
 7886683 4404517     cutoff   92      6592.00000 5992.69501  9.09%  77.3 15165s
 7889113 4406187 6269.03502   77   41 6592.00000 5992.69931  9.09%  77.3 15170s
 7893001 4407993 6149.20544   60   66 6592.00000 5992.70578  9.09%  77.3 15176s
 7895218 4408716 6376.05250   62   20 6592.00000 5992.70870  9.09%  77.3 15180s
 7897113 4410122 6117.17202   55   92 6592.00000 5992.71040  9.09%  77.3 15185s
 7899616 4411181 6164.56856   59  121 6592.00000 5992.71429  9.09%  77.3 15190s
 7903250 4413007 infeasible   72      6592.00000 5992.71974  9.09%  77.3 15196s
 7905341 4414390 6153.56983   63  194 6592.00000 5992.72258  9.09%  77.3 15201s
 7908006 4416009 6015.77072  107   76 6592.00000 5992.72605  9.09%  77.3 15206s
 7911579 4417616 6030.53000   60   38 6592.00000 5992.72911  9.09%  77.3 15210s
 7914002 4419114     cutoff   91      6592.00000 5992.73116  9.09%  77.3 15215s
 7917914 4421196 6092.44650   91   49 6592.00000 5992.73529  9.09%  77.3 15221s
 7920099 4422215 6533.70167   57   12 6592.00000 5992.73767  9.09%  77.3 15225s
 7923023 4424154 6197.24036   96   50 6592.00000 5992.74122  9.09%  77.3 15231s
 7925956 4425589 6468.61259   73  205 6592.00000 5992.74394  9.09%  77.3 15236s
 7928362 4427135 6418.02918   55  203 6592.00000 5992.74678  9.09%  77.3 15240s
 7930351 4427752 6263.87919   61   51 6592.00000 5992.75000  9.09%  77.3 15246s
 7932231 4428937 6094.28333   62   27 6592.00000 5992.75113  9.09%  77.3 15250s
 7936416 4431385 6025.00233   59   15 6592.00000 5992.75723  9.09%  77.3 15256s
 7939406 4433041 infeasible   57      6592.00000 5992.75822  9.09%  77.3 15260s
 7943037 4435151 6086.41199   55   99 6592.00000 5992.76690  9.09%  77.3 15266s
 7945849 4436462 6109.76759   67   30 6592.00000 5992.76937  9.09%  77.3 15271s
 7947615 4437625 6095.30244   74   46 6592.00000 5992.77108  9.09%  77.3 15275s
 7951155 4439532 infeasible   68      6592.00000 5992.77637  9.09%  77.3 15281s
 7953215 4441200     cutoff   73      6592.00000 5992.77778  9.09%  77.3 15286s
 7956341 4442450 infeasible   63      6592.00000 5992.78080  9.09%  77.3 15290s
 7960136 4444518 6116.41097   59  163 6592.00000 5992.78573  9.09%  77.3 15296s
 7962326 4446131 6201.66777   60  203 6592.00000 5992.78917  9.09%  77.3 15301s
 7965271 4447309 6451.07339   59  268 6592.00000 5992.79248  9.09%  77.3 15305s
 7968915 4449019 6137.45777   66   76 6592.00000 5992.79597  9.09%  77.3 15311s
 7970966 4450162 6024.71237   54  148 6592.00000 5992.79942  9.09%  77.3 15316s
 7973208 4451483 6237.22079   59  135 6592.00000 5992.80068  9.09%  77.3 15320s
 7977007 4453428 6474.90909   66   35 6592.00000 5992.80717  9.09%  77.3 15326s
 7979607 4454152 6346.36333   60   90 6592.00000 5992.80901  9.09%  77.3 15331s
 7979623 4460970 6388.58642   61  230 6592.00000 5992.80901  9.09%  77.3 15356s
 7993261 4462100 6213.75723   62  130 6592.00000 5992.82834  9.09%  77.3 15361s
 7995552 4463997 6257.42104   64  217 6592.00000 5992.83314  9.09%  77.3 15366s
 7998824 4465410 6344.93003   90  251 6592.00000 5992.83674  9.09%  77.3 15370s
 8002381 4467043 6475.55711   61   59 6592.00000 5992.84425  9.09%  77.3 15376s
 8004637 4468370 6179.13350   66   33 6592.00000 5992.84624  9.09%  77.3 15380s
 8008512 4470451 6311.62546   76  142 6592.00000 5992.85138  9.09%  77.3 15386s
 8010395 4471476 6272.29170   95  171 6592.00000 5992.85217  9.09%  77.3 15390s
 8013665 4473543 6047.70226   86   36 6592.00000 5992.85776  9.09%  77.3 15396s
 8015961 4475199 6051.94841   65   75 6592.00000 5992.85929  9.09%  77.3 15401s
 8019907 4476653 infeasible   94      6592.00000 5992.86367  9.09%  77.3 15406s
 8022942 4478280 6235.98000   60   12 6592.00000 5992.86814  9.09%  77.3 15411s
 8025069 4479445 6033.83144   62  123 6592.00000 5992.87013  9.09%  77.3 15416s
 8026602 4480449 6195.47119   65   44 6592.00000 5992.87214  9.09%  77.3 15420s
 8029848 4482363 6080.02556  101   49 6592.00000 5992.87540  9.09%  77.3 15426s
 8032216 4483409 6293.26899   57   39 6592.00000 5992.87946  9.09%  77.3 15430s
 8035009 4490638 6336.39265   83  147 6592.00000 5992.88116  9.09%  77.3 15460s
 8048826 4491853 6127.98667   76   24 6592.00000 5992.89794  9.09%  77.3 15466s
 8051326 4493734 6416.45365   59  112 6592.00000 5992.90192  9.09%  77.3 15470s
 8054258 4495321 6222.50500   64   48 6592.00000 5992.90351  9.09%  77.3 15475s
 8057740 4497042 6280.35000   58   21 6592.00000 5992.90900  9.09%  77.3 15480s
 8061332 4499104 6047.39534   69   45 6592.00000 5992.91176  9.09%  77.3 15486s
 8064911 4500634 6317.91973   71  209 6592.00000 5992.91694  9.09%  77.3 15491s
 8066785 4501925 6467.12912   75   22 6592.00000 5992.91947  9.09%  77.3 15495s
 8070221 4503690 6297.49324   67   57 6592.00000 5992.92509  9.09%  77.3 15501s
 8072812 4505056 6236.03157   58  111 6592.00000 5992.92865  9.09%  77.3 15506s
 8075313 4506404 6127.15569   54  221 6592.00000 5992.93184  9.09%  77.3 15510s
 8078011 4507968     cutoff   65      6592.00000 5992.93459  9.09%  77.3 15515s
 8082415 4510315     cutoff   65      6592.00000 5992.93908  9.09%  77.3 15521s
 8086476 4512306 6121.30014   56  143 6592.00000 5992.94421  9.09%  77.3 15526s
 8087560 4512512 6285.67468   78  126 6592.00000 5992.94626  9.09%  77.3 15530s
 8090159 4514210 6194.74875   72   67 6592.00000 5992.95029  9.09%  77.3 15537s
 8092017 4514989 6330.14500   59   17 6592.00000 5992.95250  9.09%  77.3 15540s
 8095097 4516752 6532.46048   62  209 6592.00000 5992.95852  9.09%  77.3 15547s
 8097800 4518033 6092.38897   60   79 6592.00000 5992.96050  9.09%  77.3 15551s
 8100523 4519739 6482.60824  107   39 6592.00000 5992.96455  9.09%  77.3 15556s
 8103226 4521174 6341.68854   82  114 6592.00000 5992.96667  9.09%  77.3 15560s
 8107298 4523274 6326.05016   71   65 6592.00000 5992.97280  9.09%  77.3 15567s
 8109722 4524329 6195.98023   79   49 6592.00000 5992.97557  9.09%  77.3 15572s
 8113108 4526029 5993.65256   68   90 6592.00000 5992.97845  9.09%  77.3 15576s
 8114637 4526972 infeasible   57      6592.00000 5992.98163  9.09%  77.3 15581s
 8117741 4528719 6210.06000   68   21 6592.00000 5992.98470  9.09%  77.3 15585s
 8121113 4530476 6444.50616   73  107 6592.00000 5992.98973  9.09%  77.3 15592s
 8123363 4531742 6254.84186   70   68 6592.00000 5992.99184  9.09%  77.3 15596s
 8126629 4533316 6378.37429   58  237 6592.00000 5992.99592  9.09%  77.2 15600s
 8128764 4534150 6367.21679   57  154 6592.00000 5993.00000  9.09%  77.3 15605s
 8131507 4535609 6506.55549   73  227 6592.00000 5993.00000  9.09%  77.3 15611s
 8133279 4536177 6153.54000   54   53 6592.00000 5993.00369  9.09%  77.3 15616s
 8134957 4537618 6220.34937   57  209 6592.00000 5993.00441  9.09%  77.3 15622s
 8137857 4539051 6148.47372   65  187 6592.00000 5993.00936  9.09%  77.3 15627s
 8139251 4540136 6147.17078   64  117 6592.00000 5993.01180  9.09%  77.3 15630s
 8142341 4541267 6094.09833   53   24 6592.00000 5993.01680  9.09%  77.3 15635s
 8144224 4542175 6233.46982   60   48 6592.00000 5993.01950  9.09%  77.3 15640s
 8148076 4544630     cutoff   78      6592.00000 5993.02412  9.09%  77.3 15646s
 8151247 4546278 6105.02152   70  274 6592.00000 5993.02927  9.09%  77.3 15651s
 8153593 4547122 6011.42665   54   86 6592.00000 5993.03308  9.09%  77.3 15655s
 8156679 4549048 6220.00000   57   33 6592.00000 5993.03701  9.09%  77.3 15661s
 8160015 4550525 6121.74016   59  233 6592.00000 5993.04055  9.09%  77.3 15665s
 8162548 4552133 6498.47051   72  189 6592.00000 5993.04396  9.09%  77.3 15670s
 8166063 4554186 6365.85227   60  197 6592.00000 5993.05013  9.09%  77.3 15676s
 8168682 4555584 6265.93716  140   38 6592.00000 5993.05258  9.09%  77.3 15681s
 8171487 4556978 6036.03182   52  161 6592.00000 5993.05453  9.09%  77.2 15685s
 8174456 4558529 6031.01000   69   15 6592.00000 5993.05882  9.09%  77.2 15691s
 8176526 4560186 6537.14336  140   79 6592.00000 5993.06026  9.09%  77.2 15695s
 8179044 4561445 6212.85006   67  143 6592.00000 5993.06332  9.09%  77.2 15700s
 8183435 4563537 6501.77308   97   15 6592.00000 5993.06677  9.09%  77.2 15706s
 8185875 4564994 6319.13894   80  229 6592.00000 5993.07149  9.09%  77.2 15711s
 8188417 4566590 6045.67728   63   30 6592.00000 5993.07373  9.09%  77.2 15715s
 8192051 4568315 6457.04000   63    7 6592.00000 5993.07692  9.09%  77.2 15720s
 8195991 4569720 6290.75752   51  190 6592.00000 5993.08315  9.09%  77.2 15726s
 8196132 4570316 6311.86753   61  225 6592.00000 5993.08335  9.09%  77.2 15730s
 8198943 4571595 6379.95382   52  196 6592.00000 5993.08936  9.09%  77.2 15736s
 8201006 4572857 6059.57143   57   95 6592.00000 5993.09266  9.09%  77.2 15741s
 8203386 4573944 infeasible   75      6592.00000 5993.09622  9.09%  77.2 15746s
 8205749 4575235 6117.66667   54   42 6592.00000 5993.09926  9.09%  77.2 15751s
 8208410 4576548     cutoff   66      6592.00000 5993.10284  9.09%  77.2 15756s
 8211588 4578172 6095.61167   51   13 6592.00000 5993.10714  9.09%  77.2 15761s
 8214340 4579561 6405.17290  101  108 6592.00000 5993.11239  9.09%  77.2 15766s
 8216616 4581296     cutoff   80      6592.00000 5993.11541  9.09%  77.2 15770s
 8221013 4583436 6013.08644   67   89 6592.00000 5993.12021  9.08%  77.2 15776s
 8223798 4584663 6056.23824   63   57 6592.00000 5993.12293  9.08%  77.2 15780s
 8226974 4586481 6202.70588   59   39 6592.00000 5993.12730  9.08%  77.2 15786s
 8229217 4587646 6408.65392   69   82 6592.00000 5993.12920  9.08%  77.2 15790s
 8232612 4589866 6077.83627   61   83 6592.00000 5993.13467  9.08%  77.2 15796s
 8234967 4591510 6136.12710   77  138 6592.00000 5993.13657  9.08%  77.2 15801s
 8238072 4593089 6248.61588   52  219 6592.00000 5993.13924  9.08%  77.2 15805s
 8241475 4594816 6116.51669   78   92 6592.00000 5993.14286  9.08%  77.2 15812s
 8243918 4596366 6438.62889   72  174 6592.00000 5993.14578  9.08%  77.2 15816s
 8246718 4597560 6319.15186   95  105 6592.00000 5993.15000  9.08%  77.2 15820s
 8249027 4598554 6022.14007   55  124 6592.00000 5993.15302  9.08%  77.2 15825s
 8251888 4600171 6051.57432   79   65 6592.00000 5993.15873  9.08%  77.2 15831s
 8253186 4600421 6433.28352   46  127 6592.00000 5993.16022  9.08%  77.2 15836s
 8255005 4601880     cutoff   53      6592.00000 5993.16297  9.08%  77.2 15841s
 8256946 4602312 6126.00564   87   36 6592.00000 5993.16449  9.08%  77.2 15845s
 8259900 4604124 6431.24000   65   24 6592.00000 5993.16702  9.08%  77.2 15851s
 8262216 4605225 6331.06429   71   50 6592.00000 5993.17105  9.08%  77.2 15856s
 8264267 4606400 6154.27867   62  229 6592.00000 5993.17391  9.08%  77.2 15861s
 8267367 4608073 6437.70325   60  200 6592.00000 5993.17772  9.08%  77.2 15865s
 8269685 4609799 6221.45105   69  229 6592.00000 5993.18182  9.08%  77.2 15870s
 8272726 4611302 6206.10302   57  197 6592.00000 5993.18488  9.08%  77.2 15875s
 8276677 4613333 6259.14852   88  183 6592.00000 5993.18818  9.08%  77.2 15881s
 8278751 4614828 6435.20796  117  138 6592.00000 5993.18818  9.08%  77.2 15885s
 8282677 4616716 5996.87782  103   37 6592.00000 5993.19462  9.08%  77.2 15891s
 8284875 4618017 6347.24175   62  212 6592.00000 5993.19701  9.08%  77.2 15895s
 8288646 4620074 6278.94580   68  145 6592.00000 5993.20039  9.08%  77.2 15901s
 8291304 4621677 6062.52498   59   28 6592.00000 5993.20500  9.08%  77.2 15905s
 8295211 4623630 6044.49180   53   25 6592.00000 5993.20928  9.08%  77.2 15911s
 8297685 4625058 6101.07264   58   96 6592.00000 5993.21309  9.08%  77.2 15915s
 8301110 4626893 6252.45755   65  282 6592.00000 5993.21773  9.08%  77.2 15921s
 8303390 4628234 6192.00000   71    6 6592.00000 5993.22231  9.08%  77.2 15926s
 8305712 4629495 6376.41995   81  198 6592.00000 5993.22593  9.08%  77.2 15930s
 8308770 4631678 6437.75384   57  167 6592.00000 5993.23024  9.08%  77.2 15937s
 8311696 4632780 6387.42321   77   46 6592.00000 5993.23475  9.08%  77.2 15942s
 8312637 4632791 6205.29033   58  124 6592.00000 5993.23661  9.08%  77.2 15945s
 8313261 4633939 6097.42417   43   59 6592.00000 5993.23722  9.08%  77.2 15951s
 8316901 4635701 6224.97708   75  208 6592.00000 5993.24179  9.08%  77.2 15956s
 8319451 4637409 6298.37390   57  179 6592.00000 5993.24682  9.08%  77.2 15961s
 8322653 4638640 6319.85804   63  236 6592.00000 5993.24867  9.08%  77.2 15965s
 8325361 4640099 infeasible   56      6592.00000 5993.25357  9.08%  77.2 15970s
 8329159 4642413 infeasible   69      6592.00000 5993.25883  9.08%  77.2 15977s
 8330324 4642626 6314.68502   73  107 6592.00000 5993.25998  9.08%  77.2 15980s
 8332030 4644107 6423.06529   75   91 6592.00000 5993.26240  9.08%  77.2 15986s
 8335332 4646011 infeasible   56      6592.00000 5993.26565  9.08%  77.2 15991s
 8338459 4647274 6284.85018   74   97 6592.00000 5993.26888  9.08%  77.2 15996s
 8341537 4649041 6254.52278   41  243 6592.00000 5993.27250  9.08%  77.2 16001s
 8344337 4650471 6517.52284   61  177 6592.00000 5993.27429  9.08%  77.2 16005s
 8348572 4652761 6411.85676   66  171 6592.00000 5993.27848  9.08%  77.2 16011s
 8350794 4653922     cutoff   81      6592.00000 5993.28236  9.08%  77.2 16016s
 8353586 4655443 6206.41228   59   17 6592.00000 5993.28447  9.08%  77.2 16020s
 8356496 4657000 6180.30143   66   19 6592.00000 5993.28709  9.08%  77.2 16025s
 8359739 4658934     cutoff   72      6592.00000 5993.29060  9.08%  77.2 16031s
 8361803 4660337 6273.09308   59  162 6592.00000 5993.29332  9.08%  77.2 16035s
 8365849 4662354 6410.31770   72  133 6592.00000 5993.29782  9.08%  77.2 16041s
 8368410 4663270 6145.19421   73  163 6592.00000 5993.30170  9.08%  77.2 16045s
 8371400 4664895 6393.33525   67  176 6592.00000 5993.30504  9.08%  77.2 16051s
 8373619 4666311 6439.13774   65  156 6592.00000 5993.30769  9.08%  77.2 16056s
 8376143 4667523 6030.94740   61   53 6592.00000 5993.31104  9.08%  77.2 16061s
 8378688 4669224 infeasible   90      6592.00000 5993.31530  9.08%  77.2 16065s
 8380030 4669422 6086.02379   62   40 6592.00000 5993.31679  9.08%  77.2 16070s
 8382848 4671310 6286.92912   87  169 6592.00000 5993.31840  9.08%  77.2 16077s
 8385419 4672716 6319.10154   63   61 6592.00000 5993.32389  9.08%  77.2 16081s
 8387549 4673746 6406.63301   57  174 6592.00000 5993.32539  9.08%  77.2 16086s
 8390076 4675220 6266.89199   70  224 6592.00000 5993.32958  9.08%  77.2 16090s
 8394094 4677268 infeasible   59      6592.00000 5993.33530  9.08%  77.2 16097s
 8396115 4678550 6098.14689   65  153 6592.00000 5993.33702  9.08%  77.2 16101s
 8398506 4679630 6080.01057   51  130 6592.00000 5993.34205  9.08%  77.2 16105s
 8400783 4680905 6083.92500   61   16 6592.00000 5993.34411  9.08%  77.2 16110s
 8404483 4683155 6396.00000   86   14 6592.00000 5993.34853  9.08%  77.2 16115s
 8407641 4684707 6268.50570   62  111 6592.00000 5993.35253  9.08%  77.2 16121s
 8410231 4686084 6250.67333   73   19 6592.00000 5993.35562  9.08%  77.2 16125s
 8413592 4687805 infeasible   61      6592.00000 5993.36033  9.08%  77.2 16130s
 8416507 4689109 5994.04450   94  115 6592.00000 5993.36362  9.08%  77.2 16135s
 8419103 4690956 6288.80481   78   51 6592.00000 5993.36706  9.08%  77.2 16141s
 8421936 4692576 6059.00046   68  162 6592.00000 5993.37048  9.08%  77.2 16145s
 8425620 4694149 6480.03411   87  116 6592.00000 5993.37602  9.08%  77.2 16151s
 8427270 4694989     cutoff   69      6592.00000 5993.37859  9.08%  77.2 16156s
 8429606 4696265 6130.83133   61   75 6592.00000 5993.38190  9.08%  77.2 16160s
 8431959 4697520 6238.65500   63   20 6592.00000 5993.38470  9.08%  77.2 16165s
 8434696 4699067 6097.73971   71   34 6592.00000 5993.38912  9.08%  77.2 16170s
 8438797 4700605 6020.16250   55   62 6592.00000 5993.39433  9.08%  77.2 16177s
 8438809 4706792 6047.64833   56   85 6592.00000 5993.39433  9.08%  77.2 16203s
 8450809 4707861 6183.97667   70   36 6592.00000 5993.40562  9.08%  77.2 16206s
 8453929 4709617 6303.73636   62   64 6592.00000 5993.41023  9.08%  77.2 16211s
 8457086 4711694 6226.74314  105   34 6592.00000 5993.41479  9.08%  77.2 16216s
 8461098 4713387 6458.66457   90  106 6592.00000 5993.41929  9.08%  77.2 16220s
 8463967 4715081 infeasible   47      6592.00000 5993.42240  9.08%  77.2 16225s
 8467355 4716596 infeasible   60      6592.00000 5993.42654  9.08%  77.2 16230s
 8470625 4718096 6443.28000   57   42 6592.00000 5993.43086  9.08%  77.2 16236s
 8474079 4720190 6294.54000   68   18 6592.00000 5993.43509  9.08%  77.1 16241s
 8476260 4721316     cutoff   61      6592.00000 5993.43861  9.08%  77.1 16247s
 8477524 4722072 6122.58305   55  213 6592.00000 5993.44091  9.08%  77.2 16250s
 8481028 4723893 6109.95709   51   64 6592.00000 5993.44451  9.08%  77.2 16256s
 8483713 4725332 6436.64720   63  184 6592.00000 5993.45000  9.08%  77.2 16260s
 8486447 4726393 6345.76662   66  159 6592.00000 5993.45279  9.08%  77.2 16265s
 8490159 4728322 6255.56062   82   70 6592.00000 5993.45907  9.08%  77.2 16272s
 8492420 4730027 6031.58746   59   32 6592.00000 5993.46000  9.08%  77.2 16276s
 8495252 4731427 6246.44000   65   61 6592.00000 5993.46548  9.08%  77.2 16281s
 8498129 4732264 6094.41403   81  176 6592.00000 5993.46875  9.08%  77.2 16286s
 8498340 4732272 6333.23565   92  167 6592.00000 5993.46875  9.08%  77.2 16290s
 8500329 4734036 6505.31000   81   12 6592.00000 5993.47066  9.08%  77.2 16297s
 8501784 4734616 infeasible  111      6592.00000 5993.47369  9.08%  77.1 16300s
 8503627 4735759 6422.01056   90  155 6592.00000 5993.47445  9.08%  77.1 16305s
 8506629 4737414 6307.38572   66  190 6592.00000 5993.48000  9.08%  77.1 16311s
 8509358 4738968 6091.67152   65   69 6592.00000 5993.48290  9.08%  77.1 16316s
 8512116 4740341 infeasible   87      6592.00000 5993.48680  9.08%  77.1 16321s
 8516410 4742450 6080.45455   77   23 6592.00000 5993.49052  9.08%  77.1 16326s
 8519643 4744594 6131.04680   60   78 6592.00000 5993.49559  9.08%  77.1 16331s
 8523628 4746413 6492.86900   79  205 6592.00000 5993.49735  9.08%  77.1 16336s
 8526384 4747861 6381.40145   81   71 6592.00000 5993.50000  9.08%  77.1 16341s
 8528121 4749066 6378.70975   76  234 6592.00000 5993.50000  9.08%  77.1 16345s
 8532144 4750861     cutoff   90      6592.00000 5993.50474  9.08%  77.1 16351s
 8534057 4752303 6472.22865   75   30 6592.00000 5993.50842  9.08%  77.1 16355s
 8537972 4754306 6069.88000   49   13 6592.00000 5993.51377  9.08%  77.1 16361s
 8540736 4755740 6037.34150   99   54 6592.00000 5993.51582  9.08%  77.1 16365s
 8543864 4757427 6177.66759   58   22 6592.00000 5993.52028  9.08%  77.1 16371s
 8546357 4758283     cutoff   74      6592.00000 5993.52334  9.08%  77.1 16375s
 8549622 4760312 6386.24546   65  104 6592.00000 5993.52802  9.08%  77.1 16382s
 8550774 4761152 6128.16000   61   41 6592.00000 5993.52984  9.08%  77.1 16385s
 8554863 4763459 infeasible  119      6592.00000 5993.53547  9.08%  77.1 16391s
 8557598 4764535 6459.72601   88  155 6592.00000 5993.53650  9.08%  77.1 16396s
 8560237 4766013 6488.69333   60   58 6592.00000 5993.53936  9.08%  77.1 16400s
 8563492 4767780 6297.71505   86   93 6592.00000 5993.54430  9.08%  77.1 16407s
 8566080 4769135 6218.86722   70   85 6592.00000 5993.54837  9.08%  77.1 16411s
 8568879 4770525 6097.59228   82   54 6592.00000 5993.55243  9.08%  77.1 16415s
 8572079 4772440 6414.40468   81  159 6592.00000 5993.55785  9.08%  77.1 16421s
 8575085 4774036 infeasible   75      6592.00000 5993.56000  9.08%  77.1 16426s
 8577816 4775574 6406.30982   63   69 6592.00000 5993.56410  9.08%  77.1 16430s
 8580102 4776889 6103.67839   77   17 6592.00000 5993.56850  9.08%  77.1 16435s
 8583857 4778997 6007.40875   62   73 6592.00000 5993.57143  9.08%  77.1 16441s
 8585973 4780442 6575.86366   86   63 6592.00000 5993.57473  9.08%  77.1 16446s
 8589413 4782063 6526.00000   68   16 6592.00000 5993.57807  9.08%  77.1 16450s
 8593086 4783979 6005.64460   68   88 6592.00000 5993.58311  9.08%  77.1 16456s
 8595451 4785241 6075.66445   58   68 6592.00000 5993.58736  9.08%  77.1 16460s
 8598785 4786888 6099.02583   64   30 6592.00000 5993.59331  9.08%  77.1 16466s
 8601181 4788360 infeasible   78      6592.00000 5993.59767  9.08%  77.1 16470s
 8604589 4790151 6088.00000   57   10 6592.00000 5993.60201  9.08%  77.1 16477s
 8607345 4791666 6267.55155   70   88 6592.00000 5993.60507  9.08%  77.1 16481s
 8610423 4793448 6212.27906   78  167 6592.00000 5993.60973  9.08%  77.1 16486s
 8611723 4793798 6579.28688   81  182 6592.00000 5993.61085  9.08%  77.1 16490s
 8614380 4795399 6129.10114   54   52 6592.00000 5993.61538  9.08%  77.1 16497s
 8616726 4796949 6297.63903   60  128 6592.00000 5993.61828  9.08%  77.1 16501s
 8619410 4798307 6393.57996   76  211 6592.00000 5993.62338  9.08%  77.1 16505s
 8621898 4799127 6110.65346   65  143 6592.00000 5993.62500  9.08%  77.1 16510s
 8624103 4800543 6358.68518   70  216 6592.00000 5993.63128  9.08%  77.1 16515s
 8626328 4801552 6093.36590   69   19 6592.00000 5993.63469  9.08%  77.1 16521s
 8629059 4803202 6080.01667   57   19 6592.00000 5993.63897  9.08%  77.1 16527s
 8630760 4803821 6203.11135   74   61 6592.00000 5993.64079  9.08%  77.1 16530s
 8635115 4806114     cutoff   56      6592.00000 5993.64733  9.08%  77.1 16537s
 8637639 4807463 6010.48713   76   90 6592.00000 5993.65001  9.08%  77.1 16541s
 8639874 4808953 6091.12596   65  264 6592.00000 5993.65310  9.08%  77.1 16546s
 8642247 4809762 5996.67647   54   16 6592.00000 5993.65524  9.08%  77.1 16550s
 8644416 4811144 6024.47667   52   16 6592.00000 5993.65832  9.08%  77.1 16555s
 8648084 4812692 6107.98095   82   65 6592.00000 5993.66265  9.08%  77.1 16562s
 8650458 4813960 6115.00000   59   18 6592.00000 5993.66644  9.08%  77.1 16566s
 8652615 4815484 6090.33251   72  103 6592.00000 5993.66906  9.08%  77.1 16570s
 8654148 4815714 infeasible   70      6592.00000 5993.67198  9.08%  77.1 16575s
 8657021 4817476     cutoff   66      6592.00000 5993.67709  9.08%  77.1 16582s
 8659537 4819144 6436.84201   62  214 6592.00000 5993.67979  9.08%  77.1 16586s
 8662276 4820143 6123.95167   62   68 6592.00000 5993.68317  9.08%  77.1 16590s
 8666179 4822328 6097.40161   67   60 6592.00000 5993.68695  9.08%  77.1 16596s
 8668230 4823830 6363.49169   79  182 6592.00000 5993.68870  9.08%  77.1 16600s
 8671683 4825671 6229.21545   81  238 6592.00000 5993.69398  9.08%  77.1 16605s
 8675250 4827642 6283.50654   61  179 6592.00000 5993.69920  9.08%  77.1 16611s
 8677929 4829385 6097.33230   64   77 6592.00000 5993.70198  9.08%  77.1 16616s
 8680687 4830464 6098.95567   61  157 6592.00000 5993.70636  9.08%  77.1 16620s
 8683780 4832435 6421.22531   75  172 6592.00000 5993.71041  9.08%  77.1 16626s
 8686635 4833744 6315.10000   98    8 6592.00000 5993.71499  9.08%  77.1 16630s
 8690289 4835616 6010.11188   90   36 6592.00000 5993.71990  9.08%  77.1 16637s
 8692581 4837020 6505.41337   68  250 6592.00000 5993.72490  9.08%  77.1 16641s
 8694751 4838142 6084.29832   61   80 6592.00000 5993.72744  9.08%  77.1 16645s
 8696954 4839107 6123.67884   63   81 6592.00000 5993.73177  9.08%  77.1 16650s
 8699045 4840334 6234.55429   65  111 6592.00000 5993.73527  9.08%  77.1 16655s
 8701715 4841716 6021.04252   65   88 6592.00000 5993.73974  9.08%  77.1 16660s
 8704871 4843145 6070.09991   63  203 6592.00000 5993.74457  9.08%  77.1 16665s
 8707506 4843817 infeasible   69      6592.00000 5993.74880  9.08%  77.1 16670s
 8707982 4844717 6183.64923   62   92 6592.00000 5993.74880  9.08%  77.1 16675s
 8710482 4846245 6322.52448   69  145 6592.00000 5993.75152  9.08%  77.1 16680s
 8713545 4847747     cutoff   70      6592.00000 5993.75482  9.08%  77.1 16685s
 8716219 4849321 6137.53819   71  234 6592.00000 5993.75776  9.08%  77.1 16690s
 8719192 4850679 6526.05016  120  159 6592.00000 5993.76150  9.08%  77.1 16695s
 8721234 4852050 6178.86687   59   29 6592.00000 5993.76485  9.08%  77.1 16700s
 8724660 4853894 6283.27723   64   44 6592.00000 5993.76923  9.08%  77.1 16707s
 8727341 4855566 6095.52046   85   38 6592.00000 5993.77142  9.08%  77.1 16711s
 8730142 4856826 6076.50000   62   14 6592.00000 5993.77419  9.08%  77.1 16715s
 8732590 4857902 6290.74669   81  249 6592.00000 5993.77789  9.07%  77.1 16720s
 8736920 4860197 6304.61274   74   29 6592.00000 5993.78229  9.07%  77.1 16727s
 8739897 4861565 6189.00000   64   50 6592.00000 5993.78508  9.07%  77.1 16731s
 8741817 4863224 6220.64323   81  233 6592.00000 5993.78781  9.07%  77.1 16736s
 8744462 4864335 6094.20000   54   36 6592.00000 5993.79138  9.07%  77.1 16740s
 8748219 4866386 6280.19729   80  109 6592.00000 5993.79722  9.07%  77.1 16746s
 8751178 4867815     cutoff   48      6592.00000 5993.80054  9.07%  77.1 16750s
 8753474 4869109 6402.68132  130  124 6592.00000 5993.80357  9.07%  77.1 16756s
 8755432 4870568 6483.54498   68  181 6592.00000 5993.80645  9.07%  77.1 16761s
 8758014 4872072 6513.37119  123   37 6592.00000 5993.80985  9.07%  77.1 16766s
 8760743 4873627 6117.19921   73  190 6592.00000 5993.81435  9.07%  77.1 16770s
 8764469 4875161 6286.42176   57  291 6592.00000 5993.81944  9.07%  77.0 16776s
 8767264 4876629 6159.05571   77  165 6592.00000 5993.82622  9.07%  77.0 16781s
 8769655 4878225 6435.41000   92   33 6592.00000 5993.82915  9.07%  77.0 16786s
 8772454 4878874 6177.82946   90  183 6592.00000 5993.83310  9.07%  77.0 16791s
 8772482 4879022 6181.11151   92  187 6592.00000 5993.83310  9.07%  77.0 16796s
 8774034 4880328 6011.51219   53  104 6592.00000 5993.83437  9.07%  77.0 16800s
 8776382 4881490 6118.20911   65  211 6592.00000 5993.83701  9.07%  77.0 16805s
 8778539 4882542 6098.80127   77  199 6592.00000 5993.84076  9.07%  77.0 16810s
 8780514 4883754 6151.97644   59  283 6592.00000 5993.84331  9.07%  77.1 16815s
 8783760 4885283 infeasible   85      6592.00000 5993.84607  9.07%  77.0 16820s
 8785530 4886493 6333.34884   76  104 6592.00000 5993.84940  9.07%  77.1 16825s
 8789699 4888464 infeasible   65      6592.00000 5993.85482  9.07%  77.0 16831s
 8791496 4889343 6000.82805   51  140 6592.00000 5993.85720  9.07%  77.0 16835s
 8795252 4891469 6302.78674   81   99 6592.00000 5993.86239  9.07%  77.0 16841s
 8797874 4893001 6351.65667   77  228 6592.00000 5993.86769  9.07%  77.0 16845s
 8801568 4894929 6166.39427   75  115 6592.00000 5993.87111  9.07%  77.0 16851s
 8804215 4896538 6151.75542   41  110 6592.00000 5993.87610  9.07%  77.0 16855s
 8808006 4898344 6328.16078   62  177 6592.00000 5993.87871  9.07%  77.0 16861s
 8809859 4899677 6350.70263   68  165 6592.00000 5993.88180  9.07%  77.0 16865s
 8813784 4901503 6226.90308   66  206 6592.00000 5993.88755  9.07%  77.0 16871s
 8815869 4902732 6154.47445   59  209 6592.00000 5993.88889  9.07%  77.0 16875s
 8817477 4903828 6383.54453   70  173 6592.00000 5993.89015  9.07%  77.0 16880s
 8820714 4905279 6172.10386   80   50 6592.00000 5993.89518  9.07%  77.0 16886s
 8823179 4906485 6459.95261   75  167 6592.00000 5993.89790  9.07%  77.0 16891s
 8825385 4907895 6291.48916   63   45 6592.00000 5993.90130  9.07%  77.0 16896s
 8827995 4908945 6373.43990   85  234 6592.00000 5993.90468  9.07%  77.0 16900s
 8830179 4910406 6246.03582   64   82 6592.00000 5993.90950  9.07%  77.0 16905s
 8834356 4912432 6205.13500   46   11 6592.00000 5993.91204  9.07%  77.0 16911s
 8837566 4914051 6028.00677   57  111 6592.00000 5993.91758  9.07%  77.0 16916s
 8840210 4915410 6389.23372   60  154 6592.00000 5993.92041  9.07%  77.0 16920s
 8842713 4917091 6125.22338   56  124 6592.00000 5993.92582  9.07%  77.0 16926s
 8845673 4918336     cutoff   97      6592.00000 5993.93088  9.07%  77.0 16930s
 8848048 4919951 6275.46268   77  177 6592.00000 5993.93415  9.07%  77.0 16935s
 8851727 4921676 6268.89083   63    5 6592.00000 5993.93930  9.07%  77.0 16941s
 8854111 4922993     cutoff   84      6592.00000 5993.94063  9.07%  77.0 16946s
 8856311 4924111 6506.15736   76  145 6592.00000 5993.94535  9.07%  77.0 16950s
 8859030 4925607 6089.00000   52   43 6592.00000 5993.94834  9.07%  77.0 16955s
 8862663 4927909     cutoff   81      6592.00000 5993.95235  9.07%  77.0 16961s
 8865206 4928792 6546.58000   69   23 6592.00000 5993.95588  9.07%  77.0 16965s
 8868573 4930870 6036.42500   56   68 6592.00000 5993.96053  9.07%  77.0 16971s
 8871053 4932201     cutoff  101      6592.00000 5993.96294  9.07%  77.0 16975s
 8874658 4934017 6252.87579   61  255 6592.00000 5993.96860  9.07%  77.0 16981s
 8876961 4935145 6050.08314   74  193 6592.00000 5993.97208  9.07%  77.0 16986s
 8879621 4936521 6453.03710   64   75 6592.00000 5993.97756  9.07%  77.0 16991s
 8880713 4936858 6256.10475   70  121 6592.00000 5993.97942  9.07%  77.0 16996s
 8882547 4938754     cutoff   61      6592.00000 5993.98248  9.07%  77.0 17000s
 8885851 4939744 6223.00000   61   26 6592.00000 5993.98628  9.07%  77.0 17005s
 8888034 4941429 6232.22750   71  257 6592.00000 5993.98974  9.07%  77.0 17010s
 8891370 4943040 6494.17255   79  104 6592.00000 5993.99468  9.07%  77.0 17016s
 8893841 4944144 6024.64963   56   81 6592.00000 5993.99563  9.07%  77.0 17021s
 8896423 4945330 6130.59075   66  223 6592.00000 5994.00000  9.07%  77.0 17025s
 8898504 4946559 6105.26000   56   28 6592.00000 5994.00000  9.07%  77.0 17030s
 8900872 4947811 infeasible   70      6592.00000 5994.00000  9.07%  77.0 17035s
 8902687 4948938 6400.56963   70  253 6592.00000 5994.00000  9.07%  77.0 17040s
 8904914 4949801 6340.19842   72   82 6592.00000 5994.00000  9.07%  77.0 17045s
 8906715 4950698 6428.29518   68  236 6592.00000 5994.00000  9.07%  77.0 17050s
 8908839 4951761 infeasible   62      6592.00000 5994.00000  9.07%  77.0 17056s
 8910937 4952854 6123.51804   58  136 6592.00000 5994.00000  9.07%  77.0 17061s
 8913706 4954182 6058.46333   59   34 6592.00000 5994.00000  9.07%  77.0 17066s
 8915850 4955632     cutoff   56      6592.00000 5994.00000  9.07%  77.0 17072s
 8917401 4956188 6220.87500   71    8 6592.00000 5994.00000  9.07%  77.0 17075s
 8918834 4956361 6024.95980   54   24 6592.00000 5994.00000  9.07%  77.0 17081s
 8919596 4957416 6003.12000   43   29 6592.00000 5994.00000  9.07%  77.1 17087s
 8920903 4958167 6336.42667   64   19 6592.00000 5994.00000  9.07%  77.1 17090s
 8923470 4959212 6235.74962   57  241 6592.00000 5994.00000  9.07%  77.1 17097s
 8924432 4959894     cutoff   61      6592.00000 5994.00000  9.07%  77.1 17100s
 8927038 4961355 6448.57223   75  150 6592.00000 5994.00000  9.07%  77.1 17106s
 8930103 4962358     cutoff   57      6592.00000 5994.00000  9.07%  77.1 17112s
 8931224 4963072 6519.47759   55  171 6592.00000 5994.00000  9.07%  77.1 17115s
 8933345 4964512     cutoff   71      6592.00000 5994.00000  9.07%  77.1 17121s
 8936304 4965564 6099.24324   66   55 6592.00000 5994.00000  9.07%  77.1 17126s
 8938422 4966614 6460.54799   62  144 6592.00000 5994.00000  9.07%  77.1 17132s
 8939502 4967576 6226.00000   75   29 6592.00000 5994.00000  9.07%  77.1 17135s
 8942309 4968663 6021.32365   60   93 6592.00000 5994.00000  9.07%  77.1 17140s
 8944952 4970055 6516.81376   78  137 6592.00000 5994.00000  9.07%  77.1 17146s
 8947589 4971260     cutoff   58      6592.00000 5994.00000  9.07%  77.1 17152s
 8948355 4971794 6139.51223   68  243 6592.00000 5994.00000  9.07%  77.1 17155s
 8950528 4972679 6125.54839   59   11 6592.00000 5994.00000  9.07%  77.1 17160s
 8953369 4973968 6253.65238   64  142 6592.00000 5994.00000  9.07%  77.1 17165s
 8955229 4975107 6373.84650   62  137 6592.00000 5994.00000  9.07%  77.1 17171s
 8957571 4976483 6134.05779   60  237 6592.00000 5994.00000  9.07%  77.1 17176s
 8960177 4977628 6253.15177   70  148 6592.00000 5994.00000  9.07%  77.1 17181s
 8962316 4979010 6360.31923  102  176 6592.00000 5994.00000  9.07%  77.1 17187s
 8964095 4979434 6430.29400   55   50 6592.00000 5994.00000  9.07%  77.1 17190s
 8965752 4980919 6418.54080   70   77 6592.00000 5994.00000  9.07%  77.1 17195s
 8968309 4981983 6112.00000   65    4 6592.00000 5994.00000  9.07%  77.1 17200s
 8971202 4983812 6017.93833   45   24 6592.00000 5994.00000  9.07%  77.1 17205s
 8973281 4984724 6454.81413   96  165 6592.00000 5994.00000  9.07%  77.1 17210s
 8974735 4985670     cutoff   74      6592.00000 5994.00000  9.07%  77.1 17215s
 8977043 4987024 6147.22000   61   15 6592.00000 5994.00000  9.07%  77.2 17220s
 8979656 4988299 6034.54171   54  143 6592.00000 5994.00140  9.07%  77.2 17226s
 8982230 4990408 6084.30390   71  269 6592.00000 5994.00261  9.07%  77.1 17231s
 8985399 4991282 6545.63343   66   46 6592.00000 5994.01053  9.07%  77.1 17236s
 8987352 4992568 6262.56574   65  267 6592.00000 5994.01366  9.07%  77.1 17242s
 8989829 4993771 6120.23402   65   55 6592.00000 5994.01684  9.07%  77.1 17247s
 8990941 4994666 6132.95812   65  239 6592.00000 5994.01992  9.07%  77.1 17250s
 8993865 4995833 6138.85638   48  146 6592.00000 5994.02592  9.07%  77.1 17255s
 8996268 4997573 6130.29601   61  253 6592.00000 5994.02863  9.07%  77.1 17260s
 8999072 4999195     cutoff   86      6592.00000 5994.03000  9.07%  77.1 17265s
 9001830 5000505 6277.47755   62   89 6592.00000 5994.03502  9.07%  77.1 17270s
 9004285 5002015 6021.19476   56   75 6592.00000 5994.03813  9.07%  77.1 17275s
 9007986 5003621 6357.09742   72  130 6592.00000 5994.04412  9.07%  77.1 17281s
 9009211 5004060 6300.43259  101   77 6592.00000 5994.04555  9.07%  77.1 17285s
 9012896 5006074 6101.96030   91   53 6592.00000 5994.04851  9.07%  77.1 17292s
 9014846 5007111 6163.08324   64  272 6592.00000 5994.05275  9.07%  77.1 17296s
 9016905 5008218     cutoff   88      6592.00000 5994.05479  9.07%  77.1 17300s
 9019256 5009492 6242.30608   63  118 6592.00000 5994.05848  9.07%  77.1 17305s
 9023429 5012014 6309.86541  109   48 6592.00000 5994.06321  9.07%  77.1 17312s
 9024719 5012604 6194.68329   69  166 6592.00000 5994.06487  9.07%  77.1 17315s
 9028782 5014843 6018.99335   63   91 6592.00000 5994.07060  9.07%  77.1 17321s
 9030835 5015613 6017.26316   60  114 6592.00000 5994.07288  9.07%  77.1 17326s
 9032982 5016667 6521.07870   63  140 6592.00000 5994.07700  9.07%  77.1 17331s
 9034841 5018139 6450.59441   95  131 6592.00000 5994.08000  9.07%  77.1 17336s
 9037584 5019303 6216.95000   60   34 6592.00000 5994.08342  9.07%  77.1 17340s
 9040167 5020641 6338.36024   71  236 6592.00000 5994.08634  9.07%  77.1 17346s
 9042602 5021967 6009.44615   46   18 6592.00000 5994.08955  9.07%  77.1 17351s
 9045610 5023376     cutoff   76      6592.00000 5994.09535  9.07%  77.1 17355s
 9047812 5024989 infeasible   98      6592.00000 5994.09810  9.07%  77.1 17360s
 9051777 5026505 6093.85667   97   48 6592.00000 5994.10472  9.07%  77.1 17366s
 9052828 5026884 6078.43333   64   15 6592.00000 5994.10570  9.07%  77.1 17370s
 9054481 5028045 infeasible  111      6592.00000 5994.10774  9.07%  77.1 17375s
 9058393 5029791 6560.60138  118  112 6592.00000 5994.11143  9.07%  77.1 17380s
 9061079 5031458 6129.47333   87  212 6592.00000 5994.11804  9.07%  77.1 17386s
 9063240 5033039 6553.11422  132   43 6592.00000 5994.12048  9.07%  77.1 17391s
 9065974 5034045 6387.00000   69  122 6592.00000 5994.12623  9.07%  77.1 17395s
 9068863 5035388 6060.30000   52   58 6592.00000 5994.12970  9.07%  77.1 17400s
 9072571 5037217 6366.03237   65  210 6592.00000 5994.13428  9.07%  77.1 17406s
 9074392 5038213 6165.22044   70  217 6592.00000 5994.13656  9.07%  77.1 17411s
 9076442 5039265 6305.05622   57   29 6592.00000 5994.13889  9.07%  77.1 17415s
 9078675 5040999 6135.62329   55  253 6592.00000 5994.14313  9.07%  77.1 17420s
 9083022 5042846 5994.14706   51   59 6592.00000 5994.14706  9.07%  77.1 17427s
 9085652 5044232 6025.47705   62  103 6592.00000 5994.14706  9.07%  77.1 17431s
 9088582 5045707 6005.93508   57   88 6592.00000 5994.15359  9.07%  77.1 17436s
 9090435 5046793 5997.00563   83   35 6592.00000 5994.15536  9.07%  77.1 17441s
 9092703 5048259 6417.27000   71   34 6592.00000 5994.15743  9.07%  77.1 17445s
 9095279 5049386 6056.76022   98   20 6592.00000 5994.16095  9.07%  77.1 17450s
 9098350 5050464 6448.06374   70  240 6592.00000 5994.16406  9.07%  77.1 17455s
 9099365 5051631 6125.71121   83  182 6592.00000 5994.16514  9.07%  77.1 17462s
 9101749 5053143 5996.48128   55  160 6592.00000 5994.16905  9.07%  77.1 17466s
 9104444 5054615 6466.95017   86  203 6592.00000 5994.17160  9.07%  77.1 17471s
 9107237 5055845 6177.02813   62  194 6592.00000 5994.17446  9.07%  77.1 17475s
 9109849 5056927 6482.37515   76  136 6592.00000 5994.17794  9.07%  77.1 17480s
 9113568 5059441 6320.47241   64  166 6592.00000 5994.18153  9.07%  77.1 17486s
 9115770 5060529 6535.19102   88  101 6592.00000 5994.18472  9.07%  77.1 17491s
 9118236 5062207 infeasible   64      6592.00000 5994.18820  9.07%  77.1 17496s
 9121120 5063694 6014.80000   53   30 6592.00000 5994.19198  9.07%  77.1 17501s
 9124103 5065261 6213.06411   66   91 6592.00000 5994.19661  9.07%  77.1 17505s
 9127859 5067528 6316.03061   85  136 6592.00000 5994.20000  9.07%  77.1 17512s
 9131058 5069046 6368.40604   63  231 6592.00000 5994.20168  9.07%  77.1 17516s
 9132998 5070302 6153.03980   52   56 6592.00000 5994.20322  9.07%  77.1 17522s
 9134870 5071185 6499.65528   71  164 6592.00000 5994.20543  9.07%  77.1 17525s
 9137813 5072887 6000.82000   63   19 6592.00000 5994.21039  9.07%  77.1 17530s
 9141932 5074707 infeasible   78      6592.00000 5994.21429  9.07%  77.1 17536s
 9144397 5076404 6461.40554   79  119 6592.00000 5994.21429  9.07%  77.1 17541s
 9146459 5077516 6148.55094   47   45 6592.00000 5994.21697  9.07%  77.1 17545s
 9148472 5078563 6087.75958   65  150 6592.00000 5994.21922  9.07%  77.1 17550s
 9151383 5080002 6239.02089   62  136 6592.00000 5994.22417  9.07%  77.1 17555s
 9153947 5081936 6053.63525   64  144 6592.00000 5994.22824  9.07%  77.1 17560s
 9157045 5082452 6402.12466  108   41 6592.00000 5994.23362  9.07%  77.1 17565s
 9158600 5083954 6304.00000   64  121 6592.00000 5994.23458  9.07%  77.1 17571s
 9161519 5085466 6122.42538   60   51 6592.00000 5994.24091  9.07%  77.1 17576s
 9163833 5087131 6184.88550   78   37 6592.00000 5994.24417  9.07%  77.1 17580s
 9166473 5088325 6119.18000   61   82 6592.00000 5994.24794  9.07%  77.1 17585s
 9168913 5089893 infeasible   90      6592.00000 5994.24920  9.07%  77.1 17590s
 9172824 5091905 6098.47260   76   96 6592.00000 5994.25478  9.07%  77.1 17596s
 9174976 5093617 6293.53621   91  161 6592.00000 5994.25798  9.07%  77.1 17601s
 9177891 5095016 6433.81380   66  117 6592.00000 5994.26165  9.07%  77.1 17605s
 9181449 5097104 6118.07505   61  233 6592.00000 5994.26423  9.07%  77.1 17611s
 9184026 5098415 6014.00000   53   27 6592.00000 5994.26788  9.07%  77.1 17615s
 9187130 5100141 6499.18438   66  240 6592.00000 5994.27212  9.07%  77.1 17621s
 9189788 5101887     cutoff   67      6592.00000 5994.27510  9.07%  77.1 17627s
 9192572 5103185 6132.57531   72   29 6592.00000 5994.27847  9.07%  77.1 17631s
 9195138 5104367 6322.34775   71  200 6592.00000 5994.28191  9.07%  77.1 17635s
 9198938 5106779 6497.59399   69   70 6592.00000 5994.28535  9.07%  77.0 17641s
 9201817 5108179 6160.98118   71   26 6592.00000 5994.28781  9.07%  77.0 17645s
 9204582 5109058 6012.32000   57   19 6592.00000 5994.29000  9.07%  77.0 17651s
 9206059 5109841 6039.37939   57   97 6592.00000 5994.29000  9.07%  77.1 17655s
 9208166 5111489 infeasible   69      6592.00000 5994.29329  9.07%  77.1 17660s
 9209898 5111737     cutoff   73      6592.00000 5994.29415  9.07%  77.0 17665s
 9211839 5113165 6080.33769   61  148 6592.00000 5994.29609  9.07%  77.0 17670s
 9215841 5115631 infeasible   78      6592.00000 5994.29932  9.07%  77.0 17676s
 9218526 5116724 6344.22233   70   38 6592.00000 5994.30604  9.07%  77.0 17681s
 9220968 5118081 6266.42600   73   85 6592.00000 5994.30817  9.07%  77.0 17685s
 9223389 5119691 6245.02408   64  138 6592.00000 5994.31249  9.07%  77.0 17690s
 9225790 5120942     cutoff   75      6592.00000 5994.31495  9.07%  77.0 17695s
 9228635 5122585 6049.30667   81   31 6592.00000 5994.32053  9.07%  77.0 17701s
 9231922 5124576 6343.87095   82  175 6592.00000 5994.32405  9.07%  77.0 17705s
 9234709 5126198 6375.45802   75  236 6592.00000 5994.32773  9.07%  77.0 17710s
 9238354 5127882 6099.23500   59   22 6592.00000 5994.33229  9.07%  77.0 17717s
 9240387 5129437 6246.98460   92  129 6592.00000 5994.33470  9.07%  77.0 17721s
 9243007 5131008 6119.52750   56   14 6592.00000 5994.33758  9.07%  77.0 17726s
 9246529 5132465 infeasible   53      6592.00000 5994.34347  9.07%  77.0 17731s
 9248898 5133419 6028.70361   71  147 6592.00000 5994.34652  9.07%  77.0 17735s
 9250799 5134411 6102.22819   63   75 6592.00000 5994.34891  9.07%  77.0 17740s
 9253416 5136035 6410.26450   64  325 6592.00000 5994.35280  9.07%  77.0 17746s
 9255997 5137474 6095.00000   47   10 6592.00000 5994.35663  9.07%  77.0 17751s
 9258726 5139103 6045.55164   81   95 6592.00000 5994.36026  9.07%  77.0 17755s
 9261284 5140499 6109.80333   66   18 6592.00000 5994.36410  9.07%  77.0 17760s
 9263654 5141542 6457.50829  118   38 6592.00000 5994.36702  9.07%  77.0 17765s
 9265956 5142566 6160.91847   60   75 6592.00000 5994.37125  9.07%  77.0 17770s
 9267518 5142950 6086.62890   53   77 6592.00000 5994.37379  9.07%  77.0 17775s
 9268323 5144242 6418.56155   57  225 6592.00000 5994.37400  9.07%  77.0 17781s
 9271224 5145200 6283.00000   80    6 6592.00000 5994.37855  9.07%  77.0 17786s
 9273033 5146453 6471.80701   81  116 6592.00000 5994.38042  9.07%  77.0 17792s
 9274140 5147318     cutoff   62      6592.00000 5994.38137  9.07%  77.0 17795s
 9277450 5149025     cutoff   63      6592.00000 5994.38408  9.07%  77.0 17800s
 9280006 5150842 6441.08667   73   20 6592.00000 5994.38854  9.07%  77.0 17805s
 9283500 5152138 6448.41359   63   15 6592.00000 5994.39347  9.07%  77.0 17810s
 9286258 5153658 6332.26000   59   22 6592.00000 5994.39792  9.07%  77.0 17815s
 9289275 5155611 infeasible   84      6592.00000 5994.40000  9.07%  77.0 17821s
 9291979 5156827 6226.94833   90   24 6592.00000 5994.40333  9.07%  77.0 17825s
 9295601 5158573     cutoff   89      6592.00000 5994.40938  9.07%  77.0 17831s
 9297743 5160151 6114.56566   64  281 6592.00000 5994.41240  9.07%  77.0 17836s
 9300302 5161505 6055.38241   62   62 6592.00000 5994.41595  9.07%  77.0 17840s
 9303645 5163262     cutoff   63      6592.00000 5994.42081  9.07%  77.0 17845s
 9307059 5164543 6152.61000   64    3 6592.00000 5994.42500  9.07%  77.0 17851s
 9309032 5165635 6169.17573   74  174 6592.00000 5994.42742  9.07%  77.0 17855s
 9312392 5167596 infeasible   73      6592.00000 5994.43032  9.07%  77.0 17861s
 9314500 5168983 6051.44214   71  121 6592.00000 5994.43291  9.07%  77.0 17866s
 9317450 5170252 infeasible   69      6592.00000 5994.43716  9.06%  77.0 17870s
 9319825 5171150 6163.76150   61  176 6592.00000 5994.44257  9.06%  77.0 17875s
 9323189 5172953 6040.90218   46   34 6592.00000 5994.44632  9.06%  77.0 17882s
 9325226 5174022 6363.82766   63  257 6592.00000 5994.44872  9.06%  77.0 17886s
 9328024 5175588 6089.31915  110   13 6592.00000 5994.45293  9.06%  77.0 17891s
 9330227 5176585 6122.00000   53   20 6592.00000 5994.45570  9.06%  77.0 17895s
 9332526 5178258 6428.54951   76  222 6592.00000 5994.45905  9.06%  77.0 17900s
 9334306 5184046 6511.43644  131   60 6592.00000 5994.46104  9.06%  77.0 17930s
 9347907 5185509 6335.65821   59   57 6592.00000 5994.48002  9.06%  77.0 17936s
 9350476 5186634     cutoff   68      6592.00000 5994.48500  9.06%  77.0 17942s
 9351574 5187040 6125.52630   55   51 6592.00000 5994.48605  9.06%  77.0 17945s
 9355125 5189189 6003.73423   53  134 6592.00000 5994.49206  9.06%  77.0 17951s
 9357607 5190384 6157.13356   65  161 6592.00000 5994.49520  9.06%  77.0 17955s
 9361282 5192200 6031.58556   58   10 6592.00000 5994.50000  9.06%  77.0 17961s
 9363216 5193642 6049.27043   59   20 6592.00000 5994.50049  9.06%  77.0 17966s
 9365665 5194558 6104.16028   89  232 6592.00000 5994.50410  9.06%  77.0 17970s
 9369454 5196393 6445.11745   69  105 6592.00000 5994.51003  9.06%  77.0 17977s
 9371298 5197743 6094.70958   52  106 6592.00000 5994.51250  9.06%  77.0 17981s
 9373673 5199028 6123.77737   62   36 6592.00000 5994.51624  9.06%  77.0 17986s
 9376340 5200489 6195.92292   61   15 6592.00000 5994.51916  9.06%  77.0 17991s
 9379259 5201922 infeasible  112      6592.00000 5994.52143  9.06%  77.0 17996s
 9381614 5203111     cutoff   73      6592.00000 5994.52413  9.06%  77.0 18001s
 9383455 5204053 6085.26815   59   36 6592.00000 5994.52709  9.06%  77.0 18006s
 9385955 5205484 6183.67549   65  117 6592.00000 5994.53238  9.06%  77.0 18010s
 9388768 5207205 6535.13030   86  214 6592.00000 5994.53638  9.06%  77.0 18015s
 9392312 5208839 6421.90375   61   21 6592.00000 5994.54094  9.06%  77.0 18021s
 9395293 5210302 6382.11570  112  140 6592.00000 5994.54498  9.06%  77.0 18026s
 9397357 5211271 infeasible   80      6592.00000 5994.54931  9.06%  77.0 18030s
 9401136 5213304 infeasible   80      6592.00000 5994.55345  9.06%  77.0 18036s
 9403396 5214417 6114.07143   52   67 6592.00000 5994.55483  9.06%  77.0 18040s
 9406871 5216684 6419.11941   82   72 6592.00000 5994.56110  9.06%  77.0 18047s
 9409248 5217851 6424.00500   68   20 6592.00000 5994.56431  9.06%  77.0 18051s
 9411783 5219439 6115.10265   73  101 6592.00000 5994.56739  9.06%  77.0 18056s
 9414301 5220338 6041.61461   71  193 6592.00000 5994.57155  9.06%  77.0 18061s
 9417026 5221774 6387.89572  101  115 6592.00000 5994.57654  9.06%  77.0 18065s
 9420136 5223543 6048.40832   67  214 6592.00000 5994.58152  9.06%  77.0 18071s
 9422528 5224543 6106.36619   79   86 6592.00000 5994.58328  9.06%  77.0 18076s
 9424795 5225944 6209.00627   61  186 6592.00000 5994.58765  9.06%  77.0 18081s
 9427225 5227036 6355.40090   66   97 6592.00000 5994.59041  9.06%  77.0 18085s
 9430829 5228907 infeasible   83      6592.00000 5994.59484  9.06%  77.0 18091s
 9433410 5230331 6003.72828   52   90 6592.00000 5994.59656  9.06%  77.0 18095s
 9435851 5231595     cutoff   78      6592.00000 5994.60140  9.06%  77.0 18100s
 9439357 5233458 6020.89799   60   76 6592.00000 5994.60714  9.06%  77.0 18106s
 9442094 5235044 6119.00333   52   17 6592.00000 5994.60970  9.06%  77.0 18111s
 9444632 5235725 6180.08225   66  219 6592.00000 5994.61206  9.06%  77.0 18116s
 9445150 5236580 6180.33174   58  233 6592.00000 5994.61256  9.06%  77.0 18122s
 9446479 5237187 6092.67500   64   24 6592.00000 5994.61504  9.06%  77.0 18125s
 9449104 5238977 6342.50000   85   76 6592.00000 5994.61905  9.06%  77.0 18131s
 9452356 5240121 infeasible   84      6592.00000 5994.62444  9.06%  77.0 18137s
 9453565 5240803 6245.71181   61  276 6592.00000 5994.62718  9.06%  77.0 18140s
 9456810 5242532 6232.50000   82   33 6592.00000 5994.63170  9.06%  77.0 18145s
 9459302 5244276 6518.07879   57  271 6592.00000 5994.63557  9.06%  77.0 18150s
 9462086 5245937 6199.82379   62  103 6592.00000 5994.63939  9.06%  77.0 18156s
 9465092 5247081 6304.44770   55  183 6592.00000 5994.64414  9.06%  77.0 18161s
 9467292 5248174 6089.83250   57   18 6592.00000 5994.64771  9.06%  77.0 18166s
 9469420 5249329 6108.93377   62   98 6592.00000 5994.64944  9.06%  77.0 18172s
 9470706 5249821 6297.86691   54  102 6592.00000 5994.65281  9.06%  77.0 18175s
 9473476 5251458 6280.14501   82   55 6592.00000 5994.65473  9.06%  77.0 18181s
 9475868 5252694 6349.87000   67   40 6592.00000 5994.65810  9.06%  77.0 18186s
 9478863 5254273     cutoff   63      6592.00000 5994.66109  9.06%  77.0 18191s
 9479885 5254992     cutoff   73      6592.00000 5994.66401  9.06%  77.0 18195s
 9482456 5256386 6010.82090   62   27 6592.00000 5994.66667  9.06%  77.0 18201s
 9485382 5258016 6356.92101   76  222 6592.00000 5994.67148  9.06%  77.0 18206s
 9487756 5259324 6328.31508  137  156 6592.00000 5994.67473  9.06%  77.0 18211s
 9490907 5260924     cutoff  105      6592.00000 5994.67656  9.06%  77.0 18216s
 9493684 5262434 infeasible   68      6592.00000 5994.68153  9.06%  77.0 18221s
 9496446 5263135 6305.06070   57  239 6592.00000 5994.68496  9.06%  77.0 18226s
 9496759 5263782 6436.00590   59  213 6592.00000 5994.68496  9.06%  77.0 18231s
 9499186 5265525 6431.75298   75  256 6592.00000 5994.68805  9.06%  77.0 18237s
 9501190 5265982 infeasible   76      6592.00000 5994.68959  9.06%  77.0 18240s
 9503275 5267257 6097.80510   65   73 6592.00000 5994.69275  9.06%  77.0 18245s
 9505118 5268118 6193.49093   69  110 6592.00000 5994.69418  9.06%  77.0 18250s
 9507489 5269118 6260.41970   66   87 6592.00000 5994.70000  9.06%  77.0 18255s
 9509550 5270416 6084.36650   83   88 6592.00000 5994.70288  9.06%  77.0 18260s
 9512329 5271749 6159.25810   63   28 6592.00000 5994.70588  9.06%  77.0 18265s
 9514698 5273246 6344.43056   79   40 6592.00000 5994.70826  9.06%  77.0 18271s
 9517152 5274254 6358.58500   65   19 6592.00000 5994.71225  9.06%  77.0 18275s
 9519346 5275874 6253.97173   55  193 6592.00000 5994.71489  9.06%  77.0 18280s
 9522647 5276820 6227.67971   72  171 6592.00000 5994.71817  9.06%  77.0 18285s
 9525119 5278293 6333.88878  101   69 6592.00000 5994.72406  9.06%  77.0 18291s
 9527904 5279591 6407.76000   94   90 6592.00000 5994.72744  9.06%  77.0 18296s
 9530717 5281261 6393.40344   55  204 6592.00000 5994.73116  9.06%  77.0 18300s
 9533046 5282682 6257.10335   62  165 6592.00000 5994.73369  9.06%  77.0 18305s
 9536410 5284136 6002.97246   58   64 6592.00000 5994.73767  9.06%  77.0 18311s
 9538592 5285537 6141.30460   66  248 6592.00000 5994.74042  9.06%  77.0 18315s
 9541121 5286423 6000.15343   74  141 6592.00000 5994.74370  9.06%  77.0 18320s
 9544791 5288385 6245.48495   56  270 6592.00000 5994.74917  9.06%  77.0 18326s
 9547018 5289748 6462.27254   75  133 6592.00000 5994.75123  9.06%  77.0 18331s
 9549942 5291153 6226.55430   73   47 6592.00000 5994.75404  9.06%  77.0 18335s
 9552298 5292752 6185.12230   72  114 6592.00000 5994.75749  9.06%  77.0 18340s
 9554747 5293785 6528.15509  117   72 6592.00000 5994.75948  9.06%  77.0 18345s
 9557976 5295541 6180.04000   75   29 6592.00000 5994.76363  9.06%  77.0 18352s
 9559038 5295877 6279.44833   62   12 6592.00000 5994.76471  9.06%  77.0 18356s
 9560748 5297527 6073.31331   63   27 6592.00000 5994.76471  9.06%  77.0 18361s
 9563669 5298988 6009.28750   64   16 6592.00000 5994.76844  9.06%  77.0 18366s
 9566093 5300483 6220.37000   51   16 6592.00000 5994.76923  9.06%  77.0 18371s
 9568882 5302350 infeasible  105      6592.00000 5994.77083  9.06%  77.0 18375s
 9573083 5304117 6044.56278   62  203 6592.00000 5994.77330  9.06%  77.0 18380s
 9576125 5305606 6370.34328   65  128 6592.00000 5994.77564  9.06%  77.0 18386s
 9577705 5306499 6245.26512   67   38 6592.00000 5994.77778  9.06%  77.0 18390s
 9580389 5308103 6232.82785   62   55 6592.00000 5994.78074  9.06%  77.0 18397s
 9582758 5309627     cutoff   74      6592.00000 5994.78383  9.06%  77.0 18401s
 9585394 5310521 6375.05415   62  279 6592.00000 5994.78672  9.06%  77.0 18405s
 9587234 5311604 6221.37182   62  145 6592.00000 5994.78988  9.06%  77.0 18410s
 9592672 5314825 6014.27040   85   72 6592.00000 5994.79177  9.06%  77.0 18416s
 9595591 5316297 6309.55370   84  149 6592.00000 5994.79491  9.06%  77.0 18420s
 9598380 5317686 6172.87454   82  109 6592.00000 5994.79750  9.06%  76.9 18425s
 9601813 5319731 6034.03530   62  108 6592.00000 5994.80021  9.06%  76.9 18430s
 9605179 5321522 5995.64480   51   66 6592.00000 5994.80439  9.06%  76.9 18435s
 9608356 5323033 6024.82722   70   42 6592.00000 5994.80889  9.06%  76.9 18440s
 9610800 5324313 6176.68971   52   40 6592.00000 5994.81146  9.06%  76.9 18446s
 9613132 5325912 6043.09233   52   49 6592.00000 5994.81503  9.06%  76.9 18451s
 9615761 5327284 infeasible   78      6592.00000 5994.81707  9.06%  76.9 18455s
 9618011 5328863 6110.77095   56   93 6592.00000 5994.81818  9.06%  76.9 18460s
 9619888 5329535     cutoff   84      6592.00000 5994.82067  9.06%  76.9 18466s
 9622122 5330981 6519.47200   74   99 6592.00000 5994.82222  9.06%  76.9 18471s
 9624656 5332285 infeasible   73      6592.00000 5994.82560  9.06%  76.9 18475s
 9627368 5333634 6020.59875   73   37 6592.00000 5994.82869  9.06%  76.9 18480s
 9631150 5335477 6305.30531   66  245 6592.00000 5994.83333  9.06%  76.9 18486s
 9633591 5337017 6332.20667   63   16 6592.00000 5994.83333  9.06%  76.9 18491s
 9636146 5338415 6122.00000   57   12 6592.00000 5994.83567  9.06%  76.9 18495s
 9639852 5340379 6248.94272   74  223 6592.00000 5994.84057  9.06%  76.9 18502s
 9642557 5341686 6103.16146   69  156 6592.00000 5994.84542  9.06%  76.9 18507s
 9644728 5343104 6179.13788   68  147 6592.00000 5994.84615  9.06%  76.9 18512s
 9648075 5344641 6501.04754   45  231 6592.00000 5994.85000  9.06%  76.9 18516s
 9650152 5346267 6214.03768   73  124 6592.00000 5994.85313  9.06%  76.9 18520s
 9653069 5347634 6210.70831  113   73 6592.00000 5994.85453  9.06%  76.9 18525s
 9657230 5350212 6069.23077   69   39 6592.00000 5994.85861  9.06%  76.9 18531s
 9660513 5351732 6292.79121   64  105 6592.00000 5994.86197  9.06%  76.9 18535s
 9664560 5353675 6150.95408   60  191 6592.00000 5994.86729  9.06%  76.9 18541s
 9666229 5354640 6177.71710   70  243 6592.00000 5994.87018  9.06%  76.9 18545s
 9668938 5356161 6258.99130   82   89 6592.00000 5994.87381  9.06%  76.9 18550s
 9672757 5358009 6034.91750   59   61 6592.00000 5994.87767  9.06%  76.9 18556s
 9675475 5359484 6370.27447   71   40 6592.00000 5994.88192  9.06%  76.9 18560s
 9679007 5361527 6195.00000   70   21 6592.00000 5994.88577  9.06%  76.9 18566s
 9682003 5362310 6528.12290   95   76 6592.00000 5994.88889  9.06%  76.9 18571s
 9682046 5362618 infeasible   97      6592.00000 5994.88889  9.06%  76.9 18575s
 9684637 5364176 6062.99530   55  159 6592.00000 5994.89422  9.06%  76.9 18581s
 9686798 5365406 6064.83000   53   48 6592.00000 5994.89697  9.06%  76.9 18586s
 9689399 5366350 6098.58824   63   43 6592.00000 5994.90015  9.06%  76.9 18591s
 9691647 5367930 6021.80364   61  230 6592.00000 5994.90312  9.06%  76.9 18597s
 9694665 5369102 5997.45848   66  119 6592.00000 5994.90909  9.06%  76.9 18601s
 9697416 5370691 6000.97237   95   94 6592.00000 5994.91260  9.06%  76.9 18606s
 9700377 5371804 infeasible   69      6592.00000 5994.91713  9.06%  76.9 18610s
 9702174 5372895 6271.36386   81  227 6592.00000 5994.91904  9.06%  76.9 18615s
 9705653 5374918 6196.00000   63   18 6592.00000 5994.92188  9.06%  76.9 18621s
 9708200 5376495 6523.27633   77  118 6592.00000 5994.92433  9.06%  76.9 18626s
 9711032 5378024 6306.26576   80  204 6592.00000 5994.92877  9.06%  76.9 18630s
 9713692 5379125 infeasible   98      6592.00000 5994.93220  9.06%  76.9 18635s
 9716733 5380706 6398.85209   69  189 6592.00000 5994.93817  9.06%  76.9 18641s
 9718844 5382034 6480.77574   74   65 6592.00000 5994.94068  9.06%  76.9 18646s
 9721033 5383154 6461.17134   73  247 6592.00000 5994.94168  9.06%  76.9 18651s
 9723566 5384698 6257.98500   63   15 6592.00000 5994.94731  9.06%  76.9 18656s
 9726400 5385892 6374.97167   83  186 6592.00000 5994.95139  9.06%  76.9 18660s
 9728803 5387062 infeasible   59      6592.00000 5994.95343  9.06%  76.9 18665s
 9732754 5389106 infeasible   49      6592.00000 5994.95842  9.06%  76.9 18672s
 9733900 5389577 6412.50896   61  247 6592.00000 5994.95903  9.06%  76.9 18675s
 9736605 5391178 6098.91333   75  180 6592.00000 5994.96154  9.06%  76.9 18680s
 9739572 5392769 6267.97251   62  249 6592.00000 5994.96500  9.06%  76.9 18685s
 9742955 5394924 6018.09890   51   50 6592.00000 5994.96833  9.06%  76.9 18692s
 9746098 5396601 6181.81721   72   73 6592.00000 5994.97307  9.06%  76.9 18696s
 9748724 5397733 6225.73859   69  100 6592.00000 5994.97654  9.06%  76.9 18700s
 9750797 5398199 6320.84514   78  230 6592.00000 5994.97832  9.06%  76.9 18705s
 9752052 5399517 6377.12464   86  184 6592.00000 5994.98000  9.06%  76.9 18711s
 9755037 5401205 6087.92913   75   54 6592.00000 5994.98297  9.06%  76.9 18716s
 9757116 5402391 6216.13500   49   40 6592.00000 5994.98566  9.06%  76.9 18720s
 9760141 5404189 6480.72521   92   99 6592.00000 5994.99012  9.06%  76.9 18727s
 9762650 5405109 6389.13604   56  220 6592.00000 5994.99403  9.06%  76.9 18731s
 9764976 5406310     cutoff   66      6592.00000 5994.99694  9.06%  76.9 18736s
 9767172 5407416 6074.83846   51   56 6592.00000 5994.99937  9.06%  76.9 18740s
 9769154 5408505 6023.20000   57   88 6592.00000 5995.00000  9.06%  76.9 18746s
 9771406 5410058 6159.78579   59  256 6592.00000 5995.00000  9.06%  76.9 18751s
 9774300 5411305     cutoff   65      6592.00000 5995.00000  9.06%  76.9 18755s
 9776467 5412194 6227.19833   53   51 6592.00000 5995.00000  9.06%  76.9 18760s
 9778901 5413491 6200.70169   59  219 6592.00000 5995.00000  9.06%  76.9 18765s
 9781324 5415043 6186.04811   68  264 6592.00000 5995.00000  9.06%  76.9 18770s
 9783437 5416111 6253.70529   68  217 6592.00000 5995.00000  9.06%  76.9 18775s
 9785837 5417172 infeasible   63      6592.00000 5995.00000  9.06%  76.9 18780s
 9788220 5419053 infeasible   79      6592.00000 5995.00167  9.06%  76.9 18785s
 9792783 5421063 6204.27794   64  137 6592.00000 5995.00773  9.06%  76.9 18791s
 9794744 5421693     cutoff   53      6592.00000 5995.01000  9.06%  76.9 18795s
 9796573 5422588 6012.74957   53  157 6592.00000 5995.01000  9.06%  76.9 18800s
 9799356 5424248 6369.16227   67  145 6592.00000 5995.01034  9.06%  76.9 18807s
 9801975 5425587 6319.36315   84   37 6592.00000 5995.01290  9.06%  76.9 18811s
 9804987 5427085 6441.24395   63   98 6592.00000 5995.01800  9.06%  76.9 18816s
 9806966 5428987 6428.52500   58   15 6592.00000 5995.02169  9.06%  76.9 18821s
 9809503 5429004 6099.04321   73  198 6592.00000 5995.02400  9.06%  76.9 18825s
 9811178 5430337 6151.70045   75   92 6592.00000 5995.02798  9.06%  76.9 18830s
 9812746 5431127 infeasible   85      6592.00000 5995.03000  9.06%  76.9 18835s
 9816687 5433304 6013.89875   73   66 6592.00000 5995.03522  9.06%  76.9 18842s
 9818720 5434465 infeasible   76      6592.00000 5995.03857  9.06%  76.9 18846s
 9821633 5436237 6195.01463   81  193 6592.00000 5995.04279  9.06%  76.9 18850s
 9824458 5437647 6113.02875   63   14 6592.00000 5995.04642  9.06%  76.9 18855s
 9828557 5439751 6159.47336   70  142 6592.00000 5995.05318  9.06%  76.9 18862s
 9830574 5440790 6061.02408   69  107 6592.00000 5995.05594  9.06%  76.9 18866s
 9833222 5442124 6106.16035   55   47 6592.00000 5995.05851  9.06%  76.9 18871s
 9835439 5443813 6082.17590   66  151 6592.00000 5995.06301  9.06%  76.9 18875s
 9839570 5445926 6125.37572   67   31 6592.00000 5995.06865  9.06%  76.9 18882s
 9842470 5447725 6165.34753   66  218 6592.00000 5995.07297  9.06%  76.9 18886s
 9844453 5448291 6426.60841  100  141 6592.00000 5995.07577  9.06%  76.9 18890s
 9847677 5449802 infeasible   92      6592.00000 5995.08071  9.06%  76.9 18896s
 9850093 5451261 6205.10037   54  209 6592.00000 5995.08299  9.06%  76.9 18900s
 9854275 5453924 6247.95839   70  260 6592.00000 5995.08826  9.06%  76.9 18906s
 9856669 5454912 6469.00818   67   46 6592.00000 5995.09083  9.06%  76.9 18910s
 9860287 5457294 infeasible   77      6592.00000 5995.09504  9.05%  76.9 18916s
 9863214 5458619 6137.71667   66   25 6592.00000 5995.09783  9.05%  76.9 18920s
 9865895 5459998 6432.38624   63   83 6592.00000 5995.10063  9.05%  76.9 18926s
 9868377 5461338 6404.74824   59  213 6592.00000 5995.10420  9.05%  76.9 18930s
 9871370 5462534 6118.88675   74   16 6592.00000 5995.10685  9.05%  76.9 18936s
 9872622 5463434 infeasible   63      6592.00000 5995.10835  9.05%  76.9 18941s
 9874576 5464498 6109.81512   57   38 6592.00000 5995.11111  9.05%  76.9 18945s
 9879143 5466984 6229.59000   53   16 6592.00000 5995.11616  9.05%  76.9 18951s
 9881570 5468364 6338.05916  114   32 6592.00000 5995.11875  9.05%  76.9 18956s
 9884611 5469556 6270.14326   82  238 6592.00000 5995.12185  9.05%  76.9 18961s
 9886673 5471021 6069.71433   72   52 6592.00000 5995.12391  9.05%  76.9 18965s
 9890784 5472883 6357.57473   66   94 6592.00000 5995.12838  9.05%  76.9 18971s
 9893335 5474316 6378.20792   61   92 6592.00000 5995.13333  9.05%  76.9 18975s
 9896491 5476101     cutoff   66      6592.00000 5995.13748  9.05%  76.9 18981s
 9899000 5477688 6143.48340   61  153 6592.00000 5995.14077  9.05%  76.9 18986s
 9902903 5479689 6501.25000   59   48 6592.00000 5995.14500  9.05%  76.9 18991s
 9905488 5480798 infeasible   71      6592.00000 5995.14710  9.05%  76.9 18995s
 9908978 5482637 6264.38673   70   12 6592.00000 5995.15045  9.05%  76.9 19001s
 9910901 5484099 6482.60085   60  217 6592.00000 5995.15342  9.05%  76.9 19005s
 9915044 5485882     cutoff   85      6592.00000 5995.15741  9.05%  76.9 19011s
 9917276 5486877 6299.34497   92   41 6592.00000 5995.15964  9.05%  76.9 19016s
 9919953 5488363 6392.51867   74   35 6592.00000 5995.16346  9.05%  76.9 19021s
 9923269 5489982 6117.11580   64  117 6592.00000 5995.16777  9.05%  76.9 19026s
 9925803 5491174 6189.36691   78   43 6592.00000 5995.16777  9.05%  76.9 19030s
 9928166 5492287 infeasible   87      6592.00000 5995.17500  9.05%  76.9 19035s
 9931851 5494173 6146.83861   72   52 6592.00000 5995.18012  9.05%  76.9 19042s
 9934331 5495544 6305.25517   59  262 6592.00000 5995.18325  9.05%  76.9 19046s
 9937245 5497078 6000.59556   49   94 6592.00000 5995.18663  9.05%  76.9 19050s
 9940501 5498772 6582.68871   92  100 6592.00000 5995.18894  9.05%  76.9 19056s
 9941581 5498838 infeasible   74      6592.00000 5995.19159  9.05%  76.9 19060s
 9943788 5500376 6345.73168   65  180 6592.00000 5995.19347  9.05%  76.9 19067s
 9945781 5501916 6214.80780   63  272 6592.00000 5995.19580  9.05%  76.9 19071s
 9948599 5503197 6080.76422   82   86 6592.00000 5995.19912  9.05%  76.9 19075s
 9951441 5504850 6095.30507   67  239 6592.00000 5995.20090  9.05%  76.9 19080s
 9955297 5507351 6088.51000   48    8 6592.00000 5995.20548  9.05%  76.9 19086s
 9958784 5508901 6082.25616   58   15 6592.00000 5995.20889  9.05%  76.9 19091s
 9961093 5510241 6551.00105  121   84 6592.00000 5995.20988  9.05%  76.9 19095s
 9964209 5512412 6131.92857   64   72 6592.00000 5995.21347  9.05%  76.9 19100s
 9966488 5513509 6294.00000   70   43 6592.00000 5995.21429  9.05%  76.9 19105s
 9969803 5515361 6104.29525   51  297 6592.00000 5995.21528  9.05%  76.9 19111s
 9972122 5517110 6174.90467   83  178 6592.00000 5995.21896  9.05%  76.9 19116s
 9976102 5518667 infeasible  102      6592.00000 5995.22118  9.05%  76.9 19121s
 9978096 5519847 6065.12025   76  180 6592.00000 5995.22222  9.05%  76.9 19125s
 9981167 5521401 6086.54721   81  131 6592.00000 5995.22222  9.05%  76.8 19131s
 9982721 5522585 6445.11717  100  139 6592.00000 5995.22445  9.05%  76.8 19136s
 9985411 5523932 6425.76690   72  133 6592.00000 5995.22880  9.05%  76.8 19140s
 9988960 5525800 6403.00996   69  134 6592.00000 5995.23294  9.05%  76.8 19147s
 9991840 5527148     cutoff   62      6592.00000 5995.23683  9.05%  76.8 19151s
 9993824 5528431 6435.18100   64  210 6592.00000 5995.23987  9.05%  76.8 19155s
 9996227 5529379 6122.05946   90   48 6592.00000 5995.24381  9.05%  76.8 19160s
 9999932 5531279 6175.97223   62  183 6592.00000 5995.25000  9.05%  76.8 19166s
 10002938 5533021 6392.04170   67   65 6592.00000 5995.25361  9.05%  76.8 19171s
 10005783 5534151 6139.40516   70  260 6592.00000 5995.25378  9.05%  76.8 19175s
 10007001 5539080 infeasible   64      6592.00000 5995.25690  9.05%  76.8 19195s
 10017492 5540088 6274.80111   64   72 6592.00000 5995.26840  9.05%  76.8 19200s
 10018986 5541870 6066.80628   45  124 6592.00000 5995.27059  9.05%  76.8 19205s
 10021646 5543145 6074.67409   54  127 6592.00000 5995.27582  9.05%  76.8 19210s
 10025838 5545376 6079.17000   57   25 6592.00000 5995.28026  9.05%  76.8 19217s
 10027109 5546456 6154.61050   69   29 6592.00000 5995.28235  9.05%  76.8 19220s
 10031034 5548416 6201.06386   77  198 6592.00000 5995.28687  9.05%  76.8 19226s
 10033627 5549599 6317.84371   67   34 6592.00000 5995.29107  9.05%  76.8 19231s
 10036494 5551008 6038.13296   54  106 6592.00000 5995.29557  9.05%  76.8 19235s
 10039915 5553215 6278.97629   82   50 6592.00000 5995.29918  9.05%  76.8 19241s
 10042802 5554745 infeasible   65      6592.00000 5995.30242  9.05%  76.8 19245s
 10046537 5556350     cutoff   75      6592.00000 5995.30629  9.05%  76.8 19250s
 10049800 5558149 6239.77626   88  156 6592.00000 5995.30841  9.05%  76.8 19256s
 10052064 5559457 6527.65699   99   11 6592.00000 5995.31056  9.05%  76.8 19260s
 10056020 5561766 6234.35294   79   45 6592.00000 5995.31411  9.05%  76.8 19265s
 10059490 5563432 6058.14062   62   79 6592.00000 5995.31881  9.05%  76.8 19271s
 10061284 5564966 6260.55405   78  238 6592.00000 5995.32117  9.05%  76.8 19275s
 10064718 5566409 6314.44332  106  138 6592.00000 5995.32623  9.05%  76.8 19280s
 10068530 5568435 6192.28215   55  270 6592.00000 5995.33079  9.05%  76.8 19286s
 10072689 5570220 infeasible   82      6592.00000 5995.33333  9.05%  76.8 19291s
 10074194 5571558 5995.53375   76   32 6592.00000 5995.33367  9.05%  76.8 19295s
 10075761 5571979 6414.00000   85    6 6592.00000 5995.33463  9.05%  76.8 19301s
 10078369 5573220 6108.06332   70  160 6592.00000 5995.33809  9.05%  76.8 19307s
 10080207 5574478 6028.45360   60   86 6592.00000 5995.33809  9.05%  76.8 19312s
 10083227 5575870 6101.18328   62   95 6592.00000 5995.34419  9.05%  76.8 19316s
 10085380 5577272 6081.14238   73   93 6592.00000 5995.34607  9.05%  76.8 19321s
 10087725 5578203 6520.75557   49  144 6592.00000 5995.34868  9.05%  76.8 19325s
 10090825 5579992     cutoff  103      6592.00000 5995.35107  9.05%  76.8 19330s
 10094479 5581965 6268.47943   73   68 6592.00000 5995.35514  9.05%  76.8 19336s
 10096874 5582952 6210.46398   59  199 6592.00000 5995.35840  9.05%  76.8 19340s
 10099461 5584364 6251.95858   67  151 6592.00000 5995.36058  9.05%  76.8 19346s
 10101511 5586071 6100.29468   54  189 6592.00000 5995.36365  9.05%  76.8 19351s
 10104763 5587543 6329.11399   58  207 6592.00000 5995.36734  9.05%  76.8 19355s
 10108188 5588943 6068.37002   65  133 6592.00000 5995.37339  9.05%  76.8 19361s
 10110858 5590360 6469.18006   87  196 6592.00000 5995.37674  9.05%  76.8 19365s
 10112833 5591466 6125.29714   61  108 6592.00000 5995.38000  9.05%  76.8 19370s
 10116362 5593836 6231.90858   65  209 6592.00000 5995.38306  9.05%  76.8 19376s
 10119289 5594892 infeasible  105      6592.00000 5995.38573  9.05%  76.8 19380s
 10122824 5596731 6508.76146   61  207 6592.00000 5995.39167  9.05%  76.8 19386s
 10125134 5598093     cutoff  103      6592.00000 5995.39453  9.05%  76.8 19390s
 10128644 5600001 infeasible   63      6592.00000 5995.39789  9.05%  76.8 19396s
 10130476 5601166 6435.41547   69  153 6592.00000 5995.40000  9.05%  76.8 19400s
 10132798 5602206 6021.71360   59  120 6592.00000 5995.40304  9.05%  76.8 19405s
 10135391 5603546 infeasible   74      6592.00000 5995.40667  9.05%  76.8 19410s
 10137934 5604975 6488.56938   92   61 6592.00000 5995.40975  9.05%  76.8 19415s
 10141922 5607348 6285.23667   66   25 6592.00000 5995.41333  9.05%  76.8 19421s
 10143666 5607456 infeasible   80      6592.00000 5995.41489  9.05%  76.8 19425s
 10145898 5609089 6480.41120   88  225 6592.00000 5995.41750  9.05%  76.8 19431s
 10147830 5610046 6121.71576   57  199 6592.00000 5995.41888  9.05%  76.8 19436s
 10150833 5612249 6394.82579  118   78 6592.00000 5995.42388  9.05%  76.8 19441s
 10154392 5613658 6260.54453   67   67 6592.00000 5995.42613  9.05%  76.8 19446s
 10156233 5614746 6103.76461   55   73 6592.00000 5995.42854  9.05%  76.8 19450s
 10159991 5616751 6103.32000   65   28 6592.00000 5995.43127  9.05%  76.8 19456s
 10162874 5618248 6106.70500   60   35 6592.00000 5995.43316  9.05%  76.8 19460s
 10166712 5620083 6064.09312   66   82 6592.00000 5995.43714  9.05%  76.8 19466s
 10168781 5621283     cutoff   88      6592.00000 5995.43922  9.05%  76.8 19470s
 10171040 5622758 6366.74000   69  199 6592.00000 5995.44108  9.05%  76.8 19476s
 10174051 5624156 6518.00000   86   23 6592.00000 5995.44410  9.05%  76.8 19480s
 10176778 5625148 6373.09333  104   20 6592.00000 5995.44761  9.05%  76.8 19485s
 10180497 5627352 infeasible   80      6592.00000 5995.45143  9.05%  76.8 19491s
 10182533 5628858 6317.90102   81  148 6592.00000 5995.45502  9.05%  76.8 19495s
 10185304 5629756 6239.60800   69  260 6592.00000 5995.45964  9.05%  76.8 19500s
 10188535 5631977 6196.89280   63   98 6592.00000 5995.46393  9.05%  76.8 19507s
 10191534 5633574 6107.36333   62   38 6592.00000 5995.46577  9.05%  76.7 19511s
 10194896 5635257 6093.83500   61   46 6592.00000 5995.46888  9.05%  76.7 19516s
 10197415 5636574     cutoff   75      6592.00000 5995.47059  9.05%  76.7 19520s
 10200167 5638202 6292.81667  133   21 6592.00000 5995.47268  9.05%  76.7 19526s
 10202474 5639599     cutoff   84      6592.00000 5995.47694  9.05%  76.7 19531s
 10204936 5640822     cutoff   67      6592.00000 5995.47927  9.05%  76.7 19535s
 10207208 5641432 6340.93829   91  226 6592.00000 5995.48261  9.05%  76.7 19540s
 10207761 5642444 6321.30745  111   98 6592.00000 5995.48264  9.05%  76.7 19546s
 10211063 5643992 6387.92897  104   41 6592.00000 5995.48703  9.05%  76.7 19552s
 10212649 5644395 6124.60544   56   28 6592.00000 5995.48830  9.05%  76.7 19555s
 10214489 5645740 6386.77525   62  157 6592.00000 5995.49024  9.05%  76.7 19561s
 10217322 5647416 6522.21833  119   33 6592.00000 5995.49382  9.05%  76.7 19566s
 10220536 5649214 6463.66953   76  176 6592.00000 5995.49649  9.05%  76.7 19570s
 10223637 5651065 6449.16000   65   13 6592.00000 5995.49903  9.05%  76.7 19575s
 10226589 5652312 6036.87500   46   57 6592.00000 5995.50000  9.05%  76.7 19580s
 10228861 5654136 6325.38031   89  144 6592.00000 5995.50336  9.05%  76.7 19585s
 10233259 5655615 6424.60871   83  245 6592.00000 5995.50849  9.05%  76.7 19591s
 10235281 5656944 6217.99876  101  131 6592.00000 5995.51003  9.05%  76.7 19595s
 10237450 5657989 6479.03430   74  244 6592.00000 5995.51250  9.05%  76.7 19600s
 10241460 5660002 6237.81666   58   46 6592.00000 5995.51716  9.05%  76.7 19606s
 10243650 5661440 6098.34502   76  185 6592.00000 5995.52069  9.05%  76.7 19611s
 10247314 5663177 6503.17442   75  101 6592.00000 5995.52578  9.05%  76.7 19617s
 10249627 5664613 6109.04468   61   22 6592.00000 5995.52925  9.05%  76.7 19621s
 10252564 5665853 infeasible   78      6592.00000 5995.53236  9.05%  76.7 19625s
 10255227 5667382 6249.00666   63  320 6592.00000 5995.53571  9.05%  76.7 19632s
 10257545 5668626 6407.38083  124  118 6592.00000 5995.53846  9.05%  76.7 19636s
 10259964 5669583 6482.14589   79  240 6592.00000 5995.54010  9.05%  76.7 19640s
 10262268 5670989 6067.01689   68  112 6592.00000 5995.54269  9.05%  76.7 19645s
 10266207 5672749 6152.41507   68  209 6592.00000 5995.54717  9.05%  76.7 19650s
 10269659 5674643 6376.96481   58  115 6592.00000 5995.55153  9.05%  76.7 19656s
 10271727 5676168     cutoff   62      6592.00000 5995.55325  9.05%  76.7 19660s
 10275100 5677524 6136.52960   64   30 6592.00000 5995.55656  9.05%  76.7 19665s
 10277031 5678039 6171.97888   72  109 6592.00000 5995.55892  9.05%  76.7 19670s
 10277715 5678806 6499.38412   62  144 6592.00000 5995.56054  9.05%  76.7 19676s
 10279969 5679835 6214.05000   62   33 6592.00000 5995.56303  9.05%  76.7 19681s
 10282641 5681163 infeasible  122      6592.00000 5995.56595  9.05%  76.7 19686s
 10284831 5682423 6455.90291   70  194 6592.00000 5995.56880  9.05%  76.7 19690s
 10287597 5683872 6507.29500   94   19 6592.00000 5995.57096  9.05%  76.7 19695s
 10289912 5685825 6253.03882   71   65 6592.00000 5995.57332  9.05%  76.7 19700s
 10294912 5687958 6041.12423   67   90 6592.00000 5995.57677  9.05%  76.7 19706s
 10297985 5689619 6237.66900   71   82 6592.00000 5995.57895  9.05%  76.7 19710s
 10302149 5691499 6089.07763   66  176 6592.00000 5995.58377  9.05%  76.7 19716s
 10304015 5692903 6464.79439   86  192 6592.00000 5995.58736  9.05%  76.7 19721s
 10306762 5694863 6140.07140   88  211 6592.00000 5995.59065  9.05%  76.7 19725s
 10311948 5697339 6183.28788   60  162 6592.00000 5995.59331  9.05%  76.7 19730s
 10314908 5698857 6103.43424   52  149 6592.00000 5995.59716  9.05%  76.7 19736s
 10317152 5700824 infeasible   80      6592.00000 5995.60000  9.05%  76.7 19741s
 10321297 5702631 6016.39326  111   36 6592.00000 5995.60456  9.05%  76.7 19746s
 10323661 5703654 6386.43500   65   20 6592.00000 5995.60606  9.05%  76.7 19750s
 10327202 5706181 6409.90236  103   67 6592.00000 5995.61076  9.05%  76.7 19756s
 10331639 5708213 6176.06794   70  140 6592.00000 5995.61482  9.05%  76.7 19761s
 10334239 5709652     cutoff   56      6592.00000 5995.61733  9.05%  76.7 19765s
 10336754 5710889 6491.84072   83  203 6592.00000 5995.61996  9.05%  76.7 19771s
 10338990 5712710 6408.27405  113  147 6592.00000 5995.62273  9.05%  76.7 19776s
 10342066 5714227 6261.28429   64  191 6592.00000 5995.62500  9.05%  76.7 19780s
 10346223 5716301 infeasible   71      6592.00000 5995.63012  9.05%  76.7 19786s
 10349023 5717606 6208.10047   86  222 6592.00000 5995.63283  9.05%  76.7 19790s
 10352472 5719928 6402.57879   90   59 6592.00000 5995.63599  9.05%  76.7 19797s
 10356332 5721262 6170.24105   62  245 6592.00000 5995.63914  9.05%  76.7 19801s
 10359412 5722378 6022.92161   44  148 6592.00000 5995.64286  9.05%  76.7 19806s
 10359455 5722727 6033.70278   46   57 6592.00000 5995.64286  9.05%  76.7 19810s
 10362255 5724588 6207.75588   93   75 6592.00000 5995.64557  9.05%  76.7 19816s
 10364894 5725662 6193.96852   59   54 6592.00000 5995.64850  9.05%  76.7 19820s
 10367855 5727562 6529.42833   94   22 6592.00000 5995.65232  9.05%  76.7 19826s
 10369943 5729009 6488.01241  152   56 6592.00000 5995.65435  9.05%  76.7 19830s
 10372871 5730651 6042.99556   55   42 6592.00000 5995.65697  9.05%  76.7 19835s
 10376745 5732352 6485.25722   71  113 6592.00000 5995.66100  9.05%  76.7 19841s
 10378759 5733824 6426.51633   79  227 6592.00000 5995.66361  9.05%  76.7 19845s
 10382672 5736070 6440.50000   61   35 6592.00000 5995.66791  9.05%  76.7 19851s
 10385141 5737128 infeasible   85      6592.00000 5995.67093  9.05%  76.7 19855s
 10388818 5739399 infeasible  128      6592.00000 5995.67604  9.05%  76.7 19861s
 10392190 5740951 6312.05000  111   55 6592.00000 5995.67857  9.05%  76.6 19865s
 10395926 5742656 6416.09816   67  206 6592.00000 5995.68300  9.05%  76.6 19870s
 10399390 5744601 6216.70731   73  229 6592.00000 5995.68584  9.05%  76.6 19875s
 10402847 5746393 infeasible   81      6592.00000 5995.68962  9.05%  76.6 19880s
 10405615 5748091 6074.65839   57  110 6592.00000 5995.69313  9.05%  76.6 19886s
 10408453 5749680 6022.14194   61  103 6592.00000 5995.69764  9.05%  76.6 19892s
 10410884 5750933 6064.96250   61   23 6592.00000 5995.70082  9.05%  76.6 19896s
 10413504 5752463 6057.00777   66   79 6592.00000 5995.70389  9.05%  76.6 19900s
 10417498 5754475 6165.57319   48  131 6592.00000 5995.70806  9.05%  76.6 19906s
 10419397 5755305     cutoff   88      6592.00000 5995.71096  9.05%  76.6 19910s
 10421662 5756859 6072.51214   56  131 6592.00000 5995.71314  9.05%  76.6 19915s
 10426118 5759501 6137.51466   69  190 6592.00000 5995.71770  9.05%  76.6 19921s
 10428916 5761015 6105.49917   80   35 6592.00000 5995.72198  9.05%  76.6 19926s
 10430976 5761030 6022.08493   92   43 6592.00000 5995.72389  9.05%  76.6 19932s
 10431412 5761597 6215.16889   88   28 6592.00000 5995.72396  9.05%  76.6 19936s
 10433397 5762737 6141.44165   64  154 6592.00000 5995.72586  9.05%  76.6 19940s
 10435585 5763988 6394.15789  104   70 6592.00000 5995.72727  9.05%  76.6 19946s
 10438454 5765155 6516.03682   64  238 6592.00000 5995.72966  9.05%  76.6 19950s
 10441085 5766471 6537.81876   76  158 6592.00000 5995.73286  9.05%  76.6 19955s
 10443271 5767895 6284.12561   56  157 6592.00000 5995.73346  9.05%  76.6 19960s
 10446028 5769410 6291.76007   89   67 6592.00000 5995.73667  9.05%  76.6 19965s
 10449396 5771440 6332.65368   78  239 6592.00000 5995.74156  9.05%  76.6 19971s
 10452326 5772739 6306.23256   58   65 6592.00000 5995.74571  9.05%  76.6 19975s
 10456098 5774833 6097.65195   60   86 6592.00000 5995.74987  9.05%  76.6 19982s
 10458533 5775664 6304.32000   66   12 6592.00000 5995.75324  9.05%  76.6 19986s
 10460491 5776813     cutoff   55      6592.00000 5995.75586  9.04%  76.6 19990s
 10464188 5779377 6085.70419   84   54 6592.00000 5995.75922  9.04%  76.6 19996s
 10468535 5781088 6082.63152  104   49 6592.00000 5995.76304  9.04%  76.6 20001s
 10471685 5782551 6138.00000   65   31 6592.00000 5995.76628  9.04%  76.6 20006s
 10473845 5784273 infeasible   60      6592.00000 5995.76923  9.04%  76.6 20011s
 10476043 5785492 6148.92257   56  224 6592.00000 5995.76923  9.04%  76.6 20015s
 10479662 5787252 infeasible   82      6592.00000 5995.77232  9.04%  76.6 20020s
 10482453 5788890 6091.27894   68   31 6592.00000 5995.77570  9.04%  76.6 20026s
 10486371 5791014 6165.96293   57  106 6592.00000 5995.77808  9.04%  76.6 20031s
 10488719 5792124 6121.53292   73  201 6592.00000 5995.78067  9.04%  76.6 20035s
 10492354 5794116 infeasible   72      6592.00000 5995.78324  9.04%  76.6 20041s
 10494739 5795485 6016.69145   97   35 6592.00000 5995.78548  9.04%  76.6 20045s
 10498069 5797073 6090.78372   67   45 6592.00000 5995.79018  9.04%  76.6 20051s
 10499773 5797933 6197.81500   67    4 6592.00000 5995.79205  9.04%  76.6 20055s
 10502042 5799258 6103.60506  112   89 6592.00000 5995.79408  9.04%  76.6 20060s
 10505534 5800931 6084.05000   61   29 6592.00000 5995.79824  9.04%  76.6 20066s
 10507181 5801951     cutoff   60      6592.00000 5995.80000  9.04%  76.6 20071s
 10510093 5803595 6010.88162   61   21 6592.00000 5995.80264  9.04%  76.6 20075s
 10512850 5804981 infeasible   74      6592.00000 5995.80611  9.04%  76.6 20080s
 10516945 5807120 6377.48470   67  233 6592.00000 5995.81108  9.04%  76.6 20086s
 10519474 5808746 6225.12883   71   11 6592.00000 5995.81286  9.04%  76.6 20091s
 10523026 5810796 6166.03907   70  257 6592.00000 5995.81558  9.04%  76.6 20096s
 10525825 5812352 6124.82506   76   99 6592.00000 5995.81945  9.04%  76.6 20100s
 10529715 5813996 6143.99136   54   98 6592.00000 5995.82238  9.04%  76.6 20106s
 10533375 5815933 6487.50549   86   36 6592.00000 5995.82658  9.04%  76.6 20111s
 10535211 5817300 6047.92833   66    8 6592.00000 5995.82882  9.04%  76.6 20115s
 10539836 5819581 5996.45044  100   62 6592.00000 5995.83333  9.04%  76.6 20121s
 10543005 5820997 6180.45167   56   37 6592.00000 5995.83714  9.04%  76.6 20126s
 10546501 5822397 6208.86000   64   19 6592.00000 5995.84052  9.04%  76.6 20131s
 10546845 5822890 infeasible   82      6592.00000 5995.84099  9.04%  76.6 20136s
 10548475 5823948 6455.74768   83  192 6592.00000 5995.84210  9.04%  76.6 20140s
 10551636 5826055 6306.68789   71  137 6592.00000 5995.84696  9.04%  76.6 20146s
 10554547 5827242 6026.69321  111   71 6592.00000 5995.85018  9.04%  76.6 20150s
 10558125 5829256 infeasible   67      6592.00000 5995.85333  9.04%  76.6 20156s
 10561064 5830815 infeasible  138      6592.00000 5995.85605  9.04%  76.6 20160s
 10562834 5832190 6386.35167  119   18 6592.00000 5995.85714  9.04%  76.6 20165s
 10566756 5834098 6302.67000   75   70 6592.00000 5995.86205  9.04%  76.5 20170s
 10570322 5835881 6511.29119   72  201 6592.00000 5995.86683  9.04%  76.5 20177s
 10572780 5837464 6402.31589   71  122 6592.00000 5995.86977  9.04%  76.5 20180s
 10575898 5839070 6378.53604  137  197 6592.00000 5995.87218  9.04%  76.5 20185s
 10579608 5841362 6086.63690   60   25 6592.00000 5995.87637  9.04%  76.5 20191s
 10582092 5842778 6527.17033   79  138 6592.00000 5995.87856  9.04%  76.5 20195s
 10585324 5844735 infeasible  107      6592.00000 5995.88075  9.04%  76.5 20200s
 10589466 5847134 6001.28615   57   35 6592.00000 5995.88228  9.04%  76.5 20205s
 10591570 5848404 6079.68879   54   60 6592.00000 5995.88462  9.04%  76.5 20210s
 10595535 5850969 6045.98832   51  235 6592.00000 5995.89000  9.04%  76.5 20216s
 10598527 5851924     cutoff   66      6592.00000 5995.89381  9.04%  76.5 20220s
 10601402 5853348 6156.69365   79   39 6592.00000 5995.89645  9.04%  76.5 20226s
 10603368 5854482 6439.16833   73   15 6592.00000 5995.89764  9.04%  76.5 20230s
 10606529 5856366 6514.12475   54  238 6592.00000 5995.90272  9.04%  76.5 20236s
 10608687 5857513 6221.56150   77  254 6592.00000 5995.90500  9.04%  76.5 20240s
 10613093 5859720 6126.83819   76   48 6592.00000 5995.90974  9.04%  76.5 20246s
 10615075 5860935 6339.92941   67  100 6592.00000 5995.91020  9.04%  76.5 20250s
 10618930 5862597 6464.53282   58  157 6592.00000 5995.91502  9.04%  76.5 20255s
 10622528 5864886 6279.78815   69  254 6592.00000 5995.91893  9.04%  76.5 20260s
 10625845 5866775 6113.96307   75   36 6592.00000 5995.92130  9.04%  76.5 20266s
 10628501 5867306 6106.00000   64    4 6592.00000 5995.92498  9.04%  76.5 20270s
 10628517 5873919 6106.00000   65   19 6592.00000 5995.92498  9.04%  76.5 20292s
 10642364 5875526 6182.51956   55   75 6592.00000 5995.93772  9.04%  76.5 20296s
 10645338 5877298 6026.59552  109   82 6592.00000 5995.94109  9.04%  76.5 20300s
 10650096 5879705 6008.37857   57   99 6592.00000 5995.94545  9.04%  76.5 20306s
 10653800 5881388 6496.73531  121  142 6592.00000 5995.94769  9.04%  76.5 20311s
 10655237 5882585 6110.43029   59  276 6592.00000 5995.94944  9.04%  76.4 20315s
 10658756 5884197 infeasible   56      6592.00000 5995.95338  9.04%  76.4 20320s
 10662501 5886552 6335.60217   72  173 6592.00000 5995.95738  9.04%  76.4 20325s
 10665818 5888195 6095.92057   72   46 6592.00000 5995.96066  9.04%  76.4 20332s
 10668673 5889459     cutoff   95      6592.00000 5995.96412  9.04%  76.4 20337s
 10670948 5891076 6469.06440   68   89 6592.00000 5995.96552  9.04%  76.4 20341s
 10673769 5892636 6027.37434   91   57 6592.00000 5995.96752  9.04%  76.4 20346s
 10676186 5893683 6318.66667   62   88 6592.00000 5995.97062  9.04%  76.4 20350s
 10678543 5895320 6304.57725  121   27 6592.00000 5995.97333  9.04%  76.4 20355s
 10683218 5897745 6314.92000   77   11 6592.00000 5995.97618  9.04%  76.4 20361s
 10685761 5899181 infeasible   89      6592.00000 5995.98000  9.04%  76.4 20366s
 10688795 5900670 6085.45366   57   15 6592.00000 5995.98286  9.04%  76.4 20370s
 10690752 5902261 6045.73571   61  113 6592.00000 5995.98605  9.04%  76.4 20375s
 10694490 5903913 6564.21394   73  142 6592.00000 5995.98945  9.04%  76.4 20381s
 10696615 5905469 6347.08078   63  164 6592.00000 5995.99283  9.04%  76.4 20385s
 10700425 5907423 6289.67025   63   87 6592.00000 5995.99721  9.04%  76.4 20392s
 10703014 5908493     cutoff   75      6592.00000 5996.00000  9.04%  76.4 20398s
 10704641 5909201 6148.97529   61   57 6592.00000 5996.00000  9.04%  76.4 20401s
 10705969 5909212 6199.36409   82   42 6592.00000 5996.00000  9.04%  76.4 20405s
 10706029 5910006 6199.53054   84   53 6592.00000 5996.00035  9.04%  76.4 20411s
 10709472 5911746 6034.56970   54   52 6592.00000 5996.00407  9.04%  76.4 20416s
 10712316 5913965 6409.35012   67  213 6592.00000 5996.00699  9.04%  76.4 20422s
 10715777 5914953 6249.35110   60  231 6592.00000 5996.01006  9.04%  76.4 20426s
 10718520 5916433 6357.34735   77   58 6592.00000 5996.01218  9.04%  76.4 20431s
 10720739 5917780 6320.60861   70  176 6592.00000 5996.01497  9.04%  76.4 20435s
 10722304 5918158     cutoff  127      6592.00000 5996.01547  9.04%  76.4 20440s
 10724410 5919565 6089.37795   47  121 6592.00000 5996.01820  9.04%  76.4 20446s
 10727728 5921226 6283.20225   69   64 6592.00000 5996.02112  9.04%  76.4 20451s
 10730249 5922973 6227.58333   73   47 6592.00000 5996.02541  9.04%  76.4 20455s
 10734549 5924574 6103.93242   64   22 6592.00000 5996.02933  9.04%  76.4 20461s
 10737252 5926179 6292.11585  122   61 6592.00000 5996.03334  9.04%  76.4 20466s
 10740109 5927826     cutoff   84      6592.00000 5996.03644  9.04%  76.4 20470s
 10743260 5929496 6461.91725   70   97 6592.00000 5996.04197  9.04%  76.4 20475s
 10746744 5930812 6092.00000   59   36 6592.00000 5996.04639  9.04%  76.4 20480s
 10750325 5933259     cutoff  125      6592.00000 5996.05044  9.04%  76.4 20486s
 10752944 5934087 6050.30473   54   90 6592.00000 5996.05388  9.04%  76.4 20490s
 10755892 5936042 6438.04333   84  177 6592.00000 5996.05483  9.04%  76.4 20496s
 10759293 5937315 6374.96212   63  239 6592.00000 5996.05828  9.04%  76.4 20500s
 10762276 5938948 6213.62945   80  126 6592.00000 5996.06157  9.04%  76.4 20505s
 10765160 5940520 6325.88028   73  149 6592.00000 5996.06552  9.04%  76.4 20511s
 10769161 5942797 6181.07730   58  251 6592.00000 5996.06971  9.04%  76.4 20516s
 10771443 5944036 6161.35120   67  150 6592.00000 5996.07308  9.04%  76.4 20520s
 10775280 5946054 6315.49314   56  165 6592.00000 5996.07818  9.04%  76.4 20526s
 10777719 5947349 6421.46403   68  250 6592.00000 5996.08048  9.04%  76.4 20530s
 10781767 5949435 6393.51243   65   55 6592.00000 5996.08348  9.04%  76.4 20536s
 10784321 5950591 infeasible  114      6592.00000 5996.08612  9.04%  76.4 20540s
 10788350 5953461 6003.53171  113   89 6592.00000 5996.09040  9.04%  76.4 20546s
 10792453 5955171 6409.62437   77   23 6592.00000 5996.09277  9.04%  76.4 20551s
 10795018 5956543 6019.80625   98   49 6592.00000 5996.09564  9.04%  76.4 20555s
 10797698 5958373 6285.66608   71  100 6592.00000 5996.09927  9.04%  76.4 20560s
 10801927 5960188 6198.26429   65   56 6592.00000 5996.10246  9.04%  76.4 20565s
 10805472 5962212 infeasible   74      6592.00000 5996.10769  9.04%  76.4 20570s
 10808839 5964281 6268.85053   46  165 6592.00000 5996.11173  9.04%  76.3 20576s
 10811091 5965385 6130.74605   68  180 6592.00000 5996.11420  9.04%  76.3 20580s
 10814824 5967218 infeasible   66      6592.00000 5996.11888  9.04%  76.3 20586s
 10816898 5968354 6425.27050   65  148 6592.00000 5996.12115  9.04%  76.3 20590s
 10819950 5969835 6141.57442   68  159 6592.00000 5996.12338  9.04%  76.3 20596s
 10822231 5971353 6113.84132   85  177 6592.00000 5996.12766  9.04%  76.3 20600s
 10826075 5972411 6118.07522   70  231 6592.00000 5996.13158  9.04%  76.3 20606s
 10826273 5973078 6337.90712   72  262 6592.00000 5996.13158  9.04%  76.3 20611s
 10828665 5974194 6103.76020   91  181 6592.00000 5996.13446  9.04%  76.3 20615s
 10830777 5975597 6068.57732   65  154 6592.00000 5996.13680  9.04%  76.3 20620s
 10835072 5977760 6033.13195   61   85 6592.00000 5996.13991  9.04%  76.3 20626s
 10838842 5980045 6007.86122   61   70 6592.00000 5996.14286  9.04%  76.3 20631s
 10842192 5981701     cutoff   61      6592.00000 5996.14722  9.04%  76.3 20636s
 10844468 5982655 6462.90597   62  167 6592.00000 5996.15000  9.04%  76.3 20640s
 10847194 5984173 6209.43206   70   35 6592.00000 5996.15385  9.04%  76.3 20646s
 10849289 5985416 6266.46680   73   78 6592.00000 5996.15698  9.04%  76.3 20650s
 10853426 5987861 6192.00000   87   31 6592.00000 5996.16160  9.04%  76.3 20656s
 10855617 5988931 6316.68275  128  119 6592.00000 5996.16336  9.04%  76.3 20660s
 10859517 5991262 infeasible   62      6592.00000 5996.16630  9.04%  76.3 20666s
 10862109 5992230 6037.38556   59   21 6592.00000 5996.17000  9.04%  76.3 20670s
 10865443 5994090     cutoff   96      6592.00000 5996.17322  9.04%  76.3 20676s
 10867711 5995515 6486.67591   90  210 6592.00000 5996.17647  9.04%  76.3 20680s
 10870238 5996859 6314.27272  100   47 6592.00000 5996.17863  9.04%  76.3 20685s
 10873489 5998561 6087.71750   67   37 6592.00000 5996.18182  9.04%  76.3 20692s
 10876023 6000034 6552.13333  119   49 6592.00000 5996.18450  9.04%  76.3 20697s
 10879284 6001522 6212.00000   78   47 6592.00000 5996.18817  9.04%  76.3 20701s
 10882101 6003201 6509.85442  107   30 6592.00000 5996.19185  9.04%  76.3 20706s
 10884308 6004873 infeasible   67      6592.00000 5996.19411  9.04%  76.3 20710s
 10887591 6006142 6109.90756   87   37 6592.00000 5996.19726  9.04%  76.3 20715s
 10890192 6008028 6048.20114   56   30 6592.00000 5996.19898  9.04%  76.3 20720s
 10894159 6009681 6120.56045   63  229 6592.00000 5996.20245  9.04%  76.3 20726s
 10896711 6011205 6086.49723   52   84 6592.00000 5996.20510  9.04%  76.3 20730s
 10900527 6013277 6013.70833   75   36 6592.00000 5996.20860  9.04%  76.3 20735s
 10902022 6013601 6394.78000   62   17 6592.00000 5996.21000  9.04%  76.3 20741s
 10903996 6014779 6505.36437   60  268 6592.00000 5996.21123  9.04%  76.3 20745s
 10906346 6016088 6486.36476   87   25 6592.00000 5996.21491  9.04%  76.3 20750s
 10910443 6017830 6283.29513   58   74 6592.00000 5996.22023  9.04%  76.3 20757s
 10912801 6019513 6047.13906   63  216 6592.00000 5996.22281  9.04%  76.3 20761s
 10915565 6020719 6247.62242   75   33 6592.00000 5996.22684  9.04%  76.3 20765s
 10918379 6022202 6525.00000   70   50 6592.00000 5996.22872  9.04%  76.3 20770s
 10922795 6024759 6106.54550   56   33 6592.00000 5996.23383  9.04%  76.3 20776s
 10925370 6026682 6278.34930   59  185 6592.00000 5996.23789  9.04%  76.3 20782s
 10928348 6028387 6271.78445   82  160 6592.00000 5996.24142  9.04%  76.3 20786s
 10931018 6029461 infeasible   70      6592.00000 5996.24465  9.04%  76.3 20790s
 10935161 6031557 6445.46049   62  199 6592.00000 5996.24875  9.04%  76.3 20796s
 10937375 6033429 6435.42570   64  147 6592.00000 5996.25000  9.04%  76.3 20800s
 10941709 6034990 6307.36520   69  145 6592.00000 5996.25021  9.04%  76.3 20807s
 10941997 6037802 6307.48966   70   96 6592.00000 5996.25069  9.04%  76.3 20816s
 10948932 6039579 6320.08489   66  182 6592.00000 5996.25750  9.04%  76.3 20820s
 10951719 6041263 6035.02532   67  163 6592.00000 5996.26165  9.04%  76.3 20825s
 10956200 6043362 infeasible   84      6592.00000 5996.26544  9.04%  76.3 20830s
 10959438 6045245 6431.55522   99   67 6592.00000 5996.26923  9.04%  76.3 20837s
 10962474 6046815 6003.30637   76   36 6592.00000 5996.27295  9.04%  76.3 20840s
 10965384 6048061 6246.73913   71   90 6592.00000 5996.27460  9.04%  76.3 20846s
 10967142 6049110 6119.00000   63   11 6592.00000 5996.27696  9.04%  76.3 20850s
 10968433 6049612 6093.00720   57   77 6592.00000 5996.27822  9.04%  76.3 20856s
 10970537 6050840 6055.26978   53  207 6592.00000 5996.28098  9.04%  76.3 20860s
 10974649 6052988 6030.58376   50  107 6592.00000 5996.28563  9.04%  76.3 20866s
 10976752 6054575 6278.24617   74  211 6592.00000 5996.28644  9.04%  76.3 20870s
 10979930 6056553 6081.00000   52   15 6592.00000 5996.29156  9.04%  76.3 20875s
 10983504 6057978 6351.19741   73  214 6592.00000 5996.29496  9.04%  76.3 20880s
 10986786 6059700 6278.67763   98  181 6592.00000 5996.29788  9.04%  76.3 20885s
 10990404 6061688 6216.56188   72  218 6592.00000 5996.30223  9.04%  76.2 20890s
 10993794 6063510 infeasible   56      6592.00000 5996.30536  9.04%  76.2 20896s
 10995780 6064615     cutoff   80      6592.00000 5996.30850  9.04%  76.2 20900s
 10997623 6066496 6466.13927   59  167 6592.00000 5996.31121  9.04%  76.2 20905s
 11002052 6068254 6025.86247   55  119 6592.00000 5996.31589  9.04%  76.2 20911s
 11004475 6069371 6386.23960   63  221 6592.00000 5996.31766  9.04%  76.2 20915s
 11006527 6070467     cutoff   88      6592.00000 5996.32000  9.04%  76.2 20920s
 11010517 6072584 6299.77900   74   54 6592.00000 5996.32432  9.04%  76.2 20926s
 11013139 6073607 6355.43454   59  197 6592.00000 5996.32779  9.04%  76.2 20930s
 11014869 6075216 6152.24000   66   70 6592.00000 5996.33059  9.04%  76.2 20935s
 11018503 6076903 6027.20566   57   79 6592.00000 5996.33357  9.04%  76.2 20940s
 11022151 6078697 6007.27378   93  101 6592.00000 5996.33733  9.04%  76.2 20946s
 11024351 6080343 6116.62500   67   22 6592.00000 5996.33968  9.04%  76.2 20950s
 11028488 6082354 6270.48811   53  201 6592.00000 5996.34478  9.04%  76.2 20956s
 11030763 6083345 6448.02000   68   23 6592.00000 5996.34821  9.04%  76.2 20960s
 11033280 6084824 6524.88486   65   85 6592.00000 5996.34995  9.04%  76.2 20967s
 11034301 6085946 6122.10000   65   20 6592.00000 5996.35018  9.04%  76.2 20970s
 11038222 6087308 6233.53833   72   22 6592.00000 5996.35670  9.04%  76.2 20976s
 11040384 6087784 infeasible   67      6592.00000 5996.35882  9.04%  76.2 20980s
 11040417 6088201 6020.02000   52    6 6592.00000 5996.35882  9.04%  76.2 20986s
 11042419 6089327 infeasible   66      6592.00000 5996.36082  9.04%  76.2 20990s
 11044632 6090417 6546.64007   69  109 6592.00000 5996.36364  9.04%  76.2 20995s
 11047470 6091791 infeasible   77      6592.00000 5996.36726  9.04%  76.2 21000s
 11050817 6093471 6108.63667   58   39 6592.00000 5996.37077  9.04%  76.2 21007s
 11054180 6094805 6048.93271   72  203 6592.00000 5996.37484  9.04%  76.2 21011s
 11055551 6095723 6111.00000   67    6 6592.00000 5996.37645  9.04%  76.2 21015s
 11058976 6097600 6017.00000   64   12 6592.00000 5996.37981  9.04%  76.2 21020s
 11062056 6099265 6044.12001   67  191 6592.00000 5996.38333  9.04%  76.2 21026s
 11064341 6100461     cutoff   68      6592.00000 5996.38529  9.04%  76.2 21030s
 11067986 6102669 6015.66156   98   47 6592.00000 5996.39009  9.04%  76.2 21036s
 11070545 6104230 6314.65824   71  146 6592.00000 5996.39239  9.04%  76.2 21041s
 11073969 6105736 6284.78388   56   98 6592.00000 5996.39714  9.04%  76.2 21046s
 11076805 6106904     cutoff   84      6592.00000 5996.39893  9.04%  76.2 21050s
 11080351 6109089 6437.71021   83  203 6592.00000 5996.40250  9.04%  76.2 21056s
 11083396 6110610 6111.79643   79   69 6592.00000 5996.40610  9.04%  76.2 21061s
 11085662 6111802 6164.75909   81  205 6592.00000 5996.40857  9.04%  76.2 21066s
 11088070 6112892 6422.91172   66  207 6592.00000 5996.41142  9.04%  76.2 21070s
 11091515 6114951 6210.04967   83  234 6592.00000 5996.41603  9.03%  76.2 21076s
 11095380 6117310 6034.43333   50   40 6592.00000 5996.41985  9.03%  76.2 21081s
 11097880 6118224 6009.74521   48  141 6592.00000 5996.42206  9.03%  76.2 21085s
 11100944 6119693 6306.00000   68   19 6592.00000 5996.42732  9.03%  76.2 21091s
 11103565 6121144 6217.87929   68   23 6592.00000 5996.42993  9.03%  76.2 21096s
 11105960 6122495 6022.93750   55   45 6592.00000 5996.43333  9.03%  76.2 21100s
 11109782 6124317 6427.76587   77  182 6592.00000 5996.43706  9.03%  76.2 21106s
 11111303 6125791 6266.66955   66  268 6592.00000 5996.43966  9.03%  76.2 21110s
 11115937 6128192 6011.35964  132   94 6592.00000 5996.44333  9.03%  76.2 21115s
 11118993 6129664 6349.95511   65  108 6592.00000 5996.44487  9.03%  76.2 21121s
 11121541 6131205 6322.69349   81  193 6592.00000 5996.44852  9.03%  76.2 21125s
 11125698 6134224     cutoff   63      6592.00000 5996.45179  9.03%  76.2 21131s
 11129756 6135948 6123.87208  123   45 6592.00000 5996.45310  9.03%  76.2 21136s
 11132932 6137924 6106.96295   69   30 6592.00000 5996.45852  9.03%  76.2 21141s
 11135345 6139032 6057.09340   43  138 6592.00000 5996.46000  9.03%  76.2 21145s
 11138222 6140658 6488.83902   78  154 6592.00000 5996.46419  9.03%  76.2 21150s
 11141788 6142465 6114.28833   66   70 6592.00000 5996.46798  9.03%  76.2 21156s
 11144721 6143909     cutoff   92      6592.00000 5996.46875  9.03%  76.2 21160s
 11147024 6145253     cutoff   71      6592.00000 5996.46875  9.03%  76.2 21165s
 11150136 6146961 6248.50765   69  188 6592.00000 5996.47442  9.03%  76.2 21170s
 11153661 6148622 6190.86666   61  168 6592.00000 5996.47746  9.03%  76.2 21175s
 11156809 6150936 6249.73096   88  187 6592.00000 5996.48018  9.03%  76.2 21181s
 11159471 6151530 infeasible   54      6592.00000 5996.48226  9.03%  76.2 21185s
 11160912 6153145 6405.88408  122   48 6592.00000 5996.48439  9.03%  76.2 21192s
 11164423 6154676 6097.26598   71  185 6592.00000 5996.48769  9.03%  76.2 21195s
 11167548 6156529 6362.15059   75  174 6592.00000 5996.49173  9.03%  76.2 21201s
 11171081 6158182 6089.81944   63   29 6592.00000 5996.49567  9.03%  76.1 21206s
 11174180 6160201     cutoff   69      6592.00000 5996.49980  9.03%  76.1 21211s
 11177487 6161776 6198.27507   93  157 6592.00000 5996.50134  9.03%  76.1 21216s
 11179591 6162942 6418.89015   98  146 6592.00000 5996.50388  9.03%  76.1 21220s
 11183009 6164645 6003.84783   54   15 6592.00000 5996.50672  9.03%  76.1 21226s
 11185610 6166077 6321.78672  105   54 6592.00000 5996.51084  9.03%  76.1 21230s
 11189338 6168061 6325.44661   98   77 6592.00000 5996.51422  9.03%  76.1 21236s
 11191514 6169173 6255.40714   50   38 6592.00000 5996.51710  9.03%  76.1 21240s
 11195722 6171233 6040.74187   68  124 6592.00000 5996.52164  9.03%  76.1 21246s
 11197726 6172633 6322.67622   77   79 6592.00000 5996.52500  9.03%  76.1 21250s
 11200365 6173869 6060.90845   50   73 6592.00000 5996.52824  9.03%  76.1 21255s
 11203135 6175693 6196.33333   86   32 6592.00000 5996.53333  9.03%  76.1 21260s
 11207680 6177632 6261.84741   64  220 6592.00000 5996.53797  9.03%  76.1 21267s
 11210458 6178953 5999.74867   49   71 6592.00000 5996.54168  9.03%  76.1 21271s
 11212826 6180892 6498.55371  104   27 6592.00000 5996.54244  9.03%  76.1 21275s
 11217150 6183482 6112.38314   49   77 6592.00000 5996.54569  9.03%  76.1 21281s
 11220987 6185055 6521.50067  107  132 6592.00000 5996.54667  9.03%  76.1 21286s
 11223214 6186203 6087.13333   52   19 6592.00000 5996.54987  9.03%  76.1 21290s
 11226701 6187615 6299.99464   57  281 6592.00000 5996.55257  9.03%  76.1 21296s
 11226883 6188187 6474.68650   59  264 6592.00000 5996.55279  9.03%  76.1 21300s
 11228757 6189319 6118.09710   67  162 6592.00000 5996.55549  9.03%  76.1 21305s
 11232781 6191083 6257.13885   52  131 6592.00000 5996.56000  9.03%  76.1 21311s
 11235203 6192352 infeasible   71      6592.00000 5996.56153  9.03%  76.1 21316s
 11238184 6193900 6331.08529   65   66 6592.00000 5996.56541  9.03%  76.1 21320s
 11240134 6195185 6083.81427   54   67 6592.00000 5996.56721  9.03%  76.1 21325s
 11244030 6197312 6112.32680   50  196 6592.00000 5996.57030  9.03%  76.1 21331s
 11246320 6198468 6516.52816   90   70 6592.00000 5996.57194  9.03%  76.1 21335s
 11250232 6200744 infeasible   96      6592.00000 5996.57778  9.03%  76.1 21341s
 11253448 6202452 6085.30167   58   21 6592.00000 5996.58036  9.03%  76.1 21346s
 11257302 6204458 6024.07155   63   79 6592.00000 5996.58419  9.03%  76.1 21351s
 11259618 6205381 6509.00000   70   99 6592.00000 5996.58658  9.03%  76.1 21355s
 11263315 6207506 6010.51841   93   71 6592.00000 5996.59079  9.03%  76.1 21361s
 11266527 6209049 6021.10390   68  149 6592.00000 5996.59286  9.03%  76.1 21365s
 11269827 6210860 6139.80713   64  238 6592.00000 5996.59610  9.03%  76.1 21370s
 11271972 6212211 6024.16667   51  105 6592.00000 5996.59986  9.03%  76.1 21375s
 11275965 6214283     cutoff   64      6592.00000 5996.60173  9.03%  76.1 21381s
 11278333 6216374 6537.97781   61   83 6592.00000 5996.60510  9.03%  76.1 21386s
 11282319 6217972 6280.81207   70  100 6592.00000 5996.60884  9.03%  76.1 21390s
 11285867 6219804 6244.69052   86  119 6592.00000 5996.61157  9.03%  76.1 21395s
 11288970 6221514 6122.18262   67  181 6592.00000 5996.61687  9.03%  76.1 21401s
 11291482 6222766 infeasible   65      6592.00000 5996.62000  9.03%  76.1 21405s
 11292438 6223581 6290.81080   70  198 6592.00000 5996.62115  9.03%  76.1 21411s
 11294982 6224670 6222.81600   57  230 6592.00000 5996.62432  9.03%  76.1 21416s
 11296842 6226058 6093.82584   55  124 6592.00000 5996.62500  9.03%  76.1 21420s
 11299534 6227118 6276.71504   64  148 6592.00000 5996.62500  9.03%  76.1 21425s
 11301520 6228366 6094.11780   57   50 6592.00000 5996.62500  9.03%  76.1 21430s
 11306076 6231455 6210.95714   86   20 6592.00000 5996.62500  9.03%  76.1 21437s
 11309196 6233022 6489.40581   59  111 6592.00000 5996.63078  9.03%  76.1 21441s
 11311762 6234069 6186.64833  113   44 6592.00000 5996.63354  9.03%  76.1 21445s
 11314213 6235888 6304.85333  113   38 6592.00000 5996.63652  9.03%  76.1 21450s
 11318379 6237671 6118.68721   61  133 6592.00000 5996.64100  9.03%  76.0 21456s
 11321928 6239624 5997.84129   46   79 6592.00000 5996.64444  9.03%  76.0 21461s
 11324454 6241018     cutoff   67      6592.00000 5996.64607  9.03%  76.0 21465s
 11326959 6242514 6177.90681   92  182 6592.00000 5996.64840  9.03%  76.0 21470s
 11330574 6244020 infeasible   76      6592.00000 5996.65259  9.03%  76.0 21476s
 11333295 6245335 6091.31986   57   64 6592.00000 5996.65471  9.03%  76.0 21481s
 11335256 6246516     cutoff   73      6592.00000 5996.65592  9.03%  76.0 21485s
 11339637 6248883 6220.78000   59   17 6592.00000 5996.66016  9.03%  76.0 21491s
 11342456 6250504 6230.00000   50   47 6592.00000 5996.66178  9.03%  76.0 21495s
 11346884 6252626 6224.93160   55   33 6592.00000 5996.66421  9.03%  76.0 21501s
 11349838 6254383 6112.91616   68   50 6592.00000 5996.66799  9.03%  76.0 21506s
 11351770 6255543 6251.14575   82   49 6592.00000 5996.67038  9.03%  76.0 21511s
 11354884 6256975 6543.86335   72  201 6592.00000 5996.67255  9.03%  76.0 21515s
 11357776 6258318 infeasible   60      6592.00000 5996.67571  9.03%  76.0 21520s
 11361131 6259680 6014.10708   61  105 6592.00000 5996.67859  9.03%  76.0 21526s
 11361164 6259984 6050.89655   63   94 6592.00000 5996.67909  9.03%  76.0 21531s
 11363003 6261127 6311.22161   62  125 6592.00000 5996.68078  9.03%  76.0 21535s
 11365581 6262495 6349.49530   72   68 6592.00000 5996.68329  9.03%  76.0 21540s
 11369807 6264647 6311.74565   63   39 6592.00000 5996.68659  9.03%  76.0 21546s
 11372591 6265694 6085.07500   64   22 6592.00000 5996.69012  9.03%  76.0 21550s
 11375653 6267972 6016.27745  106   82 6592.00000 5996.69352  9.03%  76.0 21556s
 11378834 6269322 6230.67521   63   65 6592.00000 5996.69662  9.03%  76.0 21560s
 11381041 6270373 6259.44383   59  175 6592.00000 5996.69864  9.03%  76.0 21566s
 11383652 6272058     cutoff   94      6592.00000 5996.70058  9.03%  76.0 21571s
 11386866 6273305 6307.83750   76   39 6592.00000 5996.70640  9.03%  76.0 21576s
 11388767 6274322 6105.45343   63  186 6592.00000 5996.70740  9.03%  76.0 21581s
 11392218 6276206 6129.75313   54   19 6592.00000 5996.71077  9.03%  76.0 21585s
 11395258 6277635 6338.55185   71   61 6592.00000 5996.71330  9.03%  76.0 21590s
 11399493 6279583 6302.47263   71  250 6592.00000 5996.71725  9.03%  76.0 21596s
 11401760 6280761 6492.77829   96  198 6592.00000 5996.72014  9.03%  76.0 21600s
 11405288 6282710 infeasible   90      6592.00000 5996.72449  9.03%  76.0 21605s
 11408646 6284178 6422.01511   98   72 6592.00000 5996.72817  9.03%  76.0 21611s
 11411169 6285544 6406.06133   62  144 6592.00000 5996.73143  9.03%  76.0 21615s
 11415171 6287636 6456.90363   74  189 6592.00000 5996.73519  9.03%  76.0 21620s
 11417172 6288822 6217.90476   94   81 6592.00000 5996.73764  9.03%  76.0 21625s
 11421070 6291095 6189.00000   67    7 6592.00000 5996.74190  9.03%  76.0 21632s
 11424164 6292232     cutoff   63      6592.00000 5996.74444  9.03%  76.0 21635s
 11427823 6294545 6377.21000   91   18 6592.00000 5996.74748  9.03%  76.0 21641s
 11430491 6296141     cutoff  146      6592.00000 5996.75029  9.03%  76.0 21645s
 11433209 6297454 6285.24239   67  173 6592.00000 5996.75324  9.03%  76.0 21652s
 11434369 6297463 6219.03095   55  146 6592.00000 5996.75375  9.03%  76.0 21655s
 11434384 6303857 6219.03095   56  146 6592.00000 5996.75375  9.03%  76.0 21682s
 11446384 6304896 6096.99500  112   38 6592.00000 5996.76316  9.03%  76.0 21685s
 11448309 6305610 6151.61362   67  144 6592.00000 5996.76735  9.03%  76.0 21691s
 11451513 6307110 infeasible   75      6592.00000 5996.77141  9.03%  76.0 21696s
 11454074 6308391 6024.09454   55  108 6592.00000 5996.77349  9.03%  76.0 21701s
 11456687 6309614 6377.70677   74  218 6592.00000 5996.77571  9.03%  76.0 21705s
 11460286 6312004 6021.00000   54   16 6592.00000 5996.77911  9.03%  76.0 21711s
 11463329 6313497 6402.21807  126   17 6592.00000 5996.78220  9.03%  76.0 21716s
 11466583 6315146 6122.79684   51  122 6592.00000 5996.78425  9.03%  76.0 21720s
 11470577 6317677 6312.43500  107   19 6592.00000 5996.78785  9.03%  75.9 21726s
 11475137 6319777 6001.00599  105   47 6592.00000 5996.78904  9.03%  75.9 21731s
 11478399 6321488 6028.78583   93   97 6592.00000 5996.79162  9.03%  75.9 21735s
 11480860 6322724 6098.49804   57  171 6592.00000 5996.79460  9.03%  75.9 21740s
 11483963 6324469 6230.76923   56  261 6592.00000 5996.79748  9.03%  75.9 21745s
 11487135 6326229     cutoff   87      6592.00000 5996.80066  9.03%  75.9 21751s
 11489191 6327352 6142.32988   73  201 6592.00000 5996.80426  9.03%  75.9 21755s
 11491573 6329215 5999.56201   75   61 6592.00000 5996.80645  9.03%  75.9 21760s
 11496287 6331244 6248.68083   67   38 6592.00000 5996.81135  9.03%  75.9 21765s
 11500316 6333353 6432.71333  116   29 6592.00000 5996.81579  9.03%  75.9 21770s
 11503922 6335329 6099.01587  117   74 6592.00000 5996.81910  9.03%  75.9 21776s
 11505946 6336292 6509.22292   77  146 6592.00000 5996.82107  9.03%  75.9 21780s
 11510267 6338607 6093.12000   70   37 6592.00000 5996.82631  9.03%  75.9 21786s
 11513359 6340335 6158.05278   61   64 6592.00000 5996.82964  9.03%  75.9 21791s
 11516071 6341897 6225.83701   85   37 6592.00000 5996.83292  9.03%  75.9 21796s
 11518472 6342891 infeasible   68      6592.00000 5996.83501  9.03%  75.9 21800s
 11522415 6344922 6268.74407   71  162 6592.00000 5996.83872  9.03%  75.9 21806s
 11526146 6346793 6526.93871   75  168 6592.00000 5996.84297  9.03%  75.9 21812s
 11529157 6348195 infeasible   57      6592.00000 5996.84641  9.03%  75.9 21817s
 11531060 6349294     cutoff   59      6592.00000 5996.84904  9.03%  75.9 21821s
 11533760 6350702 6274.86267   77   26 6592.00000 5996.85071  9.03%  75.9 21825s
 11537231 6352838 6203.05000   71   22 6592.00000 5996.85340  9.03%  75.9 21831s
 11540372 6353971 6007.74792   52   58 6592.00000 5996.85656  9.03%  75.9 21835s
 11543966 6355984 6410.80431  119   38 6592.00000 5996.86003  9.03%  75.9 21842s
 11546399 6357115 5999.47619   57   24 6592.00000 5996.86308  9.03%  75.9 21846s
 11549348 6358634 6131.51558   90   56 6592.00000 5996.86578  9.03%  75.9 21850s
 11552518 6361159 6071.33333   71   22 6592.00000 5996.86854  9.03%  75.9 21856s
 11555973 6361862 6180.38728  110   18 6592.00000 5996.86919  9.03%  75.9 21860s
 11556338 6362607 6213.20928  119  141 6592.00000 5996.87052  9.03%  75.9 21865s
 11560685 6364847 6343.15169   68   74 6592.00000 5996.87295  9.03%  75.9 21871s
 11562298 6366341 6297.86347   79  184 6592.00000 5996.87585  9.03%  75.9 21875s
 11565980 6367632 6428.25984   56  204 6592.00000 5996.88000  9.03%  75.9 21880s
 11569580 6369537     cutoff   59      6592.00000 5996.88328  9.03%  75.9 21886s
 11571913 6371015 6420.97304   87  161 6592.00000 5996.88390  9.03%  75.9 21890s
 11575572 6372495 6356.45884   81  235 6592.00000 5996.88974  9.03%  75.9 21895s
 11577241 6373440 6404.06712  136   40 6592.00000 5996.89168  9.03%  75.9 21900s
 11581613 6376125 6535.11381   68  193 6592.00000 5996.89599  9.03%  75.9 21906s
 11584168 6377538 6140.70447   57  249 6592.00000 5996.89907  9.03%  75.9 21910s
 11587637 6379170     cutoff   81      6592.00000 5996.90250  9.03%  75.9 21915s
 11590937 6381202 6187.86779   59   48 6592.00000 5996.90520  9.03%  75.9 21921s
 11593385 6382393 6310.69048  158   58 6592.00000 5996.90711  9.03%  75.8 21925s
 11596676 6384372 infeasible   75      6592.00000 5996.90950  9.03%  75.8 21930s
 11599288 6385687 6254.16078   84  270 6592.00000 5996.91112  9.03%  75.8 21935s
 11603711 6387916 6001.60000   54   17 6592.00000 5996.91679  9.03%  75.8 21941s
 11605619 6388908 6085.30333   49   18 6592.00000 5996.91892  9.03%  75.8 21945s
 11609208 6391079 6218.52350   82  184 6592.00000 5996.92123  9.03%  75.8 21951s
 11613151 6393187 6122.92434   58   77 6592.00000 5996.92722  9.03%  75.8 21957s
 11615129 6394115 6038.85005   72   70 6592.00000 5996.92889  9.03%  75.8 21960s
 11618657 6395971 6435.70331   76   50 6592.00000 5996.93254  9.03%  75.8 21966s
 11620944 6397281 6432.77803   75  249 6592.00000 5996.93343  9.03%  75.8 21971s
 11623413 6398607 6084.16834   67  105 6592.00000 5996.93743  9.03%  75.8 21975s
 11626769 6400783 6485.59352  104   48 6592.00000 5996.94037  9.03%  75.8 21981s
 11629437 6401711 6096.34093   87   51 6592.00000 5996.94118  9.03%  75.8 21985s
 11632988 6403762 6289.88330   66   96 6592.00000 5996.94579  9.03%  75.8 21991s
 11635826 6404349 6413.76245  113   63 6592.00000 5996.94808  9.03%  75.8 21996s
 11636037 6405099 6423.83938  118   63 6592.00000 5996.94808  9.03%  75.8 22001s
 11638882 6405976 infeasible   88      6592.00000 5996.95078  9.03%  75.8 22005s
 11641163 6407346 6043.43849   57  107 6592.00000 5996.95298  9.03%  75.8 22010s
 11643940 6408960 infeasible   85      6592.00000 5996.95641  9.03%  75.8 22015s
 11648100 6411479 6441.35119   79   98 6592.00000 5996.96085  9.03%  75.8 22021s
 11651983 6413237 6490.58831   63  140 6592.00000 5996.96471  9.03%  75.8 22025s
 11654140 6414245 infeasible  102      6592.00000 5996.96767  9.03%  75.8 22030s
 11656407 6415593 6275.68003   48  205 6592.00000 5996.97039  9.03%  75.8 22036s
 11659840 6417102 infeasible   93      6592.00000 5996.97419  9.03%  75.8 22040s
 11662444 6419088 6272.83425   69  181 6592.00000 5996.97766  9.03%  75.8 22045s
 11665365 6420713 6173.81316   64  240 6592.00000 5996.98053  9.03%  75.8 22050s
 11670406 6423408 6012.40901  105   45 6592.00000 5996.98329  9.03%  75.8 22056s
 11673876 6424718 6527.71464  142   95 6592.00000 5996.98844  9.03%  75.8 22060s
 11676145 6426059 6479.60162   73   60 6592.00000 5996.99222  9.03%  75.8 22065s
 11679614 6428163 6079.36774   66  172 6592.00000 5996.99491  9.03%  75.8 22071s
 11682731 6429540 6165.28490   61   64 6592.00000 5996.99802  9.03%  75.8 22075s
 11686463 6431576 6005.09640   60  179 6592.00000 5997.00000  9.03%  75.8 22081s
 11688221 6432550 6199.00000   65   16 6592.00000 5997.00000  9.03%  75.8 22085s
 11691111 6433954 6323.79389   64   42 6592.00000 5997.00000  9.03%  75.8 22092s
 11692441 6434758 6406.48000   65   56 6592.00000 5997.00000  9.03%  75.8 22095s
 11694837 6435509 6520.20794   51  161 6592.00000 5997.00000  9.03%  75.8 22101s
 11697022 6437024 6422.57998   59  172 6592.00000 5997.00000  9.03%  75.8 22106s
 11699900 6438423 6170.48627   67  177 6592.00000 5997.00000  9.03%  75.8 22112s
 11702080 6439098 6012.60000   51   23 6592.00000 5997.00000  9.03%  75.8 22115s
 11703936 6440554 infeasible   72      6592.00000 5997.00000  9.03%  75.8 22120s
 11705544 6440569     cutoff   87      6592.00000 5997.00000  9.03%  75.8 22126s
 11706145 6441520 6121.41459   58   35 6592.00000 5997.00000  9.03%  75.8 22131s
 11708457 6442828 infeasible   63      6592.00000 5997.00000  9.03%  75.8 22137s
 11710590 6443901     cutoff   63      6592.00000 5997.00078  9.03%  75.8 22141s
 11713149 6445382 6117.55112   47  236 6592.00000 5997.00492  9.03%  75.8 22146s
 11716042 6446738 6398.11009   83  171 6592.00000 5997.00668  9.03%  75.8 22151s
 11718794 6448147 6048.02394  103   45 6592.00000 5997.01072  9.03%  75.8 22156s
 11721283 6450016 6045.91485   59   60 6592.00000 5997.01281  9.03%  75.8 22160s
 11725409 6451716 6034.06692   65   54 6592.00000 5997.01638  9.03%  75.8 22166s
 11727979 6452958     cutoff   66      6592.00000 5997.01831  9.03%  75.8 22171s
 11730597 6454378 6024.87204   60   24 6592.00000 5997.02204  9.03%  75.8 22175s
 11734495 6456525 6313.31250  110   51 6592.00000 5997.02635  9.03%  75.8 22181s
 11736814 6457728 6132.14000   52   48 6592.00000 5997.02854  9.03%  75.8 22185s
 11740361 6459893 6202.92058   67  173 6592.00000 5997.03197  9.03%  75.8 22191s
 11742979 6461184 6236.74550  100  135 6592.00000 5997.03391  9.03%  75.8 22195s
 11746846 6463541 6085.04292  110   61 6592.00000 5997.03846  9.03%  75.8 22201s
 11749141 6464495 6481.89283   88   48 6592.00000 5997.04129  9.03%  75.8 22205s
 11752569 6466312     cutoff   84      6592.00000 5997.04586  9.03%  75.8 22211s
 11755573 6467949 6084.70406   60  160 6592.00000 5997.04773  9.03%  75.8 22216s
 11757503 6468979 6122.35764   99   68 6592.00000 5997.05070  9.03%  75.8 22220s
 11760349 6470933 6577.34088   77  165 6592.00000 5997.05319  9.03%  75.8 22226s
 11763278 6472550 6280.97286   66   48 6592.00000 5997.05737  9.03%  75.8 22230s
 11766931 6474184 6408.00000  103    8 6592.00000 5997.05921  9.03%  75.8 22235s
 11771068 6476427 6192.92098   74   52 6592.00000 5997.06335  9.03%  75.8 22241s
 11774544 6478090 6194.06731   83   61 6592.00000 5997.06641  9.03%  75.8 22246s
 11778040 6480152 6225.42073   78  142 6592.00000 5997.06960  9.03%  75.8 22251s
 11782053 6482154 6049.68629   64   78 6592.00000 5997.07296  9.02%  75.8 22257s
 11785187 6483375 6286.54081   97  145 6592.00000 5997.07610  9.02%  75.7 22261s
 11786874 6484349     cutoff   77      6592.00000 5997.07714  9.02%  75.8 22265s
 11790620 6486270     cutoff   65      6592.00000 5997.08012  9.02%  75.7 22271s
 11792793 6487854 infeasible  147      6592.00000 5997.08174  9.02%  75.7 22275s
 11796585 6490083 6202.71763   76   92 6592.00000 5997.08736  9.02%  75.7 22281s
 11799491 6491344 6377.49550   71  126 6592.00000 5997.09051  9.02%  75.7 22285s
 11801994 6492779 6461.32665  120   76 6592.00000 5997.09210  9.02%  75.7 22290s
 11804286 6493929 6270.01182   76   41 6592.00000 5997.09370  9.02%  75.7 22295s
 11808012 6495908 6409.98625  103  149 6592.00000 5997.09899  9.02%  75.7 22302s
 11810703 6497356 5997.60111   69   81 6592.00000 5997.10207  9.02%  75.7 22306s
 11813131 6498712 6218.60969   80   52 6592.00000 5997.10442  9.02%  75.7 22311s
 11816723 6500529     cutoff   68      6592.00000 5997.10750  9.02%  75.7 22315s
 11819606 6502185 6142.05449   55  211 6592.00000 5997.11009  9.02%  75.7 22320s
 11823692 6503947 infeasible   90      6592.00000 5997.11458  9.02%  75.7 22325s
 11826216 6504712 6028.70542   62  229 6592.00000 5997.11765  9.02%  75.7 22331s
 11827854 6505979 6368.02302   95  124 6592.00000 5997.11871  9.02%  75.7 22336s
 11829594 6506864 6140.52432   68  311 6592.00000 5997.12144  9.02%  75.7 22341s
 11831787 6508623 6166.76040   76  267 6592.00000 5997.12315  9.02%  75.7 22346s
 11834968 6510159 6418.37500   86   56 6592.00000 5997.12670  9.02%  75.7 22350s
 11839366 6512790 6055.69784   61  121 6592.00000 5997.13156  9.02%  75.7 22356s
 11842166 6514379 6091.08134   64  158 6592.00000 5997.13271  9.02%  75.7 22360s
 11845525 6516000 6531.09981   77  208 6592.00000 5997.13333  9.02%  75.7 22365s
 11849036 6517740 6237.17812  106  149 6592.00000 5997.13872  9.02%  75.7 22370s
 11852142 6519663 6013.93570   68   72 6592.00000 5997.14105  9.02%  75.7 22376s
 11854201 6520862 6264.79181   70  213 6592.00000 5997.14350  9.02%  75.7 22380s
 11858189 6522748 6501.11986   68  299 6592.00000 5997.14719  9.02%  75.7 22387s
 11860797 6524276 6090.36050   87   45 6592.00000 5997.14997  9.02%  75.7 22391s
 11863482 6525744 6126.01000   84   38 6592.00000 5997.15292  9.02%  75.7 22395s
 11867247 6527568 6281.21140   65  218 6592.00000 5997.15719  9.02%  75.7 22401s
 11870058 6529168 6004.98289   95   32 6592.00000 5997.15946  9.02%  75.7 22405s
 11874195 6531627 infeasible   83      6592.00000 5997.16305  9.02%  75.7 22411s
 11878591 6533805 6308.90974   71  257 6592.00000 5997.16561  9.02%  75.7 22416s
 11880598 6534893     cutoff   59      6592.00000 5997.16690  9.02%  75.7 22420s
 11883747 6537043 6348.24167   70   22 6592.00000 5997.17013  9.02%  75.7 22425s
 11887180 6538953 6157.31014   50  125 6592.00000 5997.17411  9.02%  75.7 22430s
 11891028 6540460 6248.75436   70   51 6592.00000 5997.17679  9.02%  75.7 22436s
 11893124 6541709 6144.51000   60   38 6592.00000 5997.17869  9.02%  75.7 22441s
 11895958 6543026     cutoff   65      6592.00000 5997.18169  9.02%  75.7 22445s
 11899550 6545035 6150.62833   61   26 6592.00000 5997.18444  9.02%  75.7 22451s
 11902219 6545942 6013.33000   57   23 6592.00000 5997.18647  9.02%  75.7 22456s
 11902251 6546146 6026.71288   59   43 6592.00000 5997.18658  9.02%  75.7 22460s
 11905269 6547957 6388.56525   56  127 6592.00000 5997.19150  9.02%  75.6 22466s
 11907265 6549262 6385.89264   83  198 6592.00000 5997.19373  9.02%  75.6 22470s
 11911544 6551376 6020.88564   68  213 6592.00000 5997.19821  9.02%  75.6 22477s
 11913929 6552641 6335.27860  106  144 6592.00000 5997.20000  9.02%  75.6 22481s
 11916242 6554095 6010.22741   62   87 6592.00000 5997.20012  9.02%  75.6 22486s
 11918951 6555406 6211.45762   68  104 6592.00000 5997.20287  9.02%  75.6 22491s
 11921897 6556689 6233.80118   74   57 6592.00000 5997.20595  9.02%  75.6 22495s
 11926407 6559054 6304.33660  100  112 6592.00000 5997.21135  9.02%  75.6 22501s
 11929254 6560800 6099.02257  115   29 6592.00000 5997.21295  9.02%  75.6 22506s
 11931998 6562141 infeasible   56      6592.00000 5997.21429  9.02%  75.6 22510s
 11935948 6564448 infeasible   75      6592.00000 5997.21744  9.02%  75.6 22516s
 11939677 6565949 6195.00000   50   17 6592.00000 5997.22160  9.02%  75.6 22521s
 11941416 6567108 6354.99453   68  176 6592.00000 5997.22297  9.02%  75.6 22525s
 11945019 6568901 6242.12620   67  113 6592.00000 5997.22770  9.02%  75.6 22532s
 11947583 6570077 6519.92731   78  182 6592.00000 5997.22983  9.02%  75.6 22536s
 11948374 6570920 6336.47742   73  231 6592.00000 5997.23161  9.02%  75.6 22540s
 11952199 6572971 infeasible   93      6592.00000 5997.23572  9.02%  75.6 22545s
 11955983 6575073 6245.19165  138  153 6592.00000 5997.23931  9.02%  75.6 22551s
 11958657 6576241 infeasible  141      6592.00000 5997.24293  9.02%  75.6 22555s
 11962722 6578508 6421.68924   60   37 6592.00000 5997.24649  9.02%  75.6 22561s
 11964894 6579669 6215.74749   55  143 6592.00000 5997.24868  9.02%  75.6 22565s
 11967403 6580953 6325.02217   69   48 6592.00000 5997.25018  9.02%  75.6 22570s
 11971201 6582757 6121.10303   60   22 6592.00000 5997.25370  9.02%  75.6 22576s
 11974025 6584314 6240.07773   57  163 6592.00000 5997.25680  9.02%  75.6 22580s
 11978225 6586677 6113.08333   67   81 6592.00000 5997.26094  9.02%  75.6 22586s
 11982121 6588832 6207.44707   50   42 6592.00000 5997.26390  9.02%  75.6 22591s
 11984493 6590287 6027.16667   71   46 6592.00000 5997.26529  9.02%  75.6 22595s
 11988257 6592338 6076.81500   65   27 6592.00000 5997.26905  9.02%  75.6 22601s
 11992041 6593929 5999.46069   58  143 6592.00000 5997.27345  9.02%  75.6 22606s
 11993763 6595131 6079.38302   70  194 6592.00000 5997.27462  9.02%  75.6 22610s
 11997015 6596554 6451.18737  119   81 6592.00000 5997.27814  9.02%  75.6 22616s
 11999331 6597909 6429.83697   73  237 6592.00000 5997.28062  9.02%  75.6 22620s
 12002377 6599410 6541.09375   68  255 6592.00000 5997.28343  9.02%  75.6 22625s
 12006944 6602317 6292.04217   62   68 6592.00000 5997.28691  9.02%  75.6 22630s
 12010550 6603637 6302.61129   65  124 6592.00000 5997.28912  9.02%  75.6 22635s
 12013303 6605345 6047.80542   56   63 6592.00000 5997.29114  9.02%  75.6 22641s
 12017688 6607964 6441.00000   75    8 6592.00000 5997.29481  9.02%  75.6 22646s
 12020323 6609469 6388.96339  113   51 6592.00000 5997.29724  9.02%  75.6 22650s
 12023987 6610947 6238.04872  142   45 6592.00000 5997.30045  9.02%  75.6 22656s
 12026414 6611505 6201.20276   74  149 6592.00000 5997.30224  9.02%  75.6 22660s
 12026897 6612159 6201.46167   76   29 6592.00000 5997.30228  9.02%  75.6 22665s
 12030343 6614338     cutoff   74      6592.00000 5997.30565  9.02%  75.6 22671s
 12033276 6615698 infeasible   82      6592.00000 5997.30820  9.02%  75.6 22675s
 12035734 6616961 6316.38027   80  198 6592.00000 5997.31064  9.02%  75.6 22680s
 12040244 6619051 6209.11641   63  136 6592.00000 5997.31543  9.02%  75.6 22686s
 12043449 6620580 6369.62833   76   21 6592.00000 5997.31877  9.02%  75.6 22691s
 12045149 6621996 6387.54496   92  217 6592.00000 5997.31877  9.02%  75.6 22695s
 12049111 6623906     cutoff   97      6592.00000 5997.32552  9.02%  75.6 22701s
 12051232 6625573 infeasible   89      6592.00000 5997.32874  9.02%  75.6 22705s
 12055371 6627412 6322.01583   72  118 6592.00000 5997.33277  9.02%  75.6 22711s
 12057672 6629038 6227.88617   82   72 6592.00000 5997.33501  9.02%  75.6 22715s
 12061626 6631036 6143.65295   55   94 6592.00000 5997.33885  9.02%  75.5 22720s
 12064905 6632830 6357.71645  135  127 6592.00000 5997.34200  9.02%  75.5 22726s
 12067348 6633868 6262.26500  110    3 6592.00000 5997.34512  9.02%  75.5 22730s
 12071248 6635804 6098.45301   57   83 6592.00000 5997.34949  9.02%  75.5 22735s
 12074790 6638351 6459.50720   70   51 6592.00000 5997.35177  9.02%  75.5 22741s
 12077594 6638879 6389.96016   94  131 6592.00000 5997.35392  9.02%  75.5 22745s
 12077630 6638912     cutoff   96      6592.00000 5997.35392  9.02%  75.5 22750s
 12079542 6640629 6324.79291   69  157 6592.00000 5997.35571  9.02%  75.5 22756s
 12082314 6641869 6184.33148  104   65 6592.00000 5997.35791  9.02%  75.5 22760s
 12085872 6643830 6099.41252   89   78 6592.00000 5997.36150  9.02%  75.5 22766s
 12088307 6645374 infeasible   99      6592.00000 5997.36478  9.02%  75.5 22770s
 12091947 6647756 6114.70886   64  117 6592.00000 5997.36875  9.02%  75.5 22776s
 12095076 6648923 6323.45492   66  132 6592.00000 5997.37176  9.02%  75.5 22780s
 12097312 6650206 6006.79035   56  155 6592.00000 5997.37428  9.02%  75.5 22785s
 12101586 6652222 6256.46693   64  233 6592.00000 5997.37850  9.02%  75.5 22790s
 12105070 6654289 6237.33941   61  256 6592.00000 5997.38164  9.02%  75.5 22796s
 12108065 6655575 6019.01852   59  113 6592.00000 5997.38384  9.02%  75.5 22800s
 12111273 6657228     cutoff   64      6592.00000 5997.38717  9.02%  75.5 22806s
 12113703 6658503     cutoff   67      6592.00000 5997.39050  9.02%  75.5 22810s
 12118330 6660755 6108.22288   64  105 6592.00000 5997.39419  9.02%  75.5 22816s
 12121562 6662303 6338.24207   75  123 6592.00000 5997.39764  9.02%  75.5 22820s
 12124370 6663693 6078.04357   61   89 6592.00000 5997.40000  9.02%  75.5 22826s
 12126441 6665203 6097.99756   71  100 6592.00000 5997.40042  9.02%  75.5 22830s
 12130224 6667665     cutoff   76      6592.00000 5997.40458  9.02%  75.5 22836s
 12133839 6668877 6222.72540   79  167 6592.00000 5997.40894  9.02%  75.5 22840s
 12136872 6670696 6012.99766   50   64 6592.00000 5997.41121  9.02%  75.5 22846s
 12139407 6671642 infeasible  101      6592.00000 5997.41360  9.02%  75.5 22850s
 12142785 6673545 6265.98559   93  122 6592.00000 5997.41809  9.02%  75.5 22855s
 12146503 6675131 6217.60000  113   50 6592.00000 5997.42221  9.02%  75.5 22861s
 12149627 6677134 6445.90133   61   78 6592.00000 5997.42500  9.02%  75.5 22866s
 12151922 6678042 6061.05002   80  157 6592.00000 5997.42583  9.02%  75.5 22870s
 12155581 6679962 6529.13299   75   86 6592.00000 5997.42950  9.02%  75.5 22876s
 12158775 6681726     cutoff   58      6592.00000 5997.43307  9.02%  75.5 22880s
 12162779 6684179 6012.40116   74   48 6592.00000 5997.43653  9.02%  75.5 22886s
 12166648 6686243 6084.93827   57  240 6592.00000 5997.44058  9.02%  75.5 22891s
 12170465 6688141 6105.11326   58   69 6592.00000 5997.44268  9.02%  75.5 22895s
 12173645 6689849 6128.29278   55  164 6592.00000 5997.44591  9.02%  75.5 22900s
 12176794 6691692 6112.90501   70  145 6592.00000 5997.44851  9.02%  75.5 22906s
 12179959 6693365 6280.53838   73  116 6592.00000 5997.45192  9.02%  75.5 22911s
 12181916 6694384 6104.90837   81   44 6592.00000 5997.45334  9.02%  75.5 22915s
 12185733 6697598 6122.58254  121   32 6592.00000 5997.45695  9.02%  75.5 22921s
 12189546 6699153 6443.18392   58  149 6592.00000 5997.46154  9.02%  75.5 22925s
 12192780 6700843 6223.71093   88   50 6592.00000 5997.46438  9.02%  75.4 22930s
 12196308 6702740 6089.32000   58    4 6592.00000 5997.46686  9.02%  75.4 22935s
 12199532 6704233 6322.19622   96  170 6592.00000 5997.47034  9.02%  75.4 22940s
 12203098 6706007 6232.32254   75  231 6592.00000 5997.47295  9.02%  75.4 22946s
 12205920 6706953 6449.27667  142   28 6592.00000 5997.47563  9.02%  75.4 22950s
 12206752 6707835 6088.25506   84   21 6592.00000 5997.47659  9.02%  75.4 22955s
 12209887 6709600 6464.35927   78  139 6592.00000 5997.48000  9.02%  75.4 22961s
 12212323 6711329     cutoff   61      6592.00000 5997.48304  9.02%  75.4 22965s
 12216480 6713503 6410.14461   74  184 6592.00000 5997.48593  9.02%  75.4 22971s
 12219262 6714988 6257.06524   84  176 6592.00000 5997.48917  9.02%  75.4 22975s
 12223100 6716876 infeasible   80      6592.00000 5997.49318  9.02%  75.4 22982s
 12226215 6718610 infeasible   82      6592.00000 5997.49585  9.02%  75.4 22986s
 12229348 6720266 6414.85000  117   59 6592.00000 5997.49921  9.02%  75.4 22990s
 12232138 6721512 6246.27734   58   33 6592.00000 5997.50000  9.02%  75.4 22996s
 12234020 6722692 6121.69215   64   40 6592.00000 5997.50204  9.02%  75.4 23000s
 12238228 6725291 6083.71500   55   48 6592.00000 5997.50670  9.02%  75.4 23006s
 12241318 6727059 6116.88704   77   55 6592.00000 5997.51085  9.02%  75.4 23011s
 12245481 6729016     cutoff   92      6592.00000 5997.51581  9.02%  75.4 23016s
 12249000 6730745 6272.36372   68  125 6592.00000 5997.51962  9.02%  75.4 23021s
 12251186 6732103 6083.08811   56  113 6592.00000 5997.52120  9.02%  75.4 23025s
 12252851 6733079 6372.47817   99  132 6592.00000 5997.52325  9.02%  75.4 23030s
 12256635 6734723 6225.17415   68  292 6592.00000 5997.52636  9.02%  75.4 23036s
 12259161 6736712 infeasible  122      6592.00000 5997.52677  9.02%  75.4 23040s
 12263027 6738869 6096.05088   73   80 6592.00000 5997.53080  9.02%  75.4 23046s
 12265123 6739893 6027.52646   58   97 6592.00000 5997.53298  9.02%  75.4 23050s
 12269168 6742320 6299.70292   91   90 6592.00000 5997.53605  9.02%  75.4 23056s
 12272244 6743982 6496.87059  109   33 6592.00000 5997.53913  9.02%  75.4 23060s
 12275648 6745641 6314.68750  124   12 6592.00000 5997.54276  9.02%  75.4 23065s
 12279505 6747395 6041.69427  109   37 6592.00000 5997.54656  9.02%  75.4 23071s
 12281878 6748772 6173.42857   76   18 6592.00000 5997.54702  9.02%  75.4 23075s
 12285436 6750521 infeasible   73      6592.00000 5997.55077  9.02%  75.4 23081s
 12287105 6751672 6283.96457   68  196 6592.00000 5997.55355  9.02%  75.4 23085s
 12290996 6753687 6287.38462   66   41 6592.00000 5997.55852  9.02%  75.4 23091s
 12293222 6755079 6291.13000   91   35 6592.00000 5997.56120  9.02%  75.4 23095s
 12295988 6756396 6424.27436   68  144 6592.00000 5997.56410  9.02%  75.4 23100s
 12299846 6758197 infeasible   83      6592.00000 5997.56683  9.02%  75.4 23106s
 12302579 6759522 6240.16056   73  199 6592.00000 5997.56912  9.02%  75.4 23110s
 12303614 6759657 6014.31954   68   42 6592.00000 5997.57053  9.02%  75.4 23116s
 12304257 6760490     cutoff  101      6592.00000 5997.57083  9.02%  75.4 23121s
 12307120 6762250 6085.08846   99   43 6592.00000 5997.57234  9.02%  75.4 23125s
 12309612 6763799 6293.93620   84  144 6592.00000 5997.57430  9.02%  75.4 23130s
 12313855 6765807 6120.50000   60   48 6592.00000 5997.57994  9.02%  75.4 23136s
 12317259 6767983 6109.09838  123   40 6592.00000 5997.58438  9.02%  75.4 23140s
 12320544 6769532 6102.29909   67  235 6592.00000 5997.58621  9.02%  75.4 23145s
 12324308 6771510 infeasible   61      6592.00000 5997.58965  9.02%  75.4 23150s
 12327482 6773442 6286.79184   73  115 6592.00000 5997.59354  9.02%  75.4 23155s
 12331233 6775185 6178.19023   61   31 6592.00000 5997.59731  9.02%  75.4 23161s
 12333376 6776546 6265.77479   87  244 6592.00000 5997.59958  9.02%  75.4 23165s
 12337331 6778677 6227.13636   83  206 6592.00000 5997.60404  9.02%  75.4 23172s
 12340190 6780038     cutoff   68      6592.00000 5997.60582  9.02%  75.4 23176s
 12342176 6781498 6358.64733   67   53 6592.00000 5997.61003  9.02%  75.4 23180s
 12345159 6782685 6335.00391   64  195 6592.00000 5997.61392  9.02%  75.4 23185s
 12348853 6784957 6194.58346   68  270 6592.00000 5997.61748  9.02%  75.3 23191s
 12351866 6786413 6254.24520   55  245 6592.00000 5997.62109  9.02%  75.3 23195s
 12355599 6788360 6150.35672   91  114 6592.00000 5997.62395  9.02%  75.3 23201s
 12357570 6789364 6559.65045   74   69 6592.00000 5997.62553  9.02%  75.3 23205s
 12361551 6791511 6465.52866  112  128 6592.00000 5997.62825  9.02%  75.3 23211s
 12364224 6792860 6099.08000   54   25 6592.00000 5997.63170  9.02%  75.3 23215s
 12367366 6794466 6061.95524   47   47 6592.00000 5997.63550  9.02%  75.3 23221s
 12370358 6795657 6358.91315   78  116 6592.00000 5997.63656  9.02%  75.3 23225s
 12373176 6797367     cutoff   75      6592.00000 5997.63950  9.02%  75.3 23231s
 12375637 6798901 6094.61875   72   40 6592.00000 5997.64390  9.02%  75.3 23235s
 12379277 6800875 infeasible  122      6592.00000 5997.64828  9.02%  75.3 23241s
 12383274 6802544 6136.22032   67  151 6592.00000 5997.65259  9.02%  75.3 23246s
 12385120 6803575 6412.97613   75   35 6592.00000 5997.65441  9.02%  75.3 23250s
 12388249 6804968 6010.96046   64   60 6592.00000 5997.65820  9.02%  75.3 23255s
 12391858 6807345 6067.33333   80   20 6592.00000 5997.66251  9.02%  75.3 23260s
 12395140 6808465 6377.97299   94  218 6592.00000 5997.66475  9.02%  75.3 23266s
 12396033 6809722 6051.48587   56  108 6592.00000 5997.66598  9.02%  75.3 23270s
 12399508 6811226 6169.20131   60  204 6592.00000 5997.66819  9.02%  75.3 23276s
 12402001 6812422 6536.43154   70   96 6592.00000 5997.67178  9.02%  75.3 23280s
 12405571 6814899 6510.31725  155   90 6592.00000 5997.67425  9.02%  75.3 23286s
 12408460 6816034 6404.09579   96   61 6592.00000 5997.67723  9.02%  75.3 23290s
 12412529 6818371 6481.94920   86  237 6592.00000 5997.68140  9.02%  75.3 23295s
 12416059 6819943 6014.54472   57   69 6592.00000 5997.68406  9.02%  75.3 23300s
 12419367 6821914 6178.84996   58  211 6592.00000 5997.68678  9.02%  75.3 23306s
 12421755 6823150 6020.66609   94   84 6592.00000 5997.68874  9.02%  75.3 23310s
 12425943 6825353 infeasible   85      6592.00000 5997.69237  9.02%  75.3 23317s
 12429437 6827023 6337.48952   75   58 6592.00000 5997.69630  9.02%  75.3 23321s
 12431144 6828152 6238.04658   67  207 6592.00000 5997.69760  9.02%  75.3 23326s
 12432484 6828787 6301.73943   93   44 6592.00000 5997.69817  9.02%  75.3 23330s
 12436013 6830878 infeasible   58      6592.00000 5997.70250  9.02%  75.3 23336s
 12439041 6832291 6351.30706   67   75 6592.00000 5997.70571  9.02%  75.3 23341s
 12442015 6834034 5998.72551   62   33 6592.00000 5997.70880  9.02%  75.3 23345s
 12444311 6835243 infeasible   78      6592.00000 5997.71022  9.02%  75.3 23350s
 12449114 6837662 6028.99390   53   25 6592.00000 5997.71448  9.02%  75.3 23356s
 12451865 6839134 6282.46875   56   73 6592.00000 5997.71803  9.02%  75.3 23360s
 12456025 6841295 6089.46273  105   33 6592.00000 5997.72038  9.02%  75.3 23365s
 12459174 6842924 6192.45248   66  131 6592.00000 5997.72356  9.02%  75.3 23371s
 12461193 6844780 6440.47153   89   64 6592.00000 5997.72491  9.02%  75.3 23376s
 12464643 6846074 6240.10376   67  193 6592.00000 5997.72808  9.02%  75.3 23380s
 12467958 6847406 6083.20000   74   25 6592.00000 5997.73301  9.01%  75.3 23386s
 12471385 6849598 6095.64931   60   93 6592.00000 5997.73544  9.01%  75.3 23391s
 12474041 6850350 6012.81098  113   40 6592.00000 5997.73791  9.01%  75.3 23395s
 12475525 6851437 infeasible   76      6592.00000 5997.73962  9.01%  75.3 23400s
 12478122 6852785 6140.98062   56   50 6592.00000 5997.74231  9.01%  75.3 23406s
 12480587 6854571 6283.00000  109   33 6592.00000 5997.74546  9.01%  75.3 23411s
 12484554 6856199 infeasible   83      6592.00000 5997.74945  9.01%  75.2 23416s
 12486277 6857304 6120.36610   61  106 6592.00000 5997.75000  9.01%  75.3 23420s
 12489965 6859350 6202.43468   71   38 6592.00000 5997.75238  9.01%  75.2 23426s
 12492257 6860359 6260.94833   77   28 6592.00000 5997.75445  9.01%  75.2 23430s
 12495911 6862410 6053.62000   58    3 6592.00000 5997.75578  9.01%  75.2 23435s
 12497880 6863445 6225.80431   69  178 6592.00000 5997.75884  9.01%  75.2 23440s
 12501856 6865476 infeasible  144      6592.00000 5997.76457  9.01%  75.2 23446s
 12504367 6866900 6119.41669   66  169 6592.00000 5997.76471  9.01%  75.2 23450s
 12507484 6869082 6208.66294   75  124 6592.00000 5997.76616  9.01%  75.2 23456s
 12510389 6869930 6334.86113   62  142 6592.00000 5997.76923  9.01%  75.2 23460s
 12513616 6871837 infeasible   70      6592.00000 5997.77083  9.01%  75.2 23466s
 12516615 6874052 6189.76692  107   58 6592.00000 5997.77319  9.01%  75.2 23471s
 12520579 6875388 6214.29333   80   22 6592.00000 5997.77614  9.01%  75.2 23475s
 12523289 6876863 6027.98697   60  136 6592.00000 5997.77778  9.01%  75.2 23481s
 12525133 6878254 6348.11182   76  236 6592.00000 5997.78007  9.01%  75.2 23485s
 12528686 6879389 infeasible   53      6592.00000 5997.78289  9.01%  75.2 23491s
 12529518 6880392 6035.18699   59   95 6592.00000 5997.78420  9.01%  75.2 23495s
 12533022 6882331 6496.93277   95   98 6592.00000 5997.78799  9.01%  75.2 23501s
 12535864 6883794 6455.37824   70  227 6592.00000 5997.79160  9.01%  75.2 23505s
 12539287 6885580     cutoff   71      6592.00000 5997.79528  9.01%  75.2 23511s
 12543679 6888167 infeasible  148      6592.00000 5997.79765  9.01%  75.2 23516s
 12545719 6888995 6036.21167   55   18 6592.00000 5997.80000  9.01%  75.2 23520s
 12549221 6890952 6196.85714  124   30 6592.00000 5997.80257  9.01%  75.2 23525s
 12552756 6892752 infeasible  138      6592.00000 5997.80565  9.01%  75.2 23531s
 12555222 6893987 6429.94450   53   37 6592.00000 5997.80740  9.01%  75.2 23536s
 12558486 6895640 6365.21855   92  145 6592.00000 5997.81184  9.01%  75.2 23541s
 12562263 6897867 6324.97486   85  250 6592.00000 5997.81556  9.01%  75.2 23546s
 12565433 6899204 6089.92400   55   63 6592.00000 5997.81818  9.01%  75.2 23550s
 12568729 6900863 6003.05595   60  109 6592.00000 5997.81933  9.01%  75.2 23556s
 12570910 6902286 6007.44367   65   47 6592.00000 5997.82230  9.01%  75.2 23561s
 12574090 6903444 6220.87500   63   21 6592.00000 5997.82473  9.01%  75.2 23565s
 12575691 6904842 6204.72649  130   55 6592.00000 5997.82663  9.01%  75.2 23570s
 12579262 6907116 infeasible   69      6592.00000 5997.83119  9.01%  75.2 23577s
 12582354 6908174 6100.75417   57   20 6592.00000 5997.83315  9.01%  75.2 23581s
 12584561 6909147 6515.90379   71   66 6592.00000 5997.83333  9.01%  75.2 23585s
 12587762 6910960 6218.33790   81   40 6592.00000 5997.83433  9.01%  75.2 23591s
 12590205 6912219 6252.11349   65   58 6592.00000 5997.83832  9.01%  75.2 23595s
 12594220 6914635 6154.00428  113   28 6592.00000 5997.84247  9.01%  75.2 23601s
 12596855 6916436 6362.04014   97  144 6592.00000 5997.84375  9.01%  75.2 23605s
 12601985 6919341 6010.06684   70  105 6592.00000 5997.84600  9.01%  75.2 23611s
 12605431 6920625 6524.18802   63   23 6592.00000 5997.84783  9.01%  75.2 23616s
 12607013 6921836     cutoff   84      6592.00000 5997.85008  9.01%  75.2 23620s
 12611114 6924272 6191.57400   65   25 6592.00000 5997.85365  9.01%  75.2 23625s
 12614548 6926149 6002.33262   50   94 6592.00000 5997.85639  9.01%  75.2 23630s
 12618144 6927760 6343.15167   74  148 6592.00000 5997.86133  9.01%  75.2 23636s
 12620004 6927961 infeasible   72      6592.00000 5997.86370  9.01%  75.2 23640s
 12621233 6929161 6241.23466   68  269 6592.00000 5997.86485  9.01%  75.2 23645s
 12623394 6930160     cutoff   86      6592.00000 5997.86748  9.01%  75.2 23650s
 12626812 6931727 6241.21875   92   31 6592.00000 5997.87031  9.01%  75.2 23656s
 12628976 6933257 6535.95817   79   40 6592.00000 5997.87302  9.01%  75.2 23660s
 12631078 6934207 infeasible  105      6592.00000 5997.87480  9.01%  75.2 23665s
 12635062 6936827 6202.98414  119   17 6592.00000 5997.87935  9.01%  75.2 23671s
 12637956 6937727 6426.61647   73   63 6592.00000 5997.88216  9.01%  75.2 23675s
 12642167 6939860 6130.29353   71   98 6592.00000 5997.88646  9.01%  75.2 23681s
 12644359 6941083 6033.14352   77  101 6592.00000 5997.88850  9.01%  75.2 23685s
 12646655 6942607 infeasible  137      6592.00000 5997.89102  9.01%  75.2 23690s
 12650357 6944282 6345.98997   60  110 6592.00000 5997.89490  9.01%  75.2 23696s
 12652733 6945797 6360.86269   72  176 6592.00000 5997.89774  9.01%  75.2 23701s
 12655582 6946966 6000.04496   50   71 6592.00000 5997.89980  9.01%  75.2 23706s
 12658214 6948998 6004.41424   59  135 6592.00000 5997.90284  9.01%  75.2 23710s
 12662815 6950843 6108.66346   58  175 6592.00000 5997.90758  9.01%  75.2 23716s
 12665781 6952269 6461.94438  113  108 6592.00000 5997.91070  9.01%  75.2 23720s
 12667740 6953940 6471.23823  126   54 6592.00000 5997.91230  9.01%  75.2 23725s
 12671527 6956037 6439.22833  117   22 6592.00000 5997.91501  9.01%  75.2 23731s
 12675186 6957708 6150.41833   63   42 6592.00000 5997.91831  9.01%  75.2 23736s
 12677381 6959047 6022.53455   56   92 6592.00000 5997.91987  9.01%  75.2 23740s
 12681182 6961316 6317.19952   67   61 6592.00000 5997.92264  9.01%  75.1 23746s
 12682733 6961337 infeasible   54      6592.00000 5997.92312  9.01%  75.1 23751s
 12682794 6961644 6072.99187   60  173 6592.00000 5997.92352  9.01%  75.1 23756s
 12685018 6963198 6144.07822   57  250 6592.00000 5997.92513  9.01%  75.1 23761s
 12687776 6964580 6196.31785   65  238 6592.00000 5997.92747  9.01%  75.1 23765s
 12692303 6967247 6066.08631   70  213 6592.00000 5997.93295  9.01%  75.1 23771s
 12695689 6968773 6348.95642   66  216 6592.00000 5997.93352  9.01%  75.1 23775s
 12699406 6971490 infeasible  132      6592.00000 5997.93695  9.01%  75.1 23781s
 12702338 6972854 6009.74108   94   47 6592.00000 5997.93872  9.01%  75.1 23785s
 12705946 6974659     cutoff   71      6592.00000 5997.94191  9.01%  75.1 23790s
 12709140 6976503 infeasible   51      6592.00000 5997.94642  9.01%  75.1 23795s
 12712931 6978242     cutoff   62      6592.00000 5997.95083  9.01%  75.1 23800s
 12716148 6980254     cutoff   89      6592.00000 5997.95406  9.01%  75.1 23805s
 12720577 6982479 6046.59117   53   52 6592.00000 5997.95860  9.01%  75.1 23811s
 12723405 6984077 6465.15890  115  159 6592.00000 5997.96071  9.01%  75.1 23815s
 12726749 6985807 6215.54720   72   67 6592.00000 5997.96405  9.01%  75.1 23820s
 12730152 6987382     cutoff   63      6592.00000 5997.96662  9.01%  75.1 23825s
 12732757 6989028 6321.72000   75    9 6592.00000 5997.97000  9.01%  75.1 23831s
 12735525 6990489 6148.09601   63  209 6592.00000 5997.97139  9.01%  75.1 23835s
 12737951 6992060 6003.21063   78  106 6592.00000 5997.97502  9.01%  75.1 23840s
 12741707 6993550 6097.87092   59  175 6592.00000 5997.97893  9.01%  75.1 23846s
 12743714 6995177 6353.68388   65  194 6592.00000 5997.98020  9.01%  75.1 23851s
 12746666 6996653     cutoff  107      6592.00000 5997.98333  9.01%  75.1 23855s
 12751220 6998857 infeasible   92      6592.00000 5997.98914  9.01%  75.1 23861s
 12753549 7000113 6267.59354   59   75 6592.00000 5997.99077  9.01%  75.1 23865s
 12756221 7001917 6419.70169   86  170 6592.00000 5997.99354  9.01%  75.1 23870s
 12759843 7003616 6170.45702   83   83 6592.00000 5997.99586  9.01%  75.1 23875s
 12763359 7005419     cutoff   83      6592.00000 5997.99954  9.01%  75.1 23881s
 12765018 7006060 6213.99835   62  275 6592.00000 5998.00000  9.01%  75.1 23886s
 12766564 7006713 6362.98345   83  149 6592.00000 5998.00000  9.01%  75.1 23890s
 12769617 7008257 6151.79667   64   23 6592.00000 5998.00000  9.01%  75.1 23897s
 12771092 7009305 6353.37952   53   56 6592.00000 5998.00000  9.01%  75.1 23901s
 12773075 7010195 6006.59666   46   75 6592.00000 5998.00000  9.01%  75.1 23907s
 12774318 7010793 6491.22146   75  183 6592.00000 5998.00000  9.01%  75.1 23910s
 12777186 7012136 6145.96313   58  232 6592.00000 5998.00000  9.01%  75.1 23916s
 12779367 7013559 6056.60979   59  200 6592.00000 5998.00000  9.01%  75.1 23922s
 12782759 7014975 6358.60167   63   13 6592.00000 5998.00000  9.01%  75.1 23927s
 12783679 7015145 6232.28356   70  282 6592.00000 5998.00000  9.01%  75.1 23930s
 12785023 7016323     cutoff   65      6592.00000 5998.00000  9.01%  75.1 23936s
 12788155 7017790 6370.50242   72   61 6592.00000 5998.00000  9.01%  75.1 23942s
 12790321 7018914     cutoff   57      6592.00000 5998.00000  9.01%  75.1 23947s
 12792518 7019929 6141.96445   66  254 6592.00000 5998.00000  9.01%  75.1 23951s
 12793662 7020605 6008.87452   60   68 6592.00000 5998.00000  9.01%  75.1 23957s
 12794779 7021166 6187.80625   66   45 6592.00000 5998.00000  9.01%  75.1 23960s
 12797086 7022303 6404.36661   64  248 6592.00000 5998.00000  9.01%  75.1 23966s
 12800017 7023755 6371.94282   73  227 6592.00000 5998.00000  9.01%  75.1 23972s
 12801157 7024372 infeasible   82      6592.00000 5998.00000  9.01%  75.1 23975s
 12803905 7025757 6123.20000   57   78 6592.00000 5998.00000  9.01%  75.1 23981s
 12805947 7026689 6013.90278   57   50 6592.00000 5998.00000  9.01%  75.1 23986s
 12808820 7028255 6174.04151   64  188 6592.00000 5998.00000  9.01%  75.1 23991s
 12810825 7029651 6248.66801   73  199 6592.00000 5998.00000  9.01%  75.1 23997s
 12812667 7030176 6078.14270   68  109 6592.00000 5998.00000  9.01%  75.2 24000s
 12814676 7031341 infeasible   66      6592.00000 5998.00000  9.01%  75.2 24005s
 12816943 7032849     cutoff   68      6592.00000 5998.00000  9.01%  75.2 24011s
 12819746 7033922 6443.65495   62   66 6592.00000 5998.00000  9.01%  75.2 24016s
 12822095 7035339 6301.76700   58   75 6592.00000 5998.00000  9.01%  75.2 24021s
 12824360 7036614 6198.07843   79   85 6592.00000 5998.00000  9.01%  75.2 24026s
 12826767 7037279 6012.36418   48   81 6592.00000 5998.00000  9.01%  75.2 24031s
 12826782 7043823 6028.13395   49   88 6592.00000 5998.00000  9.01%  75.2 24052s
 12838782 7044682 6408.76929  151   38 6592.00000 5998.01000  9.01%  75.2 24055s
 12840481 7045487 infeasible   93      6592.00000 5998.01239  9.01%  75.2 24060s
 12843739 7047454 6267.29875   73   40 6592.00000 5998.01631  9.01%  75.2 24065s
 12848637 7049488 6223.73250   61   25 6592.00000 5998.02000  9.01%  75.2 24071s
 12851152 7050918 6025.32250   62   18 6592.00000 5998.02375  9.01%  75.2 24076s
 12853324 7052120     cutoff   70      6592.00000 5998.02667  9.01%  75.2 24080s
 12857471 7054710 infeasible   83      6592.00000 5998.02957  9.01%  75.2 24085s
 12861821 7057046 6249.16000   58   10 6592.00000 5998.03300  9.01%  75.1 24091s
 12866040 7059259 6033.61538   57   31 6592.00000 5998.03687  9.01%  75.1 24096s
 12869449 7061192 6072.18288   77  111 6592.00000 5998.03872  9.01%  75.1 24100s
 12872289 7062608 6207.29695  121   53 6592.00000 5998.04031  9.01%  75.1 24106s
 12874449 7064078 6086.22479  118   39 6592.00000 5998.04053  9.01%  75.1 24110s
 12877638 7065858 6334.59140   90   68 6592.00000 5998.04428  9.01%  75.1 24115s
 12881910 7068246 6309.30703   70   43 6592.00000 5998.04722  9.01%  75.1 24121s
 12884843 7069668 6284.48952   72  137 6592.00000 5998.05023  9.01%  75.1 24125s
 12888442 7071815     cutoff   67      6592.00000 5998.05273  9.01%  75.1 24131s
 12892084 7073783 6219.25876   75   71 6592.00000 5998.05750  9.01%  75.1 24136s
 12893325 7074079 6440.77490  109   83 6592.00000 5998.05813  9.01%  75.1 24140s
 12896381 7075983 infeasible   59      6592.00000 5998.06173  9.01%  75.1 24146s
 12899279 7077875 6482.18750   82   25 6592.00000 5998.06402  9.01%  75.1 24150s
 12903024 7079665 6172.54396   62  195 6592.00000 5998.06798  9.01%  75.1 24156s
 12905716 7081346     cutoff   69      6592.00000 5998.06952  9.01%  75.1 24160s
 12909664 7083440 infeasible  114      6592.00000 5998.07309  9.01%  75.1 24166s
 12913151 7085537 6090.49105   85   55 6592.00000 5998.07588  9.01%  75.1 24171s
 12916800 7087744 6286.73621  109   89 6592.00000 5998.07965  9.01%  75.1 24176s
 12919626 7089183 6000.67174  138   57 6592.00000 5998.08174  9.01%  75.1 24181s
 12922196 7090185     cutoff   75      6592.00000 5998.08425  9.01%  75.1 24185s
 12925898 7092159 6476.54695   70   53 6592.00000 5998.08750  9.01%  75.1 24191s
 12928314 7093520     cutoff   72      6592.00000 5998.08883  9.01%  75.1 24195s
 12931686 7095328 infeasible   76      6592.00000 5998.09363  9.01%  75.1 24201s
 12935517 7097274 infeasible   76      6592.00000 5998.09703  9.01%  75.1 24206s
 12939001 7099196 6003.29116  113   71 6592.00000 5998.09849  9.01%  75.1 24210s
 12942753 7101095 6089.00000   56    4 6592.00000 5998.10000  9.01%  75.1 24215s
 12944091 7101641 6059.33111   61  183 6592.00000 5998.10138  9.01%  75.1 24220s
 12946568 7102818 infeasible   97      6592.00000 5998.10391  9.01%  75.1 24226s
 12948414 7104369 6093.16405  105   37 6592.00000 5998.10541  9.01%  75.1 24230s
 12952247 7106180 6221.65129   77  173 6592.00000 5998.10798  9.01%  75.1 24235s
 12955454 7107866 6111.78000   59   29 6592.00000 5998.11046  9.01%  75.1 24241s
 12958022 7109350 infeasible   83      6592.00000 5998.11235  9.01%  75.1 24246s
 12960976 7110667 6107.89295   58   23 6592.00000 5998.11545  9.01%  75.1 24250s
 12964546 7112654 6166.61833   58   36 6592.00000 5998.11768  9.01%  75.1 24255s
 12968467 7114783 6232.77308   65   82 6592.00000 5998.12155  9.01%  75.1 24261s
 12970867 7116031 6116.00000   48   36 6592.00000 5998.12344  9.01%  75.1 24265s
 12975022 7118625 6277.96581   63  217 6592.00000 5998.12900  9.01%  75.0 24271s
 12978277 7120154 6148.22621   73  117 6592.00000 5998.13043  9.01%  75.0 24276s
 12980511 7121668 6404.05250   66   11 6592.00000 5998.13315  9.01%  75.0 24280s
 12984582 7123504 6003.51136   57   56 6592.00000 5998.13652  9.01%  75.0 24285s
 12987867 7125441 6526.62474   90  141 6592.00000 5998.14008  9.01%  75.0 24290s
 12991069 7126870 infeasible   83      6592.00000 5998.14286  9.01%  75.0 24296s
 12993488 7128436     cutoff   68      6592.00000 5998.14535  9.01%  75.0 24300s
 12997005 7129520 6355.24250   82   17 6592.00000 5998.14845  9.01%  75.0 24306s
 12997304 7130187 6333.25253   81   55 6592.00000 5998.14845  9.01%  75.0 24310s
 13000989 7132285 6202.65290   57  140 6592.00000 5998.15261  9.01%  75.0 24317s
 13003157 7133521     cutoff   66      6592.00000 5998.15392  9.01%  75.0 24321s
 13005953 7134739 6016.65185   57  116 6592.00000 5998.15727  9.01%  75.0 24325s
 13009458 7136891 6289.10109   74  159 6592.00000 5998.16000  9.01%  75.0 24331s
 13012278 7137880 6090.74356  106   41 6592.00000 5998.16367  9.01%  75.0 24336s
 13015156 7139902 6408.04949  108   64 6592.00000 5998.16502  9.01%  75.0 24341s
 13018158 7141023 6058.18384   56  179 6592.00000 5998.16869  9.01%  75.0 24345s
 13020522 7142634 6294.08616   68  153 6592.00000 5998.17246  9.01%  75.0 24350s
 13024233 7144545 6309.03689   63   61 6592.00000 5998.17660  9.01%  75.0 24356s
 13025731 7144911     cutoff   90      6592.00000 5998.17739  9.01%  75.0 24361s
 13027828 7146282 6301.07304   67  200 6592.00000 5998.17905  9.01%  75.0 24365s
 13030461 7148096 6444.02020   57  158 6592.00000 5998.18229  9.01%  75.0 24370s
 13034636 7149971 6067.60000   51   76 6592.00000 5998.18519  9.01%  75.0 24375s
 13038538 7151678 6396.70500   60   21 6592.00000 5998.18827  9.01%  75.0 24380s
 13042112 7153469 6094.49319   50  251 6592.00000 5998.19207  9.01%  75.0 24385s
 13044998 7154749 6129.25586   52  220 6592.00000 5998.19508  9.01%  75.0 24390s
 13048823 7156598 6030.20022   74  185 6592.00000 5998.19968  9.01%  75.0 24395s
 13052689 7158725 6036.16929   96   94 6592.00000 5998.20208  9.01%  75.0 24401s
 13055253 7160231 6101.41890   52   24 6592.00000 5998.20505  9.01%  75.0 24406s
 13057348 7161446 6393.95422   75   67 6592.00000 5998.20651  9.01%  75.0 24410s
 13061189 7163123 6089.17270   60   53 6592.00000 5998.21096  9.01%  75.0 24416s
 13061216 7163186 6083.24000   60   18 6592.00000 5998.21096  9.01%  75.0 24421s
 13062257 7164363 6130.64975   59  198 6592.00000 5998.21136  9.01%  75.0 24425s
 13065570 7166119 6000.91667   49   41 6592.00000 5998.21429  9.01%  75.0 24431s
 13068519 7167714     cutoff   79      6592.00000 5998.21556  9.01%  75.0 24435s
 13072241 7169900 6036.75500   50   70 6592.00000 5998.22032  9.01%  75.0 24441s
 13074954 7171426     cutoff   47      6592.00000 5998.22320  9.01%  75.0 24445s
 13078756 7173068 6036.32565   58   50 6592.00000 5998.22747  9.01%  75.0 24451s
 13081413 7174499 6317.06570   69  154 6592.00000 5998.23070  9.01%  75.0 24455s
 13085379 7176530 infeasible   87      6592.00000 5998.23512  9.01%  75.0 24461s
 13088571 7178280 6295.51131   75   22 6592.00000 5998.23711  9.01%  75.0 24466s
 13091288 7179806 6009.43472   71   45 6592.00000 5998.23960  9.01%  75.0 24470s
 13094241 7181494 6361.82487   60   38 6592.00000 5998.24153  9.01%  75.0 24476s
 13097280 7183064 6090.89654  136   40 6592.00000 5998.24406  9.01%  75.0 24480s
 13100834 7184851     cutoff   82      6592.00000 5998.24788  9.01%  75.0 24485s
 13104306 7186804 6096.49938   54   65 6592.00000 5998.25089  9.01%  75.0 24491s
 13106839 7187999     cutoff   73      6592.00000 5998.25213  9.01%  75.0 24496s
 13111172 7190137 6095.88840   70  105 6592.00000 5998.25538  9.01%  75.0 24501s
 13113869 7191346 infeasible   67      6592.00000 5998.25874  9.01%  75.0 24505s
 13117362 7193307 6284.46446  127   36 6592.00000 5998.26157  9.01%  75.0 24510s
 13120069 7194577 6339.95215   71   54 6592.00000 5998.26310  9.01%  75.0 24515s
 13124030 7196829 6099.00759   72   40 6592.00000 5998.26740  9.01%  75.0 24521s
 13126521 7198101 6271.06430   87  185 6592.00000 5998.27013  9.01%  75.0 24525s
 13130741 7200609 infeasible   63      6592.00000 5998.27536  9.01%  74.9 24531s
 13133536 7201928 6200.49331   64  148 6592.00000 5998.27754  9.01%  74.9 24535s
 13137192 7203505 6448.79516   73  215 6592.00000 5998.27997  9.01%  74.9 24540s
 13139287 7204892 6130.52285   73  113 6592.00000 5998.28198  9.01%  74.9 24545s
 13143279 7207398 6553.89981  181   49 6592.00000 5998.28482  9.01%  74.9 24550s
 13146727 7209357     cutoff   68      6592.00000 5998.28750  9.01%  74.9 24556s
 13150523 7211415 6448.77500  127   21 6592.00000 5998.28900  9.01%  74.9 24560s
 13153437 7213214 6299.49859   90   79 6592.00000 5998.29141  9.01%  74.9 24565s
 13156800 7215377     cutoff   59      6592.00000 5998.29428  9.01%  74.9 24571s
 13159719 7216738 6199.23442   77  209 6592.00000 5998.29622  9.01%  74.9 24575s
 13163177 7218353 6267.20241   61  185 6592.00000 5998.30075  9.01%  74.9 24581s
 13165934 7219577 6293.96626   55  246 6592.00000 5998.30555  9.01%  74.9 24585s
 13168696 7221096 6301.00274   68  202 6592.00000 5998.30747  9.01%  74.9 24591s
 13171442 7222685 6101.21000   64   23 6592.00000 5998.31000  9.01%  74.9 24595s
 13176056 7224983 6011.50233   62   97 6592.00000 5998.31336  9.01%  74.9 24601s
 13179351 7226997 6002.05006   61   48 6592.00000 5998.31544  9.01%  74.9 24605s
 13182144 7228702 6079.28473   79   54 6592.00000 5998.31843  9.01%  74.9 24610s
 13185084 7230367 6091.45862  104   57 6592.00000 5998.32053  9.01%  74.9 24615s
 13187885 7232064     cutoff   77      6592.00000 5998.32453  9.01%  74.9 24621s
 13189902 7232887 6081.46602   57  142 6592.00000 5998.32561  9.01%  74.9 24626s
 13192075 7234573 6109.04555   70  108 6592.00000 5998.32823  9.01%  74.9 24631s
 13196157 7236190 6277.70994   59  265 6592.00000 5998.33098  9.01%  74.9 24636s
 13198814 7238051 6055.05959   49  101 6592.00000 5998.33333  9.01%  74.9 24641s
 13201253 7239021 6046.27131   61   74 6592.00000 5998.33483  9.01%  74.9 24645s
 13205164 7241231 6289.11082   74   33 6592.00000 5998.33897  9.01%  74.9 24650s
 13209228 7243121 6125.02233   72  126 6592.00000 5998.34341  9.01%  74.9 24656s
 13211402 7244470 6539.71566   83  183 6592.00000 5998.34609  9.01%  74.9 24661s
 13213930 7245801 6042.72072   62   96 6592.00000 5998.34875  9.01%  74.9 24665s
 13218522 7248363 6170.47558   59  175 6592.00000 5998.35235  9.01%  74.9 24671s
 13221142 7249535     cutoff   59      6592.00000 5998.35464  9.01%  74.9 24675s
 13224116 7251186 6425.00000   61   54 6592.00000 5998.35813  9.01%  74.9 24680s
 13226444 7252737 6343.12586   89  150 6592.00000 5998.35980  9.01%  74.9 24685s
 13230677 7254736 6219.27836   69   64 6592.00000 5998.36362  9.01%  74.9 24691s
 13233117 7255899     cutoff   64      6592.00000 5998.36525  9.01%  74.9 24695s
 13235300 7257093 6425.61524   69   72 6592.00000 5998.36663  9.01%  74.9 24700s
 13237164 7257622 6249.71460   81  244 6592.00000 5998.36727  9.01%  74.9 24705s
 13239222 7259268 6019.81167   55   29 6592.00000 5998.36942  9.01%  74.9 24710s
 13243934 7261460 6387.77500   58    6 6592.00000 5998.37357  9.01%  74.9 24716s
 13246041 7263024 6198.30417   73   11 6592.00000 5998.37571  9.01%  74.9 24720s
 13249751 7264301     cutoff   78      6592.00000 5998.37904  9.01%  74.9 24725s
 13252048 7265599 6399.12373  123   94 6592.00000 5998.38095  9.01%  74.9 24731s
 13254340 7267217     cutoff   60      6592.00000 5998.38251  9.01%  74.9 24735s
 13258423 7269637 6524.87527  120   46 6592.00000 5998.38672  9.01%  74.9 24740s
 13261314 7270916 infeasible   96      6592.00000 5998.38814  9.01%  74.8 24745s
 13264929 7272663 6102.13905   61  124 6592.00000 5998.39111  9.00%  74.8 24751s
 13268350 7274491     cutoff   87      6592.00000 5998.39299  9.00%  74.8 24755s
 13271766 7276177 6417.76764   75  232 6592.00000 5998.39713  9.00%  74.8 24761s
 13275142 7277934 6505.92550   92  271 6592.00000 5998.40100  9.00%  74.8 24766s
 13277116 7278942     cutoff   61      6592.00000 5998.40233  9.00%  74.8 24770s
 13281182 7281136 6502.39259   73  247 6592.00000 5998.40528  9.00%  74.8 24775s
 13285268 7283093 6203.74500   71   21 6592.00000 5998.40977  9.00%  74.8 24781s
 13288198 7285226 6099.24115   71   80 6592.00000 5998.41160  9.00%  74.8 24786s
 13291998 7286782 5999.69644   93   56 6592.00000 5998.41517  9.00%  74.8 24791s
 13293657 7288086 infeasible   68      6592.00000 5998.41760  9.00%  74.8 24795s
 13297165 7289702 6269.01367   56   49 6592.00000 5998.42073  9.00%  74.8 24800s
 13300929 7291943 6019.17050   90   71 6592.00000 5998.42379  9.00%  74.8 24806s
 13302204 7291954 6391.83667   55   27 6592.00000 5998.42555  9.00%  74.8 24810s
 13302232 7291969 6371.50667   57   23 6592.00000 5998.42555  9.00%  74.8 24815s
 13303574 7293341 6141.66838   66  274 6592.00000 5998.42692  9.00%  74.8 24820s
 13305887 7294602 6082.32283   63  150 6592.00000 5998.42857  9.00%  74.8 24825s
 13309152 7296161 infeasible   80      6592.00000 5998.43138  9.00%  74.8 24830s
 13313037 7298427     cutoff  122      6592.00000 5998.43657  9.00%  74.8 24836s
 13315826 7299677 6001.33333   57   15 6592.00000 5998.43949  9.00%  74.8 24841s
 13319115 7301711 6146.93637   60  205 6592.00000 5998.44083  9.00%  74.8 24845s
 13322816 7303773 6241.83309   50   78 6592.00000 5998.44566  9.00%  74.8 24852s
 13325504 7305519     cutoff   78      6592.00000 5998.44750  9.00%  74.8 24855s
 13329619 7307441 6552.02666   81   81 6592.00000 5998.45150  9.00%  74.8 24861s
 13332338 7309015 6461.15438  132   55 6592.00000 5998.45432  9.00%  74.8 24865s
 13335983 7311048 6456.16160  135   56 6592.00000 5998.45833  9.00%  74.8 24871s
 13338221 7312625 6379.85224   68  176 6592.00000 5998.46020  9.00%  74.8 24875s
 13341998 7314558 6087.05547   57  116 6592.00000 5998.46490  9.00%  74.8 24881s
 13344810 7316005 6514.14749   71   86 6592.00000 5998.46705  9.00%  74.8 24885s
 13349803 7318815 infeasible   58      6592.00000 5998.46939  9.00%  74.8 24891s
 13353188 7320482 6372.75017   92  163 6592.00000 5998.47059  9.00%  74.8 24896s
 13355206 7321527 6262.59441   65  273 6592.00000 5998.47259  9.00%  74.8 24900s
 13358963 7323528 6068.98232   52   71 6592.00000 5998.47589  9.00%  74.8 24906s
 13361489 7324773 6182.43105   64   94 6592.00000 5998.47791  9.00%  74.8 24910s
 13365205 7326495 6087.41026   56   27 6592.00000 5998.48080  9.00%  74.8 24915s
 13368568 7328908 6146.56256   64  186 6592.00000 5998.48401  9.00%  74.8 24921s
 13371650 7329831 6441.94028   69  221 6592.00000 5998.48698  9.00%  74.8 24925s
 13375726 7332184 infeasible   73      6592.00000 5998.48927  9.00%  74.8 24931s
 13378599 7333331     cutoff   67      6592.00000 5998.49119  9.00%  74.8 24935s
 13381981 7335483 6369.00000   77   28 6592.00000 5998.49395  9.00%  74.8 24941s
 13385009 7337105 6447.41275   62  200 6592.00000 5998.49707  9.00%  74.8 24946s
 13387433 7338602 6408.94404   93  205 6592.00000 5998.49953  9.00%  74.8 24950s
 13390023 7340021 6210.32968   80  158 6592.00000 5998.50076  9.00%  74.8 24956s
 13392389 7341805 6416.17089  115   48 6592.00000 5998.50260  9.00%  74.8 24960s
 13396740 7343728     cutoff   88      6592.00000 5998.50629  9.00%  74.7 24965s
 13399534 7345165 6383.35167   67   66 6592.00000 5998.50874  9.00%  74.7 24970s
 13403017 7347050 6057.20411   66  160 6592.00000 5998.51215  9.00%  74.7 24975s
 13406292 7348522 6022.14848   67   78 6592.00000 5998.51614  9.00%  74.7 24981s
 13410062 7350491 6129.01221   77   47 6592.00000 5998.52000  9.00%  74.7 24987s
 13413062 7351859 6010.56462   78   50 6592.00000 5998.52203  9.00%  74.7 24991s
 13414971 7353168 6283.60817   51  284 6592.00000 5998.52410  9.00%  74.7 24995s
 13418843 7354941 6487.32218   52  245 6592.00000 5998.52748  9.00%  74.7 25000s
 13422447 7356647 6322.04726   53  200 6592.00000 5998.53051  9.00%  74.7 25006s
 13424380 7357583 6154.58601   61  184 6592.00000 5998.53287  9.00%  74.7 25010s
 13428281 7358992 6057.90993   57   91 6592.00000 5998.53702  9.00%  74.7 25016s
 13428439 7363715 6060.24067   58   92 6592.00000 5998.53702  9.00%  74.7 25032s
 13437656 7364553 6401.19757   77   97 6592.00000 5998.54437  9.00%  74.7 25035s
 13442977 7367128 6299.85716   90   75 6592.00000 5998.54971  9.00%  74.7 25042s
 13445111 7368342     cutoff   59      6592.00000 5998.55280  9.00%  74.7 25046s
 13447897 7369674 6132.90515   80  163 6592.00000 5998.55406  9.00%  74.7 25050s
 13451113 7371784 6126.20909   66   10 6592.00000 5998.55642  9.00%  74.7 25056s
 13453677 7373428 6236.80298   77   44 6592.00000 5998.55939  9.00%  74.7 25060s
 13457515 7374870 6250.43967   92   59 6592.00000 5998.56233  9.00%  74.7 25066s
 13461135 7376848 6103.28235   54   39 6592.00000 5998.56527  9.00%  74.7 25071s
 13464074 7378081 6499.77055  123   25 6592.00000 5998.57000  9.00%  74.7 25076s
 13466572 7380278 6415.63948  100  133 6592.00000 5998.57250  9.00%  74.7 25082s
 13469006 7380950     cutoff   74      6592.00000 5998.57446  9.00%  74.7 25085s
 13473722 7383434 6044.25000   71   87 6592.00000 5998.57769  9.00%  74.7 25091s
 13475122 7384318 6090.41481  106   63 6592.00000 5998.57941  9.00%  74.7 25096s
 13477518 7385336 6348.69837   59  231 6592.00000 5998.58138  9.00%  74.7 25100s
 13481434 7387325 6409.63025   68  157 6592.00000 5998.58503  9.00%  74.7 25106s
 13484738 7388947 6466.78239   98  153 6592.00000 5998.58797  9.00%  74.7 25110s
 13487283 7390574 6458.51967   80   98 6592.00000 5998.59041  9.00%  74.7 25115s
 13490781 7392421 6038.16689  123   42 6592.00000 5998.59296  9.00%  74.7 25120s
 13494176 7394696 6477.06092   74  193 6592.00000 5998.59698  9.00%  74.7 25125s
 13497881 7396367 6328.01473   95   90 6592.00000 5998.59940  9.00%  74.7 25130s
 13500392 7397803 6484.12702   64  259 6592.00000 5998.59948  9.00%  74.7 25135s
 13504880 7400016 6118.51262   64  105 6592.00000 5998.60454  9.00%  74.7 25140s
 13507919 7401711     cutoff   82      6592.00000 5998.60688  9.00%  74.7 25146s
 13510701 7403077 6517.29764   78  188 6592.00000 5998.60986  9.00%  74.7 25150s
 13514645 7405417 6283.22577  101   82 6592.00000 5998.61340  9.00%  74.7 25155s
 13518216 7407500     cutoff   78      6592.00000 5998.61525  9.00%  74.7 25161s
 13521413 7408954 6126.61474   68   66 6592.00000 5998.61648  9.00%  74.7 25165s
 13524681 7410586 6411.00000   74  131 6592.00000 5998.62104  9.00%  74.7 25170s
 13527326 7411838 infeasible   82      6592.00000 5998.62228  9.00%  74.7 25176s
 13529619 7413088 6430.18235   83   19 6592.00000 5998.62398  9.00%  74.7 25180s
 13533291 7415273 6152.49638   72   52 6592.00000 5998.62767  9.00%  74.7 25186s
 13535925 7416486 6142.14380   81  198 6592.00000 5998.62986  9.00%  74.7 25190s
 13537023 7417429 6016.40015   57  109 6592.00000 5998.63138  9.00%  74.7 25195s
 13540101 7419047 6125.95211   70  181 6592.00000 5998.63412  9.00%  74.7 25200s
 13544315 7420736 6304.30723   57   96 6592.00000 5998.63750  9.00%  74.7 25206s
 13546520 7422076 6121.31303   58   68 6592.00000 5998.63924  9.00%  74.7 25211s
 13549455 7423669 6425.84423  152   34 6592.00000 5998.64260  9.00%  74.7 25215s
 13552314 7425291 6177.68173  105   92 6592.00000 5998.64493  9.00%  74.7 25220s
 13556440 7427137 6043.00000   65   33 6592.00000 5998.64805  9.00%  74.7 25226s
 13558618 7428899 6017.41941  130   46 6592.00000 5998.65027  9.00%  74.7 25230s
 13563249 7430971 6165.35198   53  121 6592.00000 5998.65479  9.00%  74.6 25236s
 13566762 7432889     cutoff   69      6592.00000 5998.65708  9.00%  74.6 25241s
 13570406 7434644 6222.29630   68   67 6592.00000 5998.66023  9.00%  74.6 25246s
 13572374 7436033 6415.69880  139   11 6592.00000 5998.66173  9.00%  74.6 25250s
 13576201 7438065 6244.51066   63  291 6592.00000 5998.66519  9.00%  74.6 25256s
 13579047 7439637 6215.88183   55  187 6592.00000 5998.66750  9.00%  74.6 25260s
 13582512 7441889 6100.94102   81  109 6592.00000 5998.67102  9.00%  74.6 25266s
 13587077 7443398 6474.73356  148  159 6592.00000 5998.67314  9.00%  74.6 25271s
 13587378 7444083 6097.55667   59    6 6592.00000 5998.67314  9.00%  74.6 25275s
 13590355 7445773 6446.72805   59  121 6592.00000 5998.67611  9.00%  74.6 25281s
 13592782 7446828 6099.18825   96   87 6592.00000 5998.67876  9.00%  74.6 25286s
 13595172 7448233 infeasible   97      6592.00000 5998.68015  9.00%  74.6 25290s
 13599970 7451066 6211.41888  125   40 6592.00000 5998.68333  9.00%  74.6 25296s
 13603285 7452307 6145.47221   78   51 6592.00000 5998.68466  9.00%  74.6 25300s
 13606857 7454400 6356.61272   68  159 6592.00000 5998.68865  9.00%  74.6 25305s
 13611253 7456726 6081.82422   65   67 6592.00000 5998.69199  9.00%  74.6 25310s
 13615502 7459013 6103.54033   73   29 6592.00000 5998.69463  9.00%  74.6 25315s
 13618315 7460597 infeasible   81      6592.00000 5998.69530  9.00%  74.6 25320s
 13621393 7462273 6478.73695   63  205 6592.00000 5998.69688  9.00%  74.6 25325s
 13624826 7464036 6114.07792   54   57 6592.00000 5998.69977  9.00%  74.6 25330s
 13628565 7466419     cutoff   77      6592.00000 5998.70176  9.00%  74.6 25336s
 13632055 7467732 6207.37768  136   44 6592.00000 5998.70357  9.00%  74.6 25340s
 13635014 7469542 infeasible   75      6592.00000 5998.70674  9.00%  74.6 25345s
 13638368 7471063 6358.99702   89   75 6592.00000 5998.71002  9.00%  74.6 25351s
 13641927 7473223     cutoff   75      6592.00000 5998.71247  9.00%  74.6 25357s
 13644143 7474394     cutoff   60      6592.00000 5998.71506  9.00%  74.6 25361s
 13647333 7475444 6024.62550   63  135 6592.00000 5998.71735  9.00%  74.6 25365s
 13648349 7476604 6357.41509   77  224 6592.00000 5998.71776  9.00%  74.6 25370s
 13651887 7478136 6026.46950   54  210 6592.00000 5998.72188  9.00%  74.6 25376s
 13653765 7479725 6469.59317   78  224 6592.00000 5998.72395  9.00%  74.6 25380s
 13656683 7481091 6165.75956   61   85 6592.00000 5998.72671  9.00%  74.6 25385s
 13660473 7483531 6240.47418   68  222 6592.00000 5998.73030  9.00%  74.6 25391s
 13663280 7484668 6426.69454   62  278 6592.00000 5998.73221  9.00%  74.6 25396s
 13665618 7486569 6209.00000   65   20 6592.00000 5998.73333  9.00%  74.6 25401s
 13668868 7488168     cutoff   61      6592.00000 5998.73500  9.00%  74.6 25405s
 13671891 7489819 6001.00000   58   14 6592.00000 5998.73942  9.00%  74.6 25410s
 13675865 7491488 6112.46368   89   59 6592.00000 5998.74202  9.00%  74.6 25415s
 13677860 7492750 6274.20000   67   16 6592.00000 5998.74489  9.00%  74.6 25420s
 13681453 7495126 6526.00000   90   11 6592.00000 5998.74750  9.00%  74.6 25426s
 13684556 7496426 6406.30085   55  175 6592.00000 5998.75000  9.00%  74.6 25430s
 13688139 7498091 6341.23370   82  245 6592.00000 5998.75248  9.00%  74.6 25436s
 13691811 7500147 6381.19166   61   92 6592.00000 5998.75730  9.00%  74.6 25441s
 13694780 7501674 6362.75000   69   23 6592.00000 5998.75886  9.00%  74.6 25445s
 13698645 7504027 6410.23615   90   31 6592.00000 5998.76190  9.00%  74.6 25451s
 13701631 7505660 6500.33217   71  107 6592.00000 5998.76316  9.00%  74.6 25455s
 13704930 7507443 6417.21027   58  105 6592.00000 5998.76643  9.00%  74.6 25461s
 13707141 7508940 6438.88370  114   34 6592.00000 5998.76803  9.00%  74.6 25465s
 13710709 7509826 6207.50865   68  258 6592.00000 5998.76923  9.00%  74.5 25471s
 13710725 7509831 6241.16583   69  252 6592.00000 5998.76923  9.00%  74.5 25475s
 13711791 7511195 6092.00000   58   52 6592.00000 5998.76941  9.00%  74.5 25481s
 13714284 7512536 6295.97747   74  218 6592.00000 5998.77083  9.00%  74.5 25485s
 13717639 7514288     cutoff   70      6592.00000 5998.77500  9.00%  74.5 25492s
 13720349 7515577 6384.62202   78  171 6592.00000 5998.77734  9.00%  74.5 25496s
 13722738 7516941 6435.75821   80  126 6592.00000 5998.77891  9.00%  74.5 25500s
 13725893 7518854 infeasible   66      6592.00000 5998.78191  9.00%  74.5 25506s
 13729020 7520544 6383.63425  123   96 6592.00000 5998.78518  9.00%  74.5 25510s
 13731419 7521722     cutoff   66      6592.00000 5998.78677  9.00%  74.5 25515s
 13735421 7524413 6203.34862   82  252 6592.00000 5998.78908  9.00%  74.5 25521s
 13739782 7525828 6397.80284  113  189 6592.00000 5998.79235  9.00%  74.5 25526s
 13741788 7527458 6321.87470   69  265 6592.00000 5998.79414  9.00%  74.5 25531s
 13744410 7529052 6386.99495   99  164 6592.00000 5998.79583  9.00%  74.5 25535s
 13748507 7530977 6262.57888   63   63 6592.00000 5998.79906  9.00%  74.5 25540s
 13751580 7532639 6092.41204   67  140 6592.00000 5998.80217  9.00%  74.5 25545s
 13754839 7535006 6478.49411   61  170 6592.00000 5998.80415  9.00%  74.5 25553s
 13756863 7535981 6086.32410   73   52 6592.00000 5998.80527  9.00%  74.5 25555s
 13761345 7537958 6129.76471   61   44 6592.00000 5998.80769  9.00%  74.5 25561s
 13763554 7539377 6085.67600   81   28 6592.00000 5998.81091  9.00%  74.5 25565s
 13767536 7541530 6233.48629   61   98 6592.00000 5998.81450  9.00%  74.5 25570s
 13770664 7543214 6100.72627   97   44 6592.00000 5998.81745  9.00%  74.5 25576s
 13773379 7544595 6118.85400   79   38 6592.00000 5998.82028  9.00%  74.5 25581s
 13776101 7545824 infeasible   58      6592.00000 5998.82200  9.00%  74.5 25585s
 13780064 7547634 infeasible   64      6592.00000 5998.82592  9.00%  74.5 25591s
 13782057 7549119 infeasible   99      6592.00000 5998.82728  9.00%  74.5 25595s
 13786403 7551127 infeasible   94      6592.00000 5998.83149  9.00%  74.5 25601s
 13788603 7552131 6402.23333   78   31 6592.00000 5998.83333  9.00%  74.5 25605s
 13791781 7554621 6426.94728   70  154 6592.00000 5998.83645  9.00%  74.5 25612s
 13795047 7555973 6416.62657  149   50 6592.00000 5998.83871  9.00%  74.5 25615s
 13798046 7557247 6307.61000   64   12 6592.00000 5998.84146  9.00%  74.5 25620s
 13802849 7559668 6075.00000   62   33 6592.00000 5998.84528  9.00%  74.5 25626s
 13804277 7560719 6243.49875   69   74 6592.00000 5998.84607  9.00%  74.5 25630s
 13807458 7562580 6348.41015   93   39 6592.00000 5998.84911  9.00%  74.5 25635s
 13809900 7564245 6065.64962   75  104 6592.00000 5998.85068  9.00%  74.5 25640s
 13813837 7566390 6187.27861   73  192 6592.00000 5998.85418  9.00%  74.5 25646s
 13816809 7567768 6440.86142   75   53 6592.00000 5998.85649  9.00%  74.5 25650s
 13820526 7569426 6533.02146   85  176 6592.00000 5998.85714  9.00%  74.5 25655s
 13823983 7571538 6029.46733   95   33 6592.00000 5998.86019  9.00%  74.5 25661s
 13826285 7572496 6103.11281   46  266 6592.00000 5998.86207  9.00%  74.5 25665s
 13830042 7574355 6565.83726   71  168 6592.00000 5998.86563  9.00%  74.5 25671s
 13832938 7576303 6105.13125   51   41 6592.00000 5998.86879  9.00%  74.5 25676s
 13834371 7576565 6329.76000   55    9 6592.00000 5998.86980  9.00%  74.5 25680s
 13835874 7577611 6066.76872   59  103 6592.00000 5998.87183  9.00%  74.5 25685s
 13839982 7580098 5999.20573  130  105 6592.00000 5998.87761  9.00%  74.5 25691s
 13843145 7581708 6207.48272   57  209 6592.00000 5998.88000  9.00%  74.5 25695s
 13846306 7583826 6457.20667   62   17 6592.00000 5998.88272  9.00%  74.5 25701s
 13849017 7584759 6449.17907   78   59 6592.00000 5998.88333  9.00%  74.5 25705s
 13853094 7586797 6214.92200   51  208 6592.00000 5998.88859  9.00%  74.5 25712s
 13854754 7587980 6168.02406   78  217 6592.00000 5998.89083  9.00%  74.5 25716s
 13856870 7588992 6002.83772   70   61 6592.00000 5998.89249  9.00%  74.5 25720s
 13859474 7590588 6318.08144   78  227 6592.00000 5998.89418  9.00%  74.5 25725s
 13863617 7592925 6015.70397   70   53 6592.00000 5998.89668  9.00%  74.5 25731s
 13868577 7595482 infeasible   62      6592.00000 5998.89914  9.00%  74.5 25736s
 13871178 7596739 6232.87079   75  130 6592.00000 5998.90029  9.00%  74.5 25740s
 13874192 7598569 6174.33486   69  121 6592.00000 5998.90232  9.00%  74.4 25745s
 13877293 7600398 6091.48031   72   68 6592.00000 5998.90562  9.00%  74.4 25750s
 13881011 7602646 6246.15466   61  109 6592.00000 5998.90762  9.00%  74.4 25755s
 13884091 7603592 6312.72898   62  149 6592.00000 5998.90935  9.00%  74.4 25761s
 13886005 7605001 6086.79917   99   29 6592.00000 5998.91078  9.00%  74.4 25766s
 13889076 7606727 6099.27490   54  147 6592.00000 5998.91176  9.00%  74.4 25770s
 13892784 7608999 infeasible   90      6592.00000 5998.91500  9.00%  74.4 25776s
 13896911 7610891 infeasible   64      6592.00000 5998.91801  9.00%  74.4 25781s
 13899155 7612213 6085.00000   69   38 6592.00000 5998.91943  9.00%  74.4 25785s
 13900902 7613382 6090.37829  105   36 6592.00000 5998.92000  9.00%  74.4 25790s
 13904717 7615288 6119.74415   82   40 6592.00000 5998.92427  9.00%  74.4 25795s
 13907461 7616449 6141.73240   68  197 6592.00000 5998.92642  9.00%  74.4 25800s
 13910328 7617915 infeasible  101      6592.00000 5998.92838  9.00%  74.4 25805s
 13914073 7619685 6127.02353   69   48 6592.00000 5998.93053  9.00%  74.4 25811s
 13915818 7621053 6296.20692   71  219 6592.00000 5998.93103  9.00%  74.4 25815s
 13918877 7623122 6518.64401  126   51 6592.00000 5998.93299  9.00%  74.4 25820s
 13923981 7625092 6100.04692   59  169 6592.00000 5998.93683  9.00%  74.4 25826s
 13927122 7627172 6203.54731  106   72 6592.00000 5998.93976  9.00%  74.4 25831s
 13931246 7629156 6007.40919  108   40 6592.00000 5998.94254  9.00%  74.4 25835s
 13933763 7630598 6340.84000   74   56 6592.00000 5998.94431  9.00%  74.4 25841s
 13937018 7632403 6018.78667   57   26 6592.00000 5998.94659  9.00%  74.4 25846s
 13939174 7633415 6572.85667   68   26 6592.00000 5998.94847  9.00%  74.4 25851s
 13941870 7635381 6492.71429  121   17 6592.00000 5998.95003  9.00%  74.4 25857s
 13945133 7636985 6225.47000   56   28 6592.00000 5998.95336  9.00%  74.4 25861s
 13948190 7637986 6325.91151   58  176 6592.00000 5998.95557  9.00%  74.4 25865s
 13949049 7638023 6361.83251   56   75 6592.00000 5998.95652  9.00%  74.4 25871s
 13949275 7638389 6458.49726   57  116 6592.00000 5998.95652  9.00%  74.4 25875s
 13950849 7639343 6229.22799   71  151 6592.00000 5998.95759  9.00%  74.4 25880s
 13953119 7640540 6017.53524  122   40 6592.00000 5998.95979  9.00%  74.4 25885s
 13955151 7641728 6320.53040   64   91 6592.00000 5998.96127  9.00%  74.4 25890s
 13958872 7643477 infeasible  123      6592.00000 5998.96405  9.00%  74.4 25896s
 13961674 7644860 6110.16957   87   92 6592.00000 5998.96610  9.00%  74.4 25900s
 13964514 7646771 6551.86594   90   51 6592.00000 5998.96783  9.00%  74.4 25906s
 13967179 7647796 6282.34532  107   72 6592.00000 5998.97030  9.00%  74.4 25910s
 13969955 7649238 infeasible   67      6592.00000 5998.97264  9.00%  74.4 25915s
 13973003 7651242 6002.67995  110   59 6592.00000 5998.97533  9.00%  74.4 25921s
 13975687 7652330 6316.00000   85   19 6592.00000 5998.97694  9.00%  74.4 25925s
 13979203 7654233 6446.58705   63   63 6592.00000 5998.97953  9.00%  74.4 25930s
 13982675 7656095 6114.27254   79   50 6592.00000 5998.98299  9.00%  74.4 25936s
 13986372 7658168 6147.34766   60  181 6592.00000 5998.98570  9.00%  74.4 25941s
 13991076 7661189 6517.17333   80   24 6592.00000 5998.98770  9.00%  74.4 25947s
 13993906 7662441 6159.60000   54   18 6592.00000 5998.98929  9.00%  74.4 25950s
 13996873 7663673 6026.82893   60   70 6592.00000 5998.99214  9.00%  74.4 25955s
 14000765 7665688 6012.78737  103   86 6592.00000 5998.99321  9.00%  74.4 25961s
 14003814 7667344 infeasible  144      6592.00000 5998.99554  9.00%  74.4 25966s
 14006616 7668603 6081.83874   52  117 6592.00000 5998.99783  9.00%  74.4 25970s
 14009148 7669700 6264.14158   69   87 6592.00000 5998.99920  9.00%  74.4 25976s
 14011417 7670993 infeasible   88      6592.00000 5999.00000  9.00%  74.4 25982s
 14012797 7671791 6565.31986   68   67 6592.00000 5999.00118  9.00%  74.4 25985s
 14017416 7674755 6094.07692   57   28 6592.00000 5999.00536  9.00%  74.4 25992s
 14020505 7676094 6014.97194  110   64 6592.00000 5999.00774  9.00%  74.4 25996s
 14023263 7677572 6244.89934   63  211 6592.00000 5999.00974  9.00%  74.4 26000s
 14026809 7679726 6130.19579   90  143 6592.00000 5999.01196  9.00%  74.4 26006s
 14029956 7681190 6542.98262  141  102 6592.00000 5999.01523  9.00%  74.4 26011s
 14033676 7683210 6009.34377   56  158 6592.00000 5999.01901  9.00%  74.4 26016s
 14036244 7684418 6379.24667  116   18 6592.00000 5999.02054  9.00%  74.4 26020s
 14039296 7685802 6368.69693   64  194 6592.00000 5999.02362  9.00%  74.4 26026s
 14041761 7687279 6346.42143   68   38 6592.00000 5999.02593  9.00%  74.4 26030s
 14045703 7689536 6216.69906   81   33 6592.00000 5999.02836  9.00%  74.4 26036s
 14048497 7691367     cutoff   83      6592.00000 5999.03136  9.00%  74.4 26041s
 14051486 7692503 6091.20000   63   23 6592.00000 5999.03333  9.00%  74.3 26045s
 14054781 7694195 5999.05257  117   46 6592.00000 5999.03590  9.00%  74.3 26050s
 14058171 7695868 6000.65343   55   95 6592.00000 5999.03846  9.00%  74.3 26056s
 14060022 7696452     cutoff   95      6592.00000 5999.04075  9.00%  74.3 26060s
 14062846 7698394 6180.26931  103   45 6592.00000 5999.04361  9.00%  74.3 26066s
 14064932 7699418     cutoff   80      6592.00000 5999.04511  9.00%  74.3 26070s
 14069003 7701768 6280.24524   77   27 6592.00000 5999.04790  9.00%  74.3 26076s
 14073128 7703824     cutoff   70      6592.00000 5999.05000  8.99%  74.3 26081s
 14076626 7706004 6092.39214   62   67 6592.00000 5999.05400  8.99%  74.3 26086s
 14080407 7707445 6173.24555   93  216 6592.00000 5999.05627  8.99%  74.3 26090s
 14083391 7710086 6209.22624   71   73 6592.00000 5999.05978  8.99%  74.3 26097s
 14085997 7710778 infeasible   89      6592.00000 5999.06144  8.99%  74.3 26100s
 14089260 7712631 5999.72173   85   97 6592.00000 5999.06419  8.99%  74.3 26105s
 14092863 7714748 6451.11381  106   38 6592.00000 5999.06798  8.99%  74.3 26111s
 14095092 7715543 6339.19842   54  203 6592.00000 5999.07056  8.99%  74.3 26116s
 14097036 7716857     cutoff  123      6592.00000 5999.07191  8.99%  74.3 26120s
 14100336 7718784 6216.32459  133   49 6592.00000 5999.07587  8.99%  74.3 26126s
 14103220 7719486 6115.07000   91   28 6592.00000 5999.07872  8.99%  74.3 26130s
 14103984 7720881 6321.98368  116   60 6592.00000 5999.07941  8.99%  74.3 26135s
 14108755 7723529 infeasible  126      6592.00000 5999.08235  8.99%  74.3 26141s
 14111351 7724771 infeasible   65      6592.00000 5999.08451  8.99%  74.3 26145s
 14114893 7727054 6141.19576   67  127 6592.00000 5999.08806  8.99%  74.3 26151s
 14117572 7728523 6330.81917   69   26 6592.00000 5999.09056  8.99%  74.3 26155s
 14121204 7730740 6003.17726   54   39 6592.00000 5999.09349  8.99%  74.3 26161s
 14123782 7731693 6316.60000   68    5 6592.00000 5999.09392  8.99%  74.3 26166s
 14126183 7732915 6188.81459   86   83 6592.00000 5999.09668  8.99%  74.3 26170s
 14128536 7733872 6199.70000   65   43 6592.00000 5999.09943  8.99%  74.3 26175s
 14132711 7736009 6129.55597   55   62 6592.00000 5999.10305  8.99%  74.3 26181s
 14135066 7737129     cutoff   75      6592.00000 5999.10432  8.99%  74.3 26185s
 14137563 7738390     cutoff   78      6592.00000 5999.10585  8.99%  74.3 26190s
 14141085 7740521 6012.55538   49  225 6592.00000 5999.11001  8.99%  74.3 26196s
 14143749 7741955 6394.72343   99  163 6592.00000 5999.11285  8.99%  74.3 26200s
 14147419 7743626 6326.32541   62   98 6592.00000 5999.11538  8.99%  74.3 26206s
 14150130 7745229 6421.47716   65    6 6592.00000 5999.11538  8.99%  74.3 26210s
 14153471 7746877     cutoff  116      6592.00000 5999.11979  8.99%  74.3 26216s
 14155823 7748393 6129.13348   40  138 6592.00000 5999.12227  8.99%  74.3 26221s
 14158793 7749058     cutoff   63      6592.00000 5999.12508  8.99%  74.3 26225s
 14161445 7751514 6106.98076   82  128 6592.00000 5999.12640  8.99%  74.3 26231s
 14163927 7752490 6104.69643   55   55 6592.00000 5999.12873  8.99%  74.3 26235s
 14167315 7754570 6216.59909   69  241 6592.00000 5999.13061  8.99%  74.3 26241s
 14170335 7756340 6413.57271   56  204 6592.00000 5999.13246  8.99%  74.3 26245s
 14174224 7757937 6037.39015   53   49 6592.00000 5999.13488  8.99%  74.3 26251s
 14176693 7759816 infeasible   78      6592.00000 5999.13666  8.99%  74.3 26255s
 14180772 7761595 6484.61753  146   25 6592.00000 5999.13981  8.99%  74.3 26260s
 14184494 7763436 6172.41415   76  166 6592.00000 5999.14161  8.99%  74.3 26265s
 14188098 7765397 6313.74622   58  276 6592.00000 5999.14470  8.99%  74.3 26270s
 14191188 7767199 6295.60868   81  112 6592.00000 5999.14701  8.99%  74.3 26275s
 14193620 7768360     cutoff   60      6592.00000 5999.14880  8.99%  74.3 26280s
 14197364 7770097 6198.01373   60  182 6592.00000 5999.15084  8.99%  74.3 26286s
 14200260 7771441 6028.66317   52   94 6592.00000 5999.15323  8.99%  74.3 26290s
 14203258 7773048     cutoff   79      6592.00000 5999.15500  8.99%  74.3 26296s
 14205799 7774352 6513.93133  106   51 6592.00000 5999.15797  8.99%  74.3 26300s
 14208156 7775246 6019.17291   76   93 6592.00000 5999.16087  8.99%  74.3 26306s
 14209839 7776514 6323.09389  168   51 6592.00000 5999.16217  8.99%  74.3 26310s
 14212816 7778247 6308.37833  107   32 6592.00000 5999.16461  8.99%  74.3 26315s
 14216673 7780035     cutoff   72      6592.00000 5999.16801  8.99%  74.2 26320s
 14220786 7782565 infeasible  184      6592.00000 5999.16999  8.99%  74.2 26326s
 14224396 7784590 6184.64998   59   93 6592.00000 5999.17242  8.99%  74.2 26331s
 14227863 7786310 6428.63282   74  138 6592.00000 5999.17485  8.99%  74.2 26336s
 14230018 7787755 6059.91506   71   91 6592.00000 5999.17647  8.99%  74.2 26340s
 14234597 7789686 6312.17550   85  214 6592.00000 5999.17857  8.99%  74.2 26346s
 14237937 7791350 6056.18872   67  217 6592.00000 5999.18126  8.99%  74.2 26351s
 14240037 7792830 6118.33592   73   18 6592.00000 5999.18220  8.99%  74.2 26355s
 14243337 7794391 6105.61031   54  226 6592.00000 5999.18431  8.99%  74.2 26361s
 14245855 7795674 6286.44560   67   77 6592.00000 5999.18568  8.99%  74.2 26365s
 14249274 7797190 6135.95661   70  219 6592.00000 5999.18985  8.99%  74.2 26371s
 14251144 7798683 6244.38188   87  210 6592.00000 5999.19090  8.99%  74.2 26377s
 14254667 7800045 6311.25190   69  206 6592.00000 5999.19246  8.99%  74.2 26381s
 14258598 7802155 6388.05735   67   44 6592.00000 5999.19565  8.99%  74.2 26386s
 14259825 7802319 6088.54120  115   43 6592.00000 5999.19727  8.99%  74.2 26390s
 14262244 7803976 6127.42151   76  156 6592.00000 5999.19992  8.99%  74.2 26396s
 14263855 7805042     cutoff   67      6592.00000 5999.20023  8.99%  74.2 26401s
 14266438 7806248 6270.45424   52  231 6592.00000 5999.20313  8.99%  74.2 26406s
 14268701 7807320 6350.77489   73   81 6592.00000 5999.20500  8.99%  74.2 26410s
 14270922 7808990 6205.98650   99  146 6592.00000 5999.20663  8.99%  74.2 26415s
 14273842 7810110 6182.17500   72   23 6592.00000 5999.20921  8.99%  74.2 26420s
 14278207 7812592 6349.84271   82  195 6592.00000 5999.21400  8.99%  74.2 26426s
 14280933 7813972 6103.72931   83   31 6592.00000 5999.21594  8.99%  74.2 26430s
 14284891 7815877 6107.09551   60  172 6592.00000 5999.22016  8.99%  74.2 26436s
 14287457 7817363 6122.06131   65   87 6592.00000 5999.22222  8.99%  74.2 26440s
 14291060 7819326 6328.87154   69   36 6592.00000 5999.22222  8.99%  74.2 26446s
 14293220 7820902 6040.76850   48   32 6592.00000 5999.22706  8.99%  74.2 26450s
 14298107 7823051 6059.95670   57  224 6592.00000 5999.23039  8.99%  74.2 26456s
 14300640 7824244 6139.85613   83  243 6592.00000 5999.23250  8.99%  74.2 26460s
 14304336 7826422 6002.40682   74   56 6592.00000 5999.23609  8.99%  74.2 26465s
 14307492 7827791 6346.13070   77  115 6592.00000 5999.23866  8.99%  74.2 26470s
 14310595 7829650 6307.57871  113   95 6592.00000 5999.24132  8.99%  74.2 26475s
 14314298 7831640 infeasible   69      6592.00000 5999.24410  8.99%  74.2 26481s
 14316561 7832581 6089.31000   56    9 6592.00000 5999.24505  8.99%  74.2 26485s
 14318415 7833208 6307.88456  137   49 6592.00000 5999.24722  8.99%  74.2 26490s
 14320376 7835505 6162.74510   57   64 6592.00000 5999.24917  8.99%  74.2 26496s
 14323077 7836462 6329.11111   52   87 6592.00000 5999.25000  8.99%  74.2 26500s
 14326640 7838467 6454.76861   69  166 6592.00000 5999.25000  8.99%  74.2 26505s
 14329678 7840047 6366.89787   56  147 6592.00000 5999.25000  8.99%  74.2 26511s
 14331796 7841178 6435.68991   67  113 6592.00000 5999.25000  8.99%  74.2 26516s
 14334663 7842376 6064.51669   56  160 6592.00000 5999.25292  8.99%  74.2 26520s
 14336761 7844071 6019.32621   60   85 6592.00000 5999.25508  8.99%  74.2 26525s
 14340927 7846013 6531.45801  140  173 6592.00000 5999.25681  8.99%  74.2 26531s
 14343715 7847579 6232.12817   78   39 6592.00000 5999.26041  8.99%  74.2 26535s
 14347309 7849029 6203.33912   68  188 6592.00000 5999.26485  8.99%  74.2 26541s
 14350378 7851002 6446.37500   98   36 6592.00000 5999.26696  8.99%  74.2 26545s
 14354127 7853245 6481.75260  126  104 6592.00000 5999.26974  8.99%  74.2 26551s
 14357971 7855087 6467.20066   82  219 6592.00000 5999.27151  8.99%  74.2 26556s
 14360073 7856434 6080.29602   62  102 6592.00000 5999.27432  8.99%  74.2 26560s
 14363293 7858469 6325.62325   64   74 6592.00000 5999.27778  8.99%  74.2 26567s
 14366382 7859637 infeasible   68      6592.00000 5999.28113  8.99%  74.2 26570s
 14368624 7860567 6191.23630   75   43 6592.00000 5999.28339  8.99%  74.2 26577s
 14370748 7861747 6222.14031   63   42 6592.00000 5999.28525  8.99%  74.2 26581s
 14373289 7863215 6134.05606   50  172 6592.00000 5999.28695  8.99%  74.2 26585s
 14375952 7864597 6321.86138   82  166 6592.00000 5999.28868  8.99%  74.2 26590s
 14380314 7866669 6589.21000  127   29 6592.00000 5999.29344  8.99%  74.2 26596s
 14382861 7867691 6411.12251   93   48 6592.00000 5999.29525  8.99%  74.2 26601s
 14385541 7869321 6380.62000  128   24 6592.00000 5999.29741  8.99%  74.2 26606s
 14388302 7870841 6019.45406  127   47 6592.00000 5999.30044  8.99%  74.2 26610s
 14392130 7873047 6232.57844   61  161 6592.00000 5999.30306  8.99%  74.2 26615s
 14395484 7874193 6005.58919   63  154 6592.00000 5999.30546  8.99%  74.2 26621s
 14398217 7875554 6315.65207   77   71 6592.00000 5999.30827  8.99%  74.2 26625s
 14400911 7877085 6234.38559   65  148 6592.00000 5999.31106  8.99%  74.2 26631s
 14405511 7879092 6177.00278   61  134 6592.00000 5999.31317  8.99%  74.2 26636s
 14409154 7881139 6091.62000  119   22 6592.00000 5999.31658  8.99%  74.2 26641s
 14412401 7883032     cutoff   64      6592.00000 5999.31807  8.99%  74.2 26646s
 14414735 7884095 6295.19867   83   26 6592.00000 5999.32060  8.99%  74.2 26650s
 14417302 7885734 6016.42226   68  134 6592.00000 5999.32219  8.99%  74.2 26655s
 14421499 7887613 6547.19000   70   25 6592.00000 5999.32598  8.99%  74.2 26661s
 14424248 7888556 6145.97373   54   47 6592.00000 5999.32738  8.99%  74.2 26665s
 14425474 7889675 6097.06680   70   51 6592.00000 5999.32816  8.99%  74.2 26671s
 14427627 7891017 6300.00000   66    4 6592.00000 5999.32999  8.99%  74.2 26675s
 14430256 7892719 6434.80129  118   90 6592.00000 5999.33093  8.99%  74.2 26680s
 14434415 7894442 infeasible   67      6592.00000 5999.33333  8.99%  74.2 26686s
 14436958 7895311 6435.44270   59  234 6592.00000 5999.33486  8.99%  74.2 26691s
 14439156 7897322 6228.61546   64  228 6592.00000 5999.33702  8.99%  74.2 26696s
 14442810 7898751 6013.63758  137   56 6592.00000 5999.33924  8.99%  74.2 26700s
 14446903 7901000 6251.11438   65  172 6592.00000 5999.34123  8.99%  74.1 26706s
 14449506 7902097     cutoff   60      6592.00000 5999.34401  8.99%  74.1 26710s
 14454408 7904577 6100.83887   71   47 6592.00000 5999.34656  8.99%  74.1 26715s
 14457007 7905927 6056.68847   54   37 6592.00000 5999.34871  8.99%  74.1 26720s
 14459617 7907276 6230.38000   75   26 6592.00000 5999.35057  8.99%  74.1 26725s
 14462690 7909074 6106.32646   62   69 6592.00000 5999.35211  8.99%  74.1 26731s
 14466104 7911095 6043.70588   69  177 6592.00000 5999.35651  8.99%  74.1 26736s
 14468695 7912366 6350.18263   62  246 6592.00000 5999.35908  8.99%  74.1 26740s
 14471324 7913838 6067.12508   87  225 6592.00000 5999.36094  8.99%  74.1 26745s
 14475550 7916531 infeasible   64      6592.00000 5999.36364  8.99%  74.1 26751s
 14479645 7918138 6020.50788   63   73 6592.00000 5999.36668  8.99%  74.1 26756s
 14481311 7919575 infeasible   73      6592.00000 5999.36847  8.99%  74.1 26760s
 14486033 7921826 6104.59500   66   22 6592.00000 5999.37129  8.99%  74.1 26765s
 14489560 7924400 6008.97179  102   43 6592.00000 5999.37500  8.99%  74.1 26771s
 14494054 7926007 6502.73917  121   16 6592.00000 5999.37817  8.99%  74.1 26776s
 14496259 7927161 6132.39582   71  135 6592.00000 5999.37949  8.99%  74.1 26780s
 14497365 7927608 6402.48192  100   49 6592.00000 5999.37993  8.99%  74.1 26785s
 14499764 7928880     cutoff   71      6592.00000 5999.38249  8.99%  74.1 26791s
 14501568 7930000 6159.05942   67  235 6592.00000 5999.38448  8.99%  74.1 26795s
 14505124 7931970 6318.75824   69   67 6592.00000 5999.38709  8.99%  74.1 26801s
 14507978 7933282 6080.95282  103   44 6592.00000 5999.38927  8.99%  74.1 26805s
 14510799 7935267 6190.84667   68   22 6592.00000 5999.39092  8.99%  74.1 26811s
 14513494 7936344 6361.50023   60  103 6592.00000 5999.39208  8.99%  74.1 26815s
 14516412 7938404 6475.10031   86  121 6592.00000 5999.39488  8.99%  74.1 26821s
 14519104 7939465 6092.97500   76    8 6592.00000 5999.39666  8.99%  74.1 26825s
 14523204 7941642 6345.56452   65  148 6592.00000 5999.40000  8.99%  74.1 26831s
 14525960 7942935 6541.41722   75  133 6592.00000 5999.40170  8.99%  74.1 26835s
 14529241 7944910 6090.42059  114   23 6592.00000 5999.40318  8.99%  74.1 26841s
 14531781 7946035 6474.12250   71   11 6592.00000 5999.40449  8.99%  74.1 26845s
 14535868 7948069 6311.80119   83  259 6592.00000 5999.40619  8.99%  74.1 26851s
 14537759 7948963 6463.55177   75  286 6592.00000 5999.40837  8.99%  74.1 26855s
 14541288 7951344 6455.51748   58   75 6592.00000 5999.41178  8.99%  74.1 26861s
 14544194 7952699 6443.60374   82   88 6592.00000 5999.41339  8.99%  74.1 26865s
 14548549 7954928 6091.24125   80   24 6592.00000 5999.41521  8.99%  74.1 26871s
 14550362 7956141 6289.67832   60  206 6592.00000 5999.41737  8.99%  74.1 26875s
 14552568 7956545 6408.15054   67  117 6592.00000 5999.41820  8.99%  74.1 26882s
 14552721 7957173 6408.19361   69  122 6592.00000 5999.41820  8.99%  74.1 26885s
 14556118 7958633 6298.00736   77   74 6592.00000 5999.42083  8.99%  74.1 26891s
 14558323 7959723 6421.98115  122  155 6592.00000 5999.42267  8.99%  74.1 26895s
 14560425 7961077 6311.89182   84  204 6592.00000 5999.42526  8.99%  74.1 26900s
 14565599 7963123 6452.65662   78  182 6592.00000 5999.42935  8.99%  74.1 26906s
 14566684 7963790 6092.00000   63   70 6592.00000 5999.43003  8.99%  74.1 26910s
 14568234 7965008 6503.53023   84  227 6592.00000 5999.43140  8.99%  74.1 26915s
 14572642 7967139 6093.00345   78  107 6592.00000 5999.43494  8.99%  74.1 26921s
 14576029 7968660 6095.42690   58  127 6592.00000 5999.43789  8.99%  74.1 26926s
 14577997 7969684 6111.44222   74   87 6592.00000 5999.43931  8.99%  74.1 26931s
 14580234 7970970 6097.44258   63   56 6592.00000 5999.44159  8.99%  74.1 26935s
 14583552 7972838 6355.25555   75  167 6592.00000 5999.44444  8.99%  74.1 26942s
 14586419 7973714 6371.73194   57  124 6592.00000 5999.44578  8.99%  74.1 26946s
 14588654 7975124 6089.34833   72   29 6592.00000 5999.44779  8.99%  74.1 26950s
 14592780 7976977 6123.25720   54  243 6592.00000 5999.45000  8.99%  74.1 26956s
 14594904 7978485 6235.50432   73   31 6592.00000 5999.45238  8.99%  74.1 26960s
 14598702 7979827 6001.50799   66   33 6592.00000 5999.45438  8.99%  74.1 26965s
 14602470 7982200 6158.75614   75  145 6592.00000 5999.45737  8.99%  74.1 26970s
 14605894 7984141 6496.61168   75  199 6592.00000 5999.45977  8.99%  74.1 26976s
 14608018 7985376 6456.81680   95   95 6592.00000 5999.46105  8.99%  74.1 26980s
 14612087 7987120 6384.99009  129   25 6592.00000 5999.46509  8.99%  74.0 26985s
 14615421 7989165 6086.93500   59   38 6592.00000 5999.46812  8.99%  74.0 26990s
 14619697 7991147 6216.19910   89   33 6592.00000 5999.46958  8.99%  74.0 26996s
 14621495 7992240 6023.15000   62   50 6592.00000 5999.47094  8.99%  74.0 27000s
 14625193 7993960 infeasible   67      6592.00000 5999.47376  8.99%  74.0 27006s
 14627064 7994706 6320.58670   63  184 6592.00000 5999.47506  8.99%  74.0 27010s
 14630164 7996745     cutoff   88      6592.00000 5999.47740  8.99%  74.0 27016s
 14633000 7998175 6425.64827   96  145 6592.00000 5999.47806  8.99%  74.0 27020s
 14635997 7999483 6032.36000   58   35 6592.00000 5999.48125  8.99%  74.0 27025s
 14638521 8001238 6125.13622   74  111 6592.00000 5999.48381  8.99%  74.0 27031s
 14642069 8002858     cutoff   65      6592.00000 5999.48748  8.99%  74.0 27036s
 14644907 8004354 infeasible   68      6592.00000 5999.48950  8.99%  74.0 27040s
 14647481 8005589 6091.85714   58   39 6592.00000 5999.49250  8.99%  74.0 27045s
 14651588 8007839 6180.60997   69   64 6592.00000 5999.49580  8.99%  74.0 27051s
 14654670 8009524 infeasible   71      6592.00000 5999.49801  8.99%  74.0 27055s
 14658171 8011074     cutoff   71      6592.00000 5999.50000  8.99%  74.0 27061s
 14660870 8012610 6161.83284   97  174 6592.00000 5999.50072  8.99%  74.0 27065s
 14665017 8014745 6227.69333   66   55 6592.00000 5999.50474  8.99%  74.0 27071s
 14668867 8016474 6447.09989   59   58 6592.00000 5999.50755  8.99%  74.0 27076s
 14671036 8017936 6438.65352  123   48 6592.00000 5999.50931  8.99%  74.0 27080s
 14675456 8019377 6332.64008  121   90 6592.00000 5999.51094  8.99%  74.0 27086s
 14675690 8020386 6499.09520  121   35 6592.00000 5999.51094  8.99%  74.0 27090s
 14680291 8022416 6118.99389   61   71 6592.00000 5999.51459  8.99%  74.0 27095s
 14683137 8024270 6217.91406  106   42 6592.00000 5999.51631  8.99%  74.0 27101s
 14686562 8026301 6382.01415   71  120 6592.00000 5999.51952  8.99%  74.0 27106s
 14688967 8027363 6289.66008   71  250 6592.00000 5999.52135  8.99%  74.0 27110s
 14691407 8029306 6034.13162   52  199 6592.00000 5999.52371  8.99%  74.0 27115s
 14695371 8030517 6483.36209  108   61 6592.00000 5999.52546  8.99%  74.0 27120s
 14698603 8032482 6293.00000   88   47 6592.00000 5999.52923  8.99%  74.0 27126s
 14700627 8033438 6133.03116   59  165 6592.00000 5999.53016  8.99%  74.0 27130s
 14703734 8035042 6080.10221   84  103 6592.00000 5999.53315  8.99%  74.0 27136s
 14707488 8037135 infeasible   83      6592.00000 5999.53524  8.99%  74.0 27141s
 14709722 8038988 6383.21664   71  128 6592.00000 5999.53714  8.99%  74.0 27146s
 14712377 8040113 6210.00000   61   28 6592.00000 5999.53846  8.99%  74.0 27150s
 14716097 8041967     cutoff   64      6592.00000 5999.54257  8.99%  74.0 27156s
 14719081 8043393 6305.35088   57  100 6592.00000 5999.54402  8.99%  74.0 27160s
 14722657 8045370 6203.52242  122   55 6592.00000 5999.54758  8.99%  74.0 27165s
 14725855 8047234 6021.77374   88   66 6592.00000 5999.55039  8.99%  74.0 27171s
 14728815 8048678 6313.57761   79  235 6592.00000 5999.55283  8.99%  74.0 27175s
 14731674 8050645 infeasible   98      6592.00000 5999.55472  8.99%  74.0 27181s
 14735526 8052577 6105.00000   55   11 6592.00000 5999.55711  8.99%  74.0 27186s
 14738136 8053979 6272.01629   69   43 6592.00000 5999.55908  8.99%  74.0 27190s
 14740606 8054802 infeasible  114      6592.00000 5999.55952  8.99%  74.0 27196s
 14743236 8056889 6404.47663  151   79 6592.00000 5999.56117  8.99%  74.0 27201s
 14746257 8058467 infeasible   84      6592.00000 5999.56300  8.99%  74.0 27206s
 14748739 8059690 6436.05895  155   44 6592.00000 5999.56432  8.99%  74.0 27210s
 14751580 8061259 6196.38363   56   29 6592.00000 5999.56635  8.99%  74.0 27215s
 14755119 8062963 6012.85083   55   51 6592.00000 5999.57000  8.99%  74.0 27221s
 14757489 8064136     cutoff   95      6592.00000 5999.57250  8.99%  74.0 27225s
 14760099 8065824     cutoff   93      6592.00000 5999.57463  8.99%  74.0 27231s
 14762570 8067391     cutoff   82      6592.00000 5999.57555  8.99%  74.0 27236s
 14765596 8068582 6094.66940   58   69 6592.00000 5999.57778  8.99%  74.0 27240s
 14769107 8070498 infeasible   72      6592.00000 5999.58167  8.99%  74.0 27246s
 14772086 8072121     cutoff   77      6592.00000 5999.58502  8.99%  74.0 27251s
 14774801 8073900 6472.88890   71  128 6592.00000 5999.58655  8.99%  74.0 27255s
 14778631 8075815 6016.13256  140   43 6592.00000 5999.58885  8.99%  74.0 27261s
 14781191 8077144 6185.79116   67  176 6592.00000 5999.59064  8.99%  74.0 27265s
 14783742 8078856 6147.50020   77  199 6592.00000 5999.59167  8.99%  74.0 27270s
 14788781 8081193 6283.49616  108   68 6592.00000 5999.59488  8.99%  73.9 27275s
 14793093 8082978 6042.56095   70   91 6592.00000 5999.59712  8.99%  73.9 27280s
 14794324 8084084 6240.96408   61  255 6592.00000 5999.59763  8.99%  73.9 27285s
 14796952 8085402     cutoff   65      6592.00000 5999.59910  8.99%  73.9 27290s
 14800011 8087143 6276.84514   78  210 6592.00000 5999.60127  8.99%  73.9 27295s
 14803735 8089013 6433.61348   68   76 6592.00000 5999.60452  8.99%  73.9 27301s
 14806924 8090924 6122.33500   56   25 6592.00000 5999.60675  8.99%  73.9 27306s
 14809289 8092119 6207.83564   75   67 6592.00000 5999.60812  8.99%  73.9 27310s
 14812951 8094481 6532.91710  124   45 6592.00000 5999.61029  8.99%  73.9 27315s
 14817201 8096319 6306.95500  126   18 6592.00000 5999.61222  8.99%  73.9 27321s
 14819755 8098105 6191.19773   66  151 6592.00000 5999.61379  8.99%  73.9 27325s
 14823604 8100207 6307.17143   67  117 6592.00000 5999.61567  8.99%  73.9 27330s
 14826774 8101612 infeasible  108      6592.00000 5999.61832  8.99%  73.9 27336s
 14829773 8103059 infeasible  126      6592.00000 5999.61983  8.99%  73.9 27340s
 14833987 8104920     cutoff   72      6592.00000 5999.62213  8.99%  73.9 27345s
 14837326 8106868 6394.66197   69  102 6592.00000 5999.62353  8.99%  73.9 27350s
 14839239 8107891 6425.46599   69   66 6592.00000 5999.62500  8.99%  73.9 27355s
 14841584 8109224 6400.74846   76  131 6592.00000 5999.62500  8.99%  73.9 27361s
 14844174 8110826 6099.20583   75   31 6592.00000 5999.62500  8.99%  73.9 27366s
 14847258 8112059     cutoff  116      6592.00000 5999.62567  8.99%  73.9 27371s
 14850088 8114429 6210.92437  108   89 6592.00000 5999.62795  8.99%  73.9 27376s
 14855213 8115773     cutoff   73      6592.00000 5999.63148  8.99%  73.9 27381s
 14855417 8116092 6385.79461   56  192 6592.00000 5999.63172  8.99%  73.9 27386s
 14857514 8117220 6143.47601   68  163 6592.00000 5999.63389  8.99%  73.9 27390s
 14859837 8118947 infeasible   94      6592.00000 5999.63514  8.99%  73.9 27395s
 14863663 8120218     cutoff  102      6592.00000 5999.63750  8.99%  73.9 27400s
 14866553 8122127 6279.32056   69  178 6592.00000 5999.64051  8.99%  73.9 27406s
 14868703 8123790 6265.22227   68   59 6592.00000 5999.64231  8.99%  73.9 27410s
 14873091 8126075 6147.73333   58   13 6592.00000 5999.64515  8.99%  73.9 27415s
 14875919 8127421 6470.06000   75   17 6592.00000 5999.64689  8.99%  73.9 27420s
 14880105 8129654 6110.96000   61   45 6592.00000 5999.65015  8.99%  73.9 27426s
 14882763 8131070 6481.51399   98  180 6592.00000 5999.65267  8.99%  73.9 27430s
 14886647 8133054 6471.53554   93   64 6592.00000 5999.65545  8.99%  73.9 27436s
 14889452 8134725 6405.26000   73   24 6592.00000 5999.65789  8.99%  73.9 27440s
 14894963 8137294 6109.13557   65   71 6592.00000 5999.66049  8.99%  73.9 27445s
 14897159 8138708 6423.76931   86  177 6592.00000 5999.66299  8.99%  73.9 27451s
 14899259 8140077 6200.42422   80   30 6592.00000 5999.66429  8.99%  73.9 27455s
 14902195 8141609 6108.79036   87   65 6592.00000 5999.66673  8.99%  73.9 27461s
 14904801 8142738 6247.26720   70  206 6592.00000 5999.66983  8.99%  73.9 27465s
 14909160 8145366 6282.61964  141   33 6592.00000 5999.67105  8.99%  73.9 27471s
 14911333 8146540 6096.81259   62   79 6592.00000 5999.67470  8.99%  73.9 27475s
 14915320 8148405 6145.11884   60  181 6592.00000 5999.67807  8.99%  73.9 27481s
 14917215 8149705 6447.55231   63  242 6592.00000 5999.67933  8.99%  73.9 27485s
 14920779 8151262 6138.56745   72  219 6592.00000 5999.68317  8.99%  73.9 27491s
 14923208 8152066 6224.45321  117   50 6592.00000 5999.68511  8.99%  73.8 27495s
 14923936 8153015 6193.58333  116   22 6592.00000 5999.68537  8.99%  73.8 27501s
 14926180 8154284 6329.00084   75  201 6592.00000 5999.68673  8.99%  73.8 27505s
 14929446 8155788 6215.69604   68   59 6592.00000 5999.69000  8.99%  73.8 27511s
 14932476 8157229 6354.38039   64   95 6592.00000 5999.69166  8.99%  73.8 27515s
 14935809 8159647 6153.21142   63   46 6592.00000 5999.69398  8.99%  73.8 27521s
 14939919 8160876 6481.46114   54  123 6592.00000 5999.69622  8.99%  73.8 27525s
 14942729 8163012     cutoff  128      6592.00000 5999.69910  8.99%  73.8 27530s
 14946377 8164472 6475.28439   82  218 6592.00000 5999.70137  8.99%  73.8 27535s
 14950256 8166505 6115.81847   88  100 6592.00000 5999.70421  8.99%  73.8 27540s
 14952748 8168133 6026.27417   55   33 6592.00000 5999.70678  8.99%  73.8 27545s
 14956194 8169705 6348.56771   63   90 6592.00000 5999.70873  8.99%  73.8 27550s
 14959065 8171228 6458.17089  122   19 6592.00000 5999.71100  8.98%  73.8 27556s
 14963206 8173398 6284.63978   59  232 6592.00000 5999.71429  8.98%  73.8 27561s
 14965903 8175543 6194.48617   66  190 6592.00000 5999.71523  8.98%  73.8 27565s
 14969638 8177108     cutoff   67      6592.00000 5999.71736  8.98%  73.8 27570s
 14972750 8178621 6076.60488  122   59 6592.00000 5999.72107  8.98%  73.8 27575s
 14976318 8180897 6352.77216   63  180 6592.00000 5999.72258  8.98%  73.8 27580s
 14980223 8182746     cutoff   60      6592.00000 5999.72624  8.98%  73.8 27585s
 14982747 8184311 6318.03891   75   32 6592.00000 5999.72861  8.98%  73.8 27591s
 14985503 8185851 6200.81550   67   93 6592.00000 5999.73055  8.98%  73.8 27595s
 14988074 8186596     cutoff   69      6592.00000 5999.73289  8.98%  73.8 27601s
 14989572 8188069 6084.72722  105   75 6592.00000 5999.73361  8.98%  73.8 27605s
 14992939 8189902 6303.23152   70   88 6592.00000 5999.73602  8.98%  73.8 27611s
 14995547 8191085 6462.19707   64  163 6592.00000 5999.73792  8.98%  73.8 27615s
 14999603 8193851 6488.25333  154   40 6592.00000 5999.74236  8.98%  73.8 27621s
 15002549 8194966 6086.84500   95   37 6592.00000 5999.74405  8.98%  73.8 27625s
 15005022 8196210 6321.67633   73  187 6592.00000 5999.74572  8.98%  73.8 27630s
 15008980 8198039 6418.78611   74  235 6592.00000 5999.74968  8.98%  73.8 27636s
 15011140 8199759 infeasible   82      6592.00000 5999.75097  8.98%  73.8 27640s
 15016186 8201982 6272.84329   62  235 6592.00000 5999.75415  8.98%  73.8 27645s
 15018622 8203032 6011.19144   72  107 6592.00000 5999.75614  8.98%  73.8 27651s
 15020629 8204269 6089.40569   56  142 6592.00000 5999.75799  8.98%  73.8 27655s
 15024797 8206331 6221.19521   83   82 6592.00000 5999.76131  8.98%  73.8 27661s
 15027270 8207581 5999.94989  112  101 6592.00000 5999.76301  8.98%  73.8 27665s
 15030471 8209625 6114.41152   74  103 6592.00000 5999.76533  8.98%  73.8 27671s
 15033244 8210899 6057.00495  118   83 6592.00000 5999.76794  8.98%  73.8 27675s
 15037034 8212679 6341.94078   76  144 6592.00000 5999.77000  8.98%  73.8 27680s
 15040447 8214145 6079.22122   45  108 6592.00000 5999.77215  8.98%  73.8 27686s
 15041627 8214275     cutoff  122      6592.00000 5999.77326  8.98%  73.8 27690s
 15043058 8215554 6088.30976   60  209 6592.00000 5999.77447  8.98%  73.8 27695s
 15045541 8217119 6473.14189   75   81 6592.00000 5999.77647  8.98%  73.8 27700s
 15049775 8219199 6311.14959   80   62 6592.00000 5999.77828  8.98%  73.8 27706s
 15052569 8220950 6081.00000   58   14 6592.00000 5999.78000  8.98%  73.8 27710s
 15055297 8222608 6121.21987   68  186 6592.00000 5999.78117  8.98%  73.8 27715s
 15058340 8224191 6060.56198   64  125 6592.00000 5999.78419  8.98%  73.8 27720s
 15062675 8226415     cutoff   72      6592.00000 5999.78778  8.98%  73.8 27725s
 15065851 8227940     cutoff   57      6592.00000 5999.79043  8.98%  73.8 27731s
 15068332 8229618 6215.66667  116   24 6592.00000 5999.79177  8.98%  73.8 27735s
 15072642 8231430 6014.60936   72   65 6592.00000 5999.79342  8.98%  73.8 27740s
 15076682 8233640 6478.43346   76   44 6592.00000 5999.79562  8.98%  73.8 27746s
 15079601 8235109 6291.63884  122   91 6592.00000 5999.79837  8.98%  73.8 27750s
 15082901 8236870 6348.01429   86  163 6592.00000 5999.80000  8.98%  73.8 27755s
 15086530 8239033 6104.70353   74  250 6592.00000 5999.80219  8.98%  73.8 27761s
 15091107 8241662     cutoff   80      6592.00000 5999.80468  8.98%  73.7 27766s
 15093858 8243446 6254.45309   66  236 6592.00000 5999.80632  8.98%  73.7 27770s
 15097678 8245406 infeasible  121      6592.00000 5999.80999  8.98%  73.7 27775s
 15100261 8246531 6446.87703   77  180 6592.00000 5999.81149  8.98%  73.7 27781s
 15103998 8248951 6483.12376  154   50 6592.00000 5999.81401  8.98%  73.7 27786s
 15107244 8250482 6076.10930   63   98 6592.00000 5999.81567  8.98%  73.7 27790s
 15111227 8252490     cutoff   67      6592.00000 5999.81827  8.98%  73.7 27795s
 15115142 8254825 6417.95877   83   55 6592.00000 5999.82125  8.98%  73.7 27800s
 15118401 8256517 6225.64133   66   80 6592.00000 5999.82387  8.98%  73.7 27805s
 15120900 8257286 6242.46840  112   68 6592.00000 5999.82519  8.98%  73.7 27810s
 15123233 8258954     cutoff   65      6592.00000 5999.82646  8.98%  73.7 27815s
 15126965 8261570 6543.69094  123   21 6592.00000 5999.82812  8.98%  73.7 27820s
 15132074 8264021     cutoff   62      6592.00000 5999.83100  8.98%  73.7 27826s
 15134839 8265520 infeasible   71      6592.00000 5999.83420  8.98%  73.7 27830s
 15138187 8267452 infeasible  119      6592.00000 5999.83746  8.98%  73.7 27836s
 15142015 8270011 6312.99084  112   90 6592.00000 5999.83991  8.98%  73.7 27841s
 15144609 8271316 6461.59330   71  170 6592.00000 5999.84209  8.98%  73.7 27845s
 15148465 8273111 6513.62467  121   38 6592.00000 5999.84488  8.98%  73.7 27850s
 15151009 8274703 6491.39014  130   88 6592.00000 5999.84695  8.98%  73.7 27855s
 15154955 8276361 6267.47230   66  203 6592.00000 5999.85036  8.98%  73.7 27861s
 15157861 8278035 6375.27088   75  149 6592.00000 5999.85316  8.98%  73.7 27865s
 15161518 8279634 6025.42424   65   45 6592.00000 5999.85708  8.98%  73.7 27871s
 15163724 8281066 infeasible   79      6592.00000 5999.85855  8.98%  73.7 27875s
 15168244 8283255 infeasible   62      6592.00000 5999.86058  8.98%  73.7 27881s
 15170647 8285109 infeasible   58      6592.00000 5999.86243  8.98%  73.7 27885s
 15174832 8287359 6104.91045   68  162 6592.00000 5999.86398  8.98%  73.7 27890s
 15179055 8288971 6030.63473   60   76 6592.00000 5999.86755  8.98%  73.7 27896s
 15181703 8290855 6283.47390   83   63 6592.00000 5999.86861  8.98%  73.7 27901s
 15184643 8292653 6341.90270   79   21 6592.00000 5999.87098  8.98%  73.7 27905s
 15187586 8293371 6107.25333   57   70 6592.00000 5999.87271  8.98%  73.7 27910s
 15189361 8294874 6343.00000   64   19 6592.00000 5999.87569  8.98%  73.7 27915s
 15193286 8296941 6261.87545   68  251 6592.00000 5999.87973  8.98%  73.7 27921s
 15196182 8298408 6446.83474   91  213 6592.00000 5999.88196  8.98%  73.7 27926s
 15198624 8299866 6405.31027  123   43 6592.00000 5999.88386  8.98%  73.7 27930s
 15202484 8301708 6235.00573   89   49 6592.00000 5999.88477  8.98%  73.7 27936s
 15205756 8303025 6126.19122   67  132 6592.00000 5999.88864  8.98%  73.7 27940s
 15208604 8304986 6123.81929   67   87 6592.00000 5999.89068  8.98%  73.7 27946s
 15211168 8306140 6514.36090  138   46 6592.00000 5999.89181  8.98%  73.6 27950s
 15214670 8308181 6446.52655   70  109 6592.00000 5999.89444  8.98%  73.6 27955s
 15218615 8310401     cutoff   63      6592.00000 5999.89771  8.98%  73.6 27961s
 15223396 8312425 6128.05019   83   18 6592.00000 5999.89897  8.98%  73.6 27966s
 15226101 8314153 6473.79538  136   35 6592.00000 5999.90069  8.98%  73.6 27970s
 15229391 8315808 6370.34402   70  218 6592.00000 5999.90323  8.98%  73.6 27975s
 15231987 8317381 6117.11850   89   47 6592.00000 5999.90611  8.98%  73.6 27981s
 15235534 8318834 6000.15249   52   70 6592.00000 5999.90867  8.98%  73.6 27986s
 15238239 8320459 6231.82383  129   57 6592.00000 5999.90950  8.98%  73.6 27990s
 15240921 8322067 6328.27000   61   19 6592.00000 5999.91068  8.98%  73.6 27995s
 15244757 8323868 6079.00000   60   10 6592.00000 5999.91430  8.98%  73.6 28000s
 15249213 8326184 6477.02425   58  131 6592.00000 5999.91666  8.98%  73.6 28005s
 15250323 8326550 6095.87748   64   49 6592.00000 5999.91770  8.98%  73.6 28011s
 15253623 8328639 6134.78924   99  218 6592.00000 5999.91963  8.98%  73.6 28016s
 15255995 8329816 6420.14767   70  200 6592.00000 5999.92117  8.98%  73.6 28021s
 15259897 8331503 6330.60039   53  212 6592.00000 5999.92500  8.98%  73.6 28026s
 15262416 8333067 6002.70282  118   48 6592.00000 5999.92628  8.98%  73.6 28030s
 15265836 8334876 6089.51384   62   87 6592.00000 5999.92831  8.98%  73.6 28035s
 15270227 8337486 6236.01467   62   55 6592.00000 5999.93078  8.98%  73.6 28040s
 15273868 8339234     cutoff   68      6592.00000 5999.93240  8.98%  73.6 28046s
 15276696 8340831 6405.27949   80  173 6592.00000 5999.93506  8.98%  73.6 28050s
 15281119 8343228 6411.42850  121  202 6592.00000 5999.93728  8.98%  73.6 28056s
 15283614 8344479 6213.13500   48   36 6592.00000 5999.93869  8.98%  73.6 28060s
 15286679 8346084 5999.99501   48  195 6592.00000 5999.94064  8.98%  73.6 28065s
 15290021 8348038 6047.55318  125   27 6592.00000 5999.94271  8.98%  73.6 28071s
 15293143 8349512 6297.78288  111  100 6592.00000 5999.94490  8.98%  73.6 28075s
 15296773 8351605 6094.07650   73   35 6592.00000 5999.94774  8.98%  73.6 28081s
 15300379 8353276 6128.54583   62   45 6592.00000 5999.95000  8.98%  73.6 28086s
 15302662 8354405 6274.77563   60  138 6592.00000 5999.95103  8.98%  73.6 28090s
 15305712 8355905 6000.79368  131  105 6592.00000 5999.95300  8.98%  73.6 28096s
 15310229 8358878 6196.48717   80  138 6592.00000 5999.95500  8.98%  73.6 28102s
 15313313 8360352 6000.80397   49   32 6592.00000 5999.95715  8.98%  73.6 28105s
 15317017 8361993     cutoff   70      6592.00000 5999.95921  8.98%  73.6 28110s
 15319498 8363813 6219.98149  129   47 6592.00000 5999.96143  8.98%  73.6 28115s
 15323898 8365591 6103.25000   61   21 6592.00000 5999.96462  8.98%  73.6 28121s
 15325724 8366389 6313.19043   87  164 6592.00000 5999.96616  8.98%  73.6 28125s
 15328556 8367857 6450.97096   70  238 6592.00000 5999.96839  8.98%  73.6 28131s
 15328718 8372593 6458.54220   71  237 6592.00000 5999.96839  8.98%  73.6 28146s
 15340077 8374468 6091.66071  114   25 6592.00000 5999.97772  8.98%  73.5 28150s
 15344404 8376535 6009.37188   68  122 6592.00000 5999.97935  8.98%  73.5 28156s
 15346919 8377994 6333.32333   55   28 6592.00000 5999.98146  8.98%  73.5 28160s
 15351406 8380244 6125.65000   63   24 6592.00000 5999.98484  8.98%  73.5 28166s
 15353693 8381744 6474.40164   89   96 6592.00000 5999.98718  8.98%  73.5 28170s
 15357867 8383577     cutoff   87      6592.00000 5999.99000  8.98%  73.5 28175s
 15361407 8385693 6420.49656   76  160 6592.00000 5999.99250  8.98%  73.5 28180s
 15365156 8388443 6218.28554   99   43 6592.00000 5999.99476  8.98%  73.5 28185s
 15369106 8390077 6001.21241   70   46 6592.00000 5999.99786  8.98%  73.5 28190s
 15371992 8391752 6022.76471   61   50 6592.00000 6000.00000  8.98%  73.5 28195s
 15374715 8393001 6082.24440   52   34 6592.00000 6000.00000  8.98%  73.5 28201s
 15376781 8394188 infeasible   79      6592.00000 6000.00000  8.98%  73.5 28206s
 15378959 8395407     cutoff   78      6592.00000 6000.00000  8.98%  73.5 28210s
 15383522 8398097 6375.93042   62   20 6592.00000 6000.00313  8.98%  73.5 28216s
 15386689 8399498 6317.44598  120  145 6592.00000 6000.00493  8.98%  73.5 28220s
 15389114 8401259 6272.90224   88  184 6592.00000 6000.00780  8.98%  73.5 28225s
 15393461 8403405 6306.98385   67  135 6592.00000 6000.01040  8.98%  73.5 28231s
 15397314 8404665     cutoff   68      6592.00000 6000.01340  8.98%  73.5 28237s
 15397332 8404673 6386.54418   69   46 6592.00000 6000.01340  8.98%  73.5 28241s
 15397786 8405093 6126.56541   63   72 6592.00000 6000.01397  8.98%  73.5 28245s
