
Gurobi 12.0.0 (win64) logging started Wed Feb 25 09:10:20 2026

Set parameter LogFile to value "Storage_orig/Logs/log______Sens_handling_time_2_2026_02_25_09_10_20.log"
Set parameter MIPGap to value 0
Set parameter OutputFlag to value 1
Gurobi Optimizer version 12.0.0 build v12.0.0rc1 (win64 - Windows 11+.0 (26200.2))

CPU model: Intel(R) Core(TM) i7-9750H CPU @ 2.60GHz, instruction set [SSE2|AVX|AVX2]
Thread count: 6 physical cores, 12 logical processors, using up to 12 threads

Non-default parameters:
MIPGap  0
MIPFocus  2

Optimize a model with 5540 rows, 1032 columns and 14852 nonzeros
Model fingerprint: 0xbcfbdb53
Variable types: 24 continuous, 1008 integer (720 binary)
Coefficient statistics:
  Matrix range     [1e+00, 1e+02]
  Objective range  [1e+01, 2e+03]
  Bounds range     [1e+00, 1e+00]
  RHS range        [1e+00, 2e+02]

User MIP start did not produce a new incumbent solution
User MIP start violates constraint R558 by 23.000000000

Found heuristic solution: objective 18900.000000
Presolve removed 3940 rows and 168 columns
Presolve time: 0.03s
Presolved: 1600 rows, 864 columns, 8604 nonzeros
Variable types: 24 continuous, 840 integer (600 binary)
Root relaxation presolve removed 4 rows and 0 columns
Root relaxation presolved: 1596 rows, 864 columns, 8564 nonzeros


Root relaxation: objective 4.977000e+03, 867 iterations, 0.05 seconds (0.03 work units)

    Nodes    |    Current Node    |     Objective Bounds      |     Work
 Expl Unexpl |  Obj  Depth IntInf | Incumbent    BestBd   Gap | It/Node Time

     0     0 4977.00027    0   34 18900.0000 4977.00027  73.7%     -    0s
H    0     0                    11970.000000 4977.00027  58.4%     -    0s
H    0     0                    11812.000000 4977.00027  57.9%     -    0s
H    0     0                    9732.0000000 4977.00027  48.9%     -    0s
H    0     0                    9592.0000000 4977.00027  48.1%     -    0s
H    0     0                    9512.0000000 4977.73387  47.7%     -    0s
     0     0 4978.80107    0   81 9512.00000 4978.80107  47.7%     -    0s
     0     0 4982.78387    0   64 9512.00000 4982.78387  47.6%     -    0s
H    0     0                    8733.0000000 5040.13387  42.3%     -    0s
     0     0 5040.13387    0  134 8733.00000 5040.13387  42.3%     -    0s
     0     0 5050.98333    0  144 8733.00000 5050.98333  42.2%     -    0s
     0     0 5051.36407    0  142 8733.00000 5051.36407  42.2%     -    0s
     0     0 5051.98380    0  150 8733.00000 5051.98380  42.2%     -    0s
     0     0 5060.56667    0  173 8733.00000 5060.56667  42.1%     -    0s
     0     0 5060.56667    0  181 8733.00000 5060.56667  42.1%     -    0s
     0     0 5060.56667    0  181 8733.00000 5060.56667  42.1%     -    0s
H    0     0                    8673.0000000 5080.43167  41.4%     -    0s
H    0     0                    8494.0000000 5080.43167  40.2%     -    0s
H    0     0                    8354.0000000 5080.43167  39.2%     -    0s
H    0     0                    8294.0000000 5122.01388  38.2%     -    1s
H    0     0                    8014.0000000 5122.01388  36.1%     -    1s
H    0     0                    7998.0000000 5122.01388  36.0%     -    1s
     0     0 5122.01388    0  246 7998.00000 5122.01388  36.0%     -    1s
H    0     0                    7918.0000000 5130.06823  35.2%     -    1s
H    0     0                    7838.0000000 5130.06823  34.5%     -    1s
H    0     0                    7778.0000000 5130.06823  34.0%     -    1s
     0     0 5130.06823    0  236 7778.00000 5130.06823  34.0%     -    1s
     0     0 5133.16459    0  259 7778.00000 5133.16459  34.0%     -    1s
     0     0 5139.49087    0  230 7778.00000 5139.49087  33.9%     -    1s
     0     0 5140.14673    0  257 7778.00000 5140.14673  33.9%     -    1s
     0     0 5140.21658    0  284 7778.00000 5140.21658  33.9%     -    1s
     0     0 5140.66379    0  296 7778.00000 5140.66379  33.9%     -    1s
     0     0 5140.70472    0  311 7778.00000 5140.70472  33.9%     -    1s
H    0     0                    7698.0000000 5140.70472  33.2%     -    1s
     0     0 5154.03099    0  193 7698.00000 5154.03099  33.0%     -    1s
H    0     0                    7558.0000000 5154.04907  31.8%     -    1s
H    0     0                    7522.0000000 5154.04907  31.5%     -    1s
     0     0 5155.18838    0  202 7522.00000 5155.18838  31.5%     -    1s
     0     0 5155.18838    0  216 7522.00000 5155.18838  31.5%     -    1s
     0     0 5167.11689    0  201 7522.00000 5167.11689  31.3%     -    2s
H    0     0                    7498.0000000 5167.11689  31.1%     -    2s
H    0     0                    7462.0000000 5167.11689  30.8%     -    2s
     0     0 5167.20941    0  134 7462.00000 5167.20941  30.8%     -    2s
     0     0 5171.04154    0  281 7462.00000 5171.04154  30.7%     -    2s
     0     0 5175.45790    0  237 7462.00000 5175.45790  30.6%     -    2s
     0     0 5176.06959    0  288 7462.00000 5176.06959  30.6%     -    2s
     0     0 5176.23892    0  271 7462.00000 5176.23892  30.6%     -    2s
     0     0 5176.24023    0  290 7462.00000 5176.24023  30.6%     -    2s
     0     0 5182.86000    0  292 7462.00000 5182.86000  30.5%     -    3s
     0     0 5186.30000    0  286 7462.00000 5186.30000  30.5%     -    3s
     0     0 5186.30000    0  307 7462.00000 5186.30000  30.5%     -    3s
     0     0 5186.30000    0  202 7462.00000 5186.30000  30.5%     -    3s
H    0     0                    7182.0000000 5189.16000  27.7%     -    4s
     0     2 5189.16000    0  192 7182.00000 5189.16000  27.7%     -    4s
    26    33 5189.16000    5  257 7182.00000 5189.16000  27.7%   559    5s
   771   725 6188.71230   63  100 7182.00000 5189.16000  27.7%   170   10s
  1482  1285 5373.69321   23  202 7182.00000 5191.94698  27.7%   173   16s
  1494  1293 5444.31350   18  281 7182.00000 5202.52400  27.6%   171   20s
  1515  1307 6136.40000   55  411 7182.00000 5239.08026  27.1%   169   25s
  1525  1314 6352.04754   41  376 7182.00000 5246.38082  27.0%   168   30s
  1535  1320 5503.93303   43  412 7182.00000 5259.18385  26.8%   167   35s
  1544  1326 5362.47747   34  367 7182.00000 5267.24578  26.7%   166   40s
  1715  1459 5358.52207   22  234 7182.00000 5267.24578  26.7%   216   45s
H 1816  1442                    7122.0000000 5267.24578  26.0%   227   46s
  2119  1679 5678.46978   32  187 7122.00000 5267.24578  26.0%   240   50s
  2749  1939 5969.50649   52  176 7122.00000 5267.24578  26.0%   238   55s
  3665  2430 6075.27649   49  289 7122.00000 5267.24578  26.0%   226   60s
  4669  2860 5341.22786   32  294 7122.00000 5267.24578  26.0%   211   65s
  5642  3345 6902.92035   56  191 7122.00000 5267.24578  26.0%   207   70s
  6965  4401 5348.12913   22  317 7122.00000 5267.24578  26.0%   200   75s
  7803  5066 5661.55566   40  270 7122.00000 5267.24578  26.0%   204   80s
  8689  5797 5965.55429   38  220 7122.00000 5267.24578  26.0%   205   85s
  9603  6326 6065.65361   35  222 7122.00000 5268.74943  26.0%   206   90s
 10808  7433 infeasible   40      7122.00000 5270.30336  26.0%   200   95s
 12113  8421 6260.50634   53  165 7122.00000 5272.68830  26.0%   197  101s
H12740  8766                    7047.0000000 5272.68830  25.2%   197  103s
 13092  9218 5526.87308   28  202 7047.00000 5275.97828  25.1%   196  105s
 14478  9786 5427.66065   28  284 7047.00000 5280.28563  25.1%   194  110s
H14624  9662                    6946.0000000 5280.36409  24.0%   195  110s
 15239 10507 6647.58757   50  204 6946.00000 5280.49404  24.0%   197  115s
H15910 10339                    6842.0000000 5280.49404  22.8%   197  119s
H15959 10192                    6806.0000000 5280.49404  22.4%   197  119s
 16049 10666 5659.10522   38  230 6806.00000 5280.49404  22.4%   197  121s
 17381 11409 6804.36355   65  163 6806.00000 5285.77096  22.3%   198  127s
 18049 11965 5408.76814   25  200 6806.00000 5287.28982  22.3%   197  130s
 19445 12935 6717.53070   39  169 6806.00000 5287.55543  22.3%   199  137s
 20167 13321 5354.41665   32  207 6806.00000 5289.48712  22.3%   201  141s
 20767 14040 6469.18540   41  232 6806.00000 5289.73592  22.3%   201  145s
 22859 15420 5392.72865   23  223 6806.00000 5291.22197  22.3%   201  152s
 23743 15939 6163.69553   55  111 6806.00000 5293.22589  22.2%   201  156s
 24479 16627 5796.79570   45  230 6806.00000 5293.49274  22.2%   203  160s
 26498 17808 5445.22349   29  283 6806.00000 5296.86000  22.2%   203  169s
 27217 18576 5729.59225   35  256 6806.00000 5296.86000  22.2%   203  174s
 28352 19336 6356.81468   43  297 6806.00000 5299.61985  22.1%   204  178s
 29537 19514 5605.66281   32  183 6806.00000 5301.28575  22.1%   204  185s
 29761 20294 5682.98127   34   94 6806.00000 5301.28575  22.1%   204  190s
 30877 21026 6637.58677   67  153 6806.00000 5301.93075  22.1%   205  195s
 31975 21811     cutoff   42      6806.00000 5304.20954  22.1%   205  201s
 33110 22622 5918.04761   31  153 6806.00000 5304.65366  22.1%   207  207s
 34382 23487 5377.24480   35  247 6806.00000 5305.05924  22.1%   207  212s
 35591 24190 5963.70781   47  220 6806.00000 5305.76064  22.0%   209  218s
 36729 25071 6055.25952   31  226 6806.00000 5307.54485  22.0%   211  223s
 38136 25846 5542.88720   43  255 6806.00000 5308.95742  22.0%   210  228s
 39298 26757 5961.30847   51  259 6806.00000 5310.56688  22.0%   210  234s
 40568 27601 6172.14425   27  157 6806.00000 5312.13129  21.9%   210  239s
 41801 28446 5553.71744   31  331 6806.00000 5313.10927  21.9%   209  244s
 43034 29237 5719.70900   48  254 6806.00000 5314.30323  21.9%   209  249s
 44259 30025 5768.46734   36  170 6806.00000 5316.20912  21.9%   208  254s
 45303 30780 5759.99216   48  156 6806.00000 5317.45709  21.9%   209  259s
 46491 31443 6419.88728   78  236 6806.00000 5317.46393  21.9%   210  265s
 47645 32305 6254.93333   49  181 6806.00000 5318.83943  21.9%   210  270s
 48922 33202 5484.93285   19  285 6806.00000 5319.54594  21.8%   210  276s
 50239 34129 5754.75916   53  157 6806.00000 5321.06524  21.8%   209  281s
 51589 34996 5436.91344   32  260 6806.00000 5322.19196  21.8%   209  286s
 52817 35628     cutoff   44      6806.00000 5323.49388  21.8%   209  292s
 53795 36317 5873.45291   32  302 6806.00000 5323.89088  21.8%   210  297s
 54913 37184 5461.48999   26  218 6806.00000 5325.05329  21.8%   210  302s
 56160 37973 6142.97692   35  175 6806.00000 5325.99440  21.7%   210  308s
 57358 38817 5600.04004   31  195 6806.00000 5327.02770  21.7%   210  314s
 58540 39695 6436.40074   36  190 6806.00000 5328.72283  21.7%   210  319s
 59764 40534 5701.80818   27  259 6806.00000 5329.35981  21.7%   211  325s
 61097 41260 6441.86119   33  235 6806.00000 5330.17858  21.7%   210  330s
 62183 42094 infeasible   48      6806.00000 5331.15752  21.7%   211  336s
 63457 42797 6437.55140   58  120 6806.00000 5332.41581  21.7%   211  342s
 64548 43722 5386.59884   25  309 6806.00000 5333.10443  21.6%   211  347s
 65816 44740 5638.40024   23  128 6806.00000 5334.32215  21.6%   211  353s
 67203 45626 5458.81905   32  132 6806.00000 5334.75962  21.6%   211  359s
 68521 46498 6731.58855   75  201 6806.00000 5335.87607  21.6%   211  364s
 69832 47225 6758.10183   70  257 6806.00000 5336.86625  21.6%   211  370s
 70881 48139 5446.59899   26  256 6806.00000 5337.09008  21.6%   211  376s
 72116 49048 5576.14830   39  309 6806.00000 5338.03885  21.6%   211  381s
 73438 49988 5640.76771   45  161 6806.00000 5338.09537  21.6%   211  387s
 75080 50624 5561.45443   32  273 6806.00000 5339.55882  21.5%   210  391s
 76032 50743 6383.94445   47  211 6806.00000 5340.29439  21.5%   210  396s
 76236 51449     cutoff   63      6806.00000 5340.69139  21.5%   210  402s
 77480 52329 5577.66667   24  244 6806.00000 5341.10803  21.5%   209  407s
 78804 53083 infeasible   62      6806.00000 5342.00286  21.5%   209  412s
 79900 53709 5514.68322   26  242 6806.00000 5342.64275  21.5%   209  418s
 80898 54493 6497.09968   41  164 6806.00000 5343.04543  21.5%   210  423s
 82059 55262 5649.99875   26  274 6806.00000 5343.71844  21.5%   210  429s
 83080 56069 5584.22636   49  190 6806.00000 5343.99007  21.5%   210  434s
 84334 56881 5481.57915   36  260 6806.00000 5345.26926  21.5%   210  440s
 85545 57682 6410.32039   52  106 6806.00000 5346.28042  21.4%   210  445s
 86639 58460 6346.89093   44  167 6806.00000 5346.30751  21.4%   210  451s
 88016 58933 5652.06056   32  188 6806.00000 5346.79863  21.4%   210  457s
 88829 59532 5459.19038   36  279 6806.00000 5347.77102  21.4%   210  463s
 89676 60317 6417.48743   47  129 6806.00000 5348.13135  21.4%   210  469s
 90925 61038     cutoff   41      6806.00000 5349.17391  21.4%   210  475s
 92010 61899 6605.06091   65   93 6806.00000 5349.80848  21.4%   211  481s
 93233 62681 6128.92123   36  260 6806.00000 5350.26389  21.4%   211  486s
 94493 63547 5413.21301   31  298 6806.00000 5351.07694  21.4%   211  492s
 95675 64119 6159.77093   35  155 6806.00000 5351.29847  21.4%   211  498s
 96475 64829 6166.90198   30  235 6806.00000 5351.90844  21.4%   212  504s
 97589 65620 5678.56347   25  214 6806.00000 5352.14795  21.4%   212  510s
 98766 66240 6438.73425   45  222 6806.00000 5352.74790  21.4%   213  516s
 99958 67249 6344.22752   44  234 6806.00000 5353.37768  21.3%   213  522s
 101389 68005 5965.72084   35  181 6806.00000 5354.10361  21.3%   213  528s
 102556 68873 infeasible   53      6806.00000 5354.87795  21.3%   213  535s
 103916 69709 6189.94822   52  206 6806.00000 5355.76251  21.3%   212  541s
 105239 70620 6059.53096   33  272 6806.00000 5356.63854  21.3%   212  547s
 106666 71444 6335.47762   43  148 6806.00000 5357.48480  21.3%   212  553s
 107830 72176     cutoff   35      6806.00000 5358.23368  21.3%   212  559s
 108860 73012 6266.62910   46  218 6806.00000 5358.46422  21.3%   212  565s
 110081 73856 5793.79769   35  198 6806.00000 5358.89190  21.3%   213  571s
 111330 74508 6150.32809   34  199 6806.00000 5359.86932  21.2%   212  577s
 112323 75417 6644.48103   42  148 6806.00000 5360.24524  21.2%   212  583s
 113607 76126 6133.43860   48  175 6806.00000 5360.97390  21.2%   212  589s
 114679 76754 6268.13890   35  237 6806.00000 5361.15689  21.2%   213  595s
 115772 77689 5700.25255   39  240 6806.00000 5361.44476  21.2%   213  602s
 117065 78627 6081.34105   44  190 6806.00000 5361.83888  21.2%   213  608s
 118446 79516 6223.31364   49  202 6806.00000 5362.36254  21.2%   213  614s
 119794 80318 5801.72741   40  294 6806.00000 5362.84797  21.2%   213  620s
 121093 81105 6386.40838   52  198 6806.00000 5363.48975  21.2%   212  627s
 122305 82073     cutoff   66      6806.00000 5364.08827  21.2%   212  633s
 123664 82878 5529.55434   35  310 6806.00000 5364.58410  21.2%   212  639s
 124892 83766     cutoff   54      6806.00000 5365.22741  21.2%   212  645s
 126209 84681 5653.83714   33  139 6806.00000 5365.80126  21.2%   212  651s
 127558 85388 5429.82894   32  231 6806.00000 5366.40000  21.2%   212  658s
 128550 85904 6661.75419   61  193 6806.00000 5366.79264  21.1%   212  665s
 129376 87029 5874.70017   38  261 6806.00000 5367.16510  21.1%   211  673s
 131328 87981 6579.92962   71  172 6806.00000 5367.89722  21.1%   211  679s
 132715 88772 5478.42834   28  320 6806.00000 5368.43258  21.1%   211  686s
 133853 89469 6345.00000   36  133 6806.00000 5368.43258  21.1%   211  693s
 134904 90154 6303.24830   45  198 6806.00000 5369.10477  21.1%   211  699s
 136020 91077 6159.31459   42  243 6806.00000 5369.48795  21.1%   212  705s
 137414 92007 6725.69723   61  128 6806.00000 5370.00957  21.1%   212  712s
 138940 92738 5821.53145   48  141 6806.00000 5370.38637  21.1%   211  718s
 140039 93388 5775.47542   39  309 6806.00000 5370.67773  21.1%   211  725s
 141037 94205 6156.97846   40  258 6806.00000 5371.06044  21.1%   212  731s
 142391 95105 5919.39072   25  227 6806.00000 5371.45587  21.1%   211  738s
 143767 95838 5441.65395   45  275 6806.00000 5371.64694  21.1%   211  744s
 144855 96522 6064.64000   42  166 6806.00000 5372.34759  21.1%   212  750s
 145942 97249 5865.28194   39  215 6806.00000 5372.49316  21.1%   212  757s
 146991 98073 infeasible   35      6806.00000 5372.81034  21.1%   212  763s
 148151 98998 6469.34597   48  173 6806.00000 5373.08571  21.1%   212  769s
 149406 99010 5643.86928   29  226 6806.00000 5373.37339  21.0%   212  778s
 149418 99022 6117.00000   29   89 6806.00000 5373.37339  21.0%   212  784s
 149430 99033 5652.66466   30  240 6806.00000 5373.37339  21.0%   212  790s
 149443 99045 5762.60000   30  113 6806.00000 5373.37339  21.0%   212  798s
 149455 99159 5658.16475   31  259 6806.00000 5373.37339  21.0%   212  805s
 149624 99604 5675.59852   31  241 6806.00000 5373.53709  21.0%   212  813s
 150241 100266 5678.00504   32  232 6806.00000 5373.66637  21.0%   212  822s
 151270 101411 6375.04382   53  239 6806.00000 5373.91428  21.0%   212  832s
 152985 102339 6600.26160   47  109 6806.00000 5374.50164  21.0%   212  840s
 154433 103318 5883.98387   50  175 6806.00000 5374.83333  21.0%   212  849s
 155888 104250 6551.13831   44  178 6806.00000 5375.35556  21.0%   213  857s
 157474 105141 5399.39116   33  262 6806.00000 5376.14286  21.0%   213  865s
 158825 106032 5532.01990   41  185 6806.00000 5376.58170  21.0%   213  872s
 160178 106818 6032.75000   36  123 6806.00000 5376.96514  21.0%   213  879s
 161306 107773 5390.06538   23  161 6806.00000 5377.25942  21.0%   213  887s
 162616 108732 5439.65249   27  240 6806.00000 5377.52059  21.0%   213  894s
 164163 109548 5586.02077   31  219 6806.00000 5378.11236  21.0%   213  901s
 165448 110287 6357.10701   30  247 6806.00000 5378.48513  21.0%   213  908s
 166587 111090 5626.55118   36  108 6806.00000 5378.71889  21.0%   213  915s
 167738 112097 6216.13382   47  171 6806.00000 5378.92391  21.0%   213  922s
 169203 112988 6001.16185   35  156 6806.00000 5379.50828  21.0%   213  929s
 170505 113837 5571.86041   37  270 6806.00000 5379.99076  21.0%   213  935s
 171732 114735 5920.00700   23  200 6806.00000 5380.42851  20.9%   213  941s
 173067 115499 5404.75573   30  228 6806.00000 5380.73871  20.9%   213  948s
 174187 116443 6259.22339   42  326 6806.00000 5381.14608  20.9%   213  955s
 175558 117154 6198.41471   39  192 6806.00000 5381.63559  20.9%   213  961s
 176650 118080 6487.96929   60  135 6806.00000 5381.99486  20.9%   213  967s
 178002 118888 6149.59201   25  199 6806.00000 5382.44262  20.9%   213  974s
 179388 119540 6263.88186   48  224 6806.00000 5382.80787  20.9%   213  980s
 180369 120300 6319.14440   52  175 6806.00000 5383.20601  20.9%   213  987s
 181568 121178 6105.59591   46  241 6806.00000 5383.48068  20.9%   213  994s
 182873 122083 5720.24118   45  187 6806.00000 5383.80561  20.9%   213 1000s
 184337 122847     cutoff   55      6806.00000 5384.24500  20.9%   212 1006s
 185463 123875 5705.10204   43  257 6806.00000 5384.24500  20.9%   212 1013s
 186961 124619 5728.02575   42  217 6806.00000 5384.92276  20.9%   212 1019s
 188361 125295 5743.22172   32  229 6806.00000 5385.30681  20.9%   212 1025s
 189455 126244 5572.26695   38  180 6806.00000 5385.37037  20.9%   212 1031s
 190779 127084 6258.80179   48  164 6806.00000 5385.93530  20.9%   212 1037s
 192117 127779 6736.31207   45  238 6806.00000 5386.32121  20.9%   212 1043s
 193376 128261 6279.48228   40   54 6806.00000 5386.60589  20.9%   211 1049s
 194119 129104 5498.90741   40  205 6806.00000 5386.63621  20.9%   212 1055s
 195396 129730     cutoff   51      6806.00000 5387.14781  20.8%   212 1061s
 196405 130413 6630.50468   66  179 6806.00000 5387.35067  20.8%   212 1067s
 197529 131114 5445.40635   33  196 6806.00000 5387.61600  20.8%   212 1073s
 198569 131920 6484.31757   45  185 6806.00000 5387.73679  20.8%   212 1079s
 199919 132770 5482.14044   33  333 6806.00000 5388.17065  20.8%   212 1085s
 201343 133429 6353.98943   46  164 6806.00000 5388.45305  20.8%   212 1091s
 202544 134196 6250.06390   34  167 6806.00000 5388.63560  20.8%   212 1097s
 203757 134985 6054.24885   31  233 6806.00000 5388.98283  20.8%   212 1104s
 205006 135853 5848.32315   44  225 6806.00000 5389.39933  20.8%   212 1110s
 206191 136670 5469.40580   28  211 6806.00000 5389.67797  20.8%   212 1116s
 207449 137537 6142.93488   33  210 6806.00000 5389.93324  20.8%   212 1122s
 208808 138305 6760.99626   48   72 6806.00000 5390.43145  20.8%   211 1128s
 210056 139072 5669.32066   31  213 6806.00000 5390.81012  20.8%   211 1134s
 211161 139870 6008.10038   41  225 6806.00000 5391.03450  20.8%   212 1140s
 212319 140583 6003.36935   51  173 6806.00000 5391.31563  20.8%   212 1147s
 213446 141326 5627.65375   32  194 6806.00000 5391.45158  20.8%   212 1153s
 214616 142163 5424.00365   34  247 6806.00000 5391.78000  20.8%   212 1159s
 215929 143004 5583.44887   32  311 6806.00000 5392.25684  20.8%   212 1166s
 217112 143827     cutoff   46      6806.00000 5392.42756  20.8%   212 1172s
 218439 144688 6196.15644   39  182 6806.00000 5392.92489  20.8%   212 1178s
 219606 145540 6059.05245   66  195 6806.00000 5393.25073  20.8%   212 1184s
 220772 146402 6386.15000   40  122 6806.00000 5393.47022  20.8%   212 1190s
 222040 147200 6481.23332   48  117 6806.00000 5393.91751  20.7%   212 1197s
 223287 147810 6754.14924   53  162 6806.00000 5394.30201  20.7%   212 1202s
 224198 148621 6065.29890   44  218 6806.00000 5394.59999  20.7%   212 1209s
 225464 149358 infeasible   33      6806.00000 5395.03918  20.7%   212 1215s
 226764 150048 6214.25266   45  204 6806.00000 5395.23647  20.7%   212 1222s
 227997 150941 6385.73901   46  188 6806.00000 5395.68245  20.7%   212 1228s
 229304 151627 5472.68469   35  326 6806.00000 5396.11837  20.7%   212 1234s
 230260 152262 6573.51406   71  142 6806.00000 5396.18677  20.7%   212 1241s
 231407 152853 5635.25371   38  237 6806.00000 5396.32824  20.7%   212 1247s
 232297 153590 6472.88087   38  229 6806.00000 5396.57558  20.7%   212 1254s
 233515 154464 5516.58422   32  308 6806.00000 5396.72319  20.7%   212 1261s
 234991 155369 6063.34150   38  146 6806.00000 5397.20192  20.7%   212 1267s
 236344 156321 5973.26888   29  260 6806.00000 5397.53872  20.7%   212 1273s
 237731 157150 6184.21788   46  255 6806.00000 5397.69328  20.7%   212 1280s
 238972 157926 6589.42109   58  116 6806.00000 5398.21677  20.7%   212 1287s
 240195 158557 6591.27747   61   88 6806.00000 5398.45452  20.7%   212 1293s
 241359 159412 6752.59708   54  176 6806.00000 5398.77788  20.7%   212 1300s
 242722 160137 6153.50018   40  226 6806.00000 5399.06131  20.7%   212 1306s
 243918 160839 5590.09174   34  279 6806.00000 5399.42453  20.7%   212 1313s
 245270 161664 6100.03867   32  236 6806.00000 5399.63998  20.7%   211 1319s
 246472 162470 5539.79819   37  186 6806.00000 5399.91605  20.7%   211 1325s
 247610 163260 6368.53040   43  171 6806.00000 5400.12495  20.7%   211 1331s
 248754 164042 6615.29474   47  224 6806.00000 5400.22478  20.7%   211 1337s
 249879 164912 6348.18705   55  189 6806.00000 5400.56848  20.6%   212 1344s
 251099 165707 5492.41538   27  311 6806.00000 5400.86204  20.6%   212 1351s
 252330 166575 6136.94121   29  245 6806.00000 5401.15285  20.6%   212 1358s
 253602 167316 5405.36819   28  312 6806.00000 5401.41971  20.6%   212 1364s
 254942 168130 6267.33333   45  139 6806.00000 5401.54337  20.6%   211 1371s
 256285 168937 6183.05702   53  182 6806.00000 5401.87172  20.6%   211 1378s
 257483 169615     cutoff   45      6806.00000 5402.19294  20.6%   211 1384s
 258470 170596 infeasible   50      6806.00000 5402.33973  20.6%   212 1392s
 260000 171536 6381.30880   46   99 6806.00000 5402.69933  20.6%   211 1399s
 261404 172399 6312.37349   49  179 6806.00000 5403.07538  20.6%   211 1406s
 262863 173222 5458.76754   34  304 6806.00000 5403.38701  20.6%   211 1413s
 264032 174159 6376.86171   47  180 6806.00000 5403.59956  20.6%   211 1419s
 265350 174824 6204.19665   34  233 6806.00000 5403.75584  20.6%   211 1425s
 266455 175620 5472.61411   33  240 6806.00000 5404.01494  20.6%   211 1432s
 267588 176353 5536.14770   26  300 6806.00000 5404.32251  20.6%   211 1439s
 268742 177280 5662.86422   35  125 6806.00000 5404.55345  20.6%   211 1445s
 270061 177960 6120.40000   53  180 6806.00000 5404.70008  20.6%   211 1451s
 271155 178696 5932.41789   43  186 6806.00000 5404.80852  20.6%   211 1458s
 272336 179547 6057.08571   35  118 6806.00000 5405.16946  20.6%   211 1464s
 273523 180298 5635.79038   28  241 6806.00000 5405.37497  20.6%   211 1470s
 274632 181073 6727.07759   60  148 6806.00000 5405.57293  20.6%   211 1477s
 275784 181848 6575.21902   51  210 6806.00000 5405.92473  20.6%   211 1483s
 276952 182404 6274.58977   36  215 6806.00000 5406.11240  20.6%   211 1490s
 278242 183083 5972.98111   50  229 6806.00000 5406.48214  20.6%   211 1497s
 279439 183662     cutoff   51      6806.00000 5406.60040  20.6%   212 1503s
 280454 184400     cutoff   53      6806.00000 5406.85634  20.6%   212 1510s
 281651 185223 5688.54044   31  250 6806.00000 5407.02125  20.6%   212 1516s
 282940 186083 5431.13063   37  311 6806.00000 5407.36269  20.6%   212 1523s
 284242 186910 6662.50000   58  139 6806.00000 5407.56236  20.5%   212 1530s
 285653 187872 5834.06905   45  226 6806.00000 5407.72638  20.5%   212 1536s
 287087 188528 5459.39518   34  298 6806.00000 5408.02106  20.5%   212 1543s
 288125 189224     cutoff   63      6806.00000 5408.21524  20.5%   212 1549s
 289215 189988 6728.03384   64  128 6806.00000 5408.39587  20.5%   212 1556s
 290363 190828 5806.57529   34  210 6806.00000 5408.73285  20.5%   212 1563s
 291667 191636 6576.11629   40  192 6806.00000 5408.90573  20.5%   212 1569s
 292915 192482 6506.56382   62  141 6806.00000 5409.04918  20.5%   212 1576s
 294436 193376 6216.39195   49  217 6806.00000 5409.26232  20.5%   212 1583s
 295761 194218 6208.69767   61  167 6806.00000 5409.41575  20.5%   211 1588s
 296978 195083 5479.29827   33  357 6806.00000 5409.66336  20.5%   211 1594s
 298191 195635     cutoff   72      6806.00000 5409.80782  20.5%   211 1600s
 299397 196329 6403.91389   55  162 6806.00000 5410.00936  20.5%   211 1606s
 300598 197003 5602.71352   37  270 6806.00000 5410.27384  20.5%   211 1612s
 301644 197821 6124.19612   32  262 6806.00000 5410.44471  20.5%   211 1618s
 302921 198621 5644.50218   36  274 6806.00000 5410.71153  20.5%   211 1624s
 304148 199506 5493.63827   34  308 6806.00000 5410.94895  20.5%   211 1630s
 305487 200347 6152.78841   39  247 6806.00000 5411.15194  20.5%   211 1636s
 306639 201124 6351.08954   47  175 6806.00000 5411.38593  20.5%   211 1642s
 307782 201818 6447.69728   47  242 6806.00000 5411.66667  20.5%   211 1648s
 308910 202579 5626.26106   37  264 6806.00000 5411.83783  20.5%   211 1655s
 310099 203296 infeasible   32      6806.00000 5412.08837  20.5%   211 1661s
 311166 204204 5511.68232   35  372 6806.00000 5412.20024  20.5%   211 1667s
 312409 205042 6133.88636   34  110 6806.00000 5412.35993  20.5%   211 1673s
 313729 205821 5431.83458   37  295 6806.00000 5412.70700  20.5%   211 1679s
 314919 206481     cutoff   40      6806.00000 5412.93737  20.5%   210 1685s
 315912 207242 6442.66809   44  216 6806.00000 5413.12504  20.5%   211 1692s
 317094 208028 6039.01951   54  259 6806.00000 5413.30170  20.5%   211 1698s
 318427 208653 6312.31196   52  125 6806.00000 5413.32376  20.5%   211 1705s
 319658 209428 5932.31169   33  211 6806.00000 5413.55028  20.5%   211 1711s
 320870 210166 6430.99434   42  159 6806.00000 5413.78824  20.5%   211 1717s
 322011 210830 6076.25000   34   91 6806.00000 5413.99904  20.5%   211 1724s
 323186 211599 6190.42781   49  211 6806.00000 5414.29115  20.4%   211 1730s
 324459 212412 5715.89127   35  249 6806.00000 5414.49871  20.4%   210 1737s
 325771 213107 6209.80557   59  166 6806.00000 5414.77678  20.4%   210 1743s
 326891 213889 5832.37014   42  223 6806.00000 5414.92056  20.4%   210 1750s
 328060 214769 6497.90438   47  147 6806.00000 5415.20000  20.4%   211 1756s
 329290 215490 infeasible   58      6806.00000 5415.34519  20.4%   211 1763s
 330495 216215 6209.80000   32  136 6806.00000 5415.54945  20.4%   211 1769s
 331692 217051 6630.79211   57  179 6806.00000 5415.79634  20.4%   211 1776s
 332885 217917 5494.27055   32  271 6806.00000 5415.84218  20.4%   211 1782s
 334197 218684 6412.51630   47  191 6806.00000 5416.01912  20.4%   211 1789s
 335476 219051 5460.40457   37  163 6806.00000 5416.28491  20.4%   211 1797s
 336052 219721 5480.14358   35  299 6806.00000 5416.31776  20.4%   211 1804s
 337163 220440 6714.92187   50  254 6806.00000 5416.39688  20.4%   211 1810s
 338350 221246 6644.36687   57  200 6806.00000 5416.73391  20.4%   211 1817s
 339634 221998 5655.50293   36  223 6806.00000 5416.94957  20.4%   211 1825s
 340853 222778 5719.65948   49  233 6806.00000 5417.12412  20.4%   211 1831s
 341994 223740 6497.94560   49  195 6806.00000 5417.29112  20.4%   211 1839s
 343470 224552 6151.60476   42  191 6806.00000 5417.50525  20.4%   211 1845s
 344880 225385 6271.14286   42  252 6806.00000 5417.75622  20.4%   211 1852s
 346115 226251 5441.99530   38  351 6806.00000 5417.92304  20.4%   211 1859s
 347451 227017 6699.66913   55  121 6806.00000 5418.09833  20.4%   211 1866s
 348688 227654 5856.10000   36  151 6806.00000 5418.33594  20.4%   211 1872s
 349850 228377 infeasible   50      6806.00000 5418.56473  20.4%   211 1878s
 351030 229129     cutoff   55      6806.00000 5418.74924  20.4%   211 1886s
 352183 229959 6600.57682   42  180 6806.00000 5418.80000  20.4%   211 1892s
 353582 230731 5997.03740   31  212 6806.00000 5418.95229  20.4%   211 1899s
 354817 231503 6366.38507   61  215 6806.00000 5419.37618  20.4%   211 1906s
 355997 232288 5900.17500   33  136 6806.00000 5419.50172  20.4%   211 1913s
 357243 233049 6554.10437   42  193 6806.00000 5419.53019  20.4%   211 1920s
 358481 233761 6190.59424   61  200 6806.00000 5419.77236  20.4%   211 1926s
 359694 234487 infeasible   43      6806.00000 5419.86933  20.4%   211 1933s
 360971 235472 6337.73181   53  200 6806.00000 5420.09560  20.4%   211 1939s
 362385 236199 5872.28016   42  175 6806.00000 5420.27567  20.4%   211 1947s
 363499 236967     cutoff   53      6806.00000 5420.46192  20.4%   211 1953s
 364675 237697 6634.09950   70  118 6806.00000 5420.82657  20.4%   211 1960s
 365767 238502 6438.61807   44  169 6806.00000 5420.97373  20.4%   211 1966s
 366953 239155 5451.88066   30  355 6806.00000 5421.08123  20.3%   211 1973s
 368063 239897 6589.00000   71   99 6806.00000 5421.15611  20.3%   211 1980s
 369200 240726 6244.00000   31  178 6806.00000 5421.20504  20.3%   211 1987s
 370547 241576 5523.95862   31  310 6806.00000 5421.54792  20.3%   211 1994s
 371836 242408 6132.37744   41  164 6806.00000 5421.72130  20.3%   211 2001s
 373007 243215 5619.88180   33  338 6806.00000 5421.96845  20.3%   211 2009s
 374235 244094 6028.30000   28  141 6806.00000 5422.16475  20.3%   211 2015s
 375541 244814 infeasible   55      6806.00000 5422.41122  20.3%   211 2022s
 376777 245580 5452.66734   38  288 6806.00000 5422.56837  20.3%   211 2029s
 378019 246333 5692.64613   31  262 6806.00000 5422.77494  20.3%   211 2037s
 379126 246888 6542.29777   63  125 6806.00000 5422.93917  20.3%   211 2044s
 380091 247502 5539.56315   39  160 6806.00000 5423.16033  20.3%   211 2051s
 381289 248165 6802.22566   49  164 6806.00000 5423.23234  20.3%   211 2058s
 382411 248981 6152.77728   40  193 6806.00000 5423.47673  20.3%   212 2066s
 383662 249752 5509.14652   45  292 6806.00000 5423.57083  20.3%   212 2073s
 384952 250367 5721.91172   38  196 6806.00000 5423.80695  20.3%   212 2080s
 385887 251288 6680.58162   63  135 6806.00000 5423.99004  20.3%   212 2088s
 387318 252124 5766.74445   39  281 6806.00000 5424.18944  20.3%   212 2095s
 388672 253009 6167.29219   40  131 6806.00000 5424.49650  20.3%   212 2103s
 390075 253703 6281.70685   43  206 6806.00000 5424.68247  20.3%   212 2110s
 391197 254666 6318.00000   30  171 6806.00000 5424.90086  20.3%   212 2117s
 392459 255545 6697.20707   72  139 6806.00000 5424.94838  20.3%   212 2124s
 393794 256296 6315.62059   38  158 6806.00000 5425.15293  20.3%   212 2131s
 394896 257252 5473.46158   42  227 6806.00000 5425.23978  20.3%   212 2138s
 396278 258035 5575.82353   32  199 6806.00000 5425.52250  20.3%   212 2145s
 397570 258789 5553.91003   36  285 6806.00000 5425.62149  20.3%   212 2152s
 398728 259454 5578.57354   34  264 6806.00000 5425.85813  20.3%   212 2159s
 399659 260063 6125.58069   37  209 6806.00000 5426.06349  20.3%   212 2166s
 401008 260755 infeasible   45      6806.00000 5426.07639  20.3%   212 2173s
 402277 261548 5445.40011   30  292 6806.00000 5426.20304  20.3%   212 2180s
 403663 262057 6348.40998   45  236 6806.00000 5426.52550  20.3%   212 2187s
 404748 262625 6666.77702   59  174 6806.00000 5426.57060  20.3%   212 2194s
 405673 263529 5657.29576   34  275 6806.00000 5426.78856  20.3%   212 2202s
 407028 264351 6248.39019   30  188 6806.00000 5426.91878  20.3%   212 2210s
 408282 265225 5616.51476   41  250 6806.00000 5427.03193  20.3%   212 2218s
 409660 265895     cutoff   55      6806.00000 5427.17119  20.3%   212 2226s
 410916 266676 6369.12710   42  143 6806.00000 5427.44925  20.3%   212 2234s
 412174 267549 6370.29952   48  178 6806.00000 5427.63502  20.3%   212 2241s
 413581 268400 5548.92025   34  241 6806.00000 5427.77345  20.3%   212 2249s
 414955 269111 6443.90873   33  297 6806.00000 5427.99024  20.2%   212 2256s
 416069 270046 6076.24941   24  232 6806.00000 5427.99024  20.2%   212 2264s
 417502 270830 6637.58900   50  141 6806.00000 5428.30973  20.2%   212 2271s
 418740 271383 5651.16334   31  310 6806.00000 5428.51430  20.2%   212 2278s
 419788 272184 6305.29412   46  189 6806.00000 5428.65416  20.2%   213 2286s
 420943 272959 6141.63466   38  146 6806.00000 5428.80402  20.2%   213 2293s
 422343 273577 5887.50000   46  162 6806.00000 5429.00758  20.2%   213 2299s
 423449 274304 6020.49212   30  166 6806.00000 5429.19167  20.2%   213 2307s
 424628 275140 5535.09379   28  243 6806.00000 5429.32930  20.2%   213 2314s
 425917 276026 5913.58354   46  178 6806.00000 5429.43235  20.2%   213 2321s
 427298 276822 5964.31183   37  222 6806.00000 5429.68776  20.2%   213 2328s
 428537 277640 6315.69108   46  179 6806.00000 5429.77959  20.2%   213 2335s
 429818 278318 6507.54124   37  153 6806.00000 5430.03617  20.2%   213 2342s
 430874 278962 6548.93981   45  216 6806.00000 5430.03617  20.2%   213 2349s
 431947 279818 5668.12415   35  265 6806.00000 5430.23377  20.2%   213 2356s
 433327 280559 6153.01442   42  233 6806.00000 5430.57103  20.2%   213 2363s
 434683 281233 6337.83598   38  229 6806.00000 5430.72458  20.2%   213 2370s
 435781 282069 5685.37586   35  245 6806.00000 5430.85018  20.2%   213 2377s
 437037 282743     cutoff   54      6806.00000 5431.14644  20.2%   213 2384s
 438077 283364 5505.18505   33  297 6806.00000 5431.19926  20.2%   213 2391s
 439167 284188 6230.32234   33  270 6806.00000 5431.29447  20.2%   213 2399s
 440634 284789 6525.63630   61  173 6806.00000 5431.54194  20.2%   213 2405s
 441651 285779 5966.08694   43  208 6806.00000 5431.68769  20.2%   213 2413s
 443085 286435 6636.32661   57  220 6806.00000 5431.83023  20.2%   213 2420s
 444356 287212 6584.69263   48  182 6806.00000 5432.00929  20.2%   213 2428s
 445511 287901 6757.40000   41  148 6806.00000 5432.07660  20.2%   213 2435s
 446641 288051 6253.72201   61  218 6806.00000 5432.21076  20.2%   213 2443s
 446928 288681 6484.83427   44  164 6806.00000 5432.21076  20.2%   213 2451s
 447991 289272 5545.17947   31  300 6806.00000 5432.27057  20.2%   213 2460s
 448905 290082 6569.10531   43  200 6806.00000 5432.46123  20.2%   213 2468s
 450353 291012 6658.84623   59  158 6806.00000 5432.68077  20.2%   213 2476s
 451771 291969 6659.25845   69  212 6806.00000 5432.88891  20.2%   213 2484s
 453156 292837 6274.69528   33  144 6806.00000 5432.93031  20.2%   213 2491s
 454549 293574 5741.91983   35  318 6806.00000 5433.26624  20.2%   213 2499s
 455702 294487     cutoff   66      6806.00000 5433.46643  20.2%   213 2507s
 457152 295411 5753.07698   45  290 6806.00000 5433.66311  20.2%   213 2515s
 458591 296026 6458.21232   67  196 6806.00000 5433.94513  20.2%   213 2522s
 459482 297022 6064.20378   56  235 6806.00000 5433.94513  20.2%   213 2531s
 461052 297852 5604.87494   31  226 6806.00000 5434.28125  20.2%   213 2539s
 462353 298812 6349.76066   37  162 6806.00000 5434.48389  20.2%   213 2546s
 463758 299598 6092.24659   39  176 6806.00000 5434.64498  20.1%   213 2553s
 465053 300409 5736.87029   49  170 6806.00000 5434.95492  20.1%   213 2560s
 466340 301144 6267.36379   42  210 6806.00000 5435.02911  20.1%   213 2567s
 467537 301900 6217.59900   56  185 6806.00000 5435.26278  20.1%   213 2575s
 468701 302678 5986.85952   35  125 6806.00000 5435.46002  20.1%   213 2582s
 469881 303371 infeasible   63      6806.00000 5435.65694  20.1%   213 2589s
 471069 304230 5662.50200   36  244 6806.00000 5435.89219  20.1%   213 2596s
 472438 305024     cutoff   60      6806.00000 5436.07908  20.1%   213 2604s
 473951 305945 6163.87234   45   96 6806.00000 5436.34012  20.1%   213 2611s
 475330 306507 6029.00000   31  115 6806.00000 5436.46114  20.1%   213 2618s
 476319 307212 6084.87515   35  224 6806.00000 5436.68391  20.1%   213 2624s
 477438 307913 5926.06511   40  276 6806.00000 5436.76683  20.1%   213 2631s
 478607 308779 5702.14403   33  206 6806.00000 5436.99752  20.1%   213 2639s
 479927 309584 5699.40847   56  233 6806.00000 5437.15079  20.1%   213 2646s
 481152 310522 5568.35922   38  273 6806.00000 5437.34027  20.1%   213 2653s
 482529 311383 6030.95789   32  129 6806.00000 5437.62731  20.1%   213 2660s
 483681 312090 6454.67831   63  192 6806.00000 5437.68788  20.1%   213 2668s
 484833 312863 6677.20439   46  236 6806.00000 5437.83308  20.1%   213 2675s
 486202 313734 5667.43716   42  223 6806.00000 5437.97608  20.1%   213 2682s
 487516 314500 6020.12661   28  142 6806.00000 5438.17060  20.1%   213 2689s
 488623 315275 6395.85593   50  219 6806.00000 5438.28981  20.1%   213 2697s
 489858 315905 6186.48727   33  231 6806.00000 5438.42339  20.1%   213 2704s
 491052 316561 6182.39023   41  152 6806.00000 5438.52365  20.1%   213 2711s
 492106 317424 5957.92514   37  213 6806.00000 5438.67669  20.1%   213 2718s
 493401 318214 6456.22922   39  148 6806.00000 5438.86094  20.1%   213 2725s
 494604 318986 6172.91133   60  234 6806.00000 5438.97036  20.1%   213 2732s
 495766 319872 5496.55112   31  285 6806.00000 5439.17670  20.1%   213 2739s
 497111 320614 6382.09963   46  152 6806.00000 5439.41778  20.1%   213 2745s
 498226 321360 5665.46074   32  206 6806.00000 5439.51920  20.1%   213 2752s
 499458 321928 6383.40231   48  152 6806.00000 5439.72239  20.1%   213 2759s
 500322 322681 6190.91907   39  200 6806.00000 5439.83044  20.1%   213 2766s
 501492 323335 6566.50779   45  170 6806.00000 5440.00000  20.1%   213 2774s
 502496 324067 6704.48382   74  159 6806.00000 5440.07217  20.1%   213 2781s
 503727 324954 5771.35320   44  211 6806.00000 5440.21700  20.1%   213 2789s
 505095 325747 5552.14553   34  360 6806.00000 5440.41043  20.1%   213 2796s
 506351 326658 5840.60000   36  154 6806.00000 5440.62527  20.1%   213 2803s
 507664 327459 6341.00000   49  140 6806.00000 5440.82523  20.1%   213 2811s
 508863 328402 6265.83218   46  159 6806.00000 5440.99828  20.1%   213 2818s
 510365 329169 6353.31607   45  231 6806.00000 5441.12813  20.1%   213 2825s
 511456 329866 6080.53878   40  227 6806.00000 5441.19981  20.1%   213 2832s
 512584 330675 6703.86986   51  151 6806.00000 5441.30708  20.1%   213 2839s
 513836 331512 6050.00408   36  200 6806.00000 5441.45360  20.0%   213 2846s
 515085 332145 5958.38211   42  207 6806.00000 5441.61180  20.0%   213 2852s
 516175 332772 6355.57312   37  259 6806.00000 5441.72693  20.0%   213 2859s
 517145 333491 infeasible   32      6806.00000 5441.84879  20.0%   213 2866s
 518296 334261 6420.69330   42  188 6806.00000 5441.93949  20.0%   213 2873s
 519444 335001 6705.62435   42  163 6806.00000 5442.00980  20.0%   213 2880s
 520736 335828 6595.05644   52  118 6806.00000 5442.17826  20.0%   213 2887s
 522029 336516 6264.17940   36  180 6806.00000 5442.36493  20.0%   213 2895s
 523121 336689 6281.95745   61  171 6806.00000 5442.46618  20.0%   213 2903s
 523411 337150 infeasible   59      6806.00000 5442.46618  20.0%   213 2910s
 524144 337753 6089.49287   45  237 6806.00000 5442.57854  20.0%   213 2918s
 525096 338652 6484.29462   51  171 6806.00000 5442.58974  20.0%   213 2926s
 526496 339451 6256.23209   47  105 6806.00000 5442.88432  20.0%   213 2934s
 527719 340208 6193.87661   36  198 6806.00000 5443.11154  20.0%   213 2941s
 529149 341152     cutoff   53      6806.00000 5443.42319  20.0%   213 2949s
 530660 341871 6706.18462   47  122 6806.00000 5443.52715  20.0%   213 2956s
 531829 342768 6779.88657   50  222 6806.00000 5443.68538  20.0%   213 2963s
 533083 343391 6050.43076   43  241 6806.00000 5443.80457  20.0%   213 2970s
 534116 344130 6092.83228   50  184 6806.00000 5443.96149  20.0%   213 2977s
 535374 344974 6683.91537   51  185 6806.00000 5444.08469  20.0%   213 2985s
 536656 345691 5631.48031   43  241 6806.00000 5444.16496  20.0%   213 2992s
 537793 346474 5539.24822   51  258 6806.00000 5444.32237  20.0%   213 3000s
 538973 347360 5764.79235   40  196 6806.00000 5444.49370  20.0%   213 3007s
 540230 348218 6791.39855   64  159 6806.00000 5444.61140  20.0%   213 3015s
 541505 348894 6056.87008   35  203 6806.00000 5444.68693  20.0%   213 3022s
 542686 349817 6093.00874   34  122 6806.00000 5444.81686  20.0%   213 3030s
 544070 350429 6683.05268   59  158 6806.00000 5444.97037  20.0%   213 3037s
 545214 351297 5826.43848   31  170 6806.00000 5445.11667  20.0%   213 3044s
 546538 352098 6215.02744   50  190 6806.00000 5445.29847  20.0%   213 3052s
 547959 352748 5453.99607   31  236 6806.00000 5445.40963  20.0%   213 3059s
 549091 353285 5706.71548   38  168 6806.00000 5445.62369  20.0%   213 3066s
 550187 354151 5558.99711   31  327 6806.00000 5445.69180  20.0%   213 3074s
 551676 354759     cutoff   50      6806.00000 5445.85072  20.0%   213 3081s
 552985 355535 5463.10874   25  239 6806.00000 5445.98221  20.0%   213 3088s
 554153 356285 5973.50732   34  214 6806.00000 5446.22682  20.0%   213 3095s
 555359 356910 5652.24761   40  249 6806.00000 5446.41239  20.0%   213 3101s
 556331 357534     cutoff   48      6806.00000 5446.48581  20.0%   213 3108s
 557344 358309 6221.48996   44  164 6806.00000 5446.54988  20.0%   213 3115s
 558598 358931 6175.87030   42  181 6806.00000 5446.68651  20.0%   213 3122s
 559713 359672 5869.38332   38  249 6806.00000 5446.78462  20.0%   213 3129s
 560746 360305     cutoff   35      6806.00000 5446.92360  20.0%   213 3135s
 562125 361061 6040.39373   41  277 6806.00000 5446.94228  20.0%   213 3143s
 563416 361931 6710.35766   71  146 6806.00000 5447.03044  20.0%   213 3150s
 564727 362487 6768.37344   74  170 6806.00000 5447.16633  20.0%   213 3157s
 565783 363306 6534.77668   48  224 6806.00000 5447.30938  20.0%   213 3164s
 566996 364031     cutoff   57      6806.00000 5447.47001  20.0%   213 3170s
 568178 364788 6746.92485   69  191 6806.00000 5447.67413  20.0%   213 3177s
 569373 365542 6284.07080   34  103 6806.00000 5447.82437  20.0%   213 3184s
 570554 366442 5576.99048   35  162 6806.00000 5447.98658  20.0%   213 3191s
 571864 367235 6422.70261   73  233 6806.00000 5448.13062  20.0%   213 3198s
 573109 367923 5974.97486   37  213 6806.00000 5448.25192  19.9%   213 3205s
 574245 368500 6290.51431   53  201 6806.00000 5448.39775  19.9%   213 3212s
 575179 369166 6334.14421   35  200 6806.00000 5448.55322  19.9%   213 3219s
 576357 369987 6467.38319   48  153 6806.00000 5448.65432  19.9%   213 3226s
 577692 370767 6075.58871   38  155 6806.00000 5448.75645  19.9%   213 3233s
 578858 371618 5724.59521   35  219 6806.00000 5448.84943  19.9%   213 3241s
 580188 372278 6008.50000   42  154 6806.00000 5448.96669  19.9%   213 3248s
 581230 373010 5671.96440   35  232 6806.00000 5449.09486  19.9%   213 3256s
 582358 373799 6541.09895   83  147 6806.00000 5449.18333  19.9%   213 3263s
 583632 374629 6283.57152   52  217 6806.00000 5449.32739  19.9%   213 3270s
 584874 375206 6162.28752   47  293 6806.00000 5449.42857  19.9%   213 3277s
 585927 375909 6092.10763   33  262 6806.00000 5449.58176  19.9%   213 3284s
 586950 376850 6408.86752   45  237 6806.00000 5449.62865  19.9%   213 3292s
 588454 377697 6193.40000   51  140 6806.00000 5449.76638  19.9%   213 3300s
 589843 378506 6630.76552   57  180 6806.00000 5449.96250  19.9%   213 3308s
 591043 379338 6265.41337   41  136 6806.00000 5450.08446  19.9%   213 3315s
 592401 380205 5544.67720   25  247 6806.00000 5450.31336  19.9%   213 3322s
 593768 380985 6062.68368   37  163 6806.00000 5450.36503  19.9%   213 3330s
 594982 381765 5711.95801   38  169 6806.00000 5450.53785  19.9%   213 3337s
 596264 382489 6378.00000   42   67 6806.00000 5450.61616  19.9%   213 3344s
 597450 383336 infeasible   49      6806.00000 5450.75307  19.9%   213 3351s
 598842 384033 6412.03358   63  106 6806.00000 5450.91293  19.9%   213 3358s
 600149 384607 6522.87479   52  175 6806.00000 5451.12817  19.9%   213 3365s
 601289 385420 6282.85313   47   91 6806.00000 5451.21404  19.9%   213 3372s
 602535 386168 6559.05125   44  215 6806.00000 5451.30491  19.9%   213 3379s
 603677 386990 5836.88753   46  191 6806.00000 5451.46820  19.9%   213 3386s
 604871 387729 5541.38194   33  251 6806.00000 5451.63938  19.9%   213 3392s
 606185 388282 5701.42262   37  265 6806.00000 5451.73702  19.9%   213 3399s
 607176 388919 6136.29827   34  253 6806.00000 5451.86751  19.9%   213 3405s
 608195 389592 5555.06223   30  320 6806.00000 5451.95691  19.9%   213 3412s
 609235 390376     cutoff   51      6806.00000 5452.05797  19.9%   213 3420s
 610807 391253 5662.01873   43  224 6806.00000 5452.18145  19.9%   213 3427s
 612159 391847 6074.85984   39  211 6806.00000 5452.25325  19.9%   213 3434s
 613065 392535 6193.15385   31  217 6806.00000 5452.41792  19.9%   213 3441s
 614192 393172 6702.06395   57  163 6806.00000 5452.62278  19.9%   213 3448s
 615278 393895 5587.84058   32  332 6806.00000 5452.76324  19.9%   213 3455s
 616357 394549 6562.01342   43  218 6806.00000 5452.88875  19.9%   213 3463s
 617454 395314 6288.39455   36  260 6806.00000 5453.02111  19.9%   213 3470s
 618711 395414 6444.38598   78  164 6806.00000 5453.10000  19.9%   213 3480s
 618884 396045 5603.33167   32  209 6806.00000 5453.10000  19.9%   213 3487s
 619990 396709 6646.34161   49  179 6806.00000 5453.12230  19.9%   213 3495s
 621163 397424 5582.65549   27  193 6806.00000 5453.32956  19.9%   213 3503s
 622300 398045 6345.49115   48  120 6806.00000 5453.41893  19.9%   213 3509s
 623620 398580 6274.93579   48  235 6806.00000 5453.61308  19.9%   213 3515s
 624679 399243 6237.15346   43  177 6806.00000 5453.81727  19.9%   213 3522s
 625754 400022 6564.84192   47  235 6806.00000 5453.91583  19.9%   213 3528s
 627030 400658 5498.05593   33  364 6806.00000 5453.99404  19.9%   213 3536s
 628062 401359 5930.76097   39  224 6806.00000 5454.04761  19.9%   213 3543s
 629160 402083 5718.66087   37  183 6806.00000 5454.13413  19.9%   213 3550s
 630304 402725 6146.83135   39  225 6806.00000 5454.31332  19.9%   213 3557s
 631487 403487 5780.66153   41  238 6806.00000 5454.35931  19.9%   213 3564s
 632838 404412 6279.49360   56  133 6806.00000 5454.45802  19.9%   213 3571s
 634233 405014 6237.38316   47  151 6806.00000 5454.55876  19.9%   213 3578s
 635301 405774 5870.82097   41  227 6806.00000 5454.69318  19.9%   213 3585s
 636461 406543 5619.26819   40  218 6806.00000 5454.80272  19.9%   213 3592s
 637703 407397 5736.47779   34  189 6806.00000 5454.96449  19.9%   213 3600s
 638967 408275 5770.51526   36  258 6806.00000 5455.05765  19.8%   213 3607s
 640292 409169 5664.83527   37  343 6806.00000 5455.15887  19.8%   213 3613s
 641456 409880 6222.26813   41  168 6806.00000 5455.24013  19.8%   213 3620s
 642750 410508 5856.90400   44  271 6806.00000 5455.26347  19.8%   213 3628s
 644107 411226     cutoff   46      6806.00000 5455.52426  19.8%   213 3634s
 645221 411887 6606.04464   39  196 6806.00000 5455.59970  19.8%   213 3641s
 646308 412722 6472.68548   49  159 6806.00000 5455.74369  19.8%   213 3648s
 647633 413325 infeasible   62      6806.00000 5455.84084  19.8%   213 3655s
 648803 414027 6514.18290   49  191 6806.00000 5455.97309  19.8%   213 3662s
 649951 414646 5872.09381   37  235 6806.00000 5456.08698  19.8%   213 3668s
 651060 415403 5672.58995   38  243 6806.00000 5456.20000  19.8%   213 3675s
 652243 416052 6442.64549   49  234 6806.00000 5456.21762  19.8%   213 3682s
 653401 416770 6395.44340   64  139 6806.00000 5456.33657  19.8%   213 3689s
 654740 417515 6293.63873   36  215 6806.00000 5456.44875  19.8%   213 3696s
 655943 418145 6748.16987   58  175 6806.00000 5456.60000  19.8%   213 3703s
 657031 418875 6231.80833   40  245 6806.00000 5456.76163  19.8%   213 3710s
 658267 419581 5718.33375   29  305 6806.00000 5456.99690  19.8%   213 3717s
 659380 420483 5945.00000   44  117 6806.00000 5457.10513  19.8%   213 3724s
 660794 421261 6422.82971   55  218 6806.00000 5457.24145  19.8%   213 3731s
 662059 421960 6111.86565   35  251 6806.00000 5457.44660  19.8%   213 3738s
 663226 422595 5768.83824   42  164 6806.00000 5457.58224  19.8%   213 3745s
 664325 423415 5732.07798   34  300 6806.00000 5457.73493  19.8%   213 3752s
 665527 424205 5563.28595   39  244 6806.00000 5457.87722  19.8%   213 3760s
 666762 425017 5925.06392   44  292 6806.00000 5458.05394  19.8%   213 3766s
 668099 425701 6134.49798   37  271 6806.00000 5458.11142  19.8%   213 3773s
 669211 426585 6245.14358   46  162 6806.00000 5458.27961  19.8%   213 3781s
 670424 427225 6284.07368   53  247 6806.00000 5458.33780  19.8%   213 3788s
 671471 427932 5512.43462   41  301 6806.00000 5458.41315  19.8%   213 3795s
 672616 428647 5764.95038   35  302 6806.00000 5458.55589  19.8%   213 3802s
 673845 429458 6089.85576   38  155 6806.00000 5458.59357  19.8%   213 3810s
 675132 430299 6065.58979   40  262 6806.00000 5458.79805  19.8%   213 3817s
 676438 431172 5777.97906   38  241 6806.00000 5458.94633  19.8%   213 3824s
 677641 431934 6337.39486   48  204 6806.00000 5459.04610  19.8%   213 3831s
 678862 432706 6070.36135   33  344 6806.00000 5459.17564  19.8%   213 3838s
 680052 433473 6044.75291   35  330 6806.00000 5459.36258  19.8%   213 3845s
 681195 434216 5845.33941   39  207 6806.00000 5459.45322  19.8%   213 3852s
 682395 435020 6515.14989   51  146 6806.00000 5459.45322  19.8%   213 3859s
 683625 435810 6054.63264   34  273 6806.00000 5459.70831  19.8%   213 3866s
 684859 436524 6403.47178   48  209 6806.00000 5459.82195  19.8%   213 3874s
 685951 437284 6471.62745   50  191 6806.00000 5459.93206  19.8%   213 3881s
 687192 438034 5689.17961   41  158 6806.00000 5460.01757  19.8%   213 3888s
 688452 438843 6382.67683   52  153 6806.00000 5460.24114  19.8%   213 3895s
 689712 439749     cutoff   51      6806.00000 5460.34375  19.8%   213 3902s
 691039 440556 6744.47029   54  240 6806.00000 5460.41141  19.8%   213 3909s
 692321 441255 5497.32420   38  266 6806.00000 5460.48576  19.8%   213 3916s
 693473 442076 6313.14647   43  141 6806.00000 5460.55386  19.8%   213 3923s
 694775 442701 5991.79262   44  268 6806.00000 5460.64283  19.8%   213 3930s
 696014 443331 6404.96469   63  204 6806.00000 5460.79859  19.8%   213 3937s
 697189 444028 5474.32639   29  307 6806.00000 5460.93687  19.8%   213 3944s
 698302 444663 5521.32955   35  302 6806.00000 5461.04399  19.8%   213 3951s
 699453 445522 6087.36883   45  247 6806.00000 5461.16964  19.8%   213 3958s
 700811 445738 6131.00375   35  151 6806.00000 5461.26587  19.8%   213 3966s
 701141 446297 6387.34483   40  118 6806.00000 5461.29163  19.8%   213 3974s
 702301 447027 6147.93542   31  200 6806.00000 5461.33698  19.8%   213 3981s
 703484 447836 5944.63926   33  218 6806.00000 5461.49772  19.8%   213 3989s
 704675 448647 6409.75807   37  212 6806.00000 5461.57673  19.8%   213 3997s
 705948 449557 6246.37204   56  123 6806.00000 5461.75923  19.8%   213 4005s
 707316 450350 6530.17596   56  173 6806.00000 5461.94777  19.7%   213 4012s
 708544 451114 6653.43920   39  218 6806.00000 5462.09936  19.7%   213 4020s
 709747 451933     cutoff   50      6806.00000 5462.20245  19.7%   213 4027s
 711102 452699 6556.26283   48  180 6806.00000 5462.27957  19.7%   213 4035s
 712384 453271 6461.37096   47  163 6806.00000 5462.36933  19.7%   213 4042s
 713714 454045 5695.46426   35  251 6806.00000 5462.41905  19.7%   213 4049s
 714955 454730 6285.61678   35  191 6806.00000 5462.53469  19.7%   213 4056s
 716031 455441 6409.64913   52  160 6806.00000 5462.63652  19.7%   213 4062s
 717225 456101 infeasible   44      6806.00000 5462.77428  19.7%   213 4069s
 718412 456885 6298.96035   41  166 6806.00000 5462.88405  19.7%   213 4077s
 719586 457699     cutoff   44      6806.00000 5462.97308  19.7%   213 4084s
 720839 458480 6375.12405   55  108 6806.00000 5463.10108  19.7%   213 4091s
 722087 459263 6315.06232   40  224 6806.00000 5463.15741  19.7%   213 4098s
 723318 460140 6438.45579   53   96 6806.00000 5463.26062  19.7%   213 4105s
 724571 460949 6183.43487   49  172 6806.00000 5463.37391  19.7%   213 4113s
 725849 461769 6393.04051   39  254 6806.00000 5463.44013  19.7%   213 4120s
 727175 462454     cutoff   47      6806.00000 5463.55345  19.7%   213 4127s
 728500 463239 infeasible   61      6806.00000 5463.71387  19.7%   213 4134s
 729791 463921 5572.52297   38  325 6806.00000 5463.81815  19.7%   213 4141s
 730899 464538 6504.68182   38  160 6806.00000 5463.93471  19.7%   213 4149s
 731984 465167 6590.96644   63  240 6806.00000 5464.06181  19.7%   213 4155s
 732997 465929 5489.43028   41  335 6806.00000 5464.18364  19.7%   213 4164s
 734253 466837 5612.63850   36  348 6806.00000 5464.25537  19.7%   213 4172s
 735657 467623 5772.30828   38  280 6806.00000 5464.37203  19.7%   213 4179s
 736874 468635 5841.48176   42   88 6806.00000 5464.52744  19.7%   213 4186s
 738308 469503 5518.32047   34  192 6806.00000 5464.59713  19.7%   213 4194s
 739726 470190 6120.22689   39  122 6806.00000 5464.74138  19.7%   213 4201s
 740788 471022 5938.40384   38  125 6806.00000 5464.83646  19.7%   213 4208s
 742090 471848 5771.23566   36  189 6806.00000 5464.93600  19.7%   213 4215s
 743413 472620 infeasible   40      6806.00000 5465.05509  19.7%   213 4223s
 744613 473410 6625.40622   63  139 6806.00000 5465.21333  19.7%   213 4230s
 745910 474122 6359.21791   46  104 6806.00000 5465.34100  19.7%   213 4238s
 747110 474979 5773.71148   37  304 6806.00000 5465.43247  19.7%   213 4245s
 748388 475718 6341.33280   50  118 6806.00000 5465.51108  19.7%   213 4252s
 749664 476422 5826.00132   38  207 6806.00000 5465.63331  19.7%   213 4260s
 750743 477082 6770.55410   48   55 6806.00000 5465.74699  19.7%   213 4267s
 752002 477770 6184.93279   40  209 6806.00000 5465.86243  19.7%   213 4275s
 753180 478492 5516.01132   30  234 6806.00000 5465.93989  19.7%   213 4283s
 754384 479177 infeasible   49      6806.00000 5466.04512  19.7%   213 4291s
 755776 479882 6527.89981   46  240 6806.00000 5466.18013  19.7%   213 4299s
 756984 480790 5682.26736   36  326 6806.00000 5466.31451  19.7%   213 4306s
 758351 481547 6392.02879   50  104 6806.00000 5466.43653  19.7%   213 4314s
 759557 482392 5778.55542   35  261 6806.00000 5466.47969  19.7%   213 4321s
 760905 483143     cutoff   62      6806.00000 5466.70676  19.7%   213 4329s
 762250 483888 6320.40365   33  115 6806.00000 5466.84638  19.7%   213 4336s
 763616 484698 6019.34701   27  161 6806.00000 5466.94815  19.7%   213 4343s
 764807 485333 6679.26171   81  123 6806.00000 5467.02674  19.7%   213 4351s
 766011 485629 5710.17541   44  286 6806.00000 5467.17003  19.7%   213 4360s
 766488 486120 5712.30892   45  247 6806.00000 5467.21291  19.7%   213 4367s
 767335 486832 6460.39188   50  111 6806.00000 5467.24392  19.7%   213 4375s
 768469 487546 6277.47665   53  141 6806.00000 5467.36764  19.7%   213 4382s
 769660 488343 5947.79467   51  134 6806.00000 5467.45021  19.7%   213 4389s
 770879 489221 6371.96222   43  162 6806.00000 5467.62684  19.7%   213 4397s
 772235 490004 6463.30000   34  137 6806.00000 5467.78437  19.7%   213 4404s
 772493 490004 6166.26983   33  218 6806.00000 5467.83658  19.7%   213 4405s
 773791 490814 6111.41975   34  196 6806.00000 5467.92166  19.7%   213 4412s
 775063 491515 5488.88551   42  245 6806.00000 5468.04034  19.7%   213 4418s
 776263 492347 6452.82414   35  181 6806.00000 5468.11037  19.7%   213 4425s
 777594 493098 5895.37351   43  211 6806.00000 5468.26441  19.7%   213 4432s
 778755 493812 5496.37704   35  295 6806.00000 5468.40268  19.7%   213 4440s
 779854 494517 5806.16541   40  230 6806.00000 5468.50073  19.7%   213 4447s
 781110 495271     cutoff   59      6806.00000 5468.66373  19.6%   213 4454s
 782310 496075 6221.23860   55  209 6806.00000 5468.78459  19.6%   213 4461s
 783747 496824     cutoff   44      6806.00000 5468.90156  19.6%   213 4468s
 785048 497541 5598.51371   35  158 6806.00000 5469.00112  19.6%   213 4475s
 786184 498352 6185.42062   44  265 6806.00000 5469.07024  19.6%   213 4482s
 787484 499150 5749.19005   34  246 6806.00000 5469.16649  19.6%   213 4490s
 788677 500036 6508.20638   79  255 6806.00000 5469.26935  19.6%   213 4497s
 790023 500833 6058.18639   39  233 6806.00000 5469.43474  19.6%   213 4504s
 791151 501441 5813.14626   37  228 6806.00000 5469.49039  19.6%   213 4511s
 792166 502256 5612.36285   43  220 6806.00000 5469.54086  19.6%   213 4518s
 793487 502986 6062.73794   30  236 6806.00000 5469.67716  19.6%   213 4526s
 794666 503717 5793.67319   39  232 6806.00000 5469.81458  19.6%   213 4533s
 795946 504427 6733.48947   60  198 6806.00000 5469.92482  19.6%   213 4540s
 797121 505222 5514.25227   29  233 6806.00000 5470.00488  19.6%   213 4547s
 798397 506053 6038.25586   39  242 6806.00000 5470.11495  19.6%   213 4554s
 799703 506780 6250.00000   35  105 6806.00000 5470.25625  19.6%   213 4561s
 800860 507619 6679.79020   45  184 6806.00000 5470.37142  19.6%   213 4569s
 802189 508519 6488.27083   31  272 6806.00000 5470.48611  19.6%   213 4576s
 803574 509050     cutoff   72      6806.00000 5470.56056  19.6%   213 4583s
 804428 510119 6532.12900   47  199 6806.00000 5470.60458  19.6%   213 4593s
 806137 510966 5688.60219   43  233 6806.00000 5470.76855  19.6%   213 4601s
 807387 511906 6130.90799   44  247 6806.00000 5470.93278  19.6%   213 4608s
 808789 512768 6354.18760   48  129 6806.00000 5471.01453  19.6%   213 4616s
 810159 513602 6050.96400   33  178 6806.00000 5471.06666  19.6%   213 4623s
 811478 514163 5506.45983   32  341 6806.00000 5471.17439  19.6%   213 4631s
 812558 514994 5606.70923   35  276 6806.00000 5471.33156  19.6%   213 4638s
 813690 515866 5567.39877   35  231 6806.00000 5471.43017  19.6%   213 4646s
 815080 516750 6101.36225   40  314 6806.00000 5471.47121  19.6%   213 4653s
 816435 517572 6795.00000   57  133 6806.00000 5471.61927  19.6%   213 4660s
 817793 518266 6468.00000   66   69 6806.00000 5471.79811  19.6%   213 4667s
 819097 519011 5513.33604   38  327 6806.00000 5471.87279  19.6%   213 4674s
 820355 519732 6579.78236   56  135 6806.00000 5471.92907  19.6%   213 4682s
 821580 520450 5619.55381   32  261 6806.00000 5472.01849  19.6%   213 4689s
 822580 521192     cutoff   53      6806.00000 5472.10623  19.6%   213 4696s
 824107 522126 6154.83974   49  234 6806.00000 5472.16980  19.6%   213 4704s
 825536 522951 infeasible   59      6806.00000 5472.27871  19.6%   213 4711s
 826746 523657 6172.69562   30  213 6806.00000 5472.42258  19.6%   213 4718s
 827894 524329 6712.48589   52  153 6806.00000 5472.48218  19.6%   213 4724s
 829072 525053 5481.89762   25  230 6806.00000 5472.64758  19.6%   213 4731s
 830247 525878 6448.50106   56  120 6806.00000 5472.70160  19.6%   213 4739s
 831497 526530 6637.43645   43  181 6806.00000 5472.84821  19.6%   213 4746s
 832423 527180 6393.40849   53  174 6806.00000 5472.86667  19.6%   213 4753s
 833496 527903 6221.42546   46  155 6806.00000 5472.97387  19.6%   213 4761s
 834679 528727 6080.54235   29  269 6806.00000 5473.07732  19.6%   213 4769s
 835952 529446 6633.76319   53  173 6806.00000 5473.16789  19.6%   213 4777s
 837081 530248     cutoff   56      6806.00000 5473.29779  19.6%   213 4784s
 838393 530900 6231.00000   30  126 6806.00000 5473.41218  19.6%   213 4792s
 839428 531527 5728.94167   50  238 6806.00000 5473.50976  19.6%   213 4800s
 840411 532493 6049.43363   31  213 6806.00000 5473.58193  19.6%   213 4808s
 841914 533203 6573.20697   52  159 6806.00000 5473.66667  19.6%   213 4816s
 843100 533967 5832.00000   34  125 6806.00000 5473.79928  19.6%   213 4823s
 844402 534686 6765.40172   67  192 6806.00000 5473.92960  19.6%   213 4831s
 845542 535371 6262.02791   45  185 6806.00000 5473.99735  19.6%   213 4839s
 846497 536133 6573.00000   50  170 6806.00000 5474.07794  19.6%   213 4847s
 848109 536971 6057.40853   47  169 6806.00000 5474.12608  19.6%   213 4854s
 849388 537753 6300.61030   39  107 6806.00000 5474.21443  19.6%   213 4861s
 850537 538640 5649.88496   41  218 6806.00000 5474.23650  19.6%   213 4869s
 851821 539418 6674.26951   58  199 6806.00000 5474.23650  19.6%   213 4876s
 853120 540229 6056.73333   24  182 6806.00000 5474.45541  19.6%   213 4884s
 854452 540976 5828.08861   41  207 6806.00000 5474.51804  19.6%   213 4892s
 855640 541831 6520.21428   42  174 6806.00000 5474.61080  19.6%   213 4901s
 856901 542635 6498.71628   58  180 6806.00000 5474.69652  19.6%   213 4910s
 858163 543430 6409.79052   45  253 6806.00000 5474.77707  19.6%   213 4917s
 859439 544102 6238.85138   37  210 6806.00000 5474.85398  19.6%   213 4923s
 860504 544538 5709.08160   41  213 6806.00000 5474.96580  19.6%   213 4930s
 861492 545123 infeasible   47      6806.00000 5475.10604  19.6%   213 4938s
 862524 545895 infeasible   40      6806.00000 5475.18037  19.6%   213 4946s
 863750 546758 6791.17189   50  177 6806.00000 5475.24187  19.6%   213 4954s
 865267 547619 6649.78450   41  160 6806.00000 5475.33768  19.6%   213 4961s
 866529 548353 6155.88902   44  240 6806.00000 5475.46626  19.5%   213 4968s
 867707 548928 infeasible   39      6806.00000 5475.57642  19.5%   213 4976s
 868779 549731 5771.87500   32  144 6806.00000 5475.71119  19.5%   213 4984s
 869964 550548 6587.03964   57  175 6806.00000 5475.75606  19.5%   213 4991s
 871331 551296 6467.52057   52  152 6806.00000 5475.84017  19.5%   213 4999s
 872479 552100 6694.53282   71  156 6806.00000 5475.97495  19.5%   213 5007s
 873777 552770 6143.00000   38  103 6806.00000 5476.11868  19.5%   213 5015s
 874989 553532 6455.36365   44  171 6806.00000 5476.28600  19.5%   213 5022s
 876168 554336 6609.22757   42  103 6806.00000 5476.33744  19.5%   213 5030s
 877447 555054 6629.77936   51  179 6806.00000 5476.45997  19.5%   213 5037s
 878600 555851     cutoff   53      6806.00000 5476.55070  19.5%   213 5044s
 879792 556613 5923.56077   35  184 6806.00000 5476.66595  19.5%   213 5050s
 881002 557472 5526.39602   32  157 6806.00000 5476.75833  19.5%   213 5058s
 882313 558150 5612.31975   40  294 6806.00000 5476.86346  19.5%   213 5065s
 883365 558769 6172.60636   45  123 6806.00000 5476.89428  19.5%   213 5072s
 884471 558959 6140.39858   43  252 6806.00000 5476.95516  19.5%   213 5080s
 884859 559627 6258.94063   47  187 6806.00000 5476.95516  19.5%   213 5087s
 885821 560465     cutoff   54      6806.00000 5477.05485  19.5%   213 5095s
 887149 561274 6236.34416   52  145 6806.00000 5477.12728  19.5%   213 5103s
 888504 561975 5862.89675   38  168 6806.00000 5477.20690  19.5%   213 5110s
 889804 562749 6193.26585   38  197 6806.00000 5477.37061  19.5%   213 5117s
 890997 563404 5581.20912   35  300 6806.00000 5477.47865  19.5%   213 5125s
 892249 564130 5517.05177   42  278 6806.00000 5477.55972  19.5%   213 5133s
 893373 564885 5773.90197   36  257 6806.00000 5477.60754  19.5%   213 5140s
 894674 565546 5988.76980   24  247 6806.00000 5477.73744  19.5%   213 5147s
 895860 566310 6088.37871   30  149 6806.00000 5477.84174  19.5%   213 5155s
 897222 567101 6140.25373   29  146 6806.00000 5477.98841  19.5%   213 5161s
 898415 567908 5670.44808   34  301 6806.00000 5478.06667  19.5%   213 5168s
 899583 568676 6402.20874   61  243 6806.00000 5478.19980  19.5%   213 5175s
 900810 569372 6493.25915   49  281 6806.00000 5478.27359  19.5%   213 5182s
 901853 570045 6269.91838   34  191 6806.00000 5478.35181  19.5%   213 5189s
 903047 570760 6529.63206   37  308 6806.00000 5478.41017  19.5%   213 5196s
 904297 571422 6073.15043   31  180 6806.00000 5478.55270  19.5%   213 5203s
 905591 572092 5966.23717   39  192 6806.00000 5478.60000  19.5%   213 5210s
 906685 572909 5635.50397   30  202 6806.00000 5478.67712  19.5%   213 5218s
 907917 573670 5897.97713   37  237 6806.00000 5478.74180  19.5%   213 5225s
 909126 574390 6506.81780   75  218 6806.00000 5478.80843  19.5%   213 5232s
 910312 575112 6478.36554   39  200 6806.00000 5478.94802  19.5%   213 5239s
 911466 575994 6206.84391   45  186 6806.00000 5479.04267  19.5%   213 5246s
 912938 576757 6066.81828   53  242 6806.00000 5479.17102  19.5%   213 5253s
 914084 577541 6156.13297   44  186 6806.00000 5479.22556  19.5%   213 5261s
 915243 578244 5727.42827   33  307 6806.00000 5479.31613  19.5%   213 5269s
 916300 579086 6244.53686   40  176 6806.00000 5479.40654  19.5%   213 5277s
 917627 579884 6638.15533   53  165 6806.00000 5479.43654  19.5%   213 5285s
 918842 580799 5723.76084   21  126 6806.00000 5479.50104  19.5%   213 5293s
 920218 581681 6616.83164   40  175 6806.00000 5479.61876  19.5%   213 5300s
 921475 582483 infeasible   42      6806.00000 5479.67861  19.5%   213 5309s
 922967 583080 6097.17380   51  267 6806.00000 5479.78517  19.5%   213 5316s
 924291 584031 5722.53095   34  211 6806.00000 5479.84351  19.5%   213 5323s
 925634 584776 6195.29814   38  242 6806.00000 5479.96451  19.5%   213 5331s
 926751 585455 5934.42781   40  179 6806.00000 5480.09649  19.5%   213 5338s
 927980 586094     cutoff   65      6806.00000 5480.17576  19.5%   213 5345s
 929251 586951 5611.64826   36  322 6806.00000 5480.28396  19.5%   213 5353s
 930562 587593 6092.07099   52  214 6806.00000 5480.35994  19.5%   213 5359s
 931657 588073     cutoff   55      6806.00000 5480.44140  19.5%   213 5367s
 932911 588824 5833.71561   36  271 6806.00000 5480.53478  19.5%   213 5373s
 934148 589444     cutoff   72      6806.00000 5480.63656  19.5%   213 5380s
 935413 590274 6746.95679   60  172 6806.00000 5480.69528  19.5%   213 5387s
 936597 591049 infeasible   54      6806.00000 5480.75151  19.5%   213 5394s
 937841 591693 6346.19718   49  277 6806.00000 5480.87129  19.5%   213 5400s
 938969 592283 6538.45477   62  170 6806.00000 5480.95422  19.5%   213 5407s
 940131 592828 6456.77549   45  199 6806.00000 5481.01603  19.5%   213 5414s
 941028 593606 6337.88254   54  233 6806.00000 5481.10774  19.5%   213 5421s
 942250 594311 6268.73192   48  247 6806.00000 5481.20000  19.5%   213 5429s
 943278 595004 6478.03767   78  164 6806.00000 5481.24017  19.5%   213 5436s
 944501 595797 6525.44220   63  155 6806.00000 5481.38471  19.5%   213 5444s
 945773 596594 6347.75809   38  253 6806.00000 5481.55238  19.5%   213 5451s
 947038 597306 6384.20205   56  150 6806.00000 5481.66320  19.5%   213 5458s
 948226 597985 5722.86970   34  233 6806.00000 5481.79738  19.5%   213 5465s
 949408 598592 6566.35853   56  203 6806.00000 5481.84341  19.5%   213 5472s
 950401 599517     cutoff   49      6806.00000 5481.96894  19.5%   213 5480s
 951891 599813 6233.55724   45  192 6806.00000 5482.08091  19.5%   213 5490s
 952319 600564 6263.66667   46  141 6806.00000 5482.09606  19.5%   213 5499s
 953467 601469 6269.42857   47  173 6806.00000 5482.12500  19.5%   213 5507s
 954884 602436 5576.36433   37  232 6806.00000 5482.25598  19.4%   213 5516s
 956358 603379 6000.31147   43  298 6806.00000 5482.41654  19.4%   213 5524s
 957849 604174 5996.02760   24  163 6806.00000 5482.55118  19.4%   213 5532s
 959406 604997 infeasible   41      6806.00000 5482.61712  19.4%   213 5539s
 960757 605856 6003.58424   41  203 6806.00000 5482.76525  19.4%   213 5547s
 962098 606667 6204.27616   42  218 6806.00000 5482.83642  19.4%   213 5555s
 963284 607480 6117.27963   38  177 6806.00000 5482.92192  19.4%   213 5563s
 964574 608284 6655.80062   58  141 6806.00000 5482.98359  19.4%   213 5570s
 965934 608985 6408.86634   49  139 6806.00000 5483.13446  19.4%   213 5578s
 967167 609614 6114.42705   34  155 6806.00000 5483.18624  19.4%   213 5585s
 968266 610226 6483.51889   39  124 6806.00000 5483.21626  19.4%   213 5592s
 969635 611051 6504.90214   43   85 6806.00000 5483.32196  19.4%   213 5600s
 971013 611680 5737.45000   34  191 6806.00000 5483.36442  19.4%   213 5607s
 971981 612463 6300.32000   34  133 6806.00000 5483.49925  19.4%   213 5614s
 973157 613256 6130.00000   40  139 6806.00000 5483.59104  19.4%   213 5621s
 974402 614080 6618.20867   74  181 6806.00000 5483.59104  19.4%   213 5628s
 975724 614997 6280.65293   54  241 6806.00000 5483.76505  19.4%   213 5636s
 977109 615722 6231.86104   39  207 6806.00000 5483.88403  19.4%   213 5643s
 978525 616578 6085.06003   40  263 6806.00000 5483.95430  19.4%   213 5649s
 979736 617265 5691.71768   32  256 6806.00000 5484.07359  19.4%   213 5656s
 980899 618048 6249.77797   37  175 6806.00000 5484.14731  19.4%   213 5663s
 982129 618918 6058.19743   45  289 6806.00000 5484.22928  19.4%   213 5671s
 983350 619538 6227.32025   54  127 6806.00000 5484.32536  19.4%   213 5678s
 984552 620272 infeasible   43      6806.00000 5484.38933  19.4%   213 5685s
 985695 620960 5833.66973   44  277 6806.00000 5484.47632  19.4%   213 5692s
 986883 621687 6652.17652   58  160 6806.00000 5484.55383  19.4%   213 5699s
 988029 622265 6658.90702   57  180 6806.00000 5484.66406  19.4%   213 5706s
 989056 622953 6703.15069   52  221 6806.00000 5484.77738  19.4%   213 5714s
 990358 623793 5649.40753   39  231 6806.00000 5484.85273  19.4%   213 5721s
 991710 624564 5620.89797   26  229 6806.00000 5484.94265  19.4%   213 5729s
 993104 625351 6742.93485   52  171 6806.00000 5485.03179  19.4%   213 5736s
 994448 626243 6140.00000   33  139 6806.00000 5485.13291  19.4%   213 5743s
 995822 627142 5841.09347   51  152 6806.00000 5485.22261  19.4%   213 5750s
 997081 627833 6015.68673   36  167 6806.00000 5485.29627  19.4%   213 5757s
 998452 628480 6082.86047   34  220 6806.00000 5485.40997  19.4%   213 5764s
 999640 629182 6079.49538   38  171 6806.00000 5485.48961  19.4%   213 5771s
 1000736 629922     cutoff   48      6806.00000 5485.54621  19.4%   213 5778s
 1001979 630496 6316.31555   43  149 6806.00000 5485.69690  19.4%   213 5785s
 1002838 631246 5556.21259   26  303 6806.00000 5485.75366  19.4%   213 5792s
 1004244 631963     cutoff   71      6806.00000 5485.86392  19.4%   213 5799s
 1005475 632644 6271.43184   43  198 6806.00000 5485.94199  19.4%   213 5806s
 1006532 633454 6148.49924   49  255 6806.00000 5486.04528  19.4%   213 5813s
 1008030 634156 5657.21750   44  299 6806.00000 5486.05187  19.4%   213 5820s
 1009168 635136 infeasible   39      6806.00000 5486.17312  19.4%   213 5827s
 1010483 635781     cutoff   62      6806.00000 5486.27680  19.4%   213 5833s
 1011787 636542 6128.30107   32  186 6806.00000 5486.35749  19.4%   213 5840s
 1013022 637312 6182.22282   38  218 6806.00000 5486.43415  19.4%   213 5847s
 1014143 638083 5594.71243   32  259 6806.00000 5486.52791  19.4%   213 5854s
 1015326 638623 6194.31189   50  119 6806.00000 5486.60336  19.4%   213 5861s
 1016425 639316 6357.70892   47  136 6806.00000 5486.68924  19.4%   213 5867s
 1017483 639998 6473.80736   39  170 6806.00000 5486.77432  19.4%   213 5874s
 1018642 640654 6565.94378   57  177 6806.00000 5486.77432  19.4%   213 5881s
 1019947 641368 6101.90304   36  243 6806.00000 5486.89420  19.4%   213 5888s
 1021165 642160 6459.73412   43  218 6806.00000 5486.99427  19.4%   213 5895s
 1022410 642858 5714.82682   41  257 6806.00000 5487.06214  19.4%   213 5902s
 1023517 643577 6092.54277   37  213 6806.00000 5487.14286  19.4%   213 5910s
 1024799 644434 5638.30230   36  266 6806.00000 5487.22053  19.4%   213 5918s
 1026131 645213 6246.04330   38  229 6806.00000 5487.28962  19.4%   213 5925s
 1027388 645992 6153.26368   32  271 6806.00000 5487.41884  19.4%   213 5932s
 1028507 646861 6626.60519   74  135 6806.00000 5487.50000  19.4%   213 5940s
 1029932 647718     cutoff   47      6806.00000 5487.61683  19.4%   213 5947s
 1031245 648534 6262.00000   50   53 6806.00000 5487.68919  19.4%   213 5954s
 1032540 649457 6419.58257   60  149 6806.00000 5487.77405  19.4%   213 5961s
 1033896 650232 5851.30011   33  230 6806.00000 5487.84261  19.4%   213 5969s
 1035110 650966 6408.87509   35  133 6806.00000 5487.90924  19.4%   213 5976s
 1036228 651695 5775.28741   33  319 6806.00000 5488.02667  19.4%   213 5983s
 1037328 652497 6387.35289   48  182 6806.00000 5488.07344  19.4%   213 5990s
 1038568 653252 6210.76541   48  192 6806.00000 5488.14272  19.4%   213 5997s
 1039766 654018 5531.40000   29  202 6806.00000 5488.23086  19.4%   213 6004s
 1041062 654673 5653.00044   45  336 6806.00000 5488.30660  19.4%   213 6011s
 1042259 655373 6543.46165   45  211 6806.00000 5488.38649  19.4%   213 6018s
 1043396 656064 infeasible   45      6806.00000 5488.38649  19.4%   213 6025s
 1044575 656763 6507.98919   52  122 6806.00000 5488.51025  19.4%   213 6033s
 1045801 657551 6220.65201   50  197 6806.00000 5488.63460  19.4%   213 6040s
 1047148 658385 6385.90888   69  111 6806.00000 5488.68932  19.4%   213 6047s
 1048468 658884 5596.07543   32  206 6806.00000 5488.80871  19.4%   213 6054s
 1049440 659743 5880.06349   39  187 6806.00000 5488.85164  19.4%   213 6062s
 1050741 660314 6164.51005   48  161 6806.00000 5488.99443  19.4%   213 6070s
 1051692 661205 6078.78255   33  227 6806.00000 5489.04853  19.3%   213 6077s
 1053025 661881 6744.65279   63  155 6806.00000 5489.13750  19.3%   213 6084s
 1054149 662714 5555.82696   31  320 6806.00000 5489.27012  19.3%   213 6092s
 1055488 663445 infeasible   39      6806.00000 5489.36610  19.3%   213 6099s
 1056645 664074 5572.60248   32  201 6806.00000 5489.43326  19.3%   213 6107s
 1057799 664800 6613.15620   50  147 6806.00000 5489.50798  19.3%   213 6114s
 1058995 665530 6209.61734   43  172 6806.00000 5489.58455  19.3%   213 6121s
 1060189 666298 5523.62496   32  290 6806.00000 5489.73023  19.3%   213 6129s
 1061469 666927     cutoff   52      6806.00000 5489.78977  19.3%   213 6136s
 1062717 667588 5819.14968   37  189 6806.00000 5489.93396  19.3%   213 6143s
 1063723 668263 6648.02360   62  121 6806.00000 5489.97500  19.3%   213 6151s
 1064795 668762 5707.00002   34  273 6806.00000 5490.04166  19.3%   213 6159s
 1065590 669640 6456.56148   36  148 6806.00000 5490.08911  19.3%   213 6167s
 1067062 670566 6127.13068   45  179 6806.00000 5490.18712  19.3%   213 6174s
 1068377 671498     cutoff   59      6806.00000 5490.26902  19.3%   213 6182s
 1069776 671908     cutoff   54      6806.00000 5490.34982  19.3%   213 6192s
 1070382 672683 6142.86208   37  242 6806.00000 5490.34982  19.3%   213 6200s
 1071616 673303 6651.15218   35  247 6806.00000 5490.41754  19.3%   213 6207s
 1072752 674018 6483.00000   34  106 6806.00000 5490.50173  19.3%   213 6215s
 1074037 674775 6269.60241   38  125 6806.00000 5490.67439  19.3%   213 6223s
 1075287 675736 5641.71078   30  305 6806.00000 5490.80371  19.3%   213 6230s
 1076757 676379 infeasible   60      6806.00000 5490.92258  19.3%   213 6238s
 1077839 677253 6164.11901   47  233 6806.00000 5491.02097  19.3%   213 6246s
 1079255 678154 6475.00000   47  105 6806.00000 5491.16282  19.3%   213 6253s
 1080542 678900     cutoff   73      6806.00000 5491.24075  19.3%   213 6260s
 1081788 679663 5716.15412   29  240 6806.00000 5491.31595  19.3%   213 6268s
 1083054 680375 5835.29167   36  163 6806.00000 5491.40111  19.3%   213 6274s
 1084218 681046 5956.46648   45  284 6806.00000 5491.51398  19.3%   213 6282s
 1085574 681818 6291.40000   36  236 6806.00000 5491.59627  19.3%   213 6289s
 1086868 682612 6251.63084   48  187 6806.00000 5491.70949  19.3%   213 6296s
 1088149 683297 6189.68101   57   91 6806.00000 5491.83216  19.3%   213 6303s
 1089310 684029 6264.73474   39  213 6806.00000 5491.92987  19.3%   213 6310s
 1090485 684639 infeasible   56      6806.00000 5492.01690  19.3%   213 6317s
 1091518 685433 6428.26653   35  245 6806.00000 5492.10701  19.3%   213 6323s
 1092801 685441     cutoff   70      6806.00000 5492.18388  19.3%   213 6333s
 1092817 685450 5522.78539   35  284 6806.00000 5492.18388  19.3%   213 6342s
 1092832 685462 5711.77797   36  256 6806.00000 5492.18388  19.3%   213 6350s
 1092844 685471 5778.00960   37  175 6806.00000 5492.18388  19.3%   213 6359s
 1092859 685482 5792.24570   38  176 6806.00000 5492.18388  19.3%   213 6366s
 1092871 685495 5803.99221   39  218 6806.00000 5492.18388  19.3%   213 6373s
 1092894 685873 5824.33696   40  294 6806.00000 5492.18888  19.3%   213 6381s
 1093606 686486 6707.40784   63  146 6806.00000 5492.24587  19.3%   213 6388s
 1094722 687219     cutoff   57      6806.00000 5492.31925  19.3%   213 6395s
 1095883 688038 6029.02857   35  244 6806.00000 5492.38144  19.3%   213 6402s
 1097066 688926 6438.59059   54  157 6806.00000 5492.38863  19.3%   213 6410s
 1098479 689646 6254.02300   36  219 6806.00000 5492.55943  19.3%   213 6417s
 1099634 690443 infeasible   45      6806.00000 5492.69101  19.3%   213 6424s
 1100778 691195 6004.70385   43  267 6806.00000 5492.73128  19.3%   213 6431s
 1102014 691869 6454.00000   44   96 6806.00000 5492.81144  19.3%   213 6438s
 1103246 692301     cutoff   37      6806.00000 5492.89490  19.3%   213 6447s
 1103926 692992 6516.93213   38  232 6806.00000 5492.91980  19.3%   213 6454s
 1105065 693918 6030.45287   37  129 6806.00000 5492.97303  19.3%   213 6462s
 1106349 694736 6359.59207   57  135 6806.00000 5493.10590  19.3%   213 6469s
 1107691 695551 5544.49378   38  282 6806.00000 5493.23858  19.3%   213 6477s
 1109014 696392 5638.39624   32  251 6806.00000 5493.32711  19.3%   213 6484s
 1110232 697262 5593.39306   38  201 6806.00000 5493.43583  19.3%   213 6492s
 1111604 697792 infeasible   58      6806.00000 5493.51589  19.3%   213 6499s
 1112538 698514 6470.21727   64  203 6806.00000 5493.57426  19.3%   213 6507s
 1113706 699333 5948.62687   38  190 6806.00000 5493.69404  19.3%   213 6514s
 1115001 700200 6456.90621   45  253 6806.00000 5493.81126  19.3%   213 6521s
 1116341 700933 5677.60000   36  192 6806.00000 5493.86426  19.3%   213 6528s
 1117512 701585 6158.09822   33  139 6806.00000 5493.94699  19.3%   213 6535s
 1118593 702163     cutoff   56      6806.00000 5493.98236  19.3%   213 6542s
 1119553 702823 6109.03924   45  192 6806.00000 5494.09158  19.3%   213 6549s
 1120729 703640 6354.40679   52  246 6806.00000 5494.16404  19.3%   213 6557s
 1122069 704413 6123.45133   34   65 6806.00000 5494.30638  19.3%   213 6564s
 1123391 705147 infeasible   41      6806.00000 5494.39547  19.3%   213 6571s
 1124661 705891 6754.18887   56  115 6806.00000 5494.48034  19.3%   213 6578s
 1125921 706578 6491.16192   47  257 6806.00000 5494.54575  19.3%   213 6586s
 1126921 707425 6146.87095   46  196 6806.00000 5494.65000  19.3%   213 6593s
 1128190 708137 5650.93535   40  218 6806.00000 5494.74554  19.3%   213 6601s
 1129403 708838 6424.96020   67  179 6806.00000 5494.83535  19.3%   213 6608s
 1130527 709530 5971.76152   30  286 6806.00000 5494.91554  19.3%   213 6615s
 1131668 710339 5813.02105   45  213 6806.00000 5494.99526  19.3%   213 6622s
 1132931 711098 5727.17106   34  100 6806.00000 5495.10732  19.3%   213 6630s
 1134244 711943 6338.88054   50  207 6806.00000 5495.16562  19.3%   213 6637s
 1135502 712716 6038.22439   43  174 6806.00000 5495.23569  19.3%   213 6645s
 1136627 713612 6032.18717   36  205 6806.00000 5495.30322  19.3%   213 6652s
 1137914 714423 5653.27586   33  152 6806.00000 5495.36000  19.3%   213 6659s
 1139162 715224 6066.99855   38  142 6806.00000 5495.43640  19.3%   213 6667s
 1140418 715965 5623.80000   33  251 6806.00000 5495.51268  19.3%   213 6674s
 1141646 716691 6123.20690   38  209 6806.00000 5495.59658  19.3%   213 6681s
 1142836 717517 5698.01985   36  303 6806.00000 5495.68016  19.3%   213 6688s
 1144122 718268 5611.88309   42  176 6806.00000 5495.76474  19.3%   213 6695s
 1145627 718959 5570.20000   31  189 6806.00000 5495.86645  19.2%   213 6702s
 1146733 719633     cutoff   63      6806.00000 5495.96776  19.2%   213 6709s
 1148072 720535 5729.60722   43  286 6806.00000 5496.03783  19.2%   213 6715s
 1149369 721294 5852.53517   38  264 6806.00000 5496.11724  19.2%   213 6722s
 1150573 722245 5808.95489   34  164 6806.00000 5496.23577  19.2%   213 6729s
 1151993 722938 6133.29911   40  157 6806.00000 5496.26241  19.2%   213 6735s
 1153222 723559 6505.21551   41  145 6806.00000 5496.36138  19.2%   213 6742s
 1154270 724255 5792.65706   35  235 6806.00000 5496.36618  19.2%   213 6750s
 1155383 724951 5509.19332   33  252 6806.00000 5496.49688  19.2%   213 6756s
 1156435 725527 6114.20541   34  193 6806.00000 5496.57881  19.2%   213 6763s
 1157586 726374 5635.65722   32  246 6806.00000 5496.67919  19.2%   213 6770s
 1158984 727115 6345.26273   38  224 6806.00000 5496.77424  19.2%   213 6778s
 1160227 727701 6374.00000   55  148 6806.00000 5496.90269  19.2%   213 6785s
 1161186 728630 6068.87999   32  251 6806.00000 5496.98741  19.2%   213 6792s
 1162516 729402 5596.34019   36  350 6806.00000 5497.06000  19.2%   213 6799s
 1163794 730183 5753.96229   30  281 6806.00000 5497.20205  19.2%   213 6806s
 1165040 730920 infeasible   63      6806.00000 5497.30154  19.2%   213 6813s
 1166286 731569 5707.52516   35  206 6806.00000 5497.40405  19.2%   213 6820s
 1167347 732237 6018.44789   37  228 6806.00000 5497.49476  19.2%   213 6827s
 1168476 732977 5636.23551   32  174 6806.00000 5497.59813  19.2%   213 6835s
 1169655 733939 6519.91306   53  174 6806.00000 5497.68766  19.2%   213 6843s
 1171059 734789 6073.02460   38  181 6806.00000 5497.73786  19.2%   213 6850s
 1172413 735422     cutoff   39      6806.00000 5497.82355  19.2%   213 6857s
 1173454 736030 5980.01897   30  273 6806.00000 5497.88712  19.2%   213 6865s
 1174604 736858 5698.92252   39  283 6806.00000 5497.97860  19.2%   213 6873s
 1175958 737627 5718.69233   39  231 6806.00000 5498.04927  19.2%   213 6880s
 1177223 738405 infeasible   53      6806.00000 5498.15348  19.2%   213 6887s
 1178562 739148 5573.09328   39  359 6806.00000 5498.27112  19.2%   213 6894s
 1179665 739961 6398.08004   61  192 6806.00000 5498.33882  19.2%   213 6903s
 1180974 740613 5752.13699   24  221 6806.00000 5498.42009  19.2%   213 6910s
 1182033 741427 6249.09496   47  162 6806.00000 5498.48388  19.2%   213 6917s
 1183225 742253 6339.51038   50  186 6806.00000 5498.53630  19.2%   213 6925s
 1184423 742968 6442.84345   55  192 6806.00000 5498.62445  19.2%   213 6933s
 1185598 743803 6351.84956   41  144 6806.00000 5498.64118  19.2%   213 6939s
 1186899 744553 5947.53901   40  255 6806.00000 5498.79602  19.2%   213 6946s
 1188087 745236 5704.79506   32  189 6806.00000 5498.90029  19.2%   213 6953s
 1189192 745872 6130.15893   41  192 6806.00000 5499.03945  19.2%   213 6960s
 1190219 746726 6351.78276   55  159 6806.00000 5499.09770  19.2%   213 6967s
 1191467 747495 6110.81776   35  367 6806.00000 5499.14500  19.2%   213 6974s
 1192689 748147 6679.26743   65  188 6806.00000 5499.20056  19.2%   213 6981s
 1193914 748940 5818.27000   32  141 6806.00000 5499.29855  19.2%   213 6988s
 1195126 749117 5751.56504   28  237 6806.00000 5499.37538  19.2%   213 6997s
 1195480 749924 6258.59954   36  282 6806.00000 5499.37538  19.2%   213 7004s
 1196779 750855 5687.65570   35  316 6806.00000 5499.48029  19.2%   213 7012s
 1198146 751738 5754.21841   39  196 6806.00000 5499.56017  19.2%   213 7019s
 1199565 752599 6096.51474   34  240 6806.00000 5499.61882  19.2%   213 7026s
 1200887 753372 5787.39194   41  222 6806.00000 5499.70483  19.2%   213 7033s
 1202141 754128 6610.70554   57  120 6806.00000 5499.81314  19.2%   213 7040s
 1203490 754858 6367.93312   38  202 6806.00000 5499.91046  19.2%   213 7047s
 1204790 755551 5808.12568   41  198 6806.00000 5500.00773  19.2%   213 7054s
 1205841 756372 6685.36311   41  261 6806.00000 5500.04261  19.2%   213 7061s
 1207092 757010 6679.92874   62  125 6806.00000 5500.10041  19.2%   213 7068s
 1208295 757685 6133.00000   31  121 6806.00000 5500.16015  19.2%   213 7075s
 1209416 758459 6220.60120   31  201 6806.00000 5500.28300  19.2%   213 7082s
 1210605 759132 5682.25335   39  266 6806.00000 5500.36133  19.2%   213 7089s
 1211848 759866 6604.52518   48   97 6806.00000 5500.47831  19.2%   213 7097s
 1213123 760612 5662.02283   22  245 6806.00000 5500.59957  19.2%   213 7104s
 1214350 761363     cutoff   62      6806.00000 5500.70151  19.2%   213 7111s
 1215575 762051 5687.57088   50  299 6806.00000 5500.74751  19.2%   213 7118s
 1216683 762965     cutoff   47      6806.00000 5500.87978  19.2%   213 7125s
 1218045 763659 infeasible   71      6806.00000 5500.93428  19.2%   213 7132s
 1219320 764355 6306.84135   38  222 6806.00000 5500.99530  19.2%   213 7140s
 1220441 765160     cutoff   65      6806.00000 5501.12857  19.2%   213 7147s
 1221731 765876 6224.73657   48  150 6806.00000 5501.16667  19.2%   213 7154s
 1222920 766596 5796.13096   42  283 6806.00000 5501.30759  19.2%   213 7161s
 1224371 767239 6658.58698   55  141 6806.00000 5501.36000  19.2%   213 7167s
 1225352 767945 6768.27437   48  223 6806.00000 5501.36458  19.2%   213 7174s
 1226441 768620 5699.00000   31  177 6806.00000 5501.51359  19.2%   213 7181s
 1227483 769371 6579.07290   52  245 6806.00000 5501.53323  19.2%   213 7188s
 1228763 770252 6567.67174   59  211 6806.00000 5501.64840  19.2%   213 7195s
 1230152 771120 infeasible   45      6806.00000 5501.77784  19.2%   213 7203s
 1231434 771782 6764.75372   50  210 6806.00000 5501.86868  19.2%   213 7211s
 1232664 772640 6239.66334   42  167 6806.00000 5501.95219  19.2%   213 7218s
 1233974 773670 6274.72382   37  136 6806.00000 5502.05262  19.2%   213 7225s
 1235373 774365 6489.87492   63  183 6806.00000 5502.14118  19.2%   213 7232s
 1236655 775004 5548.85173   33  239 6806.00000 5502.18310  19.2%   213 7239s
 1237781 775724 6223.12040   38  182 6806.00000 5502.25578  19.2%   213 7246s
 1238952 776586 5666.86157   39  325 6806.00000 5502.33504  19.2%   213 7253s
 1240240 777289 6383.76508   48  188 6806.00000 5502.44643  19.2%   213 7260s
 1241299 778082 5782.91921   40  203 6806.00000 5502.48282  19.2%   213 7268s
 1242717 778742 5835.85200   38  212 6806.00000 5502.57426  19.2%   213 7276s
 1243811 779462 6127.24150   52  264 6806.00000 5502.60261  19.2%   213 7283s
 1245052 780229 5972.82775   52  213 6806.00000 5502.73487  19.1%   213 7291s
 1246337 781021 6611.90214   49  141 6806.00000 5502.79319  19.1%   213 7299s
 1247672 781940 6316.64904   66  106 6806.00000 5502.92492  19.1%   213 7307s
 1249045 782661 6357.92025   80  184 6806.00000 5502.99962  19.1%   213 7314s
 1250426 782814 5751.68392   33  214 6806.00000 5503.05283  19.1%   213 7323s
 1250734 783308 5754.82046   34  241 6806.00000 5503.05283  19.1%   213 7330s
 1251508 783967 6451.96151   44  179 6806.00000 5503.05283  19.1%   213 7338s
 1252682 784801 5525.13873   36  301 6806.00000 5503.10746  19.1%   213 7346s
 1253974 785603 6776.00000   61  158 6806.00000 5503.20000  19.1%   213 7354s
 1255237 786497 6562.12339   43  204 6806.00000 5503.32530  19.1%   213 7361s
 1256588 787349 5975.65326   39  299 6806.00000 5503.43117  19.1%   213 7369s
 1258001 788047 6587.57943   33  276 6806.00000 5503.50000  19.1%   213 7376s
 1259165 788708 6116.70598   47  183 6806.00000 5503.58759  19.1%   213 7383s
 1260305 789516 5996.90730   32  244 6806.00000 5503.62321  19.1%   213 7391s
 1261538 790344 6270.44578   47  140 6806.00000 5503.74026  19.1%   213 7399s
 1262928 791176 6099.80366   31  216 6806.00000 5503.81819  19.1%   213 7406s
 1264260 791938 6080.44943   42  168 6806.00000 5503.94881  19.1%   213 7413s
 1265361 792616 6366.38924   53  245 6806.00000 5504.00823  19.1%   213 7420s
 1266707 793257 6146.65326   42  155 6806.00000 5504.02834  19.1%   213 7428s
 1267853 793901 6347.00207   40  220 6806.00000 5504.12632  19.1%   213 7435s
 1268994 794623 6428.86294   52  235 6806.00000 5504.21506  19.1%   213 7442s
 1270203 795475 6706.57695   59  209 6806.00000 5504.30489  19.1%   213 7450s
 1271517 796176 6236.76663   53  182 6806.00000 5504.38514  19.1%   213 7457s
 1272698 797010 infeasible   56      6806.00000 5504.48210  19.1%   213 7464s
 1273854 797750 6390.31227   38  116 6806.00000 5504.54029  19.1%   213 7472s
 1275525 798482     cutoff   57      6806.00000 5504.55966  19.1%   213 7479s
 1276740 799267 6546.36208   52  149 6806.00000 5504.64005  19.1%   213 7486s
 1278013 799958 6158.15061   50  232 6806.00000 5504.73871  19.1%   213 7493s
 1279114 800630 5901.00077   29  172 6806.00000 5504.79615  19.1%   213 7500s
 1280184 801489 5595.92878   33  240 6806.00000 5504.87635  19.1%   213 7508s
 1281452 802301 6625.07743   71  187 6806.00000 5504.94922  19.1%   213 7515s
 1282775 803130 6163.18857   39  238 6806.00000 5505.06136  19.1%   213 7522s
 1284033 803886 6587.65758   72  173 6806.00000 5505.12527  19.1%   213 7529s
 1285227 804734 6251.00000   39   57 6806.00000 5505.21713  19.1%   213 7536s
 1286571 805368 infeasible   53      6806.00000 5505.29182  19.1%   213 7543s
 1287753 805954 6312.03018   45  224 6806.00000 5505.38293  19.1%   213 7549s
 1288810 806756 5821.06468   35  166 6806.00000 5505.46654  19.1%   213 7557s
 1290192 807435 6313.40762   48  223 6806.00000 5505.53333  19.1%   213 7564s
 1291422 808220 5881.31336   41  101 6806.00000 5505.61090  19.1%   213 7571s
 1292694 809055 6121.50000   31  136 6806.00000 5505.69952  19.1%   213 7578s
 1293944 809730 5690.97816   36  329 6806.00000 5505.73251  19.1%   213 7585s
 1295103 810316     cutoff   63      6806.00000 5505.82468  19.1%   213 7592s
 1296115 811146 infeasible   44      6806.00000 5505.92362  19.1%   213 7601s
 1297683 812079 5663.78746   47  309 6806.00000 5506.00687  19.1%   213 7608s
 1299157 812931 6073.55882   36  190 6806.00000 5506.12868  19.1%   213 7615s
 1300295 813768 6405.81862   75  159 6806.00000 5506.18155  19.1%   213 7622s
 1301523 814422 6340.86462   74  163 6806.00000 5506.24608  19.1%   213 7629s
 1302613 815178 6536.03749   66  130 6806.00000 5506.30144  19.1%   213 7636s
 1303814 815946 6598.72597   70   68 6806.00000 5506.38994  19.1%   213 7643s
 1305064 816608 6126.89757   37  282 6806.00000 5506.49887  19.1%   213 7651s
 1306069 817286 6159.52128   39  255 6806.00000 5506.53904  19.1%   213 7658s
 1307054 817850 6505.07441   55  233 6806.00000 5506.59245  19.1%   213 7666s
 1307956 818555 5612.36856   30  215 6806.00000 5506.61369  19.1%   213 7673s
 1309280 819522 6459.82889   44  203 6806.00000 5506.71466  19.1%   213 7681s
 1310743 820332 6653.61367   63   67 6806.00000 5506.77949  19.1%   213 7688s
 1312016 821057 6734.22968   63  224 6806.00000 5506.89842  19.1%   213 7696s
 1313110 821803 5977.90571   49  259 6806.00000 5506.96433  19.1%   213 7703s
 1314302 822410 6625.84884   72  102 6806.00000 5507.06000  19.1%   213 7710s
 1315635 823108 5790.11731   40  202 6806.00000 5507.11428  19.1%   213 7717s
 1316822 823754 6341.00000   49  142 6806.00000 5507.19778  19.1%   213 7724s
 1318218 824450 6478.09478   59   84 6806.00000 5507.29773  19.1%   213 7731s
 1319351 825224 5870.39015   39  247 6806.00000 5507.36259  19.1%   213 7738s
 1320488 826040 5670.59616   38  285 6806.00000 5507.42958  19.1%   213 7744s
 1321793 826663 5586.92724   31  254 6806.00000 5507.48365  19.1%   213 7751s
 1323079 827405 5716.66911   37  318 6806.00000 5507.55093  19.1%   213 7758s
 1324262 828124 5957.78620   38  291 6806.00000 5507.61811  19.1%   213 7764s
 1325435 828755 5689.18182   39  159 6806.00000 5507.68855  19.1%   213 7771s
 1326529 829523 6065.22840   34  226 6806.00000 5507.74771  19.1%   213 7778s
 1327807 830265 6021.85203   32  168 6806.00000 5507.82333  19.1%   213 7785s
 1329083 831128 5568.37231   40  281 6806.00000 5507.87176  19.1%   213 7792s
 1330348 831881 6265.26074   65  163 6806.00000 5507.97609  19.1%   213 7799s
 1331542 832719 infeasible   65      6806.00000 5508.07620  19.1%   213 7806s
 1332890 833318 5518.74611   38  344 6806.00000 5508.16127  19.1%   213 7813s
 1333897 834068 6284.34193   43  255 6806.00000 5508.22488  19.1%   213 7820s
 1335127 834844 infeasible   36      6806.00000 5508.30836  19.1%   213 7827s
 1336539 835639 6507.54633   55  144 6806.00000 5508.37692  19.1%   213 7834s
 1337762 836388 6756.00000   49   95 6806.00000 5508.42991  19.1%   213 7841s
 1338944 836952 5808.62597   37  218 6806.00000 5508.49875  19.1%   213 7848s
 1339984 837624 6195.00000   42  114 6806.00000 5508.57579  19.1%   213 7855s
 1341094 838393 5894.53419   44  227 6806.00000 5508.66111  19.1%   213 7862s
 1342320 839190 6200.17574   32  124 6806.00000 5508.75152  19.1%   213 7869s
 1343496 839886 6069.44661   32  236 6806.00000 5508.79514  19.1%   213 7876s
 1344638 840586 6067.51488   33  225 6806.00000 5508.93475  19.1%   213 7883s
 1345849 841348 6133.75208   47  163 6806.00000 5509.00000  19.1%   213 7891s
 1347046 842205 6467.23213   51  194 6806.00000 5509.07957  19.1%   213 7898s
 1348465 842865 infeasible   54      6806.00000 5509.17636  19.1%   213 7905s
 1349555 843553 infeasible   68      6806.00000 5509.23529  19.1%   213 7912s
 1350709 844142 6137.38954   40  190 6806.00000 5509.33192  19.1%   213 7919s
 1350896 844142 5666.40000   30  172 6806.00000 5509.33192  19.1%   213 7920s
 1351904 844903 6244.11172   49  245 6806.00000 5509.43901  19.1%   213 7927s
 1353111 845736 6243.38743   39  183 6806.00000 5509.49297  19.0%   213 7935s
 1354589 846528 6270.49060   46  180 6806.00000 5509.55563  19.0%   213 7942s
 1355811 846892 6292.14941   35   93 6806.00000 5509.65380  19.0%   213 7951s
 1356372 847738 5780.15950   37  137 6806.00000 5509.67548  19.0%   213 7959s
 1357722 848490 6144.65516   31  162 6806.00000 5509.72265  19.0%   213 7966s
 1358983 849420 6154.83167   50  227 6806.00000 5509.81761  19.0%   213 7974s
 1360441 850098 6274.34472   34  117 6806.00000 5509.90367  19.0%   213 7981s
 1361620 850945 5637.91774   41  217 6806.00000 5509.99132  19.0%   213 7988s
 1362815 851531 6578.35242   79  128 6806.00000 5510.03577  19.0%   213 7996s
 1363912 852368 6198.32445   44  232 6806.00000 5510.12003  19.0%   213 8003s
 1365214 853228 6033.12798   45  155 6806.00000 5510.19710  19.0%   213 8011s
 1366483 854008 infeasible   51      6806.00000 5510.29803  19.0%   213 8018s
 1367741 854702 6718.72103   63  208 6806.00000 5510.33333  19.0%   213 8025s
 1368812 855609 6539.79847   50  213 6806.00000 5510.35830  19.0%   213 8034s
 1370245 856502 5584.14930   35  301 6806.00000 5510.45498  19.0%   213 8041s
 1371628 857225 5776.65000   41  234 6806.00000 5510.55354  19.0%   213 8048s
 1372850 857833 6223.09023   37  174 6806.00000 5510.66249  19.0%   213 8055s
 1373882 858583 5779.18750   33  174 6806.00000 5510.70833  19.0%   213 8063s
 1375146 859407 6252.83348   46  258 6806.00000 5510.81768  19.0%   213 8070s
 1376438 860136 6385.49589   54  192 6806.00000 5510.86356  19.0%   213 8078s
 1377636 860994 6121.43836   29  130 6806.00000 5510.97558  19.0%   213 8086s
 1378907 861760 6207.74587   41  148 6806.00000 5511.00593  19.0%   213 8095s
 1380132 862401 5533.85176   30  251 6806.00000 5511.07858  19.0%   213 8104s
 1381238 863171 6575.74523   55  179 6806.00000 5511.13081  19.0%   213 8112s
 1382440 863966 6734.09873   38  240 6806.00000 5511.21072  19.0%   213 8120s
 1383646 864798 6528.71255   54  155 6806.00000 5511.28957  19.0%   213 8128s
 1384950 865615 6233.00000   46  143 6806.00000 5511.38614  19.0%   213 8137s
 1386205 866380 infeasible   38      6806.00000 5511.42889  19.0%   213 8144s
 1387336 867118 6274.17026   39  223 6806.00000 5511.46259  19.0%   213 8152s
 1388602 867922 6444.80414   53  162 6806.00000 5511.49410  19.0%   213 8159s
 1390067 868650 5899.63197   43  200 6806.00000 5511.56407  19.0%   213 8166s
 1391444 869256     cutoff   46      6806.00000 5511.65225  19.0%   213 8172s
 1392550 870016 6285.25409   30  177 6806.00000 5511.69483  19.0%   213 8179s
 1393761 870567 6143.21894   37  195 6806.00000 5511.78926  19.0%   213 8186s
 1394783 871159 5702.89427   36  253 6806.00000 5511.89003  19.0%   213 8193s
 1395695 871800 6265.75705   52  154 6806.00000 5511.94028  19.0%   213 8200s
 1396802 872551 6144.50318   32  167 6806.00000 5512.00492  19.0%   213 8208s
 1398011 873231 5932.08622   22  303 6806.00000 5512.11243  19.0%   213 8215s
 1399195 873901 6365.76409   41  152 6806.00000 5512.14919  19.0%   213 8222s
 1400514 874623 6586.24051   53  160 6806.00000 5512.16450  19.0%   213 8230s
 1401976 875245 5659.62414   26  228 6806.00000 5512.24327  19.0%   213 8237s
 1403152 875849 infeasible   72      6806.00000 5512.33469  19.0%   213 8244s
 1404168 876584 6586.92512   63  165 6806.00000 5512.35333  19.0%   213 8251s
 1405371 877378 6620.99256   37  205 6806.00000 5512.47661  19.0%   213 8258s
 1406661 877962 5979.81918   41  208 6806.00000 5512.57893  19.0%   213 8266s
 1407592 878806 6137.90074   46  209 6806.00000 5512.63518  19.0%   213 8273s
 1408936 879582 6575.45517   61  180 6806.00000 5512.72697  19.0%   213 8280s
 1410186 880564 6317.20873   55  112 6806.00000 5512.82177  19.0%   213 8288s
 1411602 881361 6269.07104   37  162 6806.00000 5512.87680  19.0%   213 8295s
 1412787 882206 6264.85039   56  190 6806.00000 5512.92994  19.0%   213 8302s
 1414042 882983 6492.31561   47  142 6806.00000 5513.00526  19.0%   213 8309s
 1415245 883793 6216.15950   39  249 6806.00000 5513.05213  19.0%   213 8316s
 1416567 884618 5859.16225   35  263 6806.00000 5513.14325  19.0%   213 8323s
 1417880 885442 6559.18333   42  149 6806.00000 5513.20617  19.0%   213 8330s
 1419169 886168 6161.21885   42  251 6806.00000 5513.27585  19.0%   213 8337s
 1420254 887034 6548.14354   59  225 6806.00000 5513.30780  19.0%   213 8344s
 1421620 887715 6521.23009   86  114 6806.00000 5513.35318  19.0%   213 8351s
 1422770 888405     cutoff   33      6806.00000 5513.48353  19.0%   213 8359s
 1423942 889079 5559.96693   28  280 6806.00000 5513.54666  19.0%   213 8366s
 1425131 889919 6345.00000   35  105 6806.00000 5513.56770  19.0%   213 8374s
 1426485 890745 5735.45092   40  237 6806.00000 5513.62167  19.0%   213 8381s
 1427807 891432 6621.35898   66  164 6806.00000 5513.74138  19.0%   213 8388s
 1428866 892138 6136.34593   43  184 6806.00000 5513.77076  19.0%   213 8395s
 1429985 893011 6472.98272   52  184 6806.00000 5513.83988  19.0%   213 8403s
 1431421 893829 6670.00375   44  266 6806.00000 5513.92935  19.0%   213 8410s
 1432700 894646 6361.75441   46  120 6806.00000 5514.02459  19.0%   213 8417s
 1433949 895416 5648.09774   42  189 6806.00000 5514.04271  19.0%   213 8424s
 1435257 896096 5703.97957   28  171 6806.00000 5514.17663  19.0%   213 8431s
 1436374 896732     cutoff   34      6806.00000 5514.21729  19.0%   213 8438s
 1437661 897397 6253.27550   38  115 6806.00000 5514.26999  19.0%   213 8445s
 1438888 898060 5557.10549   38  225 6806.00000 5514.31984  19.0%   213 8452s
 1440157 898784 infeasible   40      6806.00000 5514.39945  19.0%   213 8459s
 1441330 899411 5796.91910   44  237 6806.00000 5514.47943  19.0%   213 8466s
 1442569 900065 5790.06547   41  184 6806.00000 5514.52531  19.0%   213 8473s
 1443656 900733 5788.50000   38  184 6806.00000 5514.60000  19.0%   213 8480s
 1444776 901513 5844.08732   35  279 6806.00000 5514.67281  19.0%   213 8488s
 1445993 902443 6413.15563   55  114 6806.00000 5514.74539  19.0%   213 8495s
 1447417 903226 5588.55750   42  180 6806.00000 5514.78559  19.0%   213 8502s
 1448678 904044 5872.51145   37  337 6806.00000 5514.90746  19.0%   213 8509s
 1449609 904044 5648.32233   36  249 6806.00000 5514.93573  19.0%   213 8510s
 1449920 904911 5783.36752   37   84 6806.00000 5514.94579  19.0%   213 8517s
 1451362 905705 6099.35896   36  195 6806.00000 5515.03401  19.0%   213 8524s
 1452650 906361 6320.28701   43  139 6806.00000 5515.10000  19.0%   213 8532s
 1453794 907134 6745.39968   62   98 6806.00000 5515.12859  19.0%   213 8539s
 1455047 907717 6703.23767   61  162 6806.00000 5515.23113  19.0%   213 8546s
 1456120 908431 6515.79361   46  227 6806.00000 5515.30653  19.0%   213 8553s
 1457448 909151 6403.38311   40  135 6806.00000 5515.42072  19.0%   213 8560s
 1458702 909963 6393.15238   52  168 6806.00000 5515.47831  19.0%   213 8567s
 1460021 910602 5648.81663   38  316 6806.00000 5515.51928  19.0%   213 8574s
 1461128 911283 6510.02249   53  211 6806.00000 5515.63844  19.0%   213 8582s
 1462181 912219 6005.89003   48  191 6806.00000 5515.70776  19.0%   213 8591s
 1463619 912869 6483.01693   47  216 6806.00000 5515.82285  19.0%   213 8598s
 1464874 913595     cutoff   53      6806.00000 5515.89917  19.0%   213 8606s
 1466048 914626 6152.56979   28  186 6806.00000 5516.00140  19.0%   213 8615s
 1467619 915277 5840.76441   40  175 6806.00000 5516.06190  19.0%   213 8622s
 1468714 916181 6589.47423   53  134 6806.00000 5516.14514  19.0%   213 8630s
 1470067 916863 6256.76362   39  240 6806.00000 5516.17875  19.0%   213 8637s
 1471336 917597     cutoff   43      6806.00000 5516.25000  19.0%   213 8645s
 1472665 918352 6148.74159   45  232 6806.00000 5516.35000  18.9%   213 8652s
 1473908 919140 5766.92931   33  231 6806.00000 5516.44307  18.9%   213 8659s
 1475228 919983 5811.97972   42  249 6806.00000 5516.55963  18.9%   213 8666s
 1476541 920668 5572.56998   38  167 6806.00000 5516.64063  18.9%   213 8674s
 1477750 921347 6151.21995   37  248 6806.00000 5516.70176  18.9%   213 8681s
 1478962 922163 6081.16573   31  244 6806.00000 5516.75676  18.9%   213 8688s
 1480302 922866     cutoff   51      6806.00000 5516.80192  18.9%   213 8695s
 1481414 923629 5760.48606   36  232 6806.00000 5516.91313  18.9%   213 8702s
 1482718 924468 6339.38950   49  270 6806.00000 5516.96532  18.9%   213 8709s
 1484023 925040 6473.36507   51  140 6806.00000 5517.03860  18.9%   213 8715s
 1485013 925709 6412.02804   35  246 6806.00000 5517.08375  18.9%   213 8722s
 1486193 926436 5568.03165   28  253 6806.00000 5517.18814  18.9%   213 8730s
 1487558 927046 5725.45586   41  240 6806.00000 5517.23897  18.9%   213 8737s
 1488663 927717 5629.75952   28  231 6806.00000 5517.28977  18.9%   213 8743s
 1489985 928324 6435.64168   53  212 6806.00000 5517.34934  18.9%   213 8751s
 1491047 929187 5641.71121   34  260 6806.00000 5517.40776  18.9%   213 8758s
 1492426 929951 6071.53255   52  253 6806.00000 5517.45701  18.9%   213 8765s
 1493605 930728 5716.29971   35  224 6806.00000 5517.52803  18.9%   213 8772s
 1494844 931514 5797.92926   43  336 6806.00000 5517.56749  18.9%   213 8779s
 1496116 931974 6670.21837   64  119 6806.00000 5517.67124  18.9%   213 8788s
 1496898 933026     cutoff   59      6806.00000 5517.70507  18.9%   213 8799s
 1498633 933956 6685.45373   85  136 6806.00000 5517.78611  18.9%   213 8807s
 1500009 934753 6397.44284   60  248 6806.00000 5517.84579  18.9%   213 8815s
 1501439 935404 6529.08735   38  182 6806.00000 5517.93702  18.9%   213 8823s
 1502536 936239 6580.11619   56  129 6806.00000 5517.98862  18.9%   213 8831s
 1503946 936993 5803.92500   36  115 6806.00000 5518.07633  18.9%   213 8839s
 1505303 937866 6594.73333   42  108 6806.00000 5518.11879  18.9%   213 8846s
 1506718 938621 5700.84000   41  256 6806.00000 5518.20000  18.9%   213 8854s
 1507891 939445 6647.99908   54  183 6806.00000 5518.30118  18.9%   213 8862s
 1509284 940232 5622.40000   34  201 6806.00000 5518.38347  18.9%   213 8869s
 1510678 940847 infeasible   43      6806.00000 5518.47207  18.9%   213 8877s
 1511804 941507 6559.04778   56  181 6806.00000 5518.55451  18.9%   213 8884s
 1513076 942359 infeasible   62      6806.00000 5518.62601  18.9%   213 8892s
 1514378 943152 6108.72947   33  195 6806.00000 5518.72590  18.9%   213 8899s
 1515606 943842 6293.00551   40  211 6806.00000 5518.80000  18.9%   213 8906s
 1516778 944634 5775.70000   33  130 6806.00000 5518.88342  18.9%   213 8913s
 1517986 945368 infeasible   59      6806.00000 5518.95187  18.9%   213 8921s
 1519133 946251 6420.65000   47  126 6806.00000 5519.01333  18.9%   213 8928s
 1520490 946865 5594.33471   33  250 6806.00000 5519.06420  18.9%   213 8936s
 1521449 947496 5649.70582   24  287 6806.00000 5519.15819  18.9%   213 8943s
 1522592 948366 infeasible   37      6806.00000 5519.21813  18.9%   213 8950s
 1523991 949235 6484.17387   54  226 6806.00000 5519.26381  18.9%   213 8958s
 1525309 950090 6049.66437   44  229 6806.00000 5519.31835  18.9%   213 8965s
 1526604 950837 6603.67699   94  153 6806.00000 5519.36676  18.9%   213 8972s
 1528170 951515 6155.46687   36  229 6806.00000 5519.44347  18.9%   213 8980s
 1529431 952134 6101.29230   35  209 6806.00000 5519.55991  18.9%   213 8986s
 1530563 952830     cutoff   44      6806.00000 5519.62174  18.9%   213 8993s
 1531735 953538 infeasible   38      6806.00000 5519.68703  18.9%   213 9000s
 1532994 954175     cutoff   61      6806.00000 5519.79619  18.9%   213 9008s
 1534003 955091 6123.63345   44  204 6806.00000 5519.80000  18.9%   213 9017s
 1535448 956062 6617.13994   37  250 6806.00000 5519.90000  18.9%   213 9024s
 1536958 956844 5749.18405   38  189 6806.00000 5519.96859  18.9%   213 9032s
 1538186 957625 6355.18080   40  118 6806.00000 5520.08685  18.9%   213 9040s
 1539510 958436 6403.98719   45  144 6806.00000 5520.19201  18.9%   213 9047s
 1540900 959072 6130.29791   32  149 6806.00000 5520.25488  18.9%   213 9054s
 1541972 959862 6127.57795   39  224 6806.00000 5520.34447  18.9%   213 9061s
 1543241 960200 6264.47223   44  170 6806.00000 5520.36675  18.9%   213 9069s
 1543735 960200 6329.81199   36  128 6806.00000 5520.42893  18.9%   213 9070s
 1543785 960858 6264.47223   45  160 6806.00000 5520.42893  18.9%   213 9077s
 1545157 961630 5633.36764   33  302 6806.00000 5520.50659  18.9%   213 9084s
 1546455 962456 5985.82857   41  211 6806.00000 5520.57834  18.9%   213 9091s
 1547826 963245 6337.58448   45  230 6806.00000 5520.69842  18.9%   213 9099s
 1549056 964164 6245.99983   42  225 6806.00000 5520.79450  18.9%   213 9106s
 1550397 965034 6292.52451   35  207 6806.00000 5520.86764  18.9%   213 9113s
 1551738 965669 6663.93666   72  156 6806.00000 5520.89708  18.9%   213 9120s
 1552797 966446 6642.08054   46  144 6806.00000 5520.98684  18.9%   213 9129s
 1554158 967239 5664.40000   32  126 6806.00000 5521.05826  18.9%   213 9136s
 1555441 968025 6065.81520   41  224 6806.00000 5521.13836  18.9%   213 9144s
 1556787 968748 6595.36371   43  200 6806.00000 5521.23283  18.9%   213 9151s
 1557989 969552 6349.61860   32  139 6806.00000 5521.26560  18.9%   213 9159s
 1559214 970313 5650.86314   37  254 6806.00000 5521.34053  18.9%   213 9166s
 1560395 971235 6472.88649   42  190 6806.00000 5521.39949  18.9%   213 9173s
 1561834 972067 6410.44587   42  258 6806.00000 5521.42520  18.9%   213 9181s
 1563199 972757 6170.88571   41  189 6806.00000 5521.49383  18.9%   213 9188s
 1564441 973505 6328.42904   49  145 6806.00000 5521.55457  18.9%   213 9194s
 1565651 974359 6480.18724   41  187 6806.00000 5521.61283  18.9%   213 9202s
 1566946 975171 6329.23759   50  122 6806.00000 5521.66567  18.9%   213 9209s
 1568160 975825 5822.11304   45  266 6806.00000 5521.74169  18.9%   213 9216s
 1569265 976519 6711.28271   47  203 6806.00000 5521.79230  18.9%   213 9223s
 1570455 977279 6324.83237   41  209 6806.00000 5521.84226  18.9%   213 9231s
 1571733 978101 6196.69629   37  292 6806.00000 5521.93433  18.9%   213 9238s
 1573047 978735 6334.91877   27  142 6806.00000 5521.96201  18.9%   213 9244s
 1574107 979501 5636.39146   38  306 6806.00000 5522.08454  18.9%   213 9251s
 1575186 980139 6462.94838   44  150 6806.00000 5522.11960  18.9%   213 9258s
 1576241 980904 6086.94937   36  315 6806.00000 5522.14992  18.9%   213 9265s
 1577368 981803 6705.45057   62  205 6806.00000 5522.14992  18.9%   213 9273s
 1578689 982646 5702.88781   40  323 6806.00000 5522.26692  18.9%   213 9280s
 1580253 983288 6142.00835   50  171 6806.00000 5522.31470  18.9%   213 9287s
 1581317 984025 6788.10769   60  204 6806.00000 5522.37345  18.9%   213 9294s
 1582513 984694 6270.00000   39  152 6806.00000 5522.44054  18.9%   213 9302s
 1583493 985405 5955.40000   44  112 6806.00000 5522.47879  18.9%   213 9309s
 1584650 986214 5831.78435   51  214 6806.00000 5522.54244  18.9%   213 9316s
 1585876 986775 6596.20840   61  161 6806.00000 5522.62045  18.9%   213 9323s
 1587079 987442 6583.03823   53  135 6806.00000 5522.69025  18.9%   213 9330s
 1588189 987920 6588.01361   47  175 6806.00000 5522.75931  18.9%   213 9338s
 1589081 988884     cutoff   43      6806.00000 5522.78630  18.9%   213 9347s
 1590673 989726 6599.31660   60  172 6806.00000 5522.85550  18.9%   213 9355s
 1592102 990437 6623.31655   68  180 6806.00000 5522.95897  18.9%   213 9363s
 1593115 991120 6493.36574   71  200 6806.00000 5522.99808  18.9%   213 9371s
 1594293 991934 6325.64042   51  225 6806.00000 5523.05463  18.9%   213 9379s
 1595662 992735 6660.16766   68  149 6806.00000 5523.15731  18.8%   213 9387s
 1596967 993519 6374.41042   38  160 6806.00000 5523.23333  18.8%   213 9395s
 1598283 994342 6805.00000   61  107 6806.00000 5523.27745  18.8%   213 9402s
 1599475 995000 6373.66726   42  180 6806.00000 5523.33204  18.8%   213 9410s
 1600680 995835 6262.98502   37  215 6806.00000 5523.38469  18.8%   213 9418s
 1602125 996497 6411.99374   45  220 6806.00000 5523.44981  18.8%   213 9425s
 1603154 997130 5754.09457   33  318 6806.00000 5523.50706  18.8%   213 9433s
 1604147 997900 6453.59669   35  154 6806.00000 5523.56216  18.8%   213 9440s
 1605375 998647 5591.93429   30  262 6806.00000 5523.65082  18.8%   213 9449s
 1606590 999335 6500.94318   60  163 6806.00000 5523.74093  18.8%   213 9456s
 1607775 1000099 6085.35645   42  281 6806.00000 5523.77662  18.8%   213 9463s
 1609014 1000856 6617.48297   59  212 6806.00000 5523.89699  18.8%   213 9471s
 1610211 1001505 5647.76697   33  295 6806.00000 5523.94736  18.8%   213 9478s
 1611296 1002424 6109.31023   37  261 6806.00000 5524.00760  18.8%   213 9485s
 1612710 1003247 6224.05882   45  142 6806.00000 5524.05000  18.8%   213 9493s
 1614071 1003900 6493.84504   62  135 6806.00000 5524.15906  18.8%   213 9501s
 1615196 1004104 5682.84482   36  272 6806.00000 5524.22133  18.8%   213 9511s
 1615544 1004771 5684.43684   37  284 6806.00000 5524.22133  18.8%   213 9518s
 1616679 1005558 5620.47296   33  230 6806.00000 5524.29769  18.8%   213 9526s
 1617956 1006416 6528.53567   49  190 6806.00000 5524.32293  18.8%   213 9534s
 1619456 1007169 6292.42755   38  238 6806.00000 5524.43002  18.8%   213 9541s
 1620778 1008077 6401.08592   50  222 6806.00000 5524.54414  18.8%   213 9548s
 1622216 1008892 6019.79443   39  180 6806.00000 5524.63000  18.8%   213 9555s
 1623511 1009427 5988.07070   44  260 6806.00000 5524.69079  18.8%   213 9563s
 1624470 1010131 6342.18681   34  245 6806.00000 5524.74013  18.8%   213 9570s
 1625610 1010851 infeasible   53      6806.00000 5524.80764  18.8%   213 9578s
 1626858 1011651 6462.26160   50   98 6806.00000 5524.88722  18.8%   213 9585s
 1628113 1012281 6271.26417   41  173 6806.00000 5524.93816  18.8%   213 9592s
 1629443 1012917 6405.11613   54  123 6806.00000 5524.96759  18.8%   213 9600s
 1630685 1013612 infeasible   41      6806.00000 5525.07128  18.8%   213 9607s
 1632001 1014336 5681.65358   37  144 6806.00000 5525.12270  18.8%   213 9614s
 1633236 1015031     cutoff   51      6806.00000 5525.20986  18.8%   213 9621s
 1634611 1015805 6318.02245   43  259 6806.00000 5525.27391  18.8%   213 9628s
 1635861 1016550 6455.63666   73  103 6806.00000 5525.37240  18.8%   213 9635s
 1637014 1017211 5917.31026   38  260 6806.00000 5525.39858  18.8%   213 9642s
 1638063 1017867 6626.77938   57  181 6806.00000 5525.46208  18.8%   213 9649s
 1639152 1018463 6314.90106   53  191 6806.00000 5525.52563  18.8%   213 9656s
 1640182 1019195 6670.70684   45  195 6806.00000 5525.58513  18.8%   213 9664s
 1641371 1020069 6081.80000   34  200 6806.00000 5525.64695  18.8%   213 9671s
 1642695 1020821 6581.96324   43  165 6806.00000 5525.73955  18.8%   213 9678s
 1643859 1021611 6433.90429   40  220 6806.00000 5525.76072  18.8%   213 9686s
 1645090 1022375 6334.81911   44  194 6806.00000 5525.84227  18.8%   213 9694s
 1646367 1023077 6481.89648   42  252 6806.00000 5525.91500  18.8%   213 9701s
 1647540 1023791     cutoff   61      6806.00000 5525.98486  18.8%   213 9708s
 1648882 1024408 6296.00000   31  112 6806.00000 5526.06345  18.8%   213 9716s
 1650166 1025107 6219.28299   41  145 6806.00000 5526.14790  18.8%   213 9723s
 1651336 1025853 6042.00000   35  150 6806.00000 5526.22887  18.8%   213 9730s
 1652551 1026681 6037.09215   38  196 6806.00000 5526.25117  18.8%   213 9737s
 1653932 1027359 5854.62939   49  186 6806.00000 5526.33716  18.8%   213 9745s
 1655073 1028187 5542.58882   39  277 6806.00000 5526.40046  18.8%   213 9752s
 1656392 1028889 6338.00000   43  135 6806.00000 5526.50492  18.8%   213 9759s
 1657512 1029649 6083.60655   40  201 6806.00000 5526.54674  18.8%   213 9766s
 1658830 1030430 5698.80000   37  168 6806.00000 5526.59841  18.8%   213 9774s
 1660041 1031288 6160.10995   36  195 6806.00000 5526.67394  18.8%   213 9781s
 1661267 1031958 6570.50349   54  118 6806.00000 5526.75561  18.8%   213 9788s
 1662408 1032887 5861.92633   33  216 6806.00000 5526.84459  18.8%   213 9796s
 1663824 1033678 6181.65179   44  131 6806.00000 5526.89537  18.8%   213 9802s
 1664977 1034327 6647.11794   45  241 6806.00000 5526.95176  18.8%   213 9810s
 1666220 1035045 6043.65536   29  177 6806.00000 5526.98544  18.8%   213 9817s
 1667486 1035857 6082.04850   36  255 6806.00000 5527.07747  18.8%   213 9824s
 1668763 1036619 6130.22329   46  223 6806.00000 5527.13415  18.8%   213 9831s
 1670110 1037233 5764.18312   37  190 6806.00000 5527.21059  18.8%   213 9838s
 1671234 1037913 6638.42838   62  175 6806.00000 5527.29076  18.8%   213 9845s
 1672457 1038639 6050.45912   37  164 6806.00000 5527.35893  18.8%   213 9852s
 1673703 1039340 6171.70276   35  289 6806.00000 5527.45375  18.8%   213 9859s
 1675026 1039630 infeasible   38      6806.00000 5527.51395  18.8%   213 9867s
 1675509 1040363 5686.89667   35  290 6806.00000 5527.54171  18.8%   213 9874s
 1676806 1041153 6782.00000   57  114 6806.00000 5527.61436  18.8%   213 9881s
 1678153 1041896 6116.64910   41  215 6806.00000 5527.69044  18.8%   213 9889s
 1679341 1042585 5748.33846   42  250 6806.00000 5527.75601  18.8%   213 9896s
 1680521 1043451 6654.86508   51  236 6806.00000 5527.82714  18.8%   213 9903s
 1681955 1044062 6601.65737   66  193 6806.00000 5527.92916  18.8%   213 9910s
 1682994 1044924 6449.32925   42  184 6806.00000 5528.01976  18.8%   213 9917s
 1684262 1045550 6052.89565   36  165 6806.00000 5528.07227  18.8%   213 9924s
 1685299 1046276 5631.37080   42  203 6806.00000 5528.11070  18.8%   213 9931s
 1686505 1046968 5620.42638   42  197 6806.00000 5528.18516  18.8%   213 9938s
 1687635 1047646 6046.71128   42  268 6806.00000 5528.25107  18.8%   213 9945s
 1688869 1048417 6665.23211   63  163 6806.00000 5528.31932  18.8%   213 9953s
 1690092 1049283 5589.44997   36  302 6806.00000 5528.38837  18.8%   213 9960s
 1691482 1050115 6488.53577   55  140 6806.00000 5528.45598  18.8%   213 9968s
 1692780 1050908 5845.85000   29  123 6806.00000 5528.55880  18.8%   213 9975s
 1694013 1051714 6388.50882   46  197 6806.00000 5528.58232  18.8%   213 9982s
 1695300 1052526 6284.20214   45  173 6806.00000 5528.64475  18.8%   213 9990s
 1696480 1053391 5725.19092   34  218 6806.00000 5528.67397  18.8%   213 9997s
 1697881 1053923 6535.13819   72  162 6806.00000 5528.72452  18.8%   213 10004s
 1698811 1054804 5887.50400   31  184 6806.00000 5528.79068  18.8%   213 10013s
 1700264 1055675 5754.53842   40  194 6806.00000 5528.85256  18.8%   213 10021s
 1701754 1056535 6227.28799   36  124 6806.00000 5528.95093  18.8%   213 10029s
 1703144 1057350 infeasible   59      6806.00000 5529.02933  18.8%   213 10037s
 1704459 1058136 5644.40000   31  167 6806.00000 5529.13637  18.8%   213 10044s
 1705649 1058978 5758.11986   35  204 6806.00000 5529.16362  18.8%   213 10052s
 1707021 1059765 6232.55398   29  188 6806.00000 5529.22746  18.8%   213 10059s
 1708261 1060561 infeasible   38      6806.00000 5529.33852  18.8%   213 10066s
 1709503 1061306 6130.11921   48  310 6806.00000 5529.41415  18.8%   213 10074s
 1710749 1062116 6184.82573   44  166 6806.00000 5529.50552  18.8%   213 10081s
 1711958 1062846 5757.30738   35  212 6806.00000 5529.55115  18.8%   213 10088s
 1713242 1063671 5883.07218   50  215 6806.00000 5529.60950  18.8%   213 10096s
 1714588 1064470 6123.61443   43  313 6806.00000 5529.68171  18.8%   213 10103s
 1715920 1065278 5842.85092   38  274 6806.00000 5529.75005  18.8%   213 10111s
 1717122 1065943 6263.44203   38  176 6806.00000 5529.79000  18.8%   213 10118s
 1718287 1066652 6707.32432   64  126 6806.00000 5529.83501  18.8%   213 10125s
 1719723 1067373 6443.33211   43  209 6806.00000 5529.86134  18.8%   213 10132s
 1720908 1068128 6372.86097   37  220 6806.00000 5529.95155  18.7%   213 10140s
 1722034 1068901 6421.22717   42  275 6806.00000 5529.97682  18.7%   213 10147s
 1723295 1069664 6739.00000   54  109 6806.00000 5530.06730  18.7%   213 10154s
 1724773 1070300 6335.29751   55  192 6806.00000 5530.13543  18.7%   213 10161s
 1725803 1071049 6093.53149   31  238 6806.00000 5530.20292  18.7%   213 10168s
 1727018 1071687 5738.20113   30  266 6806.00000 5530.26808  18.7%   213 10176s
 1728089 1072496 6173.28581   62  143 6806.00000 5530.31942  18.7%   213 10183s
 1729476 1073088 5563.52070   36  179 6806.00000 5530.40947  18.7%   213 10190s
 1730550 1073968     cutoff   62      6806.00000 5530.44141  18.7%   213 10197s
 1731909 1074731     cutoff  101      6806.00000 5530.51194  18.7%   213 10204s
 1733337 1075348 6383.49924   44  275 6806.00000 5530.57199  18.7%   213 10211s
 1734473 1076145 6198.89385   47  196 6806.00000 5530.64328  18.7%   213 10218s
 1735787 1076970 6180.47825   38  178 6806.00000 5530.70714  18.7%   213 10224s
 1737039 1077668 6364.17294   47  154 6806.00000 5530.70714  18.7%   213 10231s
 1738123 1078426 6413.67511   49  153 6806.00000 5530.83749  18.7%   213 10238s
 1739461 1079052 6373.41691   64  142 6806.00000 5530.88023  18.7%   213 10244s
 1740518 1079755 6490.72294   47  106 6806.00000 5530.92645  18.7%   213 10251s
 1741739 1080401 6313.71757   35  268 6806.00000 5530.97333  18.7%   213 10258s
 1742841 1081172 6013.19758   30  237 6806.00000 5531.04192  18.7%   213 10265s
 1744062 1081749 6125.00000   35   71 6806.00000 5531.10067  18.7%   213 10272s
 1744995 1082471 6196.18623   39  149 6806.00000 5531.13923  18.7%   213 10278s
 1746174 1083247 6457.35570   51  242 6806.00000 5531.16769  18.7%   213 10286s
 1747372 1084091 6372.74783   35  150 6806.00000 5531.23336  18.7%   213 10293s
 1748696 1084806 6345.35632   50  196 6806.00000 5531.30965  18.7%   213 10300s
 1749676 1085467 6135.21681   45  147 6806.00000 5531.35657  18.7%   213 10307s
 1750710 1086103 5814.00000   34  203 6806.00000 5531.41625  18.7%   213 10315s
 1751699 1086723 5698.15510   38  318 6806.00000 5531.41803  18.7%   213 10322s
 1752766 1087489 6443.35367   45  203 6806.00000 5531.47365  18.7%   213 10330s
 1754152 1088164 5719.46492   31  364 6806.00000 5531.54837  18.7%   213 10336s
 1755306 1088815 5985.01509   29  213 6806.00000 5531.61545  18.7%   213 10342s
 1756620 1089254 6309.50125   51  204 6806.00000 5531.67668  18.7%   213 10349s
 1757510 1090018 6453.94569   53  166 6806.00000 5531.74451  18.7%   213 10356s
 1758780 1090678 5689.62512   33  255 6806.00000 5531.80780  18.7%   213 10362s
 1759947 1091494 6530.82395   46  177 6806.00000 5531.85498  18.7%   213 10369s
 1761218 1092210 6397.93848   37  133 6806.00000 5531.93807  18.7%   213 10375s
 1762407 1092893 6506.74047   43  204 6806.00000 5532.00852  18.7%   213 10382s
 1763501 1093094 5833.12947   34  262 6806.00000 5532.05311  18.7%   213 10390s
 1763862 1093599 5848.43952   35  208 6806.00000 5532.05491  18.7%   213 10397s
 1764724 1094209 5888.20545   36  228 6806.00000 5532.06887  18.7%   213 10404s
 1765727 1094951 5906.43798   37  284 6806.00000 5532.12399  18.7%   213 10412s
 1766968 1095672 5696.35240   26  226 6806.00000 5532.25253  18.7%   213 10419s
 1768272 1096551 5983.45718   23  133 6806.00000 5532.32200  18.7%   213 10426s
 1769616 1097188 6151.25654   42  241 6806.00000 5532.36211  18.7%   213 10433s
 1770687 1097887 6256.00713   48  202 6806.00000 5532.41417  18.7%   213 10441s
 1771902 1098580 6689.72543   62  243 6806.00000 5532.44828  18.7%   213 10448s
 1773151 1099419 6436.63655   61   84 6806.00000 5532.48333  18.7%   213 10455s
 1774460 1100079 6777.20895   46  210 6806.00000 5532.55014  18.7%   213 10461s
 1775502 1100785 6008.12486   46  229 6806.00000 5532.59703  18.7%   213 10468s
 1776721 1101607 6400.88735   38  127 6806.00000 5532.66961  18.7%   213 10476s
 1778137 1102315 6498.67058   48  182 6806.00000 5532.72847  18.7%   213 10483s
 1779449 1102950 5651.50000   39  225 6806.00000 5532.83461  18.7%   213 10489s
 1780648 1103646 6684.07920   63  217 6806.00000 5532.86769  18.7%   213 10497s
 1781836 1104454 5687.32199   48  176 6806.00000 5532.93663  18.7%   213 10504s
 1783169 1105265 5639.11978   32  198 6806.00000 5533.03092  18.7%   213 10511s
 1784362 1105854 6544.08480   46  247 6806.00000 5533.09716  18.7%   213 10517s
 1785418 1106701 6162.27659   39  167 6806.00000 5533.14768  18.7%   213 10524s
 1786713 1107427 6733.63388   51  164 6806.00000 5533.23744  18.7%   213 10531s
 1787956 1108055 5956.63259   23  130 6806.00000 5533.30000  18.7%   213 10538s
 1788949 1108751 6754.20229   54  186 6806.00000 5533.31963  18.7%   213 10545s
 1790067 1109474 infeasible   52      6806.00000 5533.35289  18.7%   213 10552s
 1791583 1110015 6605.36415   58  172 6806.00000 5533.38354  18.7%   213 10560s
 1792524 1110600 infeasible   42      6806.00000 5533.46465  18.7%   213 10567s
 1793561 1111277 6237.39369   37  171 6806.00000 5533.53379  18.7%   213 10575s
 1794750 1112160 infeasible   34      6806.00000 5533.58657  18.7%   213 10582s
 1796041 1112883 6158.00000   37  211 6806.00000 5533.64602  18.7%   213 10590s
 1797228 1113605     cutoff   47      6806.00000 5533.69234  18.7%   213 10597s
 1798615 1114341 5735.81525   37  225 6806.00000 5533.76356  18.7%   213 10605s
 1799875 1115066 6545.36839   39  264 6806.00000 5533.81219  18.7%   213 10612s
 1801107 1115698 6546.00000   41  153 6806.00000 5533.86068  18.7%   213 10620s
 1802225 1116328 6749.35749   61  173 6806.00000 5533.87571  18.7%   213 10627s
 1803566 1116944 5677.77211   32  241 6806.00000 5533.94828  18.7%   213 10635s
 1804633 1117873 6468.25393   52  159 6806.00000 5534.03276  18.7%   213 10642s
 1806107 1118677 6357.41984   47  121 6806.00000 5534.11905  18.7%   213 10650s
 1807258 1119422 6619.42458   64  140 6806.00000 5534.11905  18.7%   213 10657s
 1808710 1120067 6164.20253   33   94 6806.00000 5534.25099  18.7%   213 10663s
 1809733 1120748 6251.88172   37  152 6806.00000 5534.29402  18.7%   213 10669s
 1810854 1121555 6280.19762   36  194 6806.00000 5534.35957  18.7%   213 10676s
 1812123 1122232 6691.35914   52  113 6806.00000 5534.41843  18.7%   213 10683s
 1813268 1122949 6178.75000   49  147 6806.00000 5534.45718  18.7%   213 10689s
 1814453 1123577 6466.02594   56  230 6806.00000 5534.52626  18.7%   213 10696s
 1815576 1124305 5947.09185   39   82 6806.00000 5534.60415  18.7%   213 10704s
 1816661 1125087 6607.32257   45  129 6806.00000 5534.65284  18.7%   213 10711s
 1817982 1125870 6177.93427   54  165 6806.00000 5534.69146  18.7%   213 10718s
 1819203 1126562 6506.86074   48  144 6806.00000 5534.78750  18.7%   213 10725s
 1820388 1127230 6275.38163   41  169 6806.00000 5534.87478  18.7%   213 10731s
 1821497 1127919 5650.82973   32  286 6806.00000 5534.93798  18.7%   213 10739s
 1822527 1128712 6666.61928   57  167 6806.00000 5534.96977  18.7%   213 10746s
 1823792 1129358 6152.49614   43  215 6806.00000 5535.02565  18.7%   213 10753s
 1825168 1130080 6515.10622   50  152 6806.00000 5535.11854  18.7%   213 10760s
 1826343 1130913 6014.66667   28  138 6806.00000 5535.18811  18.7%   213 10768s
 1827755 1131612 6586.39887   51  179 6806.00000 5535.23196  18.7%   213 10775s
 1828955 1132391 5665.20379   44  238 6806.00000 5535.30111  18.7%   213 10781s
 1830204 1133115     cutoff   72      6806.00000 5535.36725  18.7%   213 10788s
 1831466 1133686 6152.60233   38  287 6806.00000 5535.42481  18.7%   213 10795s
 1832570 1134311 6648.99463   37  229 6806.00000 5535.52968  18.7%   213 10802s
 1833706 1134419 6202.97561   30  181 6806.00000 5535.56517  18.7%   213 10811s
 1833896 1135018 6386.76705   41  209 6806.00000 5535.56517  18.7%   213 10818s
 1834832 1135662 6301.43423   32  154 6806.00000 5535.58966  18.7%   213 10825s
 1836023 1136414 6246.87653   37  178 6806.00000 5535.69568  18.7%   213 10833s
 1837446 1137039 6083.70424   36  215 6806.00000 5535.73915  18.7%   213 10840s
 1838516 1137941 5570.61377   34  213 6806.00000 5535.81942  18.7%   213 10847s
 1839891 1138631 6595.19731   53  127 6806.00000 5535.88054  18.7%   213 10854s
 1841203 1139448     cutoff   41      6806.00000 5535.90220  18.7%   213 10862s
 1842471 1140301     cutoff   68      6806.00000 5535.95555  18.7%   213 10869s
 1843876 1141100 5731.34246   38  271 6806.00000 5536.02946  18.7%   213 10876s
 1845126 1141845 5686.02381   42  240 6806.00000 5536.06902  18.7%   213 10883s
 1846365 1142640 6514.55334   52  178 6806.00000 5536.15936  18.7%   213 10891s
 1847599 1143379 6454.58796   42  181 6806.00000 5536.21162  18.7%   213 10898s
 1848755 1144238     cutoff   77      6806.00000 5536.27244  18.7%   213 10905s
 1850149 1145076 6272.36178   43  193 6806.00000 5536.33236  18.7%   213 10911s
 1851412 1145787 6611.80074   64  170 6806.00000 5536.42191  18.7%   213 10918s
 1852562 1146419 6342.29958   43  194 6806.00000 5536.48084  18.7%   213 10925s
 1853690 1147086 6621.59047   45  240 6806.00000 5536.53617  18.7%   213 10932s
 1854805 1147840 infeasible   57      6806.00000 5536.59523  18.7%   213 10939s
 1855978 1148605 5719.86797   42  139 6806.00000 5536.61705  18.7%   213 10946s
 1857279 1149560 6277.44978   46  230 6806.00000 5536.72622  18.6%   213 10953s
 1858587 1150323 6002.12815   46  256 6806.00000 5536.79257  18.6%   213 10960s
 1859856 1151091 6275.29017   36  266 6806.00000 5536.84883  18.6%   213 10966s
 1861131 1151614 6068.52791   27  153 6806.00000 5536.85353  18.6%   213 10974s
 1862009 1152331 6209.13211   35  273 6806.00000 5536.96551  18.6%   213 10981s
 1863239 1153138 6247.61124   29  166 6806.00000 5536.99348  18.6%   213 10988s
 1864490 1153806 6711.50310   59   91 6806.00000 5537.08519  18.6%   213 10995s
 1865626 1154499 5721.03941   35  238 6806.00000 5537.15903  18.6%   213 11002s
 1866781 1155238 6306.35061   45  170 6806.00000 5537.20341  18.6%   213 11010s
 1867973 1156065 5673.56802   33  351 6806.00000 5537.27627  18.6%   213 11017s
 1869258 1156889 6234.93880   45  206 6806.00000 5537.34174  18.6%   213 11024s
 1870553 1157751 5654.30105   34  272 6806.00000 5537.43658  18.6%   213 11031s
 1871863 1158342 infeasible   37      6806.00000 5537.46592  18.6%   213 11038s
 1872904 1159132 5938.92634   45  217 6806.00000 5537.52353  18.6%   213 11045s
 1874203 1160002 6226.98442   56  151 6806.00000 5537.57063  18.6%   213 11052s
 1875481 1160677 5790.70000   38   99 6806.00000 5537.62186  18.6%   213 11059s
 1876900 1161382 5821.62843   44  216 6806.00000 5537.67746  18.6%   213 11066s
 1878180 1162178 5910.23211   42  256 6806.00000 5537.78137  18.6%   213 11073s
 1879403 1162978 6692.51025   73  175 6806.00000 5537.82119  18.6%   213 11080s
 1880724 1163684 6003.43045   39  153 6806.00000 5537.90288  18.6%   213 11087s
 1881880 1164470 infeasible   54      6806.00000 5537.93274  18.6%   213 11094s
 1883118 1165272     cutoff   57      6806.00000 5538.00316  18.6%   213 11102s
 1884488 1166048 5838.40000   35  165 6806.00000 5538.07073  18.6%   213 11109s
 1886060 1166724 5807.71758   43  294 6806.00000 5538.15099  18.6%   213 11116s
 1887142 1167489 6565.55922   65  146 6806.00000 5538.20378  18.6%   213 11123s
 1888355 1168192 6100.56175   31  233 6806.00000 5538.27655  18.6%   213 11130s
 1889506 1168860     cutoff   51      6806.00000 5538.31012  18.6%   213 11137s
 1890651 1169539 5630.08753   26  171 6806.00000 5538.39763  18.6%   213 11144s
 1891948 1170242 6201.08177   33  189 6806.00000 5538.45644  18.6%   213 11150s
 1893097 1170918 6642.50157   47  199 6806.00000 5538.51210  18.6%   213 11157s
 1894179 1171604 5718.12365   31  257 6806.00000 5538.57542  18.6%   213 11165s
 1895577 1172469     cutoff   50      6806.00000 5538.59536  18.6%   213 11172s
 1896859 1173241 6585.52615   46   88 6806.00000 5538.63722  18.6%   213 11178s
 1898069 1174178 6596.46081   50  176 6806.00000 5538.71250  18.6%   213 11186s
 1899360 1174897 6281.05795   58  147 6806.00000 5538.76437  18.6%   213 11193s
 1900631 1175178 6524.76755   51  141 6806.00000 5538.78482  18.6%   213 11201s
 1901130 1176142 5574.68949   32  148 6806.00000 5538.78706  18.6%   213 11209s
 1902644 1176916 6382.70060   36  150 6806.00000 5538.88649  18.6%   213 11217s
 1904163 1177673 5610.72023   38  381 6806.00000 5538.95798  18.6%   213 11225s
 1905376 1178509 6507.92716   44  258 6806.00000 5538.99052  18.6%   213 11233s
 1906700 1179101 5737.65559   42  285 6806.00000 5539.06185  18.6%   213 11240s
 1907777 1179981 5733.25877   29  230 6806.00000 5539.11358  18.6%   213 11247s
 1909193 1180781 5646.29937   29  275 6806.00000 5539.18899  18.6%   213 11255s
 1910331 1181662 6031.94724   27  314 6806.00000 5539.22889  18.6%   213 11262s
 1911663 1182375 6624.18062   59  103 6806.00000 5539.26973  18.6%   213 11269s
 1912889 1183085 6677.42681   46  183 6806.00000 5539.32521  18.6%   213 11276s
 1914197 1183775 6263.17401   41  226 6806.00000 5539.32521  18.6%   213 11284s
 1915394 1184444 5749.85116   39  220 6806.00000 5539.41237  18.6%   213 11291s
 1916527 1185176 6699.65622   56  289 6806.00000 5539.48596  18.6%   213 11298s
 1917706 1185834 6169.35213   48  161 6806.00000 5539.53516  18.6%   213 11305s
 1919021 1186438 5559.29894   33  304 6806.00000 5539.62324  18.6%   213 11312s
 1920221 1187093 5829.70362   49  173 6806.00000 5539.70754  18.6%   213 11319s
 1921292 1187866 6334.20871   43  134 6806.00000 5539.74443  18.6%   213 11327s
 1922531 1188502 6290.00000   41   82 6806.00000 5539.79277  18.6%   213 11333s
 1923752 1189149 6235.00000   37  115 6806.00000 5539.88825  18.6%   213 11340s
 1924874 1189931 5877.36950   41  160 6806.00000 5539.96416  18.6%   213 11348s
 1926033 1190608 6160.85200   31  232 6806.00000 5540.02319  18.6%   213 11354s
 1927254 1191440     cutoff   58      6806.00000 5540.08345  18.6%   213 11362s
 1928617 1192066 6025.57759   38  158 6806.00000 5540.19106  18.6%   213 11369s
 1929707 1192816 6481.57851   42  207 6806.00000 5540.26835  18.6%   213 11376s
 1930982 1193619 infeasible   56      6806.00000 5540.30000  18.6%   213 11383s
 1932245 1194394 6046.45882   36  192 6806.00000 5540.37962  18.6%   213 11390s
 1933536 1195304 6577.51028   42  306 6806.00000 5540.41855  18.6%   213 11397s
 1934850 1196074 6213.48264   53  211 6806.00000 5540.46583  18.6%   213 11404s
 1936098 1196664 5701.29939   31  257 6806.00000 5540.50684  18.6%   213 11412s
 1937154 1197520 6396.99424   47  128 6806.00000 5540.55820  18.6%   213 11420s
 1938593 1198376 5557.74694   25  238 6806.00000 5540.60959  18.6%   213 11428s
 1939971 1199238 6171.38120   38  163 6806.00000 5540.69633  18.6%   213 11435s
 1941309 1200077 6346.06403   36   83 6806.00000 5540.74879  18.6%   213 11443s
 1942617 1200773 6748.50570   87  139 6806.00000 5540.76976  18.6%   213 11451s
 1943756 1201524 6583.11059   47   83 6806.00000 5540.87142  18.6%   213 11458s
 1945046 1202219 6344.82705   50  154 6806.00000 5540.98410  18.6%   213 11465s
 1946236 1203003 5616.14091   39  246 6806.00000 5541.05000  18.6%   213 11472s
 1947617 1203841     cutoff   52      6806.00000 5541.10000  18.6%   213 11479s
 1948942 1204551 6418.19129   45  142 6806.00000 5541.16179  18.6%   213 11486s
 1950045 1205395 6607.60181   51  123 6806.00000 5541.20753  18.6%   213 11493s
 1951482 1206180 6202.21884   62  196 6806.00000 5541.25027  18.6%   213 11500s
 1952789 1206971     cutoff   56      6806.00000 5541.32445  18.6%   213 11507s
 1954000 1207715 6261.15093   47  180 6806.00000 5541.40506  18.6%   213 11514s
 1955278 1208428 6470.38278   39  196 6806.00000 5541.47249  18.6%   213 11521s
 1956465 1209279 6275.60000   45   90 6806.00000 5541.55017  18.6%   213 11529s
 1957719 1209870 6155.69362   38  237 6806.00000 5541.55031  18.6%   213 11536s
 1958724 1210645 infeasible   44      6806.00000 5541.64697  18.6%   213 11543s
 1960004 1211325 6488.00000   49  126 6806.00000 5541.70982  18.6%   213 11550s
 1961187 1212082 5557.11769   38  243 6806.00000 5541.80000  18.6%   213 11557s
 1962562 1212863 5648.14057   30  254 6806.00000 5541.87737  18.6%   213 11564s
 1963836 1213696 5880.01730   30  224 6806.00000 5541.97691  18.6%   213 11571s
 1965032 1214386 5573.44915   37  142 6806.00000 5542.00588  18.6%   213 11578s
 1966175 1215123 6494.44299   37  160 6806.00000 5542.06098  18.6%   213 11585s
 1967422 1215782 6514.11161   52  165 6806.00000 5542.10460  18.6%   213 11592s
 1968509 1216595 6174.62729   29  170 6806.00000 5542.15534  18.6%   213 11599s
 1969813 1217268 6356.28250   49  168 6806.00000 5542.20980  18.6%   213 11607s
 1970979 1217991     cutoff   48      6806.00000 5542.25758  18.6%   213 11614s
 1972147 1218786 6248.00591   36  106 6806.00000 5542.31766  18.6%   213 11621s
 1973336 1219601 6375.51365   47  221 6806.00000 5542.38556  18.6%   213 11628s
 1974630 1220196 6565.44937   51  246 6806.00000 5542.44962  18.6%   213 11636s
 1975657 1220993     cutoff   44      6806.00000 5542.48987  18.6%   213 11643s
 1976983 1221786 5605.81818   35  164 6806.00000 5542.59180  18.6%   213 11651s
 1978249 1222492 6234.86456   39  209 6806.00000 5542.66251  18.6%   213 11658s
 1979493 1223293 6700.24558   55  104 6806.00000 5542.72076  18.6%   213 11666s
 1980775 1224007     cutoff   56      6806.00000 5542.79508  18.6%   213 11673s
 1982082 1224710 6520.84687   68  135 6806.00000 5542.85870  18.6%   213 11680s
 1983424 1225407 6104.87639   42  176 6806.00000 5542.94260  18.6%   213 11688s
 1984578 1226085 6270.53163   41  137 6806.00000 5542.97645  18.6%   213 11695s
 1985727 1226855 6241.86352   38  264 6806.00000 5543.03224  18.6%   213 11702s
 1986986 1227596 5958.18044   36  165 6806.00000 5543.11659  18.6%   213 11710s
 1988168 1228315 6488.00000   55  149 6806.00000 5543.17952  18.6%   213 11717s
 1989508 1228770 6447.11398   53  208 6806.00000 5543.22236  18.6%   213 11724s
 1990734 1229556 6608.05882   46  163 6806.00000 5543.30133  18.6%   213 11731s
 1991998 1230125 5884.07500   30  244 6806.00000 5543.35052  18.6%   213 11738s
 1993016 1230860 6491.02091   56  145 6806.00000 5543.40635  18.6%   213 11745s
 1994294 1231647 6325.63190   57  105 6806.00000 5543.46290  18.6%   213 11752s
 1995516 1232448 6624.00000   54   85 6806.00000 5543.51831  18.5%   213 11760s
 1996809 1233142 6248.99508   31  184 6806.00000 5543.60265  18.5%   213 11767s
 1997980 1233774 5827.08345   29  118 6806.00000 5543.66772  18.5%   213 11775s
 1999010 1234567 6004.57732   53  255 6806.00000 5543.71484  18.5%   213 11782s
 2000287 1235375     cutoff   52      6806.00000 5543.78786  18.5%   213 11789s
 2001653 1235974 6360.96008   49  174 6806.00000 5543.85085  18.5%   213 11796s
 2002750 1236643 6324.89843   39  201 6806.00000 5543.89791  18.5%   213 11804s
 2003958 1237129 6279.34486   50  154 6806.00000 5543.94212  18.5%   213 11811s
 2004835 1237920 6116.70724   38  229 6806.00000 5543.98643  18.5%   213 11819s
 2006145 1238768 6435.56478   40  230 6806.00000 5544.06093  18.5%   213 11826s
 2007497 1239495 6127.53610   32  106 6806.00000 5544.11185  18.5%   213 11834s
 2008782 1240282 6258.85776   49  145 6806.00000 5544.13134  18.5%   213 11841s
 2010112 1240853 5694.52054   43  284 6806.00000 5544.24013  18.5%   213 11848s
 2011128 1241510 6143.66307   28  171 6806.00000 5544.29658  18.5%   213 11855s
 2012347 1242420 6654.60284   47  189 6806.00000 5544.32883  18.5%   213 11862s
 2013711 1243285 6802.79899   86  110 6806.00000 5544.38877  18.5%   213 11869s
 2014975 1243823 6032.30171   29  312 6806.00000 5544.42090  18.5%   213 11876s
 2015890 1244455 infeasible   44      6806.00000 5544.47435  18.5%   213 11883s
 2016910 1245163 6036.75763   33  263 6806.00000 5544.52018  18.5%   213 11890s
 2018117 1245862 5852.47005   34  303 6806.00000 5544.59397  18.5%   213 11898s
 2019278 1246738 5977.04706   32  154 6806.00000 5544.67186  18.5%   213 11905s
 2020671 1247507 6126.62120   60  179 6806.00000 5544.73616  18.5%   213 11912s
 2021856 1248213 6785.97001   78   94 6806.00000 5544.79926  18.5%   213 11920s
 2023009 1248937 6600.76844   70  144 6806.00000 5544.84956  18.5%   213 11927s
 2024247 1249851 6724.70672   61  154 6806.00000 5544.91953  18.5%   213 11934s
 2025629 1250603 6244.82164   41  167 6806.00000 5544.95348  18.5%   213 11941s
 2026733 1251244 6440.93824   49  217 6806.00000 5545.02043  18.5%   213 11948s
 2027935 1251969 5838.27705   30  221 6806.00000 5545.10001  18.5%   213 11956s
 2029181 1252782 5824.07891   45  238 6806.00000 5545.15229  18.5%   213 11963s
 2030466 1253604 6180.94689   35  285 6806.00000 5545.23335  18.5%   213 11970s
 2031797 1254369 6608.83453   55  269 6806.00000 5545.27539  18.5%   213 11977s
 2032938 1255150     cutoff   86      6806.00000 5545.34597  18.5%   213 11984s
 2034225 1255707 6471.25665   59  183 6806.00000 5545.41106  18.5%   213 11991s
 2035201 1256375 6288.36553   39  170 6806.00000 5545.44035  18.5%   213 11998s
 2036494 1257033 6361.01113   51  247 6806.00000 5545.47574  18.5%   213 12005s
 2037916 1257576     cutoff   50      6806.00000 5545.52222  18.5%   213 12011s
 2039072 1258256 6652.00000   42   94 6806.00000 5545.58319  18.5%   213 12018s
 2040234 1258988 6372.28281   40  166 6806.00000 5545.64665  18.5%   213 12025s
 2041489 1259738 5626.21631   49  312 6806.00000 5545.70694  18.5%   213 12033s
 2042682 1260549 5569.40008   37  293 6806.00000 5545.81562  18.5%   213 12040s
 2043880 1261406 5911.12366   49  226 6806.00000 5545.87015  18.5%   213 12047s
 2045241 1262082 6547.93720   49  176 6806.00000 5545.91327  18.5%   213 12054s
 2046364 1262871 6510.22396   49  206 6806.00000 5545.97233  18.5%   213 12062s
 2047872 1263413 5939.67406   40  183 6806.00000 5546.02740  18.5%   213 12069s
 2048713 1264259 6402.00000   37  139 6806.00000 5546.09060  18.5%   213 12076s
 2050044 1264992 5871.39056   46  209 6806.00000 5546.16542  18.5%   213 12084s
 2051418 1265686 6193.36616   48  206 6806.00000 5546.24770  18.5%   213 12091s
 2052624 1266396 5776.15582   43  233 6806.00000 5546.32589  18.5%   213 12098s
 2053754 1267166 6358.86502   37  214 6806.00000 5546.38646  18.5%   213 12106s
 2054941 1267876 5584.55498   40  321 6806.00000 5546.43956  18.5%   213 12113s
 2056207 1268360 6170.22178   47  255 6806.00000 5546.52643  18.5%   213 12121s
 2057104 1268897     cutoff   44      6806.00000 5546.52643  18.5%   213 12129s
 2058298 1269590 6144.15422   32  149 6806.00000 5546.60333  18.5%   213 12136s
 2059546 1270399 5845.70616   42  242 6806.00000 5546.70000  18.5%   213 12143s
 2060847 1271328 5620.83652   37  314 6806.00000 5546.75172  18.5%   213 12150s
 2062375 1272157 5896.24330   37  255 6806.00000 5546.81544  18.5%   213 12157s
 2063708 1272889 6693.24854   52  208 6806.00000 5546.84866  18.5%   213 12164s
 2064827 1273801 5935.37391   34  180 6806.00000 5546.89248  18.5%   213 12172s
 2066270 1274641 6387.00000   63  105 6806.00000 5546.96899  18.5%   213 12179s
 2067638 1275280 6108.80177   47  199 6806.00000 5547.02447  18.5%   213 12186s
 2068736 1275825 6556.11924   41  180 6806.00000 5547.07835  18.5%   213 12193s
 2069774 1276436 6637.06547   44  265 6806.00000 5547.14504  18.5%   213 12200s
 2070884 1277297 6568.75037   46  129 6806.00000 5547.18325  18.5%   213 12207s
 2072245 1278030 5881.44375   33  224 6806.00000 5547.29163  18.5%   213 12215s
 2073362 1278748 5958.99331   39  283 6806.00000 5547.33252  18.5%   213 12222s
 2074515 1279488 6383.69006   45  196 6806.00000 5547.38140  18.5%   213 12229s
 2075798 1280338 infeasible   44      6806.00000 5547.43766  18.5%   213 12237s
 2077138 1281086 5615.82639   38  186 6806.00000 5547.51285  18.5%   213 12244s
 2078402 1281832 6525.34976   52  201 6806.00000 5547.56830  18.5%   213 12251s
 2079668 1282561 5919.98202   50  227 6806.00000 5547.64772  18.5%   213 12258s
 2080726 1283342 6355.40000   52  145 6806.00000 5547.67522  18.5%   213 12265s
 2081943 1284043 6772.26763   60  127 6806.00000 5547.71694  18.5%   213 12273s
 2083156 1284842 5834.07500   39  100 6806.00000 5547.79188  18.5%   213 12280s
 2084361 1285678 6041.87165   35  175 6806.00000 5547.84062  18.5%   213 12287s
 2085729 1286280 6481.00000   64  100 6806.00000 5547.89700  18.5%   213 12294s
 2086714 1286971 6378.42570   47  219 6806.00000 5547.96412  18.5%   213 12302s
 2087774 1287704 infeasible   48      6806.00000 5548.01469  18.5%   213 12309s
 2089117 1288243 6370.89847   41  178 6806.00000 5548.03712  18.5%   213 12316s
 2090263 1289079 6162.90788   41  130 6806.00000 5548.10163  18.5%   213 12324s
 2091593 1289870 5605.21564   30  254 6806.00000 5548.17864  18.5%   213 12332s
 2092911 1290763 5830.00547   48  239 6806.00000 5548.27779  18.5%   213 12339s
 2094250 1291472 6365.46170   34  200 6806.00000 5548.30128  18.5%   213 12347s
 2095335 1292197     cutoff   64      6806.00000 5548.34684  18.5%   213 12354s
 2096560 1292855 6466.26214   57  192 6806.00000 5548.40604  18.5%   213 12361s
 2097845 1293307 6029.64245   41  234 6806.00000 5548.48093  18.5%   213 12369s
 2098605 1294090 infeasible   47      6806.00000 5548.52586  18.5%   213 12376s
 2099837 1294895 6056.09342   50  186 6806.00000 5548.58203  18.5%   213 12383s
 2101143 1295472 6073.24108   37  179 6806.00000 5548.65116  18.5%   213 12390s
 2102228 1296103 6145.06390   39  269 6806.00000 5548.73928  18.5%   213 12398s
 2103259 1296900 6647.35485   40  199 6806.00000 5548.78605  18.5%   213 12405s
 2104554 1297580 infeasible   34      6806.00000 5548.87499  18.5%   213 12413s
 2105734 1298346 6653.37830   65  172 6806.00000 5548.92834  18.5%   213 12421s
 2107200 1298920 6353.00000   44  137 6806.00000 5548.98925  18.5%   213 12428s
 2108378 1299636 6269.64890   49  225 6806.00000 5549.04062  18.5%   213 12435s
 2109604 1300190 6480.26260   34  159 6806.00000 5549.10755  18.5%   213 12442s
 2110532 1300874 6574.15454   49  225 6806.00000 5549.17821  18.5%   213 12450s
 2111748 1301658 6633.32427   52  110 6806.00000 5549.22387  18.5%   213 12457s
 2113031 1302095 6570.00000   37  148 6806.00000 5549.30428  18.5%   213 12466s
 2113752 1302958 infeasible   98      6806.00000 5549.31295  18.5%   213 12474s
 2115052 1303792 6420.59152   54  113 6806.00000 5549.35366  18.5%   213 12481s
 2116334 1304650 6384.44769   47  210 6806.00000 5549.43482  18.5%   213 12489s
 2117730 1305532 6497.82157   82  166 6806.00000 5549.51365  18.5%   213 12496s
 2119140 1306166 6145.84482   41  318 6806.00000 5549.57143  18.5%   213 12502s
 2120223 1306841 5771.54594   41  176 6806.00000 5549.60019  18.5%   213 12509s
 2121294 1307593 infeasible   38      6806.00000 5549.66798  18.5%   213 12516s
 2122452 1308356 6218.27059   44  151 6806.00000 5549.71893  18.5%   213 12523s
 2123751 1309225 6722.16060   58  145 6806.00000 5549.80148  18.5%   213 12529s
 2125099 1309846 6407.00000   39  117 6806.00000 5549.83447  18.5%   213 12536s
 2126291 1310652 6249.55000   36  195 6806.00000 5549.87959  18.5%   213 12543s
 2127445 1311377 6444.09257   66  173 6806.00000 5549.91749  18.5%   213 12550s
 2128831 1312090 infeasible   45      6806.00000 5549.95007  18.5%   213 12557s
 2130007 1312806 5598.20639   31  263 6806.00000 5550.00202  18.5%   213 12563s
 2131153 1313554 6110.69766   38  249 6806.00000 5550.06081  18.5%   213 12570s
 2132295 1314409 infeasible   39      6806.00000 5550.11152  18.5%   213 12577s
 2133628 1315197 6328.53384   36  177 6806.00000 5550.17362  18.5%   213 12583s
 2134832 1316088 6187.08618   48   93 6806.00000 5550.23375  18.5%   213 12590s
 2136171 1316740 5802.59578   48  356 6806.00000 5550.30575  18.4%   213 12597s
 2137324 1317588 5808.38567   39  272 6806.00000 5550.35388  18.4%   213 12604s
 2138869 1318439 6673.31779   71  132 6806.00000 5550.43180  18.4%   213 12611s
 2140120 1319047 6063.11330   34  207 6806.00000 5550.47759  18.4%   213 12617s
 2141175 1319772 6262.96042   32  218 6806.00000 5550.51197  18.4%   213 12623s
 2142352 1320503     cutoff   52      6806.00000 5550.55000  18.4%   213 12630s
 2143453 1321087 6776.34872   63   97 6806.00000 5550.64937  18.4%   213 12638s
 2144549 1321824 6332.70735   35  199 6806.00000 5550.69662  18.4%   213 12644s
 2145724 1322607     cutoff   49      6806.00000 5550.76233  18.4%   213 12651s
 2147027 1323357 6559.44907   59  152 6806.00000 5550.78260  18.4%   213 12658s
 2148254 1324187 6339.72325   44  198 6806.00000 5550.85807  18.4%   213 12665s
 2149503 1324894 6477.63767   67  196 6806.00000 5550.91625  18.4%   213 12672s
 2150649 1325471 6311.00000   38  160 6806.00000 5550.96485  18.4%   213 12679s
 2151590 1326237 6240.08161   49  137 6806.00000 5551.00803  18.4%   213 12686s
 2153146 1326882 6037.05609   33  138 6806.00000 5551.07275  18.4%   213 12693s
 2154330 1327452 infeasible   53      6806.00000 5551.15922  18.4%   213 12701s
 2155284 1328313 6321.74448   42  136 6806.00000 5551.22536  18.4%   213 12710s
 2156757 1329098 6312.71833   61  219 6806.00000 5551.29949  18.4%   213 12718s
 2158112 1329744 6770.71165   50  225 6806.00000 5551.35563  18.4%   213 12726s
 2159506 1330066 6688.38258   47  177 6806.00000 5551.47067  18.4%   213 12735s
 2160139 1330972 6180.28934   37  267 6806.00000 5551.48419  18.4%   213 12743s
 2161561 1331809 5907.79041   40  183 6806.00000 5551.56427  18.4%   213 12751s
 2163028 1332617     cutoff   44      6806.00000 5551.61050  18.4%   213 12759s
 2164377 1333363 6083.05524   51  217 6806.00000 5551.68209  18.4%   213 12767s
 2165714 1334294 6252.99944   41  172 6806.00000 5551.75341  18.4%   213 12774s
 2167132 1335135 5745.76522   37  291 6806.00000 5551.82384  18.4%   213 12782s
 2168469 1335681 5820.21147   54  169 6806.00000 5551.89830  18.4%   213 12789s
 2169598 1336391 6640.24403   44  115 6806.00000 5551.95184  18.4%   213 12797s
 2171116 1337054 6239.35055   40  166 6806.00000 5552.00396  18.4%   213 12804s
 2172208 1337622 5673.21679   41  230 6806.00000 5552.08114  18.4%   213 12811s
 2173321 1338406 5826.16693   41  257 6806.00000 5552.11648  18.4%   213 12819s
 2174568 1339255 6278.57742   42  175 6806.00000 5552.16972  18.4%   213 12827s
 2176003 1339975 5683.67211   32  307 6806.00000 5552.25442  18.4%   213 12834s
 2177449 1340652 6487.66417   35  228 6806.00000 5552.30503  18.4%   213 12841s
 2178521 1341461 6221.51455   43  266 6806.00000 5552.32632  18.4%   213 12847s
 2179903 1342068 6062.35801   41  242 6806.00000 5552.42949  18.4%   212 12854s
 2181170 1342711 6376.20472   53  103 6806.00000 5552.50196  18.4%   212 12861s
 2182316 1343430 6103.81540   36  190 6806.00000 5552.55945  18.4%   213 12868s
 2183464 1344157 6059.51188   46  264 6806.00000 5552.59793  18.4%   213 12876s
 2184714 1344914 5663.56841   31  258 6806.00000 5552.67819  18.4%   213 12883s
 2185935 1345748 6456.67227   54  151 6806.00000 5552.73750  18.4%   213 12889s
 2187198 1346408 6594.66784   46  164 6806.00000 5552.79363  18.4%   213 12896s
 2188496 1346419 5674.32716   31  270 6806.00000 5552.85413  18.4%   212 12905s
 2188509 1346429 5675.39125   32  253 6806.00000 5552.87574  18.4%   213 12912s
 2188523 1346610 5676.32777   33  225 6806.00000 5552.87574  18.4%   213 12919s
 2188817 1346965 5729.35564   34  192 6806.00000 5552.88658  18.4%   212 12926s
 2189395 1347400 5732.18339   35  245 6806.00000 5552.90000  18.4%   212 12934s
 2190091 1348069 5773.36035   37  237 6806.00000 5552.91974  18.4%   212 12941s
 2191130 1348869 6792.80236   46  117 6806.00000 5553.00984  18.4%   213 12949s
 2192492 1349701 6229.86631   54  158 6806.00000 5553.09493  18.4%   213 12957s
 2193898 1350389     cutoff   45      6806.00000 5553.14832  18.4%   213 12965s
 2195082 1351192 6455.37526   36  180 6806.00000 5553.19927  18.4%   213 12972s
 2196323 1351778 6267.94737   46   80 6806.00000 5553.24219  18.4%   213 12980s
 2197387 1352267 5673.33678   33  176 6806.00000 5553.29926  18.4%   213 12988s
 2198294 1352925 infeasible   46      6806.00000 5553.29926  18.4%   213 12996s
 2199411 1353760 6463.50000   39  120 6806.00000 5553.37954  18.4%   213 13004s
 2200764 1354541 6295.74970   41  135 6806.00000 5553.43208  18.4%   213 13012s
 2202080 1355343 6139.58730   36  176 6806.00000 5553.50000  18.4%   213 13020s
 2203285 1356008 6353.55000   43  184 6806.00000 5553.54083  18.4%   213 13028s
 2204459 1356992 6244.29828   38  162 6806.00000 5553.59368  18.4%   213 13035s
 2205963 1357795 6105.21427   32  189 6806.00000 5553.67373  18.4%   213 13043s
 2207374 1358510 5688.11643   34  270 6806.00000 5553.75619  18.4%   213 13051s
 2208552 1359179 6643.60442   71  164 6806.00000 5553.83210  18.4%   213 13058s
 2209637 1360074 5823.15384   35  198 6806.00000 5553.88701  18.4%   213 13066s
 2211040 1360897 6191.87301   54  154 6806.00000 5553.92012  18.4%   213 13073s
 2212246 1361636 6683.00000   60  146 6806.00000 5553.97318  18.4%   213 13081s
 2213425 1362583 6118.71288   40  133 6806.00000 5554.01590  18.4%   213 13088s
 2214893 1363303 6197.63958   46  244 6806.00000 5554.06565  18.4%   213 13096s
 2216130 1363982 6010.03326   40  206 6806.00000 5554.13590  18.4%   213 13103s
 2217330 1364538 6748.20448   46  199 6806.00000 5554.19142  18.4%   213 13110s
 2218214 1365172 6278.17606   44  170 6806.00000 5554.19142  18.4%   213 13118s
 2219461 1365932 6166.71837   44  160 6806.00000 5554.23605  18.4%   213 13125s
 2220876 1366726 6299.50000   42  102 6806.00000 5554.29600  18.4%   213 13132s
 2222144 1367526 5966.15054   33  248 6806.00000 5554.41323  18.4%   213 13140s
 2223442 1368337 5634.39055   40  172 6806.00000 5554.48013  18.4%   213 13147s
 2224870 1369073 infeasible   51      6806.00000 5554.57303  18.4%   213 13154s
 2226123 1369817 6479.00000   40  125 6806.00000 5554.61374  18.4%   213 13162s
 2227318 1370558 6375.28503   27  178 6806.00000 5554.64261  18.4%   213 13169s
 2228564 1371449 6615.23656   46  127 6806.00000 5554.68209  18.4%   213 13176s
 2229984 1372019 5824.64587   37  364 6806.00000 5554.75616  18.4%   213 13183s
 2230980 1372747 6655.74363   45  219 6806.00000 5554.84397  18.4%   213 13189s
 2232145 1373293 5999.11429   35  233 6806.00000 5554.90746  18.4%   213 13196s
 2233290 1373921     cutoff   48      6806.00000 5554.96173  18.4%   213 13203s
 2234370 1374739 5630.59803   38  381 6806.00000 5555.02904  18.4%   213 13210s
 2235606 1375555 6558.97867   61  128 6806.00000 5555.09644  18.4%   213 13217s
 2236969 1376356 5936.67043   44  111 6806.00000 5555.14713  18.4%   213 13224s
 2238325 1377187 5938.69448   36  201 6806.00000 5555.20290  18.4%   213 13231s
 2239592 1377690 6610.51341   59  142 6806.00000 5555.24438  18.4%   213 13238s
 2240613 1378506 5887.56779   36  215 6806.00000 5555.30395  18.4%   213 13245s
 2241968 1379234 5735.16180   38  356 6806.00000 5555.37782  18.4%   213 13251s
 2243110 1379800 6050.14634   38  247 6806.00000 5555.42222  18.4%   213 13259s
 2244138 1380561 6558.56956   52  180 6806.00000 5555.49171  18.4%   213 13266s
 2245393 1381371 6328.47272   44  176 6806.00000 5555.54143  18.4%   213 13273s
 2246664 1381966 5734.16300   40  144 6806.00000 5555.63589  18.4%   213 13280s
 2247769 1382542 5614.24583   34  202 6806.00000 5555.69275  18.4%   213 13287s
 2248930 1383227 5604.67391   24  154 6806.00000 5555.74882  18.4%   213 13295s
 2250064 1383867 6094.50000   30  166 6806.00000 5555.79020  18.4%   213 13302s
 2251202 1384416 infeasible   58      6806.00000 5555.82907  18.4%   213 13310s
 2252429 1385252     cutoff   64      6806.00000 5555.93314  18.4%   213 13318s
 2253723 1386052 6161.20851   30  157 6806.00000 5555.96992  18.4%   213 13325s
 2255002 1386811 6338.53190   34   91 6806.00000 5556.06466  18.4%   213 13332s
 2256347 1387625 5605.64777   30  205 6806.00000 5556.12953  18.4%   213 13339s
 2257645 1388379 6424.98800   48  215 6806.00000 5556.15937  18.4%   213 13347s
 2258747 1389059 6617.82565   70  116 6806.00000 5556.21600  18.4%   213 13355s
 2259967 1389826 6139.53916   42  247 6806.00000 5556.28711  18.4%   213 13362s
 2261208 1390543 5658.59599   23  231 6806.00000 5556.37167  18.4%   213 13369s
 2262421 1391258 6469.96569   48  179 6806.00000 5556.42453  18.4%   213 13376s
 2263670 1391877     cutoff   48      6806.00000 5556.50559  18.4%   213 13384s
 2264691 1392969 6344.95117   38  180 6806.00000 5556.52124  18.4%   213 13393s
 2266400 1393653 5723.91070   31  318 6806.00000 5556.61305  18.4%   213 13400s
 2267807 1394369 infeasible   43      6806.00000 5556.66667  18.4%   213 13407s
 2269083 1395005 6301.38933   39  121 6806.00000 5556.74058  18.4%   213 13414s
 2270160 1395572 6243.00500   36  232 6806.00000 5556.77527  18.4%   213 13420s
 2271099 1396296 5571.90793   35  237 6806.00000 5556.82256  18.4%   213 13428s
 2272212 1397102 5774.87253   40  179 6806.00000 5556.85931  18.4%   213 13435s
 2273507 1397863 6115.04169   43  266 6806.00000 5556.90866  18.4%   213 13442s
 2274768 1398580 6181.22310   36  190 6806.00000 5556.98581  18.4%   213 13449s
 2275981 1399190 infeasible   43      6806.00000 5557.04715  18.4%   213 13456s
 2277270 1400031 5564.95652   39  260 6806.00000 5557.10000  18.3%   213 13463s
 2278571 1400738 6126.55646   34  157 6806.00000 5557.14207  18.3%   213 13470s
 2279667 1401327 6105.79844   45  130 6806.00000 5557.21331  18.3%   213 13477s
 2280675 1402049     cutoff   38      6806.00000 5557.23249  18.3%   213 13485s
 2281845 1402798 infeasible   48      6806.00000 5557.29048  18.3%   213 13492s
 2283134 1403386 5877.08474   36  259 6806.00000 5557.35942  18.3%   213 13499s
 2284226 1404044 5667.72842   34  219 6806.00000 5557.39970  18.3%   213 13506s
 2285573 1404681 6365.86667   45  120 6806.00000 5557.44790  18.3%   213 13513s
 2286712 1405300 5949.74619   36  224 6806.00000 5557.49956  18.3%   213 13519s
 2287873 1405929 6432.08537   47  184 6806.00000 5557.55185  18.3%   213 13526s
 2289086 1406578 5652.84017   36  339 6806.00000 5557.58878  18.3%   213 13534s
 2290132 1407387 5929.43782   38  260 6806.00000 5557.65217  18.3%   213 13541s
 2291417 1408122 infeasible   37      6806.00000 5557.70272  18.3%   213 13548s
 2292694 1408886 6253.28672   33  218 6806.00000 5557.75340  18.3%   213 13555s
 2293882 1409694 6502.07666   75  102 6806.00000 5557.79594  18.3%   213 13562s
 2295163 1410418 5892.90000   30  141 6806.00000 5557.84693  18.3%   213 13570s
 2296406 1411085 6458.67290   52  132 6806.00000 5557.90608  18.3%   213 13577s
 2297720 1411871 6473.21906   48  178 6806.00000 5557.95392  18.3%   213 13583s
 2298974 1412624 6343.32990   36  226 6806.00000 5557.99901  18.3%   213 13590s
 2300160 1413316 6623.68889   74  167 6806.00000 5558.05887  18.3%   213 13598s
 2301314 1414113 5831.44716   30  317 6806.00000 5558.09874  18.3%   213 13606s
 2302591 1414846 6307.77611   42  150 6806.00000 5558.15608  18.3%   213 13613s
 2303631 1415678     cutoff   34      6806.00000 5558.19336  18.3%   213 13621s
 2305004 1416396 5715.98244   37  254 6806.00000 5558.24909  18.3%   213 13629s
 2306205 1417140 6103.09509   29  275 6806.00000 5558.32026  18.3%   213 13637s
 2307479 1417879 5727.11760   27  214 6806.00000 5558.36761  18.3%   213 13644s
 2308810 1418572 5768.27094   36  259 6806.00000 5558.43584  18.3%   213 13652s
 2310053 1419280 6590.01472   58  141 6806.00000 5558.48063  18.3%   213 13659s
 2311259 1419962 5798.04988   35  274 6806.00000 5558.54395  18.3%   213 13666s
 2312481 1420777 infeasible   56      6806.00000 5558.59766  18.3%   213 13674s
 2313809 1421537 6455.21021   46  173 6806.00000 5558.67743  18.3%   213 13681s
 2315114 1422384 5749.32072   33  206 6806.00000 5558.75856  18.3%   213 13689s
 2316500 1423108 5646.55892   36  269 6806.00000 5558.80394  18.3%   213 13697s
 2317813 1424019 5677.09329   35  269 6806.00000 5558.87104  18.3%   213 13704s
 2319193 1424575 infeasible   36      6806.00000 5558.95080  18.3%   213 13711s
 2320410 1425280 6177.41950   50  141 6806.00000 5559.01656  18.3%   213 13718s
 2321655 1425915 6218.52668   51  171 6806.00000 5559.07778  18.3%   213 13725s
 2322794 1426620 6621.54855   49  213 6806.00000 5559.13889  18.3%   213 13732s
 2324014 1427328 6622.12595   62  174 6806.00000 5559.19559  18.3%   213 13740s
 2325165 1428088 5719.91729   46  225 6806.00000 5559.24924  18.3%   213 13747s
 2326397 1428876 6203.00000   47   89 6806.00000 5559.29489  18.3%   213 13754s
 2327756 1429661 5825.60000   33  149 6806.00000 5559.33276  18.3%   213 13762s
 2329081 1430585 6377.50313   38  193 6806.00000 5559.40166  18.3%   213 13768s
 2330473 1431389 6382.60749   51  171 6806.00000 5559.46624  18.3%   213 13776s
 2331821 1431829     cutoff   59      6806.00000 5559.50334  18.3%   213 13784s
 2332624 1432376 6124.71694   28  165 6806.00000 5559.54990  18.3%   213 13791s
 2333476 1433103 6376.23849   35  154 6806.00000 5559.54990  18.3%   213 13798s
 2334700 1433865 6609.31828   72  167 6806.00000 5559.60408  18.3%   213 13805s
 2335977 1434624 6368.00000   35  132 6806.00000 5559.66304  18.3%   213 13813s
 2337255 1435328 6376.26765   50  101 6806.00000 5559.79011  18.3%   213 13820s
 2338483 1436083 5881.26111   51  216 6806.00000 5559.84383  18.3%   213 13827s
 2339822 1436810 6201.22354   57  161 6806.00000 5559.86701  18.3%   213 13834s
 2340966 1437581 6485.17780   47  225 6806.00000 5559.93522  18.3%   213 13841s
 2342157 1438327 5630.68219   28  302 6806.00000 5559.98956  18.3%   213 13848s
 2343448 1438994 5672.65708   34  241 6806.00000 5560.05562  18.3%   213 13854s
 2344561 1439640 6427.95969   42  215 6806.00000 5560.11230  18.3%   213 13862s
 2345652 1440522 6196.16833   45  258 6806.00000 5560.14317  18.3%   213 13869s
 2347013 1441164 6044.71333   41  263 6806.00000 5560.21277  18.3%   213 13876s
 2348206 1441884     cutoff   49      6806.00000 5560.26656  18.3%   213 13883s
 2349500 1442584 5889.05395   41  238 6806.00000 5560.32322  18.3%   213 13890s
 2350855 1443295 6169.51305   34  246 6806.00000 5560.36633  18.3%   213 13897s
 2352055 1444134 5629.20703   37  285 6806.00000 5560.43105  18.3%   213 13904s
 2353320 1444864 6192.93924   43  207 6806.00000 5560.46899  18.3%   213 13911s
 2354572 1445515 5581.36208   34  229 6806.00000 5560.53488  18.3%   213 13917s
 2355661 1446235 6476.11691   44  216 6806.00000 5560.58646  18.3%   213 13924s
 2356859 1446830 5839.74469   34  204 6806.00000 5560.64499  18.3%   213 13932s
 2357831 1447642 5642.72536   35  329 6806.00000 5560.69947  18.3%   213 13940s
 2359148 1448601 5914.27500   32  104 6806.00000 5560.77678  18.3%   213 13948s
 2360600 1449281 6255.76172   29  234 6806.00000 5560.84277  18.3%   213 13956s
 2361885 1449988 6246.12530   38  304 6806.00000 5560.92117  18.3%   213 13964s
 2363096 1450772 6096.40938   37  193 6806.00000 5560.98266  18.3%   213 13972s
 2364364 1451559 6301.40096   46  158 6806.00000 5561.04077  18.3%   213 13979s
 2365672 1452255 6604.21011   54  191 6806.00000 5561.08135  18.3%   213 13987s
 2366966 1453030 infeasible   51      6806.00000 5561.14363  18.3%   213 13994s
 2368191 1453708 6739.44583   56  109 6806.00000 5561.17925  18.3%   213 14001s
 2369403 1454543 6286.94166   58  204 6806.00000 5561.21501  18.3%   213 14008s
 2370755 1455181 6590.05862   47  181 6806.00000 5561.26596  18.3%   213 14016s
 2371925 1456031 6301.06499   50  186 6806.00000 5561.28752  18.3%   213 14023s
 2373288 1456808 6171.93217   34  202 6806.00000 5561.41259  18.3%   213 14030s
 2374580 1457519 5957.11111   47  208 6806.00000 5561.46800  18.3%   213 14037s
 2375834 1458178 6706.60558   54  188 6806.00000 5561.51273  18.3%   213 14044s
 2376955 1458979 6563.61023   46  173 6806.00000 5561.54984  18.3%   213 14051s
 2378238 1459743 6268.72838   48  270 6806.00000 5561.60412  18.3%   213 14059s
 2379522 1460523 6405.91468   40  247 6806.00000 5561.65318  18.3%   213 14066s
 2380956 1461322 6445.50953   51  196 6806.00000 5561.70401  18.3%   213 14073s
 2382197 1462105     cutoff   53      6806.00000 5561.76834  18.3%   213 14079s
 2383435 1462870     cutoff   57      6806.00000 5561.80000  18.3%   213 14086s
 2384690 1463722     cutoff   46      6806.00000 5561.85693  18.3%   213 14093s
 2385941 1464517 6653.15663   53   59 6806.00000 5561.89991  18.3%   213 14100s
 2387252 1465143 5824.73500   43  266 6806.00000 5561.97273  18.3%   213 14107s
 2388161 1465738     cutoff   82      6806.00000 5562.00042  18.3%   213 14113s
 2389299 1466483 5996.34517   47  221 6806.00000 5562.05093  18.3%   213 14120s
 2390599 1467248 5647.11105   39  290 6806.00000 5562.10755  18.3%   213 14127s
 2391899 1468053 6275.30000   36  175 6806.00000 5562.18101  18.3%   213 14134s
 2393093 1468778 6068.35709   35  260 6806.00000 5562.22653  18.3%   213 14142s
 2394289 1469586 6361.05344   46  107 6806.00000 5562.29217  18.3%   213 14149s
 2395660 1470348 6099.26332   34  242 6806.00000 5562.38176  18.3%   213 14156s
 2396901 1471074 5665.60000   31  164 6806.00000 5562.43691  18.3%   213 14163s
 2398081 1471809 6509.52180   60  235 6806.00000 5562.48497  18.3%   213 14169s
 2399360 1472424 6136.00000   42  167 6806.00000 5562.56452  18.3%   213 14176s
 2400500 1473217 6000.81522   28  239 6806.00000 5562.61338  18.3%   213 14183s
 2401871 1473973 5748.01921   42  182 6806.00000 5562.61353  18.3%   212 14190s
 2403097 1474784 infeasible   47      6806.00000 5562.71196  18.3%   212 14197s
 2404374 1475395 5636.19101   37  333 6806.00000 5562.76609  18.3%   212 14204s
 2405601 1476077 6249.23052   36  189 6806.00000 5562.83752  18.3%   212 14211s
 2406792 1476675 6480.67027   61  212 6806.00000 5562.88382  18.3%   212 14218s
 2407800 1477343 6539.87829   48  191 6806.00000 5562.95208  18.3%   212 14225s
 2408968 1477981 6744.78921   68  215 6806.00000 5563.01076  18.3%   212 14232s
 2410206 1478750 6696.15014   50  205 6806.00000 5563.04683  18.3%   212 14239s
 2411469 1479491 6094.98458   39  210 6806.00000 5563.14139  18.3%   212 14246s
 2412636 1480218     cutoff   40      6806.00000 5563.16326  18.3%   212 14254s
 2413834 1480930 6377.98007   68  131 6806.00000 5563.22267  18.3%   212 14262s
 2415036 1481868 6292.60177   35  108 6806.00000 5563.26818  18.3%   212 14269s
 2416418 1482779 5674.06667   48   92 6806.00000 5563.31821  18.3%   212 14277s
 2417850 1483512 5744.29037   34  289 6806.00000 5563.36159  18.3%   212 14284s
 2419175 1484203 6372.94976   43  176 6806.00000 5563.42783  18.3%   212 14291s
 2420476 1484997 infeasible   58      6806.00000 5563.50274  18.3%   212 14298s
 2421782 1485627 5854.06891   44  214 6806.00000 5563.55000  18.3%   212 14305s
 2423097 1486288 6490.15195   45  152 6806.00000 5563.60712  18.3%   212 14312s
 2424118 1486877 6168.42224   60  174 6806.00000 5563.65362  18.3%   212 14319s
 2425128 1487474 6299.26826   45  214 6806.00000 5563.71926  18.3%   212 14326s
 2426421 1488237 5980.79034   47  148 6806.00000 5563.75684  18.3%   212 14333s
 2427723 1489046 5863.69554   37  201 6806.00000 5563.82464  18.3%   212 14340s
 2429017 1489791 6493.58893   45  151 6806.00000 5563.85950  18.3%   212 14347s
 2430143 1490548 6291.23071   48  178 6806.00000 5563.96843  18.2%   212 14354s
 2431498 1491243 6182.70508   35  250 6806.00000 5563.99762  18.2%   212 14360s
 2432608 1491796 6513.23512   51  160 6806.00000 5564.05899  18.2%   212 14367s
 2433594 1492326 6209.15457   40  287 6806.00000 5564.11053  18.2%   212 14374s
 2434700 1493244 6253.18237   38  164 6806.00000 5564.16058  18.2%   212 14382s
 2436095 1493956 6234.03133   46  173 6806.00000 5564.22356  18.2%   212 14389s
 2437203 1494778 6148.39709   36  130 6806.00000 5564.28063  18.2%   212 14396s
 2438495 1495528 6394.77659   34  240 6806.00000 5564.34294  18.2%   212 14403s
 2439874 1496165 5617.55544   41  228 6806.00000 5564.36292  18.2%   212 14410s
 2441244 1496860 6671.94219   46  202 6806.00000 5564.40726  18.2%   212 14418s
 2442477 1497561 6284.54433   41  257 6806.00000 5564.45105  18.2%   212 14425s
 2443602 1498216 6409.14958   47  267 6806.00000 5564.50434  18.2%   212 14432s
 2444732 1498924 6697.42762   63  130 6806.00000 5564.55998  18.2%   212 14440s
 2446038 1499683 6421.27155   53  202 6806.00000 5564.63726  18.2%   212 14446s
 2447228 1500481 6402.43778   71  156 6806.00000 5564.66882  18.2%   212 14453s
 2448530 1501151 5676.00448   34  276 6806.00000 5564.71512  18.2%   212 14461s
 2449652 1502025 6284.89797   53  164 6806.00000 5564.75755  18.2%   212 14468s
 2451066 1502840 6641.73176   39  174 6806.00000 5564.84340  18.2%   212 14475s
 2452392 1503733 6028.24505   37  183 6806.00000 5564.89055  18.2%   212 14482s
 2453693 1504494 5638.55003   33  224 6806.00000 5564.94385  18.2%   212 14489s
 2454956 1504714 6019.84474   41  277 6806.00000 5564.98747  18.2%   212 14498s
 2455341 1505040 6055.94065   42  316 6806.00000 5564.98747  18.2%   212 14505s
 2455894 1505724 6061.05346   43  249 6806.00000 5565.00000  18.2%   212 14513s
 2456962 1506341 6523.06199   62  147 6806.00000 5565.02473  18.2%   212 14521s
 2458075 1507025 6768.71314   44  207 6806.00000 5565.11175  18.2%   212 14528s
 2459510 1507734 6356.77102   58   91 6806.00000 5565.14357  18.2%   212 14536s
 2460816 1508404 6143.59971   39  284 6806.00000 5565.20367  18.2%   212 14544s
 2462109 1509114 6234.51642   38  148 6806.00000 5565.26872  18.2%   212 14552s
 2463367 1509721 6126.33438   38  105 6806.00000 5565.31218  18.2%   212 14559s
 2464537 1510390 5733.33791   38  347 6806.00000 5565.38575  18.2%   212 14567s
 2465781 1511163 6397.54533   39  282 6806.00000 5565.43071  18.2%   212 14575s
 2467121 1511889 6273.72629   34  211 6806.00000 5565.48744  18.2%   212 14582s
 2468391 1512703 6198.29412   35  156 6806.00000 5565.56536  18.2%   212 14589s
 2469668 1513362 6693.31418   60  176 6806.00000 5565.61306  18.2%   212 14595s
 2470838 1514049 5898.77752   52  244 6806.00000 5565.70158  18.2%   212 14602s
 2472017 1514796 5802.77533   40  233 6806.00000 5565.74613  18.2%   212 14609s
 2473259 1515576 6295.49699   43  241 6806.00000 5565.81905  18.2%   212 14616s
 2474521 1516167 5632.71594   42  189 6806.00000 5565.88474  18.2%   212 14623s
 2475581 1516845 5618.32407   39  168 6806.00000 5565.94427  18.2%   212 14630s
 2476856 1517431     cutoff   58      6806.00000 5565.98768  18.2%   212 14637s
 2478058 1518130 6035.76430   32  259 6806.00000 5566.05000  18.2%   212 14644s
 2479315 1518914 5643.62917   25  189 6806.00000 5566.12859  18.2%   212 14651s
 2480555 1519526 infeasible   36      6806.00000 5566.19141  18.2%   212 14658s
 2481681 1520173 6757.83304   47  237 6806.00000 5566.24494  18.2%   212 14665s
 2482906 1520800 6499.92937   50  170 6806.00000 5566.27801  18.2%   212 14672s
 2484020 1521471 6222.16341   39  163 6806.00000 5566.36211  18.2%   212 14679s
 2485238 1522261 5890.71019   42  240 6806.00000 5566.42049  18.2%   212 14686s
 2486581 1522858 6402.98381   48  204 6806.00000 5566.47037  18.2%   212 14693s
 2487791 1523557 6740.00000   60  140 6806.00000 5566.53043  18.2%   212 14700s
 2488979 1524390 6410.23241   57  133 6806.00000 5566.59745  18.2%   212 14707s
 2490271 1525095 6706.91308   61  122 6806.00000 5566.65655  18.2%   212 14714s
 2491499 1525727 6151.50000   37  158 6806.00000 5566.67685  18.2%   212 14720s
 2492523 1526504 6536.00000   56  104 6806.00000 5566.74125  18.2%   212 14727s
 2493737 1527278 6567.40412   43  179 6806.00000 5566.77946  18.2%   212 14734s
 2495034 1528051 6245.18780   43  265 6806.00000 5566.83839  18.2%   212 14740s
 2496263 1528816 5591.47765   38  375 6806.00000 5566.89336  18.2%   212 14747s
 2497441 1529353 6191.96367   39  225 6806.00000 5566.93915  18.2%   212 14754s
 2498427 1530083 5734.79042   33  318 6806.00000 5567.01000  18.2%   212 14761s
 2499531 1530808 6404.83333   37  163 6806.00000 5567.03546  18.2%   212 14768s
 2500686 1531557 6185.76875   41  158 6806.00000 5567.06917  18.2%   212 14775s
 2501833 1532305 infeasible   30      6806.00000 5567.12206  18.2%   212 14781s
 2503078 1533046 6101.68655   41  182 6806.00000 5567.17682  18.2%   212 14789s
 2504523 1533800 5635.68864   28  192 6806.00000 5567.21299  18.2%   212 14795s
 2505676 1534434 5607.38057   32  111 6806.00000 5567.27613  18.2%   212 14801s
 2506934 1534998 infeasible   44      6806.00000 5567.30024  18.2%   212 14807s
 2507954 1535638 5634.94553   35  237 6806.00000 5567.35934  18.2%   212 14814s
 2509037 1536376 6190.44102   52  230 6806.00000 5567.38472  18.2%   212 14821s
 2510209 1537128 6249.20193   55  159 6806.00000 5567.40000  18.2%   212 14828s
 2511401 1537787     cutoff   74      6806.00000 5567.46223  18.2%   212 14835s
 2512525 1538448 6287.96592   38  187 6806.00000 5567.51207  18.2%   212 14841s
 2513682 1539155 5712.50782   32  205 6806.00000 5567.56681  18.2%   212 14849s
 2514904 1539812 6150.82403   29  245 6806.00000 5567.61608  18.2%   212 14856s
 2516056 1540578 5642.11930   30  232 6806.00000 5567.66914  18.2%   212 14863s
 2517246 1541372 6439.40352   48  223 6806.00000 5567.68764  18.2%   212 14870s
 2518470 1542204 6113.00336   36  160 6806.00000 5567.72194  18.2%   212 14877s
 2519822 1543083 6285.79355   48  137 6806.00000 5567.79796  18.2%   212 14884s
 2521181 1543917 5760.39407   41  279 6806.00000 5567.85383  18.2%   212 14891s
 2522463 1544750 6566.16687   54  124 6806.00000 5567.93627  18.2%   212 14897s
 2523712 1545495 6648.04464   54  149 6806.00000 5567.95630  18.2%   212 14904s
 2524893 1546266 6123.97006   37  234 6806.00000 5568.00000  18.2%   212 14911s
 2526149 1546919 6423.43319   65  142 6806.00000 5568.04213  18.2%   212 14918s
 2527535 1547692 6267.08781   35  135 6806.00000 5568.09690  18.2%   212 14924s
 2528702 1548230 6480.81865   52  255 6806.00000 5568.15421  18.2%   212 14931s
 2529671 1548797 6416.26878   40  236 6806.00000 5568.17857  18.2%   212 14938s
 2531032 1549649 5761.62069   42  170 6806.00000 5568.24660  18.2%   212 14944s
 2532299 1550295 5707.04649   32  205 6806.00000 5568.26905  18.2%   212 14951s
 2533322 1550952 6596.87283   49  197 6806.00000 5568.32163  18.2%   212 14958s
 2534382 1551688 6681.18557   48  123 6806.00000 5568.35885  18.2%   212 14965s
 2535674 1552330 6137.26344   39  152 6806.00000 5568.43306  18.2%   212 14973s
 2536869 1553014 6371.03233   36  246 6806.00000 5568.46901  18.2%   212 14980s
 2538027 1553798 6678.52702   44  162 6806.00000 5568.52997  18.2%   212 14986s
 2539299 1554566 6606.00000   46  115 6806.00000 5568.59246  18.2%   212 14993s
 2540602 1555292 6492.01155   51  230 6806.00000 5568.64395  18.2%   212 15000s
 2541775 1555956 6548.26785   55  217 6806.00000 5568.68176  18.2%   212 15007s
 2542897 1556762 6378.27183   35  209 6806.00000 5568.71310  18.2%   212 15014s
 2544212 1557412 5768.37473   52  205 6806.00000 5568.75799  18.2%   212 15022s
 2545322 1558021 6791.43548   54  139 6806.00000 5568.83122  18.2%   212 15029s
 2546411 1558767 6589.14156   35  278 6806.00000 5568.87963  18.2%   212 15037s
 2547511 1559653 6470.21830   50  100 6806.00000 5568.90000  18.2%   212 15044s
 2549027 1560300     cutoff   45      6806.00000 5568.96657  18.2%   212 15051s
 2550216 1560968 6546.32590   60  277 6806.00000 5569.02356  18.2%   212 15058s
 2551374 1561600 6194.41401   32  207 6806.00000 5569.05846  18.2%   212 15066s
 2552434 1562295     cutoff   51      6806.00000 5569.09220  18.2%   212 15074s
 2553680 1563111 6663.15182   42  239 6806.00000 5569.14607  18.2%   212 15081s
 2554957 1563948 5924.03723   38  157 6806.00000 5569.24361  18.2%   212 15088s
 2556337 1564695 5813.09485   28  251 6806.00000 5569.29828  18.2%   212 15096s
 2557605 1565464 6074.84070   40  198 6806.00000 5569.36227  18.2%   212 15103s
 2558849 1566250 infeasible   42      6806.00000 5569.40335  18.2%   212 15110s
 2560142 1566951     cutoff   55      6806.00000 5569.45584  18.2%   212 15116s
 2561315 1567594 6220.44942   33  170 6806.00000 5569.48247  18.2%   212 15123s
 2562370 1568528 6166.09623   41  242 6806.00000 5569.52823  18.2%   212 15131s
 2563861 1569125     cutoff   43      6806.00000 5569.57400  18.2%   212 15137s
 2565021 1569765 6154.93040   48  126 6806.00000 5569.65025  18.2%   212 15144s
 2566360 1570372 6120.06803   40  151 6806.00000 5569.68652  18.2%   212 15150s
 2567454 1571109 6590.33499   45  191 6806.00000 5569.70882  18.2%   212 15157s
 2568714 1571802 6574.00827   53  191 6806.00000 5569.76300  18.2%   212 15164s
 2569951 1572018 6161.25595   33  250 6806.00000 5569.82122  18.2%   212 15171s
 2570288 1572689 6193.43403   34  201 6806.00000 5569.82122  18.2%   212 15178s
 2571404 1573188 6274.21432   45  195 6806.00000 5569.87581  18.2%   212 15185s
 2572502 1573982 6751.52432   58  150 6806.00000 5569.92666  18.2%   212 15193s
 2573838 1574602 5727.96308   32  259 6806.00000 5570.00259  18.2%   212 15200s
 2575103 1575234 6664.00000   60  123 6806.00000 5570.05668  18.2%   212 15207s
 2576199 1575775 6734.81294   60  192 6806.00000 5570.11678  18.2%   212 15214s
 2577284 1576613 6037.35849   47  199 6806.00000 5570.14966  18.2%   212 15222s
 2578818 1577364 6693.36247   36  148 6806.00000 5570.20940  18.2%   212 15229s
 2580103 1577782     cutoff   68      6806.00000 5570.26273  18.2%   212 15236s
 2581388 1578496 6475.73333   44  125 6806.00000 5570.29818  18.2%   212 15243s
 2582625 1579175 6354.19639   46  175 6806.00000 5570.31927  18.2%   212 15250s
 2583739 1580047 5836.17589   36  167 6806.00000 5570.38006  18.2%   212 15257s
 2585060 1580689 5937.73548   41  218 6806.00000 5570.41674  18.2%   212 15264s
 2586163 1581367 6264.02945   54  195 6806.00000 5570.48261  18.2%   212 15271s
 2587264 1582081     cutoff   55      6806.00000 5570.50940  18.2%   212 15278s
 2588454 1582789 6038.37856   36  200 6806.00000 5570.53849  18.2%   212 15285s
 2589703 1583471 6491.39295   40  258 6806.00000 5570.59303  18.2%   212 15292s
 2590852 1584252 5870.70478   38  199 6806.00000 5570.62543  18.2%   212 15299s
 2592102 1584898 6190.05875   43  189 6806.00000 5570.66678  18.2%   212 15307s
 2593275 1585586 6284.98438   44  181 6806.00000 5570.71543  18.1%   212 15314s
 2594488 1586342     cutoff   41      6806.00000 5570.77293  18.1%   212 15321s
 2595730 1586972 6351.00000   48   98 6806.00000 5570.80817  18.1%   212 15328s
 2596873 1587670 6081.17548   51  159 6806.00000 5570.84261  18.1%   212 15335s
 2598314 1588466 6189.65858   32  221 6806.00000 5570.89566  18.1%   212 15342s
 2599561 1589069 6242.00000   34   92 6806.00000 5570.93810  18.1%   212 15348s
 2600731 1589707 6576.71076   48  190 6806.00000 5570.98074  18.1%   212 15355s
 2601869 1590475     cutoff   50      6806.00000 5571.04974  18.1%   212 15362s
 2603135 1591114 5842.07280   28  134 6806.00000 5571.09765  18.1%   212 15369s
 2604193 1591848 5829.40156   47  167 6806.00000 5571.10444  18.1%   212 15376s
 2605296 1592548 6541.64694   52  186 6806.00000 5571.19369  18.1%   212 15384s
 2606431 1593290 6280.61765   41  265 6806.00000 5571.22234  18.1%   212 15390s
 2607731 1593979 5913.69388   29  194 6806.00000 5571.26609  18.1%   212 15398s
 2608946 1594808 6152.93212   45  224 6806.00000 5571.31548  18.1%   212 15405s
 2610230 1595479 6659.89449   59  201 6806.00000 5571.36281  18.1%   212 15412s
 2611418 1596309 infeasible   37      6806.00000 5571.41274  18.1%   212 15419s
 2612667 1597134 6348.55863   34  132 6806.00000 5571.45931  18.1%   212 15426s
 2614030 1597835 6633.28762   53  215 6806.00000 5571.51724  18.1%   212 15433s
 2615170 1598452 6659.84531   50  255 6806.00000 5571.55449  18.1%   212 15439s
 2616273 1599230 5592.96609   37  282 6806.00000 5571.61633  18.1%   212 15446s
 2617533 1600078 5693.47302   29  174 6806.00000 5571.67454  18.1%   212 15453s
 2618851 1600802 5733.35554   40  221 6806.00000 5571.70084  18.1%   212 15460s
 2620151 1601482 5578.72706   35  188 6806.00000 5571.77146  18.1%   212 15467s
 2621304 1602091 6490.42858   42  207 6806.00000 5571.79836  18.1%   212 15473s
 2622332 1602840 6229.01697   29  163 6806.00000 5571.83219  18.1%   212 15480s
 2623581 1603110 5821.82323   31  249 6806.00000 5571.89290  18.1%   212 15488s
 2624044 1603701 5889.47855   32  234 6806.00000 5571.89446  18.1%   212 15495s
 2624985 1604399 6658.47823   48  154 6806.00000 5571.93415  18.1%   212 15503s
 2625980 1604979 6484.30188   45  133 6806.00000 5571.97849  18.1%   212 15510s
 2627500 1605726     cutoff   47      6806.00000 5571.97849  18.1%   212 15517s
 2628764 1606597 6667.94300   61  176 6806.00000 5572.03417  18.1%   212 15524s
 2630055 1607343 6271.85882   56  101 6806.00000 5572.09845  18.1%   212 15532s
 2631302 1608090 6689.56553   63  201 6806.00000 5572.14596  18.1%   212 15539s
 2632590 1608978     cutoff   68      6806.00000 5572.19892  18.1%   212 15545s
 2633968 1609665 6696.47328   82  136 6806.00000 5572.23048  18.1%   212 15552s
 2635113 1610350 6652.30755   38  239 6806.00000 5572.28801  18.1%   212 15558s
 2636420 1611167 6193.30581   58  159 6806.00000 5572.33045  18.1%   212 15565s
 2637609 1611861 6241.54477   48  145 6806.00000 5572.37348  18.1%   212 15571s
 2638679 1612526     cutoff   58      6806.00000 5572.40116  18.1%   212 15578s
 2639814 1613196 6148.43149   36  218 6806.00000 5572.42976  18.1%   212 15585s
 2641213 1613812 6742.58228   59  108 6806.00000 5572.46796  18.1%   212 15592s
 2642274 1614454 6702.04723   49  151 6806.00000 5572.53494  18.1%   212 15598s
 2643417 1615192 6480.72415   40  230 6806.00000 5572.59670  18.1%   212 15605s
 2644458 1615925 6663.67533   45  147 6806.00000 5572.62522  18.1%   212 15612s
 2645689 1616665 6745.67858   44  117 6806.00000 5572.66696  18.1%   212 15619s
 2646891 1617478 6074.74383   48  180 6806.00000 5572.70476  18.1%   212 15625s
 2648094 1618281 6013.01470   42  229 6806.00000 5572.75010  18.1%   212 15632s
 2649351 1619056 6798.00000   45   95 6806.00000 5572.79901  18.1%   212 15639s
 2650666 1619709 6265.43650   39  221 6806.00000 5572.80000  18.1%   212 15646s
 2651827 1620546 6427.09563   57  185 6806.00000 5572.89365  18.1%   212 15653s
 2653033 1621344 6396.21397   56  200 6806.00000 5572.90759  18.1%   212 15659s
 2654310 1622070 6255.18669   51  179 6806.00000 5572.97047  18.1%   212 15666s
 2655625 1622817 6166.48043   38  205 6806.00000 5573.01917  18.1%   212 15672s
 2656741 1623543 6056.88369   56  239 6806.00000 5573.06784  18.1%   212 15679s
 2658096 1624179 6230.99428   37  249 6806.00000 5573.10927  18.1%   212 15685s
 2659307 1624802 6593.21512   47  168 6806.00000 5573.15526  18.1%   212 15692s
 2660444 1625322 6139.23701   40  227 6806.00000 5573.17718  18.1%   212 15699s
 2661744 1625875 6600.75490   47  212 6806.00000 5573.18986  18.1%   212 15706s
 2662793 1626543 5800.94488   39  142 6806.00000 5573.24968  18.1%   212 15712s
 2663935 1627214 6095.09420   47  186 6806.00000 5573.30147  18.1%   212 15719s
 2665099 1627822 6679.21711   85  205 6806.00000 5573.33645  18.1%   212 15726s
 2666268 1628481 infeasible   51      6806.00000 5573.37863  18.1%   212 15733s
 2667444 1629094 6616.42364   54  147 6806.00000 5573.44265  18.1%   212 15741s
 2668728 1629724 6286.44770   37  221 6806.00000 5573.49932  18.1%   212 15747s
 2669785 1630411 infeasible   45      6806.00000 5573.51940  18.1%   212 15755s
 2671059 1631280 6050.30491   42  281 6806.00000 5573.57154  18.1%   212 15762s
 2672314 1631947 5618.13212   32  325 6806.00000 5573.60815  18.1%   212 15769s
 2673499 1632702 5818.84721   39  265 6806.00000 5573.66409  18.1%   212 15776s
 2674712 1633285 6328.59400   38  210 6806.00000 5573.73028  18.1%   212 15783s
 2675745 1634001 infeasible   47      6806.00000 5573.76250  18.1%   212 15790s
 2676991 1634672 6382.02800   42  239 6806.00000 5573.80000  18.1%   212 15798s
 2678118 1635176 infeasible   45      6806.00000 5573.83263  18.1%   212 15805s
 2679367 1635805 6243.35373   37  190 6806.00000 5573.88227  18.1%   212 15812s
 2680533 1636571 5721.32814   37  299 6806.00000 5573.91407  18.1%   212 15819s
 2681837 1637305 6213.32267   35  181 6806.00000 5573.98235  18.1%   212 15827s
 2682977 1637950 infeasible   48      6806.00000 5574.02544  18.1%   212 15834s
 2684196 1638674 6214.80286   40  187 6806.00000 5574.08777  18.1%   212 15842s
 2685451 1639394 infeasible   43      6806.00000 5574.12533  18.1%   212 15849s
 2686757 1639998 5929.16637   48  242 6806.00000 5574.16410  18.1%   212 15856s
 2687859 1640583 6007.84713   41  251 6806.00000 5574.21206  18.1%   212 15863s
 2688843 1641155 6320.77344   36  240 6806.00000 5574.25000  18.1%   212 15870s
 2689895 1641874 5807.96108   35  178 6806.00000 5574.29823  18.1%   212 15878s
 2691086 1642690 5949.44361   41  224 6806.00000 5574.35459  18.1%   212 15886s
 2692443 1643554 6625.09527   41  185 6806.00000 5574.37930  18.1%   212 15893s
 2693900 1644075 5939.42232   36  222 6806.00000 5574.41959  18.1%   212 15901s
 2694993 1644746     cutoff   44      6806.00000 5574.44950  18.1%   212 15908s
 2696261 1645471 5723.51120   32  291 6806.00000 5574.51222  18.1%   212 15916s
 2697595 1646169 6070.02175   30  335 6806.00000 5574.55223  18.1%   212 15923s
 2698792 1646998 infeasible   55      6806.00000 5574.57024  18.1%   212 15931s
 2700150 1647695 6659.95013   45  191 6806.00000 5574.60749  18.1%   212 15938s
 2701248 1648323 6699.66951   84  249 6806.00000 5574.64807  18.1%   212 15946s
 2702715 1649129 6654.30173   63  210 6806.00000 5574.68774  18.1%   212 15953s
 2704060 1649927 6595.80023   52  154 6806.00000 5574.76788  18.1%   212 15960s
 2705363 1650626 6654.90888   58  227 6806.00000 5574.83659  18.1%   212 15967s
 2706416 1650886 6154.59424   32  253 6806.00000 5574.83659  18.1%   212 15976s
 2706898 1651565 6130.17113   50  201 6806.00000 5574.83659  18.1%   212 15984s
 2708175 1652365 6421.85083   49  135 6806.00000 5574.90000  18.1%   212 15992s
 2709636 1653163 6559.15634   54  195 6806.00000 5574.92903  18.1%   212 16000s
 2710938 1654111 6278.45905   42  150 6806.00000 5574.99869  18.1%   212 16008s
 2712467 1654859 5788.18621   49  162 6806.00000 5575.10106  18.1%   212 16016s
 2713728 1655674 5898.94989   38  273 6806.00000 5575.13094  18.1%   212 16024s
 2715063 1656513 6206.03352   51  102 6806.00000 5575.14734  18.1%   212 16031s
 2716474 1657141 5730.70478   38  192 6806.00000 5575.22257  18.1%   212 16039s
 2717638 1657956 6383.76436   57  248 6806.00000 5575.26358  18.1%   212 16047s
 2718857 1658817 6679.15482   58  188 6806.00000 5575.31978  18.1%   212 16054s
 2720331 1659537 5847.71686   36  285 6806.00000 5575.36908  18.1%   212 16061s
 2721559 1660404 6487.87739   45  228 6806.00000 5575.39818  18.1%   212 16069s
 2722897 1661152 6599.60000   55   91 6806.00000 5575.44160  18.1%   212 16076s
 2724126 1661916 6165.41032   34  244 6806.00000 5575.51736  18.1%   212 16083s
 2725346 1662761 5617.69524   35  324 6806.00000 5575.55355  18.1%   212 16090s
 2726589 1663297     cutoff   39      6806.00000 5575.60901  18.1%   212 16097s
 2727785 1663818 6479.52424   46  182 6806.00000 5575.60901  18.1%   212 16104s
 2728861 1664611 6185.68075   57  235 6806.00000 5575.65000  18.1%   212 16112s
 2730139 1665434 6073.92500   40  127 6806.00000 5575.69712  18.1%   212 16119s
 2731502 1666244 6409.54949   44  202 6806.00000 5575.75187  18.1%   212 16126s
 2732848 1666990 5761.33285   24  268 6806.00000 5575.80714  18.1%   212 16133s
 2734053 1667653     cutoff   66      6806.00000 5575.83027  18.1%   212 16140s
 2735340 1668487 5988.60268   41  232 6806.00000 5575.86782  18.1%   212 16147s
 2736678 1669151 6009.01718   50  257 6806.00000 5575.90972  18.1%   212 16154s
 2737800 1669917 5819.82308   25  220 6806.00000 5575.96772  18.1%   212 16161s
 2739059 1670290 6747.70213   55  135 6806.00000 5576.00000  18.1%   212 16168s
 2739677 1671113 6025.27122   49  210 6806.00000 5576.00000  18.1%   212 16176s
 2740868 1671789 6502.00000   42  111 6806.00000 5576.08535  18.1%   212 16183s
 2742074 1672600 6472.38160   61  189 6806.00000 5576.13476  18.1%   212 16190s
 2743617 1673280 6403.27598   59  123 6806.00000 5576.19336  18.1%   212 16197s
 2744734 1673858 6353.99035   41  253 6806.00000 5576.21599  18.1%   212 16203s
 2745729 1674437 5733.33250   32  201 6806.00000 5576.24348  18.1%   212 16211s
 2746802 1675175 6324.81002   56  253 6806.00000 5576.28899  18.1%   212 16218s
 2748028 1675983 6230.19334   43  196 6806.00000 5576.34410  18.1%   212 16225s
 2749250 1676776 6211.31162   38  193 6806.00000 5576.38455  18.1%   212 16233s
 2750682 1677390 6641.76233   59  167 6806.00000 5576.42885  18.1%   212 16240s
 2751759 1678109 5929.75594   41  193 6806.00000 5576.47248  18.1%   212 16246s
 2752943 1678800 6600.77514   56  161 6806.00000 5576.50540  18.1%   212 16253s
 2754144 1679633 6192.00000   37  167 6806.00000 5576.57389  18.1%   212 16260s
 2755452 1680296 5844.90709   36  248 6806.00000 5576.61223  18.1%   212 16268s
 2756543 1681062 5949.60682   45  201 6806.00000 5576.66542  18.1%   212 16275s
 2757782 1681842 5704.00637   34  316 6806.00000 5576.72831  18.1%   212 16282s
 2759056 1682623 infeasible   41      6806.00000 5576.76910  18.1%   212 16289s
 2760370 1683510 infeasible   59      6806.00000 5576.79040  18.1%   212 16296s
 2761631 1684059 6195.27556   42  192 6806.00000 5576.83662  18.1%   212 16302s
 2762582 1684775 6557.56597   46  232 6806.00000 5576.88784  18.1%   212 16309s
 2763742 1685511 6474.77637   38  117 6806.00000 5576.93115  18.1%   212 16316s
 2765014 1686301 5814.09486   36  246 6806.00000 5576.95375  18.1%   212 16323s
 2766266 1686692 6425.50323   71  115 6806.00000 5577.02806  18.1%   212 16332s
 2766956 1687467 6234.00000   41  179 6806.00000 5577.02935  18.1%   212 16339s
 2768230 1688342 5821.11861   46  250 6806.00000 5577.07892  18.1%   212 16346s
 2769567 1688965     cutoff   46      6806.00000 5577.07892  18.1%   212 16354s
 2770657 1689550 6415.99656   42  195 6806.00000 5577.14583  18.1%   212 16362s
 2771702 1690296 5651.56253   41  288 6806.00000 5577.21958  18.1%   212 16369s
 2772990 1691102 6212.47094   41  196 6806.00000 5577.28061  18.1%   212 16377s
 2774356 1691847 6374.65876   53  176 6806.00000 5577.35000  18.1%   212 16384s
 2775631 1692448 6651.49179   54  164 6806.00000 5577.38605  18.1%   212 16391s
 2776886 1693166 6703.92865   72   82 6806.00000 5577.43749  18.1%   212 16398s
 2778129 1693819     cutoff   46      6806.00000 5577.50179  18.1%   212 16405s
 2779327 1694665 6799.55519   45  154 6806.00000 5577.57824  18.0%   212 16412s
 2780586 1695319 6405.23226   40  229 6806.00000 5577.61232  18.0%   212 16419s
 2781779 1696040 6240.71427   29  200 6806.00000 5577.64827  18.0%   212 16426s
 2782904 1696726 6708.00000   62  125 6806.00000 5577.67151  18.0%   212 16434s
 2784168 1697489 5712.17632   37  171 6806.00000 5577.73336  18.0%   212 16440s
 2785447 1698408 6155.82455   48  137 6806.00000 5577.75727  18.0%   212 16448s
 2786837 1699213 6255.61316   58  166 6806.00000 5577.82144  18.0%   212 16455s
 2788351 1700104 6196.62263   39  188 6806.00000 5577.88184  18.0%   212 16462s
 2789659 1700841 6205.64854   43  167 6806.00000 5577.90228  18.0%   212 16468s
 2790855 1701585 6375.94732   47  133 6806.00000 5577.96086  18.0%   212 16475s
 2792167 1702240 5793.56437   31  264 6806.00000 5577.98337  18.0%   212 16482s
 2793323 1702845 6714.31995   53  240 6806.00000 5578.02093  18.0%   212 16489s
 2794320 1703456 infeasible   35      6806.00000 5578.07506  18.0%   212 16495s
 2795482 1704245 5865.64002   33  284 6806.00000 5578.12200  18.0%   212 16503s
 2796825 1704917 5680.34245   29  276 6806.00000 5578.17687  18.0%   212 16510s
 2798094 1705532 6467.11938   40  210 6806.00000 5578.20616  18.0%   212 16516s
 2799362 1706180 6191.62723   30  162 6806.00000 5578.24097  18.0%   212 16522s
 2800474 1706858 5933.49110   39  179 6806.00000 5578.28089  18.0%   212 16529s
 2801575 1707566     cutoff   48      6806.00000 5578.31416  18.0%   212 16536s
 2802693 1708251 5826.07317   41   96 6806.00000 5578.33222  18.0%   212 16543s
 2803809 1709052 6455.02142   56  187 6806.00000 5578.39160  18.0%   212 16549s
 2805157 1710012 6374.49205   52  184 6806.00000 5578.41042  18.0%   212 16556s
 2806678 1710686 infeasible   59      6806.00000 5578.47407  18.0%   212 16563s
 2808013 1711384 5976.52631   39  201 6806.00000 5578.52824  18.0%   212 16570s
 2809109 1712060 6726.52474   44  180 6806.00000 5578.54574  18.0%   212 16576s
 2810329 1712841 6740.54559   44  199 6806.00000 5578.59187  18.0%   212 16583s
 2811515 1713471 6084.06601   34  319 6806.00000 5578.62915  18.0%   212 16590s
 2812527 1713818 6242.86396   45  207 6806.00000 5578.63705  18.0%   212 16597s
 2813096 1714657 6298.91607   39  201 6806.00000 5578.63705  18.0%   212 16604s
 2814295 1715380 6363.19089   43  133 6806.00000 5578.71303  18.0%   212 16611s
 2815346 1716117 6656.19515   47  222 6806.00000 5578.73867  18.0%   212 16619s
 2816638 1716982     cutoff   68      6806.00000 5578.76923  18.0%   212 16627s
 2818139 1717675 5628.49605   37  216 6806.00000 5578.84115  18.0%   212 16634s
 2819416 1718388 6230.00000   46  118 6806.00000 5578.89543  18.0%   212 16641s
 2820670 1719114 6257.84733   48  158 6806.00000 5578.95355  18.0%   212 16649s
 2821885 1719828 6461.16681   47  134 6806.00000 5578.99215  18.0%   212 16656s
 2823123 1720477     cutoff   50      6806.00000 5579.05984  18.0%   212 16664s
 2824270 1721134 5775.77273   36  234 6806.00000 5579.08353  18.0%   212 16671s
 2825458 1721940 6329.63236   54  260 6806.00000 5579.12583  18.0%   212 16679s
 2826808 1722630 5719.09548   30  171 6806.00000 5579.19126  18.0%   212 16686s
 2827903 1723417 6067.51047   48  209 6806.00000 5579.23954  18.0%   212 16694s
 2829227 1724317 6429.07466   48  217 6806.00000 5579.27771  18.0%   212 16701s
 2830630 1725125 6375.41118   46  156 6806.00000 5579.33596  18.0%   212 16708s
 2832029 1725824 6340.05087   41  151 6806.00000 5579.37441  18.0%   212 16716s
 2833336 1726073 6266.40810   40  175 6806.00000 5579.42298  18.0%   212 16724s
 2833731 1726898 6290.75736   51  230 6806.00000 5579.42353  18.0%   212 16732s
 2835138 1727768 infeasible   52      6806.00000 5579.45551  18.0%   212 16740s
 2836587 1728610 5913.06002   52  227 6806.00000 5579.52463  18.0%   212 16748s
 2837872 1729404 6249.47015   49  168 6806.00000 5579.59628  18.0%   212 16755s
 2839213 1730114     cutoff   58      6806.00000 5579.64392  18.0%   212 16763s
 2840461 1730868 5617.36969   41  270 6806.00000 5579.69239  18.0%   212 16770s
 2841698 1731714 6147.27286   37  317 6806.00000 5579.74229  18.0%   212 16778s
 2843065 1732572 5689.80000   46  198 6806.00000 5579.79429  18.0%   212 16785s
 2844446 1733307 5948.18709   31  135 6806.00000 5579.84219  18.0%   212 16792s
 2845638 1733988 6579.28959   46  162 6806.00000 5579.85853  18.0%   212 16799s
 2846875 1734829 6612.69428   40  198 6806.00000 5579.92056  18.0%   212 16807s
 2848216 1735490 6243.05653   53  186 6806.00000 5579.95711  18.0%   212 16814s
 2849376 1736118 6019.29875   39  225 6806.00000 5579.97612  18.0%   212 16821s
 2850452 1736841 6478.71217   44  228 6806.00000 5580.02556  18.0%   212 16828s
 2851916 1737479 6569.85205   46  181 6806.00000 5580.08495  18.0%   212 16835s
 2853081 1738106 6087.76071   40  198 6806.00000 5580.10942  18.0%   212 16841s
 2854088 1738774 6570.51298   55  103 6806.00000 5580.13457  18.0%   212 16847s
 2855268 1739497 infeasible   53      6806.00000 5580.17562  18.0%   212 16853s
 2856436 1740154 6240.81154   56  166 6806.00000 5580.19055  18.0%   212 16860s
 2857574 1740777 6137.66209   40  182 6806.00000 5580.25233  18.0%   212 16867s
 2858693 1741505 6569.40826   66  231 6806.00000 5580.29430  18.0%   212 16874s
 2859862 1742224 infeasible   53      6806.00000 5580.31353  18.0%   212 16881s
 2861086 1742919 5953.73433   50  307 6806.00000 5580.38061  18.0%   212 16888s
 2862252 1743647 6696.00000   67  133 6806.00000 5580.42286  18.0%   212 16895s
 2863725 1744045 5933.79040   46  166 6806.00000 5580.45515  18.0%   212 16902s
 2864361 1744690 6282.23992   50  194 6806.00000 5580.48265  18.0%   212 16909s
 2865397 1745548 6343.39902   60  152 6806.00000 5580.51247  18.0%   212 16916s
 2866726 1746338 6142.39113   31  127 6806.00000 5580.54211  18.0%   212 16923s
 2868041 1747134 6262.45468   45  190 6806.00000 5580.58428  18.0%   212 16930s
 2869409 1747849 6164.55829   32  222 6806.00000 5580.64438  18.0%   212 16937s
 2870692 1748586 6354.97998   56  179 6806.00000 5580.66667  18.0%   212 16943s
 2871829 1749369 infeasible   59      6806.00000 5580.74081  18.0%   212 16951s
 2873112 1750110 6280.22113   49  243 6806.00000 5580.79565  18.0%   212 16958s
 2874278 1750830 6359.06162   50  207 6806.00000 5580.82010  18.0%   212 16964s
 2875429 1751525 6548.13759   52  124 6806.00000 5580.85000  18.0%   212 16972s
 2876610 1752313 6350.69318   47  107 6806.00000 5580.87313  18.0%   212 16979s
 2877861 1753044 5616.09389   27  272 6806.00000 5580.92557  18.0%   212 16986s
 2879209 1753822     cutoff   68      6806.00000 5580.97767  18.0%   212 16993s
 2880534 1754693 6564.43347   60   99 6806.00000 5581.03940  18.0%   212 16999s
 2881047 1754693 6257.27933   51  200 6806.00000 5581.04426  18.0%   212 17000s
 2881936 1755394 6595.68800   63  178 6806.00000 5581.08930  18.0%   212 17006s
 2883132 1756141 6208.29335   32  132 6806.00000 5581.14135  18.0%   212 17014s
 2884312 1756743 6687.40669   53  195 6806.00000 5581.15727  18.0%   212 17021s
 2885327 1757402 6649.02985   45  157 6806.00000 5581.21667  18.0%   212 17027s
 2886665 1758001 5628.58805   42  286 6806.00000 5581.24465  18.0%   212 17034s
 2887756 1758657 infeasible   42      6806.00000 5581.29922  18.0%   212 17041s
 2888992 1759458 6339.10273   39  151 6806.00000 5581.32735  18.0%   212 17048s
 2890217 1760101 6366.22831   41  196 6806.00000 5581.36760  18.0%   212 17055s
 2891205 1760804 6259.48336   37  167 6806.00000 5581.39514  18.0%   212 17063s
 2892442 1761532 5789.83974   41  128 6806.00000 5581.44293  18.0%   212 17071s
 2893763 1762187     cutoff   69      6806.00000 5581.46907  18.0%   212 17078s
 2894937 1762983 6398.28509   43  171 6806.00000 5581.51725  18.0%   212 17086s
 2896226 1763278 6153.09938   34  210 6806.00000 5581.57801  18.0%   212 17095s
 2896757 1764126 6568.10211   51  130 6806.00000 5581.58161  18.0%   212 17103s
 2898141 1764797 5657.80305   39  268 6806.00000 5581.64739  18.0%   212 17111s
 2899383 1765536 6336.00000   46  109 6806.00000 5581.68985  18.0%   212 17118s
 2900655 1766315 6530.55118   46  190 6806.00000 5581.75276  18.0%   212 17126s
 2901948 1767033 6689.13868   63  160 6806.00000 5581.77158  18.0%   212 17134s
 2903211 1767702 6343.69918   47  205 6806.00000 5581.84038  18.0%   212 17142s
 2904378 1768421 6247.91936   44  170 6806.00000 5581.90297  18.0%   212 17149s
 2905642 1769033 6273.29427   42  175 6806.00000 5581.92605  18.0%   212 17156s
 2906744 1769695 infeasible   50      6806.00000 5581.96885  18.0%   212 17165s
 2908023 1770600 6773.01564   56  176 6806.00000 5582.00000  18.0%   212 17172s
 2909443 1771404 6278.27595   44  230 6806.00000 5582.04565  18.0%   212 17180s
 2910758 1772021 6350.22467   46  158 6806.00000 5582.07437  18.0%   212 17187s
 2911854 1772821 6588.45032   62  195 6806.00000 5582.14202  18.0%   212 17194s
 2913150 1773533 6587.58237   65  247 6806.00000 5582.19692  18.0%   212 17201s
 2914487 1774188 6629.73577   45  227 6806.00000 5582.22802  18.0%   212 17208s
 2915730 1774933 6265.82589   32  121 6806.00000 5582.25988  18.0%   212 17215s
 2917013 1775709 6592.80821   50  290 6806.00000 5582.29448  18.0%   212 17222s
 2918397 1776431 6198.36110   31  176 6806.00000 5582.34332  18.0%   212 17229s
 2919597 1777099 6250.75322   32  307 6806.00000 5582.39549  18.0%   212 17236s
 2920701 1777827 6576.21462   41  186 6806.00000 5582.45030  18.0%   212 17243s
 2921953 1778613 6384.02435   55  139 6806.00000 5582.50023  18.0%   212 17250s
 2923225 1779386 6570.80178   43  154 6806.00000 5582.56775  18.0%   212 17258s
 2924566 1780186 6071.07278   47  245 6806.00000 5582.60954  18.0%   212 17265s
 2925834 1780938 5743.41757   46  178 6806.00000 5582.62685  18.0%   212 17272s
 2927013 1781787 5679.86727   36  172 6806.00000 5582.66872  18.0%   212 17279s
 2928411 1782523 6192.61858   38  201 6806.00000 5582.71935  18.0%   212 17286s
 2929765 1783307     cutoff   46      6806.00000 5582.76080  18.0%   212 17293s
 2931010 1783897 5848.56419   40  327 6806.00000 5582.80512  18.0%   212 17299s
 2932167 1784466     cutoff   72      6806.00000 5582.82725  18.0%   212 17306s
 2933178 1784998 6277.07219   39  203 6806.00000 5582.85789  18.0%   212 17313s
 2934284 1785548 5639.30871   42  303 6806.00000 5582.88760  18.0%   212 17320s
 2935135 1786299 6526.42494   53  112 6806.00000 5582.92868  18.0%   212 17327s
 2936255 1786947 5885.45619   39  284 6806.00000 5582.96160  18.0%   212 17334s
 2937364 1787697 5687.95792   36  225 6806.00000 5583.01707  18.0%   212 17341s
 2938517 1788546 6355.24984   46  183 6806.00000 5583.04910  18.0%   212 17349s
 2939880 1789429 5703.94422   34  349 6806.00000 5583.10000  18.0%   212 17356s
 2941253 1790072     cutoff   55      6806.00000 5583.13763  18.0%   212 17363s
 2942386 1790720 6085.61581   42  263 6806.00000 5583.17902  18.0%   212 17370s
 2943479 1791523 6602.00000   48  129 6806.00000 5583.21152  18.0%   212 17378s
 2944977 1792161 6299.24985   40  250 6806.00000 5583.28819  18.0%   212 17385s
 2945985 1792956 6644.49444   47  201 6806.00000 5583.31894  18.0%   212 17392s
 2947253 1793676     cutoff   46      6806.00000 5583.35841  18.0%   212 17399s
 2948524 1794375 6259.59470   46  189 6806.00000 5583.41007  18.0%   212 17407s
 2949746 1795178 5962.15064   41  214 6806.00000 5583.45068  18.0%   212 17414s
 2951077 1795950 6716.41679   69   63 6806.00000 5583.50699  18.0%   212 17421s
 2952207 1796546 6483.39720   59  112 6806.00000 5583.53333  18.0%   212 17429s
 2953402 1797440 6376.96563   55  186 6806.00000 5583.57049  18.0%   212 17436s
 2954671 1798081 5838.11966   34  288 6806.00000 5583.60909  18.0%   212 17443s
 2955821 1798855 6287.17528   39  143 6806.00000 5583.65598  18.0%   212 17450s
 2957039 1799616 6276.81892   55  122 6806.00000 5583.68955  18.0%   212 17457s
 2958180 1800578 6713.00000   56  153 6806.00000 5583.70764  18.0%   212 17465s
 2959654 1801262 5838.95833   35  198 6806.00000 5583.75723  18.0%   212 17472s
 2960688 1802074 6416.79971   53  192 6806.00000 5583.77432  18.0%   212 17479s
 2961996 1802766     cutoff   82      6806.00000 5583.83494  18.0%   212 17486s
 2963127 1803496 6250.86604   43  204 6806.00000 5583.85760  18.0%   212 17493s
 2964370 1804251 6281.60384   50  201 6806.00000 5583.91347  18.0%   212 17500s
 2965618 1805069 6789.58546   55  219 6806.00000 5583.94931  18.0%   212 17507s
 2966914 1805639 infeasible   47      6806.00000 5584.00222  18.0%   212 17514s
 2967917 1806451 6090.15000   43  187 6806.00000 5584.02637  18.0%   212 17521s
 2969218 1807134 6477.56489   42  168 6806.00000 5584.06446  18.0%   212 17528s
 2970402 1807952 5784.90126   42  213 6806.00000 5584.11048  18.0%   212 17536s
 2971723 1808682 6394.28547   44  118 6806.00000 5584.16149  18.0%   212 17543s
 2972950 1809418 6251.78792   49  198 6806.00000 5584.20150  18.0%   212 17550s
 2974195 1810127 6687.30336   61  209 6806.00000 5584.24216  18.0%   212 17557s
 2975439 1810869 6356.26426   50  121 6806.00000 5584.30066  18.0%   212 17564s
 2976596 1811595 6644.62566   48  171 6806.00000 5584.33788  17.9%   212 17571s
 2977835 1812008 6657.03911   43  161 6806.00000 5584.37370  17.9%   212 17578s
 2978558 1812746 6163.75540   36  205 6806.00000 5584.40666  17.9%   212 17586s
 2979739 1813528 6492.19731   46  128 6806.00000 5584.43920  17.9%   212 17593s
 2981098 1814285 6456.00115   44  229 6806.00000 5584.48474  17.9%   212 17600s
 2982403 1814883 6278.60418   39  210 6806.00000 5584.54464  17.9%   212 17607s
 2983341 1815759 6591.25556   66  107 6806.00000 5584.59660  17.9%   212 17614s
 2984676 1816505 6267.48148   40  118 6806.00000 5584.62494  17.9%   212 17621s
 2986102 1817217 5672.98759   35  243 6806.00000 5584.67038  17.9%   212 17628s
 2987256 1817892 5765.70984   41  290 6806.00000 5584.71426  17.9%   212 17634s
 2988460 1818427 infeasible   42      6806.00000 5584.75523  17.9%   212 17641s
 2989524 1818991 5898.43220   48  195 6806.00000 5584.77508  17.9%   212 17648s
 2990658 1819748 5902.37668   37  194 6806.00000 5584.82650  17.9%   212 17655s
 2991880 1820487 6091.93010   42  229 6806.00000 5584.86825  17.9%   212 17663s
 2993054 1821293 6379.43895   63  137 6806.00000 5584.90002  17.9%   212 17670s
 2994426 1821817 6390.13043   36  158 6806.00000 5584.93781  17.9%   212 17679s
 2995274 1822294 6223.98604   36  270 6806.00000 5584.96802  17.9%   212 17686s
 2996117 1823009 6309.00000   37  151 6806.00000 5584.96802  17.9%   212 17693s
 2997449 1823476 6454.91689   57  201 6806.00000 5585.02355  17.9%   212 17700s
 2998519 1824206     cutoff   48      6806.00000 5585.06773  17.9%   212 17708s
 2999947 1824751 6497.70099   45  129 6806.00000 5585.11229  17.9%   212 17716s
 3001046 1825517 5602.20955   37  134 6806.00000 5585.16951  17.9%   212 17723s
 3002387 1826334     cutoff   56      6806.00000 5585.21326  17.9%   212 17730s
 3003729 1827015 6213.49683   57  172 6806.00000 5585.25000  17.9%   212 17738s
 3004958 1827650 5969.70967   36  274 6806.00000 5585.30765  17.9%   212 17745s
 3006036 1828479 6590.04510   52  157 6806.00000 5585.36532  17.9%   212 17752s
 3007396 1829272 5761.70485   41  237 6806.00000 5585.42425  17.9%   212 17760s
 3008690 1830119 6366.89281   44  123 6806.00000 5585.49059  17.9%   212 17767s
 3009963 1830959 6483.88351   55  231 6806.00000 5585.52446  17.9%   212 17774s
 3011206 1831713     cutoff   71      6806.00000 5585.54374  17.9%   212 17781s
 3012500 1832419 6292.00569   38  221 6806.00000 5585.60703  17.9%   212 17788s
 3013727 1833188 6269.69231   37  124 6806.00000 5585.65217  17.9%   212 17796s
 3015018 1833798 6341.78455   41  225 6806.00000 5585.67619  17.9%   212 17803s
 3016187 1834461 5905.57542   42  228 6806.00000 5585.75479  17.9%   212 17810s
 3017430 1835209 6751.14012   63  172 6806.00000 5585.82396  17.9%   212 17817s
 3018695 1835888 6601.71523   56  187 6806.00000 5585.86507  17.9%   212 17824s
 3020123 1836621 6166.44739   42  211 6806.00000 5585.91887  17.9%   212 17831s
 3021311 1837389 6354.97514   49  215 6806.00000 5585.94878  17.9%   212 17837s
 3022489 1838171 6272.96114   49  168 6806.00000 5585.98510  17.9%   212 17844s
 3023831 1838787 5747.47328   39  280 6806.00000 5586.02509  17.9%   212 17851s
 3024837 1839522 6074.92600   41  213 6806.00000 5586.06379  17.9%   212 17858s
 3025987 1840197 5873.47812   49  217 6806.00000 5586.09988  17.9%   212 17865s
 3027005 1840864 6077.16067   44  152 6806.00000 5586.12556  17.9%   212 17872s
 3028133 1841607 6160.67167   45  210 6806.00000 5586.17287  17.9%   212 17879s
 3029467 1842248 6557.95917   35  242 6806.00000 5586.21343  17.9%   212 17886s
 3030667 1842816 6122.27885   39  162 6806.00000 5586.26875  17.9%   212 17893s
 3031791 1843503 6476.68750   41  156 6806.00000 5586.32783  17.9%   212 17900s
 3032936 1844321 6239.00000   31  136 6806.00000 5586.35880  17.9%   212 17907s
 3034250 1844644 6559.23798   45  142 6806.00000 5586.43324  17.9%   212 17914s
 3034776 1846030 infeasible   53      6806.00000 5586.45122  17.9%   212 17930s
 3037216 1846711 5625.14926   35  253 6806.00000 5586.52057  17.9%   212 17940s
 3038343 1847725 6599.51846   57  191 6806.00000 5586.55616  17.9%   212 17950s
 3040032 1848531 6787.52569  108  183 6806.00000 5586.61246  17.9%   212 17958s
 3041518 1849228 6453.50496   43  128 6806.00000 5586.69045  17.9%   212 17967s
 3042667 1850160 6116.82525   38  321 6806.00000 5586.75099  17.9%   212 17975s
 3044144 1851127 6382.91168   47  304 6806.00000 5586.80000  17.9%   212 17983s
 3045605 1851850 6399.47391   52  157 6806.00000 5586.83130  17.9%   212 17991s
 3046974 1852693 6773.09240   53  162 6806.00000 5586.89355  17.9%   212 17998s
 3048386 1853421 6625.32730   52  169 6806.00000 5586.95072  17.9%   212 18007s
 3049831 1854280 6097.61990   39  218 6806.00000 5586.98685  17.9%   212 18014s
 3051214 1854885 6497.90811   51  160 6806.00000 5587.05000  17.9%   212 18021s
 3052252 1855762 6456.45412   50  213 6806.00000 5587.06099  17.9%   212 18028s
 3053570 1856546 6259.62074   51  174 6806.00000 5587.11973  17.9%   212 18035s
 3054927 1857240 5591.96870   35  168 6806.00000 5587.15033  17.9%   212 18041s
 3056200 1857827 6645.06411   69  130 6806.00000 5587.18841  17.9%   212 18047s
 3057295 1858418 6118.34499   38  289 6806.00000 5587.20660  17.9%   212 18053s
 3058409 1859125 5634.71073   31  299 6806.00000 5587.26748  17.9%   212 18059s
 3059594 1859727 6469.85030   55  145 6806.00000 5587.29641  17.9%   212 18066s
 3060687 1860546 5649.99968   36  268 6806.00000 5587.33027  17.9%   212 18073s
 3061857 1861210 6689.88929   63  186 6806.00000 5587.37746  17.9%   212 18079s
 3062985 1861757 6556.47864   44  215 6806.00000 5587.43018  17.9%   212 18086s
 3064160 1862411     cutoff   42      6806.00000 5587.47300  17.9%   212 18092s
 3065309 1863181 6560.37002   52  144 6806.00000 5587.51442  17.9%   212 18099s
 3066512 1863799 6366.57056   43  231 6806.00000 5587.54105  17.9%   212 18106s
 3067518 1864585 6264.66667   39  103 6806.00000 5587.58707  17.9%   212 18113s
 3068771 1865175 5799.95782   45  230 6806.00000 5587.64135  17.9%   212 18119s
 3069870 1865827 6554.84304   56  198 6806.00000 5587.68809  17.9%   212 18127s
 3071163 1866427 6159.13393   31  251 6806.00000 5587.74364  17.9%   212 18134s
 3072308 1867194 5855.82191   39  204 6806.00000 5587.78888  17.9%   212 18141s
 3073649 1867898 6411.90274   57  232 6806.00000 5587.84759  17.9%   212 18148s
 3074909 1868606 5724.44805   37  314 6806.00000 5587.89717  17.9%   212 18156s
 3076092 1869279 6209.44260   46  161 6806.00000 5587.91847  17.9%   212 18163s
 3077476 1869814 6552.31426   62  179 6806.00000 5587.97333  17.9%   212 18170s
 3078584 1870595 6373.05408   39  130 6806.00000 5588.00465  17.9%   212 18177s
 3079884 1871381 6246.50000   43   76 6806.00000 5588.05916  17.9%   212 18185s
 3081236 1871773 6467.95399   38  211 6806.00000 5588.11203  17.9%   212 18193s
 3081863 1872592 6266.10155   42  100 6806.00000 5588.11417  17.9%   212 18200s
 3083080 1873127 infeasible   51      6806.00000 5588.12822  17.9%   212 18208s
 3084451 1873863 6245.82303   31   80 6806.00000 5588.17929  17.9%   212 18215s
 3085727 1874683 infeasible   42      6806.00000 5588.22624  17.9%   212 18222s
 3087060 1875369 6496.69086   52  213 6806.00000 5588.24698  17.9%   212 18230s
 3088427 1875984 6102.14060   38  146 6806.00000 5588.29545  17.9%   212 18236s
 3089626 1876602 6509.95160   50  145 6806.00000 5588.33423  17.9%   212 18244s
 3090642 1877530 6337.40010   66  202 6806.00000 5588.36732  17.9%   212 18252s
 3092031 1878276 6694.16594   75  119 6806.00000 5588.39995  17.9%   212 18260s
 3093387 1879106 6120.17153   35  229 6806.00000 5588.45851  17.9%   212 18268s
 3094858 1879955     cutoff   64      6806.00000 5588.49050  17.9%   212 18276s
 3096242 1880494 6384.85553   41  165 6806.00000 5588.55338  17.9%   212 18282s
 3097408 1881237 6580.11109   38  200 6806.00000 5588.60654  17.9%   212 18289s
 3098796 1881991 5611.48161   36  173 6806.00000 5588.63366  17.9%   212 18296s
 3100106 1882671 6759.00000   48  206 6806.00000 5588.68065  17.9%   212 18304s
 3101334 1883484 6716.63871   45  191 6806.00000 5588.74663  17.9%   212 18311s
 3102746 1884140 6122.95787   34  159 6806.00000 5588.80000  17.9%   212 18318s
 3103826 1884900 6282.04342   41  144 6806.00000 5588.85436  17.9%   212 18324s
 3105025 1885633 6273.92396   46  154 6806.00000 5588.89333  17.9%   212 18332s
 3106276 1886448     cutoff   81      6806.00000 5588.92847  17.9%   212 18339s
 3107637 1887081 6492.37365   58  155 6806.00000 5588.97001  17.9%   212 18346s
 3108684 1887930 6702.71992   50  134 6806.00000 5589.02037  17.9%   212 18354s
 3110107 1888664 6219.78819   44  242 6806.00000 5589.04576  17.9%   212 18361s
 3111376 1889396 6521.82859   42  206 6806.00000 5589.10273  17.9%   212 18369s
 3112594 1890288 6584.34592   33  128 6806.00000 5589.16671  17.9%   212 18377s
 3113925 1891047 5715.21928   29  216 6806.00000 5589.21780  17.9%   212 18384s
 3115197 1891804 6561.16358   43  227 6806.00000 5589.24428  17.9%   212 18391s
 3116459 1892604 6212.01470   34  207 6806.00000 5589.30207  17.9%   212 18399s
 3117704 1893441 6393.68041   46  225 6806.00000 5589.34118  17.9%   212 18407s
 3119032 1894213 6410.57127   44  190 6806.00000 5589.36923  17.9%   212 18414s
 3120224 1895012 6462.52226   54  145 6806.00000 5589.39386  17.9%   212 18421s
 3121535 1895509 6181.94079   46  191 6806.00000 5589.42698  17.9%   212 18429s
 3122294 1896317 6620.83045   63  166 6806.00000 5589.45859  17.9%   212 18436s
 3123671 1897044 6208.21017   43  236 6806.00000 5589.50286  17.9%   212 18444s
 3124940 1897739 6277.45884   47  217 6806.00000 5589.53088  17.9%   212 18452s
 3126117 1898390     cutoff   35      6806.00000 5589.53990  17.9%   212 18459s
 3127267 1899155 6252.85731   34  168 6806.00000 5589.58403  17.9%   212 18467s
 3128558 1899824 5665.39130   23  202 6806.00000 5589.66667  17.9%   212 18474s
 3129702 1900672 5714.85282   32  252 6806.00000 5589.71741  17.9%   212 18482s
 3131047 1901593 5634.97481   54  276 6806.00000 5589.76181  17.9%   212 18489s
 3132491 1902304 6122.80210   35  227 6806.00000 5589.79365  17.9%   212 18496s
 3133741 1902602 6626.38190   60  164 6806.00000 5589.83262  17.9%   212 18504s
 3134247 1903264 6350.31358   46  135 6806.00000 5589.84367  17.9%   212 18512s
 3135644 1903947 6399.22808   51  162 6806.00000 5589.86692  17.9%   212 18519s
 3136799 1904706 6691.88512   48  180 6806.00000 5589.93564  17.9%   212 18527s
 3138183 1905326 5600.00902   29  249 6806.00000 5590.00322  17.9%   212 18534s
 3139312 1906065 infeasible   51      6806.00000 5590.05893  17.9%   212 18541s
 3140669 1906737 6301.00000   43  134 6806.00000 5590.07913  17.9%   212 18548s
 3142045 1907489 5710.29137   30  331 6806.00000 5590.12964  17.9%   212 18555s
 3143474 1908185 6500.25606   61  163 6806.00000 5590.14826  17.9%   212 18563s
 3144590 1908916 6297.58637   45  240 6806.00000 5590.19285  17.9%   212 18570s
 3145838 1909633 6579.50000   43  141 6806.00000 5590.23986  17.9%   212 18577s
 3147016 1910376 6062.61058   44  170 6806.00000 5590.28068  17.9%   212 18584s
 3148327 1911136 5686.98917   42  266 6806.00000 5590.34493  17.9%   212 18591s
 3149589 1911822 6277.76359   52  262 6806.00000 5590.36787  17.9%   212 18597s
 3150780 1912616 6455.05164   42  224 6806.00000 5590.43530  17.9%   212 18605s
 3152027 1913370 6259.48425   42  131 6806.00000 5590.45949  17.9%   212 18612s
 3153289 1914075 6234.73545   38  210 6806.00000 5590.50000  17.9%   212 18619s
 3154388 1914905 5812.24114   45  243 6806.00000 5590.55209  17.9%   212 18626s
 3155686 1915787 5753.84506   42  274 6806.00000 5590.58549  17.9%   212 18634s
 3156998 1916633 6448.92884   42  197 6806.00000 5590.59618  17.9%   212 18641s
 3158316 1917301 6356.20881   38  177 6806.00000 5590.65498  17.9%   212 18648s
 3159521 1918021 6193.26211   34  253 6806.00000 5590.69699  17.9%   212 18655s
 3160684 1918616     cutoff   52      6806.00000 5590.73010  17.9%   212 18661s
 3161748 1919437 6596.16420   51  139 6806.00000 5590.75821  17.9%   212 18669s
 3163202 1920156 6648.04643   70  207 6806.00000 5590.79850  17.9%   212 18676s
 3164496 1920672 infeasible   55      6806.00000 5590.84817  17.9%   212 18682s
 3165743 1921354     cutoff   44      6806.00000 5590.89279  17.9%   212 18689s
 3166858 1922093 6189.85943   44  196 6806.00000 5590.93269  17.9%   212 18696s
 3168115 1922821 6257.64549   45  191 6806.00000 5590.98195  17.9%   212 18703s
 3169294 1923402 6316.52505   43  225 6806.00000 5591.01762  17.9%   212 18709s
 3170406 1923927     cutoff   38      6806.00000 5591.05161  17.9%   212 18716s
 3171505 1924742 6515.61121   45  143 6806.00000 5591.08013  17.9%   212 18723s
 3172737 1925478 6561.43390   55  172 6806.00000 5591.13216  17.8%   212 18731s
 3174006 1926194     cutoff   62      6806.00000 5591.16263  17.8%   212 18738s
 3175283 1926935 5742.33876   44  267 6806.00000 5591.20520  17.8%   212 18744s
 3176485 1927643 6670.34327   54  177 6806.00000 5591.24544  17.8%   212 18751s
 3177694 1928325 6549.33116   49  143 6806.00000 5591.28525  17.8%   212 18759s
 3179005 1929038 6678.82755   57  179 6806.00000 5591.33875  17.8%   212 18765s
 3180164 1929806 5723.32728   35  276 6806.00000 5591.39489  17.8%   212 18773s
 3181426 1930235 6491.66667   57   80 6806.00000 5591.44282  17.8%   212 18781s
 3182222 1931307 6626.00000   34  130 6806.00000 5591.44282  17.8%   212 18792s
 3184103 1932172 6171.09682   42  214 6806.00000 5591.55000  17.8%   212 18801s
 3185512 1932858 6718.33983   63  166 6806.00000 5591.60495  17.8%   212 18809s
 3186777 1933703 5971.76880   28  220 6806.00000 5591.65432  17.8%   212 18817s
 3188149 1934201 6329.50000   44  100 6806.00000 5591.71420  17.8%   212 18824s
 3188945 1935112 infeasible   41      6806.00000 5591.73300  17.8%   212 18832s
 3190422 1935980 6172.93725   33  205 6806.00000 5591.79512  17.8%   212 18840s
 3191834 1936615 5687.57479   33  263 6806.00000 5591.84497  17.8%   212 18848s
 3193165 1937575 5599.39853   31  315 6806.00000 5591.87013  17.8%   212 18856s
 3194628 1938556 6506.33355   57  179 6806.00000 5591.90713  17.8%   212 18863s
 3196111 1939333 6343.79552   56  107 6806.00000 5591.96044  17.8%   212 18870s
 3197416 1940072 6103.05050   40  144 6806.00000 5591.99390  17.8%   212 18878s
 3198660 1940679 5624.70553   41  293 6806.00000 5592.03845  17.8%   212 18885s
 3199734 1941386 6310.83407   43  231 6806.00000 5592.06706  17.8%   212 18892s
 3200944 1942221 infeasible   37      6806.00000 5592.11592  17.8%   212 18899s
 3202240 1942912 6351.65363   56  196 6806.00000 5592.16145  17.8%   212 18906s
 3203394 1943582     cutoff   41      6806.00000 5592.19284  17.8%   212 18913s
 3204580 1944385 6778.43297   67  129 6806.00000 5592.23254  17.8%   212 18920s
 3205929 1945053 6491.21951   64  108 6806.00000 5592.28327  17.8%   212 18927s
 3207183 1945805 5707.97175   37  226 6806.00000 5592.28968  17.8%   212 18935s
 3208456 1946502 6641.62906   50  131 6806.00000 5592.36296  17.8%   212 18942s
 3209607 1946932     cutoff   58      6806.00000 5592.37988  17.8%   212 18948s
 3210796 1947485 6609.54384   39  191 6806.00000 5592.44552  17.8%   212 18956s
 3211983 1948307 5852.69778   40  185 6806.00000 5592.47100  17.8%   212 18963s
 3213313 1948844 6718.72893   73  152 6806.00000 5592.50959  17.8%   212 18970s
 3214391 1949071 6442.81485   57  137 6806.00000 5592.54542  17.8%   212 18979s
 3214842 1949670 6497.29035   58  198 6806.00000 5592.57052  17.8%   212 18986s
 3215865 1950483 5805.40000   38  198 6806.00000 5592.59677  17.8%   212 18994s
 3217133 1951209 6662.78744   85  164 6806.00000 5592.66489  17.8%   212 19002s
 3218858 1952069 5680.10000   42  180 6806.00000 5592.71718  17.8%   212 19009s
 3220216 1952667 6306.06435   33  288 6806.00000 5592.75389  17.8%   212 19015s
 3221294 1953361     cutoff   47      6806.00000 5592.80159  17.8%   212 19022s
 3222414 1954108 6714.05444   49  143 6806.00000 5592.84195  17.8%   212 19029s
 3223697 1954744 6487.08651   54  205 6806.00000 5592.90542  17.8%   212 19036s
 3224685 1955476 6630.03570   54  183 6806.00000 5592.93271  17.8%   212 19043s
 3225925 1956258 6560.62123   47  161 6806.00000 5592.97203  17.8%   212 19050s
 3227258 1956844 6225.14939   51  208 6806.00000 5593.02596  17.8%   212 19057s
 3228279 1957584 5697.59990   42  272 6806.00000 5593.06393  17.8%   212 19064s
 3229391 1958288 6409.43954   59  235 6806.00000 5593.09357  17.8%   212 19072s
 3230542 1959011 6622.13713   73  207 6806.00000 5593.12482  17.8%   212 19079s
 3231817 1959793 6519.34763   61  113 6806.00000 5593.17634  17.8%   212 19086s
 3233134 1960428 5784.22933   37  332 6806.00000 5593.23582  17.8%   212 19093s
 3234345 1961175     cutoff   45      6806.00000 5593.28090  17.8%   212 19100s
 3235606 1961920 6619.16137   54  150 6806.00000 5593.32682  17.8%   212 19108s
 3236803 1962674 5856.88313   47  253 6806.00000 5593.34887  17.8%   212 19115s
 3237918 1963464 6372.22768   38  165 6806.00000 5593.38971  17.8%   212 19123s
 3239246 1964168 6486.07673   54  194 6806.00000 5593.43909  17.8%   212 19130s
 3240343 1965051 6761.03134   42  154 6806.00000 5593.46043  17.8%   212 19138s
 3241690 1965899 6340.47788   51  139 6806.00000 5593.48625  17.8%   212 19145s
 3243087 1966540 6456.80238   42  173 6806.00000 5593.55067  17.8%   212 19152s
 3244455 1967138 6361.16616   50  172 6806.00000 5593.62268  17.8%   212 19160s
 3245534 1967955 5810.27500   38  145 6806.00000 5593.65882  17.8%   212 19167s
 3246875 1968670 6444.64942   52  129 6806.00000 5593.71359  17.8%   212 19174s
 3248239 1969461 6219.08458   34  146 6806.00000 5593.75539  17.8%   212 19182s
 3249424 1970184 6224.23169   40  176 6806.00000 5593.78393  17.8%   212 19188s
 3250698 1970840 6716.52390   44  136 6806.00000 5593.80676  17.8%   212 19195s
 3252146 1971679 6190.03227   36   92 6806.00000 5593.86884  17.8%   212 19202s
 3253335 1972366     cutoff   57      6806.00000 5593.87839  17.8%   212 19209s
 3254580 1973144 6164.51883   40  221 6806.00000 5593.92923  17.8%   212 19217s
 3255858 1973776 6563.03925   70  181 6806.00000 5593.95387  17.8%   212 19223s
 3256983 1974050 6423.25420   45  240 6806.00000 5594.01320  17.8%   212 19231s
 3257418 1975004 6378.40294   45  229 6806.00000 5594.03710  17.8%   212 19239s
 3258813 1975969 6437.75213   44  149 6806.00000 5594.06289  17.8%   212 19247s
 3260286 1976942 6521.43890   65  116 6806.00000 5594.13735  17.8%   212 19255s
 3261851 1977729 6038.22358   39  219 6806.00000 5594.17391  17.8%   212 19262s
 3263129 1978289 6614.71756   50  205 6806.00000 5594.23303  17.8%   212 19270s
 3264084 1978988 6251.06456   36  189 6806.00000 5594.25715  17.8%   212 19277s
 3265248 1979854 infeasible   60      6806.00000 5594.30000  17.8%   212 19284s
 3266696 1980580 6379.08076   51  173 6806.00000 5594.35949  17.8%   212 19292s
 3267992 1981241 5640.13068   30  321 6806.00000 5594.41185  17.8%   212 19300s
 3269141 1981881     cutoff   64      6806.00000 5594.43559  17.8%   212 19307s
 3270246 1982575 5914.00885   45  123 6806.00000 5594.47647  17.8%   212 19314s
 3271583 1983391 6446.00000   51  102 6806.00000 5594.53081  17.8%   212 19321s
 3272931 1984128 6463.90864   51  222 6806.00000 5594.56269  17.8%   212 19329s
 3274101 1984382 5957.06983   50  237 6806.00000 5594.61047  17.8%   212 19338s
 3274574 1985285 5968.61526   46  254 6806.00000 5594.61047  17.8%   212 19347s
 3275941 1986271 6405.97690   40  174 6806.00000 5594.63357  17.8%   212 19357s
 3277600 1987181 6626.20190   35  196 6806.00000 5594.71590  17.8%   212 19365s
 3279196 1987883 5640.50940   43  211 6806.00000 5594.76211  17.8%   212 19373s
 3280483 1988635 5633.25910   35  320 6806.00000 5594.82390  17.8%   212 19380s
 3281754 1989269 6111.00000   30  145 6806.00000 5594.84219  17.8%   212 19388s
 3282953 1989973 6599.77085   45  111 6806.00000 5594.91353  17.8%   212 19396s
 3284213 1990810 5803.21720   42  268 6806.00000 5594.94113  17.8%   212 19404s
 3285689 1991617 5745.84984   29  185 6806.00000 5594.98690  17.8%   212 19411s
 3287083 1992338 5629.34795   38  281 6806.00000 5595.02285  17.8%   212 19419s
 3288259 1993128 6597.76071   53  154 6806.00000 5595.08882  17.8%   212 19426s
 3289604 1993903 6243.96608   39  260 6806.00000 5595.11407  17.8%   212 19434s
 3290943 1994690 6268.78279   34  217 6806.00000 5595.18949  17.8%   212 19440s
 3292206 1995301 5801.16667   53  149 6806.00000 5595.23766  17.8%   212 19447s
 3293310 1996081 5897.39686   49  189 6806.00000 5595.27253  17.8%   212 19454s
 3294676 1996687 6262.32584   38  253 6806.00000 5595.30265  17.8%   212 19461s
 3295886 1997231 6607.49112   44  189 6806.00000 5595.37291  17.8%   212 19468s
 3296990 1997972 5913.08356   44  171 6806.00000 5595.41739  17.8%   212 19475s
 3298196 1998603 6263.18321   46  218 6806.00000 5595.46464  17.8%   212 19483s
 3299246 1999367     cutoff   75      6806.00000 5595.49389  17.8%   212 19490s
 3300533 2000135 6250.70637   41  152 6806.00000 5595.53938  17.8%   212 19497s
 3301849 2000883 5931.86377   31  197 6806.00000 5595.57627  17.8%   212 19505s
 3303111 2001659 6164.67715   28  146 6806.00000 5595.63212  17.8%   212 19512s
 3304336 2002417 6474.96522   45  160 6806.00000 5595.66667  17.8%   212 19519s
 3305772 2003138 6278.22676   42  134 6806.00000 5595.71542  17.8%   212 19526s
 3306962 2003742 6567.94944   74  233 6806.00000 5595.75256  17.8%   212 19534s
 3308043 2004331 6427.42184   51  141 6806.00000 5595.79310  17.8%   212 19541s
 3309053 2005065 6257.86034   38  207 6806.00000 5595.82176  17.8%   212 19548s
 3310296 2005886 5994.78665   42  172 6806.00000 5595.86214  17.8%   212 19555s
 3311691 2006623 6610.88384   49  119 6806.00000 5595.92998  17.8%   212 19562s
 3312835 2007222 6358.00000   42  136 6806.00000 5595.95167  17.8%   212 19569s
 3313948 2007845 6250.17993   41  150 6806.00000 5596.00515  17.8%   212 19576s
 3315045 2008501 6350.90951   49  114 6806.00000 5596.03605  17.8%   212 19583s
 3316207 2009067 6740.11213   67  178 6806.00000 5596.09034  17.8%   212 19590s
 3317380 2009738 6721.78763   46  208 6806.00000 5596.11065  17.8%   212 19598s
 3318600 2010468 6254.33287   45  170 6806.00000 5596.16831  17.8%   212 19605s
 3319832 2011318 6321.69136   39  144 6806.00000 5596.23779  17.8%   212 19612s
 3321248 2012059 6140.29538   36  206 6806.00000 5596.27542  17.8%   212 19619s
 3322474 2012986 6456.66422   42  307 6806.00000 5596.31763  17.8%   212 19626s
 3323793 2013765 6394.43172  105  134 6806.00000 5596.35072  17.8%   212 19633s
 3325107 2014499 6571.01206   64  192 6806.00000 5596.40433  17.8%   212 19640s
 3326444 2015241 6343.08478   41  187 6806.00000 5596.45119  17.8%   212 19647s
 3327699 2016080 6264.40657   33  218 6806.00000 5596.49048  17.8%   212 19655s
 3329043 2016833 6297.37563   54  204 6806.00000 5596.52618  17.8%   212 19661s
 3330234 2017623 5845.83964   41  265 6806.00000 5596.57453  17.8%   212 19668s
 3331557 2018286 6130.59762   39  122 6806.00000 5596.59982  17.8%   212 19674s
 3332717 2018842 5680.47783   32  146 6806.00000 5596.63976  17.8%   212 19681s
 3333819 2019703 6426.98763   42  158 6806.00000 5596.66831  17.8%   212 19688s
 3335078 2020343 6489.75305   44  161 6806.00000 5596.69669  17.8%   212 19694s
 3336154 2021211 6442.00000   40  156 6806.00000 5596.73517  17.8%   212 19701s
 3337503 2021877 6432.32535   45  141 6806.00000 5596.74742  17.8%   212 19708s
 3338612 2022520 6638.60125   41  170 6806.00000 5596.79708  17.8%   212 19715s
 3339623 2023170 6539.29138   47  155 6806.00000 5596.82059  17.8%   212 19722s
 3340734 2023887 6254.00000   40  156 6806.00000 5596.85650  17.8%   212 19729s
 3342048 2024619 5610.10000   31  125 6806.00000 5596.90285  17.8%   212 19735s
 3343343 2025434 6604.18068   56  123 6806.00000 5596.94086  17.8%   212 19742s
 3344700 2026085 6785.00000   75   94 6806.00000 5596.98825  17.8%   212 19749s
 3345912 2026666 5822.14551   36  204 6806.00000 5597.04533  17.8%   212 19757s
 3347145 2027119 6704.75912   75  125 6806.00000 5597.06764  17.8%   212 19764s
 3347844 2027816 6384.73333   44   99 6806.00000 5597.06764  17.8%   212 19772s
 3349364 2028548 5694.30532   38  246 6806.00000 5597.13871  17.8%   212 19780s
 3350894 2029097 6505.12582   50  231 6806.00000 5597.17021  17.8%   212 19787s
 3351939 2029869 5791.20733   39  285 6806.00000 5597.20949  17.8%   212 19794s
 3353300 2030609     cutoff   58      6806.00000 5597.24228  17.8%   212 19801s
 3354495 2031302 6804.00000   48  135 6806.00000 5597.30856  17.8%   212 19809s
 3355763 2032089 5632.86198   38  324 6806.00000 5597.34735  17.8%   212 19816s
 3357027 2032686 6692.53397   79  235 6806.00000 5597.37512  17.8%   212 19823s
 3358130 2033450 6352.44000   37  236 6806.00000 5597.41636  17.8%   212 19830s
 3359411 2033740 5686.88477   38  206 6806.00000 5597.46687  17.8%   212 19839s
 3359817 2034488 6567.00000   38  100 6806.00000 5597.48807  17.8%   212 19847s
 3361038 2035314 6502.75951   50  198 6806.00000 5597.53142  17.8%   212 19855s
 3362469 2036161 6003.00182   36  273 6806.00000 5597.60000  17.8%   212 19862s
 3363855 2036704 6763.85695   52  146 6806.00000 5597.63121  17.8%   212 19870s
 3364733 2037797 6109.16406   31  226 6806.00000 5597.65692  17.8%   212 19880s
 3366496 2038595 6687.83599   59  125 6806.00000 5597.70755  17.8%   212 19888s
 3367832 2039206 6171.09307   50  213 6806.00000 5597.74963  17.8%   212 19895s
 3369130 2040019 6615.58375   41  200 6806.00000 5597.79296  17.8%   212 19903s
 3370479 2040907 infeasible   44      6806.00000 5597.84910  17.8%   212 19910s
 3371764 2041662 6274.38738   39  268 6806.00000 5597.87020  17.8%   212 19917s
 3373012 2042325 infeasible   40      6806.00000 5597.92556  17.8%   212 19925s
 3374175 2043163 5836.10714   42  130 6806.00000 5597.94880  17.7%   212 19932s
 3375649 2043873 5896.60217   39  179 6806.00000 5598.00000  17.7%   212 19939s
 3376888 2044585 6583.00000   42  123 6806.00000 5598.04453  17.7%   212 19946s
 3378139 2045330 6482.82160   45  203 6806.00000 5598.09912  17.7%   212 19954s
 3379356 2045617 6079.68448   39  245 6806.00000 5598.12882  17.7%   212 19962s
 3379809 2046239 infeasible   57      6806.00000 5598.13148  17.7%   212 19969s
 3380863 2046962 5796.99077   39  284 6806.00000 5598.19730  17.7%   212 19977s
 3382075 2047608 6662.44670   59  131 6806.00000 5598.24851  17.7%   212 19984s
 3383148 2048488 6477.60989   44  270 6806.00000 5598.26443  17.7%   212 19992s
 3384546 2049190 6381.36667   43  137 6806.00000 5598.30000  17.7%   212 20000s
 3385874 2049907 6234.00000   36  130 6806.00000 5598.34789  17.7%   212 20007s
 3387026 2050702 6308.41943   38  143 6806.00000 5598.39527  17.7%   212 20014s
 3388301 2051533 5667.11665   38  219 6806.00000 5598.43178  17.7%   212 20021s
 3389595 2052333 6158.08127   35  180 6806.00000 5598.45317  17.7%   212 20029s
 3390903 2053007 6018.92031   41  208 6806.00000 5598.50245  17.7%   212 20036s
 3391993 2053667 6598.41647   38  166 6806.00000 5598.55435  17.7%   212 20043s
 3393529 2054430 5979.54171   50  184 6806.00000 5598.56739  17.7%   212 20050s
 3394759 2054985 6743.00000   43  132 6806.00000 5598.60860  17.7%   212 20057s
 3395723 2055687 5606.55484   34  317 6806.00000 5598.64037  17.7%   212 20064s
 3396918 2056486 5720.64176   37  211 6806.00000 5598.69911  17.7%   212 20072s
 3398217 2057096 6487.02027   43  237 6806.00000 5598.73000  17.7%   212 20079s
 3399483 2057894 6324.25044   47  210 6806.00000 5598.76457  17.7%   212 20086s
 3400843 2058672 5712.93422   33  150 6806.00000 5598.80658  17.7%   212 20093s
 3402176 2059394 6632.30574   59  229 6806.00000 5598.83597  17.7%   212 20099s
 3403282 2060089 6457.04128   45  187 6806.00000 5598.89685  17.7%   212 20107s
 3404508 2060777 6103.74029   41  144 6806.00000 5598.94110  17.7%   212 20114s
 3405736 2061447 infeasible   60      6806.00000 5598.99261  17.7%   212 20121s
 3406762 2062158 6237.85232   36  126 6806.00000 5599.02819  17.7%   212 20127s
 3407966 2062169     cutoff   56      6806.00000 5599.06119  17.7%   212 20137s
 3407979 2062175 infeasible   57      6806.00000 5599.06119  17.7%   212 20146s
 3407997 2062184     cutoff   56      6806.00000 5599.06119  17.7%   212 20153s
 3408012 2062194 infeasible   57      6806.00000 5599.06119  17.7%   212 20162s
 3408026 2062203 6796.00000   58   90 6806.00000 5599.06119  17.7%   212 20170s
 3408040 2062263     cutoff   59      6806.00000 5599.06871  17.7%   212 20178s
 3408161 2062664 5912.57425   36  140 6806.00000 5599.07936  17.7%   212 20186s
 3409052 2063447 5957.46868   43  252 6806.00000 5599.10691  17.7%   212 20194s
 3410354 2064261 6114.10665   45  192 6806.00000 5599.14187  17.7%   212 20202s
 3411772 2065053 6107.31832   32  145 6806.00000 5599.20000  17.7%   212 20210s
 3413033 2065848 6203.98614   47  241 6806.00000 5599.22920  17.7%   212 20217s
 3414352 2066628 6585.78884   47  182 6806.00000 5599.26317  17.7%   212 20225s
 3415791 2066890 5635.66419   32  308 6806.00000 5599.29792  17.7%   212 20234s
 3416224 2067654 5792.40078   33  265 6806.00000 5599.31356  17.7%   212 20241s
 3417467 2068487 5796.09997   34  301 6806.00000 5599.33033  17.7%   212 20249s
 3418811 2069206 infeasible   60      6806.00000 5599.38235  17.7%   212 20257s
 3419990 2069966 6785.69354   63  225 6806.00000 5599.43605  17.7%   212 20264s
 3421291 2070821 6249.96899   65   93 6806.00000 5599.49615  17.7%   212 20271s
 3422582 2071579 6356.76111   72  131 6806.00000 5599.50760  17.7%   212 20278s
 3423921 2072319 5795.22747   32  173 6806.00000 5599.57391  17.7%   212 20285s
 3425126 2073207 6270.37517   34  129 6806.00000 5599.61526  17.7%   212 20292s
 3426535 2073844 infeasible   40      6806.00000 5599.63666  17.7%   212 20299s
 3427652 2074471 6385.74601   49  125 6806.00000 5599.67372  17.7%   212 20305s
 3428640 2075152 6575.00000   60   98 6806.00000 5599.69363  17.7%   212 20313s
 3429710 2075839 6237.42911   43  159 6806.00000 5599.71760  17.7%   212 20320s
 3430891 2076514 6370.86048   52  195 6806.00000 5599.76746  17.7%   212 20327s
 3432078 2077149 6538.98943   45  162 6806.00000 5599.81930  17.7%   212 20334s
 3433300 2077923 5799.91497   31  157 6806.00000 5599.85382  17.7%   212 20341s
 3434527 2078580 infeasible   45      6806.00000 5599.88446  17.7%   212 20348s
 3435616 2079265 6413.31500   46  204 6806.00000 5599.92689  17.7%   212 20356s
 3436858 2080015 5695.26500   37  237 6806.00000 5599.98333  17.7%   212 20363s
 3438070 2080741 infeasible   55      6806.00000 5600.01094  17.7%   212 20370s
 3439443 2081632 infeasible   41      6806.00000 5600.07593  17.7%   212 20377s
 3440838 2082307 6615.53175   67   77 6806.00000 5600.10000  17.7%   212 20384s
 3441930 2082927 infeasible   40      6806.00000 5600.15195  17.7%   212 20390s
 3443088 2083704 6415.17503   48  277 6806.00000 5600.16944  17.7%   212 20397s
 3444298 2084418 6121.22497   36  258 6806.00000 5600.23111  17.7%   212 20403s
 3445460 2085184 5738.56592   44  207 6806.00000 5600.25757  17.7%   212 20410s
 3446681 2085737 6427.50846   57  163 6806.00000 5600.30959  17.7%   212 20417s
 3447958 2086499 6032.34549   40  204 6806.00000 5600.32221  17.7%   212 20424s
 3449211 2087180 6095.90410   30  143 6806.00000 5600.40875  17.7%   212 20431s
 3450548 2087887 6136.00000   37  181 6806.00000 5600.45675  17.7%   212 20438s
 3451770 2088519 6356.96190   41  176 6806.00000 5600.49638  17.7%   212 20445s
 3452962 2089178 5990.64042   23  209 6806.00000 5600.54574  17.7%   212 20451s
 3454168 2089763 6384.79543   41  209 6806.00000 5600.59577  17.7%   212 20458s
 3455191 2090559 infeasible   44      6806.00000 5600.64433  17.7%   212 20465s
 3456484 2091262 infeasible   51      6806.00000 5600.67638  17.7%   212 20472s
 3457710 2092090 6247.78090   37  157 6806.00000 5600.72395  17.7%   212 20479s
 3458978 2092814 6645.38631   55  188 6806.00000 5600.72945  17.7%   212 20485s
 3460137 2093629 5653.37954   33  149 6806.00000 5600.77826  17.7%   212 20492s
 3461503 2094263 5616.44725   39  260 6806.00000 5600.82313  17.7%   212 20499s
 3462588 2095122 6564.71704   45  232 6806.00000 5600.84727  17.7%   212 20506s
 3463875 2095857 6484.87482   51  165 6806.00000 5600.88650  17.7%   212 20513s
 3465064 2096565 5708.43585   31  324 6806.00000 5600.93040  17.7%   212 20520s
 3466234 2097159 infeasible   42      6806.00000 5600.94622  17.7%   212 20527s
 3467355 2097858 infeasible   61      6806.00000 5600.98014  17.7%   212 20534s
 3468497 2098375 6243.29186   41  163 6806.00000 5601.02398  17.7%   212 20541s
 3469446 2099156 6084.17971   43  296 6806.00000 5601.07087  17.7%   212 20548s
 3470785 2099893 6336.13083   44  180 6806.00000 5601.09769  17.7%   212 20556s
 3472025 2100618 6106.75295   41  195 6806.00000 5601.13996  17.7%   212 20563s
 3473261 2101314 6750.00000   50   60 6806.00000 5601.18776  17.7%   212 20570s
 3474466 2102122 6764.00000   60  100 6806.00000 5601.20208  17.7%   212 20577s
 3475656 2102847 6363.61548   73  124 6806.00000 5601.23531  17.7%   212 20584s
 3476927 2103461 5711.26747   49  304 6806.00000 5601.26901  17.7%   212 20592s
 3477927 2104127 6513.64472   55   89 6806.00000 5601.30086  17.7%   212 20599s
 3479086 2104940 6266.44538   41  245 6806.00000 5601.34237  17.7%   212 20607s
 3480487 2105763 6611.00316   60  227 6806.00000 5601.40489  17.7%   212 20614s
 3481675 2106575 6187.41372   37  203 6806.00000 5601.42535  17.7%   212 20622s
 3483074 2107399 6047.89853   34  227 6806.00000 5601.47254  17.7%   212 20629s
 3484452 2108155 6465.46154   44  199 6806.00000 5601.50292  17.7%   212 20637s
 3485704 2108737 6503.53242   72  202 6806.00000 5601.54708  17.7%   212 20644s
 3486946 2109307 6620.03375   44  282 6806.00000 5601.59855  17.7%   212 20651s
 3488022 2110245 5761.00000   39  124 6806.00000 5601.65172  17.7%   212 20658s
 3489402 2111063 6694.38098   52  212 6806.00000 5601.68270  17.7%   212 20666s
 3490750 2111832 6420.67600   53  170 6806.00000 5601.71723  17.7%   212 20673s
 3492063 2112669 6420.77026   54  210 6806.00000 5601.77531  17.7%   212 20681s
 3493405 2113290     cutoff   42      6806.00000 5601.80769  17.7%   212 20687s
 3494497 2113994     cutoff   41      6806.00000 5601.84120  17.7%   212 20694s
 3495743 2114658 6301.35225   45  175 6806.00000 5601.87504  17.7%   212 20701s
 3497007 2115367 6524.71271   55  129 6806.00000 5601.90130  17.7%   212 20708s
 3498273 2116064 6172.10355   55  181 6806.00000 5601.95652  17.7%   212 20714s
 3499492 2116607 5728.24366   34  345 6806.00000 5602.00000  17.7%   212 20721s
 3500528 2117159 6178.24770   41  125 6806.00000 5602.02011  17.7%   212 20728s
 3501624 2117862 6601.54810   58  227 6806.00000 5602.07172  17.7%   212 20735s
 3502982 2118495 6597.47206   39  219 6806.00000 5602.12009  17.7%   212 20742s
 3504155 2119124 5985.95658   48  211 6806.00000 5602.16530  17.7%   212 20749s
 3505225 2119853 6198.97151   42  180 6806.00000 5602.20000  17.7%   212 20756s
 3506502 2120566 6338.30172   42  189 6806.00000 5602.25103  17.7%   212 20763s
 3507821 2120839 6188.37332   40  232 6806.00000 5602.29101  17.7%   212 20771s
 3508294 2121402 6352.90323   43  218 6806.00000 5602.29332  17.7%   212 20779s
 3509419 2121907     cutoff   55      6806.00000 5602.32768  17.7%   212 20786s
 3510480 2122633 6633.68008   58  202 6806.00000 5602.35312  17.7%   212 20793s
 3511772 2123433 5815.00000   43  153 6806.00000 5602.38847  17.7%   212 20800s
 3513012 2124016 6403.60000   48   67 6806.00000 5602.42097  17.7%   212 20807s
 3514229 2124583 6373.95651   38  211 6806.00000 5602.46222  17.7%   212 20813s
 3515369 2125195 6601.29595   58  166 6806.00000 5602.50325  17.7%   212 20821s
 3516449 2125977 6120.07937   33  155 6806.00000 5602.55088  17.7%   212 20828s
 3517671 2126704 5768.25899   40  249 6806.00000 5602.60006  17.7%   212 20835s
 3518936 2127515 6388.87500   55  163 6806.00000 5602.63850  17.7%   212 20842s
 3520246 2128261 5914.29654   43  195 6806.00000 5602.69608  17.7%   212 20849s
 3521420 2128859 6539.19039   39  199 6806.00000 5602.71128  17.7%   212 20856s
 3522679 2129614 5642.21651   34  318 6806.00000 5602.75088  17.7%   212 20863s
 3523958 2130489 5769.68388   47  350 6806.00000 5602.79432  17.7%   212 20870s
 3525307 2131178 5738.69210   40  191 6806.00000 5602.82189  17.7%   212 20877s
 3526503 2131709 6581.73998   55  189 6806.00000 5602.86525  17.7%   212 20884s
 3527582 2132427 6507.09206   42  132 6806.00000 5602.89547  17.7%   212 20891s
 3528778 2133306 6531.44917   60  166 6806.00000 5602.90811  17.7%   212 20898s
 3530177 2134028 6312.53335   42  177 6806.00000 5602.96948  17.7%   212 20904s
 3531321 2134414 6596.00000   52  108 6806.00000 5602.99710  17.7%   212 20911s
 3532109 2135075 6520.30312   47  215 6806.00000 5603.01221  17.7%   212 20918s
 3533402 2135784 6156.86420   47  173 6806.00000 5603.06184  17.7%   212 20925s
 3534792 2136525 6171.94254   44  196 6806.00000 5603.10000  17.7%   212 20932s
 3535929 2137147 6668.15034   46  226 6806.00000 5603.12070  17.7%   212 20939s
 3537027 2137954 5802.56757   46  139 6806.00000 5603.16184  17.7%   212 20946s
 3538249 2138590 6008.18391   43  316 6806.00000 5603.18648  17.7%   212 20953s
 3539439 2139336 6301.29576   49  193 6806.00000 5603.22089  17.7%   212 20960s
 3540603 2140096 5788.69750   36  164 6806.00000 5603.27478  17.7%   212 20967s
 3541795 2140840 6459.40278   45  204 6806.00000 5603.31807  17.7%   212 20975s
 3543127 2141612 6256.24265   36  222 6806.00000 5603.34593  17.7%   212 20982s
 3544389 2142456 6311.04827   38  214 6806.00000 5603.40856  17.7%   212 20988s
 3545673 2143146 6259.63899   42  236 6806.00000 5603.41739  17.7%   212 20995s
 3546844 2143731 6572.79204   54  236 6806.00000 5603.41739  17.7%   212 21003s
 3548196 2144473 6354.50000   34  132 6806.00000 5603.46505  17.7%   212 21009s
 3549395 2145222 5621.91938   34  280 6806.00000 5603.54345  17.7%   212 21016s
 3550668 2145880 5820.94118   41  208 6806.00000 5603.55866  17.7%   212 21023s
 3551721 2146543 infeasible   69      6806.00000 5603.60619  17.7%   212 21030s
 3552929 2147197 6260.54246   42  131 6806.00000 5603.63639  17.7%   212 21037s
 3554110 2147994 6166.37853   34  306 6806.00000 5603.67774  17.7%   212 21043s
 3555366 2148641 6374.45787   38  205 6806.00000 5603.72054  17.7%   212 21050s
 3556473 2149196 6232.98126   48  129 6806.00000 5603.74388  17.7%   212 21057s
 3557793 2149921 6534.72588   48  159 6806.00000 5603.75000  17.7%   212 21064s
 3558990 2150608 6583.49474   52  187 6806.00000 5603.83166  17.7%   212 21071s
 3560099 2151288 6509.07616   48  228 6806.00000 5603.86819  17.7%   212 21078s
 3561296 2152009 6188.22291   39  209 6806.00000 5603.91292  17.7%   212 21085s
 3562480 2152772 5676.10190   28  280 6806.00000 5603.96311  17.7%   212 21092s
 3563711 2153553 6254.29942   48  172 6806.00000 5603.99623  17.7%   212 21099s
 3564997 2154113 6240.00000   40  115 6806.00000 5604.01962  17.7%   212 21106s
 3566203 2154771 5754.40391   44  351 6806.00000 5604.05588  17.7%   212 21113s
 3567275 2155589 5770.56472   40  265 6806.00000 5604.08839  17.7%   212 21121s
 3568666 2156422 6732.00000   62  105 6806.00000 5604.11762  17.7%   212 21129s
 3570024 2157120 6607.40038   61  167 6806.00000 5604.16966  17.7%   212 21136s
 3571264 2157934 5746.37589   42  274 6806.00000 5604.24513  17.7%   212 21143s
 3572635 2158805 6473.02592   57  105 6806.00000 5604.28774  17.7%   212 21150s
 3573982 2159594 5669.46265   27  231 6806.00000 5604.32402  17.7%   212 21158s
 3575251 2160396 6550.68182   40  282 6806.00000 5604.35621  17.7%   212 21164s
 3576532 2161093 6123.14999   37  124 6806.00000 5604.39183  17.7%   212 21171s
 3577747 2161742 6360.79963   42  183 6806.00000 5604.44636  17.7%   212 21178s
 3578854 2162476 6149.08304   37  190 6806.00000 5604.46036  17.7%   212 21185s
 3580037 2163136 5917.17096   46  152 6806.00000 5604.49600  17.7%   212 21192s
 3581189 2163779 infeasible   41      6806.00000 5604.52965  17.7%   212 21199s
 3582310 2164497 6042.54020   36  208 6806.00000 5604.56070  17.7%   212 21207s
 3583505 2165173 5668.40163   40  323 6806.00000 5604.61000  17.7%   212 21214s
 3584832 2165947 5758.58432   36  312 6806.00000 5604.64180  17.7%   212 21221s
 3586082 2166521 6482.02030   48  124 6806.00000 5604.66904  17.7%   212 21228s
 3587009 2167177 5842.61940   37  236 6806.00000 5604.71347  17.7%   212 21235s
 3588168 2167729 6465.47451   46  170 6806.00000 5604.74656  17.6%   212 21242s
 3589173 2168424 6131.40772   34  277 6806.00000 5604.75715  17.6%   212 21250s
 3590281 2169253 5883.83057   35  326 6806.00000 5604.80000  17.6%   212 21257s
 3591732 2170048 6153.02117   38  229 6806.00000 5604.85079  17.6%   212 21265s
 3593056 2170417 6499.85895   48  226 6806.00000 5604.89191  17.6%   212 21273s
 3593620 2171046 6276.44469   49  179 6806.00000 5604.89294  17.6%   212 21282s
 3594777 2171739 6176.39187   34  173 6806.00000 5604.95038  17.6%   212 21289s
 3596050 2172643 6503.96588   36  174 6806.00000 5604.98223  17.6%   212 21297s
 3597475 2173473 6238.67455   49  153 6806.00000 5605.01464  17.6%   212 21304s
 3598820 2174328 infeasible   43      6806.00000 5605.01464  17.6%   212 21312s
 3600314 2175166     cutoff   75      6806.00000 5605.09310  17.6%   212 21319s
 3601613 2175857 6715.74097   61  203 6806.00000 5605.11313  17.6%   212 21326s
 3602764 2176703 6151.14919   44  147 6806.00000 5605.14986  17.6%   212 21334s
 3604152 2177380 infeasible   39      6806.00000 5605.18052  17.6%   212 21341s
 3605239 2178246 6383.83792   48   96 6806.00000 5605.20000  17.6%   212 21349s
 3606697 2178952 6593.00000   50  146 6806.00000 5605.22576  17.6%   212 21356s
 3608020 2179643 6190.77497   43  236 6806.00000 5605.27242  17.6%   212 21363s
 3609182 2180259 6052.15286   43  227 6806.00000 5605.30569  17.6%   212 21370s
 3610360 2181037 5676.36554   39  203 6806.00000 5605.30932  17.6%   212 21377s
 3611749 2181810 6199.58687   44  270 6806.00000 5605.34606  17.6%   212 21383s
 3613031 2182427 6784.61842   48  106 6806.00000 5605.37531  17.6%   212 21390s
 3614080 2183054 6487.88331   60  163 6806.00000 5605.40929  17.6%   212 21398s
 3615089 2183786 6290.54963   41  219 6806.00000 5605.44684  17.6%   212 21405s
 3616206 2184633 6118.45963   41  234 6806.00000 5605.46090  17.6%   212 21412s
 3617502 2185261 5691.24132   42  298 6806.00000 5605.50322  17.6%   212 21419s
 3618645 2185988 5633.49224   43  217 6806.00000 5605.52204  17.6%   212 21427s
 3619886 2186670 6630.09958   45  174 6806.00000 5605.57155  17.6%   212 21434s
 3621072 2187492 6458.61840   47  214 6806.00000 5605.61296  17.6%   212 21442s
 3622367 2188234 6650.40110   47  154 6806.00000 5605.65950  17.6%   212 21449s
 3623613 2188931 6389.39539   35  181 6806.00000 5605.68649  17.6%   212 21456s
 3624803 2189748 6685.55330   41  159 6806.00000 5605.73196  17.6%   212 21464s
 3626324 2190450 6779.17320   45  135 6806.00000 5605.76066  17.6%   212 21470s
 3627593 2191288 6745.35057   62  155 6806.00000 5605.81331  17.6%   212 21477s
 3628922 2192009     cutoff   60      6806.00000 5605.86032  17.6%   212 21484s
 3630185 2192711 6584.79293   54  152 6806.00000 5605.90221  17.6%   212 21491s
 3631331 2193482     cutoff   44      6806.00000 5605.94161  17.6%   212 21497s
 3632524 2193999 5810.36535   34  201 6806.00000 5605.97332  17.6%   212 21505s
 3633419 2194644 6566.38818   64   96 6806.00000 5605.98921  17.6%   212 21512s
 3634510 2195234 5890.58885   38  154 6806.00000 5606.02311  17.6%   212 21519s
 3635666 2195948 6613.55542   56  224 6806.00000 5606.07840  17.6%   212 21527s
 3636854 2196882 6030.25000   43  104 6806.00000 5606.10139  17.6%   212 21534s
 3638277 2197789 6468.27593   52  179 6806.00000 5606.13785  17.6%   212 21541s
 3639639 2198402 infeasible   50      6806.00000 5606.16279  17.6%   212 21548s
 3640678 2199240 6441.67363   54  215 6806.00000 5606.20840  17.6%   212 21555s
 3641963 2199790 6558.75011   66  140 6806.00000 5606.22739  17.6%   212 21563s
 3643045 2200557 5782.16867   36  264 6806.00000 5606.27559  17.6%   212 21570s
 3644348 2201355 6045.14643   26  210 6806.00000 5606.31453  17.6%   212 21577s
 3645631 2202039 infeasible   54      6806.00000 5606.34590  17.6%   212 21583s
 3647083 2202815 6742.00000   33   58 6806.00000 5606.39744  17.6%   212 21590s
 3648346 2202984     cutoff   65      6806.00000 5606.45000  17.6%   212 21598s
 3648683 2203463 6664.02768   64  243 6806.00000 5606.45264  17.6%   212 21605s
 3649580 2204024 6683.45248   65  195 6806.00000 5606.45455  17.6%   212 21612s
 3650589 2204697 6089.35715   52  247 6806.00000 5606.49093  17.6%   212 21619s
 3650711 2204697 5853.28355   36  136 6806.00000 5606.49093  17.6%   212 21620s
 3651790 2205523 6294.72907   39  116 6806.00000 5606.55337  17.6%   212 21627s
 3653159 2206256 6058.39195   28  217 6806.00000 5606.59361  17.6%   212 21634s
 3654396 2207021 6650.80275   53  213 6806.00000 5606.61023  17.6%   212 21641s
 3655617 2207853 6272.50804   35  260 6806.00000 5606.64527  17.6%   212 21648s
 3656950 2208385 6003.92870   39  261 6806.00000 5606.66628  17.6%   212 21655s
 3658064 2209174 6202.34299   43  237 6806.00000 5606.70853  17.6%   212 21663s
 3659463 2210036 5844.26481   41  189 6806.00000 5606.76790  17.6%   212 21671s
 3660835 2210675 6459.80561   48  150 6806.00000 5606.81810  17.6%   212 21678s
 3662096 2211370 6196.84136   27  199 6806.00000 5606.84615  17.6%   212 21685s
 3663319 2212190 5682.45524   34  122 6806.00000 5606.90432  17.6%   212 21691s
 3664650 2213032 6237.00000   39  138 6806.00000 5606.94537  17.6%   212 21698s
 3665945 2213679 infeasible   40      6806.00000 5606.97947  17.6%   212 21705s
 3667018 2214399 5708.58713   29  235 6806.00000 5607.00000  17.6%   212 21712s
 3668200 2215199     cutoff   63      6806.00000 5607.00000  17.6%   212 21719s
 3669480 2215840 5647.07463   43  258 6806.00000 5607.05880  17.6%   212 21726s
 3670576 2216627 6195.46216   42  238 6806.00000 5607.07534  17.6%   212 21733s
 3671862 2217384 6142.20352   34  285 6806.00000 5607.10691  17.6%   212 21740s
 3673036 2218166 6137.67127   51  203 6806.00000 5607.11418  17.6%   212 21747s
 3674284 2218937 6234.82475   30  156 6806.00000 5607.16500  17.6%   212 21755s
 3675544 2219542 6569.18456   68  135 6806.00000 5607.21587  17.6%   212 21762s
 3676729 2220289 6199.57356   32  174 6806.00000 5607.25412  17.6%   212 21769s
 3677930 2220926 6267.56434   44  181 6806.00000 5607.28205  17.6%   212 21777s
 3679137 2221621 5801.76557   30  254 6806.00000 5607.30906  17.6%   212 21785s
 3680370 2222288 5649.68680   38  318 6806.00000 5607.34252  17.6%   212 21792s
 3681718 2222974 infeasible   40      6806.00000 5607.37283  17.6%   212 21800s
 3683054 2223864 6246.17381   40  132 6806.00000 5607.42652  17.6%   212 21807s
 3684446 2224670 6245.75999   44  220 6806.00000 5607.47298  17.6%   212 21814s
 3685837 2225295 6293.17545   46  184 6806.00000 5607.51449  17.6%   212 21821s
 3686975 2226080 6224.65391   35  196 6806.00000 5607.56282  17.6%   212 21828s
 3688354 2226761 6751.18474   56  142 6806.00000 5607.59500  17.6%   212 21835s
 3689624 2227381 infeasible   40      6806.00000 5607.62857  17.6%   212 21843s
 3690799 2228007 6506.53138   57  209 6806.00000 5607.65402  17.6%   212 21850s
 3691904 2228856 6289.87046   35  185 6806.00000 5607.70720  17.6%   212 21857s
 3693260 2229476 6506.04244   51  183 6806.00000 5607.74505  17.6%   212 21864s
 3694400 2230294 6482.80886   51  153 6806.00000 5607.76838  17.6%   212 21871s
 3695811 2231050 6160.61319   44  212 6806.00000 5607.80817  17.6%   212 21879s
 3697071 2231760 6382.25659   48  183 6806.00000 5607.84549  17.6%   212 21885s
 3698276 2232400 5974.82320   52  277 6806.00000 5607.89631  17.6%   212 21892s
 3699600 2233156 5727.63422   42  164 6806.00000 5607.93404  17.6%   212 21899s
 3700848 2233850 6684.90341   49  231 6806.00000 5607.97110  17.6%   212 21906s
 3701990 2234627     cutoff   77      6806.00000 5608.00720  17.6%   212 21913s
 3703272 2235295 6457.35059   47  201 6806.00000 5608.04965  17.6%   212 21920s
 3704490 2236041 6159.82320   38  224 6806.00000 5608.09304  17.6%   212 21927s
 3705712 2236782 6283.78712   41  107 6806.00000 5608.14348  17.6%   212 21934s
 3706850 2237308 6338.89346   43  198 6806.00000 5608.16835  17.6%   212 21941s
 3707996 2238090 5658.13750   42  169 6806.00000 5608.18942  17.6%   212 21948s
 3709328 2238839 6254.63333   42  182 6806.00000 5608.24319  17.6%   212 21955s
 3710588 2239582 6463.67251   66  196 6806.00000 5608.29088  17.6%   212 21961s
 3711816 2240255 6129.71785   29  199 6806.00000 5608.30893  17.6%   212 21969s
 3712900 2241064 6191.42667   47  194 6806.00000 5608.35417  17.6%   212 21977s
 3714253 2241852 6244.00000   38  105 6806.00000 5608.40586  17.6%   212 21984s
 3715781 2242004 6553.45651   48  195 6806.00000 5608.40586  17.6%   212 21993s
 3716176 2242647     cutoff   50      6806.00000 5608.40586  17.6%   212 22000s
 3717304 2243601 6374.44068   41  193 6806.00000 5608.41728  17.6%   212 22008s
 3718855 2244383 6555.15402   61  127 6806.00000 5608.50654  17.6%   212 22016s
 3720152 2245092 6248.63919   50  261 6806.00000 5608.54255  17.6%   212 22023s
 3721403 2245988 5809.09340   41  296 6806.00000 5608.61173  17.6%   212 22031s
 3722713 2246655 5783.18338   37  260 6806.00000 5608.63756  17.6%   212 22038s
 3723943 2247403 6155.41160   44  211 6806.00000 5608.68333  17.6%   212 22045s
 3725150 2248045 6488.95848   41  139 6806.00000 5608.71452  17.6%   212 22053s
 3726460 2248868 6642.45727   47  176 6806.00000 5608.75040  17.6%   212 22060s
 3727775 2249455 6755.05594   70  138 6806.00000 5608.81318  17.6%   212 22068s
 3728835 2250335 6242.71423   37  209 6806.00000 5608.85720  17.6%   212 22075s
 3730388 2251112 5739.60147   37  287 6806.00000 5608.90831  17.6%   212 22082s
 3731593 2251848 6288.73536   51  143 6806.00000 5608.94447  17.6%   212 22089s
 3732900 2252447 infeasible   66      6806.00000 5608.98294  17.6%   212 22096s
 3734179 2253197 6776.07498   41  124 6806.00000 5609.05652  17.6%   212 22104s
 3735652 2253937 5780.94188   37  282 6806.00000 5609.09592  17.6%   212 22110s
 3736860 2254620 6661.00000   73  106 6806.00000 5609.12363  17.6%   212 22117s
 3738013 2255296 6211.22540   60  211 6806.00000 5609.17878  17.6%   212 22124s
 3739200 2255980 6066.91505   36  159 6806.00000 5609.22105  17.6%   212 22130s
 3740417 2256670 6674.94994   60  167 6806.00000 5609.26182  17.6%   212 22137s
 3741626 2257346 5811.75665   36  180 6806.00000 5609.30000  17.6%   212 22145s
 3742968 2257955 6270.91776   41   97 6806.00000 5609.33593  17.6%   212 22151s
 3744134 2258674 6397.44278   40  266 6806.00000 5609.38509  17.6%   212 22158s
 3745314 2259318 6567.95348   66  148 6806.00000 5609.42470  17.6%   212 22165s
 3746677 2259845 6733.00000   53   64 6806.00000 5609.46729  17.6%   212 22171s
 3747641 2260559 6369.45702   44  183 6806.00000 5609.49556  17.6%   212 22179s
 3748814 2261296 6506.56529   42  196 6806.00000 5609.52806  17.6%   212 22186s
 3750061 2262005 6789.13141   60  219 6806.00000 5609.56205  17.6%   212 22193s
 3751414 2262523 5835.44925   30  312 6806.00000 5609.60551  17.6%   212 22199s
 3752485 2263261 5667.68758   47  288 6806.00000 5609.64132  17.6%   212 22206s
 3753700 2263866 6513.37838   41  240 6806.00000 5609.65646  17.6%   212 22213s
 3754691 2264087 infeasible   42      6806.00000 5609.67893  17.6%   212 22222s
 3755086 2264785 6247.76705   41  236 6806.00000 5609.69268  17.6%   212 22230s
 3756355 2265528 6602.74502   35  187 6806.00000 5609.72470  17.6%   212 22238s
 3757586 2266285 infeasible   58      6806.00000 5609.75080  17.6%   212 22246s
 3758892 2267203 6357.12013   37  200 6806.00000 5609.80946  17.6%   212 22253s
 3760395 2267756 5694.99539   36  162 6806.00000 5609.85567  17.6%   212 22261s
 3761713 2268451 6671.35264   64  144 6806.00000 5609.88803  17.6%   212 22268s
 3763054 2269261 6487.20741   34  173 6806.00000 5609.94527  17.6%   212 22276s
 3764527 2270036 6749.21939   54  169 6806.00000 5609.99223  17.6%   212 22283s
 3765893 2270799 5855.47709   35  209 6806.00000 5610.02430  17.6%   212 22290s
 3767047 2271485 6782.29154   61  204 6806.00000 5610.05914  17.6%   212 22297s
 3768321 2272170     cutoff   37      6806.00000 5610.08124  17.6%   212 22304s
 3769437 2272852 6645.00000   56   99 6806.00000 5610.11333  17.6%   212 22311s
 3770852 2273532 6365.74194   56  144 6806.00000 5610.16436  17.6%   212 22318s
 3771951 2274118 6197.39117   33  162 6806.00000 5610.17447  17.6%   212 22326s
 3773063 2274708     cutoff   59      6806.00000 5610.20974  17.6%   212 22333s
 3774157 2275441 6232.53820   37  144 6806.00000 5610.23165  17.6%   212 22340s
 3775403 2276301 6611.60548   55  146 6806.00000 5610.27760  17.6%   212 22348s
 3776762 2277064 6389.81864   47  242 6806.00000 5610.32680  17.6%   212 22355s
 3778020 2277819 6202.07018   36  131 6806.00000 5610.36459  17.6%   212 22362s
 3779363 2278572     cutoff   54      6806.00000 5610.39605  17.6%   212 22369s
 3780601 2279275 6173.85339   40  194 6806.00000 5610.42227  17.6%   212 22376s
 3781707 2279934 5638.61111   30  347 6806.00000 5610.44234  17.6%   212 22383s
 3782958 2280817 6287.85634   53  222 6806.00000 5610.48802  17.6%   212 22390s
 3784352 2281601 6598.00000   69  101 6806.00000 5610.49618  17.6%   212 22397s
 3785632 2282457 6151.62328   38  197 6806.00000 5610.56120  17.6%   212 22404s
 3786994 2283012 6295.33258   48  125 6806.00000 5610.57477  17.6%   212 22411s
 3788065 2283738 6516.71265   60  215 6806.00000 5610.60184  17.6%   212 22418s
 3789346 2284451 6370.65864   59  192 6806.00000 5610.67826  17.6%   212 22425s
 3790530 2285021 6681.06044   65   87 6806.00000 5610.70737  17.6%   212 22432s
 3791562 2285655 6491.07057   57  259 6806.00000 5610.73388  17.6%   212 22439s
 3792751 2286414 6155.81576   44  209 6806.00000 5610.76636  17.6%   212 22446s
 3794054 2287137 6561.55825   46  207 6806.00000 5610.82022  17.6%   212 22453s
 3795355 2287695 6308.10044   74  155 6806.00000 5610.87252  17.6%   212 22460s
 3796685 2288340 6580.90213   47  171 6806.00000 5610.90664  17.6%   212 22467s
 3797838 2288954 6127.42502   38  206 6806.00000 5610.97695  17.6%   212 22474s
 3798960 2289746 6195.00000   32  181 6806.00000 5611.01716  17.6%   212 22481s
 3800194 2290490 6628.61214   47  132 6806.00000 5611.05177  17.6%   212 22488s
 3801407 2291357 infeasible   42      6806.00000 5611.08232  17.6%   212 22495s
 3802766 2291662 6710.41398   48  156 6806.00000 5611.11699  17.6%   212 22503s
 3803318 2292197 6199.48653   42  232 6806.00000 5611.13126  17.6%   212 22510s
 3804213 2293061 6541.18224   38  157 6806.00000 5611.14346  17.6%   212 22520s
 3805664 2293983 6480.46269   67  230 6806.00000 5611.16250  17.6%   212 22528s
 3807053 2294726 6287.27136   51  228 6806.00000 5611.20730  17.6%   212 22537s
 3808475 2295353 6386.58816   41  207 6806.00000 5611.27468  17.6%   212 22545s
 3809626 2296218     cutoff   50      6806.00000 5611.31414  17.6%   212 22553s
 3811098 2297040 infeasible   39      6806.00000 5611.37762  17.6%   212 22560s
 3812415 2297901 5859.26480   38  211 6806.00000 5611.39997  17.6%   212 22568s
 3813777 2298742 6406.59351   76  150 6806.00000 5611.42704  17.6%   212 22576s
 3815210 2299572 6226.49863   34  159 6806.00000 5611.47148  17.6%   212 22584s
 3816606 2300203 6173.74869   42  162 6806.00000 5611.49745  17.6%   212 22591s
 3817767 2300902 6139.45167   44  220 6806.00000 5611.53330  17.6%   212 22598s
 3819026 2301677 5826.88574   40  220 6806.00000 5611.57596  17.5%   212 22606s
 3820365 2302360 5755.98473   29  121 6806.00000 5611.62615  17.5%   212 22613s
 3821608 2303121 6502.46906   35  158 6806.00000 5611.66163  17.5%   212 22620s
 3822791 2303813 6255.66567   39  217 6806.00000 5611.68820  17.5%   212 22628s
 3824161 2304647 5921.42371   34  160 6806.00000 5611.74000  17.5%   212 22634s
 3825469 2305383     cutoff   60      6806.00000 5611.78804  17.5%   212 22641s
 3826588 2306024 6476.70167   45  171 6806.00000 5611.83356  17.5%   212 22648s
 3827725 2306776 6673.82753   53  188 6806.00000 5611.88309  17.5%   212 22655s
 3828985 2307598 6245.05557   46  102 6806.00000 5611.92500  17.5%   212 22662s
 3830369 2308306 6200.70455   42  226 6806.00000 5611.96111  17.5%   212 22669s
 3831620 2308883 infeasible   45      6806.00000 5612.00000  17.5%   212 22676s
 3832764 2309551 6138.50000   39  110 6806.00000 5612.04602  17.5%   212 22683s
 3833922 2310206 5945.70323   41  173 6806.00000 5612.06721  17.5%   212 22690s
 3835094 2310899 6128.80793   48  219 6806.00000 5612.10108  17.5%   212 22697s
 3836253 2311669 5748.47653   47  238 6806.00000 5612.14416  17.5%   212 22704s
 3837646 2312370 6420.07798   54  144 6806.00000 5612.18398  17.5%   212 22711s
 3838820 2313128 5705.85105   34  213 6806.00000 5612.21100  17.5%   212 22718s
 3840181 2313844 6470.69641   57  151 6806.00000 5612.28019  17.5%   212 22726s
 3841429 2314462 6246.14874   37  112 6806.00000 5612.31923  17.5%   212 22733s
 3842511 2315305 6397.21429   63   82 6806.00000 5612.34605  17.5%   212 22740s
 3843894 2316032 6385.80205   55  199 6806.00000 5612.38635  17.5%   212 22748s
 3845122 2316767 6664.40080   41  231 6806.00000 5612.42458  17.5%   212 22755s
 3846380 2317319 6192.35413   43  210 6806.00000 5612.45000  17.5%   212 22762s
 3847361 2318053 6370.15847   54  128 6806.00000 5612.49084  17.5%   212 22770s
 3848561 2318823 6497.58958   69  121 6806.00000 5612.53042  17.5%   212 22777s
 3849931 2319595 5742.73927   26  294 6806.00000 5612.56667  17.5%   212 22784s
 3851340 2320191 6655.34905   57  148 6806.00000 5612.59069  17.5%   212 22792s
 3852424 2320901 5650.47360   38  254 6806.00000 5612.64176  17.5%   212 22799s
 3853712 2321651 6726.15305   48  214 6806.00000 5612.66813  17.5%   212 22806s
 3855016 2322259 5700.82492   36  151 6806.00000 5612.71473  17.5%   212 22814s
 3856118 2322988 6469.00000   39  144 6806.00000 5612.74687  17.5%   212 22821s
 3857395 2323696 6222.87462   35  248 6806.00000 5612.79143  17.5%   212 22828s
 3858553 2324551 6256.16006   39  147 6806.00000 5612.83817  17.5%   212 22836s
 3859937 2325102 6412.57665   47  179 6806.00000 5612.87942  17.5%   212 22842s
 3860995 2325761 5948.82051   47  216 6806.00000 5612.91528  17.5%   212 22848s
 3862117 2326519 6465.27264   73  207 6806.00000 5612.95366  17.5%   212 22855s
 3863368 2327314 5922.51815   50  201 6806.00000 5612.98263  17.5%   212 22862s
 3864801 2327866 6249.03717   38  180 6806.00000 5613.00000  17.5%   212 22869s
 3865907 2328554 6269.07734   40  214 6806.00000 5613.03277  17.5%   212 22876s
 3866966 2329312 5770.17658   48  285 6806.00000 5613.06585  17.5%   212 22883s
 3868242 2330056 5995.80000   46  118 6806.00000 5613.10000  17.5%   212 22890s
 3869440 2330767 5828.41625   45  221 6806.00000 5613.11783  17.5%   212 22897s
 3870659 2331411 6368.12500   38  130 6806.00000 5613.16721  17.5%   212 22904s
 3871757 2332191 5722.57330   37  307 6806.00000 5613.20287  17.5%   212 22910s
 3873035 2332704 infeasible   54      6806.00000 5613.21429  17.5%   212 22917s
 3874009 2333605 6604.99325   43  118 6806.00000 5613.25673  17.5%   212 22924s
 3875381 2334345 6648.00000   52  120 6806.00000 5613.28550  17.5%   212 22931s
 3876779 2335148 5687.05797   31  183 6806.00000 5613.29859  17.5%   212 22938s
 3878029 2335798 6493.22408   39  148 6806.00000 5613.34975  17.5%   212 22945s
 3879242 2336533 5735.90668   41  239 6806.00000 5613.38064  17.5%   212 22952s
 3880433 2337206 5825.50000   39  164 6806.00000 5613.41049  17.5%   212 22960s
 3881519 2338045 5935.02579   47  278 6806.00000 5613.43976  17.5%   212 22968s
 3882876 2338834 infeasible   39      6806.00000 5613.47764  17.5%   212 22975s
 3884141 2339698 6382.32046   42  143 6806.00000 5613.50185  17.5%   212 22982s
 3885554 2340418 6517.01689   51  117 6806.00000 5613.52674  17.5%   212 22989s
 3886733 2341099 infeasible   48      6806.00000 5613.58203  17.5%   212 22996s
 3887904 2341782 5892.88943   39  133 6806.00000 5613.63203  17.5%   212 23003s
 3889004 2342445 6649.50000   38  131 6806.00000 5613.66464  17.5%   212 23010s
 3890238 2343067 6736.90761   48  148 6806.00000 5613.71157  17.5%   212 23018s
 3891358 2343749 6555.70487   42  146 6806.00000 5613.75535  17.5%   212 23025s
 3892661 2344374 6529.73722   37  188 6806.00000 5613.78422  17.5%   212 23032s
 3893806 2345101 6779.50063   55  145 6806.00000 5613.81236  17.5%   212 23039s
 3895029 2345865 6181.33282   43  224 6806.00000 5613.85969  17.5%   212 23047s
 3896303 2346599 6683.39411   73  156 6806.00000 5613.88886  17.5%   212 23053s
 3897516 2347366 6333.18074   42  235 6806.00000 5613.92593  17.5%   212 23060s
 3898835 2348104 6248.54762   42  178 6806.00000 5613.97474  17.5%   212 23066s
 3900030 2348719 6107.16499   38  202 6806.00000 5613.99888  17.5%   212 23074s
 3901300 2349366 6506.50000   42  154 6806.00000 5614.02944  17.5%   212 23081s
 3902446 2350174 6156.91631   36  192 6806.00000 5614.06561  17.5%   212 23088s
 3903667 2350947 5831.23388   36  206 6806.00000 5614.09804  17.5%   212 23095s
 3904959 2351593 6794.00000   48   82 6806.00000 5614.14617  17.5%   212 23102s
 3906095 2352297 6246.61433   41  163 6806.00000 5614.16565  17.5%   212 23109s
 3907328 2352945 6205.13970   38  176 6806.00000 5614.20732  17.5%   212 23116s
 3908549 2353733 5795.99257   37  305 6806.00000 5614.22897  17.5%   212 23123s
 3909765 2354219 6044.17215   26  267 6806.00000 5614.25588  17.5%   212 23130s
 3910684 2355030 6292.49694   56  189 6806.00000 5614.29075  17.5%   212 23137s
 3911992 2355717 6264.84193   51  144 6806.00000 5614.33333  17.5%   212 23144s
 3913169 2356468 6123.76187   35  244 6806.00000 5614.34938  17.5%   212 23151s
 3914322 2357243 6505.42955   58  174 6806.00000 5614.38112  17.5%   212 23159s
 3915573 2358091 6543.39074   67  150 6806.00000 5614.41418  17.5%   212 23166s
 3917082 2358873 6363.07692   48  134 6806.00000 5614.45948  17.5%   212 23173s
 3918409 2359455 6324.07950   42  277 6806.00000 5614.50000  17.5%   212 23181s
 3919385 2360060 5955.44666   27  228 6806.00000 5614.52707  17.5%   212 23188s
 3920567 2360467     cutoff   56      6806.00000 5614.57209  17.5%   212 23195s
 3921835 2361180 5719.41779   32  224 6806.00000 5614.60178  17.5%   212 23202s
 3922993 2362029 5757.27058   38  227 6806.00000 5614.64875  17.5%   212 23209s
 3924352 2362652 6150.07630   43  154 6806.00000 5614.66150  17.5%   212 23217s
 3925513 2363296 infeasible   50      6806.00000 5614.71554  17.5%   212 23224s
 3926673 2364019 6589.17888   49  201 6806.00000 5614.74850  17.5%   212 23232s
 3927906 2364722 6344.16975   42  137 6806.00000 5614.76875  17.5%   212 23239s
 3929185 2365469 6534.68642   58  152 6806.00000 5614.80156  17.5%   212 23246s
 3930451 2366038 6355.43403   55  150 6806.00000 5614.84432  17.5%   212 23255s
 3931357 2366474 6398.69938   57  120 6806.00000 5614.85938  17.5%   212 23263s
 3932135 2367638 6492.87020   52  219 6806.00000 5614.87337  17.5%   212 23274s
 3934044 2368567 6525.53247   49  191 6806.00000 5614.92993  17.5%   212 23283s
 3935640 2369464 6636.64349   63  206 6806.00000 5614.96218  17.5%   212 23291s
 3937009 2370157 6403.60979   52  254 6806.00000 5614.97867  17.5%   212 23298s
 3938272 2370727 6253.54777   44  149 6806.00000 5615.03103  17.5%   212 23305s
 3939497 2371368 6349.81049   43  222 6806.00000 5615.06962  17.5%   212 23313s
 3940576 2372097 6384.28121   61  133 6806.00000 5615.08916  17.5%   212 23320s
 3941923 2372872 6542.41852   43  209 6806.00000 5615.14648  17.5%   212 23327s
 3943425 2373589 6258.82626   53  260 6806.00000 5615.18828  17.5%   212 23335s
 3944700 2374488 6147.10196   49  164 6806.00000 5615.20649  17.5%   212 23342s
 3946074 2375059 6782.57037   78  166 6806.00000 5615.24687  17.5%   212 23349s
 3947050 2375742 6389.25602   43  266 6806.00000 5615.26580  17.5%   212 23357s
 3948233 2376322     cutoff   56      6806.00000 5615.27878  17.5%   212 23364s
 3949386 2377131 6461.36199   38  183 6806.00000 5615.32821  17.5%   212 23372s
 3950751 2377915 6361.94382   53  196 6806.00000 5615.37321  17.5%   212 23379s
 3951995 2378484 5741.38572   46  350 6806.00000 5615.40862  17.5%   212 23386s
 3953093 2378952 5643.77207   40  204 6806.00000 5615.45161  17.5%   212 23393s
 3953950 2379608 6394.84865   39  142 6806.00000 5615.46368  17.5%   212 23400s
 3955136 2380283 6375.52614   46  203 6806.00000 5615.50000  17.5%   212 23407s
 3956579 2381028 6642.00000   51  118 6806.00000 5615.53539  17.5%   212 23414s
 3957774 2381759 6277.65822   40  143 6806.00000 5615.56380  17.5%   212 23421s
 3958986 2382468 6075.15617   40  193 6806.00000 5615.59030  17.5%   212 23428s
 3960220 2383191 5709.22081   37  205 6806.00000 5615.65233  17.5%   212 23435s
 3961475 2383842 6637.96492   43  230 6806.00000 5615.68102  17.5%   212 23442s
 3962800 2384473 6537.48480   46  167 6806.00000 5615.71457  17.5%   212 23449s
 3963988 2385021 infeasible   43      6806.00000 5615.76944  17.5%   212 23456s
 3965069 2385576 6064.64771   38  266 6806.00000 5615.79936  17.5%   212 23463s
 3966183 2386177     cutoff   39      6806.00000 5615.82199  17.5%   212 23470s
 3967395 2386965 5672.79310   44  133 6806.00000 5615.86425  17.5%   212 23477s
 3968795 2387480 6677.27022   48  167 6806.00000 5615.90728  17.5%   212 23483s
 3969871 2388086 6315.86912   38  247 6806.00000 5615.94926  17.5%   212 23490s
 3970856 2388851     cutoff   47      6806.00000 5615.97372  17.5%   212 23498s
 3972175 2389627 5639.12910   37  276 6806.00000 5615.99797  17.5%   212 23505s
 3973440 2390345 6433.81958   44  225 6806.00000 5616.01908  17.5%   212 23512s
 3974745 2391001 6262.31483   43  154 6806.00000 5616.07226  17.5%   212 23519s
 3975766 2391801 6685.15637   48  135 6806.00000 5616.10000  17.5%   212 23526s
 3977055 2392423     cutoff   48      6806.00000 5616.10000  17.5%   212 23533s
 3978159 2393012 5871.93602   53  154 6806.00000 5616.15141  17.5%   212 23540s
 3979322 2393695 6672.75395   79  172 6806.00000 5616.18318  17.5%   212 23547s
 3980440 2394365 6368.96896   45  169 6806.00000 5616.20569  17.5%   212 23554s
 3981644 2395078 6140.46368   50  249 6806.00000 5616.25573  17.5%   212 23562s
 3982856 2395669 6125.31027   42  173 6806.00000 5616.29529  17.5%   212 23570s
 3984070 2396421 6249.51660   35  210 6806.00000 5616.33194  17.5%   212 23577s
 3985256 2397166 6576.83872   55  187 6806.00000 5616.34484  17.5%   212 23584s
 3986501 2397378 infeasible   44      6806.00000 5616.37146  17.5%   212 23592s
 3986930 2398100 5837.68956   35  260 6806.00000 5616.37146  17.5%   212 23601s
 3988181 2399125 6446.67186   41  169 6806.00000 5616.40150  17.5%   212 23610s
 3989916 2399876 6254.91478   43  231 6806.00000 5616.46931  17.5%   212 23619s
 3991204 2400750 5783.54181   47  207 6806.00000 5616.50153  17.5%   212 23627s
 3992622 2401517 5861.40000   45  191 6806.00000 5616.54696  17.5%   212 23634s
 3993922 2402028 6505.57501   41  150 6806.00000 5616.56814  17.5%   212 23641s
 3994888 2402784 6212.06291   50  174 6806.00000 5616.61000  17.5%   212 23650s
 3996121 2403692     cutoff   54      6806.00000 5616.65318  17.5%   212 23657s
 3997588 2404375 6337.39119   48  201 6806.00000 5616.69310  17.5%   212 23665s
 3998856 2405076 6617.91508   44  195 6806.00000 5616.73333  17.5%   212 23672s
 4000243 2405836 6751.30769   50  112 6806.00000 5616.77508  17.5%   212 23680s
 4001604 2406592 6485.78947   52  135 6806.00000 5616.80000  17.5%   212 23687s
 4002891 2407253 6050.36861   35  189 6806.00000 5616.84139  17.5%   212 23694s
 4004018 2408126 5755.99322   34  310 6806.00000 5616.86424  17.5%   212 23702s
 4005311 2408565 6247.10354   38  197 6806.00000 5616.89526  17.5%   212 23710s
 4006111 2409320 6227.90400   44  186 6806.00000 5616.90734  17.5%   212 23718s
 4007425 2410103 6570.41603   40  200 6806.00000 5616.97223  17.5%   212 23726s
 4008753 2410832 6620.96870   57  159 6806.00000 5616.99132  17.5%   212 23733s
 4010153 2411652 infeasible   53      6806.00000 5617.03930  17.5%   212 23741s
 4011507 2412522 6412.76227   47  184 6806.00000 5617.09426  17.5%   212 23748s
 4012922 2413193 6269.18125   42  351 6806.00000 5617.13598  17.5%   212 23756s
 4013929 2413962 5657.57097   35  215 6806.00000 5617.15213  17.5%   212 23763s
 4015143 2414575 infeasible   50      6806.00000 5617.16713  17.5%   212 23770s
 4016370 2415379 6131.13993   40  193 6806.00000 5617.20452  17.5%   212 23777s
 4017680 2416101 6586.72136  103   99 6806.00000 5617.24199  17.5%   212 23785s
 4018956 2416804 6600.33020   36  223 6806.00000 5617.27511  17.5%   212 23792s
 4020150 2417506 6083.98817   43  247 6806.00000 5617.30431  17.5%   212 23800s
 4021432 2418083 6235.95003   49  199 6806.00000 5617.34719  17.5%   212 23807s
 4022630 2418901 6487.92132   43  185 6806.00000 5617.40391  17.5%   212 23814s
 4023924 2419582 6512.69842   58  159 6806.00000 5617.44364  17.5%   212 23821s
 4025121 2420412 6313.21886   50  246 6806.00000 5617.47292  17.5%   212 23828s
 4026424 2421122 infeasible   45      6806.00000 5617.52696  17.5%   212 23835s
 4027578 2421744 6105.70803   39  233 6806.00000 5617.55001  17.5%   212 23842s
 4028695 2422551 6570.29741   45  148 6806.00000 5617.59271  17.5%   212 23849s
 4030015 2423204     cutoff   54      6806.00000 5617.62785  17.5%   212 23856s
 4031131 2423995 infeasible   53      6806.00000 5617.66904  17.5%   212 23862s
 4032360 2424772 6734.00000   52  178 6806.00000 5617.70653  17.5%   212 23869s
 4033624 2425490 6001.45000   28  158 6806.00000 5617.74877  17.5%   212 23876s
 4035000 2426166 6258.33443   35  214 6806.00000 5617.75753  17.5%   212 23883s
 4036161 2426883 6277.36386   44  193 6806.00000 5617.80000  17.5%   212 23889s
 4037333 2427670 6508.06486   41  166 6806.00000 5617.83923  17.5%   212 23896s
 4038635 2428448 6328.18195   47  270 6806.00000 5617.86161  17.5%   212 23903s
 4039915 2429178 5667.07253   27  288 6806.00000 5617.90085  17.5%   212 23910s
 4041198 2429822 6202.42170   30  155 6806.00000 5617.92950  17.5%   212 23917s
 4042332 2430536 6466.78739   47  173 6806.00000 5617.96875  17.5%   212 23925s
 4043658 2431176 6089.60870   27  197 6806.00000 5618.00000  17.5%   212 23933s
 4044962 2431949 6360.34234   64  100 6806.00000 5618.03843  17.5%   212 23940s
 4046186 2432844 6708.90412   56  140 6806.00000 5618.08104  17.5%   212 23947s
 4047671 2433035 6382.60622   41  164 6806.00000 5618.11861  17.5%   212 23956s
 4047997 2433430 6726.17217   43  203 6806.00000 5618.11861  17.5%   212 23963s
 4048813 2434107 infeasible   62      6806.00000 5618.12655  17.5%   212 23971s
 4049976 2434947     cutoff   66      6806.00000 5618.17660  17.5%   212 23979s
 4051329 2435708 6757.83428   39  201 6806.00000 5618.21801  17.5%   212 23986s
 4052626 2436391 6126.76587   33  217 6806.00000 5618.26922  17.5%   212 23993s
 4054083 2437060 6741.90879   52  170 6806.00000 5618.27240  17.5%   212 24001s
 4055412 2437813 6149.13099   35  230 6806.00000 5618.31168  17.5%   212 24008s
 4056697 2438554 6142.84844   51  121 6806.00000 5618.34613  17.5%   212 24016s
 4058028 2439310 5759.25539   35  257 6806.00000 5618.39138  17.4%   212 24023s
 4059337 2440008 6083.12480   47  217 6806.00000 5618.44714  17.4%   212 24030s
 4060601 2440746 infeasible   51      6806.00000 5618.48793  17.4%   212 24037s
 4061900 2441319 6221.36204   35  150 6806.00000 5618.53814  17.4%   212 24044s
 4062917 2441964 6387.86495   38  183 6806.00000 5618.56919  17.4%   212 24051s
 4064101 2442639 6419.53333   52  135 6806.00000 5618.59771  17.4%   212 24058s
 4065232 2443365 6454.12464   47  210 6806.00000 5618.64726  17.4%   212 24065s
 4066529 2444218 6655.97420   48  250 6806.00000 5618.68323  17.4%   212 24073s
 4067983 2445005 6574.93439   51  169 6806.00000 5618.70076  17.4%   212 24080s
 4069401 2445682 6257.79049   44  285 6806.00000 5618.76274  17.4%   212 24087s
 4070568 2446287 6338.97130   40  162 6806.00000 5618.80551  17.4%   212 24094s
 4071968 2447112 5849.42964   38  163 6806.00000 5618.83635  17.4%   212 24101s
 4073238 2447663 6684.86259   62  202 6806.00000 5618.87561  17.4%   212 24108s
 4074499 2448476 5972.00000   39   98 6806.00000 5618.90615  17.4%   212 24115s
 4075866 2449163 6315.23313   45  181 6806.00000 5618.95189  17.4%   212 24121s
 4077071 2449942 6313.87077   38  177 6806.00000 5618.99129  17.4%   212 24129s
 4078289 2450702 6644.52333   72  144 6806.00000 5619.00639  17.4%   212 24136s
 4079606 2451453 6770.21532   46  172 6806.00000 5619.04143  17.4%   212 24144s
 4080856 2452169 5811.36189   39  239 6806.00000 5619.07495  17.4%   212 24151s
 4082096 2452890 6398.83895   40  247 6806.00000 5619.10000  17.4%   212 24159s
 4083370 2453698 6259.96319   45  266 6806.00000 5619.12032  17.4%   212 24166s
 4084683 2454407 6375.91857   53  259 6806.00000 5619.16380  17.4%   212 24173s
 4085873 2455177 6355.68510   51  225 6806.00000 5619.20777  17.4%   211 24179s
 4087106 2456015 6325.34414   50  207 6806.00000 5619.25788  17.4%   211 24187s
 4088531 2456736 5899.13128   49  241 6806.00000 5619.28757  17.4%   211 24193s
 4089852 2457428 6704.31293   51  198 6806.00000 5619.32436  17.4%   211 24200s
 4091090 2458065 6228.50000   45  127 6806.00000 5619.37273  17.4%   211 24207s
 4092201 2458796 5667.29175   34  284 6806.00000 5619.40873  17.4%   211 24214s
 4093424 2459577 6520.22111   82  254 6806.00000 5619.43732  17.4%   211 24221s
 4094714 2460301 6162.64408   25  210 6806.00000 5619.47710  17.4%   211 24228s
 4095923 2460991 5967.50646   38  231 6806.00000 5619.50000  17.4%   211 24235s
 4097186 2461728 5694.39751   42  182 6806.00000 5619.54203  17.4%   211 24243s
 4098500 2462439 6311.25408   38  277 6806.00000 5619.56501  17.4%   211 24249s
 4099651 2463138 6237.30213   58  246 6806.00000 5619.61095  17.4%   211 24256s
 4100739 2463701 6147.39869   36  115 6806.00000 5619.62527  17.4%   211 24264s
 4101862 2464383 infeasible   39      6806.00000 5619.66223  17.4%   211 24271s
 4103102 2465199     cutoff   62      6806.00000 5619.71888  17.4%   211 24278s
 4104384 2465940 6478.22461   56  186 6806.00000 5619.74188  17.4%   211 24285s
 4105606 2466631 6570.57429   51  113 6806.00000 5619.77385  17.4%   211 24293s
 4106798 2467363 infeasible   38      6806.00000 5619.79773  17.4%   211 24300s
 4108105 2467986 6627.46133   56  122 6806.00000 5619.83887  17.4%   211 24307s
 4109243 2468615 6665.07756   43  156 6806.00000 5619.86027  17.4%   211 24314s
 4110426 2469360 infeasible   43      6806.00000 5619.89922  17.4%   211 24321s
 4111624 2470002 6260.17391   33  131 6806.00000 5619.93413  17.4%   211 24328s
 4112669 2470736 6697.05040   78  173 6806.00000 5619.95372  17.4%   211 24335s
 4113853 2471437 5734.00005   40  217 6806.00000 5619.98931  17.4%   211 24342s
 4115300 2472143 5673.31176   36  162 6806.00000 5620.00682  17.4%   211 24349s
 4116535 2472537     cutoff   43      6806.00000 5620.03941  17.4%   211 24355s
 4117432 2473189 5717.13246   38  193 6806.00000 5620.06441  17.4%   211 24362s
 4118580 2473852 5785.79494   34  146 6806.00000 5620.08972  17.4%   211 24369s
 4119659 2474537 6018.10526   35   64 6806.00000 5620.13026  17.4%   211 24375s
 4120823 2475361 6295.07533   44  227 6806.00000 5620.14948  17.4%   211 24382s
 4122105 2476087 5838.64905   34  273 6806.00000 5620.19696  17.4%   211 24389s
 4123314 2476760 6337.64706   48  161 6806.00000 5620.22384  17.4%   211 24396s
 4124466 2477289 6483.82917   54  152 6806.00000 5620.27596  17.4%   211 24404s
 4125470 2477890 6497.42393   40  221 6806.00000 5620.29352  17.4%   211 24411s
 4126705 2478640 6076.43295   48  167 6806.00000 5620.32506  17.4%   211 24418s
 4128040 2479417 6353.44024   56  149 6806.00000 5620.32560  17.4%   211 24425s
 4129337 2479994     cutoff   48      6806.00000 5620.38519  17.4%   211 24432s
 4130469 2480601 6558.10558   50  185 6806.00000 5620.41513  17.4%   211 24440s
 4131730 2481490 5993.82992   26  255 6806.00000 5620.45915  17.4%   211 24447s
 4133176 2482241 6308.97045   56  176 6806.00000 5620.50000  17.4%   211 24454s
 4134347 2482843 6355.54199   50  131 6806.00000 5620.51847  17.4%   211 24460s
 4135356 2483481 5704.31795   36  233 6806.00000 5620.54978  17.4%   211 24467s
 4136535 2484112 6353.46918   51  213 6806.00000 5620.57971  17.4%   211 24473s
 4137609 2484722 5806.55399   42  277 6806.00000 5620.62548  17.4%   211 24480s
 4138825 2485488 6457.00000   51  153 6806.00000 5620.63787  17.4%   211 24487s
 4140104 2486159 5942.92209   37  263 6806.00000 5620.70037  17.4%   211 24494s
 4141274 2486796 6677.03141   57  124 6806.00000 5620.72711  17.4%   211 24501s
 4142488 2487376 5885.27500   26  140 6806.00000 5620.75563  17.4%   211 24508s
 4143542 2488072 6707.79985   55  142 6806.00000 5620.79450  17.4%   211 24515s
 4144663 2488715 6015.34352   39  182 6806.00000 5620.80000  17.4%   211 24522s
 4145802 2489490 5649.17959   38  341 6806.00000 5620.82673  17.4%   211 24530s
 4147202 2490148 6635.45833   52   89 6806.00000 5620.87303  17.4%   211 24536s
 4148482 2490586 6767.42305   45  133 6806.00000 5620.89474  17.4%   211 24543s
 4149476 2491136 5635.47957   35  359 6806.00000 5620.91223  17.4%   211 24551s
 4150489 2491844 6546.39440   43  229 6806.00000 5620.95409  17.4%   211 24559s
 4151734 2492821 6404.00000   31  118 6806.00000 5620.97132  17.4%   211 24568s
 4153351 2493587 6246.38439   37  143 6806.00000 5620.99712  17.4%   211 24575s
 4154697 2494290 6695.97733   60  119 6806.00000 5621.03212  17.4%   211 24583s
 4155892 2495044     cutoff   37      6806.00000 5621.07263  17.4%   211 24591s
 4157170 2495881 5680.98138   50  199 6806.00000 5621.10980  17.4%   211 24599s
 4158616 2496758 6333.31759   36  182 6806.00000 5621.15169  17.4%   211 24606s
 4160005 2497403 6555.37622   63   91 6806.00000 5621.20000  17.4%   211 24613s
 4161253 2498012 6235.52274   41  170 6806.00000 5621.24367  17.4%   211 24621s
 4162303 2498780 6533.68865   43  159 6806.00000 5621.28109  17.4%   211 24628s
 4163584 2499497 6340.27771   51  221 6806.00000 5621.31194  17.4%   211 24635s
 4164858 2500191 6120.12819   34  139 6806.00000 5621.35264  17.4%   211 24642s
 4165967 2500933 6305.64872   39  224 6806.00000 5621.38647  17.4%   211 24650s
 4167226 2501765 6424.35822   50  142 6806.00000 5621.40207  17.4%   211 24657s
 4168515 2502467 5704.37460   35  123 6806.00000 5621.43291  17.4%   211 24664s
 4169604 2503185 6074.00000   29  171 6806.00000 5621.47170  17.4%   211 24671s
 4170870 2503854 infeasible   44      6806.00000 5621.50414  17.4%   211 24678s
 4172191 2504533 5904.50317   41  207 6806.00000 5621.53290  17.4%   211 24686s
 4173439 2505120 6622.03477   39  197 6806.00000 5621.57560  17.4%   211 24693s
 4174527 2505936 6251.76654   39  205 6806.00000 5621.61538  17.4%   211 24701s
 4175917 2506542 5894.59153   49  270 6806.00000 5621.65481  17.4%   211 24708s
 4177006 2507299 6371.01866   34  186 6806.00000 5621.70485  17.4%   211 24715s
 4178284 2508050 6377.92300   54  188 6806.00000 5621.73241  17.4%   211 24722s
 4179557 2508780 6496.71823   63  114 6806.00000 5621.77324  17.4%   211 24729s
 4180806 2509583 6501.20928   55  184 6806.00000 5621.80112  17.4%   211 24736s
 4182198 2510246 5907.14158   43  228 6806.00000 5621.83165  17.4%   211 24743s
 4183429 2510879 6258.02228   39  197 6806.00000 5621.86350  17.4%   211 24750s
 4184558 2511784 6054.14375   50  177 6806.00000 5621.88993  17.4%   211 24757s
 4186056 2512466 6137.57288   49  196 6806.00000 5621.91966  17.4%   211 24765s
 4187205 2513102 5743.45762   39  172 6806.00000 5621.94460  17.4%   211 24773s
 4188542 2513952 infeasible   47      6806.00000 5621.99193  17.4%   211 24780s
 4189850 2514789 6452.20375   41  210 6806.00000 5622.01944  17.4%   211 24788s
 4191185 2515366 6589.49711   57  102 6806.00000 5622.05563  17.4%   211 24795s
 4192266 2516103 6505.16937   52  170 6806.00000 5622.08241  17.4%   211 24802s
 4193552 2516830 5951.19152   41  174 6806.00000 5622.11869  17.4%   211 24809s
 4194845 2517558 6353.00000   46  175 6806.00000 5622.15813  17.4%   211 24816s
 4196053 2518303 5964.85529   39  168 6806.00000 5622.17624  17.4%   211 24823s
 4197464 2518881 6391.77343   37  191 6806.00000 5622.21460  17.4%   211 24830s
 4198661 2519454 6352.37139   40  148 6806.00000 5622.25000  17.4%   211 24838s
 4199545 2520011 5658.00000   45  223 6806.00000 5622.25328  17.4%   211 24846s
 4200480 2520613 5675.61379   46  245 6806.00000 5622.26667  17.4%   211 24854s
 4201572 2521283 5915.58413   36  174 6806.00000 5622.31257  17.4%   211 24861s
 4202818 2522032 6275.91339   36   77 6806.00000 5622.34443  17.4%   211 24869s
 4204202 2522822 6233.09968   37  184 6806.00000 5622.39663  17.4%   211 24876s
 4205436 2523523 6530.00408   43  233 6806.00000 5622.40990  17.4%   211 24883s
 4206710 2524154 6027.56522   38  235 6806.00000 5622.45472  17.4%   211 24890s
 4207911 2524945 6612.00000   50  137 6806.00000 5622.47730  17.4%   211 24897s
 4209092 2525613 6353.97516   44  184 6806.00000 5622.51328  17.4%   211 24904s
 4210287 2526377 6093.28984   32  190 6806.00000 5622.57228  17.4%   211 24911s
 4211438 2526969 6137.61515   36  166 6806.00000 5622.60000  17.4%   211 24918s
 4212602 2527751 6286.84091   35  143 6806.00000 5622.61566  17.4%   211 24925s
 4213980 2528631 6237.71090   40  198 6806.00000 5622.66949  17.4%   211 24933s
 4215359 2529283 5909.52176   47  138 6806.00000 5622.69914  17.4%   211 24940s
 4216467 2530138 6268.00385   41  200 6806.00000 5622.75545  17.4%   211 24947s
 4217788 2530778 6567.48581   61  224 6806.00000 5622.77983  17.4%   211 24954s
 4218962 2531433 6177.60681   45  170 6806.00000 5622.82997  17.4%   211 24961s
 4220155 2532178 6339.26023   50  129 6806.00000 5622.86021  17.4%   211 24968s
 4221494 2532901 6787.95401   48  227 6806.00000 5622.89056  17.4%   211 24975s
 4222869 2533688 6540.37198   48  212 6806.00000 5622.92634  17.4%   211 24982s
 4224186 2534382 6202.31824   41  213 6806.00000 5622.96118  17.4%   211 24989s
 4225356 2535074 6487.30190   46  234 6806.00000 5622.98252  17.4%   211 24996s
 4226526 2535889 6190.56174   35  236 6806.00000 5623.02236  17.4%   211 25003s
 4227737 2536621 6532.12872   49  162 6806.00000 5623.03635  17.4%   211 25010s
 4229015 2537246 6344.37599   37  139 6806.00000 5623.07391  17.4%   211 25017s
 4230183 2537830 6129.97074   42  179 6806.00000 5623.10034  17.4%   211 25024s
 4231258 2538592 6273.94115   55  226 6806.00000 5623.14209  17.4%   211 25032s
 4232422 2539288 infeasible   45      6806.00000 5623.15924  17.4%   211 25039s
 4233676 2540056 6409.57737   49  207 6806.00000 5623.18283  17.4%   211 25046s
 4235127 2540758 infeasible   52      6806.00000 5623.24914  17.4%   211 25054s
 4236347 2541401 5687.88691   43  300 6806.00000 5623.27720  17.4%   211 25061s
 4237544 2542013 6572.20688   48  167 6806.00000 5623.30000  17.4%   211 25068s
 4238905 2542631 5795.93778   45  224 6806.00000 5623.34635  17.4%   211 25075s
 4240083 2543484 6330.48213   40  308 6806.00000 5623.38789  17.4%   211 25082s
 4241454 2544137 6616.79302   66  137 6806.00000 5623.42101  17.4%   211 25090s
 4242663 2544974 5809.97659   37  139 6806.00000 5623.45000  17.4%   211 25097s
 4243972 2545694 6181.45652   38  206 6806.00000 5623.47322  17.4%   211 25104s
 4245197 2546289 6066.44841   45  243 6806.00000 5623.51352  17.4%   211 25111s
 4246259 2547082     cutoff   61      6806.00000 5623.53643  17.4%   211 25118s
 4247588 2547729 6632.60629   41  219 6806.00000 5623.57513  17.4%   211 25126s
 4248761 2548672 5878.24822   37  237 6806.00000 5623.60000  17.4%   211 25133s
 4250153 2549331 6700.65465   57  132 6806.00000 5623.62918  17.4%   211 25140s
 4251267 2550072 6287.52824   54  192 6806.00000 5623.65594  17.4%   211 25148s
 4252534 2550803 5763.68706   34  117 6806.00000 5623.70000  17.4%   211 25156s
 4253815 2551575 6331.46294   40  218 6806.00000 5623.73143  17.4%   211 25163s
 4255078 2552436 6339.53476   53  170 6806.00000 5623.77035  17.4%   211 25170s
 4256466 2553090 5673.51768   40  219 6806.00000 5623.80000  17.4%   211 25177s
 4257600 2553804 6238.45053   41  257 6806.00000 5623.81464  17.4%   211 25184s
 4258771 2554457 6452.92371   42  235 6806.00000 5623.84685  17.4%   211 25191s
 4260209 2555087     cutoff   44      6806.00000 5623.88488  17.4%   211 25199s
 4261372 2555953 6461.79704   53  170 6806.00000 5623.91633  17.4%   211 25206s
 4262715 2556658     cutoff   54      6806.00000 5623.94885  17.4%   211 25213s
 4263965 2557402 6328.40176   31  236 6806.00000 5623.98125  17.4%   211 25220s
 4265198 2558247 5981.46436   38  262 6806.00000 5623.99759  17.4%   211 25228s
 4266506 2558443 6552.43815   55  185 6806.00000 5624.02125  17.4%   211 25236s
 4266854 2559011 6234.14892   39  239 6806.00000 5624.03492  17.4%   211 25243s
 4267926 2559768 6659.21749   64  177 6806.00000 5624.03492  17.4%   211 25251s
 4269248 2560532 5725.90160   30  231 6806.00000 5624.07182  17.4%   211 25259s
 4270551 2561307 6285.47479   42  170 6806.00000 5624.13597  17.4%   211 25267s
 4271888 2562082 infeasible   42      6806.00000 5624.16477  17.4%   211 25274s
 4273167 2562900 5654.14242   31  287 6806.00000 5624.18233  17.4%   211 25281s
 4274570 2563693 6439.86009   54  189 6806.00000 5624.21454  17.4%   211 25288s
 4275936 2564340     cutoff   50      6806.00000 5624.25967  17.4%   211 25295s
 4277267 2564974 6293.56097   51  226 6806.00000 5624.30162  17.4%   211 25303s
 4278400 2565658 5793.23604   37  240 6806.00000 5624.31765  17.4%   211 25310s
 4279727 2566245 6517.88673   66  135 6806.00000 5624.35326  17.4%   211 25316s
 4280838 2566917 6180.33173   37  259 6806.00000 5624.38727  17.4%   211 25323s
 4282086 2567586 5684.88514   34  277 6806.00000 5624.43490  17.4%   211 25330s
 4283190 2568436 6130.07482   39  153 6806.00000 5624.44950  17.4%   211 25337s
 4284491 2569033     cutoff   81      6806.00000 5624.47819  17.4%   211 25345s
 4285475 2569720 6661.10238   47  258 6806.00000 5624.50320  17.4%   211 25352s
 4286753 2570480 infeasible   48      6806.00000 5624.53451  17.4%   211 25359s
 4288023 2571131 6128.02609   39  236 6806.00000 5624.57318  17.4%   211 25367s
 4289146 2571848 6620.06403   39  107 6806.00000 5624.58441  17.4%   211 25374s
 4290506 2572374 6695.16257   51  170 6806.00000 5624.63417  17.4%   211 25381s
 4291608 2573027 5683.23487   37  302 6806.00000 5624.66190  17.4%   211 25388s
 4292971 2573776 6696.53953   43  165 6806.00000 5624.70601  17.4%   211 25395s
 4294276 2574443 6561.74193   55  169 6806.00000 5624.73547  17.4%   211 25402s
 4295468 2575045     cutoff   48      6806.00000 5624.77196  17.4%   211 25410s
 4296677 2575826 6269.53848   40  280 6806.00000 5624.80870  17.4%   211 25417s
 4297952 2576576 6173.94417   39  272 6806.00000 5624.84531  17.4%   211 25423s
 4299162 2577378 6029.37158   30  268 6806.00000 5624.88119  17.4%   211 25431s
 4300484 2577975 6250.70132   40  174 6806.00000 5624.91077  17.4%   211 25438s
 4301600 2578775 6386.20068   52  198 6806.00000 5624.94448  17.4%   211 25445s
 4302924 2579592 6145.00000   40  107 6806.00000 5624.96878  17.4%   211 25452s
 4304270 2580330 6560.92783   57  197 6806.00000 5625.00000  17.4%   211 25459s
 4305480 2581126 6697.61492   44  256 6806.00000 5625.02432  17.4%   211 25467s
 4306751 2581794 5697.45896   42  269 6806.00000 5625.07414  17.4%   211 25473s
 4307932 2582488 6670.67781   46  156 6806.00000 5625.09668  17.4%   211 25480s
 4309136 2583191 6234.50000   40   99 6806.00000 5625.11821  17.4%   211 25487s
 4310586 2583914 6522.32849   54  159 6806.00000 5625.15000  17.4%   211 25494s
 4311846 2584417 6373.03477   38  190 6806.00000 5625.16934  17.3%   211 25501s
 4312910 2585060 6227.02452   42  166 6806.00000 5625.22819  17.3%   211 25508s
 4314160 2585727 6331.81555   48  136 6806.00000 5625.25178  17.3%   211 25514s
 4315374 2586408 6152.00964   45  288 6806.00000 5625.30767  17.3%   211 25521s
 4316595 2587123 6618.55501   38  247 6806.00000 5625.34145  17.3%   211 25529s
 4317771 2587777 6390.19608   46  225 6806.00000 5625.37493  17.3%   211 25536s
 4318977 2588534 6774.48215   49  219 6806.00000 5625.41176  17.3%   211 25543s
 4320267 2589309 6463.33766   55  134 6806.00000 5625.41791  17.3%   211 25551s
 4321605 2590035 6071.72566   38  151 6806.00000 5625.47727  17.3%   211 25558s
 4322878 2590773 6528.93789   48  124 6806.00000 5625.51574  17.3%   211 25565s
 4324103 2591513     cutoff   55      6806.00000 5625.55072  17.3%   211 25572s
 4325384 2592273 6470.23332   46  191 6806.00000 5625.56949  17.3%   211 25579s
 4326716 2592909 6474.62316   49  216 6806.00000 5625.60000  17.3%   211 25587s
 4327798 2593667 5883.32126   38  201 6806.00000 5625.61922  17.3%   211 25594s
 4328989 2594327 6546.64844   48  202 6806.00000 5625.64853  17.3%   211 25601s
 4330209 2594873 6448.08776   50  209 6806.00000 5625.70118  17.3%   211 25608s
 4331373 2595622 6537.00000   43  118 6806.00000 5625.73487  17.3%   211 25616s
 4332738 2596196 6243.09150   40  180 6806.00000 5625.76596  17.3%   211 25623s
 4333902 2596836 5762.69875   40  206 6806.00000 5625.79681  17.3%   211 25631s
 4335011 2597554 6712.57449  105  175 6806.00000 5625.82602  17.3%   211 25638s
 4336309 2598286 6607.86514   46  197 6806.00000 5625.85412  17.3%   211 25647s
 4337610 2599116 6780.45545   68  167 6806.00000 5625.90000  17.3%   211 25654s
 4338968 2599722     cutoff   41      6806.00000 5625.94088  17.3%   211 25662s
 4340092 2600676 5729.06580   35  302 6806.00000 5625.97037  17.3%   211 25669s
 4341524 2601426 6231.06224   38  208 6806.00000 5625.99603  17.3%   211 25677s
 4342833 2602087     cutoff   80      6806.00000 5626.03060  17.3%   211 25684s
 4343943 2603020 6228.97720   51  147 6806.00000 5626.06582  17.3%   211 25691s
 4345349 2603805 6368.66275   37  166 6806.00000 5626.07581  17.3%   211 25698s
 4346714 2604525 6178.14130   32  154 6806.00000 5626.10000  17.3%   211 25705s
 4347923 2605197 5806.66712   40  240 6806.00000 5626.13644  17.3%   211 25713s
 4349055 2605816 6493.33295   48  154 6806.00000 5626.16723  17.3%   211 25720s
 4350121 2606563 5954.52089   55  132 6806.00000 5626.19257  17.3%   211 25727s
 4351460 2607408     cutoff   80      6806.00000 5626.20824  17.3%   211 25734s
 4352864 2608181 5838.71255   47  256 6806.00000 5626.24814  17.3%   211 25742s
 4354190 2608803 5845.90798   41  295 6806.00000 5626.28495  17.3%   211 25749s
 4355316 2609749 6492.80544   42  207 6806.00000 5626.29815  17.3%   211 25756s
 4356769 2610295 infeasible   47      6806.00000 5626.34777  17.3%   211 25763s
 4357707 2611013 6518.25989   42  200 6806.00000 5626.37046  17.3%   211 25770s
 4358920 2611593 infeasible   45      6806.00000 5626.39132  17.3%   211 25777s
 4360293 2612366 6280.27891   49  217 6806.00000 5626.42938  17.3%   211 25783s
 4361449 2613208 6534.78350   52  208 6806.00000 5626.45680  17.3%   211 25790s
 4362741 2613830 6189.78231   38  226 6806.00000 5626.48375  17.3%   211 25798s
 4363771 2614280 6470.30803   63  117 6806.00000 5626.49984  17.3%   211 25805s
 4364556 2615049 6284.92508   46  214 6806.00000 5626.50411  17.3%   211 25812s
 4365662 2615754 infeasible   39      6806.00000 5626.53541  17.3%   211 25819s
 4366964 2616487 5818.92292   34  203 6806.00000 5626.56040  17.3%   211 25826s
 4368237 2617078 5845.90000   33  202 6806.00000 5626.60677  17.3%   211 25834s
 4369386 2617087 6566.00000   42  148 6806.00000 5626.63535  17.3%   211 25845s
 4369400 2617099 6566.00000   43  127 6806.00000 5626.63535  17.3%   211 25858s
 4369412 2617108 6567.50000   44  123 6806.00000 5626.63535  17.3%   211 25865s
 4369427 2617132 6685.00000   45  156 6806.00000 5626.63535  17.3%   211 25874s
 4369453 2617205 6701.62056   46  168 6806.00000 5626.63535  17.3%   211 25882s
 4369584 2617348 6705.99177   47  131 6806.00000 5626.63535  17.3%   211 25891s
 4369828 2617759 6715.74086   48  171 6806.00000 5626.63557  17.3%   211 25899s
 4370579 2618450 6606.09647   42  173 6806.00000 5626.66738  17.3%   211 25906s
 4371780 2619138 6241.84003   39  209 6806.00000 5626.70280  17.3%   211 25913s
 4372942 2619888 6176.53535   40  203 6806.00000 5626.73323  17.3%   211 25921s
 4374169 2620570 5786.45768   40  224 6806.00000 5626.75331  17.3%   211 25928s
 4375428 2621103 infeasible   48      6806.00000 5626.80000  17.3%   211 25935s
 4376578 2621868 infeasible   37      6806.00000 5626.81177  17.3%   211 25943s
 4378077 2622630 6373.18918   56  170 6806.00000 5626.87141  17.3%   211 25950s
 4379454 2623279 infeasible   55      6806.00000 5626.90383  17.3%   211 25958s
 4380722 2623796     cutoff   66      6806.00000 5626.93451  17.3%   211 25965s
 4381894 2624422 6323.95928   40  178 6806.00000 5626.96488  17.3%   211 25972s
 4383011 2625010     cutoff   48      6806.00000 5626.99034  17.3%   211 25979s
 4384310 2625605 6304.00000   39  111 6806.00000 5627.01094  17.3%   211 25986s
 4385527 2626338 6766.25093   47  155 6806.00000 5627.03670  17.3%   211 25994s
 4386827 2627001 6453.46584   39  123 6806.00000 5627.06825  17.3%   211 26001s
 4388065 2627822 5700.49655   36  227 6806.00000 5627.12316  17.3%   211 26008s
 4389389 2628614 6520.35339   59  132 6806.00000 5627.15825  17.3%   211 26015s
 4390889 2629176 6515.90000   49  151 6806.00000 5627.18694  17.3%   211 26021s
 4391886 2629851     cutoff   51      6806.00000 5627.22383  17.3%   211 26027s
 4393019 2630551 5756.62041   38  215 6806.00000 5627.26667  17.3%   211 26034s
 4394354 2631223 6568.59975   44  223 6806.00000 5627.30000  17.3%   211 26040s
 4395568 2631913 6690.96692   56  217 6806.00000 5627.31369  17.3%   211 26046s
 4396728 2632462 5886.54803   42  221 6806.00000 5627.34406  17.3%   211 26053s
 4397748 2632947 5832.90714   38  117 6806.00000 5627.37037  17.3%   211 26059s
 4398705 2633460 6626.15871   43  218 6806.00000 5627.39075  17.3%   211 26066s
 4399581 2634119 6486.36667   54  116 6806.00000 5627.41273  17.3%   211 26073s
 4400855 2634802 5729.93217   35  306 6806.00000 5627.45572  17.3%   211 26080s
 4401974 2635476 6411.56648   46  279 6806.00000 5627.47823  17.3%   211 26087s
 4403271 2635644 6727.95488   54  150 6806.00000 5627.47993  17.3%   211 26095s
 4403611 2636327 6156.79204   31  100 6806.00000 5627.47993  17.3%   211 26102s
 4404698 2637090 6149.78062   44  281 6806.00000 5627.49798  17.3%   211 26110s
 4405978 2637945 6672.08181   53  145 6806.00000 5627.53813  17.3%   211 26117s
 4407396 2638795 6267.47503   39  222 6806.00000 5627.57015  17.3%   211 26124s
 4408811 2639432 5705.02585   37  167 6806.00000 5627.59918  17.3%   211 26130s
 4409912 2640156 6113.00948   38  242 6806.00000 5627.63224  17.3%   211 26137s
 4411103 2640714 6227.96984   41  240 6806.00000 5627.65661  17.3%   211 26143s
 4412247 2641278 infeasible   51      6806.00000 5627.69791  17.3%   211 26150s
 4413322 2642057 6274.04144   45  149 6806.00000 5627.72543  17.3%   211 26157s
 4414567 2642752 5643.57145   30  207 6806.00000 5627.76332  17.3%   211 26164s
 4415659 2643325 6368.32086   49  168 6806.00000 5627.77693  17.3%   211 26171s
 4416794 2644144 6216.34886   35  268 6806.00000 5627.80697  17.3%   211 26178s
 4418118 2645013 5838.27001   32  301 6806.00000 5627.83042  17.3%   211 26185s
 4419511 2645794 6291.45732   37  187 6806.00000 5627.85563  17.3%   211 26192s
 4420724 2646481 6582.44900   76  170 6806.00000 5627.87482  17.3%   211 26200s
 4421948 2647172 6173.50601   49  179 6806.00000 5627.91514  17.3%   211 26207s
 4423120 2647968 6533.86740   39  193 6806.00000 5627.93904  17.3%   211 26214s
 4424511 2648709 5849.51776   51  182 6806.00000 5627.95124  17.3%   211 26221s
 4425785 2649325 5716.16912   32  172 6806.00000 5627.98315  17.3%   211 26228s
 4426883 2650193 5824.94113   38  191 6806.00000 5628.00226  17.3%   211 26236s
 4428427 2650914 6080.14333   41  166 6806.00000 5628.03647  17.3%   211 26243s
 4429648 2651624 5851.48714   36  214 6806.00000 5628.07803  17.3%   211 26250s
 4430817 2652334 6509.68423   44  166 6806.00000 5628.10741  17.3%   211 26258s
 4432054 2653009 6421.30333   47  240 6806.00000 5628.13814  17.3%   211 26265s
 4433272 2653643 6630.92857   57  137 6806.00000 5628.13825  17.3%   211 26272s
 4434507 2654379     cutoff   55      6806.00000 5628.20484  17.3%   211 26279s
 4435786 2655018 6422.56611   37  246 6806.00000 5628.23333  17.3%   211 26286s
 4436980 2655775 infeasible   50      6806.00000 5628.26113  17.3%   211 26293s
 4438263 2656555 6662.86185   50  146 6806.00000 5628.30586  17.3%   211 26300s
 4439538 2657278 6512.33168   51  198 6806.00000 5628.33336  17.3%   211 26307s
 4440709 2658114 6260.23310   33  292 6806.00000 5628.38413  17.3%   211 26314s
 4442098 2658799 5822.91344   41  236 6806.00000 5628.41352  17.3%   211 26321s
 4443223 2659480 infeasible   46      6806.00000 5628.45246  17.3%   211 26328s
 4444367 2660255 6274.76942   37  207 6806.00000 5628.47984  17.3%   211 26335s
 4445631 2661025 6534.35604   55  211 6806.00000 5628.50401  17.3%   211 26342s
 4447015 2661498 6377.57900   55  161 6806.00000 5628.53587  17.3%   211 26348s
 4448019 2662290 6567.55147   43  185 6806.00000 5628.56814  17.3%   211 26356s
 4449437 2662840 5699.20229   32  274 6806.00000 5628.59933  17.3%   211 26362s
 4450434 2663448 5820.61482   37  200 6806.00000 5628.61270  17.3%   211 26370s
 4451781 2664224 5639.46466   33  292 6806.00000 5628.65627  17.3%   211 26376s
 4453025 2664920 5965.51698   55  195 6806.00000 5628.68175  17.3%   211 26384s
 4454227 2665474 6532.10122   49  163 6806.00000 5628.70831  17.3%   211 26392s
 4455367 2666169 6491.94095   62  148 6806.00000 5628.73666  17.3%   211 26399s
 4456575 2666723 6764.59002   51  172 6806.00000 5628.75231  17.3%   211 26406s
 4457579 2667477 5881.05324   49  160 6806.00000 5628.78911  17.3%   211 26413s
 4458709 2668184 6218.42231   32  205 6806.00000 5628.81353  17.3%   211 26420s
 4459943 2668892 5810.25996   46  193 6806.00000 5628.85647  17.3%   211 26427s
 4461233 2669601 6488.27375   44  229 6806.00000 5628.89069  17.3%   211 26434s
 4462454 2670160 6377.86522   45  133 6806.00000 5628.93483  17.3%   211 26442s
 4463458 2671106 infeasible   58      6806.00000 5628.95380  17.3%   211 26450s
 4464912 2671969 6249.58939   34  266 6806.00000 5628.97761  17.3%   211 26458s
 4466367 2672760 6577.12889   55  170 6806.00000 5629.01245  17.3%   211 26466s
 4467700 2673492 5836.10104   41  228 6806.00000 5629.05091  17.3%   211 26473s
 4468882 2674152 infeasible   39      6806.00000 5629.06649  17.3%   211 26480s
 4470107 2674851 6180.49175   45  154 6806.00000 5629.10000  17.3%   211 26488s
 4471357 2675712 5722.72565   42  136 6806.00000 5629.13612  17.3%   211 26495s
 4472712 2676445 6575.00000   53  101 6806.00000 5629.15118  17.3%   211 26503s
 4473968 2677190 6288.26815   48  186 6806.00000 5629.19355  17.3%   211 26510s
 4475273 2677939 6165.65549   34  136 6806.00000 5629.22500  17.3%   211 26517s
 4476576 2678552 5763.30952   31  314 6806.00000 5629.26762  17.3%   211 26524s
 4477734 2679176 6437.71269   55  188 6806.00000 5629.30000  17.3%   211 26532s
 4478899 2679837 6455.63612   47  170 6806.00000 5629.32522  17.3%   211 26539s
 4480124 2680661 5823.88344   44  283 6806.00000 5629.35338  17.3%   211 26547s
 4481528 2681352 6130.90431   42  135 6806.00000 5629.38932  17.3%   211 26553s
 4482701 2682059 6768.08871   48  135 6806.00000 5629.41162  17.3%   211 26560s
 4483770 2682755 5838.56173   45  279 6806.00000 5629.44345  17.3%   211 26567s
 4485144 2683413 infeasible   55      6806.00000 5629.45479  17.3%   211 26574s
 4486282 2684050 6621.00000   65   91 6806.00000 5629.48695  17.3%   211 26580s
 4487425 2684627 6495.09604   37  196 6806.00000 5629.51593  17.3%   211 26587s
 4488629 2685366 6364.47178   47  160 6806.00000 5629.55253  17.3%   211 26594s
 4489996 2686095 5805.03232   39  236 6806.00000 5629.58904  17.3%   211 26601s
 4491140 2686685 6024.07739   52  162 6806.00000 5629.62353  17.3%   211 26608s
 4492075 2687407 6486.07717   51  121 6806.00000 5629.64968  17.3%   211 26614s
 4493420 2687933 6178.29016   39  220 6806.00000 5629.69012  17.3%   211 26622s
 4494550 2688425     cutoff   67      6806.00000 5629.71667  17.3%   211 26628s
 4495569 2689088 6386.41979   46  188 6806.00000 5629.73309  17.3%   211 26635s
 4496773 2689869     cutoff   52      6806.00000 5629.77610  17.3%   211 26642s
 4498064 2690346 6190.84948   41  157 6806.00000 5629.80841  17.3%   211 26650s
 4499053 2691255 6236.45003   28  197 6806.00000 5629.82767  17.3%   211 26659s
 4500566 2692082 5792.60000   41  187 6806.00000 5629.86551  17.3%   211 26666s
 4501943 2692796 6611.73790   59  115 6806.00000 5629.89941  17.3%   211 26674s
 4503156 2693541 6223.28550   39  221 6806.00000 5629.93750  17.3%   211 26682s
 4504472 2694124 5677.80303   38  242 6806.00000 5629.95976  17.3%   211 26689s
 4505566 2694955 6750.35678   57  123 6806.00000 5629.99930  17.3%   211 26697s
 4506997 2695787 6599.03302   58  133 6806.00000 5630.02294  17.3%   211 26704s
 4508457 2696526 6312.34333   52  200 6806.00000 5630.07128  17.3%   211 26712s
 4509736 2697298 5689.68966   43  276 6806.00000 5630.09532  17.3%   211 26719s
 4511077 2697868 6592.82663   68  136 6806.00000 5630.12700  17.3%   211 26726s
 4512082 2698638 6540.79465   46  147 6806.00000 5630.14581  17.3%   211 26734s
 4513350 2699291 5935.77287   39  205 6806.00000 5630.18627  17.3%   211 26741s
 4514527 2700101 6173.81292   44  239 6806.00000 5630.20652  17.3%   211 26748s
 4515901 2700696 6541.71466   62  154 6806.00000 5630.23707  17.3%   211 26755s
 4517072 2701440 infeasible   43      6806.00000 5630.25567  17.3%   211 26763s
 4518358 2702124 6120.48986   47  208 6806.00000 5630.25567  17.3%   211 26770s
 4519609 2702956 6169.45035   44  232 6806.00000 5630.31414  17.3%   211 26778s
 4520982 2703659 6162.95012   44  206 6806.00000 5630.34778  17.3%   211 26785s
 4522047 2704324 6280.66667   35  133 6806.00000 5630.36834  17.3%   211 26792s
 4523299 2705000 6439.41176   34  133 6806.00000 5630.39392  17.3%   211 26800s
 4524454 2705693 6539.93098   48  216 6806.00000 5630.41377  17.3%   211 26807s
 4525621 2706441 infeasible   45      6806.00000 5630.43024  17.3%   211 26815s
 4526999 2707237 6665.62768   58  179 6806.00000 5630.48409  17.3%   211 26822s
 4528329 2707978 6692.34361   38  213 6806.00000 5630.50774  17.3%   211 26829s
 4529560 2708811 5677.24347   32  128 6806.00000 5630.54000  17.3%   211 26837s
 4530942 2709469 6114.96313   25  209 6806.00000 5630.57512  17.3%   211 26844s
 4532289 2710006 6298.35249   44  131 6806.00000 5630.60385  17.3%   211 26851s
 4533308 2710554 6260.37949   52  128 6806.00000 5630.62500  17.3%   211 26859s
 4534608 2711320 6645.78341   50  144 6806.00000 5630.65249  17.3%   211 26866s
 4535739 2711970 6746.04973   91  248 6806.00000 5630.68333  17.3%   211 26874s
 4537080 2712541 6325.91376   37  174 6806.00000 5630.71528  17.3%   211 26881s
 4538311 2713231 6367.90317   43  217 6806.00000 5630.73257  17.3%   211 26889s
 4539504 2713927 6285.07647   40  215 6806.00000 5630.76077  17.3%   211 26897s
 4540686 2714617     cutoff   50      6806.00000 5630.79310  17.3%   211 26904s
 4541994 2715285 5757.97318   32  254 6806.00000 5630.80527  17.3%   211 26912s
 4543158 2715974 6054.71955   62  261 6806.00000 5630.82821  17.3%   211 26920s
 4544391 2716736 6582.80903   58  186 6806.00000 5630.87425  17.3%   211 26927s
 4545745 2717401 5824.14786   43  251 6806.00000 5630.91355  17.3%   211 26935s
 4546847 2718134 6169.69286   31  208 6806.00000 5630.93906  17.3%   211 26942s
 4548080 2718830 5739.92959   36  363 6806.00000 5630.96851  17.3%   211 26950s
 4549432 2719495 6518.78834   47  232 6806.00000 5630.99591  17.3%   211 26957s
 4550760 2720238 6539.10210   54  290 6806.00000 5631.01333  17.3%   211 26964s
 4552097 2720909 5685.52690   55  288 6806.00000 5631.06171  17.3%   211 26972s
 4553310 2721575     cutoff   58      6806.00000 5631.08666  17.3%   211 26979s
 4554520 2722303 6231.28957   37  163 6806.00000 5631.12464  17.3%   211 26986s
 4555853 2723087 6475.20285   43  154 6806.00000 5631.15459  17.3%   211 26993s
 4557164 2723729 5932.42562   41  203 6806.00000 5631.19716  17.3%   211 27000s
 4558520 2724425 6599.37876   62  175 6806.00000 5631.21078  17.3%   211 27007s
 4559735 2725057 6444.97247   49  228 6806.00000 5631.24284  17.3%   211 27013s
 4560892 2725713 6494.44015   37  127 6806.00000 5631.26930  17.3%   211 27021s
 4562004 2726237 6309.48016   53  146 6806.00000 5631.30000  17.3%   211 27027s
 4563176 2726757 6256.07180   44  140 6806.00000 5631.33890  17.3%   211 27034s
 4564212 2727248 6285.15000   48  158 6806.00000 5631.38216  17.3%   211 27042s
 4565090 2727817 6471.97345   38  178 6806.00000 5631.40000  17.3%   211 27049s
 4566376 2728501 6682.65021   61  220 6806.00000 5631.42857  17.3%   211 27056s
 4567584 2729203     cutoff   40      6806.00000 5631.45303  17.3%   211 27063s
 4568834 2729824 5741.63852   34  251 6806.00000 5631.48918  17.3%   211 27070s
 4569864 2730374 infeasible   41      6806.00000 5631.50342  17.3%   211 27077s
 4571134 2731005 5778.15237   38  261 6806.00000 5631.53746  17.3%   211 27084s
 4572272 2731779 5744.06464   37  126 6806.00000 5631.56667  17.3%   211 27092s
 4573597 2732379 5875.67229   41  188 6806.00000 5631.59410  17.3%   211 27100s
 4574799 2732937 5742.27745   50  145 6806.00000 5631.65057  17.3%   211 27108s
 4575945 2733393 6642.73976   29  188 6806.00000 5631.68604  17.3%   211 27115s
 4577313 2734113 5708.42477   29  263 6806.00000 5631.70770  17.3%   211 27122s
 4578560 2734843 5805.82971   49  181 6806.00000 5631.73458  17.3%   211 27130s
 4579776 2735661 6401.86003   52  142 6806.00000 5631.76574  17.3%   211 27137s
 4581250 2736376 6047.20194   34  184 6806.00000 5631.79929  17.3%   211 27144s
 4582476 2736994 6569.83628   49  196 6806.00000 5631.83487  17.3%   211 27152s
 4583667 2737616 5724.96053   36  295 6806.00000 5631.84479  17.3%   211 27159s
 4584840 2738236     cutoff   50      6806.00000 5631.88307  17.3%   211 27166s
 4586131 2738901 6114.70406   43  185 6806.00000 5631.91250  17.3%   211 27174s
 4587245 2739623 6201.51087   32  152 6806.00000 5631.94393  17.3%   211 27181s
 4588537 2740534 6696.49907   75   72 6806.00000 5631.97298  17.2%   211 27188s
 4589910 2741244 6563.71368   54  294 6806.00000 5631.99755  17.2%   211 27195s
 4591091 2741540 5718.71652   34  168 6806.00000 5632.01308  17.2%   211 27204s
 4591580 2742532 6728.09365   63  140 6806.00000 5632.01598  17.2%   211 27213s
 4593160 2743297 6415.86127   52  126 6806.00000 5632.06020  17.2%   211 27222s
 4594471 2744144 6581.22679   36  166 6806.00000 5632.09233  17.2%   211 27230s
 4595981 2744991 5976.96953   37  299 6806.00000 5632.11211  17.2%   211 27238s
 4597411 2745810 6165.02086   39  233 6806.00000 5632.16494  17.2%   211 27246s
 4598865 2746634 5871.60453   39  200 6806.00000 5632.19493  17.2%   211 27253s
 4600224 2747412 6353.59859   48  235 6806.00000 5632.21625  17.2%   211 27261s
 4601583 2748112 6739.34765   59  138 6806.00000 5632.25909  17.2%   211 27268s
 4602784 2748953 6288.00000   51   95 6806.00000 5632.28741  17.2%   211 27275s
 4604075 2749629 6582.27561   49  200 6806.00000 5632.30352  17.2%   211 27283s
 4605449 2750399 5925.88352   32  334 6806.00000 5632.32041  17.2%   211 27290s
 4606795 2751077 5691.95882   44  260 6806.00000 5632.35880  17.2%   211 27298s
 4608213 2751921 5633.80000   39  184 6806.00000 5632.37676  17.2%   211 27305s
 4609624 2752570 6087.16590   40  158 6806.00000 5632.41954  17.2%   211 27311s
 4610838 2753226 6343.24213   49  121 6806.00000 5632.44678  17.2%   211 27318s
 4612070 2753713 6157.64466   40  112 6806.00000 5632.47301  17.2%   211 27324s
 4613010 2754404 6616.66639   77  202 6806.00000 5632.49367  17.2%   211 27331s
 4614213 2754918 6495.46666   58  163 6806.00000 5632.52526  17.2%   211 27338s
 4615413 2755525 infeasible   53      6806.00000 5632.54931  17.2%   211 27345s
 4616599 2756185 5765.66297   35  286 6806.00000 5632.58703  17.2%   211 27352s
 4617714 2756780 6478.92473   47  156 6806.00000 5632.60826  17.2%   211 27359s
 4618890 2757582 5745.35080   39  155 6806.00000 5632.63669  17.2%   211 27366s
 4620186 2758193 5980.14314   40  189 6806.00000 5632.67122  17.2%   211 27373s
 4621318 2758806 infeasible   37      6806.00000 5632.69922  17.2%   211 27379s
 4622492 2759580 5688.78589   42  273 6806.00000 5632.72923  17.2%   211 27386s
 4623720 2760357 6710.08071   51  144 6806.00000 5632.75915  17.2%   211 27393s
 4624982 2760964 6485.22467   93   98 6806.00000 5632.77898  17.2%   211 27400s
 4626105 2761723 6486.85129   48  200 6806.00000 5632.81983  17.2%   211 27407s
 4627373 2762443 6263.55808   45  193 6806.00000 5632.84832  17.2%   211 27414s
 4628576 2763226     cutoff   56      6806.00000 5632.87157  17.2%   211 27421s
 4629878 2763922 6268.05961   47  274 6806.00000 5632.90086  17.2%   211 27428s
 4631261 2764509 5813.59775   39  160 6806.00000 5632.94302  17.2%   211 27435s
 4632387 2765226 6249.89449   37  148 6806.00000 5632.97556  17.2%   211 27442s
 4633583 2765915 5725.64541   43  279 6806.00000 5633.00000  17.2%   211 27449s
 4634764 2766588 5724.00000   39  137 6806.00000 5633.00000  17.2%   211 27456s
 4635944 2767373 6623.64739   44  256 6806.00000 5633.01102  17.2%   211 27463s
 4637178 2768054 6005.63629   37  269 6806.00000 5633.04053  17.2%   211 27470s
 4638401 2768251 5644.60300   37  295 6806.00000 5633.06357  17.2%   211 27479s
 4638728 2768770 6117.64353   38  233 6806.00000 5633.06357  17.2%   211 27485s
 4639824 2769403 6144.50619   39  262 6806.00000 5633.06357  17.2%   211 27493s
 4640978 2770006 5766.03987   30  249 6806.00000 5633.12853  17.2%   211 27500s
 4642210 2770717 6352.30211   51  199 6806.00000 5633.15664  17.2%   211 27508s
 4643504 2771434 6206.86957   31  166 6806.00000 5633.20000  17.2%   211 27515s
 4644782 2772172 6005.82698   40  234 6806.00000 5633.21667  17.2%   211 27523s
 4646110 2772806 6201.56522   33  173 6806.00000 5633.25910  17.2%   211 27529s
 4647262 2773347     cutoff   59      6806.00000 5633.28977  17.2%   211 27536s
 4648426 2774051 5935.05329   38  277 6806.00000 5633.30765  17.2%   211 27543s
 4649649 2774666 infeasible   41      6806.00000 5633.34955  17.2%   211 27551s
 4650778 2775371 5753.85185   41  267 6806.00000 5633.37105  17.2%   211 27558s
 4652010 2776235 6181.01975   47  216 6806.00000 5633.40263  17.2%   211 27565s
 4653342 2776904 6154.85371   44  276 6806.00000 5633.42782  17.2%   211 27573s
 4654647 2777590 6378.50789   56  157 6806.00000 5633.46790  17.2%   211 27580s
 4655989 2778230 6352.30453   47  139 6806.00000 5633.50210  17.2%   211 27587s
 4657132 2778858 6530.58083   71  138 6806.00000 5633.53758  17.2%   211 27594s
 4658462 2779519 5932.99697   48  121 6806.00000 5633.57194  17.2%   211 27601s
 4659694 2780264 5643.23217   29  288 6806.00000 5633.58844  17.2%   211 27608s
 4661047 2781039 6663.17712   46  169 6806.00000 5633.62426  17.2%   211 27616s
 4662374 2781738 5744.08715   38  147 6806.00000 5633.64540  17.2%   211 27623s
 4663579 2782495 infeasible   52      6806.00000 5633.69387  17.2%   211 27630s
 4664893 2783084 6254.31634   43  313 6806.00000 5633.72100  17.2%   211 27637s
 4665911 2783848 6394.84773   54  147 6806.00000 5633.74202  17.2%   211 27645s
 4667346 2784532 6182.78637   43  196 6806.00000 5633.76231  17.2%   211 27652s
 4668569 2785095 5935.86954   43  202 6806.00000 5633.77852  17.2%   211 27659s
 4669637 2785674     cutoff   56      6806.00000 5633.80000  17.2%   211 27666s
 4670724 2786388 6496.65946   53  246 6806.00000 5633.82114  17.2%   211 27673s
 4671971 2787220     cutoff   59      6806.00000 5633.84941  17.2%   211 27680s
 4673295 2787858 6251.03194   45  263 6806.00000 5633.88060  17.2%   211 27687s
 4674442 2788593 6796.72949   46  150 6806.00000 5633.92232  17.2%   211 27694s
 4675740 2789310 6392.32129   44  200 6806.00000 5633.94736  17.2%   211 27702s
 4676970 2789931 6365.21174   44  168 6806.00000 5633.97391  17.2%   211 27709s
 4678197 2790578 6148.46851   35  242 6806.00000 5634.01989  17.2%   211 27716s
 4679297 2791282 6514.74202   53  177 6806.00000 5634.04602  17.2%   211 27724s
 4680707 2792019 5731.56112   34  265 6806.00000 5634.06379  17.2%   211 27731s
 4682055 2792787 6235.11616   39  135 6806.00000 5634.10105  17.2%   211 27738s
 4683334 2793440 6303.99114   51  132 6806.00000 5634.13364  17.2%   211 27746s
 4684504 2794107 6197.03643   40  239 6806.00000 5634.15246  17.2%   211 27753s
 4685674 2794721 6790.52070   53  196 6806.00000 5634.18925  17.2%   211 27761s
 4686784 2795539 infeasible   48      6806.00000 5634.23100  17.2%   211 27768s
 4688104 2796259 6564.40162   46  161 6806.00000 5634.26611  17.2%   211 27775s
 4689327 2796989 6270.72670   43  207 6806.00000 5634.29384  17.2%   211 27783s
 4690570 2797785     cutoff   57      6806.00000 5634.30654  17.2%   211 27790s
 4691894 2798594 6220.11205   38  171 6806.00000 5634.33333  17.2%   211 27797s
 4693235 2799250 6097.06618   35  218 6806.00000 5634.37803  17.2%   211 27804s
 4694529 2799934 6693.73288   65   96 6806.00000 5634.40000  17.2%   211 27811s
 4695649 2800605 6478.33593   67   76 6806.00000 5634.42547  17.2%   211 27818s
 4696938 2801220 5878.46477   42   95 6806.00000 5634.46136  17.2%   211 27825s
 4698014 2801898 infeasible   46      6806.00000 5634.48805  17.2%   211 27833s
 4699206 2802703 6341.58464   46  145 6806.00000 5634.51672  17.2%   211 27840s
 4700500 2803313 6613.00000   67  120 6806.00000 5634.54306  17.2%   211 27847s
 4701672 2804236 6099.49499   37  138 6806.00000 5634.57475  17.2%   211 27855s
 4703101 2804944 6717.50000   57   87 6806.00000 5634.59679  17.2%   211 27862s
 4704333 2805536 6140.15759   29  167 6806.00000 5634.62272  17.2%   211 27869s
 4705413 2806145 6293.05236   43  208 6806.00000 5634.65036  17.2%   211 27876s
 4706486 2806752 6167.42652   34  138 6806.00000 5634.67838  17.2%   211 27883s
 4707712 2807590 6280.86993   49  188 6806.00000 5634.71506  17.2%   211 27891s
 4709090 2808368 6717.39254   57  209 6806.00000 5634.75133  17.2%   211 27898s
 4710477 2809078 5979.72022   42  164 6806.00000 5634.77617  17.2%   211 27905s
 4711655 2809691 6657.55897   52  173 6806.00000 5634.80000  17.2%   211 27913s
 4712740 2810429 6631.86725   67  184 6806.00000 5634.83008  17.2%   211 27920s
 4713917 2811091 6302.10761   49  260 6806.00000 5634.85714  17.2%   211 27927s
 4715137 2811828 6782.90265   60  145 6806.00000 5634.89286  17.2%   211 27934s
 4716340 2812480 6489.05048   43  237 6806.00000 5634.91233  17.2%   211 27942s
 4717523 2813126 6241.00000   42  101 6806.00000 5634.94637  17.2%   211 27949s
 4718741 2813399 6200.83911   35  300 6806.00000 5634.98768  17.2%   211 27958s
 4719218 2814851 6200.84043   36  326 6806.00000 5634.98768  17.2%   211 27976s
 4721840 2815814 6254.18222   45  244 6806.00000 5635.01551  17.2%   211 27986s
 4723517 2816490 6456.00000   42  122 6806.00000 5635.08974  17.2%   211 27995s
 4725003 2817370 5855.55479   50  225 6806.00000 5635.10112  17.2%   211 28003s
 4726482 2818196 infeasible   47      6806.00000 5635.12721  17.2%   211 28011s
 4727957 2818971 6395.77653   50  159 6806.00000 5635.18251  17.2%   211 28018s
 4729317 2819683 6195.90098   46  229 6806.00000 5635.22599  17.2%   211 28026s
 4730565 2820354 6141.35772   35  206 6806.00000 5635.25285  17.2%   211 28033s
 4731782 2821101 6219.71553   40  221 6806.00000 5635.27933  17.2%   211 28041s
 4733096 2821868 6018.27383   33   91 6806.00000 5635.32146  17.2%   211 28049s
 4734583 2822509 infeasible   61      6806.00000 5635.33794  17.2%   211 28056s
 4735978 2823160 5753.66667   44  182 6806.00000 5635.37996  17.2%   211 28064s
 4737168 2823908 6383.59574   49  135 6806.00000 5635.40535  17.2%   211 28071s
 4738442 2824712 6281.28521   33  218 6806.00000 5635.44325  17.2%   211 28078s
 4739716 2825198 6433.00000   46  143 6806.00000 5635.46154  17.2%   211 28085s
 4740710 2825836 5671.10750   36  245 6806.00000 5635.49153  17.2%   211 28092s
 4741781 2826718 6263.47475   56  219 6806.00000 5635.50064  17.2%   211 28099s
 4743111 2827683 6542.65148   44  158 6806.00000 5635.52525  17.2%   211 28106s
 4744696 2828263 6070.58068   28  219 6806.00000 5635.53286  17.2%   211 28113s
 4745777 2828877 6255.42373   42  161 6806.00000 5635.55891  17.2%   211 28121s
 4746948 2829746 5646.28681   34  296 6806.00000 5635.59750  17.2%   211 28128s
 4748286 2830587 6159.23294   54  159 6806.00000 5635.61718  17.2%   211 28134s
 4749562 2831344 6160.25965   38  171 6806.00000 5635.64083  17.2%   211 28141s
 4750824 2832071 6242.46018   49  215 6806.00000 5635.67143  17.2%   211 28148s
 4752019 2832761 6429.29391   47  146 6806.00000 5635.69079  17.2%   211 28155s
 4753253 2833443 5965.77018   38  150 6806.00000 5635.72753  17.2%   211 28162s
 4754478 2834126 6535.00491   58  218 6806.00000 5635.75174  17.2%   211 28168s
 4755505 2834789 6540.47008   88  133 6806.00000 5635.76349  17.2%   211 28176s
 4756746 2835540 5786.98551   44  210 6806.00000 5635.78798  17.2%   211 28183s
 4757931 2836355 6216.59315   44  287 6806.00000 5635.82041  17.2%   211 28190s
 4759278 2837021 6157.13503   47  185 6806.00000 5635.83615  17.2%   211 28197s
 4760449 2837794 6467.68378   73  201 6806.00000 5635.90117  17.2%   211 28204s
 4761665 2838420 5774.51902   41  231 6806.00000 5635.93348  17.2%   211 28212s
 4762750 2839158 6244.96021   43  173 6806.00000 5635.97875  17.2%   211 28219s
 4764013 2839874 5758.64375   37  149 6806.00000 5636.00000  17.2%   211 28226s
 4765286 2840623 6280.01174   38  195 6806.00000 5636.02093  17.2%   211 28233s
 4766597 2841177 6096.33828   39  249 6806.00000 5636.06538  17.2%   211 28240s
 4767591 2841879 6250.63636   45  197 6806.00000 5636.09069  17.2%   211 28247s
 4768719 2842422 6233.21083   42  195 6806.00000 5636.10798  17.2%   211 28254s
 4770050 2843397 6213.20217   40  241 6806.00000 5636.14603  17.2%   211 28261s
 4771497 2844120 6238.86667   42  189 6806.00000 5636.17683  17.2%   211 28268s
 4772693 2844758 6652.89152   57  229 6806.00000 5636.19987  17.2%   211 28275s
 4774150 2845380 infeasible   85      6806.00000 5636.23220  17.2%   211 28282s
 4775327 2846241 6159.15486   32  142 6806.00000 5636.25138  17.2%   211 28290s
 4776643 2847021 6153.94305   51   96 6806.00000 5636.27604  17.2%   211 28297s
 4777983 2847656 6161.63496   36  189 6806.00000 5636.31039  17.2%   211 28305s
 4779113 2848350 6503.68083   42  125 6806.00000 5636.33741  17.2%   211 28313s
 4780328 2849183 6157.37546   34  251 6806.00000 5636.37878  17.2%   211 28320s
 4781561 2849880 6370.08898   45  161 6806.00000 5636.40000  17.2%   211 28327s
 4782696 2850753 5803.53971   37  273 6806.00000 5636.41166  17.2%   211 28335s
 4784146 2851436     cutoff   37      6806.00000 5636.44969  17.2%   211 28342s
 4785347 2852179 6335.06740   45  203 6806.00000 5636.48931  17.2%   211 28350s
 4786639 2852999 6601.06833   38  151 6806.00000 5636.51323  17.2%   211 28357s
 4787927 2853807 6395.83252   57  220 6806.00000 5636.54267  17.2%   211 28364s
 4789302 2854283 6150.99968   29  185 6806.00000 5636.58356  17.2%   211 28371s
 4790312 2855007 6619.09935   57  142 6806.00000 5636.60000  17.2%   211 28378s
 4791532 2855689 6651.70738   42  178 6806.00000 5636.63720  17.2%   211 28386s
 4792643 2856378 5931.06708   36  190 6806.00000 5636.66266  17.2%   211 28393s
 4793813 2857309 6177.68832   47  176 6806.00000 5636.68551  17.2%   211 28400s
 4795249 2857940 5792.84794   50  241 6806.00000 5636.71323  17.2%   211 28407s
 4796333 2858702 5652.97635   36  323 6806.00000 5636.74321  17.2%   211 28415s
 4797646 2859442 6519.14804   46  252 6806.00000 5636.77337  17.2%   211 28422s
 4798889 2860237 6622.71430   52  169 6806.00000 5636.80000  17.2%   211 28429s
 4800121 2860632 6614.70547   72  170 6806.00000 5636.81146  17.2%   211 28437s
 4800781 2861419 6374.56680   49  173 6806.00000 5636.81572  17.2%   211 28444s
 4802161 2862232 6246.50000   33  106 6806.00000 5636.86762  17.2%   211 28452s
 4803503 2862770 5698.73800   27  262 6806.00000 5636.89507  17.2%   211 28459s
 4804489 2863321 6739.48259   47  214 6806.00000 5636.93607  17.2%   211 28466s
 4805565 2864020 5915.59510   61  136 6806.00000 5636.95552  17.2%   211 28474s
 4806837 2864795 5908.83436   45  210 6806.00000 5636.98957  17.2%   211 28481s
 4808080 2865525 6333.93204   44  227 6806.00000 5637.02919  17.2%   211 28489s
 4809412 2866181 6611.07948   42  235 6806.00000 5637.06046  17.2%   211 28496s
 4810646 2866946 infeasible   42      6806.00000 5637.08376  17.2%   211 28504s
 4811888 2867610 6343.66183   47  166 6806.00000 5637.11849  17.2%   211 28511s
 4813220 2868320 5731.39713   35  215 6806.00000 5637.15190  17.2%   211 28518s
 4814399 2869133 5785.21761   40  233 6806.00000 5637.16754  17.2%   211 28525s
 4815701 2869950 6193.00000   30  147 6806.00000 5637.20000  17.2%   211 28531s
 4816943 2870561     cutoff   55      6806.00000 5637.23083  17.2%   211 28538s
 4818058 2871303 6270.24545   45  171 6806.00000 5637.24611  17.2%   211 28545s
 4819311 2872083 6347.12794   43  186 6806.00000 5637.27403  17.2%   211 28551s
 4820664 2872721 6174.50393   33  203 6806.00000 5637.29412  17.2%   211 28558s
 4821845 2873305 6619.49182   50  131 6806.00000 5637.32604  17.2%   211 28565s
 4823120 2873997 5786.54603   45  252 6806.00000 5637.35692  17.2%   211 28572s
 4824298 2874749 6454.00000   48  110 6806.00000 5637.36201  17.2%   211 28579s
 4825513 2875512 5726.49018   45  234 6806.00000 5637.42009  17.2%   211 28586s
 4826810 2876085 5966.01614   40  139 6806.00000 5637.43762  17.2%   211 28592s
 4828122 2876712 6506.15342   48  241 6806.00000 5637.46767  17.2%   211 28599s
 4829336 2877487 6462.87337   54  163 6806.00000 5637.49411  17.2%   211 28607s
 4830601 2878300 6141.36852   43  221 6806.00000 5637.53161  17.2%   211 28614s
 4831895 2878813 6598.00890   58  159 6806.00000 5637.55201  17.2%   211 28620s
 4832970 2879591 5844.35750   39  217 6806.00000 5637.58132  17.2%   211 28627s
 4834307 2880226 5687.41037   33  199 6806.00000 5637.61433  17.2%   211 28634s
 4835504 2880917 infeasible   52      6806.00000 5637.63587  17.2%   211 28641s
 4836988 2881550 6146.76858   36  220 6806.00000 5637.65664  17.2%   211 28648s
 4838031 2882471     cutoff   56      6806.00000 5637.68847  17.2%   211 28654s
 4839375 2883159 6614.64949   46  182 6806.00000 5637.70949  17.2%   211 28661s
 4840494 2883931 6555.12503   62  248 6806.00000 5637.72600  17.2%   211 28668s
 4841801 2884616 6387.05735   40  237 6806.00000 5637.75622  17.2%   211 28675s
 4842902 2885390 6354.66978   38  165 6806.00000 5637.78775  17.2%   211 28682s
 4844086 2886060 6346.49763   42  136 6806.00000 5637.80000  17.2%   211 28689s
 4845301 2886466 5720.71725   32  258 6806.00000 5637.84193  17.2%   211 28697s
 4845994 2887140 5720.71725   33  259 6806.00000 5637.84193  17.2%   211 28703s
 4847244 2887837     cutoff   78      6806.00000 5637.84668  17.2%   211 28711s
 4848555 2888513 6158.08459   56  128 6806.00000 5637.89551  17.2%   211 28717s
 4849853 2889159 6682.21556   52  146 6806.00000 5637.93403  17.2%   211 28724s
 4851052 2889871 6351.00000   51  101 6806.00000 5637.95966  17.2%   211 28731s
 4852280 2890607 infeasible   60      6806.00000 5637.98919  17.2%   211 28737s
 4853518 2891266 6331.90121   55  162 6806.00000 5638.01747  17.2%   211 28744s
 4854745 2891959 infeasible   48      6806.00000 5638.05007  17.2%   211 28750s
 4855968 2892603 5925.62295   50  203 6806.00000 5638.08852  17.2%   211 28757s
 4857048 2893214 6311.36607   39  248 6806.00000 5638.10625  17.2%   211 28764s
 4858278 2893803 5791.97835   48  174 6806.00000 5638.12721  17.2%   211 28771s
 4859439 2894567 6079.40250   31  202 6806.00000 5638.16546  17.2%   211 28778s
 4860747 2895202 5797.58438   42  241 6806.00000 5638.19126  17.2%   211 28785s
 4861894 2895930 6686.40286   59  157 6806.00000 5638.23492  17.2%   211 28792s
 4863017 2896607 6466.93183   67  167 6806.00000 5638.25037  17.2%   211 28798s
 4864205 2897310 5859.44462   38  198 6806.00000 5638.29338  17.2%   211 28805s
 4865469 2898101 6227.00000   48  108 6806.00000 5638.32340  17.2%   211 28813s
 4866831 2898889 6310.04387   36  239 6806.00000 5638.34189  17.2%   211 28819s
 4868102 2899472     cutoff   46      6806.00000 5638.37070  17.2%   211 28826s
 4869144 2900366 6505.74272   57  144 6806.00000 5638.38518  17.2%   211 28832s
 4870435 2900891 infeasible   58      6806.00000 5638.42525  17.2%   211 28839s
 4871685 2901562 infeasible   51      6806.00000 5638.45562  17.2%   211 28845s
 4872780 2902321 6415.63971   37  264 6806.00000 5638.47031  17.2%   211 28852s
 4874095 2903085 6218.67440   35  216 6806.00000 5638.50678  17.2%   211 28859s
 4875258 2903734 6132.80055   37  280 6806.00000 5638.53614  17.2%   211 28865s
 4876341 2904433 infeasible   58      6806.00000 5638.55311  17.2%   211 28872s
 4877589 2905227 6018.51937   38  183 6806.00000 5638.57735  17.2%   211 28880s
 4878922 2905826 6456.52307   43  174 6806.00000 5638.60628  17.2%   211 28886s
 4880100 2906507 5760.62876   42  195 6806.00000 5638.63997  17.2%   211 28893s
 4881257 2907003 6505.19731   51  118 6806.00000 5638.67717  17.2%   211 28900s
 4882164 2907872 6699.10803   54  188 6806.00000 5638.70000  17.2%   211 28908s
 4883496 2908488 5707.72123   45  188 6806.00000 5638.73180  17.2%   211 28915s
 4884620 2909239 infeasible   52      6806.00000 5638.75005  17.2%   211 28924s
 4886083 2909982 6498.98675   62  180 6806.00000 5638.77500  17.1%   211 28931s
 4887394 2910630 6285.20138   49  243 6806.00000 5638.80957  17.1%   211 28938s
 4888538 2911343 6261.93622   52  101 6806.00000 5638.85197  17.1%   211 28946s
 4889753 2911828 6075.97823   32  178 6806.00000 5638.87068  17.1%   211 28953s
 4890715 2912303 6299.66460   45  199 6806.00000 5638.88562  17.1%   211 28960s
 4891964 2913131 6650.09214   45  230 6806.00000 5638.91653  17.1%   211 28967s
 4893347 2913850 6604.25754   56  194 6806.00000 5638.95894  17.1%   211 28974s
 4894666 2914677 6327.30841   54  255 6806.00000 5638.98329  17.1%   211 28982s
 4895978 2915326 5804.93394   46  329 6806.00000 5639.00098  17.1%   211 28989s
 4897415 2915836 6143.76271   40  264 6806.00000 5639.02349  17.1%   211 28996s
 4898428 2916502 6062.72993   32  129 6806.00000 5639.03870  17.1%   211 29003s
 4899614 2917156 infeasible   44      6806.00000 5639.08552  17.1%   211 29010s
 4900850 2917880 6486.42209   35  110 6806.00000 5639.11930  17.1%   211 29017s
 4902139 2918573 6147.31153   39  119 6806.00000 5639.12655  17.1%   211 29024s
 4903407 2919307 6709.92809   99  168 6806.00000 5639.15624  17.1%   211 29031s
 4904675 2919930     cutoff   32      6806.00000 5639.20901  17.1%   211 29038s
 4905774 2920552 6078.95896   36  217 6806.00000 5639.22557  17.1%   211 29045s
 4907136 2920710 5787.33001   43  270 6806.00000 5639.24822  17.1%   211 29054s
 4907458 2921383 5850.78578   49  207 6806.00000 5639.25263  17.1%   211 29061s
 4908627 2922128 6142.80211   40  191 6806.00000 5639.27955  17.1%   211 29069s
 4909956 2922966 6268.38212   39  129 6806.00000 5639.32124  17.1%   211 29076s
 4911244 2923720 6128.55411   42  168 6806.00000 5639.34702  17.1%   211 29084s
 4912608 2924393 6448.35383   55  219 6806.00000 5639.37086  17.1%   211 29091s
 4913790 2925108 6710.00000   52  129 6806.00000 5639.41424  17.1%   211 29098s
 4915107 2925789 6332.45818   53  100 6806.00000 5639.42740  17.1%   211 29106s
 4916348 2926484 6244.11841   48  255 6806.00000 5639.47107  17.1%   211 29113s
 4917554 2927207 6284.16121   39  199 6806.00000 5639.50610  17.1%   211 29121s
 4918899 2927934 6125.00000   36  147 6806.00000 5639.52722  17.1%   211 29128s
 4920152 2928594 5768.23362   43  287 6806.00000 5639.56779  17.1%   211 29135s
 4921232 2929497     cutoff   49      6806.00000 5639.59008  17.1%   211 29144s
 4922758 2930227 infeasible   42      6806.00000 5639.61110  17.1%   211 29151s
 4924008 2931092 6473.81695   58  198 6806.00000 5639.66393  17.1%   211 29159s
 4925350 2931856 6225.95858   33  250 6806.00000 5639.69624  17.1%   211 29165s
 4926633 2932599 6367.00000   41  138 6806.00000 5639.72707  17.1%   211 29173s
 4927914 2933188 5752.22198   34  245 6806.00000 5639.75180  17.1%   211 29180s
 4929071 2934014 6219.64961   38  244 6806.00000 5639.77900  17.1%   211 29186s
 4930324 2934683 6247.51573   57  157 6806.00000 5639.79013  17.1%   211 29193s
 4931532 2935441 6381.93805   39   84 6806.00000 5639.83575  17.1%   211 29200s
 4932754 2935985 5869.68182   40  233 6806.00000 5639.85046  17.1%   211 29207s
 4933805 2936695 6369.75647   42  234 6806.00000 5639.88925  17.1%   211 29214s
 4934957 2937494 5872.97299   40  233 6806.00000 5639.91264  17.1%   211 29221s
 4936320 2938204 6193.41212   40  199 6806.00000 5639.92748  17.1%   211 29228s
 4937608 2938841 5835.13805   33  163 6806.00000 5639.97968  17.1%   211 29235s
 4938831 2939671 infeasible   62      6806.00000 5640.00000  17.1%   211 29243s
 4940149 2940423 6789.77480   62  162 6806.00000 5640.03318  17.1%   211 29249s
 4941467 2941047 6200.00000   31  111 6806.00000 5640.05525  17.1%   211 29256s
 4942582 2941702 infeasible   50      6806.00000 5640.08722  17.1%   211 29263s
 4943719 2942380 6484.68977   41  237 6806.00000 5640.11660  17.1%   211 29269s
 4944963 2943238 6388.84735   37  220 6806.00000 5640.14216  17.1%   211 29276s
 4946177 2943915 6437.75896   42  173 6806.00000 5640.17391  17.1%   211 29283s
 4947434 2944588 6332.21723   39  176 6806.00000 5640.19331  17.1%   211 29289s
 4948497 2945350 6523.30922   64  172 6806.00000 5640.21875  17.1%   211 29296s
 4949767 2946166 5843.87490   38  184 6806.00000 5640.24280  17.1%   211 29303s
 4951134 2946874 6670.31489   56  165 6806.00000 5640.26688  17.1%   211 29310s
 4952409 2947501 6767.35516   66  147 6806.00000 5640.29640  17.1%   211 29317s
 4953762 2948271 6270.31574   44  217 6806.00000 5640.31855  17.1%   211 29323s
 4955004 2949029 6341.48390   76  206 6806.00000 5640.34413  17.1%   211 29330s
 4956167 2949706 5971.20179   42  235 6806.00000 5640.36989  17.1%   211 29337s
 4957383 2950361 6490.50077   64  279 6806.00000 5640.39662  17.1%   211 29344s
 4958728 2951122 5699.30608   34  269 6806.00000 5640.42051  17.1%   211 29351s
 4959997 2951650 5990.65500   51  208 6806.00000 5640.45500  17.1%   211 29358s
 4961032 2952180 6258.67735   36  150 6806.00000 5640.47500  17.1%   211 29365s
 4961916 2952902 6548.85563   57  197 6806.00000 5640.49160  17.1%   211 29372s
 4963125 2953630 infeasible   45      6806.00000 5640.51638  17.1%   211 29379s
 4964457 2954441 6568.50328   60  156 6806.00000 5640.54687  17.1%   211 29386s
 4965799 2955019 infeasible   46      6806.00000 5640.57868  17.1%   211 29393s
 4967108 2955662 6362.22004   32  180 6806.00000 5640.60000  17.1%   211 29400s
 4968313 2956458 infeasible   47      6806.00000 5640.62693  17.1%   211 29407s
 4969603 2957198 6261.02165   39  248 6806.00000 5640.66053  17.1%   211 29415s
 4970921 2958028 6611.48377   56  170 6806.00000 5640.68511  17.1%   211 29422s
 4972269 2958714 6373.26412   42  221 6806.00000 5640.69905  17.1%   211 29429s
 4973509 2959413 5981.31274   44  198 6806.00000 5640.73194  17.1%   211 29436s
 4974742 2959948 6380.95056   40  159 6806.00000 5640.76980  17.1%   211 29443s
 4975738 2960734 5700.68997   34  226 6806.00000 5640.78530  17.1%   211 29451s
 4977031 2961438 6150.88185   36  192 6806.00000 5640.81178  17.1%   211 29457s
 4978223 2962075 5823.05007   41  220 6806.00000 5640.84745  17.1%   211 29464s
 4979448 2962811 infeasible   60      6806.00000 5640.86607  17.1%   211 29471s
 4980675 2963644 6129.15154   51  147 6806.00000 5640.90301  17.1%   211 29478s
 4982016 2963865     cutoff   69      6806.00000 5640.93090  17.1%   211 29486s
 4982405 2964577 6039.56685   38  299 6806.00000 5640.93090  17.1%   211 29493s
 4983778 2965281 6147.40336   46  258 6806.00000 5640.95634  17.1%   211 29500s
 4984993 2965953 6394.53606   41  161 6806.00000 5640.98797  17.1%   211 29507s
 4986156 2966643 6356.67042   58  225 6806.00000 5641.00816  17.1%   211 29514s
 4987447 2967364 6355.78798   49  166 6806.00000 5641.04637  17.1%   211 29522s
 4988709 2968089 6451.62617   52  151 6806.00000 5641.07063  17.1%   211 29529s
 4990117 2968818 5744.01612   41  245 6806.00000 5641.08607  17.1%   211 29536s
 4991310 2969624 6458.77408   54  150 6806.00000 5641.11996  17.1%   211 29543s
 4992699 2970309 6262.94220   37  214 6806.00000 5641.15727  17.1%   211 29550s
 4994034 2971045 6246.53226   48  180 6806.00000 5641.19437  17.1%   211 29558s
 4995434 2971778 5652.94282   42  320 6806.00000 5641.22096  17.1%   211 29565s
 4996641 2972331 5895.64727   41  238 6806.00000 5641.26315  17.1%   211 29572s
 4997615 2973001 6747.37197   46  155 6806.00000 5641.27014  17.1%   211 29579s
 4998858 2973660 6062.83736   36  150 6806.00000 5641.30000  17.1%   211 29586s
 5000002 2974327 6338.00000   52  134 6806.00000 5641.34150  17.1%   211 29593s
 5001316 2975036 6713.62479   38  189 6806.00000 5641.34150  17.1%   211 29600s
 5002535 2975947 6139.72780   28   97 6806.00000 5641.37826  17.1%   211 29607s
 5003998 2976652 6222.22901   41  201 6806.00000 5641.40911  17.1%   211 29614s
 5005344 2977334 6585.18664   57  223 6806.00000 5641.44339  17.1%   211 29621s
 5006651 2978131 5736.63237   36  338 6806.00000 5641.47771  17.1%   211 29627s
 5007916 2978673 5933.96786   45  223 6806.00000 5641.49532  17.1%   211 29634s
 5008852 2979289 6538.18178   40  205 6806.00000 5641.51126  17.1%   211 29641s
 5010002 2980077 6251.21215   34  128 6806.00000 5641.54999  17.1%   211 29647s
 5011267 2980751 6435.59615   34  153 6806.00000 5641.57443  17.1%   211 29654s
 5012471 2981566 6514.08613   48  162 6806.00000 5641.59519  17.1%   211 29662s
 5013841 2982187 6705.57165   62   71 6806.00000 5641.63210  17.1%   211 29668s
 5014872 2982992 6096.20861   45  251 6806.00000 5641.66179  17.1%   211 29675s
 5016095 2983753 6391.87650   48  177 6806.00000 5641.67137  17.1%   211 29683s
 5017423 2984491 5651.67677   50  222 6806.00000 5641.70878  17.1%   211 29689s
 5018626 2985190 6410.00000   44   88 6806.00000 5641.72684  17.1%   211 29696s
 5019804 2985837 5765.21635   46  161 6806.00000 5641.75736  17.1%   211 29703s
 5020895 2986650 6642.40593   48  124 6806.00000 5641.78571  17.1%   211 29711s
 5022202 2987473 6303.00000   41  129 6806.00000 5641.81412  17.1%   211 29718s
 5023508 2988261 6665.09026   67  244 6806.00000 5641.82725  17.1%   211 29725s
 5024968 2988854 6508.23654   52  206 6806.00000 5641.86432  17.1%   211 29731s
 5026090 2989449 6394.91885   38  145 6806.00000 5641.90144  17.1%   211 29738s
 5027109 2990186 6236.08737   54  131 6806.00000 5641.91221  17.1%   211 29745s
 5028374 2990865 6383.66337   45  144 6806.00000 5641.94483  17.1%   211 29752s
 5029612 2991597     cutoff   55      6806.00000 5641.95719  17.1%   211 29759s
 5030914 2992218 6384.44837   38  155 6806.00000 5641.97388  17.1%   211 29766s
 5032099 2992875 6459.64520   58  196 6806.00000 5642.02302  17.1%   211 29773s
 5033293 2993556 6479.60007   37  179 6806.00000 5642.06025  17.1%   211 29781s
 5034607 2994270 6235.39491   51  179 6806.00000 5642.09046  17.1%   211 29788s
 5035824 2994772 5943.02114   46  234 6806.00000 5642.11249  17.1%   211 29796s
 5036859 2995549 5850.57327   32  254 6806.00000 5642.14517  17.1%   211 29804s
 5038266 2996192 infeasible   40      6806.00000 5642.17793  17.1%   211 29811s
 5039515 2996921     cutoff   58      6806.00000 5642.21652  17.1%   211 29819s
 5040764 2997654 6505.54867   46   90 6806.00000 5642.25215  17.1%   211 29826s
 5042096 2998016     cutoff   58      6806.00000 5642.28514  17.1%   211 29835s
 5042684 2998732 6491.00000   74   92 6806.00000 5642.28514  17.1%   211 29842s
 5043956 2999465 5917.79212   44  295 6806.00000 5642.34698  17.1%   211 29850s
 5045205 3000103     cutoff   68      6806.00000 5642.37031  17.1%   211 29857s
 5046372 3000940 6570.00000   46  148 6806.00000 5642.38487  17.1%   211 29865s
 5047719 3001551 5747.00000   38   79 6806.00000 5642.41379  17.1%   211 29872s
 5048844 3002207 6344.47709   40  212 6806.00000 5642.45249  17.1%   211 29879s
 5050145 3002813 6707.00000   44  126 6806.00000 5642.47015  17.1%   211 29886s
 5051302 3003721 infeasible   43      6806.00000 5642.50000  17.1%   211 29893s
 5052782 3004347 5792.54287   40  275 6806.00000 5642.50000  17.1%   211 29900s
 5053905 3005004 5675.81173   41  255 6806.00000 5642.53555  17.1%   211 29906s
 5054950 3005651 6188.50480   45  265 6806.00000 5642.55149  17.1%   211 29913s
 5056148 3006343 5835.44134   44  246 6806.00000 5642.58567  17.1%   211 29920s
 5057325 3007161 6114.10561   40  208 6806.00000 5642.60858  17.1%   211 29927s
 5058637 3007745 6795.82632   53  173 6806.00000 5642.64169  17.1%   211 29935s
 5059752 3008340 6000.27500   36  157 6806.00000 5642.66175  17.1%   211 29942s
 5060888 3009043 6509.80283   50  170 6806.00000 5642.68443  17.1%   211 29949s
 5062060 3009840 6249.50284   43  232 6806.00000 5642.73401  17.1%   211 29956s
 5063339 3010651 infeasible   62      6806.00000 5642.76241  17.1%   211 29963s
 5064705 3011295 6066.11320   43  192 6806.00000 5642.79500  17.1%   211 29970s
 5065868 3011978 6133.13125   33  160 6806.00000 5642.82658  17.1%   211 29977s
 5067185 3012777 6483.61234   96  170 6806.00000 5642.84313  17.1%   211 29984s
 5068510 3013609 5695.63184   40  244 6806.00000 5642.88452  17.1%   211 29991s
 5069842 3014160 5968.69785   34  148 6806.00000 5642.89898  17.1%   211 29997s
 5070923 3014799 6424.77500   46  159 6806.00000 5642.92545  17.1%   211 30004s
 5072118 3015399 6640.85262   79  192 6806.00000 5642.94013  17.1%   211 30011s
 5073160 3016112 6088.27500   47  134 6806.00000 5642.98359  17.1%   211 30018s
 5074355 3016823 6353.93455   40  275 6806.00000 5643.00000  17.1%   211 30026s
 5075596 3017533 infeasible   59      6806.00000 5643.03026  17.1%   211 30032s
 5076791 3018303 6372.00000   45  134 6806.00000 5643.05189  17.1%   211 30039s
 5078057 3018915 6705.36665   55  169 6806.00000 5643.07671  17.1%   211 30046s
 5079336 3019635 5775.66023   53  231 6806.00000 5643.10000  17.1%   211 30053s
 5080504 3020396 6307.45228   40  150 6806.00000 5643.12333  17.1%   211 30060s
 5081742 3021044 5667.20707   36  285 6806.00000 5643.15986  17.1%   211 30067s
 5082946 3021686 5893.50169   39  234 6806.00000 5643.18544  17.1%   211 30073s
 5084019 3022344 6217.73757   59  165 6806.00000 5643.20442  17.1%   211 30080s
 5085239 3023110 6674.58683   53  160 6806.00000 5643.24484  17.1%   211 30087s
 5086481 3023743 5860.68848   40  295 6806.00000 5643.25879  17.1%   211 30095s
 5087543 3024608 5856.65323   50  215 6806.00000 5643.28853  17.1%   211 30103s
 5088926 3025408     cutoff   46      6806.00000 5643.31555  17.1%   211 30111s
 5090318 3026076 6372.79831   38  283 6806.00000 5643.35715  17.1%   211 30117s
 5091520 3026862     cutoff   56      6806.00000 5643.38910  17.1%   211 30124s
 5092778 3027487 6512.28079   48  153 6806.00000 5643.40000  17.1%   211 30132s
 5093866 3028346 6393.47170   42  119 6806.00000 5643.44412  17.1%   211 30139s
 5095173 3029043 6521.06101   46  180 6806.00000 5643.47186  17.1%   211 30146s
 5096437 3029820 6190.00000   34  156 6806.00000 5643.50954  17.1%   211 30152s
 5097699 3030504 6697.17063   45  138 6806.00000 5643.54150  17.1%   211 30160s
 5098894 3031106     cutoff   48      6806.00000 5643.56391  17.1%   211 30166s
 5100064 3031802 5851.81083   40  218 6806.00000 5643.59640  17.1%   211 30173s
 5101267 3032257 5695.31868   32  327 6806.00000 5643.60554  17.1%   211 30180s
 5102193 3032972 5797.68632   44  269 6806.00000 5643.65224  17.1%   211 30187s
 5103585 3033490 6654.68267   73  119 6806.00000 5643.67987  17.1%   211 30195s
 5104889 3034196 6150.88912   45  256 6806.00000 5643.71197  17.1%   211 30202s
 5106112 3034895 6392.91772   54  154 6806.00000 5643.73667  17.1%   211 30208s
 5107252 3035547 6703.45620   54  188 6806.00000 5643.75947  17.1%   211 30215s
 5108425 3036164 5880.18423   33  185 6806.00000 5643.78739  17.1%   211 30223s
 5109508 3036946 6389.71273   43  155 6806.00000 5643.82031  17.1%   211 30230s
 5110800 3037594 6354.32867   47  180 6806.00000 5643.84575  17.1%   211 30237s
 5111982 3038262 6156.28333   40  170 6806.00000 5643.88241  17.1%   211 30244s
 5113145 3038947 6401.81505   48  208 6806.00000 5643.91707  17.1%   211 30252s
 5114356 3039734 5829.63782   49  192 6806.00000 5643.95275  17.1%   211 30259s
 5115684 3040407 6288.10211   37  168 6806.00000 5643.98262  17.1%   211 30266s
 5116841 3041154 6650.14229   71  139 6806.00000 5643.99518  17.1%   211 30273s
 5118152 3041741 5821.49358   40  233 6806.00000 5644.02704  17.1%   211 30280s
 5119172 3042413 6017.76632   53  229 6806.00000 5644.05761  17.1%   211 30288s
 5120328 3043092 6655.22671   57  208 6806.00000 5644.09190  17.1%   211 30295s
 5121541 3043665 6340.70285   46  198 6806.00000 5644.11248  17.1%   211 30302s
 5122629 3044611 6482.22134   43  203 6806.00000 5644.13717  17.1%   211 30310s
 5124205 3045270 6682.26634   58  193 6806.00000 5644.16017  17.1%   211 30318s
 5125357 3046039 6466.01966   40  183 6806.00000 5644.19746  17.1%   211 30325s
 5126623 3046676 6296.75649   49  238 6806.00000 5644.22094  17.1%   211 30332s
 5127748 3047294 6304.29412   44  137 6806.00000 5644.23285  17.1%   211 30338s
 5128985 3048045     cutoff   45      6806.00000 5644.27202  17.1%   211 30345s
 5130186 3048605 6093.45536   37  165 6806.00000 5644.29562  17.1%   211 30353s
 5131174 3049383 6465.67101   63  166 6806.00000 5644.30441  17.1%   211 30360s
 5132535 3050122 6730.01415   68  132 6806.00000 5644.34173  17.1%   211 30367s
 5133738 3050741 6171.00000   36   79 6806.00000 5644.35663  17.1%   211 30375s
 5134913 3051492 5755.19537   44  310 6806.00000 5644.39807  17.1%   211 30382s
 5136247 3052245 6455.69094   62  148 6806.00000 5644.42541  17.1%   211 30389s
 5137565 3052921 6156.50108   35  216 6806.00000 5644.46038  17.1%   211 30396s
 5138747 3053592 6234.00000   46   55 6806.00000 5644.48285  17.1%   211 30403s
 5140140 3054262 6168.26667   37  153 6806.00000 5644.49910  17.1%   211 30410s
 5141314 3055058 6237.57889   40  167 6806.00000 5644.53646  17.1%   211 30418s
 5142591 3055788 6113.43072   28  278 6806.00000 5644.57176  17.1%   211 30425s
 5143885 3056418 6009.71199   33  283 6806.00000 5644.60308  17.1%   211 30433s
 5145039 3056962 6616.64575   42  196 6806.00000 5644.61302  17.1%   211 30440s
 5146568 3057599     cutoff   45      6806.00000 5644.62614  17.1%   211 30447s
 5147731 3058490 6347.78157   42  190 6806.00000 5644.68658  17.1%   211 30454s
 5149124 3059127 6073.72957   49  214 6806.00000 5644.71368  17.1%   211 30461s
 5150270 3059714 infeasible   67      6806.00000 5644.73854  17.1%   211 30468s
 5151508 3060581 6616.92773   57  195 6806.00000 5644.74879  17.1%   211 30475s
 5152875 3061014 6724.00000   47  166 6806.00000 5644.78706  17.1%   211 30482s
 5153838 3061673 6549.80914   52  128 6806.00000 5644.81432  17.1%   211 30489s
 5155048 3062445 6376.27736   43  149 6806.00000 5644.84518  17.1%   211 30496s
 5156378 3063308 6582.16586   64  178 6806.00000 5644.86919  17.1%   211 30503s
 5157668 3064095 6678.39231   55  125 6806.00000 5644.89303  17.1%   211 30510s
 5158964 3064695 6507.34964   73  173 6806.00000 5644.91245  17.1%   211 30517s
 5160216 3065368 6546.38062   41  190 6806.00000 5644.93238  17.1%   211 30524s
 5161401 3065951 6273.89794   36  162 6806.00000 5644.97206  17.1%   211 30531s
 5162457 3066665 infeasible   44      6806.00000 5644.99879  17.1%   211 30539s
 5163612 3067565 5907.00412   35  233 6806.00000 5645.00628  17.1%   211 30546s
 5165079 3068185     cutoff   60      6806.00000 5645.04790  17.1%   211 30554s
 5166273 3068947     cutoff   37      6806.00000 5645.07123  17.1%   211 30562s
 5167440 3069822 6362.86177   42  158 6806.00000 5645.09677  17.1%   211 30569s
 5168845 3070517 6222.73756   58  178 6806.00000 5645.11124  17.1%   211 30576s
 5170168 3071230     cutoff   53      6806.00000 5645.15679  17.1%   211 30583s
 5171479 3071948 6255.91058   41  182 6806.00000 5645.18081  17.1%   211 30590s
 5172678 3072623 5714.25784   35  259 6806.00000 5645.20784  17.1%   211 30598s
 5173896 3073252 infeasible   34      6806.00000 5645.24604  17.1%   211 30605s
 5175217 3073974     cutoff   37      6806.00000 5645.26603  17.1%   211 30612s
 5176497 3074542 6197.55803   47  171 6806.00000 5645.28458  17.1%   211 30619s
 5177740 3075272 5927.89183   36  196 6806.00000 5645.32404  17.1%   211 30627s
 5178970 3076010 infeasible   40      6806.00000 5645.34778  17.1%   211 30634s
 5180298 3076607 6675.79825   63  121 6806.00000 5645.38262  17.1%   211 30641s
 5181367 3077235 6126.79941   50  143 6806.00000 5645.40000  17.1%   211 30648s
 5182492 3077753 6499.51156   47  170 6806.00000 5645.43810  17.1%   211 30656s
 5183620 3078475 6789.84135   53  155 6806.00000 5645.46335  17.1%   211 30664s
 5184959 3079204 6252.61156   34  204 6806.00000 5645.49807  17.1%   211 30672s
 5186169 3079967 6227.03019   49  156 6806.00000 5645.51896  17.1%   211 30679s
 5187535 3080765 5666.02945   44  284 6806.00000 5645.55364  17.1%   211 30686s
 5188828 3081591 6776.64606   63  137 6806.00000 5645.56518  17.1%   211 30694s
 5190158 3082260 6513.58177   61  192 6806.00000 5645.59964  17.0%   211 30701s
 5191505 3083014 6743.90966   70  163 6806.00000 5645.61732  17.0%   211 30708s
 5192740 3083787 6176.75384   37  187 6806.00000 5645.63956  17.0%   211 30716s
 5193985 3084586 6455.90514   39  147 6806.00000 5645.65821  17.0%   211 30724s
 5195357 3085126 6240.33422   42  182 6806.00000 5645.68940  17.0%   211 30731s
 5196408 3085825 6413.00000   42  124 6806.00000 5645.71467  17.0%   211 30738s
 5197654 3086479 5729.34200   41  318 6806.00000 5645.74334  17.0%   211 30745s
 5198738 3087227 5846.33208   37  127 6806.00000 5645.75633  17.0%   211 30753s
 5200101 3088057 6797.01161   48  200 6806.00000 5645.78019  17.0%   211 30760s
 5201543 3088863 6186.63048   45  198 6806.00000 5645.81250  17.0%   211 30767s
 5202795 3089411 5932.85164   48  182 6806.00000 5645.83172  17.0%   211 30774s
 5204224 3090142 6401.65795   40  186 6806.00000 5645.85604  17.0%   211 30781s
 5205344 3090795 5733.40113   40  312 6806.00000 5645.88771  17.0%   211 30788s
 5206637 3091406 6563.51162   54  202 6806.00000 5645.90135  17.0%   211 30794s
 5207765 3092105 5745.91727   33  237 6806.00000 5645.92624  17.0%   211 30801s
 5208945 3092666 6461.14725   51  200 6806.00000 5645.94637  17.0%   211 30808s
 5210246 3093128 6359.67314   35  150 6806.00000 5645.97037  17.0%   211 30816s
 5211037 3093626 6679.60069   77  212 6806.00000 5645.99284  17.0%   211 30823s
 5211963 3094260 6276.62749   43  183 6806.00000 5646.00015  17.0%   211 30830s
 5213166 3094944 5701.14500   32  244 6806.00000 5646.02569  17.0%   211 30837s
 5214598 3095695     cutoff   40      6806.00000 5646.05520  17.0%   211 30845s
 5215830 3096352 6008.02500   43  175 6806.00000 5646.08540  17.0%   211 30852s
 5217225 3097039 6508.77826   55  209 6806.00000 5646.11182  17.0%   211 30859s
 5218380 3097762 6520.75611   52  146 6806.00000 5646.13796  17.0%   211 30866s
 5219569 3098543 infeasible   45      6806.00000 5646.17521  17.0%   211 30874s
 5220889 3099285 6377.95162   55  204 6806.00000 5646.19394  17.0%   211 30881s
 5222179 3099955 6377.00000   39  129 6806.00000 5646.22279  17.0%   211 30888s
 5223411 3100637 infeasible   50      6806.00000 5646.25123  17.0%   211 30894s
 5224621 3101175 6075.51834   36  164 6806.00000 5646.28455  17.0%   211 30902s
 5225470 3101964 6431.53412   51  219 6806.00000 5646.29693  17.0%   211 30909s
 5226778 3102755 5697.85312   40  273 6806.00000 5646.30432  17.0%   211 30916s
 5228107 3103401 6582.41934   57  187 6806.00000 5646.33308  17.0%   211 30923s
 5229320 3104038 6033.88235   41  148 6806.00000 5646.36830  17.0%   211 30930s
 5230423 3104800 6757.05131   50  133 6806.00000 5646.37604  17.0%   211 30937s
 5231749 3105431 infeasible   57      6806.00000 5646.40000  17.0%   211 30944s
 5232968 3106205 6340.74712   41  279 6806.00000 5646.42505  17.0%   211 30951s
 5234189 3106938 6599.68366   46  209 6806.00000 5646.44009  17.0%   211 30959s
 5235471 3107601 6155.75271   43  136 6806.00000 5646.47850  17.0%   211 30966s
 5236725 3108346 6141.03264   31  296 6806.00000 5646.50360  17.0%   211 30974s
 5237939 3109065 6580.96128   46  145 6806.00000 5646.52681  17.0%   211 30981s
 5239302 3109761 6525.15812   48  177 6806.00000 5646.56035  17.0%   211 30988s
 5240671 3110384 5723.61425   43  224 6806.00000 5646.57917  17.0%   210 30995s
 5241842 3111072 6306.30284   53   98 6806.00000 5646.60159  17.0%   210 31002s
 5243086 3111825 6263.40629   46  129 6806.00000 5646.63627  17.0%   210 31009s
 5244314 3112614 6487.67098   63  209 6806.00000 5646.66731  17.0%   210 31016s
 5245590 3113156 6317.08467   60  142 6806.00000 5646.70719  17.0%   210 31022s
 5246919 3113812 5752.03464   33  329 6806.00000 5646.71394  17.0%   210 31029s
 5248075 3114405 6657.81477   54  162 6806.00000 5646.74675  17.0%   210 31036s
 5249337 3115056 6545.64351   53  176 6806.00000 5646.76509  17.0%   210 31043s
 5250582 3115737 5790.47108   38  250 6806.00000 5646.78872  17.0%   210 31049s
 5251774 3116364 6239.63293   59  216 6806.00000 5646.80777  17.0%   210 31056s
 5253173 3116878 6573.00000   38  169 6806.00000 5646.83970  17.0%   210 31063s
 5254330 3117466     cutoff   58      6806.00000 5646.85995  17.0%   210 31069s
 5255432 3118024 6369.14123   47  141 6806.00000 5646.89188  17.0%   210 31076s
 5256459 3118618 6477.79945   53  240 6806.00000 5646.91777  17.0%   210 31083s
 5257529 3119283 6210.17277   39  174 6806.00000 5646.93627  17.0%   210 31090s
 5258788 3120053 6352.91745   33  198 6806.00000 5646.97656  17.0%   210 31097s
 5260005 3120835 6045.10106   50  202 6806.00000 5647.00814  17.0%   210 31104s
 5261461 3121428 6112.77133   45  221 6806.00000 5647.02805  17.0%   210 31111s
 5262529 3122176 6399.88954   47  161 6806.00000 5647.05000  17.0%   210 31118s
 5263840 3122933 6370.28448   57  121 6806.00000 5647.08143  17.0%   210 31126s
 5265075 3123639 6333.04863   50  208 6806.00000 5647.10594  17.0%   210 31133s
 5266294 3124272 6387.49246   33  208 6806.00000 5647.14299  17.0%   210 31139s
 5267473 3125139 6124.50000   41  107 6806.00000 5647.18921  17.0%   210 31147s
 5268915 3125836 5798.69766   38  226 6806.00000 5647.20916  17.0%   210 31153s
 5270144 3126438 6241.67775   40  109 6806.00000 5647.23291  17.0%   210 31161s
 5271248 3127187 6359.52940   52  242 6806.00000 5647.25924  17.0%   210 31170s
 5272518 3127808 infeasible   40      6806.00000 5647.28605  17.0%   210 31177s
 5273764 3128744 5688.61882   39  178 6806.00000 5647.31083  17.0%   210 31185s
 5275177 3129476     cutoff   52      6806.00000 5647.33333  17.0%   210 31193s
 5276570 3130063 5727.98938   38  219 6806.00000 5647.36381  17.0%   210 31201s
 5277779 3130867 6410.74727   44  153 6806.00000 5647.36519  17.0%   210 31208s
 5279079 3131434 5857.02702   43  156 6806.00000 5647.40822  17.0%   210 31216s
 5280192 3132210 6606.00000   47  127 6806.00000 5647.42339  17.0%   210 31223s
 5281557 3133020 6564.09770   61  147 6806.00000 5647.45619  17.0%   210 31231s
 5282853 3133808 5889.73759   37  284 6806.00000 5647.46765  17.0%   210 31238s
 5284219 3134615 6307.06875   34  195 6806.00000 5647.49766  17.0%   210 31246s
 5285589 3135316 infeasible   48      6806.00000 5647.52436  17.0%   210 31253s
 5286822 3135927 6319.30205   34  281 6806.00000 5647.53945  17.0%   210 31259s
 5287946 3136086 6131.53329   44  259 6806.00000 5647.55471  17.0%   210 31268s
 5288307 3138267 infeasible   46      6806.00000 5647.55772  17.0%   210 31291s
 5292138 3139075 6056.94695   49  192 6806.00000 5647.62454  17.0%   210 31300s
 5293560 3139802 6574.96364   48  152 6806.00000 5647.66871  17.0%   210 31308s
 5294773 3140672 6125.00000   32   68 6806.00000 5647.67662  17.0%   210 31316s
 5296344 3141394 6590.47587   56  219 6806.00000 5647.72588  17.0%   210 31324s
 5297896 3142041 5737.00000   35  153 6806.00000 5647.75996  17.0%   210 31331s
 5299132 3142794 6277.69865   48  148 6806.00000 5647.77833  17.0%   210 31339s
 5300344 3143505 6251.91248   46  241 6806.00000 5647.80000  17.0%   210 31346s
 5301663 3144309 6136.68612   43  209 6806.00000 5647.83462  17.0%   210 31354s
 5302894 3145076 6124.86180   40  280 6806.00000 5647.85490  17.0%   210 31361s
 5304249 3145765 6579.00000   76   90 6806.00000 5647.88988  17.0%   210 31368s
 5305488 3146447 6473.47341   34  121 6806.00000 5647.92359  17.0%   210 31376s
 5306622 3147191 6394.04227   37  203 6806.00000 5647.93928  17.0%   210 31383s
 5307883 3147880 6437.64681   58  182 6806.00000 5647.97585  17.0%   210 31389s
 5309091 3148535 infeasible   38      6806.00000 5648.00798  17.0%   210 31397s
 5310268 3149135 6593.77820   47  148 6806.00000 5648.03704  17.0%   210 31404s
 5311507 3149854 infeasible   42      6806.00000 5648.07507  17.0%   210 31411s
 5312787 3150549     cutoff   65      6806.00000 5648.10353  17.0%   210 31417s
 5314042 3151189 infeasible   38      6806.00000 5648.13157  17.0%   210 31425s
 5315305 3151805     cutoff   50      6806.00000 5648.13627  17.0%   210 31432s
 5316665 3152551 5678.89392   38  203 6806.00000 5648.18049  17.0%   210 31438s
 5317886 3153235 6069.21643   32  254 6806.00000 5648.19609  17.0%   210 31445s
 5319167 3153905 infeasible   75      6806.00000 5648.20439  17.0%   210 31452s
 5320440 3154632 infeasible   45      6806.00000 5648.23478  17.0%   210 31459s
 5321757 3155366 6247.78287   38  262 6806.00000 5648.25907  17.0%   210 31466s
 5323070 3156038 5926.28477   50  218 6806.00000 5648.29515  17.0%   210 31472s
 5324263 3156778 5806.64477   38  318 6806.00000 5648.31976  17.0%   210 31479s
 5325502 3157466 6584.23826   52  154 6806.00000 5648.34615  17.0%   210 31486s
 5326785 3158130 6442.31489   46  183 6806.00000 5648.37047  17.0%   210 31493s
 5327995 3158814 5711.30595   38  189 6806.00000 5648.40494  17.0%   210 31500s
 5329266 3159540     cutoff   43      6806.00000 5648.44192  17.0%   210 31507s
 5330547 3160125 6596.19731   41  147 6806.00000 5648.46917  17.0%   210 31514s
 5331693 3160794     cutoff   37      6806.00000 5648.49028  17.0%   210 31521s
 5333033 3161414 6160.17900   44  107 6806.00000 5648.52319  17.0%   210 31528s
 5334234 3162108 5721.80164   29  258 6806.00000 5648.55914  17.0%   210 31534s
 5335463 3162723 6703.98938   69  134 6806.00000 5648.58497  17.0%   210 31542s
 5336658 3163372 6269.62852   51  242 6806.00000 5648.61239  17.0%   210 31548s
 5337865 3163856 6580.02127   42  149 6806.00000 5648.64734  17.0%   210 31555s
 5338853 3164497 6424.87486   43  227 6806.00000 5648.67064  17.0%   210 31562s
 5339980 3165197     cutoff   61      6806.00000 5648.69860  17.0%   210 31569s
 5341223 3165940     cutoff   51      6806.00000 5648.71487  17.0%   210 31576s
 5342541 3166494 6124.33397   33  290 6806.00000 5648.75687  17.0%   210 31583s
 5343832 3167178 6695.55016   45  205 6806.00000 5648.78491  17.0%   210 31590s
 5345020 3167891 5854.85695   36  183 6806.00000 5648.80815  17.0%   210 31597s
 5346322 3168541 6157.92298   33  280 6806.00000 5648.83600  17.0%   210 31604s
 5347509 3169327 6357.37229   46  210 6806.00000 5648.85376  17.0%   210 31612s
 5348906 3169601 6208.39023   48  162 6806.00000 5648.88889  17.0%   210 31620s
 5349380 3170262 5959.27912   43  222 6806.00000 5648.89030  17.0%   210 31627s
 5350523 3171017 6244.80399   29  167 6806.00000 5648.89194  17.0%   210 31635s
 5351751 3171977 6385.48834   45  173 6806.00000 5648.92056  17.0%   210 31642s
 5353296 3172840 6411.53362   52  206 6806.00000 5648.96022  17.0%   210 31650s
 5354684 3173383     cutoff   42      6806.00000 5649.01187  17.0%   210 31657s
 5355795 3174201 6248.16065   37  135 6806.00000 5649.03520  17.0%   210 31665s
 5357019 3174878 6452.00000   45  142 6806.00000 5649.06220  17.0%   210 31672s
 5358294 3175633 5989.25519   39  141 6806.00000 5649.08315  17.0%   210 31679s
 5359651 3176351 6464.26451   42  158 6806.00000 5649.09843  17.0%   210 31686s
 5360889 3176836 6348.53998   40  181 6806.00000 5649.14033  17.0%   210 31694s
 5361827 3177441 infeasible   48      6806.00000 5649.14981  17.0%   210 31701s
 5363092 3178138 6631.61410   57  200 6806.00000 5649.15000  17.0%   210 31707s
 5364467 3178767 6356.49500   45  249 6806.00000 5649.19274  17.0%   210 31714s
 5365777 3179309 6415.30013   49  185 6806.00000 5649.21041  17.0%   210 31721s
 5366805 3179848 6647.70642   70  196 6806.00000 5649.22620  17.0%   210 31727s
 5367708 3180477 6032.82875   36  187 6806.00000 5649.25618  17.0%   210 31735s
 5368794 3181075 5833.74847   41  103 6806.00000 5649.27802  17.0%   210 31742s
 5369828 3181649     cutoff   32      6806.00000 5649.28942  17.0%   210 31749s
 5370870 3182282 6258.25931   41  194 6806.00000 5649.31411  17.0%   210 31757s
 5372092 3183020 5967.94377   46  256 6806.00000 5649.34622  17.0%   210 31764s
 5373321 3183836 6235.70512   41  178 6806.00000 5649.36215  17.0%   210 31772s
 5374598 3184447 5776.90044   37  232 6806.00000 5649.39410  17.0%   210 31779s
 5375744 3185147 6454.04826   38  279 6806.00000 5649.41485  17.0%   210 31787s
 5376900 3185900 5917.37286   40  193 6806.00000 5649.43539  17.0%   210 31795s
 5378256 3186593 6359.08955   45  195 6806.00000 5649.45656  17.0%   210 31802s
 5379540 3187438 6112.91143   44  168 6806.00000 5649.50000  17.0%   210 31809s
 5380893 3188164 6312.27236   69  168 6806.00000 5649.52413  17.0%   210 31816s
 5382099 3188765 infeasible   42      6806.00000 5649.54755  17.0%   210 31823s
 5383231 3189560 6050.68676   39  134 6806.00000 5649.57235  17.0%   210 31830s
 5384580 3190129 infeasible   52      6806.00000 5649.60159  17.0%   210 31836s
 5385743 3190693 5655.53197   36  229 6806.00000 5649.62423  17.0%   210 31843s
 5386774 3191254 6283.98832   39  148 6806.00000 5649.64024  17.0%   210 31850s
 5387960 3192060 5736.71063   29  197 6806.00000 5649.67909  17.0%   210 31857s
 5389308 3192729 6658.43338   48  246 6806.00000 5649.69756  17.0%   210 31864s
 5390543 3193381 6366.94237   44  183 6806.00000 5649.73267  17.0%   210 31871s
 5391763 3193952 6606.83867   40  143 6806.00000 5649.75998  17.0%   210 31877s
 5392798 3194759 6426.60939   62  133 6806.00000 5649.78186  17.0%   210 31884s
 5394081 3194765 6477.58400   48  204 6806.00000 5649.82131  17.0%   210 31894s
 5394098 3194775 6494.64602   49  206 6806.00000 5649.82131  17.0%   210 31901s
 5394112 3194787 6507.61669   50  213 6806.00000 5649.82230  17.0%   210 31908s
 5394132 3194998 6706.13570   51  178 6806.00000 5649.82230  17.0%   210 31915s
 5394586 3195437     cutoff   52      6806.00000 5649.82232  17.0%   210 31922s
 5395445 3196053     cutoff   52      6806.00000 5649.82856  17.0%   210 31929s
 5396749 3196599 6138.37897   32  200 6806.00000 5649.88476  17.0%   210 31937s
 5397789 3197205 5751.05148   31  334 6806.00000 5649.91150  17.0%   210 31945s
 5398887 3197985 5958.90000   38  124 6806.00000 5649.95089  17.0%   210 31952s
 5400263 3198674     cutoff   60      6806.00000 5649.98661  17.0%   210 31960s
 5401521 3199423 6480.32134   44  167 6806.00000 5650.00663  17.0%   210 31967s
 5403045 3200166 6238.42848   32  132 6806.00000 5650.03780  17.0%   210 31975s
 5404302 3200839 5794.20000   29  213 6806.00000 5650.06907  17.0%   210 31982s
 5405553 3201508 5949.08012   32  204 6806.00000 5650.09224  17.0%   210 31989s
 5406654 3202137 6370.07478   43  106 6806.00000 5650.11720  17.0%   210 31997s
 5407751 3202817 6542.29134   61  110 6806.00000 5650.14560  17.0%   210 32004s
 5409026 3203588 6351.04087   32  136 6806.00000 5650.17021  17.0%   210 32011s
 5410206 3204180 6250.85008   42  216 6806.00000 5650.19160  17.0%   210 32018s
 5411685 3204735 5727.31581   35  291 6806.00000 5650.20000  17.0%   210 32025s
 5412948 3205235 6688.00000   61   99 6806.00000 5650.20911  17.0%   210 32032s
 5414025 3205930 6199.33515   45  232 6806.00000 5650.23844  17.0%   210 32039s
 5415290 3206656 5973.31048   46  200 6806.00000 5650.24742  17.0%   210 32046s
 5416531 3207400 5877.09398   44  250 6806.00000 5650.28488  17.0%   210 32053s
 5417797 3208010 6099.73406   34  278 6806.00000 5650.32116  17.0%   210 32060s
 5418915 3208790 6161.78912   39  112 6806.00000 5650.34123  17.0%   210 32068s
 5420335 3209490 6259.01780   41  246 6806.00000 5650.36492  17.0%   210 32075s
 5421472 3210100 6750.97470   58  192 6806.00000 5650.38825  17.0%   210 32082s
 5422546 3210793 5959.53586   41  203 6806.00000 5650.40874  17.0%   210 32089s
 5423830 3211566 6469.00000   47  146 6806.00000 5650.42996  17.0%   210 32096s
 5425093 3212302 6380.85641   52  168 6806.00000 5650.46472  17.0%   210 32103s
 5426457 3212943 6227.72922   43  279 6806.00000 5650.50154  17.0%   210 32110s
 5427700 3213786     cutoff   51      6806.00000 5650.53177  17.0%   210 32117s
 5429066 3214465 6242.07316   34  227 6806.00000 5650.56087  17.0%   210 32124s
 5430339 3215221 5789.09377   37  166 6806.00000 5650.58468  17.0%   210 32131s
 5431478 3215951 6457.03426   48  174 6806.00000 5650.60890  17.0%   210 32138s
 5432773 3216624 5794.15728   27  129 6806.00000 5650.63149  17.0%   210 32145s
 5434047 3217313 6124.57311   50  252 6806.00000 5650.65363  17.0%   210 32152s
 5435294 3218027 6599.46977   48  160 6806.00000 5650.66928  17.0%   210 32159s
 5436456 3218460 infeasible   43      6806.00000 5650.71070  17.0%   210 32168s
 5437150 3219306 6469.53574   44  145 6806.00000 5650.71070  17.0%   210 32177s
 5438650 3220065 6348.28689   41  229 6806.00000 5650.71926  17.0%   210 32185s
 5440088 3220903 5844.50249   45  203 6806.00000 5650.79729  17.0%   210 32193s
 5441545 3221680 6624.91980   57  159 6806.00000 5650.82012  17.0%   210 32201s
 5442907 3222475 5828.96460   47  119 6806.00000 5650.86812  17.0%   210 32208s
 5444261 3223126 6036.57236   29  215 6806.00000 5650.90625  17.0%   210 32216s
 5445493 3223744 6546.70854   50  165 6806.00000 5650.95540  17.0%   210 32223s
 5446680 3224579 6609.14953   69  140 6806.00000 5650.97582  17.0%   210 32231s
 5448089 3225310 6746.62381   62  197 6806.00000 5651.00582  17.0%   210 32239s
 5449392 3226033 6295.98952   32  261 6806.00000 5651.03092  17.0%   210 32246s
 5450674 3226755 6588.62458   38  208 6806.00000 5651.04656  17.0%   210 32253s
 5451991 3227486 5752.40731   45  235 6806.00000 5651.09219  17.0%   210 32261s
 5453426 3228183 5757.89212   30  298 6806.00000 5651.11920  17.0%   210 32268s
 5454602 3228999 6080.41821   44  206 6806.00000 5651.14457  17.0%   210 32276s
 5455982 3229623 6206.39946   49  176 6806.00000 5651.18000  17.0%   210 32283s
 5457185 3230214 6267.56397   38  161 6806.00000 5651.20374  17.0%   210 32289s
 5458325 3230968 6783.13863   79  151 6806.00000 5651.23755  17.0%   210 32297s
 5459673 3231756 6684.16900   60  126 6806.00000 5651.27718  17.0%   210 32304s
 5460970 3232474 5836.59844   38  219 6806.00000 5651.30757  17.0%   210 32311s
 5462289 3233245 infeasible   66      6806.00000 5651.33846  17.0%   210 32318s
 5463575 3234004 6179.46902   51  187 6806.00000 5651.36094  17.0%   210 32325s
 5464864 3234628     cutoff   47      6806.00000 5651.40389  17.0%   210 32331s
 5465989 3235339 6450.71055   52  151 6806.00000 5651.42544  17.0%   210 32338s
 5467350 3235997 6704.85972   72  223 6806.00000 5651.43387  17.0%   210 32345s
 5468575 3236644 6250.62251   59   85 6806.00000 5651.46709  17.0%   210 32352s
 5469834 3237273 6379.21940   38  154 6806.00000 5651.48342  17.0%   210 32358s
 5470933 3238062 6451.41068   50  179 6806.00000 5651.51010  17.0%   210 32365s
 5472332 3238755 6381.04717   57  103 6806.00000 5651.53719  17.0%   210 32373s
 5473551 3239431 infeasible   39      6806.00000 5651.56386  17.0%   210 32380s
 5474761 3240061 6617.86082   40  135 6806.00000 5651.59069  17.0%   210 32387s
 5476057 3240784 5911.69271   37  240 6806.00000 5651.61381  17.0%   210 32394s
 5477298 3241472 5724.31250   25  185 6806.00000 5651.64311  17.0%   210 32401s
 5478471 3242047 6587.95575   48  117 6806.00000 5651.65950  17.0%   210 32409s
 5479523 3242776 5815.41554   40  161 6806.00000 5651.68152  17.0%   210 32416s
 5480864 3243480 6159.01877   38  240 6806.00000 5651.71728  17.0%   210 32424s
 5482104 3244316 6353.11983   51  132 6806.00000 5651.74750  17.0%   210 32431s
 5483462 3244934 6310.36592   45  332 6806.00000 5651.77032  17.0%   210 32438s
 5484555 3245665 5860.60000   40  190 6806.00000 5651.79805  17.0%   210 32446s
 5485947 3246429 6190.51099   48  208 6806.00000 5651.81629  17.0%   210 32453s
 5487321 3246647 5864.75355   30  242 6806.00000 5651.84459  17.0%   210 32461s
 5487675 3247306 6324.12736   39  200 6806.00000 5651.84459  17.0%   210 32468s
 5488819 3247893 6322.27325   50  228 6806.00000 5651.85714  17.0%   210 32476s
 5490046 3248543 6391.00442   53  184 6806.00000 5651.88980  17.0%   210 32483s
 5491430 3249078 6267.71621   38  141 6806.00000 5651.90738  17.0%   210 32489s
 5492458 3249739 6258.05072   27  170 6806.00000 5651.93250  17.0%   210 32496s
 5493476 3250393 6780.14479   52  152 6806.00000 5651.94500  17.0%   210 32503s
 5494664 3251094 6128.20000   40  176 6806.00000 5651.97252  17.0%   210 32511s
 5495986 3251820 6359.27931   47  204 6806.00000 5651.98627  17.0%   210 32517s
 5497313 3252593 6235.76667   40  117 6806.00000 5652.02885  17.0%   210 32524s
 5498616 3253250 5930.46774   35  142 6806.00000 5652.05830  17.0%   210 32531s
 5499896 3253899 6567.85461   49  132 6806.00000 5652.07713  17.0%   210 32538s
 5501110 3254565 6341.00000   38  102 6806.00000 5652.10424  17.0%   210 32545s
 5502207 3255226 6141.45695   54  168 6806.00000 5652.11461  17.0%   210 32552s
 5503424 3255814 6508.83024   38  203 6806.00000 5652.14752  17.0%   210 32559s
 5504429 3256364 6043.64160   43  273 6806.00000 5652.16124  17.0%   210 32566s
 5505555 3257112 6256.84422   44  189 6806.00000 5652.18438  17.0%   210 32573s
 5506753 3257841 6264.64892   54  217 6806.00000 5652.20088  17.0%   210 32581s
 5508012 3258463 6014.10000   42  198 6806.00000 5652.22609  17.0%   210 32588s
 5509221 3259082 6594.30337   54  204 6806.00000 5652.24273  17.0%   210 32596s
 5510281 3259915 6397.87627   50  172 6806.00000 5652.27355  17.0%   210 32604s
 5511739 3260656 infeasible   45      6806.00000 5652.30287  17.0%   210 32612s
 5513128 3261345 6471.14346   36  181 6806.00000 5652.33004  17.0%   210 32619s
 5514284 3262143     cutoff   75      6806.00000 5652.34658  17.0%   210 32626s
 5515662 3262874     cutoff   51      6806.00000 5652.38312  16.9%   210 32633s
 5516914 3263510 infeasible   44      6806.00000 5652.40811  16.9%   210 32640s
 5518093 3264227 6205.61662   48  215 6806.00000 5652.43396  16.9%   210 32647s
 5519315 3264876 5955.22713   33  282 6806.00000 5652.45172  16.9%   210 32655s
 5520401 3265628 6302.53145   42  156 6806.00000 5652.47952  16.9%   210 32661s
 5521692 3266353 6357.60670   36  166 6806.00000 5652.51265  16.9%   210 32669s
 5522984 3267082 6266.42487   46  241 6806.00000 5652.53370  16.9%   210 32675s
 5524190 3267690 5852.16116   46  138 6806.00000 5652.56015  16.9%   210 32683s
 5525402 3268463 6339.10846   56  153 6806.00000 5652.58571  16.9%   210 32689s
 5526678 3269246 6197.88075   39  253 6806.00000 5652.60553  16.9%   210 32697s
 5528022 3269912 6620.00000   60  113 6806.00000 5652.63631  16.9%   210 32703s
 5529061 3270511 6710.00000   51  137 6806.00000 5652.65702  16.9%   210 32710s
 5530202 3271287 infeasible   64      6806.00000 5652.67500  16.9%   210 32717s
 5531553 3272062 6519.72062   45  202 6806.00000 5652.71060  16.9%   210 32725s
 5532811 3272855 5780.09837   28  205 6806.00000 5652.72337  16.9%   210 32731s
 5534140 3273549 5751.26685   35  303 6806.00000 5652.74234  16.9%   210 32738s
 5535594 3274253 6300.43996   44  296 6806.00000 5652.76232  16.9%   210 32745s
 5536851 3274948 6316.34223   59  154 6806.00000 5652.78474  16.9%   210 32752s
 5538106 3275556 6386.64866   35  174 6806.00000 5652.82521  16.9%   210 32758s
 5539220 3276253 6364.03089   55  119 6806.00000 5652.84856  16.9%   210 32765s
 5540399 3276965 5704.36948   41  203 6806.00000 5652.86429  16.9%   210 32772s
 5541588 3277612 6545.00000   45   96 6806.00000 5652.90000  16.9%   210 32779s
 5542806 3278324 5804.98725   41  294 6806.00000 5652.92070  16.9%   210 32785s
 5544028 3279045 6102.95705   50  168 6806.00000 5652.94967  16.9%   210 32792s
 5545278 3279697 6217.87204   45  155 6806.00000 5652.95215  16.9%   210 32799s
 5546413 3280482 6476.54165   44  170 6806.00000 5652.97779  16.9%   210 32807s
 5547804 3281211 5820.78942   35  269 6806.00000 5652.99572  16.9%   210 32814s
 5549293 3281877 6322.25485   39  180 6806.00000 5653.04371  16.9%   210 32821s
 5550420 3282618 6493.62317   51  137 6806.00000 5653.06356  16.9%   210 32827s
 5551725 3283283 6459.00000   60  152 6806.00000 5653.09909  16.9%   210 32834s
 5552912 3283747 5761.03494   38  199 6806.00000 5653.13269  16.9%   210 32841s
 5553983 3284445 6335.06500   49  149 6806.00000 5653.14694  16.9%   210 32848s
 5555225 3285100 6081.67521   39  164 6806.00000 5653.17421  16.9%   210 32855s
 5556391 3285294 6516.08377   47  144 6806.00000 5653.19885  16.9%   210 32863s
 5556751 3285802 6388.00000   39   89 6806.00000 5653.19885  16.9%   210 32870s
 5557745 3286561 5905.67500   40  117 6806.00000 5653.21434  16.9%   210 32878s
 5559017 3287211 6065.56718   37  325 6806.00000 5653.24465  16.9%   210 32885s
 5560180 3287928 5932.13270   49  242 6806.00000 5653.27000  16.9%   210 32893s
 5561402 3288662 6271.37864   42  154 6806.00000 5653.29050  16.9%   210 32900s
 5562651 3289500 6796.00000   58  102 6806.00000 5653.31341  16.9%   210 32907s
 5563948 3290273 5948.25344   46  205 6806.00000 5653.33900  16.9%   210 32914s
 5565247 3290867 5953.61526   51  210 6806.00000 5653.35916  16.9%   210 32922s
 5566320 3291573 6662.92731   67  204 6806.00000 5653.38528  16.9%   210 32929s
 5567563 3292487 5688.50262   45  195 6806.00000 5653.41349  16.9%   210 32936s
 5568922 3293157 6640.57536   68  183 6806.00000 5653.43055  16.9%   210 32943s
 5570088 3293748 6281.73361   47  132 6806.00000 5653.45805  16.9%   210 32950s
 5571201 3294396 6452.97640   37  202 6806.00000 5653.48049  16.9%   210 32957s
 5572274 3295097 5760.67151   40  254 6806.00000 5653.49663  16.9%   210 32964s
 5573551 3295818 6619.90870   50  114 6806.00000 5653.52196  16.9%   210 32971s
 5574929 3296407 infeasible   35      6806.00000 5653.55892  16.9%   210 32978s
 5576041 3297114 infeasible   50      6806.00000 5653.58250  16.9%   210 32986s
 5577268 3297876 6296.84345   54  220 6806.00000 5653.60060  16.9%   210 32993s
 5578494 3298500 6515.31302   51   96 6806.00000 5653.62188  16.9%   210 33000s
 5579757 3299220 5908.15866   39  265 6806.00000 5653.66232  16.9%   210 33007s
 5581007 3299832 6331.52897   39  239 6806.00000 5653.69027  16.9%   210 33014s
 5582206 3300557 6182.67198   45  139 6806.00000 5653.72086  16.9%   210 33021s
 5583425 3301301 6447.94784   48  166 6806.00000 5653.73695  16.9%   210 33029s
 5584654 3302203 6636.05758   55  245 6806.00000 5653.76440  16.9%   210 33036s
 5586164 3302809 6283.91758   44  249 6806.00000 5653.77959  16.9%   210 33043s
 5587328 3303606 6662.80674   64  102 6806.00000 5653.81041  16.9%   210 33050s
 5588704 3304327 6140.94676   52  226 6806.00000 5653.83441  16.9%   210 33057s
 5589905 3304956 6578.19997   56  202 6806.00000 5653.85434  16.9%   210 33063s
 5591031 3305724     cutoff   68      6806.00000 5653.86906  16.9%   210 33070s
 5592301 3306427 5983.55025   35  203 6806.00000 5653.90519  16.9%   210 33077s
 5593481 3306906 6712.54545   42  135 6806.00000 5653.92500  16.9%   210 33084s
 5594481 3307575 5767.89966   33  128 6806.00000 5653.94872  16.9%   210 33090s
 5595677 3308304 6275.91715   40  210 6806.00000 5653.97792  16.9%   210 33097s
 5597020 3308962 5913.69904   38  250 6806.00000 5654.01568  16.9%   210 33105s
 5598231 3309605 6345.00541   42  208 6806.00000 5654.04152  16.9%   210 33111s
 5599386 3310258     cutoff   54      6806.00000 5654.07291  16.9%   210 33118s
 5600516 3310941 6210.78543   28  195 6806.00000 5654.09679  16.9%   210 33125s
 5601837 3311733 6177.08835   32  184 6806.00000 5654.11725  16.9%   210 33132s
 5603167 3312415 6551.68634   75  138 6806.00000 5654.13349  16.9%   210 33139s
 5604266 3312976 5857.11071   42  191 6806.00000 5654.16278  16.9%   210 33145s
 5605384 3313546 6660.23023   44  132 6806.00000 5654.19161  16.9%   210 33152s
 5606598 3314136 5741.02949   37  226 6806.00000 5654.22019  16.9%   210 33158s
 5607795 3314828 infeasible   44      6806.00000 5654.24053  16.9%   210 33165s
 5608994 3315536 6228.45225   45  218 6806.00000 5654.26106  16.9%   210 33172s
 5610184 3316071 5934.85000   36  128 6806.00000 5654.29029  16.9%   210 33179s
 5611221 3316733 6340.73684   41  141 6806.00000 5654.31486  16.9%   210 33186s
 5612440 3317445 infeasible   53      6806.00000 5654.34077  16.9%   210 33194s
 5613603 3318206 5998.02445   42  262 6806.00000 5654.36365  16.9%   210 33200s
 5614909 3318724 6468.00000   48   58 6806.00000 5654.38692  16.9%   210 33208s
 5615897 3319438 5750.40537   44  190 6806.00000 5654.40844  16.9%   210 33215s
 5617125 3320154 6704.69647   86  146 6806.00000 5654.42630  16.9%   210 33222s
 5618379 3320918 6206.73800   43  214 6806.00000 5654.46277  16.9%   210 33229s
 5619633 3321525 6739.02856   57  117 6806.00000 5654.50000  16.9%   210 33236s
 5620843 3322121 6190.28014   44  241 6806.00000 5654.50248  16.9%   210 33243s
 5622147 3322712 6273.98679   51  102 6806.00000 5654.54190  16.9%   210 33250s
 5623267 3323367 6247.49399   44  173 6806.00000 5654.56739  16.9%   210 33257s
 5624343 3324060     cutoff   67      6806.00000 5654.58505  16.9%   210 33264s
 5625582 3324721 6730.04400   54  142 6806.00000 5654.61679  16.9%   210 33271s
 5626742 3325416 5754.89041   37  222 6806.00000 5654.64518  16.9%   210 33278s
 5628021 3325978 6071.32504   48  235 6806.00000 5654.66283  16.9%   210 33286s
 5629154 3326728     cutoff   56      6806.00000 5654.68578  16.9%   210 33293s
 5630411 3327029 6450.61881   47  216 6806.00000 5654.72889  16.9%   210 33301s
 5630984 3327707 6300.73572   47  149 6806.00000 5654.73554  16.9%   210 33309s
 5632084 3328518 5760.51229   39  296 6806.00000 5654.75246  16.9%   210 33317s
 5633386 3329260 6697.75221   45  180 6806.00000 5654.78122  16.9%   210 33325s
 5634720 3330036 6474.19361   42  169 6806.00000 5654.80000  16.9%   210 33332s
 5636051 3330936 6302.76533   46  181 6806.00000 5654.82759  16.9%   210 33340s
 5637504 3331552 6088.90216   35  254 6806.00000 5654.86255  16.9%   210 33346s
 5638585 3332188 5853.55147   43  194 6806.00000 5654.87500  16.9%   210 33353s
 5639909 3332864 6185.31176   35  219 6806.00000 5654.90000  16.9%   210 33359s
 5641058 3333563 6489.50192   47   78 6806.00000 5654.92111  16.9%   210 33366s
 5642287 3334188 6785.76599   45  186 6806.00000 5654.95268  16.9%   210 33373s
 5643460 3334801 6348.91361   35  160 6806.00000 5654.98103  16.9%   210 33379s
 5644601 3335292 6754.68564   55  163 6806.00000 5655.00000  16.9%   210 33386s
 5645760 3335947 5707.50000   43  110 6806.00000 5655.02300  16.9%   210 33392s
 5646907 3336697 6009.70000   46  155 6806.00000 5655.05463  16.9%   210 33399s
 5648024 3337462 6252.92503   49  222 6806.00000 5655.06798  16.9%   210 33406s
 5649341 3338047 6394.83982   40  148 6806.00000 5655.08678  16.9%   210 33413s
 5650442 3338747 6290.14473   39  207 6806.00000 5655.10767  16.9%   210 33419s
 5651676 3339470 6016.96959   38  235 6806.00000 5655.13886  16.9%   210 33426s
 5652861 3340251 infeasible   38      6806.00000 5655.15912  16.9%   210 33433s
 5654125 3340904 6614.82415   45  194 6806.00000 5655.17728  16.9%   210 33441s
 5655379 3341604 6701.00000   55  138 6806.00000 5655.20306  16.9%   210 33447s
 5656712 3342348     cutoff   64      6806.00000 5655.22609  16.9%   210 33454s
 5658001 3343057 5868.14047   38  233 6806.00000 5655.23680  16.9%   210 33461s
 5659259 3343709 6289.79031   43  183 6806.00000 5655.27694  16.9%   210 33467s
 5660334 3344454 6183.64554   45  165 6806.00000 5655.29743  16.9%   210 33474s
 5661573 3345150 5710.90000   27  106 6806.00000 5655.32049  16.9%   210 33480s
 5662728 3345823 6491.28526   49  159 6806.00000 5655.33529  16.9%   210 33487s
 5663988 3346511 infeasible   50      6806.00000 5655.36362  16.9%   210 33495s
 5665282 3346994 6658.28270   67  223 6806.00000 5655.38348  16.9%   210 33502s
 5666299 3347727 6245.59926   37  330 6806.00000 5655.41545  16.9%   210 33508s
 5667472 3348304 6300.51551   41  124 6806.00000 5655.43659  16.9%   210 33516s
 5668972 3348941 6008.62500   37  166 6806.00000 5655.43759  16.9%   210 33522s
 5670193 3349597 6352.13585   35  206 6806.00000 5655.46667  16.9%   210 33529s
 5671432 3350378 5809.64889   39  127 6806.00000 5655.49539  16.9%   210 33535s
 5672652 3351088 6698.12458   64  143 6806.00000 5655.51153  16.9%   210 33542s
 5673917 3351788 6675.98519   61  221 6806.00000 5655.53695  16.9%   210 33549s
 5675018 3352493 6236.27351   34  138 6806.00000 5655.55210  16.9%   210 33557s
 5676237 3353194 6373.70140   42  214 6806.00000 5655.56641  16.9%   210 33564s
 5677536 3353896 infeasible   37      6806.00000 5655.59800  16.9%   210 33571s
 5678837 3354512 6352.13912   56  201 6806.00000 5655.61509  16.9%   210 33579s
 5679974 3355228 5859.44454   45  243 6806.00000 5655.62500  16.9%   210 33586s
 5681399 3355890     cutoff   51      6806.00000 5655.66667  16.9%   210 33593s
 5682635 3356654 6468.33935   61  165 6806.00000 5655.68468  16.9%   210 33600s
 5683834 3357418 6266.33045   51  297 6806.00000 5655.70243  16.9%   210 33607s
 5685131 3358036 6329.53846   34  164 6806.00000 5655.72604  16.9%   210 33614s
 5686180 3358830 6257.38586   44  115 6806.00000 5655.75214  16.9%   210 33621s
 5687505 3359534 6550.02367   62  147 6806.00000 5655.76242  16.9%   210 33628s
 5688705 3360190 infeasible   36      6806.00000 5655.78177  16.9%   210 33635s
 5689800 3360904 6145.76037   55  140 6806.00000 5655.78810  16.9%   210 33643s
 5690983 3361520     cutoff   64      6806.00000 5655.81351  16.9%   210 33650s
 5692107 3362367 5784.76773   40  324 6806.00000 5655.83428  16.9%   210 33658s
 5693596 3362943 5723.29039   40  234 6806.00000 5655.85906  16.9%   210 33665s
 5694722 3363675 6637.02488   50  208 6806.00000 5655.87960  16.9%   210 33672s
 5695941 3364340 6354.04892   44  141 6806.00000 5655.90976  16.9%   210 33679s
 5697119 3365110 6503.65609   37  143 6806.00000 5655.92024  16.9%   210 33687s
 5698403 3365865 6476.71348   53  154 6806.00000 5655.95859  16.9%   210 33694s
 5699697 3366533 6244.23671   42  132 6806.00000 5655.98923  16.9%   210 33701s
 5701150 3367165 6722.62287   63  182 6806.00000 5655.99006  16.9%   210 33708s
 5702332 3367669 6226.66172   45  222 6806.00000 5656.01521  16.9%   210 33715s
 5703503 3368254     cutoff   53      6806.00000 5656.03463  16.9%   210 33722s
 5704624 3368990 5850.73346   44  152 6806.00000 5656.06685  16.9%   210 33729s
 5705981 3369786 6153.59334   33  253 6806.00000 5656.08928  16.9%   210 33737s
 5707244 3370542 6238.57426   33  201 6806.00000 5656.11860  16.9%   210 33743s
 5708492 3371202     cutoff   56      6806.00000 5656.13361  16.9%   210 33751s
 5709799 3371703 6078.10809   51  282 6806.00000 5656.17008  16.9%   210 33758s
 5710669 3372620 6419.26959   43  149 6806.00000 5656.19151  16.9%   210 33769s
 5712384 3373289     cutoff   83      6806.00000 5656.23725  16.9%   210 33777s
 5713907 3373976 6357.55824   52  145 6806.00000 5656.24937  16.9%   210 33784s
 5715209 3374624 6372.09893   39  223 6806.00000 5656.29165  16.9%   210 33792s
 5716468 3375420 5775.18898   42  192 6806.00000 5656.31793  16.9%   210 33799s
 5717864 3375958     cutoff   61      6806.00000 5656.35269  16.9%   210 33806s
 5718875 3376670 infeasible   48      6806.00000 5656.36872  16.9%   210 33813s
 5720157 3377330 6478.66217   56  163 6806.00000 5656.39811  16.9%   210 33820s
 5721521 3378072 6308.65708   43  283 6806.00000 5656.41929  16.9%   210 33827s
 5722829 3378723 6307.98089   41  225 6806.00000 5656.43293  16.9%   210 33834s
 5724213 3379521     cutoff   49      6806.00000 5656.46302  16.9%   210 33841s
 5725518 3380225 6457.73051   54  182 6806.00000 5656.48292  16.9%   210 33848s
 5726721 3380807 6301.54059   54  198 6806.00000 5656.51793  16.9%   210 33856s
 5727825 3381591 infeasible   50      6806.00000 5656.53787  16.9%   210 33863s
 5729139 3382130 6599.06215   37  194 6806.00000 5656.56164  16.9%   210 33870s
 5730442 3382785 6083.92398   38  198 6806.00000 5656.58758  16.9%   210 33876s
 5731568 3383513 6697.00000   43  149 6806.00000 5656.60603  16.9%   210 33883s
 5732760 3384302 6181.53897   46  173 6806.00000 5656.62861  16.9%   210 33890s
 5733996 3385022 6005.79876   43  280 6806.00000 5656.63611  16.9%   210 33897s
 5735290 3385670 6076.88766   32  180 6806.00000 5656.67227  16.9%   210 33903s
 5736490 3386461 infeasible   44      6806.00000 5656.69564  16.9%   210 33910s
 5737816 3386660 6286.24682   36  200 6806.00000 5656.72908  16.9%   210 33919s
 5738162 3387311 6614.01673   45  264 6806.00000 5656.72908  16.9%   210 33926s
 5739261 3387999 6603.50000   48   69 6806.00000 5656.73369  16.9%   210 33933s
 5740401 3388620 6026.65255   41  223 6806.00000 5656.75550  16.9%   210 33940s
 5741612 3389275 infeasible   73      6806.00000 5656.81177  16.9%   210 33947s
 5742773 3389965 6637.20267   57  202 6806.00000 5656.83221  16.9%   210 33954s
 5744021 3390623 6118.20136   37  221 6806.00000 5656.86156  16.9%   210 33961s
 5745215 3391343 6531.44556   53  117 6806.00000 5656.89218  16.9%   210 33968s
 5746438 3391978 6077.65790   35  313 6806.00000 5656.91726  16.9%   210 33976s
 5747518 3392640 5869.39027   38  208 6806.00000 5656.93100  16.9%   210 33984s
 5749004 3393344 6310.62590   38  176 6806.00000 5656.95390  16.9%   210 33991s
 5750274 3393999 6239.15661   55  199 6806.00000 5656.98284  16.9%   210 33998s
 5751453 3394609 6281.67714   39  223 6806.00000 5657.01252  16.9%   210 34005s
 5752553 3395409 6501.67638   79  230 6806.00000 5657.02785  16.9%   210 34013s
 5753944 3396147 6256.97461   40  211 6806.00000 5657.05953  16.9%   210 34020s
 5755265 3396737 infeasible   38      6806.00000 5657.08602  16.9%   210 34027s
 5756414 3397500 6155.20844   46  204 6806.00000 5657.11368  16.9%   210 34034s
 5757654 3398218 6174.40544   37  216 6806.00000 5657.13600  16.9%   210 34041s
 5758899 3399029 6481.85794   59  141 6806.00000 5657.16979  16.9%   210 34049s
 5760274 3399747 6551.90743   54  179 6806.00000 5657.19597  16.9%   210 34056s
 5761575 3400384 5868.99482   38  256 6806.00000 5657.22051  16.9%   210 34063s
 5762714 3401002 6300.41200   40  264 6806.00000 5657.23679  16.9%   210 34070s
 5763898 3401746 5841.10000   39  160 6806.00000 5657.29572  16.9%   210 34078s
 5765063 3402460 6481.95745   55  164 6806.00000 5657.31143  16.9%   210 34085s
 5766288 3403266 6031.57074   38  250 6806.00000 5657.33965  16.9%   210 34092s
 5767567 3403768 5764.31444   39  282 6806.00000 5657.34383  16.9%   210 34099s
 5768851 3404465 6238.68670   37  220 6806.00000 5657.34770  16.9%   210 34106s
 5770123 3405172 5799.37951   47  187 6806.00000 5657.39534  16.9%   210 34112s
 5771241 3405979     cutoff   47      6806.00000 5657.40332  16.9%   210 34119s
 5772611 3406767 6558.98403   69  124 6806.00000 5657.43874  16.9%   210 34126s
 5773936 3407422 infeasible   34      6806.00000 5657.47190  16.9%   210 34133s
 5774980 3408113 6506.54368   43  212 6806.00000 5657.49006  16.9%   210 34139s
 5776278 3408767 6548.39621   59  192 6806.00000 5657.51215  16.9%   210 34146s
 5777476 3409215 6150.26670   36  178 6806.00000 5657.53913  16.9%   210 34155s
 5778390 3409848 6049.68596   45  194 6806.00000 5657.54222  16.9%   210 34162s
 5779680 3410490 6196.62162   43  187 6806.00000 5657.57500  16.9%   210 34168s
 5781011 3411116 6351.34302   51  171 6806.00000 5657.60892  16.9%   210 34175s
 5782310 3411922 6658.08689   62  214 6806.00000 5657.64460  16.9%   210 34183s
 5783678 3412765 5740.68898   35  261 6806.00000 5657.67472  16.9%   210 34190s
 5785028 3413412 6218.50000   39   63 6806.00000 5657.69223  16.9%   210 34196s
 5786175 3414067 infeasible   69      6806.00000 5657.70916  16.9%   210 34202s
 5787351 3414833 6378.39091   50  162 6806.00000 5657.74346  16.9%   210 34209s
 5788659 3415499 6394.39664   47   94 6806.00000 5657.77371  16.9%   210 34216s
 5789856 3416057 6272.25644   36  146 6806.00000 5657.80000  16.9%   210 34223s
 5790999 3416697     cutoff   56      6806.00000 5657.81590  16.9%   210 34230s
 5792129 3417271 6374.00000   53   75 6806.00000 5657.83541  16.9%   210 34236s
 5793277 3417984 infeasible   26      6806.00000 5657.85579  16.9%   210 34244s
 5794435 3418677 5774.13268   41  193 6806.00000 5657.87885  16.9%   210 34251s
 5795738 3419296 5862.56896   45  214 6806.00000 5657.90606  16.9%   210 34257s
 5797012 3419920 6661.04457   64  183 6806.00000 5657.91818  16.9%   210 34264s
 5798200 3420722 5778.71542   34  306 6806.00000 5657.95226  16.9%   210 34271s
 5799485 3421305     cutoff   50      6806.00000 5657.96151  16.9%   210 34278s
 5800682 3421945 6755.58337   48  160 6806.00000 5657.97391  16.9%   210 34285s
 5801869 3422606 6343.70378   33  187 6806.00000 5658.00000  16.9%   210 34292s
 5803013 3423487 infeasible   62      6806.00000 5658.02500  16.9%   210 34300s
 5804424 3424259 6606.26694   59  155 6806.00000 5658.04979  16.9%   210 34307s
 5805645 3425096 6099.93380   45  243 6806.00000 5658.08269  16.9%   210 34314s
 5807067 3425841 6478.24867   37  149 6806.00000 5658.10401  16.9%   210 34321s
 5808368 3426513 5837.44444   36  161 6806.00000 5658.13111  16.9%   210 34328s
 5809519 3427051 6231.32029   39  141 6806.00000 5658.15932  16.9%   210 34335s
 5810525 3427628 6380.92846   53  193 6806.00000 5658.17700  16.9%   210 34342s
 5811578 3428307 6787.65132   61  148 6806.00000 5658.20029  16.9%   210 34350s
 5812737 3429204 6534.47249   50  197 6806.00000 5658.22561  16.9%   210 34357s
 5814181 3429954 5755.83842   43  321 6806.00000 5658.24836  16.9%   210 34364s
 5815483 3430676 5860.37061   47  137 6806.00000 5658.27976  16.9%   210 34371s
 5816693 3431255 6148.18221   40  159 6806.00000 5658.30000  16.9%   210 34378s
 5817691 3431924 5730.63694   35  235 6806.00000 5658.32259  16.9%   210 34385s
 5818932 3432594 6263.13145   48  167 6806.00000 5658.34280  16.9%   210 34392s
 5820279 3433421 6057.70525   36  195 6806.00000 5658.36714  16.9%   210 34400s
 5821694 3434094 6328.00000   41  111 6806.00000 5658.39321  16.9%   210 34406s
 5822871 3434689 5756.40794   37  297 6806.00000 5658.41250  16.9%   210 34412s
 5824005 3435325 infeasible   42      6806.00000 5658.43632  16.9%   210 34419s
 5825122 3435839 5857.40000   35  148 6806.00000 5658.45941  16.9%   210 34426s
 5826363 3436370 5771.05814   47  236 6806.00000 5658.46759  16.9%   210 34433s
 5827329 3437068 6509.23185   49  169 6806.00000 5658.48684  16.9%   210 34439s
 5828575 3437769 6369.49507   46  185 6806.00000 5658.51152  16.9%   210 34446s
 5829733 3438475 6325.25644   41  109 6806.00000 5658.53181  16.9%   210 34453s
 5830992 3439094 6658.20571   66  240 6806.00000 5658.56645  16.9%   210 34460s
 5832206 3439738 6214.38632   35  237 6806.00000 5658.59986  16.9%   210 34467s
 5833351 3440470 6773.98258   49  194 6806.00000 5658.61456  16.9%   210 34475s
 5834651 3441145 5813.22764   44  209 6806.00000 5658.64590  16.9%   210 34482s
 5835862 3441807 6373.80483   32  160 6806.00000 5658.67136  16.9%   210 34489s
 5836978 3442688     cutoff   56      6806.00000 5658.69023  16.9%   210 34496s
 5838418 3443215 5848.59869   41  129 6806.00000 5658.70808  16.9%   210 34504s
 5839331 3444029 infeasible   47      6806.00000 5658.72041  16.9%   210 34513s
 5840826 3444734 5867.86172   40  235 6806.00000 5658.76908  16.9%   210 34522s
 5842344 3445454 infeasible   43      6806.00000 5658.80189  16.9%   210 34530s
 5843615 3445984 infeasible   42      6806.00000 5658.83442  16.9%   210 34538s
 5844603 3446545 6283.94737   45  111 6806.00000 5658.85227  16.9%   210 34545s
 5845884 3447335 5758.76856   39  251 6806.00000 5658.85549  16.9%   210 34553s
 5847386 3447948 5837.03851   43  255 6806.00000 5658.87038  16.9%   210 34561s
 5848646 3448725     cutoff   45      6806.00000 5658.89510  16.9%   210 34568s
 5849886 3449468     cutoff   50      6806.00000 5658.92093  16.9%   210 34576s
 5851317 3450307 6181.26490   38  120 6806.00000 5658.94606  16.9%   210 34584s
 5852635 3450908 6241.39333   44  144 6806.00000 5658.96362  16.9%   210 34592s
 5853730 3451712 5765.75207   39  200 6806.00000 5658.98683  16.9%   210 34600s
 5855221 3452227 6270.41621   40  207 6806.00000 5659.01437  16.9%   210 34608s
 5856117 3452979 6339.88527   49  155 6806.00000 5659.01437  16.9%   210 34615s
 5857369 3453514 6305.64889   40  131 6806.00000 5659.05258  16.9%   210 34622s
 5858337 3454372 6503.28691   44  160 6806.00000 5659.07164  16.9%   210 34630s
 5859769 3455090 6640.60741   43  177 6806.00000 5659.10024  16.9%   210 34638s
 5860859 3455853 5777.29101   46  261 6806.00000 5659.12708  16.9%   210 34646s
 5862215 3456699 6279.66667   37  121 6806.00000 5659.15251  16.9%   210 34653s
 5863598 3457485 6148.93309   62  159 6806.00000 5659.18814  16.9%   210 34660s
 5864895 3458186 6515.76535   49  242 6806.00000 5659.20963  16.8%   210 34667s
 5866151 3458890 5794.10330   37  318 6806.00000 5659.22016  16.8%   210 34674s
 5867503 3459547 6355.00762   44  204 6806.00000 5659.24622  16.8%   210 34681s
 5868751 3459800 6341.30518   44  197 6806.00000 5659.26653  16.8%   210 34689s
 5869243 3460327 6341.30338   44  199 6806.00000 5659.27540  16.8%   210 34697s
 5870160 3461016 6341.31308   45  199 6806.00000 5659.28525  16.8%   210 34704s
 5871404 3461624 6252.13631   51  172 6806.00000 5659.31573  16.8%   210 34711s
 5872670 3462294 6477.79717   44  177 6806.00000 5659.35374  16.8%   210 34719s
 5873876 3462973     cutoff   51      6806.00000 5659.38594  16.8%   210 34726s
 5875149 3463662 5778.26617   34  162 6806.00000 5659.41828  16.8%   210 34733s
 5876261 3464307 infeasible   38      6806.00000 5659.43321  16.8%   210 34740s
 5877447 3465072 6226.88179   38  236 6806.00000 5659.45716  16.8%   210 34747s
 5878880 3465772 6688.00464   77  202 6806.00000 5659.47676  16.8%   210 34754s
 5880193 3466496 6781.18988   58  185 6806.00000 5659.50483  16.8%   210 34761s
 5881465 3467140 5844.42106   39  264 6806.00000 5659.53185  16.8%   210 34767s
 5882653 3467773 6609.20743   61  209 6806.00000 5659.57019  16.8%   210 34774s
 5883814 3468430 infeasible   40      6806.00000 5659.58951  16.8%   210 34780s
 5884945 3469028     cutoff   69      6806.00000 5659.60522  16.8%   210 34787s
 5886170 3469728 6474.85066   41  124 6806.00000 5659.64485  16.8%   210 34794s
 5887616 3470370 6027.70106   49  195 6806.00000 5659.66730  16.8%   210 34801s
 5888843 3471018 6471.39378   50  136 6806.00000 5659.68534  16.8%   210 34808s
 5890072 3471678 5757.83576   40  268 6806.00000 5659.71688  16.8%   210 34815s
 5891247 3472308 6600.44644   50  206 6806.00000 5659.73861  16.8%   210 34822s
 5892368 3473112 6593.57317   78  215 6806.00000 5659.73861  16.8%   210 34829s
 5893659 3473795 6497.58523   68  132 6806.00000 5659.77984  16.8%   210 34835s
 5894905 3474517 5995.81972   51  172 6806.00000 5659.80149  16.8%   210 34842s
 5896203 3475058 5951.56082   42  214 6806.00000 5659.82967  16.8%   210 34849s
 5897103 3475746 6454.11875   37  220 6806.00000 5659.84794  16.8%   210 34856s
 5898278 3476393 5706.19392   40  196 6806.00000 5659.87694  16.8%   210 34863s
 5899456 3477131 6463.63682   46  191 6806.00000 5659.90000  16.8%   210 34871s
 5900721 3477814 6524.33533   48  190 6806.00000 5659.92226  16.8%   210 34878s
 5902037 3478350 6663.71114   49  235 6806.00000 5659.94563  16.8%   210 34885s
 5903122 3478974     cutoff   44      6806.00000 5659.97766  16.8%   210 34892s
 5904311 3479722 6224.21944   40  180 6806.00000 5660.00000  16.8%   210 34900s
 5905529 3480467 6535.55774   69  266 6806.00000 5660.01828  16.8%   210 34907s
 5906884 3481076 6595.66372   51  113 6806.00000 5660.05765  16.8%   210 34914s
 5908082 3481778 5752.26830   34  183 6806.00000 5660.08045  16.8%   210 34921s
 5909429 3482518 5785.84770   47  248 6806.00000 5660.12143  16.8%   210 34928s
 5910717 3483156 6162.25906   28  185 6806.00000 5660.15134  16.8%   210 34936s
 5911925 3483761 6713.52717   54   49 6806.00000 5660.17186  16.8%   210 34944s
 5913128 3484375 6732.91621   50  126 6806.00000 5660.19908  16.8%   210 34951s
 5914329 3485114 6660.19800   67  170 6806.00000 5660.20852  16.8%   210 34959s
 5915790 3485659 6326.66180   48  225 6806.00000 5660.23520  16.8%   210 34966s
 5917099 3486435 6141.87012   33  216 6806.00000 5660.27753  16.8%   210 34973s
 5918325 3487147 6721.01643   51  179 6806.00000 5660.30273  16.8%   210 34980s
 5919703 3487908 6151.55000   42  139 6806.00000 5660.33420  16.8%   210 34987s
 5921015 3488527 6777.96288   58  189 6806.00000 5660.35106  16.8%   210 34995s
 5922215 3489308 6411.65047   42  150 6806.00000 5660.37646  16.8%   210 35001s
 5923449 3489898 6105.41432   42  246 6806.00000 5660.40294  16.8%   210 35008s
 5924596 3490639 6141.50000   34  122 6806.00000 5660.42531  16.8%   210 35015s
 5925777 3491310 6404.39998   56  156 6806.00000 5660.43902  16.8%   210 35022s
 5926966 3491976 6242.50000   32  127 6806.00000 5660.46694  16.8%   210 35029s
 5928242 3492741 6350.30797   52  162 6806.00000 5660.49406  16.8%   210 35035s
 5929515 3493544 6181.84798   31  161 6806.00000 5660.50909  16.8%   210 35042s
 5930871 3494189 6142.03140   43  150 6806.00000 5660.55333  16.8%   210 35049s
 5932139 3494635 6165.38785   44  249 6806.00000 5660.56598  16.8%   210 35056s
 5932932 3495491 5724.92074   42  288 6806.00000 5660.59771  16.8%   210 35063s
 5934304 3496298 6152.00000   41  118 6806.00000 5660.60976  16.8%   210 35070s
 5935680 3496777 infeasible   42      6806.00000 5660.62262  16.8%   210 35077s
 5936818 3497414 6558.87935   63  123 6806.00000 5660.63682  16.8%   210 35084s
 5937965 3498091 5691.41236   44  278 6806.00000 5660.66602  16.8%   210 35091s
 5939194 3498777 6637.99296   48  153 6806.00000 5660.70270  16.8%   210 35097s
 5940419 3499611 5705.90166   34  322 6806.00000 5660.72123  16.8%   210 35104s
 5941827 3500126 6598.97796   64  144 6806.00000 5660.74464  16.8%   210 35111s
 5942811 3500329 6622.43702   63  225 6806.00000 5660.77186  16.8%   210 35119s
 5943129 3500942 6633.76326   64  263 6806.00000 5660.77253  16.8%   210 35126s
 5944279 3501634 5885.23076   45  212 6806.00000 5660.79728  16.8%   210 35133s
 5945516 3502387 6168.95428   47  164 6806.00000 5660.81895  16.8%   210 35140s
 5946785 3503167 6596.00000   53   75 6806.00000 5660.85230  16.8%   210 35147s
 5948135 3503950 6552.57723   76  100 6806.00000 5660.86807  16.8%   210 35155s
 5949579 3504597     cutoff   60      6806.00000 5660.89286  16.8%   210 35161s
 5950735 3505155 5855.75493   38  281 6806.00000 5660.91299  16.8%   210 35167s
 5951729 3505700 6296.89447   42  236 6806.00000 5660.93896  16.8%   210 35174s
 5952779 3506319 6322.42167   47  196 6806.00000 5660.95560  16.8%   210 35181s
 5953933 3506977 6267.33730   56  229 6806.00000 5660.98795  16.8%   210 35188s
 5955312 3507594 6106.27376   48  178 6806.00000 5661.01987  16.8%   210 35195s
 5956623 3508158 6356.38111   48  231 6806.00000 5661.04596  16.8%   210 35201s
 5957815 3508807 6332.40509   37  218 6806.00000 5661.06972  16.8%   210 35209s
 5958958 3509534 6220.79579   42  235 6806.00000 5661.09853  16.8%   210 35216s
 5960117 3510127 infeasible   50      6806.00000 5661.12008  16.8%   210 35222s
 5961273 3510833 5680.43630   32  275 6806.00000 5661.12608  16.8%   210 35229s
 5962540 3511209 5968.00597   33  242 6806.00000 5661.15650  16.8%   210 35237s
 5963136 3511916 6227.95345   42  239 6806.00000 5661.17000  16.8%   210 35244s
 5964388 3512655 6772.81758   45  152 6806.00000 5661.19547  16.8%   210 35251s
 5965655 3513318 6131.73687   36  254 6806.00000 5661.22156  16.8%   210 35258s
 5966866 3513994 6187.10939   43  124 6806.00000 5661.24990  16.8%   210 35265s
 5968115 3514779 6607.26189   45  141 6806.00000 5661.27279  16.8%   210 35272s
 5969431 3515507 5789.08197   40  211 6806.00000 5661.30000  16.8%   210 35279s
 5970679 3516216 5728.71699   43  250 6806.00000 5661.32109  16.8%   210 35286s
 5971958 3516693 5788.71716   45  337 6806.00000 5661.33830  16.8%   210 35293s
 5972942 3517427 infeasible   69      6806.00000 5661.37476  16.8%   210 35300s
 5974132 3518237 5904.71250   40  126 6806.00000 5661.40069  16.8%   210 35307s
 5975615 3518992     cutoff   39      6806.00000 5661.41935  16.8%   210 35314s
 5976862 3519619 6387.75190   37  138 6806.00000 5661.44690  16.8%   210 35321s
 5978020 3520202 5892.46404   43  249 6806.00000 5661.47123  16.8%   210 35328s
 5979128 3520837 infeasible   51      6806.00000 5661.50912  16.8%   210 35335s
 5980289 3521423 6617.32929   39  176 6806.00000 5661.51912  16.8%   210 35342s
 5981372 3522231     cutoff   83      6806.00000 5661.54498  16.8%   210 35350s
 5982700 3523000 5801.54219   38  189 6806.00000 5661.57454  16.8%   210 35357s
 5984058 3523730 6392.34812   58  171 6806.00000 5661.59275  16.8%   210 35363s
 5985325 3524539 6307.92555   35  237 6806.00000 5661.60625  16.8%   210 35370s
 5986733 3525025 infeasible   67      6806.00000 5661.63437  16.8%   210 35377s
 5987876 3525673 5924.20281   42  317 6806.00000 5661.65645  16.8%   210 35383s
 5989016 3526348 6510.96989   49  207 6806.00000 5661.68776  16.8%   210 35390s
 5990184 3527007 infeasible   58      6806.00000 5661.70212  16.8%   210 35396s
 5991401 3527505 6437.89404   54  152 6806.00000 5661.73552  16.8%   210 35403s
 5992496 3528161 6261.11218   56  178 6806.00000 5661.75333  16.8%   210 35410s
 5993676 3528782 6301.00000   39  123 6806.00000 5661.80356  16.8%   210 35417s
 5994794 3529394 6570.48108   63   83 6806.00000 5661.80994  16.8%   210 35424s
 5995989 3530149 6307.39754   34  173 6806.00000 5661.85444  16.8%   210 35431s
 5997242 3530843 6314.03889   42  132 6806.00000 5661.87985  16.8%   210 35438s
 5998441 3531565 6326.85329   44  193 6806.00000 5661.89920  16.8%   210 35445s
 5999732 3532306 5807.41798   51  227 6806.00000 5661.92960  16.8%   210 35452s
 6001082 3533031 6086.59034   45  267 6806.00000 5661.95465  16.8%   210 35459s
 6002279 3533813 6595.67283   46  156 6806.00000 5661.98612  16.8%   210 35466s
 6003546 3534096 6295.50000   47  129 6806.00000 5662.00292  16.8%   210 35475s
 6004017 3535632 6618.14776   47  151 6806.00000 5662.00292  16.8%   210 35493s
 6006987 3536450 5947.05028   49  204 6806.00000 5662.03333  16.8%   210 35502s
 6008477 3537146 6050.92686   48  195 6806.00000 5662.08432  16.8%   210 35510s
 6009871 3537703 6148.32847   39  173 6806.00000 5662.10535  16.8%   210 35519s
 6010852 3538452 6173.22003   37  232 6806.00000 5662.12332  16.8%   210 35527s
 6012165 3539289 6329.63292   50  211 6806.00000 5662.13636  16.8%   210 35535s
 6013647 3539986 5746.82923   41  214 6806.00000 5662.16625  16.8%   210 35542s
 6014942 3540799 6179.58015   41  234 6806.00000 5662.18568  16.8%   210 35550s
 6016303 3541618 6027.97110   42  194 6806.00000 5662.21293  16.8%   210 35557s
 6017715 3542349 6710.49592   48  167 6806.00000 5662.23502  16.8%   210 35565s
 6019037 3543118 6477.87065   54  161 6806.00000 5662.26160  16.8%   210 35572s
 6020353 3543842 5861.54605   46  210 6806.00000 5662.30103  16.8%   210 35580s
 6021724 3544597 5786.40810   40  140 6806.00000 5662.32453  16.8%   210 35587s
 6023029 3545299 5755.93389   42  209 6806.00000 5662.35786  16.8%   210 35594s
 6024217 3545998 6300.38423   44  162 6806.00000 5662.38294  16.8%   210 35601s
 6025566 3546659 6555.68935   68  189 6806.00000 5662.40000  16.8%   210 35607s
 6026756 3547241 infeasible   41      6806.00000 5662.42154  16.8%   210 35614s
 6027810 3547814 5734.09556   42  309 6806.00000 5662.44223  16.8%   210 35621s
 6028926 3548543 5715.72522   33  186 6806.00000 5662.46667  16.8%   210 35628s
 6030178 3549151 6300.74048   35  193 6806.00000 5662.49094  16.8%   210 35634s
 6031290 3549624 5707.69340   37  260 6806.00000 5662.51304  16.8%   210 35642s
 6032105 3550380 6616.48434   48  175 6806.00000 5662.53473  16.8%   210 35648s
 6033340 3551117 infeasible   46      6806.00000 5662.55684  16.8%   210 35656s
 6034733 3551870 6163.94288   47  210 6806.00000 5662.58621  16.8%   210 35663s
 6036033 3552553 5824.31250   34  108 6806.00000 5662.61864  16.8%   210 35670s
 6037146 3553296 6294.01198   58  193 6806.00000 5662.63223  16.8%   210 35677s
 6038433 3554101 6498.87397   80  210 6806.00000 5662.65934  16.8%   210 35684s
 6039868 3554859 5791.80099   37  346 6806.00000 5662.68265  16.8%   210 35691s
 6041169 3555472 6646.24152   44  264 6806.00000 5662.72172  16.8%   210 35698s
 6042313 3556213     cutoff   50      6806.00000 5662.73200  16.8%   210 35704s
 6043590 3556913 6435.82279   55  180 6806.00000 5662.76616  16.8%   210 35712s
 6044861 3557559 6443.50000   39  148 6806.00000 5662.78739  16.8%   210 35719s
 6046082 3558213     cutoff   34      6806.00000 5662.81293  16.8%   210 35725s
 6047203 3558925 infeasible   39      6806.00000 5662.83724  16.8%   210 35732s
 6048457 3559635 6267.60173   49  165 6806.00000 5662.85609  16.8%   210 35740s
 6049687 3560122 6339.08312   41  142 6806.00000 5662.88471  16.8%   210 35747s
 6050926 3560851 6162.80153   36  307 6806.00000 5662.89951  16.8%   210 35755s
 6052234 3561567 6360.74069   45  174 6806.00000 5662.91654  16.8%   210 35762s
 6053454 3562315 5837.31504   44  222 6806.00000 5662.94396  16.8%   210 35769s
 6054740 3562786 6298.30402   40  175 6806.00000 5662.97194  16.8%   210 35776s
 6055677 3563507 6275.43859   38  312 6806.00000 5662.99702  16.8%   210 35783s
 6056881 3564339 infeasible   39      6806.00000 5663.00339  16.8%   210 35791s
 6058254 3565154 6686.00000   47  137 6806.00000 5663.03743  16.8%   210 35797s
 6059544 3565737 6650.31994   60  178 6806.00000 5663.06503  16.8%   210 35805s
 6060524 3566551 5747.31943   41  143 6806.00000 5663.08319  16.8%   210 35812s
 6061925 3567353 6338.00000   44  111 6806.00000 5663.11392  16.8%   210 35819s
 6063121 3568097 6647.79843   49  181 6806.00000 5663.12724  16.8%   210 35826s
 6064395 3568738 6681.66844   60  180 6806.00000 5663.14460  16.8%   210 35833s
 6065512 3569385 6657.66388   61  260 6806.00000 5663.17988  16.8%   210 35841s
 6066733 3569898 5805.26742   39  214 6806.00000 5663.19551  16.8%   210 35848s
 6067828 3570629     cutoff   59      6806.00000 5663.19551  16.8%   210 35855s
 6069133 3571337 5865.86628   43  203 6806.00000 5663.23529  16.8%   210 35862s
 6070282 3572059     cutoff   55      6806.00000 5663.26429  16.8%   210 35869s
 6071664 3572680 5912.55801   39  209 6806.00000 5663.26877  16.8%   210 35876s
 6072797 3573500 6075.34560   45  183 6806.00000 5663.30128  16.8%   210 35883s
 6074117 3573950 6338.00000   36   62 6806.00000 5663.32267  16.8%   210 35891s
 6074884 3574593 5725.77214   48  169 6806.00000 5663.33620  16.8%   210 35898s
 6076132 3575288 6256.68232   50  204 6806.00000 5663.36053  16.8%   210 35906s
 6077388 3576021 5924.79832   36  244 6806.00000 5663.39173  16.8%   210 35912s
 6078572 3576745 infeasible   43      6806.00000 5663.41257  16.8%   210 35919s
 6079341 3576745 6476.36460   45  101 6806.00000 5663.41257  16.8%   210 35920s
 6079887 3577458 5838.25463   44  268 6806.00000 5663.43400  16.8%   210 35926s
 6081204 3578096 6410.23685   38  256 6806.00000 5663.44673  16.8%   210 35933s
 6082418 3578785 5976.07007   37  315 6806.00000 5663.47583  16.8%   210 35940s
 6083676 3579026 6250.79608   41  176 6806.00000 5663.49283  16.8%   210 35949s
 6084115 3579671 6567.00000   59  136 6806.00000 5663.50000  16.8%   210 35956s
 6085264 3580433 6251.40827   44  232 6806.00000 5663.52061  16.8%   210 35963s
 6086573 3581041 5680.38549   40  220 6806.00000 5663.56043  16.8%   210 35970s
 6087750 3581717 6595.90861   53  104 6806.00000 5663.57657  16.8%   210 35977s
 6089036 3582460 6422.62925   40  209 6806.00000 5663.60000  16.8%   210 35985s
 6090348 3583264 5985.18762   45  240 6806.00000 5663.62485  16.8%   210 35992s
 6091670 3583979 5768.00000   35  102 6806.00000 5663.64907  16.8%   210 35999s
 6092892 3584741 5999.77731   38  199 6806.00000 5663.67814  16.8%   210 36006s
 6094211 3585394 6615.43163   58  134 6806.00000 5663.70383  16.8%   210 36013s
 6095407 3586087 6018.09189   47  200 6806.00000 5663.73040  16.8%   210 36021s
 6096747 3586763 6670.91538   45  129 6806.00000 5663.76539  16.8%   210 36028s
 6098015 3587426 6398.21601   45  191 6806.00000 5663.77660  16.8%   210 36035s
 6099226 3588128 6262.59122   57  187 6806.00000 5663.82001  16.8%   210 36042s
 6100543 3588877 6712.74513   36  240 6806.00000 5663.84909  16.8%   210 36050s
 6101858 3589685 5961.11971   41  228 6806.00000 5663.86935  16.8%   210 36057s
 6103140 3590439 6345.00000   38  108 6806.00000 5663.89873  16.8%   210 36064s
 6104510 3591214     cutoff   60      6806.00000 5663.90706  16.8%   210 36070s
 6105838 3591906     cutoff   51      6806.00000 5663.93789  16.8%   210 36077s
 6106983 3592657 6377.12155   48  160 6806.00000 5663.95793  16.8%   210 36084s
 6108285 3593277 5787.96829   27  216 6806.00000 5663.98976  16.8%   210 36091s
 6109503 3593883 infeasible   44      6806.00000 5664.00694  16.8%   210 36097s
 6110704 3594520 6142.10625   42  134 6806.00000 5664.03404  16.8%   210 36104s
 6111893 3595275 6319.42622   40  216 6806.00000 5664.06092  16.8%   210 36111s
 6113328 3595876 5764.18982   35  174 6806.00000 5664.09232  16.8%   210 36117s
 6114422 3596553 6605.65300   44  140 6806.00000 5664.11540  16.8%   210 36124s
 6115579 3597140 6558.20441   43  229 6806.00000 5664.14026  16.8%   210 36131s
 6116647 3597859 6281.37268   33  102 6806.00000 5664.16007  16.8%   210 36138s
 6117948 3598530 6746.74780   47  132 6806.00000 5664.18470  16.8%   210 36145s
 6119218 3599270 6001.47972   40  201 6806.00000 5664.21155  16.8%   210 36152s
 6120490 3599585     cutoff   38      6806.00000 5664.23887  16.8%   210 36159s
 6121071 3600247 6460.18732   32  188 6806.00000 5664.24954  16.8%   210 36166s
 6122225 3600937 6419.79566   37  229 6806.00000 5664.27500  16.8%   210 36173s
 6123421 3601702 6351.17587   53  152 6806.00000 5664.29060  16.8%   210 36181s
 6124866 3602302 6710.56611   61  159 6806.00000 5664.30552  16.8%   210 36187s
 6126271 3603044 6355.88142   39  173 6806.00000 5664.33098  16.8%   210 36194s
 6127710 3603675 5885.16061   35  220 6806.00000 5664.36222  16.8%   210 36201s
 6128866 3604452 6020.88139   44  142 6806.00000 5664.37632  16.8%   210 36208s
 6130172 3605121 6203.62061   51  181 6806.00000 5664.40055  16.8%   210 36215s
 6131376 3605879 6318.60000   44  157 6806.00000 5664.42494  16.8%   210 36223s
 6132654 3606611 infeasible   66      6806.00000 5664.44873  16.8%   210 36230s
 6134026 3607233 6513.46004   57  151 6806.00000 5664.47482  16.8%   210 36237s
 6135206 3607491 6484.26427   35  180 6806.00000 5664.49503  16.8%   210 36246s
 6135583 3608240 5736.18714   42  231 6806.00000 5664.49674  16.8%   210 36253s
 6136806 3609081     cutoff   62      6806.00000 5664.51867  16.8%   210 36261s
 6138198 3609872 6256.57031   31  173 6806.00000 5664.54520  16.8%   210 36268s
 6139462 3610556 infeasible   68      6806.00000 5664.55746  16.8%   210 36275s
 6140648 3611300 infeasible   40      6806.00000 5664.58508  16.8%   210 36283s
 6141969 3611955 6697.73076   49  160 6806.00000 5664.60853  16.8%   210 36290s
 6143365 3612631     cutoff   70      6806.00000 5664.62543  16.8%   210 36297s
 6144686 3613252 6392.79555   49  273 6806.00000 5664.65813  16.8%   210 36305s
 6145877 3613900 5783.26410   44  200 6806.00000 5664.68566  16.8%   210 36312s
 6147159 3614603 5942.00000   40  137 6806.00000 5664.72004  16.8%   210 36319s
 6148397 3615237 5865.62978   36  179 6806.00000 5664.73518  16.8%   210 36327s
 6149583 3615931 5898.31545   43  238 6806.00000 5664.75656  16.8%   210 36334s
 6150812 3616577     cutoff   51      6806.00000 5664.78600  16.8%   210 36342s
 6152171 3617107 infeasible   52      6806.00000 5664.81250  16.8%   210 36349s
 6153506 3617925 5883.83132   45  215 6806.00000 5664.83745  16.8%   210 36356s
 6155021 3618411 6446.78962   63  238 6806.00000 5664.86446  16.8%   210 36363s
 6156164 3619170 6455.00000   36  163 6806.00000 5664.88781  16.8%   210 36370s
 6157402 3619702 6425.08364   43  264 6806.00000 5664.91823  16.8%   210 36377s
 6158452 3620392 6101.86111   50  196 6806.00000 5664.93426  16.8%   210 36384s
 6159512 3620994     cutoff   59      6806.00000 5664.95779  16.8%   210 36392s
 6160744 3621655 6042.43257   43  219 6806.00000 5664.98008  16.8%   210 36399s
 6162023 3622455 5727.38057   39  258 6806.00000 5665.00000  16.8%   210 36406s
 6163319 3623234 5753.30812   31  237 6806.00000 5665.02469  16.8%   210 36413s
 6164540 3623953 6598.93944   78  203 6806.00000 5665.04586  16.8%   210 36420s
 6165782 3624658 5876.32343   43  196 6806.00000 5665.07552  16.8%   210 36427s
 6167131 3625339 6050.26165   49  163 6806.00000 5665.09480  16.8%   210 36435s
 6168389 3626007 6263.60205   45  187 6806.00000 5665.12550  16.8%   210 36442s
 6169549 3626893     cutoff   77      6806.00000 5665.15462  16.8%   210 36449s
 6171018 3627631     cutoff   41      6806.00000 5665.17624  16.8%   210 36456s
 6172327 3628307 5925.73507   37  103 6806.00000 5665.19803  16.8%   210 36463s
 6173498 3629087 6428.69750   52  162 6806.00000 5665.21648  16.8%   210 36470s
 6174801 3629725 6252.90378   40  190 6806.00000 5665.23414  16.8%   210 36477s
 6175930 3630414 5719.41328   35  276 6806.00000 5665.26244  16.8%   210 36484s
 6177196 3631099 6165.49435   48  207 6806.00000 5665.28988  16.8%   210 36491s
 6178422 3631700 5739.59525   39  254 6806.00000 5665.32456  16.8%   210 36497s
 6179496 3632395 6015.85409   44  196 6806.00000 5665.33511  16.8%   210 36505s
 6180617 3633083 6391.95838   50  192 6806.00000 5665.36433  16.8%   210 36512s
 6181880 3633694 6339.43350   40  138 6806.00000 5665.37863  16.8%   210 36519s
 6183080 3634350 6664.97441   68  165 6806.00000 5665.41138  16.8%   210 36526s
 6184443 3634884 6141.86234   44  173 6806.00000 5665.42986  16.8%   210 36533s
 6185509 3635544 5940.44911   38  192 6806.00000 5665.46136  16.8%   210 36540s
 6186783 3636205     cutoff   41      6806.00000 5665.48448  16.8%   210 36547s
 6187994 3636892 6275.03908   49  156 6806.00000 5665.50000  16.8%   210 36554s
 6189210 3637462 6450.62341   37  119 6806.00000 5665.53576  16.8%   210 36561s
 6190346 3638005 infeasible   43      6806.00000 5665.55615  16.8%   210 36568s
 6191370 3638552 5779.44979   33  319 6806.00000 5665.57373  16.8%   210 36576s
 6192370 3639118 6267.46577   44  164 6806.00000 5665.59402  16.8%   210 36584s
 6193317 3639826     cutoff   48      6806.00000 5665.60590  16.8%   210 36592s
 6194441 3640160 6148.53140   56  195 6806.00000 5665.62500  16.8%   210 36601s
 6195035 3640961 5967.29940   32  241 6806.00000 5665.63784  16.8%   210 36610s
 6196442 3641789 5764.26786   25  133 6806.00000 5665.65809  16.8%   210 36618s
 6197942 3642731 6676.05000   45  143 6806.00000 5665.69347  16.8%   210 36626s
 6199503 3643448 6018.28249   32  288 6806.00000 5665.72106  16.8%   210 36635s
 6200831 3644209 5763.20428   35  259 6806.00000 5665.75151  16.8%   210 36642s
 6202204 3644866     cutoff   64      6806.00000 5665.77533  16.8%   210 36650s
 6203468 3645671 6056.67273   53  219 6806.00000 5665.80328  16.8%   210 36658s
 6204905 3646279 6265.65185   42  220 6806.00000 5665.81876  16.8%   210 36664s
 6206032 3646881 6566.41348   53  233 6806.00000 5665.85233  16.8%   210 36670s
 6207071 3647524 6286.04008   46  164 6806.00000 5665.86890  16.8%   210 36677s
 6208216 3648123 6393.76047   36  293 6806.00000 5665.89372  16.8%   210 36683s
 6209321 3648791 6468.48214   57  117 6806.00000 5665.91023  16.8%   210 36690s
 6210534 3649542 6543.61034   48  130 6806.00000 5665.93201  16.8%   210 36697s
 6211764 3650231 6612.78318   43  222 6806.00000 5665.95372  16.8%   210 36704s
 6213024 3651001 6451.50910   55  164 6806.00000 5665.98359  16.8%   210 36711s
 6214400 3651614 6645.76418   44  200 6806.00000 5666.00553  16.7%   210 36718s
 6215554 3652267 5820.00000   33  173 6806.00000 5666.04096  16.7%   210 36725s
 6216783 3652895 5887.71800   46  152 6806.00000 5666.07008  16.7%   210 36732s
 6217928 3653578 6728.59350   48  161 6806.00000 5666.09626  16.7%   210 36739s
 6219146 3654169 5802.29721   44  263 6806.00000 5666.11457  16.7%   210 36746s
 6220477 3654884     cutoff   55      6806.00000 5666.14426  16.7%   210 36753s
 6221768 3655590 6385.93750   56  121 6806.00000 5666.16011  16.7%   210 36760s
 6223041 3656230 6402.47988   47  227 6806.00000 5666.17623  16.7%   210 36767s
 6224236 3656946 5822.57466   44  211 6806.00000 5666.21290  16.7%   210 36774s
 6225400 3657555 6310.36087   46  227 6806.00000 5666.23534  16.7%   210 36782s
 6226515 3658192     cutoff   49      6806.00000 5666.25970  16.7%   210 36789s
 6227694 3658905 6336.82052   58  188 6806.00000 5666.27146  16.7%   210 36797s
 6228912 3659635 6106.25000   39  144 6806.00000 5666.29429  16.7%   210 36804s
 6230224 3660270 6714.21907   63  151 6806.00000 5666.32143  16.7%   210 36811s
 6231409 3660917 6053.64933   47  169 6806.00000 5666.34848  16.7%   210 36818s
 6232554 3661534 6160.81699   41  245 6806.00000 5666.36230  16.7%   210 36826s
 6233782 3662283 6786.99011   47  223 6806.00000 5666.38148  16.7%   210 36833s
 6235076 3662923 5780.63214   35  115 6806.00000 5666.39619  16.7%   210 36841s
 6236241 3662932     cutoff   56      6806.00000 5666.41452  16.7%   210 36851s
 6236256 3662943 5769.66930   48  157 6806.00000 5666.41452  16.7%   210 36858s
 6236269 3662951 5795.70090   49  242 6806.00000 5666.41452  16.7%   210 36866s
 6236285 3663008 6131.47661   50  209 6806.00000 5666.41452  16.7%   210 36874s
 6236391 3663186 6191.68674   51  199 6806.00000 5666.41452  16.7%   210 36882s
 6236702 3663575 6197.69322   52  214 6806.00000 5666.42420  16.7%   210 36891s
 6237465 3664422 infeasible   53      6806.00000 5666.43264  16.7%   210 36899s
 6238935 3665225 6276.16255   29  153 6806.00000 5666.47522  16.7%   210 36907s
 6240398 3665946 6719.83406   54  157 6806.00000 5666.49582  16.7%   210 36914s
 6241792 3666602 6552.48818   80  166 6806.00000 5666.50938  16.7%   210 36921s
 6242921 3666875 6258.78622   40  134 6806.00000 5666.52349  16.7%   210 36929s
 6243363 3667563 6173.16522   34  228 6806.00000 5666.53350  16.7%   210 36936s
 6244575 3668204 6689.52957   68  129 6806.00000 5666.53763  16.7%   210 36944s
 6245815 3668909 6370.57308   49  164 6806.00000 5666.60540  16.7%   210 36952s
 6247143 3669586 5811.16778   40  267 6806.00000 5666.61455  16.7%   210 36959s
 6248294 3670431 6609.67944   44  206 6806.00000 5666.65192  16.7%   210 36966s
 6249665 3671224 6766.29513   53  125 6806.00000 5666.66737  16.7%   210 36974s
 6251066 3672098 6555.00000   37  107 6806.00000 5666.70588  16.7%   210 36981s
 6252499 3672783 5810.36398   53  243 6806.00000 5666.73192  16.7%   210 36988s
 6253764 3673340 6158.77105   50  204 6806.00000 5666.75491  16.7%   210 36995s
 6255028 3674081 6214.04837   36  205 6806.00000 5666.77419  16.7%   210 37002s
 6256347 3674780 6349.00262   50  203 6806.00000 5666.79466  16.7%   210 37009s
 6257625 3675426 6342.96136   45  196 6806.00000 5666.83022  16.7%   210 37016s
 6259024 3676089 5704.97385   34  337 6806.00000 5666.85382  16.7%   210 37024s
 6260339 3676828 5890.33782   28  325 6806.00000 5666.88897  16.7%   210 37030s
 6261538 3677532 infeasible   40      6806.00000 5666.91109  16.7%   210 37037s
 6262817 3678216 6231.50882   52  178 6806.00000 5666.93333  16.7%   210 37044s
 6263939 3678798 6625.53486   40  147 6806.00000 5666.95984  16.7%   210 37051s
 6265085 3679352     cutoff   47      6806.00000 5666.95984  16.7%   210 37058s
 6266305 3679963     cutoff   41      6806.00000 5666.96740  16.7%   210 37066s
 6267663 3680742 6573.28881   49   95 6806.00000 5666.99457  16.7%   210 37072s
 6268963 3681503 6364.50955   38  150 6806.00000 5667.02311  16.7%   210 37079s
 6270223 3682140 6521.51616   64  145 6806.00000 5667.04416  16.7%   210 37086s
 6271287 3682752 6713.75074   52  199 6806.00000 5667.06452  16.7%   210 37092s
 6272517 3683473 5822.32219   39  223 6806.00000 5667.08749  16.7%   210 37100s
 6273650 3684111 6562.51297   47  138 6806.00000 5667.11505  16.7%   210 37107s
 6274934 3684825 6096.53937   33  203 6806.00000 5667.13394  16.7%   210 37114s
 6276106 3685369 infeasible   49      6806.00000 5667.16500  16.7%   210 37121s
 6277029 3686052 5780.25263   41  261 6806.00000 5667.16767  16.7%   210 37129s
 6278259 3686794 6277.51173   32  266 6806.00000 5667.20528  16.7%   210 37136s
 6279522 3687441 6370.76360   50  224 6806.00000 5667.22873  16.7%   210 37143s
 6280708 3688069 6548.39400   41  124 6806.00000 5667.24626  16.7%   210 37150s
 6281909 3688723 6564.42678   42  259 6806.00000 5667.26795  16.7%   210 37157s
 6283140 3689404 6571.69983   64  197 6806.00000 5667.28783  16.7%   210 37165s
 6284351 3690032     cutoff   55      6806.00000 5667.30433  16.7%   210 37172s
 6285616 3690197 6509.76378   44  181 6806.00000 5667.32899  16.7%   210 37180s
 6285995 3690769 5870.28946   44  339 6806.00000 5667.33157  16.7%   210 37188s
 6286988 3691480 5705.38644   32  285 6806.00000 5667.34948  16.7%   210 37196s
 6288268 3692277 6662.66233   42  255 6806.00000 5667.35652  16.7%   210 37204s
 6289666 3693095 5721.05468   45  203 6806.00000 5667.40387  16.7%   210 37211s
 6291089 3693797 6269.42097   36  254 6806.00000 5667.45150  16.7%   210 37220s
 6292411 3694598 6782.40306   57  173 6806.00000 5667.46640  16.7%   210 37227s
 6293814 3695282 6258.63684   50  178 6806.00000 5667.49306  16.7%   210 37234s
 6295102 3696005 6442.00000   47  136 6806.00000 5667.51060  16.7%   210 37242s
 6296380 3696694 6732.97030   53  165 6806.00000 5667.54087  16.7%   210 37249s
 6297656 3697512 6684.03978   56  201 6806.00000 5667.56335  16.7%   210 37255s
 6298969 3698167 6730.07321   59  155 6806.00000 5667.58334  16.7%   210 37262s
 6300075 3698852 infeasible   38      6806.00000 5667.60000  16.7%   210 37269s
 6301186 3699700 6277.91193   43  269 6806.00000 5667.61794  16.7%   210 37276s
 6302593 3700291     cutoff   40      6806.00000 5667.63831  16.7%   210 37282s
 6303877 3700946 6472.61576   42  260 6806.00000 5667.65158  16.7%   210 37289s
 6305115 3701729     cutoff   66      6806.00000 5667.67216  16.7%   210 37295s
 6306439 3702473     cutoff   38      6806.00000 5667.70288  16.7%   210 37302s
 6307775 3703176 6173.10039   49  171 6806.00000 5667.73154  16.7%   210 37309s
 6309012 3703745 5865.05227   38  246 6806.00000 5667.75533  16.7%   210 37316s
 6309973 3704218 5717.82160   36  215 6806.00000 5667.76854  16.7%   210 37322s
 6310958 3704792 infeasible   41      6806.00000 5667.78551  16.7%   210 37329s
 6312198 3705374 6500.24128   40  209 6806.00000 5667.80000  16.7%   210 37337s
 6313293 3706095 6708.11356   58  162 6806.00000 5667.82778  16.7%   210 37344s
 6314631 3706711 5811.31882   40  279 6806.00000 5667.85880  16.7%   210 37351s
 6315799 3707359 5960.81178   37  263 6806.00000 5667.88619  16.7%   210 37358s
 6317043 3708108 infeasible   52      6806.00000 5667.90906  16.7%   210 37365s
 6318331 3708793 6682.60416   59  101 6806.00000 5667.93333  16.7%   210 37372s
 6319591 3709407 6241.19052   45  217 6806.00000 5667.96981  16.7%   210 37379s
 6320658 3710044 6539.57393   44  193 6806.00000 5667.99117  16.7%   210 37385s
 6321796 3710719 6784.33897   57  158 6806.00000 5668.01250  16.7%   210 37392s
 6323043 3711416 6588.30911   43  294 6806.00000 5668.03754  16.7%   210 37400s
 6324337 3712086 6635.09916   60  171 6806.00000 5668.06857  16.7%   210 37407s
 6325495 3712734 6491.79645   46  196 6806.00000 5668.10082  16.7%   210 37413s
 6326560 3713422 6255.51323   57  145 6806.00000 5668.11791  16.7%   210 37420s
 6327785 3714092 5795.65525   39  305 6806.00000 5668.13793  16.7%   210 37428s
 6328979 3714803 5901.68049   46  142 6806.00000 5668.16102  16.7%   210 37435s
 6330283 3715543 6380.98484   45  193 6806.00000 5668.18337  16.7%   210 37442s
 6331516 3716415 5917.60985   41  247 6806.00000 5668.20615  16.7%   210 37449s
 6332884 3717008 6726.59602   59  196 6806.00000 5668.21978  16.7%   210 37456s
 6333924 3717579 6118.59828   37  371 6806.00000 5668.22578  16.7%   210 37463s
 6334997 3718376 5753.91874   33  244 6806.00000 5668.26457  16.7%   210 37470s
 6336326 3718974 6409.95811   48  146 6806.00000 5668.27682  16.7%   210 37476s
 6337629 3719464 6534.67457   39  233 6806.00000 5668.30000  16.7%   210 37484s
 6338957 3720099 5773.62763   44  265 6806.00000 5668.31987  16.7%   210 37491s
 6340198 3720819 6315.73446   37  182 6806.00000 5668.34900  16.7%   210 37497s
 6341469 3721442 6500.04001   39  187 6806.00000 5668.38490  16.7%   210 37504s
 6342662 3722170 6033.46896   48  171 6806.00000 5668.39849  16.7%   210 37511s
 6343947 3722950 6328.46043   39  195 6806.00000 5668.42791  16.7%   210 37518s
 6345285 3723496 5790.54367   41  303 6806.00000 5668.44531  16.7%   210 37525s
 6346321 3724184     cutoff   52      6806.00000 5668.46154  16.7%   210 37532s
 6347524 3724792 6519.94015   44  265 6806.00000 5668.49228  16.7%   210 37538s
 6348744 3725304 5902.59974   42  172 6806.00000 5668.49228  16.7%   210 37546s
 6350156 3726054 6494.20008   52  150 6806.00000 5668.52608  16.7%   210 37553s
 6351486 3726726 6335.00000   49  180 6806.00000 5668.55157  16.7%   210 37560s
 6352710 3727396 6288.89562   42  281 6806.00000 5668.57558  16.7%   210 37567s
 6353890 3728043 6282.84602   35  138 6806.00000 5668.60000  16.7%   210 37573s
 6355044 3728644 5881.46222   43  285 6806.00000 5668.61588  16.7%   210 37580s
 6356122 3729160 6262.09976   46  256 6806.00000 5668.63020  16.7%   210 37587s
 6357243 3729858 5704.40638   42  243 6806.00000 5668.67147  16.7%   210 37594s
 6358517 3730636 infeasible   47      6806.00000 5668.69368  16.7%   210 37601s
 6359822 3731109 6293.10928   37  222 6806.00000 5668.71095  16.7%   210 37608s
 6360641 3731682 6441.75593   48  149 6806.00000 5668.72906  16.7%   210 37616s
 6361816 3732253 6619.73547   38  273 6806.00000 5668.76703  16.7%   210 37623s
 6362876 3732965 5703.37842   35  309 6806.00000 5668.79292  16.7%   210 37631s
 6364133 3733720 6652.59333   61  115 6806.00000 5668.80691  16.7%   210 37639s
 6365484 3734317 6486.72659   44  154 6806.00000 5668.83043  16.7%   210 37646s
 6366655 3734994 6495.29099   49  208 6806.00000 5668.84093  16.7%   210 37653s
 6367913 3735570     cutoff   64      6806.00000 5668.87166  16.7%   210 37660s
 6369047 3736422 5736.85340   42  295 6806.00000 5668.89770  16.7%   210 37668s
 6370433 3737231 5736.03726   36  290 6806.00000 5668.92896  16.7%   210 37675s
 6371827 3737886 6394.03769   39  177 6806.00000 5668.93855  16.7%   210 37682s
 6372913 3738631 6516.25119   40  204 6806.00000 5668.97759  16.7%   210 37689s
 6374280 3739224 6296.44118   42  114 6806.00000 5669.00000  16.7%   210 37696s
 6375485 3739844 6153.83974   42  196 6806.00000 5669.02369  16.7%   210 37703s
 6376710 3740523 infeasible   42      6806.00000 5669.04560  16.7%   210 37710s
 6377792 3741281 6710.27897   56  114 6806.00000 5669.06878  16.7%   210 37717s
 6378885 3741954 6232.50000   33  115 6806.00000 5669.08062  16.7%   210 37724s
 6380107 3742738     cutoff   43      6806.00000 5669.09828  16.7%   210 37731s
 6381450 3743407     cutoff   71      6806.00000 5669.12613  16.7%   210 37739s
 6382653 3744098 6266.39426   54  148 6806.00000 5669.14508  16.7%   210 37746s
 6383855 3744850 6559.14290   52  199 6806.00000 5669.17303  16.7%   210 37753s
 6385233 3745545 6251.97444   28  171 6806.00000 5669.19851  16.7%   210 37760s
 6386471 3745909 6535.96107   52  196 6806.00000 5669.23406  16.7%   210 37768s
 6387099 3747439 5855.40000   32  140 6806.00000 5669.23602  16.7%   210 37781s
 6389615 3748199 6699.44213   64   85 6806.00000 5669.28353  16.7%   210 37789s
 6390876 3749060 6478.76801   65  263 6806.00000 5669.29845  16.7%   210 37797s
 6392327 3749810 6441.76576   76  130 6806.00000 5669.30737  16.7%   210 37804s
 6393708 3750551     cutoff   77      6806.00000 5669.33878  16.7%   210 37812s
 6394853 3751274 6153.22705   43  212 6806.00000 5669.36410  16.7%   210 37819s
 6396174 3751888 6253.33333   32   87 6806.00000 5669.39153  16.7%   210 37826s
 6397294 3752627 5822.28350   33  187 6806.00000 5669.40870  16.7%   210 37834s
 6398608 3753204 6269.78350   51  204 6806.00000 5669.43243  16.7%   210 37841s
 6399804 3754101     cutoff   61      6806.00000 5669.45264  16.7%   210 37848s
 6401350 3754942 infeasible   69      6806.00000 5669.47513  16.7%   210 37855s
 6402847 3755447 6722.67252   59  131 6806.00000 5669.50064  16.7%   210 37862s
 6403932 3756146 6486.78942   44  129 6806.00000 5669.51671  16.7%   210 37869s
 6405148 3756753 5867.90869   41  245 6806.00000 5669.53318  16.7%   210 37877s
 6406471 3757410 6282.01687   39  171 6806.00000 5669.55681  16.7%   210 37883s
 6407641 3757994 infeasible   53      6806.00000 5669.58008  16.7%   210 37890s
 6408739 3758638 infeasible   37      6806.00000 5669.59890  16.7%   210 37897s
 6409969 3759245 infeasible   77      6806.00000 5669.61095  16.7%   210 37904s
 6411092 3759956 6452.15199   42  180 6806.00000 5669.63156  16.7%   210 37911s
 6412373 3760649 6234.39067   42  173 6806.00000 5669.64867  16.7%   210 37918s
 6413618 3761258 6533.33409   45  203 6806.00000 5669.67194  16.7%   210 37925s
 6414781 3761916 6615.00000   60   71 6806.00000 5669.69480  16.7%   210 37933s
 6416026 3762300 5721.80467   46  235 6806.00000 5669.71875  16.7%   210 37941s
 6416804 3763017 5780.86213   39  267 6806.00000 5669.72531  16.7%   210 37948s
 6417988 3763727 6656.48262   52  194 6806.00000 5669.73399  16.7%   210 37956s
 6419262 3764600 6305.21719   46  194 6806.00000 5669.77066  16.7%   210 37963s
 6420774 3765353 5785.68405   33  136 6806.00000 5669.79789  16.7%   210 37970s
 6422090 3765975 5722.83093   43  213 6806.00000 5669.83009  16.7%   210 37978s
 6423317 3766584 6377.90054   65  116 6806.00000 5669.85208  16.7%   210 37985s
 6424604 3767194 6331.58116   44  192 6806.00000 5669.87174  16.7%   210 37992s
 6425763 3767780 infeasible   54      6806.00000 5669.89453  16.7%   210 37999s
 6426962 3768433 6657.08323   59  154 6806.00000 5669.92154  16.7%   210 38006s
 6428134 3769228 6277.95525   57  256 6806.00000 5669.94061  16.7%   210 38013s
 6429443 3769940 5866.65736   29  103 6806.00000 5669.96349  16.7%   210 38020s
 6430732 3770607 6762.88899   57  165 6806.00000 5669.99047  16.7%   210 38028s
 6431917 3771213 6423.21763   58  183 6806.00000 5670.01217  16.7%   210 38035s
 6433060 3772031 5677.80993   29  208 6806.00000 5670.04443  16.7%   210 38042s
 6434403 3772745 6648.24916   57  237 6806.00000 5670.06117  16.7%   210 38049s
 6435660 3773469 6600.79120   64  137 6806.00000 5670.09058  16.7%   210 38056s
 6437002 3774067 5838.97374   42  238 6806.00000 5670.10000  16.7%   210 38063s
 6438193 3774750 6124.36193   44  186 6806.00000 5670.14417  16.7%   210 38070s
 6439460 3775330 6465.01758   62  133 6806.00000 5670.15424  16.7%   210 38076s
 6440679 3775974 6160.00007   50  202 6806.00000 5670.19218  16.7%   210 38083s
 6441851 3776722 6146.69387   32  152 6806.00000 5670.21199  16.7%   210 38091s
 6443084 3777432 6217.05334   42  189 6806.00000 5670.22730  16.7%   210 38098s
 6444265 3778076 6657.58302   64  120 6806.00000 5670.24387  16.7%   210 38105s
 6445470 3778745 6253.85982   57  133 6806.00000 5670.27265  16.7%   210 38113s
 6446851 3779375 5836.84249   36  168 6806.00000 5670.28889  16.7%   210 38120s
 6448209 3780175 6268.19785   32  155 6806.00000 5670.31769  16.7%   210 38127s
 6449536 3780265 6762.16414   57  198 6806.00000 5670.34536  16.7%   210 38135s
 6449797 3780797 5992.88805   38  182 6806.00000 5670.34903  16.7%   210 38142s
 6450788 3781335 6233.11598   30  240 6806.00000 5670.35073  16.7%   210 38150s
 6451818 3781932 6274.26974   36  199 6806.00000 5670.38907  16.7%   210 38157s
 6452967 3782722 6489.14414   35  201 6806.00000 5670.40819  16.7%   210 38164s
 6454354 3783487 6325.48509   39  170 6806.00000 5670.43820  16.7%   210 38171s
 6455680 3784329     cutoff   55      6806.00000 5670.45551  16.7%   210 38179s
 6457058 3785192 6468.56151   52  195 6806.00000 5670.47679  16.7%   210 38186s
 6458450 3785855     cutoff   57      6806.00000 5670.50945  16.7%   210 38193s
 6459686 3786523 6388.84077   53  162 6806.00000 5670.53130  16.7%   210 38201s
 6461046 3787140 6625.78563   60  153 6806.00000 5670.55361  16.7%   210 38208s
 6462110 3787998 6246.35653   40  216 6806.00000 5670.56205  16.7%   210 38215s
 6463484 3788698 6287.05617   40  160 6806.00000 5670.59899  16.7%   210 38221s
 6464769 3789409 5978.85476   36  188 6806.00000 5670.62251  16.7%   210 38228s
 6466091 3790146 6232.38177   37  151 6806.00000 5670.64160  16.7%   210 38235s
 6467344 3790812     cutoff   36      6806.00000 5670.66667  16.7%   210 38241s
 6468436 3791466 6481.72727   53  134 6806.00000 5670.68658  16.7%   210 38248s
 6469740 3792205     cutoff   57      6806.00000 5670.69909  16.7%   210 38255s
 6471000 3792799 6442.65717   50  159 6806.00000 5670.72558  16.7%   209 38261s
 6472190 3793392 6286.04362   50  183 6806.00000 5670.75570  16.7%   209 38268s
 6473450 3794063 6256.27193   38  156 6806.00000 5670.78751  16.7%   209 38275s
 6474655 3794893 6697.89400   48  240 6806.00000 5670.80848  16.7%   209 38281s
 6475961 3795542     cutoff   53      6806.00000 5670.83309  16.7%   209 38288s
 6477253 3795938 infeasible   57      6806.00000 5670.85156  16.7%   209 38294s
 6478432 3796586 5757.13280   49  251 6806.00000 5670.88145  16.7%   209 38302s
 6479598 3797327 6560.00000   49  147 6806.00000 5670.90446  16.7%   209 38309s
 6481082 3798021 5900.92273   27  243 6806.00000 5670.92437  16.7%   209 38316s
 6482277 3798736 6484.17711   50  130 6806.00000 5670.93548  16.7%   209 38323s
 6483458 3799422 5968.53769   39  211 6806.00000 5670.96065  16.7%   209 38330s
 6484634 3800148 6795.00000   59  159 6806.00000 5670.97641  16.7%   209 38337s
 6486022 3800793 6093.30950   42  174 6806.00000 5671.00000  16.7%   209 38344s
 6487214 3801397 6654.85975   48  121 6806.00000 5671.01594  16.7%   209 38350s
 6488425 3801937 6293.38511   64  178 6806.00000 5671.04206  16.7%   209 38357s
 6489489 3802630 6687.14316   42  231 6806.00000 5671.05517  16.7%   209 38364s
 6490732 3803430 5819.80000   38  163 6806.00000 5671.07931  16.7%   209 38371s
 6492034 3804197 6673.34960   66  180 6806.00000 5671.09113  16.7%   209 38378s
 6493318 3804968 6365.00000   36   93 6806.00000 5671.11825  16.7%   209 38385s
 6494528 3805877 6742.13100   42  151 6806.00000 5671.13001  16.7%   209 38391s
 6495954 3806497 5959.11229   40  186 6806.00000 5671.14640  16.7%   209 38398s
 6497169 3807104     cutoff   59      6806.00000 5671.16340  16.7%   209 38405s
 6498339 3807783 6360.78761   53   93 6806.00000 5671.19356  16.7%   209 38413s
 6499582 3808579 5877.00972   38  263 6806.00000 5671.20158  16.7%   209 38421s
 6501026 3809431 6048.94340   49  226 6806.00000 5671.23152  16.7%   209 38429s
 6502403 3810076 6725.00000   47  126 6806.00000 5671.26600  16.7%   209 38436s
 6503507 3810822 6393.04926   39  139 6806.00000 5671.28218  16.7%   209 38443s
 6504759 3811670 6163.59030   52  177 6806.00000 5671.29610  16.7%   209 38451s
 6506131 3812310 6404.20981   52  132 6806.00000 5671.32637  16.7%   209 38457s
 6507290 3813011 5876.46187   37  255 6806.00000 5671.35588  16.7%   209 38465s
 6508589 3813757 6244.10079   49  165 6806.00000 5671.39391  16.7%   209 38471s
 6509886 3814451 6258.54913   55  194 6806.00000 5671.40843  16.7%   209 38479s
 6511112 3815046     cutoff   47      6806.00000 5671.43582  16.7%   209 38486s
 6512246 3815822 6216.31912   44  182 6806.00000 5671.46101  16.7%   209 38492s
 6513528 3816476 6036.66745   36  291 6806.00000 5671.47320  16.7%   209 38499s
 6514744 3817178 6241.18986   30   60 6806.00000 5671.50597  16.7%   209 38506s
 6516033 3817815 6202.65582   40  131 6806.00000 5671.52500  16.7%   209 38513s
 6517232 3818608 6124.95972   33  148 6806.00000 5671.55243  16.7%   209 38520s
 6518750 3819278 infeasible   57      6806.00000 5671.57667  16.7%   209 38527s
 6519966 3819949 5847.08110   27  239 6806.00000 5671.59257  16.7%   209 38533s
 6521178 3820621 6187.17143   52  182 6806.00000 5671.61292  16.7%   209 38540s
 6522285 3821180 infeasible   59      6806.00000 5671.62409  16.7%   209 38547s
 6523367 3821760 6140.79431   32  224 6806.00000 5671.64918  16.7%   209 38554s
 6524376 3822560 6582.00000   55  115 6806.00000 5671.65731  16.7%   209 38562s
 6525760 3823283     cutoff   58      6806.00000 5671.67810  16.7%   209 38569s
 6526989 3823919 6236.80192   40  237 6806.00000 5671.69935  16.7%   209 38575s
 6528083 3824345     cutoff   54      6806.00000 5671.73180  16.7%   209 38582s
 6529063 3825144 5873.38917   48  174 6806.00000 5671.74679  16.7%   209 38589s
 6530472 3825926 6253.41161   42  172 6806.00000 5671.76930  16.7%   209 38597s
 6531710 3826475 6175.70777   34  270 6806.00000 5671.79724  16.7%   209 38604s
 6532906 3827111 5820.00658   36  244 6806.00000 5671.82223  16.7%   209 38611s
 6534125 3827724 6291.73773   58  222 6806.00000 5671.84576  16.7%   209 38618s
 6535299 3828504 6725.77530   67  133 6806.00000 5671.86522  16.7%   209 38626s
 6536570 3829182 infeasible   32      6806.00000 5671.87830  16.7%   209 38633s
 6537762 3829964 6487.98880   52  252 6806.00000 5671.91045  16.7%   209 38640s
 6539147 3830709 6692.95265   61  173 6806.00000 5671.93970  16.7%   209 38647s
 6540431 3831415 5742.84569   37  281 6806.00000 5671.97168  16.7%   209 38654s
 6541728 3832033 6688.36339   42  159 6806.00000 5671.99581  16.7%   209 38661s
 6542911 3832534 6676.76789   42  198 6806.00000 5672.00857  16.7%   209 38668s
 6544037 3833141     cutoff   57      6806.00000 5672.04164  16.7%   209 38676s
 6545054 3833896 6269.75156   39  204 6806.00000 5672.06110  16.7%   209 38683s
 6546281 3834570 5789.51342   32  302 6806.00000 5672.09425  16.7%   209 38690s
 6547455 3835452 6082.22450   31  172 6806.00000 5672.10524  16.7%   209 38697s
 6548791 3836160 6324.20993   49  107 6806.00000 5672.11366  16.7%   209 38705s
 6550047 3836889 6743.00000   49   99 6806.00000 5672.15125  16.7%   209 38712s
 6551327 3837598 6118.20938   36  239 6806.00000 5672.17839  16.7%   209 38719s
 6552560 3838231     cutoff   59      6806.00000 5672.18925  16.7%   209 38727s
 6553760 3838926 6328.64382   47  184 6806.00000 5672.22500  16.7%   209 38734s
 6555014 3839674 6168.88462   28  195 6806.00000 5672.27000  16.7%   209 38741s
 6556317 3840416 6504.21693   63  181 6806.00000 5672.29990  16.7%   209 38748s
 6557617 3841055     cutoff   50      6806.00000 5672.31843  16.7%   209 38755s
 6558775 3841677 6738.56771   67  146 6806.00000 5672.33187  16.7%   209 38762s
 6559921 3842464 6414.27330   38  200 6806.00000 5672.35873  16.7%   209 38770s
 6561247 3843075 6416.82980   65  183 6806.00000 5672.37099  16.7%   209 38777s
 6562315 3843667 6330.82580   45  154 6806.00000 5672.40253  16.7%   209 38784s
 6563520 3844283 6359.85156   46  113 6806.00000 5672.42865  16.7%   209 38791s
 6564741 3845095 6595.76147   55  143 6806.00000 5672.45086  16.7%   209 38798s
 6566067 3845683 6174.35305   48  112 6806.00000 5672.47064  16.7%   209 38805s
 6567209 3846297 6703.86633   55  219 6806.00000 5672.48027  16.7%   209 38813s
 6568315 3846991 infeasible   49      6806.00000 5672.50442  16.7%   209 38820s
 6569676 3847711 6368.43801   36  250 6806.00000 5672.51546  16.7%   209 38827s
 6570927 3848360 5785.69423   41  253 6806.00000 5672.54385  16.7%   209 38834s
 6572177 3848999 6484.38661   51  154 6806.00000 5672.57048  16.7%   209 38842s
 6573279 3849694 5773.03432   49  235 6806.00000 5672.59256  16.7%   209 38849s
 6574543 3850582 6314.72629   46  219 6806.00000 5672.61340  16.7%   209 38856s
 6576008 3851393 6492.00000   52  108 6806.00000 5672.63710  16.7%   209 38863s
 6577333 3852027 6467.87758   36  170 6806.00000 5672.65603  16.7%   209 38871s
 6578522 3852657 6190.00000   45  109 6806.00000 5672.68874  16.7%   209 38878s
 6579519 3853264 6716.06470   42  190 6806.00000 5672.70172  16.7%   209 38885s
 6580653 3853850 6731.11610   65  108 6806.00000 5672.71719  16.7%   209 38892s
 6581976 3854467 6804.00000   66   95 6806.00000 5672.74736  16.7%   209 38899s
 6583230 3855173 6768.22566   54  148 6806.00000 5672.76788  16.7%   209 38906s
 6584463 3856046     cutoff   54      6806.00000 5672.79149  16.7%   209 38914s
 6585845 3856736 6490.65016   54  211 6806.00000 5672.80608  16.6%   209 38920s
 6587097 3857273 6150.05081   37  142 6806.00000 5672.83129  16.6%   209 38928s
 6588091 3857925 5911.77239   47  220 6806.00000 5672.85937  16.6%   209 38935s
 6589219 3858838 5774.35298   36  217 6806.00000 5672.87053  16.6%   209 38942s
 6590606 3859481 6623.61324   61  210 6806.00000 5672.89129  16.6%   209 38948s
 6591694 3859972 5915.60290   42  295 6806.00000 5672.91360  16.6%   209 38955s
 6592638 3860747 infeasible   37      6806.00000 5672.93525  16.6%   209 38962s
 6593999 3861519 6030.24030   41  228 6806.00000 5672.95354  16.6%   209 38969s
 6595341 3862158 6261.57975   43  249 6806.00000 5672.98619  16.6%   209 38976s
 6596531 3862772 5951.44399   40  198 6806.00000 5673.00186  16.6%   209 38984s
 6597812 3863296 6605.80520   62  177 6806.00000 5673.02744  16.6%   209 38990s
 6598859 3863985 6622.41646   59  157 6806.00000 5673.04924  16.6%   209 38997s
 6600089 3864623 5838.52294   42  210 6806.00000 5673.06688  16.6%   209 39004s
 6601369 3865322 6287.36466   46  174 6806.00000 5673.08898  16.6%   209 39011s
 6602661 3866043 6623.70533   47  168 6806.00000 5673.11313  16.6%   209 39018s
 6603863 3866603 6213.64451   40  261 6806.00000 5673.14769  16.6%   209 39025s
 6604889 3867132 6619.54914   45   91 6806.00000 5673.14937  16.6%   209 39032s
 6606017 3867759 6568.42699   54  135 6806.00000 5673.18056  16.6%   209 39039s
 6607262 3868423 6495.40541   80   86 6806.00000 5673.20476  16.6%   209 39046s
 6608433 3869099 6387.66035   55  109 6806.00000 5673.23311  16.6%   209 39054s
 6609714 3869769 6472.75798   46  194 6806.00000 5673.23719  16.6%   209 39061s
 6611300 3870495 6189.74974   54  122 6806.00000 5673.27746  16.6%   209 39068s
 6612511 3871126 6401.83042   63  130 6806.00000 5673.29838  16.6%   209 39074s
 6613682 3871832 6448.79666   52  260 6806.00000 5673.31981  16.6%   209 39081s
 6614870 3872420 6252.33125   41  193 6806.00000 5673.33750  16.6%   209 39088s
 6615929 3873211 6336.64052   48  180 6806.00000 5673.36203  16.6%   209 39095s
 6617251 3873985 6304.26678   37  156 6806.00000 5673.38033  16.6%   209 39101s
 6618606 3874553 5873.16909   33  229 6806.00000 5673.39660  16.6%   209 39108s
 6619724 3875116 infeasible   39      6806.00000 5673.42118  16.6%   209 39115s
 6621004 3875657 6616.00000   50  148 6806.00000 5673.43746  16.6%   209 39122s
 6622013 3876296 6592.94627   50  238 6806.00000 5673.45526  16.6%   209 39129s
 6623079 3877014 6481.63779   64  155 6806.00000 5673.47778  16.6%   209 39136s
 6624422 3877736 6684.28171   47  189 6806.00000 5673.50797  16.6%   209 39143s
 6625712 3878434 5769.25006   35  268 6806.00000 5673.54223  16.6%   209 39151s
 6626922 3879035 infeasible   50      6806.00000 5673.56499  16.6%   209 39158s
 6628063 3879697 6354.61451   40  180 6806.00000 5673.58206  16.6%   209 39166s
 6629247 3880345 6233.25000   41   92 6806.00000 5673.60291  16.6%   209 39173s
 6630460 3881106 6525.83049   47  211 6806.00000 5673.62222  16.6%   209 39181s
 6631904 3881816 6114.44655   38  274 6806.00000 5673.65910  16.6%   209 39189s
 6633118 3882519 6567.52741   49  194 6806.00000 5673.66716  16.6%   209 39197s
 6634286 3883326 6485.53585   53  218 6806.00000 5673.69864  16.6%   209 39204s
 6635689 3884063 6240.76589   49  262 6806.00000 5673.71886  16.6%   209 39211s
 6637033 3884874 6128.74756   50  273 6806.00000 5673.74064  16.6%   209 39218s
 6638301 3885697 6489.00000   54  112 6806.00000 5673.75925  16.6%   209 39226s
 6639773 3886251 6522.75945   60  216 6806.00000 5673.77801  16.6%   209 39233s
 6641090 3886941 6702.90968   67  205 6806.00000 5673.80039  16.6%   209 39240s
 6642390 3887639 6407.75173   46  210 6806.00000 5673.82479  16.6%   209 39247s
 6643809 3888314     cutoff   65      6806.00000 5673.85690  16.6%   209 39254s
 6645084 3888878 infeasible   58      6806.00000 5673.87952  16.6%   209 39261s
 6646430 3889619 6800.00000   73  109 6806.00000 5673.91131  16.6%   209 39268s
 6647601 3890395 6393.80965   50  187 6806.00000 5673.92057  16.6%   209 39275s
 6648945 3890997 6643.05310   52  109 6806.00000 5673.95070  16.6%   209 39281s
 6649942 3891552 6480.72451   48  252 6806.00000 5673.96905  16.6%   209 39288s
 6650998 3892156     cutoff   73      6806.00000 5673.99222  16.6%   209 39295s
 6652255 3892871 infeasible   47      6806.00000 5674.01661  16.6%   209 39302s
 6653499 3893560 6235.14030   51  214 6806.00000 5674.04256  16.6%   209 39309s
 6654641 3894316 infeasible   58      6806.00000 5674.06931  16.6%   209 39316s
 6655861 3895055 6334.83857   36  143 6806.00000 5674.08066  16.6%   209 39323s
 6657128 3895768 5864.09777   42  240 6806.00000 5674.11067  16.6%   209 39330s
 6658413 3896333 5826.29918   38  139 6806.00000 5674.13276  16.6%   209 39337s
 6659524 3896865     cutoff   36      6806.00000 5674.16307  16.6%   209 39344s
 6660742 3897556     cutoff   70      6806.00000 5674.18166  16.6%   209 39351s
 6661991 3898335 6299.00000   31  144 6806.00000 5674.19337  16.6%   209 39359s
 6663319 3898969 6231.83784   48  188 6806.00000 5674.21105  16.6%   209 39365s
 6664587 3899627 5846.76611   45  238 6806.00000 5674.24284  16.6%   209 39372s
 6665706 3899811 5984.53296   41  225 6806.00000 5674.26141  16.6%   209 39380s
 6666079 3900540 6088.73372   55  213 6806.00000 5674.26317  16.6%   209 39388s
 6667369 3901295 5766.19958   39  248 6806.00000 5674.29943  16.6%   209 39395s
 6668719 3902116 6640.39367   56  143 6806.00000 5674.31014  16.6%   209 39402s
 6670135 3902911 5732.00830   38  257 6806.00000 5674.33606  16.6%   209 39410s
 6671451 3903592 6197.07448   42  111 6806.00000 5674.36882  16.6%   209 39417s
 6672822 3904157 5785.91792   37  158 6806.00000 5674.38415  16.6%   209 39424s
 6673968 3904710 6469.11538   45  207 6806.00000 5674.40267  16.6%   209 39431s
 6675030 3905354     cutoff   65      6806.00000 5674.43167  16.6%   209 39438s
 6676219 3906056 6244.60430   60  204 6806.00000 5674.44976  16.6%   209 39445s
 6677489 3906760 6195.25018   60  158 6806.00000 5674.46905  16.6%   209 39452s
 6678859 3907322 6199.88587   42  259 6806.00000 5674.49405  16.6%   209 39459s
 6679956 3907950 6361.26783   40  264 6806.00000 5674.51599  16.6%   209 39466s
 6681179 3908724 6652.00000   38   82 6806.00000 5674.54046  16.6%   209 39474s
 6682506 3909496 6771.90517   56  186 6806.00000 5674.56089  16.6%   209 39480s
 6683826 3910101 5717.70286   39  282 6806.00000 5674.58667  16.6%   209 39487s
 6684918 3910807 5705.05604   36  313 6806.00000 5674.61221  16.6%   209 39494s
 6686145 3911525 5856.34628   42  196 6806.00000 5674.63408  16.6%   209 39501s
 6687408 3912078 6504.72802   53  133 6806.00000 5674.65820  16.6%   209 39508s
 6688535 3912671     cutoff   46      6806.00000 5674.67821  16.6%   209 39515s
 6689862 3913235 5874.94550   47  177 6806.00000 5674.69438  16.6%   209 39522s
 6691085 3914060 5882.49858   37  222 6806.00000 5674.72441  16.6%   209 39530s
 6692387 3914870 5803.50794   45  170 6806.00000 5674.74452  16.6%   209 39536s
 6693685 3915480 6597.74187   53  162 6806.00000 5674.76654  16.6%   209 39543s
 6694958 3916201 6494.84535   58  147 6806.00000 5674.79874  16.6%   209 39550s
 6696377 3916813 6584.47662   45  133 6806.00000 5674.82272  16.6%   209 39558s
 6697540 3917511 6315.23665   36  240 6806.00000 5674.84818  16.6%   209 39564s
 6698842 3918206 6173.84892   38  216 6806.00000 5674.87101  16.6%   209 39572s
 6700067 3918923     cutoff   57      6806.00000 5674.88696  16.6%   209 39579s
 6701359 3919695     cutoff   44      6806.00000 5674.91304  16.6%   209 39586s
 6702652 3920355 6502.12806   58  128 6806.00000 5674.94757  16.6%   209 39593s
 6703809 3920913 6795.05743   68  128 6806.00000 5674.96610  16.6%   209 39600s
 6704816 3921601 infeasible   53      6806.00000 5674.97168  16.6%   209 39607s
 6705969 3922376 6336.27371   49  179 6806.00000 5674.99899  16.6%   209 39615s
 6707290 3923044 6414.35484   39  137 6806.00000 5675.01598  16.6%   209 39622s
 6708578 3923850 6202.33259   57  185 6806.00000 5675.04937  16.6%   209 39628s
 6709898 3924553 5714.67557   38  293 6806.00000 5675.06577  16.6%   209 39636s
 6711143 3925262 6256.01699   43  210 6806.00000 5675.08981  16.6%   209 39643s
 6712399 3925995 6247.33421   35  226 6806.00000 5675.10682  16.6%   209 39650s
 6713693 3926685 6495.83276   47  223 6806.00000 5675.12082  16.6%   209 39657s
 6714994 3927354 5997.71719   42  251 6806.00000 5675.15143  16.6%   209 39664s
 6716248 3928008 infeasible   33      6806.00000 5675.17227  16.6%   209 39671s
 6717301 3928804     cutoff   64      6806.00000 5675.19456  16.6%   209 39678s
 6718613 3929485 6233.96105   42  257 6806.00000 5675.21016  16.6%   209 39685s
 6719853 3930173 infeasible   45      6806.00000 5675.22564  16.6%   209 39692s
 6721060 3930877 6455.94209   44  186 6806.00000 5675.26070  16.6%   209 39698s
 6722374 3931446 6297.04034   52  149 6806.00000 5675.28098  16.6%   209 39705s
 6723446 3932033 6489.38640   51  128 6806.00000 5675.29942  16.6%   209 39711s
 6724609 3932722 infeasible   41      6806.00000 5675.31994  16.6%   209 39718s
 6725862 3933397 6258.59844   38  180 6806.00000 5675.34589  16.6%   209 39725s
 6727059 3934174 6467.41469   37  194 6806.00000 5675.36481  16.6%   209 39732s
 6728442 3934709 5840.52521   45  207 6806.00000 5675.38699  16.6%   209 39739s
 6729492 3935302 6430.74421   44  235 6806.00000 5675.41234  16.6%   209 39746s
 6730632 3935977 6325.39816   52  139 6806.00000 5675.43334  16.6%   209 39753s
 6731847 3936729 6107.49721   57  175 6806.00000 5675.46322  16.6%   209 39761s
 6733122 3937419 6526.50149   50  185 6806.00000 5675.48462  16.6%   209 39768s
 6734347 3938000 6019.11170   35  162 6806.00000 5675.50000  16.6%   209 39774s
 6735436 3938524 6366.73776   59  211 6806.00000 5675.51562  16.6%   209 39782s
 6736649 3939149 6717.93855   49  164 6806.00000 5675.53789  16.6%   209 39789s
 6737737 3939839 6617.22123   71  259 6806.00000 5675.55389  16.6%   209 39797s
 6739043 3940748 6375.01084   50  184 6806.00000 5675.57980  16.6%   209 39804s
 6740603 3941435 6139.63238   52  145 6806.00000 5675.60000  16.6%   209 39811s
 6741823 3942143 6485.24956   49  295 6806.00000 5675.62046  16.6%   209 39818s
 6743255 3942714 5997.95285   47  193 6806.00000 5675.63714  16.6%   209 39825s
 6744291 3943404 5747.65685   38  262 6806.00000 5675.66006  16.6%   209 39832s
 6745593 3944108 6264.70958   38  344 6806.00000 5675.67143  16.6%   209 39839s
 6746899 3944765 6739.96926   53  144 6806.00000 5675.69625  16.6%   209 39846s
 6748155 3945548 6291.26304   58  111 6806.00000 5675.72978  16.6%   209 39853s
 6749458 3946042     cutoff   80      6806.00000 5675.74503  16.6%   209 39860s
 6750536 3946665 6277.00620   43  256 6806.00000 5675.77093  16.6%   209 39867s
 6751726 3947318 6279.83653   51  101 6806.00000 5675.78725  16.6%   209 39874s
 6753103 3947877 6183.86667   41   69 6806.00000 5675.80645  16.6%   209 39881s
 6754204 3948658 6185.83082   33  310 6806.00000 5675.82853  16.6%   209 39889s
 6755681 3949249 6281.19887   46  158 6806.00000 5675.85458  16.6%   209 39897s
 6756728 3950090 6380.93061   55  157 6806.00000 5675.86344  16.6%   209 39904s
 6758110 3951026 6199.23425   44  202 6806.00000 5675.88762  16.6%   209 39911s
 6759663 3951667 5885.85731   40  247 6806.00000 5675.90245  16.6%   209 39918s
 6760747 3952309 6185.66811   38  195 6806.00000 5675.92302  16.6%   209 39926s
 6761985 3953060 6432.85786   56  180 6806.00000 5675.95147  16.6%   209 39933s
 6763282 3953767 6263.18182   39  198 6806.00000 5675.97436  16.6%   209 39940s
 6764556 3954399 5949.77264   41  185 6806.00000 5675.99204  16.6%   209 39946s
 6765808 3954965 infeasible   56      6806.00000 5676.00584  16.6%   209 39954s
 6767057 3955712 6582.27967   52  138 6806.00000 5676.02347  16.6%   209 39961s
 6768366 3956344 5969.06599   38  258 6806.00000 5676.05104  16.6%   209 39967s
 6769593 3956984 5767.49889   42  300 6806.00000 5676.07272  16.6%   209 39974s
 6770700 3957815 6262.27586   44  115 6806.00000 5676.08862  16.6%   209 39981s
 6772031 3958068 6657.02344   51  224 6806.00000 5676.10312  16.6%   209 39990s
 6772442 3959877 6471.01475   52  168 6806.00000 5676.10312  16.6%   209 40010s
 6775781 3960727 6463.83558   50  175 6806.00000 5676.14008  16.6%   209 40019s
 6777388 3961573 6237.21121   43  222 6806.00000 5676.18586  16.6%   209 40027s
 6778870 3962263 6467.20893   40  229 6806.00000 5676.21535  16.6%   209 40034s
 6780130 3962920 6435.59602   42  240 6806.00000 5676.23546  16.6%   209 40042s
 6781502 3963542 6707.09467   72  179 6806.00000 5676.26737  16.6%   209 40049s
 6782750 3964338 5744.51758   47  250 6806.00000 5676.28534  16.6%   209 40057s
 6784167 3965110 6658.82090   56  193 6806.00000 5676.30643  16.6%   209 40065s
 6785515 3965825 6758.69434   83   65 6806.00000 5676.33055  16.6%   209 40072s
 6786703 3966598 6648.27329   56  181 6806.00000 5676.34825  16.6%   209 40079s
 6788107 3967267 6568.69720   49  255 6806.00000 5676.36922  16.6%   209 40087s
 6789385 3967994 6276.41274   46  185 6806.00000 5676.39933  16.6%   209 40094s
 6790670 3968802 6689.00000   53  129 6806.00000 5676.40881  16.6%   209 40101s
 6792153 3969360 6784.18205   59  178 6806.00000 5676.43597  16.6%   209 40107s
 6793208 3969893 6280.03918   45  218 6806.00000 5676.46045  16.6%   209 40113s
 6794397 3970435 6320.07767   63  130 6806.00000 5676.48398  16.6%   209 40120s
 6795463 3971085 6580.06260   41  143 6806.00000 5676.50000  16.6%   209 40127s
 6796611 3971687 6360.35326   55  156 6806.00000 5676.51000  16.6%   209 40134s
 6797857 3972289 5984.98815   48  193 6806.00000 5676.54665  16.6%   209 40141s
 6798965 3972835 infeasible   47      6806.00000 5676.56224  16.6%   209 40147s
 6800308 3973579 6139.64429   34  231 6806.00000 5676.57879  16.6%   209 40154s
 6801577 3974184 5850.30418   48  242 6806.00000 5676.60223  16.6%   209 40161s
 6802683 3974839 6340.63756   42  161 6806.00000 5676.62360  16.6%   209 40168s
 6803887 3975588 6205.84792   49  176 6806.00000 5676.65262  16.6%   209 40175s
 6805218 3976222 6315.50421   46  207 6806.00000 5676.67999  16.6%   209 40182s
 6806448 3976873 5850.48615   46  258 6806.00000 5676.70000  16.6%   209 40189s
 6807526 3977576 6250.94889   42  208 6806.00000 5676.71044  16.6%   209 40196s
 6808786 3978294 6077.81310   44  152 6806.00000 5676.73136  16.6%   209 40203s
 6810094 3979030 6537.65803   54  152 6806.00000 5676.75634  16.6%   209 40209s
 6811303 3979743 5825.00000   42   81 6806.00000 5676.77553  16.6%   209 40216s
 6812584 3980362 6211.42926   40  234 6806.00000 5676.79720  16.6%   209 40223s
 6813738 3981045     cutoff   53      6806.00000 5676.82018  16.6%   209 40230s
 6814889 3981873 6263.49626   45  173 6806.00000 5676.84313  16.6%   209 40237s
 6816251 3982761 6502.75632   47  195 6806.00000 5676.86796  16.6%   209 40244s
 6817643 3983265 5825.57109   46  237 6806.00000 5676.88837  16.6%   209 40250s
 6818781 3984044 6220.64515   40  143 6806.00000 5676.91329  16.6%   209 40257s
 6820118 3984675 5935.60365   37  143 6806.00000 5676.92341  16.6%   209 40264s
 6821313 3985498 6182.09479   50  165 6806.00000 5676.95337  16.6%   209 40270s
 6822577 3986104 5855.73053   45  322 6806.00000 5676.96814  16.6%   209 40277s
 6823684 3986797 5945.53560   42  204 6806.00000 5676.98294  16.6%   209 40284s
 6824908 3987468     cutoff   74      6806.00000 5677.00997  16.6%   209 40290s
 6826145 3988112 6301.58652   46  186 6806.00000 5677.02381  16.6%   209 40297s
 6827459 3988761 6684.26667   55  165 6806.00000 5677.04500  16.6%   209 40304s
 6828697 3989326 6173.80488   37  242 6806.00000 5677.07787  16.6%   209 40311s
 6829778 3990139 6794.00000   63  122 6806.00000 5677.08885  16.6%   209 40319s
 6831144 3990773 6413.59040   46  136 6806.00000 5677.11231  16.6%   209 40326s
 6832477 3991325 6669.22125   37  193 6806.00000 5677.12958  16.6%   209 40333s
 6833625 3991995 infeasible   46      6806.00000 5677.15753  16.6%   209 40340s
 6834889 3992633 5915.62868   45  169 6806.00000 5677.18421  16.6%   209 40348s
 6835985 3993362 5957.43839   41  238 6806.00000 5677.19679  16.6%   209 40355s
 6837331 3994126 6520.64361   41  154 6806.00000 5677.21941  16.6%   209 40363s
 6838631 3994808 6382.50246   46  151 6806.00000 5677.23949  16.6%   209 40370s
 6839982 3995479 5689.86155   38  312 6806.00000 5677.24708  16.6%   209 40377s
 6841200 3996026 6592.41612   51  183 6806.00000 5677.27500  16.6%   209 40384s
 6842229 3996726 6257.12275   42  112 6806.00000 5677.29446  16.6%   209 40391s
 6843499 3997645 5747.89361   42  246 6806.00000 5677.31815  16.6%   209 40399s
 6845005 3998476 6196.96667   44  142 6806.00000 5677.35192  16.6%   209 40406s
 6846331 3998959     cutoff   50      6806.00000 5677.37396  16.6%   209 40413s
 6847330 3999735 infeasible   56      6806.00000 5677.39893  16.6%   209 40422s
 6848838 4000329 infeasible   41      6806.00000 5677.41862  16.6%   209 40431s
 6850073 4001120 6669.14676   43  235 6806.00000 5677.43175  16.6%   209 40438s
 6851580 4001941 5704.93483   41  243 6806.00000 5677.46247  16.6%   209 40445s
 6852891 4002646 infeasible   68      6806.00000 5677.48250  16.6%   209 40452s
 6854164 4003213 infeasible   47      6806.00000 5677.50000  16.6%   209 40460s
 6855355 4003979 6588.09405   45  259 6806.00000 5677.52144  16.6%   209 40467s
 6856560 4004619 6599.00000   52  147 6806.00000 5677.54812  16.6%   209 40474s
 6857735 4005305 6192.82860   34  151 6806.00000 5677.57353  16.6%   209 40481s
 6858968 4006078 6730.70804   49  167 6806.00000 5677.60000  16.6%   209 40489s
 6860230 4006718 5749.46470   38  235 6806.00000 5677.60679  16.6%   209 40496s
 6861413 4007391 6327.43134   46  203 6806.00000 5677.61831  16.6%   209 40503s
 6862821 4007697 6318.08381   34  216 6806.00000 5677.63675  16.6%   209 40512s
 6863371 4008427 6322.22683   35  216 6806.00000 5677.63730  16.6%   209 40519s
 6864578 4009156 5923.35034   44  148 6806.00000 5677.65615  16.6%   209 40527s
 6866066 4009738 5950.01716   54  162 6806.00000 5677.68504  16.6%   209 40533s
 6867201 4010122     cutoff   46      6806.00000 5677.69140  16.6%   209 40539s
 6868201 4010916 6589.40912   51  141 6806.00000 5677.71429  16.6%   209 40545s
 6869469 4011603 6481.10116   50  150 6806.00000 5677.72683  16.6%   209 40552s
 6870682 4012122 5864.83570   39  182 6806.00000 5677.74813  16.6%   209 40558s
 6871678 4012809 6307.18747   50  191 6806.00000 5677.77030  16.6%   209 40565s
 6872858 4013471 infeasible   64      6806.00000 5677.79056  16.6%   209 40571s
 6874085 4014112 6504.56490   54  154 6806.00000 5677.81255  16.6%   209 40578s
 6875251 4014731 6769.96965   49   92 6806.00000 5677.83673  16.6%   209 40585s
 6876350 4015461 6177.33333   45  145 6806.00000 5677.85562  16.6%   209 40592s
 6877708 4016098 6273.87475   44  128 6806.00000 5677.87500  16.6%   209 40598s
 6878918 4016697 5921.52823   36  250 6806.00000 5677.89107  16.6%   209 40605s
 6880175 4017335 5790.97524   45  284 6806.00000 5677.90819  16.6%   209 40612s
 6881374 4018015 6475.47707   39  131 6806.00000 5677.92500  16.6%   209 40618s
 6882562 4018624 6394.12527   45  200 6806.00000 5677.94829  16.6%   209 40626s
 6883721 4019444     cutoff   54      6806.00000 5677.97324  16.6%   209 40633s
 6885084 4020119     cutoff   44      6806.00000 5677.99375  16.6%   209 40641s
 6886279 4020723 6418.60812   40  158 6806.00000 5678.00094  16.6%   209 40648s
 6887400 4021360 6189.28189   42  222 6806.00000 5678.01731  16.6%   209 40656s
 6888647 4021979 5956.23102   34  113 6806.00000 5678.04678  16.6%   209 40663s
 6889909 4022791 6480.24434   39  156 6806.00000 5678.07412  16.6%   209 40671s
 6891267 4023358     cutoff   40      6806.00000 5678.09915  16.6%   209 40678s
 6892343 4023968 5950.19423   37  191 6806.00000 5678.12887  16.6%   209 40685s
 6893486 4024695 6614.98741   49  195 6806.00000 5678.13163  16.6%   209 40693s
 6894799 4025459 infeasible   52      6806.00000 5678.16379  16.6%   209 40700s
 6896098 4026290 5846.32369   43  253 6806.00000 5678.17097  16.6%   209 40707s
 6897401 4027043 6568.66097   68  161 6806.00000 5678.21030  16.6%   209 40715s
 6898730 4027707 5720.67166   42  175 6806.00000 5678.22796  16.6%   209 40722s
 6899940 4028482 6391.67467   37  213 6806.00000 5678.24369  16.6%   209 40729s
 6901241 4029214 6325.01423   53  138 6806.00000 5678.28347  16.6%   209 40736s
 6902519 4029807 6389.54220   58  125 6806.00000 5678.29993  16.6%   209 40743s
 6903717 4030414     cutoff   47      6806.00000 5678.32702  16.6%   209 40750s
 6904753 4030833 6733.71229   48  184 6806.00000 5678.34043  16.6%   209 40757s
 6906114 4031285 6445.06542   50  159 6806.00000 5678.34465  16.6%   209 40764s
 6907391 4032011 5833.09638   38  213 6806.00000 5678.36632  16.6%   209 40771s
 6908756 4032644 5872.15325   44  237 6806.00000 5678.39148  16.6%   209 40778s
 6909879 4033332 6025.79446   38  240 6806.00000 5678.40506  16.6%   209 40784s
 6911083 4033953 5802.74592   32  214 6806.00000 5678.42378  16.6%   209 40791s
 6912296 4034566     cutoff   56      6806.00000 5678.43988  16.6%   209 40799s
 6913495 4035336 6299.68923   39  189 6806.00000 5678.47500  16.6%   209 40806s
 6914848 4036163 6175.23077   39  181 6806.00000 5678.49751  16.6%   209 40812s
 6916152 4036814 5889.67500   43  192 6806.00000 5678.51199  16.6%   209 40819s
 6917301 4037085 6767.32510   85  177 6806.00000 5678.51959  16.6%   209 40827s
 6917788 4037638 5743.84768   39  273 6806.00000 5678.52276  16.6%   209 40834s
 6918784 4038321 5953.73510   45   66 6806.00000 5678.54933  16.6%   209 40842s
 6920073 4038968 6370.86924   53  220 6806.00000 5678.57986  16.6%   209 40849s
 6921413 4039581 6501.03171   46  188 6806.00000 5678.60704  16.6%   209 40856s
 6922560 4040307 5802.69946   29  235 6806.00000 5678.62414  16.6%   209 40863s
 6923912 4040870 6674.41717   77  112 6806.00000 5678.64815  16.6%   209 40869s
 6925040 4041623 6202.33046   40  188 6806.00000 5678.66667  16.6%   209 40876s
 6926325 4042360 6046.00000   51  132 6806.00000 5678.69030  16.6%   209 40882s
 6927580 4042948 6663.39989   56  171 6806.00000 5678.71127  16.6%   209 40889s
 6928705 4043700 6134.06303   42  156 6806.00000 5678.73462  16.6%   209 40896s
 6929921 4044313 6611.14799   43  200 6806.00000 5678.75309  16.6%   209 40902s
 6931104 4045003 6230.82076   43  167 6806.00000 5678.77933  16.6%   209 40910s
 6932267 4045611 5899.34751   36  170 6806.00000 5678.79570  16.6%   209 40916s
 6933406 4046372 6296.65878   46  233 6806.00000 5678.80621  16.6%   209 40923s
 6934739 4047090 6033.15726   52  160 6806.00000 5678.82227  16.6%   209 40930s
 6936006 4047848 6237.20787   32  234 6806.00000 5678.84215  16.6%   209 40936s
 6937283 4048488     cutoff   71      6806.00000 5678.85266  16.6%   209 40943s
 6938469 4049107 5814.48213   47  217 6806.00000 5678.88000  16.6%   209 40950s
 6939683 4049962 6695.67353   77  156 6806.00000 5678.89941  16.6%   209 40957s
 6941096 4050459 infeasible   59      6806.00000 5678.92557  16.6%   209 40964s
 6942229 4050949     cutoff   49      6806.00000 5678.93848  16.6%   209 40972s
 6943417 4051764 infeasible   43      6806.00000 5678.95161  16.6%   209 40979s
 6944795 4052460 5770.39057   38  216 6806.00000 5678.97941  16.6%   209 40985s
 6945974 4053154 6044.58209   52  174 6806.00000 5679.00080  16.6%   209 40992s
 6947281 4053641 6201.95138   37  232 6806.00000 5679.02376  16.6%   209 40999s
 6948365 4054309 6173.36267   44  281 6806.00000 5679.05052  16.6%   209 41006s
 6949660 4054872 6366.34538   53  232 6806.00000 5679.06603  16.6%   209 41012s
 6950854 4055520     cutoff   37      6806.00000 5679.09472  16.6%   209 41019s
 6952015 4056119     cutoff   59      6806.00000 5679.12343  16.6%   209 41026s
 6953088 4056665 6275.00343   42  177 6806.00000 5679.13710  16.6%   209 41033s
 6954247 4057515 5739.45924   45  369 6806.00000 5679.14980  16.6%   209 41040s
 6955676 4058238 6267.43791   46  167 6806.00000 5679.17296  16.6%   209 41047s
 6956974 4058898 5919.90000   30  166 6806.00000 5679.18853  16.6%   209 41055s
 6958146 4059779 6594.70901   72  133 6806.00000 5679.20013  16.6%   209 41063s
 6959618 4060494 6782.77038   45  121 6806.00000 5679.22277  16.6%   209 41070s
 6961031 4061055 6037.55661   40  214 6806.00000 5679.25392  16.6%   209 41077s
 6962141 4061660 6477.39114   35  196 6806.00000 5679.26864  16.6%   209 41083s
 6963368 4062252 6160.33507   39  202 6806.00000 5679.28914  16.6%   209 41090s
 6964480 4063038 6630.12527   46  227 6806.00000 5679.30385  16.6%   209 41097s
 6965804 4063711 6621.62506   57  195 6806.00000 5679.31949  16.6%   209 41104s
 6967081 4063770 5732.12801   34  288 6806.00000 5679.34432  16.6%   209 41112s
 6967200 4064319 5770.80000   35  203 6806.00000 5679.34455  16.6%   209 41120s
 6968229 4064937 6447.79441   51  150 6806.00000 5679.35188  16.6%   209 41126s
 6969373 4065585 6189.82031   45  257 6806.00000 5679.37766  16.6%   209 41133s
 6970500 4066278 6542.00000   55  108 6806.00000 5679.39564  16.6%   209 41140s
 6971679 4067026 6658.34260   50  180 6806.00000 5679.42196  16.6%   209 41148s
 6973044 4067861 5955.60000   45  109 6806.00000 5679.44882  16.6%   209 41155s
 6974382 4068682 6351.58259   46  136 6806.00000 5679.47170  16.6%   209 41162s
 6975791 4069450 6449.80717   59  207 6806.00000 5679.50000  16.6%   209 41169s
 6977195 4070088 6248.69060   41  189 6806.00000 5679.51142  16.6%   209 41175s
 6978301 4070805 6033.09802   45  319 6806.00000 5679.53569  16.6%   209 41183s
 6979597 4071590 5868.16800   35  246 6806.00000 5679.56127  16.6%   209 41189s
 6980888 4072115 6501.15167   48  231 6806.00000 5679.57333  16.6%   209 41196s
 6982016 4072730 6643.61333   63  147 6806.00000 5679.59364  16.6%   209 41202s
 6983336 4073362     cutoff   53      6806.00000 5679.62593  16.5%   209 41209s
 6984489 4073984 6518.63260   58  242 6806.00000 5679.64387  16.5%   209 41215s
 6985649 4074511 6168.02604   38  175 6806.00000 5679.65666  16.5%   209 41222s
 6986628 4075104 5859.75138   47  270 6806.00000 5679.67079  16.5%   209 41229s
 6987759 4075850 6182.83821   37  303 6806.00000 5679.68750  16.5%   209 41235s
 6989063 4076381 5696.58457   28  299 6806.00000 5679.70559  16.5%   209 41242s
 6990321 4076924 6359.57771   34  233 6806.00000 5679.73091  16.5%   209 41249s
 6991507 4077520 6356.94498   48  201 6806.00000 5679.74748  16.5%   209 41256s
 6992668 4078187 6285.49173   45  242 6806.00000 5679.77164  16.5%   209 41263s
 6993820 4078942 6373.94923   36  229 6806.00000 5679.78997  16.5%   209 41270s
 6995130 4079592 6786.32532   49  204 6806.00000 5679.80491  16.5%   209 41277s
 6996314 4080240 6684.51644   42  182 6806.00000 5679.82045  16.5%   209 41283s
 6997537 4080880 6056.63438   33  190 6806.00000 5679.84152  16.5%   209 41291s
 6998732 4081521 6345.00000   34  154 6806.00000 5679.85714  16.5%   209 41298s
 6999890 4081961 6177.81370   33  118 6806.00000 5679.87675  16.5%   209 41304s
 7000430 4081961 6449.93648   37  232 6806.00000 5679.87993  16.5%   209 41305s
 7000853 4082576 6151.76966   44  161 6806.00000 5679.88766  16.5%   209 41312s
 7002068 4083390 5719.52388   34  321 6806.00000 5679.90802  16.5%   209 41319s
 7003388 4084105     cutoff   62      6806.00000 5679.92426  16.5%   209 41326s
 7004613 4084748     cutoff   59      6806.00000 5679.93973  16.5%   209 41333s
 7005911 4085323 6197.96015   40  204 6806.00000 5679.96842  16.5%   209 41340s
 7006978 4086000 5740.62836   47  324 6806.00000 5679.98286  16.5%   209 41348s
 7008198 4086686 5748.48892   39  293 6806.00000 5679.99775  16.5%   209 41355s
 7009436 4087453 infeasible   56      6806.00000 5680.01408  16.5%   209 41362s
 7010793 4088049 6158.22548   33  207 6806.00000 5680.03682  16.5%   209 41370s
 7011983 4088830 6725.10616   43  143 6806.00000 5680.05251  16.5%   209 41377s
 7013373 4089389     cutoff   66      6806.00000 5680.07143  16.5%   209 41384s
 7014593 4090080     cutoff   44      6806.00000 5680.09558  16.5%   209 41390s
 7015809 4090834 5774.84614   47  230 6806.00000 5680.10147  16.5%   209 41397s
 7016980 4091568 6173.66746   30  224 6806.00000 5680.11415  16.5%   209 41404s
 7018091 4092250 6567.00000   45   85 6806.00000 5680.13599  16.5%   209 41410s
 7019270 4092858 6380.81660   41  226 6806.00000 5680.16130  16.5%   209 41417s
 7020391 4093412 6448.00000   51  146 6806.00000 5680.16941  16.5%   209 41424s
 7021502 4094179 6156.47330   48  213 6806.00000 5680.20173  16.5%   209 41431s
 7022799 4094810 6687.95962   46  158 6806.00000 5680.22806  16.5%   209 41438s
 7023955 4095470 6099.59027   44  247 6806.00000 5680.25000  16.5%   209 41445s
 7025074 4096215 infeasible   45      6806.00000 5680.25923  16.5%   209 41452s
 7026372 4096821 5972.68674   47  263 6806.00000 5680.29250  16.5%   209 41459s
 7027516 4097418 5770.61520   41  245 6806.00000 5680.31341  16.5%   209 41465s
 7028738 4098077 6461.05839   40  243 6806.00000 5680.32149  16.5%   209 41473s
 7030189 4098765 6220.09600   38  275 6806.00000 5680.34403  16.5%   209 41480s
 7031617 4099347 6274.43422   48  171 6806.00000 5680.36374  16.5%   209 41486s
 7032750 4099919 6243.17693   39  159 6806.00000 5680.37789  16.5%   209 41492s
 7033765 4100510     cutoff   58      6806.00000 5680.40000  16.5%   209 41499s
 7034863 4100842 6600.08155   53  183 6806.00000 5680.41312  16.5%   209 41506s
 7035422 4101625 6609.55218   66  148 6806.00000 5680.42928  16.5%   209 41513s
 7036804 4102265 6670.44280   48  305 6806.00000 5680.44262  16.5%   209 41521s
 7038114 4102837 6198.15197   43  246 6806.00000 5680.46353  16.5%   209 41529s
 7039539 4103544 5986.85505   44  226 6806.00000 5680.49510  16.5%   209 41536s
 7040686 4104204 6236.98621   57  197 6806.00000 5680.51227  16.5%   209 41543s
 7041977 4104954 6265.27596   48  220 6806.00000 5680.54141  16.5%   209 41550s
 7043337 4105794 infeasible   55      6806.00000 5680.56579  16.5%   209 41557s
 7044739 4106424 5785.72539   30  303 6806.00000 5680.59242  16.5%   209 41564s
 7045842 4107115 6368.61836   53  207 6806.00000 5680.60000  16.5%   209 41571s
 7047071 4107860 6225.25370   38  326 6806.00000 5680.62151  16.5%   209 41579s
 7048429 4108381 6686.35566   52  116 6806.00000 5680.64548  16.5%   209 41586s
 7049624 4109091 6192.18939   34  159 6806.00000 5680.65300  16.5%   209 41593s
 7050844 4109879 6404.29571   45  170 6806.00000 5680.67831  16.5%   209 41600s
 7052248 4110569 6043.56989   47  246 6806.00000 5680.68278  16.5%   209 41607s
 7053539 4111269 5891.31045   39  204 6806.00000 5680.72594  16.5%   209 41614s
 7054687 4111891 6253.34469   34  192 6806.00000 5680.76065  16.5%   209 41622s
 7055779 4112581 6494.43137   55  178 6806.00000 5680.76673  16.5%   209 41629s
 7057050 4113284     cutoff   60      6806.00000 5680.79000  16.5%   209 41636s
 7058234 4113948 6138.95826   45  174 6806.00000 5680.80769  16.5%   209 41643s
 7059427 4114630 6098.70694   38  238 6806.00000 5680.81512  16.5%   209 41651s
 7060650 4115369     cutoff   69      6806.00000 5680.84136  16.5%   209 41658s
 7061906 4116163 6350.00000   44  153 6806.00000 5680.85820  16.5%   209 41665s
 7063238 4116856     cutoff   76      6806.00000 5680.88442  16.5%   209 41672s
 7064542 4117562 6274.49652   54   57 6806.00000 5680.90288  16.5%   209 41679s
 7065875 4118157 6131.50000   33  118 6806.00000 5680.92412  16.5%   209 41686s
 7067271 4118384 6684.82321   49  156 6806.00000 5680.93867  16.5%   209 41694s
 7067740 4120046 6457.11945   55  186 6806.00000 5680.94651  16.5%   209 41711s
 7070798 4120795 5762.47367   36  292 6806.00000 5681.00969  16.5%   209 41720s
 7072260 4121453 6369.57143   47   85 6806.00000 5681.03623  16.5%   209 41728s
 7073496 4122171 5908.39931   36  151 6806.00000 5681.06525  16.5%   209 41736s
 7074854 4122971 5812.00000   38  151 6806.00000 5681.09391  16.5%   209 41744s
 7076277 4123814 6140.00000   30  153 6806.00000 5681.12217  16.5%   209 41752s
 7077723 4124495 6278.40093   43  305 6806.00000 5681.14318  16.5%   209 41759s
 7079048 4125187 5797.88698   44  227 6806.00000 5681.16567  16.5%   209 41766s
 7080290 4125861 6077.41263   52  203 6806.00000 5681.19020  16.5%   209 41773s
 7081505 4126429 6584.00000   47  136 6806.00000 5681.20849  16.5%   209 41781s
 7082880 4127088 infeasible   37      6806.00000 5681.22363  16.5%   209 41788s
 7084189 4127878 infeasible   39      6806.00000 5681.25417  16.5%   209 41795s
 7085597 4128601 6131.08021   40  201 6806.00000 5681.27510  16.5%   209 41802s
 7086811 4129254 6569.05634   39  249 6806.00000 5681.29886  16.5%   209 41810s
 7088033 4129879 6405.32319   40  210 6806.00000 5681.30717  16.5%   209 41817s
 7089270 4130727 5868.89403   41  278 6806.00000 5681.34285  16.5%   209 41825s
 7090712 4131421 6348.72251   43  118 6806.00000 5681.35217  16.5%   209 41832s
 7092012 4132091 5999.31429   35  157 6806.00000 5681.38565  16.5%   209 41839s
 7093195 4132532 6642.00000   38   66 6806.00000 5681.40000  16.5%   209 41846s
 7094467 4133101 infeasible   46      6806.00000 5681.41900  16.5%   209 41853s
 7095575 4133743 infeasible   43      6806.00000 5681.43269  16.5%   209 41860s
 7096705 4134346 6052.25101   49  294 6806.00000 5681.44577  16.5%   209 41867s
 7097910 4134901 6312.95819   49  202 6806.00000 5681.46898  16.5%   209 41874s
 7099277 4135539 6723.00684   44  182 6806.00000 5681.47341  16.5%   209 41880s
 7100463 4136315 5815.13355   42  266 6806.00000 5681.49573  16.5%   209 41888s
 7101758 4137014 5785.17416   48  253 6806.00000 5681.51538  16.5%   209 41895s
 7103022 4137679 6247.97016   36  156 6806.00000 5681.53667  16.5%   209 41902s
 7104251 4138395 infeasible   52      6806.00000 5681.57143  16.5%   209 41909s
 7105498 4139179 infeasible   39      6806.00000 5681.58573  16.5%   209 41915s
 7106765 4139897 6394.11014   39  223 6806.00000 5681.59713  16.5%   209 41922s
 7108027 4140467 6600.00000   48   81 6806.00000 5681.61653  16.5%   209 41929s
 7109274 4141095 infeasible   40      6806.00000 5681.62500  16.5%   209 41936s
 7110525 4141651 5759.58939   39  279 6806.00000 5681.65000  16.5%   209 41942s
 7111497 4142257     cutoff   46      6806.00000 5681.66277  16.5%   209 41950s
 7112666 4143057 6578.51613   37  131 6806.00000 5681.66995  16.5%   209 41957s
 7114009 4143824 6464.00000   46  141 6806.00000 5681.70545  16.5%   209 41964s
 7115319 4144572 6286.22931   42  243 6806.00000 5681.72278  16.5%   209 41970s
 7116635 4145258 6019.07736   47  293 6806.00000 5681.74553  16.5%   209 41977s
 7117932 4145856 6293.93659   53  215 6806.00000 5681.76523  16.5%   209 41984s
 7118961 4146220 6527.02361   64  121 6806.00000 5681.78404  16.5%   209 41993s
 7119666 4146226 6355.64515   44  179 6806.00000 5681.79677  16.5%   209 42001s
 7119684 4146261 6373.23240   45  208 6806.00000 5681.79677  16.5%   209 42009s
 7119742 4146314 6502.24870   46  205 6806.00000 5681.79677  16.5%   209 42017s
 7119839 4146405 6506.17354   47  273 6806.00000 5681.79710  16.5%   209 42024s
 7119964 4146552 6512.34169   48  260 6806.00000 5681.79710  16.5%   209 42033s
 7120189 4146959 6224.14863   48  131 6806.00000 5681.80331  16.5%   209 42041s
 7120930 4147871 6269.36527   27  210 6806.00000 5681.80851  16.5%   209 42050s
 7122524 4148356 6590.63704   61  206 6806.00000 5681.84110  16.5%   209 42057s
 7123599 4149002 6347.80592   58  169 6806.00000 5681.86193  16.5%   209 42065s
 7125022 4149729 6307.10502   44  189 6806.00000 5681.88210  16.5%   209 42073s
 7126279 4150485 infeasible   58      6806.00000 5681.89430  16.5%   209 42081s
 7127601 4151138 6069.61998   42  214 6806.00000 5681.90729  16.5%   209 42088s
 7128958 4151568 infeasible   45      6806.00000 5681.90993  16.5%   209 42095s
 7130163 4152071 infeasible   47      6806.00000 5681.94551  16.5%   209 42102s
 7131251 4152412 6379.35591   45  214 6806.00000 5681.96000  16.5%   209 42111s
 7131917 4153082 6689.54840   58  176 6806.00000 5681.97836  16.5%   209 42118s
 7133103 4153849 infeasible   49      6806.00000 5682.00000  16.5%   209 42125s
 7134496 4154465 6267.68050   36  173 6806.00000 5682.01026  16.5%   209 42133s
 7135652 4155173 5859.87243   41  240 6806.00000 5682.02456  16.5%   209 42141s
 7137011 4155875 6653.90332   46  154 6806.00000 5682.05417  16.5%   209 42148s
 7138249 4156555 6580.46018   61  151 6806.00000 5682.05424  16.5%   209 42155s
 7139470 4157122 6371.78402   39  164 6806.00000 5682.10372  16.5%   209 42162s
 7140531 4157861 5974.27739   45  261 6806.00000 5682.11998  16.5%   209 42170s
 7141815 4158532 5748.57777   38  271 6806.00000 5682.13300  16.5%   209 42177s
 7143080 4159122 6392.52676   47  144 6806.00000 5682.16316  16.5%   209 42184s
 7144209 4159933 6768.29166   47  114 6806.00000 5682.17605  16.5%   209 42190s
 7145505 4160585 6060.54632   39  193 6806.00000 5682.20343  16.5%   209 42198s
 7146694 4161270 6267.46216   41  196 6806.00000 5682.22317  16.5%   209 42205s
 7147809 4161990 5898.97295   49  204 6806.00000 5682.23370  16.5%   209 42213s
 7149085 4162751 6251.00000   42  172 6806.00000 5682.25949  16.5%   209 42220s
 7150422 4163427 infeasible   47      6806.00000 5682.28800  16.5%   209 42227s
 7151568 4164057 6540.56812   69  194 6806.00000 5682.30383  16.5%   209 42234s
 7152752 4164710 5970.53721   47  289 6806.00000 5682.33160  16.5%   209 42240s
 7153976 4165529 6324.10018   51  233 6806.00000 5682.34764  16.5%   209 42248s
 7155348 4166162 6117.66245   41  140 6806.00000 5682.37688  16.5%   209 42254s
 7156677 4166759 6645.58129   56  172 6806.00000 5682.39048  16.5%   209 42261s
 7157888 4167493 infeasible   50      6806.00000 5682.41909  16.5%   209 42268s
 7159118 4168190 6565.07762   45  149 6806.00000 5682.43985  16.5%   209 42276s
 7160363 4168915 5792.50461   28  262 6806.00000 5682.45425  16.5%   209 42283s
 7161621 4169583     cutoff   54      6806.00000 5682.47751  16.5%   209 42290s
 7162861 4170399 6661.51613   70  146 6806.00000 5682.50000  16.5%   209 42297s
 7164211 4171108 6647.52335   71  175 6806.00000 5682.52006  16.5%   209 42304s
 7165456 4171800 6663.40953   49  297 6806.00000 5682.54044  16.5%   209 42310s
 7166621 4171984 6508.53222   45  202 6806.00000 5682.56661  16.5%   209 42319s
 7167046 4172544 6792.03059   45  189 6806.00000 5682.56706  16.5%   209 42326s
 7168160 4173209 5837.65853   42  228 6806.00000 5682.57317  16.5%   209 42333s
 7169433 4173998 6444.13836   36  170 6806.00000 5682.60616  16.5%   209 42340s
 7170767 4174793 6462.23625   51  151 6806.00000 5682.63480  16.5%   209 42348s
 7172123 4175526 6560.35914   60  219 6806.00000 5682.65237  16.5%   209 42355s
 7173412 4176202 6373.78413   44  165 6806.00000 5682.67500  16.5%   209 42362s
 7174611 4176939 6601.48650   41  172 6806.00000 5682.69667  16.5%   209 42370s
 7175894 4177547 6398.04148   36  196 6806.00000 5682.71674  16.5%   209 42378s
 7177112 4178321 infeasible   52      6806.00000 5682.73664  16.5%   209 42385s
 7178637 4178915 5788.89861   31  262 6806.00000 5682.74418  16.5%   209 42390s
 7179730 4179476 6676.96725   53  140 6806.00000 5682.76726  16.5%   209 42396s
 7180804 4180068 6234.99292   47  117 6806.00000 5682.78930  16.5%   209 42403s
 7181924 4180838 6352.76435   50  228 6806.00000 5682.81051  16.5%   209 42409s
 7183194 4181466 6679.79132   62  269 6806.00000 5682.82995  16.5%   209 42416s
 7184253 4182086 5944.93847   49  200 6806.00000 5682.84930  16.5%   209 42422s
 7185389 4182730 6561.47232   62  165 6806.00000 5682.86886  16.5%   209 42429s
 7186738 4183424 5713.31310   46  255 6806.00000 5682.89276  16.5%   209 42435s
 7188018 4184085 6177.91414   42  130 6806.00000 5682.90000  16.5%   209 42442s
 7189091 4184874 infeasible   63      6806.00000 5682.91706  16.5%   209 42449s
 7190386 4185607 6399.62788   40  163 6806.00000 5682.94571  16.5%   209 42455s
 7191667 4186177 5695.59613   44  264 6806.00000 5682.97277  16.5%   209 42462s
 7192733 4186843 6199.65173   35  286 6806.00000 5682.99784  16.5%   209 42469s
 7193935 4187564 6234.19463   36  143 6806.00000 5683.01909  16.5%   209 42476s
 7195180 4188249 5788.15401   42  239 6806.00000 5683.04182  16.5%   209 42483s
 7196410 4188779 5955.47463   33  163 6806.00000 5683.06415  16.5%   209 42490s
 7197618 4189458 6230.15460   55  147 6806.00000 5683.07143  16.5%   209 42497s
 7198807 4190223 6278.40012   43  191 6806.00000 5683.09307  16.5%   209 42504s
 7200166 4190874 5823.14517   42  199 6806.00000 5683.11572  16.5%   209 42511s
 7201354 4191596 6407.06504   42  188 6806.00000 5683.13930  16.5%   209 42518s
 7202490 4192309 infeasible   37      6806.00000 5683.14446  16.5%   209 42525s
 7203796 4192958 5870.01391   47  165 6806.00000 5683.17489  16.5%   209 42532s
 7205071 4193784 6237.00000   45  148 6806.00000 5683.19019  16.5%   209 42539s
 7206382 4194456 6230.99696   36  202 6806.00000 5683.20454  16.5%   209 42546s
 7207528 4195110 6116.73597   48  161 6806.00000 5683.22667  16.5%   209 42553s
 7208778 4195775 6487.73575   44  151 6806.00000 5683.24186  16.5%   209 42560s
 7210025 4196299 6509.46420   41  230 6806.00000 5683.26539  16.5%   209 42567s
 7211202 4196883 6190.36002   45  317 6806.00000 5683.29543  16.5%   209 42574s
 7212451 4197655 6285.02593   39  193 6806.00000 5683.31630  16.5%   209 42581s
 7213823 4198340 5814.79351   44  305 6806.00000 5683.33333  16.5%   209 42588s
 7214984 4199132 6315.36956   54   70 6806.00000 5683.35323  16.5%   209 42596s
 7216357 4199900 5813.50516   29  245 6806.00000 5683.37386  16.5%   209 42603s
 7217683 4200564     cutoff   49      6806.00000 5683.40513  16.5%   209 42610s
 7218791 4201112     cutoff   40      6806.00000 5683.41691  16.5%   209 42617s
 7220014 4201962 6242.13219   40  210 6806.00000 5683.43650  16.5%   209 42624s
 7221425 4202717 6765.13572   53  182 6806.00000 5683.44872  16.5%   209 42631s
 7222696 4203400     cutoff   60      6806.00000 5683.47288  16.5%   209 42638s
 7223941 4203997 6261.34076   44  215 6806.00000 5683.48815  16.5%   209 42644s
 7225165 4204552 6330.01675   47  235 6806.00000 5683.50486  16.5%   209 42651s
 7226313 4205248 5789.13087   31  204 6806.00000 5683.52727  16.5%   209 42659s
 7227424 4205851 5912.30865   41  165 6806.00000 5683.54440  16.5%   209 42666s
 7228610 4206540 infeasible   51      6806.00000 5683.54756  16.5%   209 42673s
 7230044 4207193 6710.19731   53  128 6806.00000 5683.59471  16.5%   209 42680s
 7231484 4207887 6414.06252   54  138 6806.00000 5683.60719  16.5%   209 42687s
 7232949 4208554 6628.20254   61   94 6806.00000 5683.62880  16.5%   209 42694s
 7234230 4209203 5759.99913   33  231 6806.00000 5683.65256  16.5%   209 42701s
 7235410 4209833 5843.79310   46  123 6806.00000 5683.67372  16.5%   209 42708s
 7236584 4210527 6696.66125   49  236 6806.00000 5683.68282  16.5%   209 42716s
 7238110 4211168 infeasible   45      6806.00000 5683.70449  16.5%   209 42722s
 7239252 4211832 6500.50990   61  137 6806.00000 5683.70449  16.5%   209 42729s
 7240390 4212433 6386.09025   48  126 6806.00000 5683.74398  16.5%   209 42736s
 7241629 4213211 6617.36871   56  172 6806.00000 5683.75553  16.5%   209 42743s
 7243022 4213860 6401.86885   53  147 6806.00000 5683.77567  16.5%   209 42750s
 7244185 4214440 6214.86477   44  213 6806.00000 5683.80091  16.5%   209 42757s
 7245302 4215035 5730.54244   50  249 6806.00000 5683.81400  16.5%   209 42764s
 7246246 4215775 infeasible   41      6806.00000 5683.82318  16.5%   209 42771s
 7247809 4216440 6231.10086   55  147 6806.00000 5683.82545  16.5%   209 42778s
 7249316 4217082     cutoff   52      6806.00000 5683.86085  16.5%   209 42784s
 7250562 4217794 6603.90627   68  243 6806.00000 5683.88132  16.5%   209 42791s
 7251873 4218389 6343.10769   37  204 6806.00000 5683.90000  16.5%   209 42798s
 7252996 4218976 6722.82285   60  160 6806.00000 5683.91817  16.5%   209 42806s
 7254248 4219758 6146.54634   45  207 6806.00000 5683.93923  16.5%   209 42814s
 7255637 4220374 6019.84447   53  185 6806.00000 5683.95910  16.5%   209 42821s
 7256942 4221145 6321.57197   48  208 6806.00000 5683.98326  16.5%   209 42828s
 7258381 4221386 6385.08019   94  102 6806.00000 5683.98947  16.5%   209 42836s
 7258762 4222220 6703.07988   94  127 6806.00000 5683.98947  16.5%   209 42844s
 7260047 4222943 6205.49625   42  267 6806.00000 5684.01747  16.5%   209 42852s
 7261293 4223785 5742.69923   31  283 6806.00000 5684.03875  16.5%   209 42859s
 7262739 4224396     cutoff   64      6806.00000 5684.03875  16.5%   209 42866s
 7263979 4225073 infeasible   46      6806.00000 5684.07985  16.5%   209 42873s
 7265300 4225727 5784.78051   39  161 6806.00000 5684.10000  16.5%   209 42881s
 7266717 4226365 6085.40509   50  197 6806.00000 5684.11853  16.5%   209 42888s
 7267973 4227073 6330.00377   41  179 6806.00000 5684.14428  16.5%   209 42896s
 7269276 4227737 5960.17368   35  175 6806.00000 5684.16727  16.5%   209 42903s
 7270514 4228301 6661.12769   57  162 6806.00000 5684.18132  16.5%   209 42910s
 7271676 4229212 6322.48967   49  209 6806.00000 5684.21156  16.5%   209 42918s
 7273226 4229858 5885.25196   43  202 6806.00000 5684.22829  16.5%   209 42924s
 7274509 4230642 6617.28113   70  223 6806.00000 5684.26087  16.5%   209 42931s
 7275815 4231264 6277.40065   61  185 6806.00000 5684.28072  16.5%   209 42937s
 7276956 4231916 5912.32536   37  143 6806.00000 5684.29616  16.5%   209 42944s
 7278156 4232551 5901.77964   36  230 6806.00000 5684.32273  16.5%   209 42950s
 7279329 4233159 6163.98549   40  281 6806.00000 5684.34250  16.5%   209 42956s
 7280636 4233771 6155.53038   36  263 6806.00000 5684.35725  16.5%   209 42963s
 7281760 4234281 5832.52700   43  296 6806.00000 5684.38014  16.5%   209 42969s
 7282809 4234941 infeasible   56      6806.00000 5684.39508  16.5%   209 42976s
 7283948 4235619 6573.09405   67  228 6806.00000 5684.40444  16.5%   209 42983s
 7285231 4236284 6230.17446   42  219 6806.00000 5684.43933  16.5%   209 42990s
 7286385 4236981 6445.08507   48  240 6806.00000 5684.45968  16.5%   209 42997s
 7287654 4237728 5750.31670   49  253 6806.00000 5684.46940  16.5%   209 43003s
 7289003 4238394 6368.82051   40  137 6806.00000 5684.48631  16.5%   209 43011s
 7290199 4239068 6611.97269   50  220 6806.00000 5684.50790  16.5%   209 43018s
 7291501 4239645 6290.00707   47  156 6806.00000 5684.52809  16.5%   209 43026s
 7292518 4240366 6266.07717   43  166 6806.00000 5684.54266  16.5%   209 43033s
 7293893 4241087 6273.16831   56  216 6806.00000 5684.56937  16.5%   209 43041s
 7295171 4241755 5687.60000   33  111 6806.00000 5684.58554  16.5%   209 43048s
 7296439 4242515 6338.51654   47  195 6806.00000 5684.60173  16.5%   209 43055s
 7297723 4243272 6620.19972   52  155 6806.00000 5684.62188  16.5%   209 43062s
 7299067 4243868 5833.80897   45  172 6806.00000 5684.64393  16.5%   209 43070s
 7300195 4244709     cutoff   49      6806.00000 5684.66667  16.5%   209 43077s
 7301579 4245373 6447.88235   50  148 6806.00000 5684.68417  16.5%   209 43084s
 7302932 4245934 6408.75229   42  124 6806.00000 5684.71050  16.5%   209 43092s
 7304110 4246632 6438.63285   43  186 6806.00000 5684.74270  16.5%   209 43099s
 7305241 4246831 6528.15385   41  166 6806.00000 5684.75779  16.5%   209 43107s
 7305597 4247408 6514.81034   53  199 6806.00000 5684.75779  16.5%   209 43115s
 7306674 4248119 6730.78228   50  227 6806.00000 5684.76714  16.5%   209 43122s
 7308000 4248638 6360.60235   37  223 6806.00000 5684.80000  16.5%   209 43129s
 7308921 4249322 6230.42089   57  185 6806.00000 5684.81661  16.5%   209 43136s
 7310224 4249912 6251.36742   44  131 6806.00000 5684.84353  16.5%   209 43143s
 7311452 4250710 6274.29655   41  139 6806.00000 5684.86740  16.5%   209 43150s
 7312857 4251455 infeasible   74      6806.00000 5684.88772  16.5%   209 43157s
 7314240 4252251 5793.85401   40  208 6806.00000 5684.90858  16.5%   209 43164s
 7315601 4253059 5974.71655   49  170 6806.00000 5684.92399  16.5%   209 43171s
 7316894 4253772 5720.25359   49  256 6806.00000 5684.94490  16.5%   209 43178s
 7318204 4254478 infeasible   60      6806.00000 5684.96884  16.5%   209 43185s
 7319379 4255161 infeasible   41      6806.00000 5684.98604  16.5%   209 43191s
 7320541 4255639 5995.68925   45  174 6806.00000 5685.00979  16.5%   209 43198s
 7321623 4256353 6567.40750   43  207 6806.00000 5685.02048  16.5%   209 43205s
 7322864 4257040 6506.31199   40  117 6806.00000 5685.04368  16.5%   209 43211s
 7324070 4257684 6312.35647   58  177 6806.00000 5685.06337  16.5%   209 43218s
 7325280 4258410     cutoff   69      6806.00000 5685.08363  16.5%   209 43226s
 7326629 4259044 infeasible   53      6806.00000 5685.10213  16.5%   209 43233s
 7327772 4259695 6235.50000   45  158 6806.00000 5685.12897  16.5%   209 43240s
 7328944 4260418 5764.36436   50  231 6806.00000 5685.15021  16.5%   209 43247s
 7330022 4261139 6378.71332   39  168 6806.00000 5685.15021  16.5%   209 43255s
 7331323 4261808 6621.84795   57  184 6806.00000 5685.19719  16.5%   209 43262s
 7332597 4262545 6554.78361   42  209 6806.00000 5685.20812  16.5%   209 43269s
 7333915 4263063 5846.26833   43  296 6806.00000 5685.23273  16.5%   209 43276s
 7334911 4263624 6104.04424   43  181 6806.00000 5685.24773  16.5%   209 43283s
 7336152 4264317 6379.95427   47  137 6806.00000 5685.26127  16.5%   209 43290s
 7337387 4265028 infeasible   51      6806.00000 5685.28000  16.5%   209 43297s
 7338761 4265739 infeasible   38      6806.00000 5685.30505  16.5%   209 43303s
 7340002 4266097 6633.43226   58  161 6806.00000 5685.32868  16.5%   209 43309s

Cutting planes:
  Learned: 25
  Gomory: 38
  Cover: 4417
  Implied bound: 733
  Projected implied bound: 7
  MIR: 1139
  Mixing: 1
  StrongCG: 137
  Flow cover: 1482
  Inf proof: 20
  Zero half: 30
  Network: 4
  RLT: 15
  Relax-and-lift: 176

Explored 7340831 nodes (1530625015 simplex iterations) in 43309.66 seconds (23562.75 work units)
Thread count was 12 (of 12 available processors)

Solution count 10: 6806 6842 6946 ... 7558

Solve interrupted
Best objective 6.806000000000e+03, best bound 5.686000000000e+03, gap 16.4561%
